playtime ee_desired_x ee_desired_y ee_desired_z ee_current_x ee_current_y ee_current_z q_joint_1 q_joint_2 q_joint_3 q_joint_4 q_joint_5 q_joint_6 q_joint_7
11.041 0.3 -0.012 0.52 -0.0223041 -0.000711084 0.830888 -0.000531827 -1.04897 -0.00108046 -1.57166 -0.00205519 0.544438 0.0167763
11.042 0.3 -0.012 0.52 -0.0222993 -0.000711224 0.83088 -0.000531706 -1.04898 -0.00108048 -1.57169 -0.00205617 0.544441 0.0168086
11.043 0.3 -0.012 0.52 -0.02229 -0.000711559 0.830866 -0.000531444 -1.049 -0.00108062 -1.57176 -0.0020582 0.544447 0.016841
11.044 0.3 -0.012 0.52 -0.0222762 -0.00071208 0.830844 -0.000530966 -1.04903 -0.00108087 -1.57186 -0.00206129 0.544456 0.0168739
11.045 0.3 -0.012 0.52 -0.0222582 -0.000712776 0.830816 -0.000530204 -1.04907 -0.00108119 -1.572 -0.0020654 0.544468 0.0169077
11.046 0.3 -0.012 0.52 -0.0222361 -0.000713641 0.830782 -0.000529094 -1.04912 -0.00108158 -1.57216 -0.00207052 0.544483 0.0169428
11.047 0.3 -0.012 0.52 -0.02221 -0.000714666 0.830741 -0.000527576 -1.04918 -0.00108202 -1.57236 -0.00207664 0.544501 0.0169794
11.048 0.3 -0.012 0.52 -0.02218 -0.000715845 0.830694 -0.000525597 -1.04924 -0.00108249 -1.57258 -0.00208374 0.544522 0.0170179
11.049 0.3 -0.012 0.52 -0.0221463 -0.000717171 0.830641 -0.000523106 -1.04931 -0.00108298 -1.57283 -0.0020918 0.544547 0.0170586
11.05 0.3 -0.012 0.52 -0.0221091 -0.000718638 0.830583 -0.000520061 -1.0494 -0.00108349 -1.57311 -0.0021008 0.544575 0.0171016
11.051 0.3 -0.012 0.52 -0.0220683 -0.00072024 0.830519 -0.000516418 -1.04949 -0.00108399 -1.57342 -0.00211073 0.544605 0.0171473
11.052 0.3 -0.012 0.52 -0.0220242 -0.000721972 0.83045 -0.000512141 -1.04958 -0.00108449 -1.57375 -0.00212156 0.54464 0.0171959
11.053 0.3 -0.012 0.52 -0.0219769 -0.00072383 0.830376 -0.000507197 -1.04969 -0.00108497 -1.57411 -0.00213328 0.544677 0.0172474
11.054 0.3 -0.012 0.52 -0.0219265 -0.000725808 0.830297 -0.000501556 -1.0498 -0.00108544 -1.57449 -0.00214586 0.544718 0.0173021
11.055 0.3 -0.012 0.52 -0.0218731 -0.000727902 0.830213 -0.000495193 -1.04992 -0.00108588 -1.57489 -0.00215928 0.544762 0.0173601
11.056 0.3 -0.012 0.52 -0.0218168 -0.00073011 0.830124 -0.000488083 -1.05005 -0.00108629 -1.57532 -0.00217354 0.544809 0.0174216
11.057 0.3 -0.012 0.52 -0.0217577 -0.000732426 0.830031 -0.000480208 -1.05018 -0.00108667 -1.57577 -0.00218859 0.54486 0.0174865
11.058 0.3 -0.012 0.52 -0.0216958 -0.000734849 0.829934 -0.000471551 -1.05032 -0.00108701 -1.57624 -0.00220444 0.544915 0.0175551
11.059 0.3 -0.012 0.52 -0.0216314 -0.000737374 0.829833 -0.000462097 -1.05047 -0.00108733 -1.57673 -0.00222105 0.544972 0.0176274
11.06 0.3 -0.012 0.52 -0.0215644 -0.00074 0.829727 -0.000451835 -1.05062 -0.00108761 -1.57724 -0.0022384 0.545033 0.0177035
11.061 0.3 -0.012 0.52 -0.0214951 -0.000742723 0.829618 -0.000440756 -1.05078 -0.00108786 -1.57776 -0.00225648 0.545098 0.0177833
11.062 0.3 -0.012 0.52 -0.0214234 -0.000745542 0.829504 -0.000428853 -1.05095 -0.00108807 -1.57831 -0.00227526 0.545166 0.017867
11.063 0.3 -0.012 0.52 -0.0213494 -0.000748454 0.829387 -0.000416123 -1.05112 -0.00108826 -1.57888 -0.00229472 0.545238 0.0179545
11.064 0.3 -0.012 0.52 -0.0212732 -0.000751457 0.829267 -0.000402562 -1.0513 -0.00108841 -1.57946 -0.00231485 0.545313 0.0180458
11.065 0.3 -0.012 0.52 -0.021195 -0.00075455 0.829143 -0.00038817 -1.05148 -0.00108854 -1.58006 -0.00233562 0.545392 0.018141
11.066 0.3 -0.012 0.52 -0.0211147 -0.000757731 0.829015 -0.00037295 -1.05167 -0.00108865 -1.58067 -0.00235701 0.545474 0.01824
11.067 0.3 -0.012 0.52 -0.0210325 -0.000760998 0.828885 -0.000356904 -1.05186 -0.00108874 -1.58131 -0.00237901 0.545559 0.0183428
11.068 0.3 -0.012 0.52 -0.0209484 -0.00076435 0.828751 -0.000340037 -1.05206 -0.00108881 -1.58195 -0.00240158 0.545649 0.0184494
11.069 0.3 -0.012 0.52 -0.0208624 -0.000767786 0.828615 -0.000322355 -1.05226 -0.00108888 -1.58261 -0.00242472 0.545741 0.0185596
11.07 0.3 -0.012 0.52 -0.0207748 -0.000771305 0.828475 -0.000303867 -1.05247 -0.00108893 -1.58329 -0.0024484 0.545838 0.0186736
11.071 0.3 -0.012 0.52 -0.0206854 -0.000774905 0.828333 -0.000284581 -1.05268 -0.00108899 -1.58398 -0.00247261 0.545938 0.0187912
11.072 0.3 -0.012 0.52 -0.0205944 -0.000778586 0.828188 -0.000264509 -1.0529 -0.00108905 -1.58468 -0.00249732 0.546041 0.0189123
11.073 0.3 -0.012 0.52 -0.0205019 -0.000782347 0.82804 -0.000243661 -1.05312 -0.00108912 -1.5854 -0.00252251 0.546148 0.0190369
11.074 0.3 -0.012 0.52 -0.0204078 -0.000786187 0.827889 -0.00022205 -1.05335 -0.0010892 -1.58613 -0.00254818 0.546259 0.0191649
11.075 0.3 -0.012 0.52 -0.0203123 -0.000790105 0.827737 -0.000199689 -1.05358 -0.0010893 -1.58687 -0.00257429 0.546373 0.0192963
11.076 0.3 -0.012 0.52 -0.0202154 -0.000794101 0.827581 -0.000176594 -1.05382 -0.00108942 -1.58763 -0.00260083 0.546491 0.0194308
11.077 0.3 -0.012 0.52 -0.0201172 -0.000798173 0.827424 -0.000152778 -1.05406 -0.00108957 -1.58839 -0.00262778 0.546613 0.0195686
11.078 0.3 -0.012 0.52 -0.0200176 -0.000802323 0.827264 -0.000128259 -1.0543 -0.00108976 -1.58917 -0.00265512 0.546738 0.0197093
11.079 0.3 -0.012 0.52 -0.0199168 -0.000806548 0.827102 -0.000103053 -1.05455 -0.00108999 -1.58995 -0.00268285 0.546866 0.0198531
11.08 0.3 -0.012 0.52 -0.0198149 -0.000810848 0.826938 -7.7177e-05 -1.0548 -0.00109027 -1.59075 -0.00271093 0.546999 0.0199997
11.081 0.3 -0.012 0.52 -0.0197117 -0.000815223 0.826772 -5.06487e-05 -1.05506 -0.0010906 -1.59156 -0.00273936 0.547135 0.020149
11.082 0.3 -0.012 0.52 -0.0196074 -0.000819673 0.826604 -2.34866e-05 -1.05532 -0.00109098 -1.59238 -0.00276812 0.547274 0.020301
11.083 0.3 -0.012 0.52 -0.0195021 -0.000824197 0.826434 4.29068e-06 -1.05558 -0.00109143 -1.5932 -0.00279719 0.547417 0.0204555
11.084 0.3 -0.012 0.52 -0.0193957 -0.000828794 0.826262 3.26641e-05 -1.05585 -0.00109195 -1.59404 -0.00282655 0.547564 0.0206125
11.085 0.3 -0.012 0.52 -0.0192884 -0.000833465 0.826088 6.16142e-05 -1.05612 -0.00109254 -1.59489 -0.00285619 0.547714 0.0207717
11.086 0.3 -0.012 0.52 -0.01918 -0.000838208 0.825913 9.11215e-05 -1.05639 -0.00109321 -1.59574 -0.00288611 0.547868 0.0209332
11.087 0.3 -0.012 0.52 -0.0190708 -0.000843024 0.825736 0.000121166 -1.05667 -0.00109397 -1.5966 -0.00291627 0.548025 0.0210968
11.088 0.3 -0.012 0.52 -0.0189607 -0.000847912 0.825557 0.000151728 -1.05695 -0.00109481 -1.59747 -0.00294667 0.548186 0.0212624
11.089 0.3 -0.012 0.52 -0.0188497 -0.000852872 0.825377 0.000182787 -1.05723 -0.00109575 -1.59835 -0.00297729 0.548351 0.0214298
11.09 0.3 -0.012 0.52 -0.0187379 -0.000857903 0.825195 0.000214322 -1.05752 -0.00109678 -1.59924 -0.00300812 0.548519 0.021599
11.091 0.3 -0.012 0.52 -0.0186254 -0.000863005 0.825012 0.000246314 -1.05781 -0.00109792 -1.60013 -0.00303916 0.548691 0.0217698
11.092 0.3 -0.012 0.52 -0.0185121 -0.000868178 0.824827 0.000278742 -1.0581 -0.00109917 -1.60103 -0.00307037 0.548866 0.0219421
11.093 0.3 -0.012 0.52 -0.018398 -0.00087342 0.824641 0.000311586 -1.05839 -0.00110053 -1.60194 -0.00310176 0.549045 0.0221158
11.094 0.3 -0.012 0.52 -0.0182833 -0.000878733 0.824454 0.000344826 -1.05869 -0.001102 -1.60285 -0.0031333 0.549227 0.0222909
11.095 0.3 -0.012 0.52 -0.0181678 -0.000884115 0.824265 0.00037844 -1.05899 -0.0011036 -1.60377 -0.003165 0.549413 0.0224671
11.096 0.3 -0.012 0.52 -0.0180518 -0.000889566 0.824075 0.00041241 -1.0593 -0.00110532 -1.6047 -0.00319683 0.549602 0.0226444
11.097 0.3 -0.012 0.52 -0.0179351 -0.000895086 0.823884 0.000446715 -1.05961 -0.00110716 -1.60563 -0.00322879 0.549795 0.0228226
11.098 0.3 -0.012 0.52 -0.0178178 -0.000900674 0.823692 0.000481336 -1.05991 -0.00110914 -1.60657 -0.00326086 0.549991 0.0230017
11.099 0.3 -0.012 0.52 -0.0177 -0.00090633 0.823498 0.000516252 -1.06023 -0.00111125 -1.60752 -0.00329304 0.550191 0.0231816
11.1 0.3 -0.012 0.52 -0.0175816 -0.000912053 0.823303 0.000551444 -1.06054 -0.0011135 -1.60847 -0.00332532 0.550394 0.0233621
11.101 0.3 -0.012 0.52 -0.0174627 -0.000917842 0.823108 0.000586894 -1.06086 -0.00111589 -1.60942 -0.00335768 0.550601 0.0235431
11.102 0.3 -0.012 0.52 -0.0173433 -0.000923698 0.822911 0.000622581 -1.06118 -0.00111843 -1.61038 -0.00339012 0.550811 0.0237245
11.103 0.3 -0.012 0.52 -0.0172234 -0.00092962 0.822713 0.000658487 -1.0615 -0.00112111 -1.61135 -0.00342262 0.551025 0.0239063
11.104 0.3 -0.012 0.52 -0.017103 -0.000935608 0.822515 0.000694594 -1.06182 -0.00112394 -1.61232 -0.00345519 0.551242 0.0240882
11.105 0.3 -0.012 0.52 -0.0169822 -0.00094166 0.822315 0.000730883 -1.06215 -0.00112692 -1.6133 -0.0034878 0.551462 0.0242703
11.106 0.3 -0.012 0.52 -0.016861 -0.000947776 0.822115 0.000767337 -1.06248 -0.00113005 -1.61428 -0.00352046 0.551686 0.0244525
11.107 0.3 -0.012 0.52 -0.0167394 -0.000953956 0.821913 0.000803937 -1.06281 -0.00113334 -1.61526 -0.00355316 0.551913 0.0246345
11.108 0.3 -0.012 0.52 -0.0166174 -0.000960199 0.821711 0.000840667 -1.06314 -0.00113678 -1.61625 -0.00358588 0.552144 0.0248164
11.109 0.3 -0.012 0.52 -0.016495 -0.000966504 0.821508 0.000877509 -1.06348 -0.00114039 -1.61725 -0.00361862 0.552378 0.0249981
11.11 0.3 -0.012 0.52 -0.0163722 -0.000972872 0.821304 0.000914447 -1.06382 -0.00114415 -1.61824 -0.00365138 0.552616 0.0251794
11.111 0.3 -0.012 0.52 -0.0162491 -0.000979301 0.821099 0.000951464 -1.06416 -0.00114808 -1.61924 -0.00368415 0.552856 0.0253603
11.112 0.3 -0.012 0.52 -0.0161256 -0.00098579 0.820894 0.000988544 -1.0645 -0.00115217 -1.62025 -0.00371691 0.5531 0.0255406
11.113 0.3 -0.012 0.52 -0.0160019 -0.00099234 0.820688 0.00102567 -1.06484 -0.00115642 -1.62126 -0.00374968 0.553348 0.0257204
11.114 0.3 -0.012 0.52 -0.0158778 -0.000998949 0.820481 0.00106283 -1.06519 -0.00116083 -1.62227 -0.00378243 0.553598 0.0258995
11.115 0.3 -0.012 0.52 -0.0157535 -0.00100562 0.820274 0.00110001 -1.06553 -0.00116542 -1.62329 -0.00381517 0.553852 0.0260779
11.116 0.3 -0.012 0.52 -0.0156289 -0.00101234 0.820066 0.00113719 -1.06588 -0.00117016 -1.62431 -0.00384788 0.55411 0.0262554
11.117 0.3 -0.012 0.52 -0.015504 -0.00101913 0.819857 0.00117436 -1.06623 -0.00117508 -1.62533 -0.00388058 0.55437 0.026432
11.118 0.3 -0.012 0.52 -0.0153788 -0.00102597 0.819647 0.0012115 -1.06659 -0.00118016 -1.62635 -0.00391324 0.554634 0.0266077
11.119 0.3 -0.012 0.52 -0.0152535 -0.00103286 0.819437 0.00124861 -1.06694 -0.00118541 -1.62738 -0.00394587 0.554901 0.0267823
11.12 0.3 -0.012 0.52 -0.0151278 -0.00103981 0.819227 0.00128566 -1.0673 -0.00119082 -1.62841 -0.00397845 0.555171 0.0269558
11.121 0.3 -0.012 0.52 -0.015002 -0.00104682 0.819016 0.00132265 -1.06766 -0.0011964 -1.62945 -0.004011 0.555444 0.0271281
11.122 0.3 -0.012 0.52 -0.014876 -0.00105388 0.818804 0.00135956 -1.06802 -0.00120215 -1.63049 -0.0040435 0.555721 0.0272992
11.123 0.3 -0.012 0.52 -0.0147497 -0.00106099 0.818592 0.00139639 -1.06838 -0.00120807 -1.63152 -0.00407595 0.556 0.0274691
11.124 0.3 -0.012 0.52 -0.0146233 -0.00106815 0.818379 0.00143311 -1.06874 -0.00121415 -1.63257 -0.00410835 0.556283 0.0276375
11.125 0.3 -0.012 0.52 -0.0144966 -0.00107537 0.818166 0.00146972 -1.0691 -0.0012204 -1.63361 -0.00414069 0.556569 0.0278046
11.126 0.3 -0.012 0.52 -0.0143698 -0.00108264 0.817953 0.00150621 -1.06947 -0.00122681 -1.63466 -0.00417297 0.556858 0.0279702
11.127 0.3 -0.012 0.52 -0.0142429 -0.00108995 0.817738 0.00154256 -1.06984 -0.00123338 -1.63571 -0.00420519 0.55715 0.0281343
11.128 0.3 -0.012 0.52 -0.0141157 -0.00109732 0.817524 0.00157877 -1.07021 -0.00124012 -1.63676 -0.00423735 0.557446 0.0282969
11.129 0.3 -0.012 0.52 -0.0139885 -0.00110473 0.817309 0.00161483 -1.07058 -0.00124703 -1.63782 -0.00426943 0.557744 0.0284578
11.13 0.3 -0.012 0.52 -0.013861 -0.00111219 0.817094 0.00165073 -1.07095 -0.00125409 -1.63887 -0.00430145 0.558045 0.0286171
11.131 0.3 -0.012 0.52 -0.0137335 -0.0011197 0.816878 0.00168645 -1.07132 -0.00126132 -1.63993 -0.0043334 0.55835 0.0287747
11.132 0.3 -0.012 0.52 -0.0136058 -0.00112726 0.816662 0.00172199 -1.0717 -0.0012687 -1.64099 -0.00436527 0.558657 0.0289306
11.133 0.3 -0.012 0.52 -0.0134779 -0.00113486 0.816445 0.00175734 -1.07207 -0.00127625 -1.64205 -0.00439707 0.558968 0.0290847
11.134 0.3 -0.012 0.52 -0.01335 -0.0011425 0.816228 0.0017925 -1.07245 -0.00128395 -1.64312 -0.00442879 0.559281 0.0292371
11.135 0.3 -0.012 0.52 -0.0132219 -0.00115019 0.816011 0.00182745 -1.07283 -0.00129181 -1.64418 -0.00446044 0.559597 0.0293876
11.136 0.3 -0.012 0.52 -0.0130937 -0.00115792 0.815793 0.00186219 -1.07321 -0.00129982 -1.64525 -0.004492 0.559917 0.0295362
11.137 0.3 -0.012 0.52 -0.0129655 -0.00116569 0.815575 0.00189671 -1.07359 -0.00130798 -1.64632 -0.00452348 0.560239 0.0296829
11.138 0.3 -0.012 0.52 -0.0128371 -0.0011735 0.815357 0.001931 -1.07397 -0.0013163 -1.64739 -0.00455488 0.560564 0.0298277
11.139 0.3 -0.012 0.52 -0.0127086 -0.00118136 0.815139 0.00196506 -1.07435 -0.00132477 -1.64846 -0.0045862 0.560892 0.0299705
11.14 0.3 -0.012 0.52 -0.01258 -0.00118925 0.81492 0.00199888 -1.07474 -0.00133338 -1.64953 -0.00461744 0.561223 0.0301114
11.141 0.3 -0.012 0.52 -0.0124514 -0.00119718 0.814701 0.00203245 -1.07512 -0.00134214 -1.65061 -0.00464858 0.561557 0.0302503
11.142 0.3 -0.012 0.52 -0.0123227 -0.00120515 0.814481 0.00206578 -1.07551 -0.00135105 -1.65169 -0.00467965 0.561893 0.0303871
11.143 0.3 -0.012 0.52 -0.0121939 -0.00121316 0.814262 0.00209885 -1.0759 -0.0013601 -1.65276 -0.00471062 0.562233 0.0305219
11.144 0.3 -0.012 0.52 -0.012065 -0.0012212 0.814042 0.00213166 -1.07629 -0.00136929 -1.65384 -0.00474151 0.562575 0.0306547
11.145 0.3 -0.012 0.52 -0.011936 -0.00122928 0.813822 0.0021642 -1.07668 -0.00137862 -1.65492 -0.00477232 0.56292 0.0307854
11.146 0.3 -0.012 0.52 -0.011807 -0.0012374 0.813601 0.00219647 -1.07707 -0.00138809 -1.656 -0.00480303 0.563268 0.030914
11.147 0.3 -0.012 0.52 -0.0116779 -0.00124554 0.813381 0.00222847 -1.07746 -0.0013977 -1.65709 -0.00483366 0.563618 0.0310405
11.148 0.3 -0.012 0.52 -0.0115488 -0.00125372 0.81316 0.00226019 -1.07786 -0.00140743 -1.65817 -0.0048642 0.563972 0.0311648
11.149 0.3 -0.012 0.52 -0.0114196 -0.00126194 0.812939 0.00229162 -1.07825 -0.00141731 -1.65926 -0.00489466 0.564328 0.0312871
11.15 0.3 -0.012 0.52 -0.0112903 -0.00127018 0.812717 0.00232278 -1.07864 -0.00142731 -1.66034 -0.00492502 0.564687 0.0314072
11.151 0.3 -0.012 0.52 -0.011161 -0.00127846 0.812496 0.00235364 -1.07904 -0.00143744 -1.66143 -0.0049553 0.565048 0.0315252
11.152 0.3 -0.012 0.52 -0.0110317 -0.00128677 0.812274 0.00238421 -1.07944 -0.00144769 -1.66252 -0.00498549 0.565412 0.0316411
11.153 0.3 -0.012 0.52 -0.0109023 -0.0012951 0.812052 0.00241449 -1.07984 -0.00145807 -1.66361 -0.00501559 0.565779 0.0317548
11.154 0.3 -0.012 0.52 -0.0107728 -0.00130347 0.81183 0.00244447 -1.08023 -0.00146857 -1.6647 -0.00504561 0.566148 0.0318663
11.155 0.3 -0.012 0.52 -0.0106433 -0.00131186 0.811608 0.00247415 -1.08063 -0.0014792 -1.66579 -0.00507553 0.56652 0.0319757
11.156 0.3 -0.012 0.52 -0.0105138 -0.00132028 0.811386 0.00250353 -1.08103 -0.00148994 -1.66688 -0.00510538 0.566895 0.032083
11.157 0.3 -0.012 0.52 -0.0103842 -0.00132873 0.811163 0.0025326 -1.08144 -0.00150079 -1.66797 -0.00513513 0.567272 0.0321881
11.158 0.3 -0.012 0.52 -0.0102546 -0.0013372 0.81094 0.00256137 -1.08184 -0.00151177 -1.66906 -0.0051648 0.567652 0.032291
11.159 0.3 -0.012 0.52 -0.010125 -0.0013457 0.810718 0.00258984 -1.08224 -0.00152285 -1.67016 -0.00519439 0.568034 0.0323918
11.16 0.3 -0.012 0.52 -0.0099953 -0.00135422 0.810495 0.00261799 -1.08264 -0.00153404 -1.67125 -0.00522389 0.568419 0.0324905
11.161 0.3 -0.012 0.52 -0.00986559 -0.00136277 0.810271 0.00264584 -1.08305 -0.00154535 -1.67234 -0.0052533 0.568806 0.032587
11.162 0.3 -0.012 0.52 -0.00973585 -0.00137134 0.810048 0.00267338 -1.08345 -0.00155675 -1.67344 -0.00528263 0.569196 0.0326813
11.163 0.3 -0.012 0.52 -0.00960608 -0.00137993 0.809825 0.0027006 -1.08386 -0.00156827 -1.67454 -0.00531188 0.569588 0.0327736
11.164 0.3 -0.012 0.52 -0.00947629 -0.00138854 0.809601 0.00272752 -1.08427 -0.00157988 -1.67563 -0.00534105 0.569983 0.0328637
11.165 0.3 -0.012 0.52 -0.00934646 -0.00139718 0.809378 0.00275412 -1.08467 -0.0015916 -1.67673 -0.00537014 0.57038 0.0329517
11.166 0.3 -0.012 0.52 -0.00921661 -0.00140583 0.809154 0.00278041 -1.08508 -0.00160341 -1.67783 -0.00539914 0.57078 0.0330376
11.167 0.3 -0.012 0.52 -0.00908674 -0.00141451 0.80893 0.00280639 -1.08549 -0.00161532 -1.67892 -0.00542807 0.571182 0.0331214
11.168 0.3 -0.012 0.52 -0.00895684 -0.0014232 0.808706 0.00283206 -1.0859 -0.00162732 -1.68002 -0.00545691 0.571586 0.0332032
11.169 0.3 -0.012 0.52 -0.00882691 -0.00143192 0.808482 0.00285742 -1.08631 -0.00163942 -1.68112 -0.00548568 0.571993 0.0332828
11.17 0.3 -0.012 0.52 -0.00869697 -0.00144065 0.808258 0.00288246 -1.08672 -0.0016516 -1.68222 -0.00551437 0.572402 0.0333604
11.171 0.3 -0.012 0.52 -0.008567 -0.0014494 0.808033 0.00290719 -1.08713 -0.00166388 -1.68332 -0.00554298 0.572813 0.033436
11.172 0.3 -0.012 0.52 -0.00843701 -0.00145816 0.807809 0.00293161 -1.08754 -0.00167624 -1.68442 -0.00557152 0.573227 0.0335095
11.173 0.3 -0.012 0.52 -0.008307 -0.00146695 0.807585 0.00295572 -1.08796 -0.00168869 -1.68552 -0.00559998 0.573643 0.033581
11.174 0.3 -0.012 0.52 -0.00817697 -0.00147574 0.80736 0.00297952 -1.08837 -0.00170122 -1.68662 -0.00562837 0.574061 0.0336505
11.175 0.3 -0.012 0.52 -0.00804692 -0.00148456 0.807136 0.00300301 -1.08878 -0.00171383 -1.68772 -0.00565668 0.574482 0.033718
11.176 0.3 -0.012 0.52 -0.00791685 -0.00149339 0.806911 0.00302619 -1.0892 -0.00172652 -1.68882 -0.00568492 0.574905 0.0337836
11.177 0.3 -0.012 0.52 -0.00778677 -0.00150223 0.806686 0.00304907 -1.08961 -0.00173929 -1.68992 -0.00571309 0.57533 0.0338471
11.178 0.3 -0.012 0.52 -0.00765666 -0.00151109 0.806461 0.00307164 -1.09003 -0.00175213 -1.69103 -0.00574119 0.575757 0.0339088
11.179 0.3 -0.012 0.52 -0.00752654 -0.00151996 0.806237 0.0030939 -1.09044 -0.00176505 -1.69213 -0.00576922 0.576187 0.0339685
11.18 0.3 -0.012 0.52 -0.00739639 -0.00152884 0.806012 0.00311587 -1.09086 -0.00177804 -1.69323 -0.00579717 0.576619 0.0340263
11.181 0.3 -0.012 0.52 -0.00726623 -0.00153773 0.805787 0.00313753 -1.09128 -0.0017911 -1.69433 -0.00582506 0.577052 0.0340823
11.182 0.3 -0.012 0.52 -0.00713605 -0.00154664 0.805562 0.00315889 -1.09169 -0.00180423 -1.69543 -0.00585289 0.577488 0.0341363
11.183 0.3 -0.012 0.52 -0.00700586 -0.00155556 0.805337 0.00317995 -1.09211 -0.00181743 -1.69654 -0.00588064 0.577927 0.0341885
11.184 0.3 -0.012 0.52 -0.00687565 -0.00156449 0.805111 0.00320072 -1.09253 -0.00183069 -1.69764 -0.00590833 0.578367 0.0342389
11.185 0.3 -0.012 0.52 -0.00674542 -0.00157343 0.804886 0.00322119 -1.09295 -0.00184402 -1.69874 -0.00593596 0.578809 0.0342875
11.186 0.3 -0.012 0.52 -0.00661517 -0.00158238 0.804661 0.00324136 -1.09337 -0.00185741 -1.69984 -0.00596352 0.579254 0.0343343
11.187 0.3 -0.012 0.52 -0.0064849 -0.00159134 0.804436 0.00326125 -1.09379 -0.00187086 -1.70095 -0.00599102 0.5797 0.0343793
11.188 0.3 -0.012 0.52 -0.00635462 -0.00160031 0.80421 0.00328084 -1.09421 -0.00188437 -1.70205 -0.00601846 0.580149 0.0344226
11.189 0.3 -0.012 0.52 -0.00622432 -0.00160928 0.803985 0.00330015 -1.09463 -0.00189794 -1.70315 -0.00604584 0.580599 0.0344641
11.19 0.3 -0.012 0.52 -0.006094 -0.00161827 0.80376 0.00331917 -1.09505 -0.00191156 -1.70425 -0.00607315 0.581052 0.0345039
11.191 0.3 -0.012 0.52 -0.00596366 -0.00162726 0.803534 0.00333791 -1.09547 -0.00192525 -1.70536 -0.00610041 0.581506 0.0345421
11.192 0.3 -0.012 0.52 -0.00583331 -0.00163626 0.803309 0.00335637 -1.09589 -0.00193898 -1.70646 -0.00612761 0.581963 0.0345785
11.193 0.3 -0.012 0.52 -0.00570294 -0.00164527 0.803083 0.00337454 -1.09631 -0.00195277 -1.70756 -0.00615475 0.582422 0.0346134
11.194 0.3 -0.012 0.52 -0.00557254 -0.00165429 0.802858 0.00339244 -1.09673 -0.00196661 -1.70866 -0.00618183 0.582882 0.0346466
11.195 0.3 -0.012 0.52 -0.00544213 -0.00166331 0.802632 0.00341007 -1.09715 -0.00198049 -1.70977 -0.00620886 0.583344 0.0346782
11.196 0.3 -0.012 0.52 -0.00531171 -0.00167234 0.802407 0.00342742 -1.09757 -0.00199443 -1.71087 -0.00623583 0.583809 0.0347082
11.197 0.3 -0.012 0.52 -0.00518126 -0.00168138 0.802181 0.0034445 -1.098 -0.00200842 -1.71197 -0.00626275 0.584275 0.0347366
11.198 0.3 -0.012 0.52 -0.00505079 -0.00169042 0.801956 0.00346132 -1.09842 -0.00202245 -1.71307 -0.00628961 0.584743 0.0347636
11.199 0.3 -0.012 0.52 -0.0049203 -0.00169946 0.80173 0.00347786 -1.09884 -0.00203652 -1.71417 -0.00631642 0.585213 0.034789
11.2 0.3 -0.012 0.52 -0.0047898 -0.00170851 0.801504 0.00349415 -1.09927 -0.00205064 -1.71528 -0.00634318 0.585685 0.0348129
11.201 0.3 -0.012 0.52 -0.00465927 -0.00171757 0.801279 0.00351017 -1.09969 -0.0020648 -1.71638 -0.00636989 0.586159 0.0348353
11.202 0.3 -0.012 0.52 -0.00452872 -0.00172663 0.801053 0.00352594 -1.10011 -0.002079 -1.71748 -0.00639654 0.586634 0.0348563
11.203 0.3 -0.012 0.52 -0.00439815 -0.00173569 0.800828 0.00354145 -1.10054 -0.00209325 -1.71858 -0.00642315 0.587112 0.0348758
11.204 0.3 -0.012 0.52 -0.00426756 -0.00174476 0.800602 0.0035567 -1.10096 -0.00210753 -1.71968 -0.00644971 0.587591 0.034894
11.205 0.3 -0.012 0.52 -0.00413694 -0.00175383 0.800376 0.00357171 -1.10139 -0.00212185 -1.72078 -0.00647622 0.588072 0.0349108
11.206 0.3 -0.012 0.52 -0.00400631 -0.00176291 0.800151 0.00358646 -1.10181 -0.00213621 -1.72189 -0.00650268 0.588554 0.0349262
11.207 0.3 -0.012 0.52 -0.00387565 -0.00177199 0.799925 0.00360097 -1.10224 -0.0021506 -1.72299 -0.00652909 0.589039 0.0349402
11.208 0.3 -0.012 0.52 -0.00374497 -0.00178107 0.799699 0.00361524 -1.10266 -0.00216503 -1.72409 -0.00655546 0.589525 0.0349529
11.209 0.3 -0.012 0.52 -0.00361426 -0.00179015 0.799474 0.00362927 -1.10309 -0.00217949 -1.72519 -0.00658178 0.590013 0.0349644
11.21 0.3 -0.012 0.52 -0.00348353 -0.00179924 0.799248 0.00364305 -1.10351 -0.00219399 -1.72629 -0.00660806 0.590502 0.0349745
11.211 0.3 -0.012 0.52 -0.00335278 -0.00180833 0.799022 0.0036566 -1.10394 -0.00220852 -1.72739 -0.00663429 0.590994 0.0349834
11.212 0.3 -0.012 0.52 -0.003222 -0.00181742 0.798797 0.00366992 -1.10436 -0.00222308 -1.72849 -0.00666048 0.591487 0.0349911
11.213 0.3 -0.012 0.52 -0.00309119 -0.00182652 0.798571 0.00368301 -1.10479 -0.00223767 -1.72959 -0.00668663 0.591981 0.0349976
11.214 0.3 -0.012 0.52 -0.00296036 -0.00183561 0.798345 0.00369587 -1.10522 -0.00225229 -1.73068 -0.00671273 0.592477 0.0350028
11.215 0.3 -0.012 0.52 -0.00282951 -0.00184471 0.79812 0.0037085 -1.10564 -0.00226694 -1.73178 -0.00673879 0.592975 0.0350069
11.216 0.3 -0.012 0.52 -0.00269862 -0.00185381 0.797894 0.00372091 -1.10607 -0.00228162 -1.73288 -0.00676481 0.593475 0.0350099
11.217 0.3 -0.012 0.52 -0.00256771 -0.00186291 0.797668 0.0037331 -1.10649 -0.00229632 -1.73398 -0.00679079 0.593976 0.0350117
11.218 0.3 -0.012 0.52 -0.00243677 -0.00187201 0.797443 0.00374507 -1.10692 -0.00231105 -1.73508 -0.00681673 0.594479 0.0350124
11.219 0.3 -0.012 0.52 -0.0023058 -0.00188111 0.797217 0.00375682 -1.10735 -0.00232581 -1.73617 -0.00684263 0.594983 0.035012
11.22 0.3 -0.012 0.52 -0.00217481 -0.00189021 0.796992 0.00376837 -1.10777 -0.0023406 -1.73727 -0.00686849 0.595489 0.0350105
11.221 0.3 -0.012 0.52 -0.00204378 -0.00189931 0.796766 0.0037797 -1.1082 -0.0023554 -1.73837 -0.00689431 0.595996 0.035008
11.222 0.3 -0.012 0.52 -0.00191273 -0.00190842 0.796541 0.00379082 -1.10863 -0.00237024 -1.73947 -0.00692009 0.596505 0.0350045
11.223 0.3 -0.012 0.52 -0.00178164 -0.00191752 0.796315 0.00380174 -1.10905 -0.00238509 -1.74056 -0.00694584 0.597015 0.0349999
11.224 0.3 -0.012 0.52 -0.00165052 -0.00192663 0.796089 0.00381245 -1.10948 -0.00239997 -1.74166 -0.00697155 0.597527 0.0349944
11.225 0.3 -0.012 0.52 -0.00151937 -0.00193573 0.795864 0.00382296 -1.10991 -0.00241487 -1.74275 -0.00699722 0.59804 0.0349879
11.226 0.3 -0.012 0.52 -0.00138819 -0.00194483 0.795638 0.00383328 -1.11033 -0.0024298 -1.74385 -0.00702285 0.598555 0.0349805
11.227 0.3 -0.012 0.52 -0.00125698 -0.00195394 0.795413 0.0038434 -1.11076 -0.00244474 -1.74494 -0.00704845 0.599072 0.0349721
11.228 0.3 -0.012 0.52 -0.00112573 -0.00196304 0.795188 0.00385333 -1.11119 -0.00245971 -1.74604 -0.00707401 0.599589 0.0349628
11.229 0.3 -0.012 0.52 -0.000994454 -0.00197215 0.794962 0.00386306 -1.11161 -0.00247469 -1.74713 -0.00709954 0.600109 0.0349526
11.23 0.3 -0.012 0.52 -0.000863141 -0.00198125 0.794737 0.00387261 -1.11204 -0.0024897 -1.74822 -0.00712504 0.600629 0.0349415
11.231 0.3 -0.012 0.52 -0.000731793 -0.00199035 0.794511 0.00388197 -1.11247 -0.00250472 -1.74932 -0.00715049 0.601151 0.0349296
11.232 0.3 -0.012 0.52 -0.00060041 -0.00199945 0.794286 0.00389114 -1.11289 -0.00251976 -1.75041 -0.00717592 0.601675 0.0349169
11.233 0.3 -0.012 0.52 -0.000468991 -0.00200855 0.794061 0.00390014 -1.11332 -0.00253483 -1.7515 -0.00720131 0.602199 0.0349033
11.234 0.3 -0.012 0.52 -0.000337537 -0.00201766 0.793835 0.00390895 -1.11375 -0.00254991 -1.75259 -0.00722667 0.602725 0.0348889
11.235 0.3 -0.012 0.52 -0.000206046 -0.00202675 0.79361 0.00391759 -1.11417 -0.002565 -1.75369 -0.00725199 0.603253 0.0348738
11.236 0.3 -0.012 0.52 -7.45173e-05 -0.00203585 0.793385 0.00392606 -1.1146 -0.00258012 -1.75478 -0.00727729 0.603782 0.0348578
11.237 0.3 -0.012 0.52 5.70484e-05 -0.00204495 0.79316 0.00393435 -1.11503 -0.00259525 -1.75587 -0.00730255 0.604312 0.0348412
11.238 0.3 -0.012 0.52 0.000188652 -0.00205405 0.792934 0.00394247 -1.11545 -0.00261039 -1.75696 -0.00732777 0.604843 0.0348238
11.239 0.3 -0.012 0.52 0.000320295 -0.00206314 0.792709 0.00395042 -1.11588 -0.00262556 -1.75805 -0.00735297 0.605376 0.0348056
11.24 0.3 -0.012 0.52 0.000451976 -0.00207224 0.792484 0.00395821 -1.1163 -0.00264073 -1.75914 -0.00737813 0.60591 0.0347868
11.241 0.3 -0.012 0.52 0.000583697 -0.00208133 0.792259 0.00396584 -1.11673 -0.00265593 -1.76022 -0.00740327 0.606446 0.0347673
11.242 0.3 -0.012 0.52 0.000715458 -0.00209042 0.792034 0.0039733 -1.11716 -0.00267114 -1.76131 -0.00742837 0.606982 0.0347471
11.243 0.3 -0.012 0.52 0.00084726 -0.00209951 0.791809 0.00398061 -1.11758 -0.00268636 -1.7624 -0.00745344 0.60752 0.0347263
11.244 0.3 -0.012 0.52 0.000979102 -0.0021086 0.791584 0.00398775 -1.11801 -0.0027016 -1.76349 -0.00747848 0.608059 0.0347048
11.245 0.3 -0.012 0.52 0.00111099 -0.00211769 0.791359 0.00399475 -1.11843 -0.00271685 -1.76457 -0.00750349 0.6086 0.0346827
11.246 0.3 -0.012 0.52 0.00124291 -0.00212678 0.791134 0.00400159 -1.11886 -0.00273212 -1.76566 -0.00752847 0.609141 0.03466
11.247 0.3 -0.012 0.52 0.00137488 -0.00213586 0.790909 0.00400828 -1.11928 -0.0027474 -1.76675 -0.00755343 0.609684 0.0346367
11.248 0.3 -0.012 0.52 0.00150689 -0.00214494 0.790684 0.00401482 -1.11971 -0.00276269 -1.76783 -0.00757835 0.610228 0.0346129
11.249 0.3 -0.012 0.52 0.00163895 -0.00215403 0.790459 0.00402121 -1.12013 -0.002778 -1.76892 -0.00760324 0.610773 0.0345885
11.25 0.3 -0.012 0.52 0.00177105 -0.00216311 0.790234 0.00402746 -1.12056 -0.00279332 -1.77 -0.0076281 0.611319 0.0345635
11.251 0.3 -0.012 0.52 0.00190319 -0.00217218 0.790009 0.00403357 -1.12098 -0.00280866 -1.77108 -0.00765293 0.611867 0.034538
11.252 0.3 -0.012 0.52 0.00203538 -0.00218126 0.789785 0.00403953 -1.12141 -0.002824 -1.77217 -0.00767774 0.612415 0.034512
11.253 0.3 -0.012 0.52 0.00216761 -0.00219034 0.78956 0.00404536 -1.12183 -0.00283936 -1.77325 -0.00770251 0.612965 0.0344855
11.254 0.3 -0.012 0.52 0.00229989 -0.00219941 0.789335 0.00405105 -1.12226 -0.00285473 -1.77433 -0.00772726 0.613516 0.0344584
11.255 0.3 -0.012 0.52 0.00243221 -0.00220848 0.78911 0.00405661 -1.12268 -0.00287012 -1.77541 -0.00775198 0.614068 0.034431
11.256 0.3 -0.012 0.52 0.00256459 -0.00221755 0.788886 0.00406203 -1.12311 -0.00288551 -1.7765 -0.00777667 0.614621 0.034403
11.257 0.3 -0.012 0.52 0.002697 -0.00222662 0.788661 0.00406732 -1.12353 -0.00290092 -1.77758 -0.00780133 0.615175 0.0343746
11.258 0.3 -0.012 0.52 0.00282947 -0.00223569 0.788437 0.00407248 -1.12395 -0.00291634 -1.77866 -0.00782596 0.61573 0.0343457
11.259 0.3 -0.012 0.52 0.00296198 -0.00224475 0.788212 0.00407752 -1.12438 -0.00293177 -1.77974 -0.00785057 0.616287 0.0343165
11.26 0.3 -0.012 0.52 0.00309455 -0.00225382 0.787988 0.00408242 -1.1248 -0.00294722 -1.78081 -0.00787515 0.616844 0.0342868
11.261 0.3 -0.012 0.52 0.00322716 -0.00226288 0.787763 0.00408721 -1.12522 -0.00296267 -1.78189 -0.0078997 0.617402 0.0342567
11.262 0.3 -0.012 0.52 0.00335982 -0.00227194 0.787539 0.00409187 -1.12565 -0.00297814 -1.78297 -0.00792422 0.617962 0.0342262
11.263 0.3 -0.012 0.52 0.00349253 -0.002281 0.787314 0.00409641 -1.12607 -0.00299362 -1.78405 -0.00794871 0.618522 0.0341953
11.264 0.3 -0.012 0.52 0.00362529 -0.00229005 0.78709 0.00410083 -1.12649 -0.00300911 -1.78513 -0.00797318 0.619083 0.0341641
11.265 0.3 -0.012 0.52 0.0037581 -0.00229911 0.786866 0.00410514 -1.12691 -0.00302461 -1.7862 -0.00799762 0.619646 0.0341325
11.266 0.3 -0.012 0.52 0.00389096 -0.00230816 0.786642 0.00410932 -1.12733 -0.00304012 -1.78728 -0.00802203 0.620209 0.0341006
11.267 0.3 -0.012 0.52 0.00402387 -0.00231721 0.786417 0.0041134 -1.12776 -0.00305565 -1.78835 -0.00804641 0.620774 0.0340684
11.268 0.3 -0.012 0.52 0.00415683 -0.00232626 0.786193 0.00411736 -1.12818 -0.00307118 -1.78943 -0.00807077 0.621339 0.0340358
11.269 0.3 -0.012 0.52 0.00428985 -0.00233531 0.785969 0.00412121 -1.1286 -0.00308673 -1.7905 -0.00809509 0.621905 0.0340029
11.27 0.3 -0.012 0.52 0.00442292 -0.00234435 0.785745 0.00412495 -1.12902 -0.00310228 -1.79157 -0.0081194 0.622473 0.0339697
11.271 0.3 -0.012 0.52 0.00455604 -0.0023534 0.785521 0.00412859 -1.12944 -0.00311785 -1.79265 -0.00814367 0.623041 0.0339362
11.272 0.3 -0.012 0.52 0.00468921 -0.00236244 0.785297 0.00413212 -1.12986 -0.00313343 -1.79372 -0.00816792 0.62361 0.0339024
11.273 0.3 -0.012 0.52 0.00482244 -0.00237148 0.785073 0.00413554 -1.13028 -0.00314902 -1.79479 -0.00819214 0.62418 0.0338684
11.274 0.3 -0.012 0.52 0.00495572 -0.00238052 0.784849 0.00413886 -1.1307 -0.00316462 -1.79586 -0.00821633 0.624751 0.033834
11.275 0.3 -0.012 0.52 0.00508905 -0.00238956 0.784625 0.00414208 -1.13112 -0.00318023 -1.79693 -0.00824049 0.625323 0.0337995
11.276 0.3 -0.012 0.52 0.00522244 -0.00239859 0.784401 0.00414519 -1.13154 -0.00319586 -1.798 -0.00826463 0.625896 0.0337647
11.277 0.3 -0.012 0.52 0.00535589 -0.00240762 0.784177 0.00414821 -1.13196 -0.00321149 -1.79907 -0.00828874 0.626469 0.0337296
11.278 0.3 -0.012 0.52 0.00548939 -0.00241666 0.783954 0.00415113 -1.13237 -0.00322714 -1.80014 -0.00831282 0.627044 0.0336944
11.279 0.3 -0.012 0.52 0.00562294 -0.00242569 0.78373 0.00415396 -1.13279 -0.00324279 -1.80121 -0.00833688 0.627619 0.0336589
11.28 0.3 -0.012 0.52 0.00575655 -0.00243471 0.783506 0.00415669 -1.13321 -0.00325846 -1.80227 -0.00836091 0.628195 0.0336232
11.281 0.3 -0.012 0.52 0.00589022 -0.00244374 0.783283 0.00415932 -1.13363 -0.00327414 -1.80334 -0.00838491 0.628772 0.0335873
11.282 0.3 -0.012 0.52 0.00602394 -0.00245277 0.783059 0.00416187 -1.13404 -0.00328983 -1.80441 -0.00840888 0.62935 0.0335512
11.283 0.3 -0.012 0.52 0.00615772 -0.00246179 0.782835 0.00416432 -1.13446 -0.00330553 -1.80547 -0.00843283 0.629929 0.0335149
11.284 0.3 -0.012 0.52 0.00629156 -0.00247081 0.782612 0.00416668 -1.13488 -0.00332124 -1.80654 -0.00845674 0.630508 0.0334785
11.285 0.3 -0.012 0.52 0.00642545 -0.00247983 0.782388 0.00416896 -1.13529 -0.00333696 -1.8076 -0.00848064 0.631089 0.0334419
11.286 0.3 -0.012 0.52 0.00655941 -0.00248885 0.782165 0.00417114 -1.13571 -0.00335269 -1.80866 -0.0085045 0.63167 0.0334051
11.287 0.3 -0.012 0.52 0.00669342 -0.00249787 0.781942 0.00417325 -1.13612 -0.00336844 -1.80973 -0.00852834 0.632252 0.0333681
11.288 0.3 -0.012 0.52 0.00682748 -0.00250688 0.781718 0.00417526 -1.13654 -0.00338419 -1.81079 -0.00855215 0.632834 0.0333311
11.289 0.3 -0.012 0.52 0.00696161 -0.0025159 0.781495 0.0041772 -1.13695 -0.00339996 -1.81185 -0.00857593 0.633418 0.0332938
11.29 0.3 -0.012 0.52 0.0070958 -0.00252491 0.781272 0.00417905 -1.13737 -0.00341574 -1.81291 -0.00859968 0.634002 0.0332565
11.291 0.3 -0.012 0.52 0.00723004 -0.00253392 0.781049 0.00418081 -1.13778 -0.00343153 -1.81397 -0.00862341 0.634587 0.033219
11.292 0.3 -0.012 0.52 0.00736435 -0.00254293 0.780825 0.0041825 -1.1382 -0.00344733 -1.81503 -0.00864711 0.635172 0.0331814
11.293 0.3 -0.012 0.52 0.00749871 -0.00255194 0.780602 0.00418411 -1.13861 -0.00346314 -1.81609 -0.00867078 0.635759 0.0331437
11.294 0.3 -0.012 0.52 0.00763313 -0.00256094 0.780379 0.00418565 -1.13902 -0.00347896 -1.81715 -0.00869442 0.636346 0.0331059
11.295 0.3 -0.012 0.52 0.00776762 -0.00256995 0.780156 0.0041871 -1.13944 -0.0034948 -1.81821 -0.00871803 0.636934 0.033068
11.296 0.3 -0.012 0.52 0.00790216 -0.00257895 0.779933 0.00418848 -1.13985 -0.00351065 -1.81926 -0.00874162 0.637522 0.0330299
11.297 0.3 -0.012 0.52 0.00803677 -0.00258795 0.77971 0.00418978 -1.14026 -0.0035265 -1.82032 -0.00876518 0.638111 0.0329919
11.298 0.3 -0.012 0.52 0.00817144 -0.00259695 0.779487 0.00419101 -1.14067 -0.00354237 -1.82137 -0.00878871 0.638701 0.0329537
11.299 0.3 -0.012 0.52 0.00830616 -0.00260595 0.779265 0.00419217 -1.14108 -0.00355826 -1.82243 -0.00881222 0.639292 0.0329154
11.3 0.3 -0.012 0.52 0.00844095 -0.00261495 0.779042 0.00419326 -1.14149 -0.00357415 -1.82348 -0.00883569 0.639883 0.0328771
11.301 0.3 -0.012 0.52 0.0085758 -0.00262395 0.778819 0.00419427 -1.1419 -0.00359005 -1.82454 -0.00885914 0.640475 0.0328387
11.302 0.3 -0.012 0.52 0.00871072 -0.00263294 0.778596 0.00419522 -1.14231 -0.00360597 -1.82559 -0.00888256 0.641068 0.0328002
11.303 0.3 -0.012 0.52 0.00884569 -0.00264193 0.778374 0.00419609 -1.14272 -0.0036219 -1.82664 -0.00890595 0.641661 0.0327617
11.304 0.3 -0.012 0.52 0.00898073 -0.00265092 0.778151 0.0041969 -1.14313 -0.00363784 -1.82769 -0.00892931 0.642255 0.0327232
11.305 0.3 -0.012 0.52 0.00911583 -0.00265991 0.777929 0.00419764 -1.14354 -0.00365379 -1.82875 -0.00895265 0.642849 0.0326846
11.306 0.3 -0.012 0.52 0.00925099 -0.0026689 0.777706 0.00419832 -1.14395 -0.00366976 -1.8298 -0.00897595 0.643444 0.0326459
11.307 0.3 -0.012 0.52 0.00938621 -0.00267789 0.777484 0.00419893 -1.14436 -0.00368574 -1.83085 -0.00899923 0.64404 0.0326072
11.308 0.3 -0.012 0.52 0.0095215 -0.00268688 0.777261 0.00419948 -1.14476 -0.00370173 -1.8319 -0.00902248 0.644636 0.0325685
11.309 0.3 -0.012 0.52 0.00965685 -0.00269586 0.777039 0.00419996 -1.14517 -0.00371773 -1.83294 -0.0090457 0.645233 0.0325298
11.31 0.3 -0.012 0.52 0.00979227 -0.00270485 0.776816 0.00420038 -1.14558 -0.00373374 -1.83399 -0.00906889 0.645831 0.032491
11.311 0.3 -0.012 0.52 0.00992775 -0.00271383 0.776594 0.00420074 -1.14598 -0.00374977 -1.83504 -0.00909205 0.646429 0.0324523
11.312 0.3 -0.012 0.52 0.0100633 -0.00272281 0.776372 0.00420103 -1.14639 -0.00376581 -1.83608 -0.00911518 0.647028 0.0324135
11.313 0.3 -0.012 0.52 0.0101989 -0.00273179 0.77615 0.00420127 -1.14679 -0.00378186 -1.83713 -0.00913829 0.647627 0.0323747
11.314 0.3 -0.012 0.52 0.0103346 -0.00274077 0.775928 0.00420145 -1.1472 -0.00379792 -1.83817 -0.00916136 0.648227 0.0323359
11.315 0.3 -0.012 0.52 0.0104703 -0.00274975 0.775705 0.00420157 -1.1476 -0.003814 -1.83922 -0.00918441 0.648827 0.0322971
11.316 0.3 -0.012 0.52 0.0106061 -0.00275872 0.775483 0.00420163 -1.14801 -0.00383009 -1.84026 -0.00920743 0.649428 0.0322583
11.317 0.3 -0.012 0.52 0.010742 -0.0027677 0.775261 0.00420163 -1.14841 -0.00384619 -1.84131 -0.00923042 0.65003 0.0322195
11.318 0.3 -0.012 0.52 0.0108779 -0.00277667 0.775039 0.00420158 -1.14881 -0.0038623 -1.84235 -0.00925338 0.650632 0.0321807
11.319 0.3 -0.012 0.52 0.0110139 -0.00278564 0.774817 0.00420147 -1.14921 -0.00387843 -1.84339 -0.00927631 0.651234 0.0321419
11.32 0.3 -0.012 0.52 0.01115 -0.00279461 0.774596 0.00420131 -1.14962 -0.00389457 -1.84443 -0.00929921 0.651837 0.0321032
11.321 0.3 -0.012 0.52 0.0112861 -0.00280358 0.774374 0.0042011 -1.15002 -0.00391072 -1.84547 -0.00932208 0.652441 0.0320645
11.322 0.3 -0.012 0.52 0.0114223 -0.00281255 0.774152 0.00420083 -1.15042 -0.00392689 -1.84651 -0.00934492 0.653045 0.0320257
11.323 0.3 -0.012 0.52 0.0115585 -0.00282152 0.77393 0.0042005 -1.15082 -0.00394307 -1.84755 -0.00936773 0.65365 0.0319871
11.324 0.3 -0.012 0.52 0.0116949 -0.00283048 0.773709 0.00420013 -1.15122 -0.00395926 -1.84859 -0.00939051 0.654255 0.0319484
11.325 0.3 -0.012 0.52 0.0118312 -0.00283945 0.773487 0.0041997 -1.15162 -0.00397547 -1.84962 -0.00941327 0.654861 0.0319098
11.326 0.3 -0.012 0.52 0.0119677 -0.00284841 0.773265 0.00419923 -1.15202 -0.00399169 -1.85066 -0.00943599 0.655467 0.0318712
11.327 0.3 -0.012 0.52 0.0121042 -0.00285737 0.773044 0.0041987 -1.15242 -0.00400792 -1.8517 -0.00945868 0.656073 0.0318326
11.328 0.3 -0.012 0.52 0.0122408 -0.00286634 0.772822 0.00419812 -1.15281 -0.00402417 -1.85273 -0.00948135 0.65668 0.0317941
11.329 0.3 -0.012 0.52 0.0123775 -0.0028753 0.772601 0.0041975 -1.15321 -0.00404042 -1.85377 -0.00950398 0.657288 0.0317557
11.33 0.3 -0.012 0.52 0.0125142 -0.00288425 0.77238 0.00419683 -1.15361 -0.0040567 -1.8548 -0.00952658 0.657896 0.0317173
11.331 0.3 -0.012 0.52 0.012651 -0.00289321 0.772158 0.00419611 -1.15401 -0.00407298 -1.85583 -0.00954916 0.658504 0.0316789
11.332 0.3 -0.012 0.52 0.0127878 -0.00290217 0.771937 0.00419534 -1.1544 -0.00408928 -1.85687 -0.0095717 0.659113 0.0316406
11.333 0.3 -0.012 0.52 0.0129247 -0.00291112 0.771716 0.00419452 -1.1548 -0.00410559 -1.8579 -0.00959421 0.659722 0.0316023
11.334 0.3 -0.012 0.52 0.0130617 -0.00292008 0.771494 0.00419366 -1.15519 -0.00412192 -1.85893 -0.0096167 0.660332 0.0315641
11.335 0.3 -0.012 0.52 0.0131988 -0.00292903 0.771273 0.00419276 -1.15559 -0.00413826 -1.85996 -0.00963915 0.660942 0.0315259
11.336 0.3 -0.012 0.52 0.0133359 -0.00293798 0.771052 0.00419181 -1.15598 -0.00415462 -1.86099 -0.00966157 0.661553 0.0314878
11.337 0.3 -0.012 0.52 0.0134731 -0.00294693 0.770831 0.00419081 -1.15638 -0.00417098 -1.86202 -0.00968397 0.662164 0.0314498
11.338 0.3 -0.012 0.52 0.0136103 -0.00295588 0.77061 0.00418978 -1.15677 -0.00418736 -1.86305 -0.00970633 0.662775 0.0314118
11.339 0.3 -0.012 0.52 0.0137477 -0.00296483 0.770389 0.0041887 -1.15716 -0.00420376 -1.86407 -0.00972866 0.663387 0.0313739
11.34 0.3 -0.012 0.52 0.0138851 -0.00297378 0.770168 0.00418757 -1.15755 -0.00422017 -1.8651 -0.00975096 0.663999 0.0313361
11.341 0.3 -0.012 0.52 0.0140225 -0.00298272 0.769947 0.00418641 -1.15794 -0.00423659 -1.86613 -0.00977323 0.664612 0.0312983
11.342 0.3 -0.012 0.52 0.01416 -0.00299167 0.769727 0.0041852 -1.15834 -0.00425303 -1.86715 -0.00979547 0.665225 0.0312606
11.343 0.3 -0.012 0.52 0.0142976 -0.00300061 0.769506 0.00418395 -1.15873 -0.00426948 -1.86818 -0.00981768 0.665838 0.031223
11.344 0.3 -0.012 0.52 0.0144353 -0.00300955 0.769285 0.00418266 -1.15912 -0.00428595 -1.8692 -0.00983986 0.666452 0.0311855
11.345 0.3 -0.012 0.52 0.014573 -0.00301849 0.769064 0.00418134 -1.15951 -0.00430243 -1.87022 -0.00986201 0.667066 0.031148
11.346 0.3 -0.012 0.52 0.0147108 -0.00302743 0.768844 0.00417997 -1.15989 -0.00431892 -1.87125 -0.00988412 0.667681 0.0311106
11.347 0.3 -0.012 0.52 0.0148487 -0.00303637 0.768623 0.00417856 -1.16028 -0.00433543 -1.87227 -0.00990621 0.668296 0.0310733
11.348 0.3 -0.012 0.52 0.0149866 -0.00304531 0.768403 0.00417711 -1.16067 -0.00435195 -1.87329 -0.00992827 0.668911 0.0310361
11.349 0.3 -0.012 0.52 0.0151246 -0.00305425 0.768182 0.00417563 -1.16106 -0.00436848 -1.87431 -0.00995029 0.669526 0.0309989
11.35 0.3 -0.012 0.52 0.0152627 -0.00306318 0.767962 0.00417411 -1.16145 -0.00438503 -1.87533 -0.00997229 0.670142 0.0309619
11.351 0.3 -0.012 0.52 0.0154008 -0.00307211 0.767741 0.00417255 -1.16183 -0.0044016 -1.87635 -0.00999425 0.670759 0.0309249
11.352 0.3 -0.012 0.52 0.0155391 -0.00308105 0.767521 0.00417095 -1.16222 -0.00441818 -1.87736 -0.0100162 0.671375 0.030888
11.353 0.3 -0.012 0.52 0.0156773 -0.00308998 0.767301 0.00416932 -1.1626 -0.00443477 -1.87838 -0.0100381 0.671992 0.0308512
11.354 0.3 -0.012 0.52 0.0158157 -0.00309891 0.767081 0.00416765 -1.16299 -0.00445138 -1.8794 -0.01006 0.672609 0.0308145
11.355 0.3 -0.012 0.52 0.0159541 -0.00310784 0.76686 0.00416595 -1.16337 -0.004468 -1.88041 -0.0100818 0.673227 0.0307778
11.356 0.3 -0.012 0.52 0.0160926 -0.00311677 0.76664 0.00416421 -1.16375 -0.00448464 -1.88143 -0.0101036 0.673845 0.0307413
11.357 0.3 -0.012 0.52 0.0162311 -0.00312569 0.76642 0.00416243 -1.16414 -0.00450129 -1.88244 -0.0101254 0.674463 0.0307048
11.358 0.3 -0.012 0.52 0.0163697 -0.00313462 0.7662 0.00416062 -1.16452 -0.00451795 -1.88346 -0.0101471 0.675081 0.0306685
11.359 0.3 -0.012 0.52 0.0165084 -0.00314354 0.76598 0.00415878 -1.1649 -0.00453463 -1.88447 -0.0101688 0.6757 0.0306322
11.36 0.3 -0.012 0.52 0.0166472 -0.00315246 0.76576 0.0041569 -1.16528 -0.00455133 -1.88548 -0.0101905 0.676319 0.030596
11.361 0.3 -0.012 0.52 0.016786 -0.00316139 0.76554 0.00415499 -1.16566 -0.00456803 -1.8865 -0.0102122 0.676939 0.03056
11.362 0.3 -0.012 0.52 0.0169249 -0.00317031 0.76532 0.00415305 -1.16604 -0.00458476 -1.88751 -0.0102338 0.677558 0.030524
11.363 0.3 -0.012 0.52 0.0170639 -0.00317922 0.765101 0.00415107 -1.16642 -0.00460149 -1.88852 -0.0102554 0.678178 0.0304881
11.364 0.3 -0.012 0.52 0.0172029 -0.00318814 0.764881 0.00414906 -1.1668 -0.00461825 -1.88953 -0.010277 0.678799 0.0304523
11.365 0.3 -0.012 0.52 0.017342 -0.00319706 0.764661 0.00414702 -1.16718 -0.00463501 -1.89053 -0.0102985 0.679419 0.0304166
11.366 0.3 -0.012 0.52 0.0174811 -0.00320597 0.764441 0.00414495 -1.16756 -0.00465179 -1.89154 -0.01032 0.68004 0.030381
11.367 0.3 -0.012 0.52 0.0176204 -0.00321489 0.764222 0.00414285 -1.16794 -0.00466859 -1.89255 -0.0103414 0.680661 0.0303455
11.368 0.3 -0.012 0.52 0.0177597 -0.0032238 0.764002 0.00414071 -1.16831 -0.0046854 -1.89356 -0.0103629 0.681282 0.0303101
11.369 0.3 -0.012 0.52 0.0178991 -0.00323271 0.763783 0.00413855 -1.16869 -0.00470223 -1.89456 -0.0103843 0.681904 0.0302748
11.37 0.3 -0.012 0.52 0.0180385 -0.00324162 0.763563 0.00413635 -1.16906 -0.00471907 -1.89557 -0.0104057 0.682526 0.0302397
11.371 0.3 -0.012 0.52 0.018178 -0.00325053 0.763344 0.00413413 -1.16944 -0.00473592 -1.89657 -0.010427 0.683148 0.0302046
11.372 0.3 -0.012 0.52 0.0183176 -0.00325943 0.763124 0.00413187 -1.16981 -0.00475279 -1.89758 -0.0104483 0.68377 0.0301696
11.373 0.3 -0.012 0.52 0.0184572 -0.00326834 0.762905 0.00412959 -1.17019 -0.00476967 -1.89858 -0.0104696 0.684393 0.0301347
11.374 0.3 -0.012 0.52 0.018597 -0.00327724 0.762686 0.00412727 -1.17056 -0.00478657 -1.89958 -0.0104908 0.685015 0.0300999
11.375 0.3 -0.012 0.52 0.0187367 -0.00328615 0.762467 0.00412493 -1.17093 -0.00480348 -1.90058 -0.0105121 0.685638 0.0300652
11.376 0.3 -0.012 0.52 0.0188766 -0.00329505 0.762247 0.00412256 -1.1713 -0.00482041 -1.90158 -0.0105332 0.686262 0.0300306
11.377 0.3 -0.012 0.52 0.0190165 -0.00330395 0.762028 0.00412016 -1.17168 -0.00483735 -1.90258 -0.0105544 0.686885 0.0299962
11.378 0.3 -0.012 0.52 0.0191565 -0.00331285 0.761809 0.00411773 -1.17205 -0.00485431 -1.90358 -0.0105755 0.687509 0.0299618
11.379 0.3 -0.012 0.52 0.0192966 -0.00332174 0.76159 0.00411528 -1.17242 -0.00487128 -1.90458 -0.0105966 0.688133 0.0299275
11.38 0.3 -0.012 0.52 0.0194367 -0.00333064 0.761371 0.0041128 -1.17279 -0.00488826 -1.90558 -0.0106177 0.688757 0.0298933
11.381 0.3 -0.012 0.52 0.0195769 -0.00333953 0.761152 0.00411029 -1.17316 -0.00490526 -1.90658 -0.0106387 0.689381 0.0298593
11.382 0.3 -0.012 0.52 0.0197172 -0.00334842 0.760933 0.00410775 -1.17352 -0.00492228 -1.90757 -0.0106597 0.690006 0.0298253
11.383 0.3 -0.012 0.52 0.0198575 -0.00335732 0.760714 0.00410519 -1.17389 -0.00493931 -1.90857 -0.0106807 0.69063 0.0297915
11.384 0.3 -0.012 0.52 0.0199979 -0.0033662 0.760496 0.0041026 -1.17426 -0.00495635 -1.90956 -0.0107016 0.691255 0.0297577
11.385 0.3 -0.012 0.52 0.0201384 -0.00337509 0.760277 0.00409998 -1.17463 -0.00497341 -1.91056 -0.0107225 0.69188 0.0297241
11.386 0.3 -0.012 0.52 0.0202789 -0.00338398 0.760058 0.00409734 -1.17499 -0.00499048 -1.91155 -0.0107434 0.692506 0.0296905
11.387 0.3 -0.012 0.52 0.0204195 -0.00339286 0.75984 0.00409468 -1.17536 -0.00500757 -1.91254 -0.0107642 0.693131 0.0296571
11.388 0.3 -0.012 0.52 0.0205602 -0.00340175 0.759621 0.00409198 -1.17572 -0.00502467 -1.91353 -0.0107851 0.693757 0.0296238
11.389 0.3 -0.012 0.52 0.020701 -0.00341063 0.759402 0.00408927 -1.17609 -0.00504179 -1.91453 -0.0108058 0.694383 0.0295905
11.39 0.3 -0.012 0.52 0.0208418 -0.00341951 0.759184 0.00408652 -1.17645 -0.00505892 -1.91552 -0.0108266 0.695009 0.0295574
11.391 0.3 -0.012 0.52 0.0209827 -0.00342839 0.758965 0.00408376 -1.17681 -0.00507607 -1.91651 -0.0108473 0.695635 0.0295244
11.392 0.3 -0.012 0.52 0.0211236 -0.00343726 0.758747 0.00408096 -1.17718 -0.00509323 -1.91749 -0.010868 0.696261 0.0294915
11.393 0.3 -0.012 0.52 0.0212646 -0.00344614 0.758529 0.00407815 -1.17754 -0.0051104 -1.91848 -0.0108887 0.696888 0.0294587
11.394 0.3 -0.012 0.52 0.0214057 -0.00345501 0.75831 0.00407531 -1.1779 -0.00512759 -1.91947 -0.0109093 0.697515 0.029426
11.395 0.3 -0.012 0.52 0.0215469 -0.00346388 0.758092 0.00407244 -1.17826 -0.0051448 -1.92046 -0.0109299 0.698142 0.0293934
11.396 0.3 -0.012 0.52 0.0216881 -0.00347275 0.757874 0.00406956 -1.17862 -0.00516201 -1.92144 -0.0109505 0.698769 0.0293609
11.397 0.3 -0.012 0.52 0.0218294 -0.00348162 0.757656 0.00406664 -1.17898 -0.00517925 -1.92243 -0.010971 0.699396 0.0293285
11.398 0.3 -0.012 0.52 0.0219708 -0.00349049 0.757438 0.00406371 -1.17934 -0.00519649 -1.92341 -0.0109915 0.700023 0.0292962
11.399 0.3 -0.012 0.52 0.0221122 -0.00349935 0.757219 0.00406075 -1.1797 -0.00521375 -1.9244 -0.011012 0.700651 0.029264
11.4 0.3 -0.012 0.52 0.0222537 -0.00350822 0.757001 0.00405777 -1.18005 -0.00523103 -1.92538 -0.0110324 0.701278 0.0292319
11.401 0.3 -0.012 0.52 0.0223952 -0.00351708 0.756783 0.00405477 -1.18041 -0.00524832 -1.92636 -0.0110528 0.701906 0.0292
11.402 0.3 -0.012 0.52 0.0225369 -0.00352594 0.756565 0.00405174 -1.18077 -0.00526562 -1.92734 -0.0110732 0.702534 0.0291681
11.403 0.3 -0.012 0.52 0.0226786 -0.0035348 0.756348 0.00404869 -1.18112 -0.00528294 -1.92833 -0.0110936 0.703162 0.0291363
11.404 0.3 -0.012 0.52 0.0228203 -0.00354365 0.75613 0.00404562 -1.18148 -0.00530027 -1.92931 -0.0111139 0.70379 0.0291046
11.405 0.3 -0.012 0.52 0.0229622 -0.00355251 0.755912 0.00404253 -1.18183 -0.00531762 -1.93029 -0.0111342 0.704419 0.0290731
11.406 0.3 -0.012 0.52 0.0231041 -0.00356136 0.755694 0.00403942 -1.18218 -0.00533498 -1.93126 -0.0111545 0.705047 0.0290416
11.407 0.3 -0.012 0.52 0.0232461 -0.00357021 0.755477 0.00403628 -1.18254 -0.00535236 -1.93224 -0.0111747 0.705676 0.0290102
11.408 0.3 -0.012 0.52 0.0233881 -0.00357906 0.755259 0.00403312 -1.18289 -0.00536975 -1.93322 -0.0111949 0.706305 0.028979
11.409 0.3 -0.012 0.52 0.0235302 -0.00358791 0.755041 0.00402995 -1.18324 -0.00538715 -1.9342 -0.0112151 0.706933 0.0289478
11.41 0.3 -0.012 0.52 0.0236724 -0.00359675 0.754824 0.00402675 -1.18359 -0.00540457 -1.93517 -0.0112352 0.707562 0.0289168
11.411 0.3 -0.012 0.52 0.0238146 -0.00360559 0.754606 0.00402353 -1.18394 -0.005422 -1.93615 -0.0112553 0.708191 0.0288858
11.412 0.3 -0.012 0.52 0.0239569 -0.00361443 0.754389 0.00402028 -1.18429 -0.00543945 -1.93712 -0.0112754 0.708821 0.0288549
11.413 0.3 -0.012 0.52 0.0240993 -0.00362327 0.754171 0.00401702 -1.18464 -0.00545691 -1.9381 -0.0112955 0.70945 0.0288242
11.414 0.3 -0.012 0.52 0.0242417 -0.00363211 0.753954 0.00401374 -1.18499 -0.00547438 -1.93907 -0.0113155 0.710079 0.0287935
11.415 0.3 -0.012 0.52 0.0243843 -0.00364095 0.753737 0.00401044 -1.18534 -0.00549187 -1.94004 -0.0113355 0.710709 0.028763
11.416 0.3 -0.012 0.52 0.0245268 -0.00364978 0.753519 0.00400711 -1.18569 -0.00550937 -1.94101 -0.0113555 0.711339 0.0287325
11.417 0.3 -0.012 0.52 0.0246695 -0.00365861 0.753302 0.00400377 -1.18603 -0.00552688 -1.94198 -0.0113754 0.711968 0.0287021
11.418 0.3 -0.012 0.52 0.0248122 -0.00366744 0.753085 0.0040004 -1.18638 -0.00554441 -1.94295 -0.0113953 0.712598 0.0286719
11.419 0.3 -0.012 0.52 0.024955 -0.00367627 0.752868 0.00399702 -1.18673 -0.00556196 -1.94392 -0.0114152 0.713228 0.0286417
11.42 0.3 -0.012 0.52 0.0250978 -0.00368509 0.752651 0.00399362 -1.18707 -0.00557951 -1.94489 -0.0114351 0.713858 0.0286116
11.421 0.3 -0.012 0.52 0.0252407 -0.00369391 0.752434 0.0039902 -1.18741 -0.00559708 -1.94586 -0.0114549 0.714488 0.0285816
11.422 0.3 -0.012 0.52 0.0253837 -0.00370273 0.752217 0.00398675 -1.18776 -0.00561467 -1.94682 -0.0114747 0.715118 0.0285518
11.423 0.3 -0.012 0.52 0.0255267 -0.00371155 0.752 0.00398329 -1.1881 -0.00563226 -1.94779 -0.0114944 0.715749 0.028522
11.424 0.3 -0.012 0.52 0.0256699 -0.00372037 0.751783 0.00397981 -1.18844 -0.00564988 -1.94876 -0.0115142 0.716379 0.0284923
11.425 0.3 -0.012 0.52 0.025813 -0.00372918 0.751566 0.00397631 -1.18879 -0.0056675 -1.94972 -0.0115339 0.717009 0.0284627
11.426 0.3 -0.012 0.52 0.0259563 -0.003738 0.751349 0.00397279 -1.18913 -0.00568514 -1.95069 -0.0115535 0.71764 0.0284332
11.427 0.3 -0.012 0.52 0.0260996 -0.00374681 0.751132 0.00396926 -1.18947 -0.00570279 -1.95165 -0.0115732 0.71827 0.0284038
11.428 0.3 -0.012 0.52 0.026243 -0.00375562 0.750916 0.0039657 -1.18981 -0.00572046 -1.95261 -0.0115928 0.718901 0.0283745
11.429 0.3 -0.012 0.52 0.0263864 -0.00376442 0.750699 0.00396213 -1.19015 -0.00573814 -1.95357 -0.0116124 0.719532 0.0283452
11.43 0.3 -0.012 0.52 0.0265299 -0.00377322 0.750482 0.00395853 -1.19048 -0.00575583 -1.95454 -0.011632 0.720163 0.0283161
11.431 0.3 -0.012 0.52 0.0266735 -0.00378203 0.750266 0.00395492 -1.19082 -0.00577353 -1.9555 -0.0116515 0.720794 0.0282871
11.432 0.3 -0.012 0.52 0.0268171 -0.00379082 0.750049 0.00395129 -1.19116 -0.00579125 -1.95646 -0.011671 0.721424 0.0282581
11.433 0.3 -0.012 0.52 0.0269608 -0.00379962 0.749833 0.00394765 -1.1915 -0.00580898 -1.95741 -0.0116905 0.722056 0.0282293
11.434 0.3 -0.012 0.52 0.0271046 -0.00380842 0.749617 0.00394398 -1.19183 -0.00582673 -1.95837 -0.0117099 0.722687 0.0282005
11.435 0.3 -0.012 0.52 0.0272485 -0.00381721 0.7494 0.0039403 -1.19217 -0.00584449 -1.95933 -0.0117293 0.723318 0.0281718
11.436 0.3 -0.012 0.52 0.0273924 -0.003826 0.749184 0.00393659 -1.1925 -0.00586226 -1.96029 -0.0117487 0.723949 0.0281432
11.437 0.3 -0.012 0.52 0.0275363 -0.00383478 0.748968 0.00393288 -1.19283 -0.00588004 -1.96124 -0.0117681 0.72458 0.0281148
11.438 0.3 -0.012 0.52 0.0276804 -0.00384357 0.748751 0.00392914 -1.19317 -0.00589784 -1.9622 -0.0117874 0.725212 0.0280863
11.439 0.3 -0.012 0.52 0.0278245 -0.00385235 0.748535 0.00392538 -1.1935 -0.00591565 -1.96315 -0.0118067 0.725843 0.028058
11.44 0.3 -0.012 0.52 0.0279686 -0.00386113 0.748319 0.00392161 -1.19383 -0.00593348 -1.96411 -0.011826 0.726474 0.0280298
11.441 0.3 -0.012 0.52 0.0281129 -0.00386991 0.748103 0.00391782 -1.19416 -0.00595131 -1.96506 -0.0118453 0.727106 0.0280016
11.442 0.3 -0.012 0.52 0.0282572 -0.00387869 0.747887 0.00391402 -1.19449 -0.00596916 -1.96601 -0.0118645 0.727737 0.0279736
11.443 0.3 -0.012 0.52 0.0284015 -0.00388746 0.747671 0.00391019 -1.19482 -0.00598703 -1.96697 -0.0118837 0.728369 0.0279456
11.444 0.3 -0.012 0.52 0.0285459 -0.00389623 0.747455 0.00390635 -1.19515 -0.0060049 -1.96792 -0.0119029 0.729001 0.0279177
11.445 0.3 -0.012 0.52 0.0286904 -0.003905 0.747239 0.00390249 -1.19548 -0.00602279 -1.96887 -0.011922 0.729632 0.0278899
11.446 0.3 -0.012 0.52 0.028835 -0.00391376 0.747023 0.00389862 -1.19581 -0.00604069 -1.96982 -0.0119411 0.730264 0.0278622
11.447 0.3 -0.012 0.52 0.0289796 -0.00392253 0.746807 0.00389473 -1.19614 -0.0060586 -1.97077 -0.0119602 0.730896 0.0278345
11.448 0.3 -0.012 0.52 0.0291243 -0.00393129 0.746592 0.00389082 -1.19646 -0.00607653 -1.97171 -0.0119793 0.731527 0.027807
11.449 0.3 -0.012 0.52 0.029269 -0.00394004 0.746376 0.00388689 -1.19679 -0.00609447 -1.97266 -0.0119983 0.732159 0.0277795
11.45 0.3 -0.012 0.52 0.0294138 -0.0039488 0.74616 0.00388295 -1.19711 -0.00611242 -1.97361 -0.0120173 0.732791 0.0277521
11.451 0.3 -0.012 0.52 0.0295587 -0.00395755 0.745945 0.00387899 -1.19744 -0.00613038 -1.97455 -0.0120363 0.733423 0.0277248
11.452 0.3 -0.012 0.52 0.0297037 -0.0039663 0.745729 0.00387502 -1.19776 -0.00614836 -1.9755 -0.0120553 0.734055 0.0276976
11.453 0.3 -0.012 0.52 0.0298487 -0.00397505 0.745513 0.00387103 -1.19809 -0.00616634 -1.97644 -0.0120742 0.734687 0.0276704
11.454 0.3 -0.012 0.52 0.0299937 -0.0039838 0.745298 0.00386702 -1.19841 -0.00618434 -1.97739 -0.0120931 0.735319 0.0276433
11.455 0.3 -0.012 0.52 0.0301389 -0.00399254 0.745082 0.003863 -1.19873 -0.00620236 -1.97833 -0.012112 0.735951 0.0276163
11.456 0.3 -0.012 0.52 0.0302841 -0.00400128 0.744867 0.00385896 -1.19905 -0.00622038 -1.97927 -0.0121308 0.736583 0.0275894
11.457 0.3 -0.012 0.52 0.0304293 -0.00401002 0.744652 0.0038549 -1.19937 -0.00623842 -1.98021 -0.0121496 0.737215 0.0275626
11.458 0.3 -0.012 0.52 0.0305747 -0.00401875 0.744436 0.00385083 -1.19969 -0.00625647 -1.98116 -0.0121684 0.737847 0.0275358
11.459 0.3 -0.012 0.52 0.03072 -0.00402748 0.744221 0.00384674 -1.20001 -0.00627453 -1.9821 -0.0121872 0.738479 0.0275091
11.46 0.3 -0.012 0.52 0.0308655 -0.00403621 0.744006 0.00384264 -1.20033 -0.0062926 -1.98304 -0.012206 0.739112 0.0274825
11.461 0.3 -0.012 0.52 0.031011 -0.00404494 0.743791 0.00383852 -1.20065 -0.00631069 -1.98397 -0.0122247 0.739744 0.027456
11.462 0.3 -0.012 0.52 0.0311566 -0.00405366 0.743576 0.00383438 -1.20097 -0.00632878 -1.98491 -0.0122434 0.740376 0.0274295
11.463 0.3 -0.012 0.52 0.0313022 -0.00406238 0.743361 0.00383023 -1.20128 -0.00634689 -1.98585 -0.012262 0.741008 0.0274031
11.464 0.3 -0.012 0.52 0.0314479 -0.0040711 0.743146 0.00382606 -1.2016 -0.00636501 -1.98679 -0.0122807 0.74164 0.0273768
11.465 0.3 -0.012 0.52 0.0315937 -0.00407981 0.742931 0.00382188 -1.20191 -0.00638315 -1.98772 -0.0122993 0.742273 0.0273506
11.466 0.3 -0.012 0.52 0.0317395 -0.00408853 0.742716 0.00381768 -1.20223 -0.00640129 -1.98866 -0.0123179 0.742905 0.0273244
11.467 0.3 -0.012 0.52 0.0318854 -0.00409724 0.742501 0.00381347 -1.20254 -0.00641945 -1.98959 -0.0123365 0.743537 0.0272983
11.468 0.3 -0.012 0.52 0.0320314 -0.00410594 0.742286 0.00380924 -1.20286 -0.00643761 -1.99053 -0.012355 0.744169 0.0272723
11.469 0.3 -0.012 0.52 0.0321774 -0.00411465 0.742071 0.00380499 -1.20317 -0.00645579 -1.99146 -0.0123735 0.744802 0.0272463
11.47 0.3 -0.012 0.52 0.0323235 -0.00412335 0.741856 0.00380073 -1.20348 -0.00647398 -1.99239 -0.012392 0.745434 0.0272204
11.471 0.3 -0.012 0.52 0.0324696 -0.00413205 0.741642 0.00379646 -1.20379 -0.00649219 -1.99332 -0.0124105 0.746066 0.0271946
11.472 0.3 -0.012 0.52 0.0326158 -0.00414074 0.741427 0.00379217 -1.2041 -0.0065104 -1.99425 -0.0124289 0.746699 0.0271688
11.473 0.3 -0.012 0.52 0.0327621 -0.00414943 0.741213 0.00378786 -1.20441 -0.00652862 -1.99518 -0.0124473 0.747331 0.0271431
11.474 0.3 -0.012 0.52 0.0329084 -0.00415812 0.740998 0.00378354 -1.20472 -0.00654686 -1.99611 -0.0124657 0.747963 0.0271175
11.475 0.3 -0.012 0.52 0.0330548 -0.00416681 0.740783 0.0037792 -1.20503 -0.00656511 -1.99704 -0.0124841 0.748596 0.027092
11.476 0.3 -0.012 0.52 0.0332012 -0.00417549 0.740569 0.00377485 -1.20534 -0.00658336 -1.99797 -0.0125024 0.749228 0.0270665
11.477 0.3 -0.012 0.52 0.0333477 -0.00418417 0.740355 0.00377048 -1.20565 -0.00660163 -1.9989 -0.0125208 0.74986 0.0270411
11.478 0.3 -0.012 0.52 0.0334943 -0.00419285 0.74014 0.0037661 -1.20595 -0.00661992 -1.99982 -0.012539 0.750493 0.0270157
11.479 0.3 -0.012 0.52 0.033641 -0.00420152 0.739926 0.00376171 -1.20626 -0.00663821 -2.00075 -0.0125573 0.751125 0.0269904
11.48 0.3 -0.012 0.52 0.0337877 -0.0042102 0.739712 0.00375729 -1.20656 -0.00665651 -2.00168 -0.0125756 0.751758 0.0269652
11.481 0.3 -0.012 0.52 0.0339344 -0.00421886 0.739497 0.00375287 -1.20687 -0.00667482 -2.0026 -0.0125938 0.75239 0.02694
11.482 0.3 -0.012 0.52 0.0340812 -0.00422753 0.739283 0.00374842 -1.20717 -0.00669315 -2.00352 -0.012612 0.753022 0.0269149
11.483 0.3 -0.012 0.52 0.0342281 -0.00423619 0.739069 0.00374397 -1.20747 -0.00671148 -2.00445 -0.0126302 0.753655 0.0268899
11.484 0.3 -0.012 0.52 0.0343751 -0.00424485 0.738855 0.0037395 -1.20778 -0.00672983 -2.00537 -0.0126483 0.754287 0.0268649
11.485 0.3 -0.012 0.52 0.0345221 -0.00425351 0.738641 0.00373501 -1.20808 -0.00674819 -2.00629 -0.0126664 0.754919 0.02684
11.486 0.3 -0.012 0.52 0.0346691 -0.00426216 0.738427 0.00373051 -1.20838 -0.00676655 -2.00721 -0.0126846 0.755552 0.0268152
11.487 0.3 -0.012 0.52 0.0348162 -0.00427081 0.738213 0.00372599 -1.20868 -0.00678493 -2.00813 -0.0127026 0.756184 0.0267904
11.488 0.3 -0.012 0.52 0.0349634 -0.00427946 0.737999 0.00372146 -1.20898 -0.00680332 -2.00905 -0.0127207 0.756816 0.0267656
11.489 0.3 -0.012 0.52 0.0351107 -0.0042881 0.737785 0.00371692 -1.20928 -0.00682172 -2.00997 -0.0127387 0.757449 0.0267409
11.49 0.3 -0.012 0.52 0.035258 -0.00429674 0.737571 0.00371236 -1.20958 -0.00684013 -2.01089 -0.0127567 0.758081 0.0267163
11.491 0.3 -0.012 0.52 0.0354053 -0.00430538 0.737358 0.00370778 -1.20988 -0.00685855 -2.01181 -0.0127747 0.758713 0.0266918
11.492 0.3 -0.012 0.52 0.0355528 -0.00431401 0.737144 0.00370319 -1.21017 -0.00687698 -2.01272 -0.0127927 0.759346 0.0266673
11.493 0.3 -0.012 0.52 0.0357003 -0.00432264 0.73693 0.00369859 -1.21047 -0.00689542 -2.01364 -0.0128106 0.759978 0.0266428
11.494 0.3 -0.012 0.52 0.0358478 -0.00433127 0.736717 0.00369397 -1.21077 -0.00691387 -2.01455 -0.0128286 0.76061 0.0266184
11.495 0.3 -0.012 0.52 0.0359954 -0.0043399 0.736503 0.00368934 -1.21106 -0.00693233 -2.01547 -0.0128465 0.761242 0.0265941
11.496 0.3 -0.012 0.52 0.0361431 -0.00434852 0.736289 0.00368469 -1.21136 -0.0069508 -2.01638 -0.0128643 0.761875 0.0265698
11.497 0.3 -0.012 0.52 0.0362908 -0.00435714 0.736076 0.00368003 -1.21165 -0.00696929 -2.0173 -0.0128822 0.762507 0.0265456
11.498 0.3 -0.012 0.52 0.0364386 -0.00436575 0.735863 0.00367535 -1.21194 -0.00698778 -2.01821 -0.0129 0.763139 0.0265214
11.499 0.3 -0.012 0.52 0.0365864 -0.00437436 0.735649 0.00367066 -1.21223 -0.00700628 -2.01912 -0.0129178 0.763771 0.0264973
11.5 0.3 -0.012 0.52 0.0367343 -0.00438297 0.735436 0.00366595 -1.21253 -0.00702479 -2.02003 -0.0129356 0.764404 0.0264732
11.501 0.3 -0.012 0.52 0.0368823 -0.00439158 0.735222 0.00366123 -1.21282 -0.00704331 -2.02094 -0.0129534 0.765036 0.0264492
11.502 0.3 -0.012 0.52 0.0370303 -0.00440018 0.735009 0.0036565 -1.21311 -0.00706184 -2.02185 -0.0129711 0.765668 0.0264252
11.503 0.3 -0.012 0.52 0.0371784 -0.00440877 0.734796 0.00365175 -1.2134 -0.00708038 -2.02276 -0.0129888 0.7663 0.0264013
11.504 0.3 -0.012 0.52 0.0373265 -0.00441737 0.734583 0.00364699 -1.21369 -0.00709893 -2.02367 -0.0130065 0.766932 0.0263774
11.505 0.3 -0.012 0.52 0.0374747 -0.00442596 0.73437 0.00364221 -1.21397 -0.0071175 -2.02458 -0.0130242 0.767564 0.0263536
11.506 0.3 -0.012 0.52 0.037623 -0.00443455 0.734157 0.00363742 -1.21426 -0.00713607 -2.02548 -0.0130419 0.768196 0.0263298
11.507 0.3 -0.012 0.52 0.0377713 -0.00444313 0.733944 0.00363261 -1.21455 -0.00715464 -2.02639 -0.0130595 0.768829 0.0263061
11.508 0.3 -0.012 0.52 0.0379197 -0.00445172 0.733731 0.00362779 -1.21484 -0.00717323 -2.02729 -0.0130771 0.769461 0.0262824
11.509 0.3 -0.012 0.52 0.0380681 -0.00446029 0.733518 0.00362296 -1.21512 -0.00719183 -2.0282 -0.0130947 0.770093 0.0262588
11.51 0.3 -0.012 0.52 0.0382166 -0.00446887 0.733305 0.00361811 -1.21541 -0.00721044 -2.0291 -0.0131123 0.770725 0.0262352
11.511 0.3 -0.012 0.52 0.0383652 -0.00447744 0.733092 0.00361324 -1.21569 -0.00722906 -2.03001 -0.0131298 0.771357 0.0262117
11.512 0.3 -0.012 0.52 0.0385138 -0.00448601 0.732879 0.00360836 -1.21597 -0.00724768 -2.03091 -0.0131474 0.771989 0.0261882
11.513 0.3 -0.012 0.52 0.0386624 -0.00449457 0.732666 0.00360347 -1.21626 -0.00726632 -2.03181 -0.0131649 0.772621 0.0261647
11.514 0.3 -0.012 0.52 0.0388111 -0.00450313 0.732454 0.00359857 -1.21654 -0.00728497 -2.03271 -0.0131824 0.773253 0.0261413
11.515 0.3 -0.012 0.52 0.0389599 -0.00451169 0.732241 0.00359364 -1.21682 -0.00730362 -2.03361 -0.0131998 0.773885 0.026118
11.516 0.3 -0.012 0.52 0.0391088 -0.00452024 0.732028 0.00358871 -1.2171 -0.00732228 -2.03451 -0.0132173 0.774516 0.0260946
11.517 0.3 -0.012 0.52 0.0392577 -0.00452879 0.731816 0.00358376 -1.21738 -0.00734096 -2.03541 -0.0132347 0.775148 0.0260714
11.518 0.3 -0.012 0.52 0.0394066 -0.00453734 0.731603 0.0035788 -1.21766 -0.00735964 -2.03631 -0.0132521 0.77578 0.0260481
11.519 0.3 -0.012 0.52 0.0395556 -0.00454588 0.731391 0.00357382 -1.21794 -0.00737833 -2.03721 -0.0132695 0.776412 0.026025
11.52 0.3 -0.012 0.52 0.0397047 -0.00455442 0.731178 0.00356883 -1.21822 -0.00739703 -2.03811 -0.0132869 0.777044 0.0260018
11.521 0.3 -0.012 0.52 0.0398538 -0.00456296 0.730966 0.00356382 -1.21849 -0.00741573 -2.039 -0.0133042 0.777676 0.0259787
11.522 0.3 -0.012 0.52 0.040003 -0.00457149 0.730754 0.0035588 -1.21877 -0.00743445 -2.0399 -0.0133215 0.778307 0.0259556
11.523 0.3 -0.012 0.52 0.0401522 -0.00458002 0.730541 0.00355377 -1.21905 -0.00745318 -2.04079 -0.0133388 0.778939 0.0259326
11.524 0.3 -0.012 0.52 0.0403015 -0.00458855 0.730329 0.00354872 -1.21932 -0.00747191 -2.04169 -0.0133561 0.779571 0.0259096
11.525 0.3 -0.012 0.52 0.0404509 -0.00459707 0.730117 0.00354365 -1.2196 -0.00749065 -2.04258 -0.0133734 0.780203 0.0258867
11.526 0.3 -0.012 0.52 0.0406003 -0.00460559 0.729905 0.00353858 -1.21987 -0.0075094 -2.04348 -0.0133906 0.780834 0.0258638
11.527 0.3 -0.012 0.52 0.0407498 -0.0046141 0.729693 0.00353348 -1.22014 -0.00752816 -2.04437 -0.0134078 0.781466 0.0258409
11.528 0.3 -0.012 0.52 0.0408993 -0.00462261 0.729481 0.00352838 -1.22042 -0.00754693 -2.04526 -0.013425 0.782097 0.0258181
11.529 0.3 -0.012 0.52 0.0410489 -0.00463112 0.729269 0.00352326 -1.22069 -0.00756571 -2.04615 -0.0134422 0.782729 0.0257953
11.53 0.3 -0.012 0.52 0.0411985 -0.00463962 0.729057 0.00351812 -1.22096 -0.0075845 -2.04704 -0.0134594 0.783361 0.0257725
11.531 0.3 -0.012 0.52 0.0413482 -0.00464812 0.728845 0.00351297 -1.22123 -0.00760329 -2.04793 -0.0134765 0.783992 0.0257498
11.532 0.3 -0.012 0.52 0.0414979 -0.00465662 0.728633 0.00350781 -1.2215 -0.00762209 -2.04882 -0.0134937 0.784624 0.0257271
11.533 0.3 -0.012 0.52 0.0416477 -0.00466511 0.728421 0.00350263 -1.22177 -0.0076409 -2.04971 -0.0135108 0.785255 0.0257044
11.534 0.3 -0.012 0.52 0.0417976 -0.0046736 0.728209 0.00349744 -1.22204 -0.00765972 -2.05059 -0.0135279 0.785887 0.0256818
11.535 0.3 -0.012 0.52 0.0419475 -0.00468209 0.727997 0.00349224 -1.22231 -0.00767855 -2.05148 -0.0135449 0.786518 0.0256592
11.536 0.3 -0.012 0.52 0.0420975 -0.00469057 0.727786 0.00348702 -1.22257 -0.00769738 -2.05237 -0.013562 0.787149 0.0256367
11.537 0.3 -0.012 0.52 0.0422475 -0.00469905 0.727574 0.00348178 -1.22284 -0.00771622 -2.05325 -0.013579 0.787781 0.0256142
11.538 0.3 -0.012 0.52 0.0423976 -0.00470752 0.727362 0.00347653 -1.22311 -0.00773507 -2.05414 -0.013596 0.788412 0.0255917
11.539 0.3 -0.012 0.52 0.0425477 -0.00471599 0.727151 0.00347127 -1.22337 -0.00775393 -2.05502 -0.013613 0.789043 0.0255692
11.54 0.3 -0.012 0.52 0.0426979 -0.00472446 0.726939 0.00346599 -1.22364 -0.0077728 -2.05591 -0.01363 0.789675 0.0255468
11.541 0.3 -0.012 0.52 0.0428482 -0.00473292 0.726728 0.0034607 -1.2239 -0.00779167 -2.05679 -0.013647 0.790306 0.0255244
11.542 0.3 -0.012 0.52 0.0429985 -0.00474138 0.726517 0.0034554 -1.22416 -0.00781055 -2.05767 -0.0136639 0.790937 0.025502
11.543 0.3 -0.012 0.52 0.0431488 -0.00474984 0.726305 0.00345008 -1.22442 -0.00782944 -2.05855 -0.0136808 0.791568 0.0254797
11.544 0.3 -0.012 0.52 0.0432992 -0.00475829 0.726094 0.00344474 -1.22469 -0.00784834 -2.05943 -0.0136977 0.792199 0.0254574
11.545 0.3 -0.012 0.52 0.0434497 -0.00476673 0.725883 0.00343939 -1.22495 -0.00786724 -2.06031 -0.0137146 0.792831 0.0254351
11.546 0.3 -0.012 0.52 0.0436002 -0.00477518 0.725671 0.00343403 -1.22521 -0.00788616 -2.06119 -0.0137315 0.793462 0.0254129
11.547 0.3 -0.012 0.52 0.0437508 -0.00478362 0.72546 0.00342865 -1.22547 -0.00790508 -2.06207 -0.0137483 0.794093 0.0253906
11.548 0.3 -0.012 0.52 0.0439014 -0.00479205 0.725249 0.00342326 -1.22573 -0.007924 -2.06295 -0.0137651 0.794724 0.0253685
11.549 0.3 -0.012 0.52 0.0440521 -0.00480049 0.725038 0.00341785 -1.22598 -0.00794294 -2.06382 -0.013782 0.795355 0.0253463
11.55 0.3 -0.012 0.52 0.0442029 -0.00480892 0.724827 0.00341243 -1.22624 -0.00796188 -2.0647 -0.0137988 0.795986 0.0253242
11.551 0.3 -0.012 0.52 0.0443537 -0.00481734 0.724616 0.003407 -1.2265 -0.00798083 -2.06558 -0.0138155 0.796617 0.025302
11.552 0.3 -0.012 0.52 0.0445045 -0.00482576 0.724405 0.00340155 -1.22675 -0.00799979 -2.06645 -0.0138323 0.797248 0.02528
11.553 0.3 -0.012 0.52 0.0446554 -0.00483418 0.724194 0.00339608 -1.22701 -0.00801875 -2.06733 -0.013849 0.797879 0.0252579
11.554 0.3 -0.012 0.52 0.0448064 -0.00484259 0.723983 0.0033906 -1.22726 -0.00803772 -2.0682 -0.0138657 0.79851 0.0252359
11.555 0.3 -0.012 0.52 0.0449574 -0.004851 0.723772 0.00338511 -1.22752 -0.0080567 -2.06907 -0.0138825 0.79914 0.0252139
11.556 0.3 -0.012 0.52 0.0451084 -0.00485941 0.723561 0.0033796 -1.22777 -0.00807568 -2.06995 -0.0138991 0.799771 0.0251919
11.557 0.3 -0.012 0.52 0.0452595 -0.00486781 0.723351 0.00337408 -1.22803 -0.00809468 -2.07082 -0.0139158 0.800402 0.0251699
11.558 0.3 -0.012 0.52 0.0454107 -0.0048762 0.72314 0.00336855 -1.22828 -0.00811368 -2.07169 -0.0139325 0.801033 0.025148
11.559 0.3 -0.012 0.52 0.0455619 -0.0048846 0.722929 0.00336299 -1.22853 -0.00813268 -2.07256 -0.0139491 0.801663 0.0251261
11.56 0.3 -0.012 0.52 0.0457132 -0.00489299 0.722719 0.00335743 -1.22878 -0.00815169 -2.07343 -0.0139657 0.802294 0.0251042
11.561 0.3 -0.012 0.52 0.0458645 -0.00490137 0.722508 0.00335185 -1.22903 -0.00817071 -2.0743 -0.0139823 0.802925 0.0250823
11.562 0.3 -0.012 0.52 0.0460159 -0.00490975 0.722298 0.00334625 -1.22928 -0.00818974 -2.07517 -0.0139989 0.803555 0.0250604
11.563 0.3 -0.012 0.52 0.0461674 -0.00491813 0.722087 0.00334065 -1.22953 -0.00820877 -2.07604 -0.0140155 0.804186 0.0250386
11.564 0.3 -0.012 0.52 0.0463188 -0.0049265 0.721877 0.00333502 -1.22978 -0.00822781 -2.0769 -0.014032 0.804817 0.0250168
11.565 0.3 -0.012 0.52 0.0464704 -0.00493487 0.721666 0.00332938 -1.23002 -0.00824686 -2.07777 -0.0140485 0.805447 0.024995
11.566 0.3 -0.012 0.52 0.046622 -0.00494324 0.721456 0.00332373 -1.23027 -0.00826591 -2.07863 -0.0140651 0.806078 0.0249732
11.567 0.3 -0.012 0.52 0.0467736 -0.0049516 0.721246 0.00331806 -1.23051 -0.00828497 -2.0795 -0.0140816 0.806708 0.0249515
11.568 0.3 -0.012 0.52 0.0469253 -0.00495996 0.721036 0.00331238 -1.23076 -0.00830404 -2.08036 -0.014098 0.807339 0.0249298
11.569 0.3 -0.012 0.52 0.0470771 -0.00496831 0.720825 0.00330668 -1.231 -0.00832311 -2.08123 -0.0141145 0.807969 0.0249081
11.57 0.3 -0.012 0.52 0.0472289 -0.00497666 0.720615 0.00330097 -1.23125 -0.00834219 -2.08209 -0.014131 0.808599 0.0248864
11.571 0.3 -0.012 0.52 0.0473807 -0.00498501 0.720405 0.00329525 -1.23149 -0.00836128 -2.08295 -0.0141474 0.80923 0.0248647
11.572 0.3 -0.012 0.52 0.0475326 -0.00499335 0.720195 0.0032895 -1.23173 -0.00838037 -2.08382 -0.0141638 0.80986 0.024843
11.573 0.3 -0.012 0.52 0.0476846 -0.00500169 0.719985 0.00328375 -1.23198 -0.00839947 -2.08468 -0.0141802 0.81049 0.0248214
11.574 0.3 -0.012 0.52 0.0478366 -0.00501002 0.719775 0.00327798 -1.23222 -0.00841857 -2.08554 -0.0141966 0.811121 0.0247998
11.575 0.3 -0.012 0.52 0.0479887 -0.00501835 0.719565 0.00327219 -1.23246 -0.00843768 -2.0864 -0.014213 0.811751 0.0247782
11.576 0.3 -0.012 0.52 0.0481408 -0.00502667 0.719356 0.00326639 -1.2327 -0.0084568 -2.08726 -0.0142293 0.812381 0.0247566
11.577 0.3 -0.012 0.52 0.048293 -0.00503499 0.719146 0.00326058 -1.23294 -0.00847592 -2.08811 -0.0142457 0.813011 0.024735
11.578 0.3 -0.012 0.52 0.0484452 -0.00504331 0.718936 0.00325475 -1.23317 -0.00849505 -2.08897 -0.014262 0.813642 0.0247134
11.579 0.3 -0.012 0.52 0.0485975 -0.00505162 0.718726 0.0032489 -1.23341 -0.00851418 -2.08983 -0.0142783 0.814272 0.0246919
11.58 0.3 -0.012 0.52 0.0487498 -0.00505993 0.718517 0.00324304 -1.23365 -0.00853332 -2.09069 -0.0142946 0.814902 0.0246704
11.581 0.3 -0.012 0.52 0.0489021 -0.00506824 0.718307 0.00323717 -1.23388 -0.00855247 -2.09154 -0.0143108 0.815532 0.0246488
11.582 0.3 -0.012 0.52 0.0490546 -0.00507654 0.718097 0.00323128 -1.23412 -0.00857162 -2.0924 -0.0143271 0.816162 0.0246273
11.583 0.3 -0.012 0.52 0.049207 -0.00508483 0.717888 0.00322537 -1.23436 -0.00859078 -2.09325 -0.0143433 0.816792 0.0246059
11.584 0.3 -0.012 0.52 0.0493596 -0.00509313 0.717678 0.00321945 -1.23459 -0.00860994 -2.0941 -0.0143596 0.817422 0.0245844
11.585 0.3 -0.012 0.52 0.0495122 -0.00510141 0.717469 0.00321352 -1.23482 -0.00862911 -2.09496 -0.0143758 0.818052 0.0245629
11.586 0.3 -0.012 0.52 0.0496648 -0.0051097 0.717259 0.00320757 -1.23506 -0.00864829 -2.09581 -0.014392 0.818682 0.0245415
11.587 0.3 -0.012 0.52 0.0498175 -0.00511798 0.71705 0.0032016 -1.23529 -0.00866747 -2.09666 -0.0144081 0.819312 0.02452
11.588 0.3 -0.012 0.52 0.0499702 -0.00512625 0.716841 0.00319562 -1.23552 -0.00868665 -2.09751 -0.0144243 0.819942 0.0244986
11.589 0.3 -0.012 0.52 0.050123 -0.00513452 0.716632 0.00318963 -1.23575 -0.00870585 -2.09836 -0.0144404 0.820572 0.0244772
11.59 0.3 -0.012 0.52 0.0502758 -0.00514279 0.716422 0.00318362 -1.23598 -0.00872504 -2.09921 -0.0144566 0.821202 0.0244558
11.591 0.3 -0.012 0.52 0.0504287 -0.00515105 0.716213 0.00317759 -1.23621 -0.00874425 -2.10006 -0.0144727 0.821831 0.0244344
11.592 0.3 -0.012 0.52 0.0505816 -0.00515931 0.716004 0.00317155 -1.23644 -0.00876345 -2.10091 -0.0144888 0.822461 0.024413
11.593 0.3 -0.012 0.52 0.0507346 -0.00516757 0.715795 0.00316549 -1.23667 -0.00878267 -2.10176 -0.0145049 0.823091 0.0243916
11.594 0.3 -0.012 0.52 0.0508876 -0.00517582 0.715586 0.00315942 -1.23689 -0.00880189 -2.10261 -0.0145209 0.823721 0.0243703
11.595 0.3 -0.012 0.52 0.0510407 -0.00518406 0.715377 0.00315334 -1.23712 -0.00882111 -2.10345 -0.014537 0.824351 0.0243489
11.596 0.3 -0.012 0.52 0.0511938 -0.00519231 0.715168 0.00314724 -1.23735 -0.00884034 -2.1043 -0.014553 0.82498 0.0243276
11.597 0.3 -0.012 0.52 0.051347 -0.00520054 0.714959 0.00314112 -1.23757 -0.00885957 -2.10514 -0.014569 0.82561 0.0243062
11.598 0.3 -0.012 0.52 0.0515003 -0.00520878 0.71475 0.00313499 -1.2378 -0.00887881 -2.10599 -0.0145851 0.82624 0.0242849
11.599 0.3 -0.012 0.52 0.0516535 -0.005217 0.714542 0.00312884 -1.23802 -0.00889805 -2.10683 -0.014601 0.826869 0.0242636
11.6 0.3 -0.012 0.52 0.0518069 -0.00522523 0.714333 0.00312267 -1.23824 -0.0089173 -2.10767 -0.014617 0.827499 0.0242423
11.601 0.3 -0.012 0.52 0.0519603 -0.00523345 0.714124 0.0031165 -1.23846 -0.00893656 -2.10852 -0.014633 0.828128 0.024221
11.602 0.3 -0.012 0.52 0.0521137 -0.00524167 0.713915 0.0031103 -1.23869 -0.00895582 -2.10936 -0.0146489 0.828758 0.0241997
11.603 0.3 -0.012 0.52 0.0522672 -0.00524988 0.713707 0.00310409 -1.23891 -0.00897508 -2.1102 -0.0146649 0.829387 0.0241784
11.604 0.3 -0.012 0.52 0.0524207 -0.00525809 0.713498 0.00309787 -1.23913 -0.00899435 -2.11104 -0.0146808 0.830017 0.0241571
11.605 0.3 -0.012 0.52 0.0525743 -0.00526629 0.71329 0.00309163 -1.23935 -0.00901362 -2.11188 -0.0146967 0.830646 0.0241358
11.606 0.3 -0.012 0.52 0.0527279 -0.00527449 0.713081 0.00308537 -1.23957 -0.0090329 -2.11272 -0.0147126 0.831276 0.0241145
11.607 0.3 -0.012 0.52 0.0528816 -0.00528268 0.712873 0.0030791 -1.23979 -0.00905218 -2.11356 -0.0147285 0.831905 0.0240933
11.608 0.3 -0.012 0.52 0.0530353 -0.00529087 0.712664 0.00307281 -1.24 -0.00907147 -2.1144 -0.0147443 0.832535 0.024072
11.609 0.3 -0.012 0.52 0.0531891 -0.00529906 0.712456 0.00306651 -1.24022 -0.00909076 -2.11523 -0.0147602 0.833164 0.0240507
11.61 0.3 -0.012 0.52 0.0533429 -0.00530724 0.712248 0.00306019 -1.24044 -0.00911006 -2.11607 -0.014776 0.833794 0.0240295
11.611 0.3 -0.012 0.52 0.0534968 -0.00531542 0.71204 0.00305386 -1.24065 -0.00912936 -2.11691 -0.0147918 0.834423 0.0240082
11.612 0.3 -0.012 0.52 0.0536507 -0.00532359 0.711831 0.00304751 -1.24087 -0.00914867 -2.11774 -0.0148076 0.835052 0.023987
11.613 0.3 -0.012 0.52 0.0538047 -0.00533176 0.711623 0.00304114 -1.24108 -0.00916798 -2.11858 -0.0148234 0.835682 0.0239657
11.614 0.3 -0.012 0.52 0.0539587 -0.00533992 0.711415 0.00303476 -1.24129 -0.00918729 -2.11941 -0.0148392 0.836311 0.0239445
11.615 0.3 -0.012 0.52 0.0541127 -0.00534808 0.711207 0.00302836 -1.24151 -0.00920661 -2.12024 -0.0148549 0.83694 0.0239233
11.616 0.3 -0.012 0.52 0.0542669 -0.00535624 0.710999 0.00302195 -1.24172 -0.00922593 -2.12108 -0.0148707 0.837569 0.023902
11.617 0.3 -0.012 0.52 0.054421 -0.00536439 0.710791 0.00301552 -1.24193 -0.00924526 -2.12191 -0.0148864 0.838199 0.0238808
11.618 0.3 -0.012 0.52 0.0545752 -0.00537254 0.710583 0.00300907 -1.24214 -0.00926459 -2.12274 -0.0149021 0.838828 0.0238596
11.619 0.3 -0.012 0.52 0.0547295 -0.00538068 0.710375 0.00300261 -1.24235 -0.00928392 -2.12357 -0.0149178 0.839457 0.0238383
11.62 0.3 -0.012 0.52 0.0548838 -0.00538882 0.710168 0.00299614 -1.24256 -0.00930326 -2.1244 -0.0149335 0.840086 0.0238171
11.621 0.3 -0.012 0.52 0.0550382 -0.00539695 0.70996 0.00298964 -1.24277 -0.00932261 -2.12523 -0.0149492 0.840716 0.0237959
11.622 0.3 -0.012 0.52 0.0551926 -0.00540508 0.709752 0.00298313 -1.24298 -0.00934196 -2.12606 -0.0149648 0.841345 0.0237747
11.623 0.3 -0.012 0.52 0.055347 -0.0054132 0.709544 0.00297661 -1.24318 -0.00936131 -2.12689 -0.0149805 0.841974 0.0237534
11.624 0.3 -0.012 0.52 0.0555015 -0.00542132 0.709337 0.00297007 -1.24339 -0.00938066 -2.12771 -0.0149961 0.842603 0.0237322
11.625 0.3 -0.012 0.52 0.0556561 -0.00542944 0.709129 0.00296351 -1.2436 -0.00940002 -2.12854 -0.0150117 0.843232 0.023711
11.626 0.3 -0.012 0.52 0.0558107 -0.00543755 0.708922 0.00295694 -1.2438 -0.00941939 -2.12937 -0.0150273 0.843861 0.0236898
11.627 0.3 -0.012 0.52 0.0559653 -0.00544566 0.708714 0.00295035 -1.24401 -0.00943875 -2.13019 -0.0150429 0.84449 0.0236686
11.628 0.3 -0.012 0.52 0.05612 -0.00545376 0.708507 0.00294374 -1.24421 -0.00945812 -2.13102 -0.0150585 0.845119 0.0236473
11.629 0.3 -0.012 0.52 0.0562747 -0.00546186 0.708299 0.00293712 -1.24441 -0.0094775 -2.13184 -0.015074 0.845748 0.0236261
11.63 0.3 -0.012 0.52 0.0564295 -0.00546995 0.708092 0.00293048 -1.24462 -0.00949688 -2.13267 -0.0150896 0.846377 0.0236049
11.631 0.3 -0.012 0.52 0.0565843 -0.00547804 0.707885 0.00292383 -1.24482 -0.00951626 -2.13349 -0.0151051 0.847006 0.0235837
11.632 0.3 -0.012 0.52 0.0567392 -0.00548612 0.707678 0.00291716 -1.24502 -0.00953564 -2.13431 -0.0151206 0.847635 0.0235624
11.633 0.3 -0.012 0.52 0.0568941 -0.0054942 0.70747 0.00291047 -1.24522 -0.00955503 -2.13513 -0.0151361 0.848264 0.0235412
11.634 0.3 -0.012 0.52 0.0570491 -0.00550228 0.707263 0.00290377 -1.24542 -0.00957442 -2.13595 -0.0151516 0.848893 0.02352
11.635 0.3 -0.012 0.52 0.0572041 -0.00551035 0.707056 0.00289705 -1.24562 -0.00959382 -2.13677 -0.0151671 0.849522 0.0234987
11.636 0.3 -0.012 0.52 0.0573592 -0.00551842 0.706849 0.00289031 -1.24582 -0.00961322 -2.13759 -0.0151825 0.850151 0.0234775
11.637 0.3 -0.012 0.52 0.0575143 -0.00552648 0.706642 0.00288356 -1.24601 -0.00963262 -2.13841 -0.015198 0.85078 0.0234563
11.638 0.3 -0.012 0.52 0.0576695 -0.00553454 0.706435 0.00287679 -1.24621 -0.00965203 -2.13923 -0.0152134 0.851409 0.023435
11.639 0.3 -0.012 0.52 0.0578247 -0.00554259 0.706228 0.00287 -1.24641 -0.00967144 -2.14005 -0.0152288 0.852038 0.0234138
11.64 0.3 -0.012 0.52 0.0579799 -0.00555064 0.706021 0.0028632 -1.2466 -0.00969085 -2.14087 -0.0152442 0.852667 0.0233925
11.641 0.3 -0.012 0.52 0.0581352 -0.00555868 0.705814 0.00285638 -1.2468 -0.00971026 -2.14168 -0.0152596 0.853296 0.0233713
11.642 0.3 -0.012 0.52 0.0582906 -0.00556672 0.705608 0.00284955 -1.24699 -0.00972968 -2.1425 -0.015275 0.853925 0.02335
11.643 0.3 -0.012 0.52 0.0584459 -0.00557476 0.705401 0.00284269 -1.24719 -0.0097491 -2.14331 -0.0152904 0.854553 0.0233287
11.644 0.3 -0.012 0.52 0.0586014 -0.00558279 0.705194 0.00283582 -1.24738 -0.00976853 -2.14413 -0.0153057 0.855182 0.0233075
11.645 0.3 -0.012 0.52 0.0587569 -0.00559081 0.704988 0.00282894 -1.24757 -0.00978796 -2.14494 -0.0153211 0.855811 0.0232862
11.646 0.3 -0.012 0.52 0.0589124 -0.00559883 0.704781 0.00282204 -1.24776 -0.00980739 -2.14576 -0.0153364 0.85644 0.0232649
11.647 0.3 -0.012 0.52 0.059068 -0.00560685 0.704574 0.00281512 -1.24795 -0.00982682 -2.14657 -0.0153517 0.857069 0.0232437
11.648 0.3 -0.012 0.52 0.0592236 -0.00561486 0.704368 0.00280818 -1.24814 -0.00984626 -2.14738 -0.015367 0.857698 0.0232224
11.649 0.3 -0.012 0.52 0.0593793 -0.00562287 0.704161 0.00280123 -1.24833 -0.0098657 -2.14819 -0.0153823 0.858326 0.0232011
11.65 0.3 -0.012 0.52 0.059535 -0.00563087 0.703955 0.00279426 -1.24852 -0.00988514 -2.149 -0.0153975 0.858955 0.0231798
11.651 0.3 -0.012 0.52 0.0596907 -0.00563887 0.703749 0.00278727 -1.24871 -0.00990458 -2.14981 -0.0154128 0.859584 0.0231585
11.652 0.3 -0.012 0.52 0.0598465 -0.00564686 0.703542 0.00278027 -1.2489 -0.00992403 -2.15062 -0.015428 0.860213 0.0231372
11.653 0.3 -0.012 0.52 0.0600024 -0.00565485 0.703336 0.00277325 -1.24908 -0.00994348 -2.15143 -0.0154433 0.860842 0.0231159
11.654 0.3 -0.012 0.52 0.0601583 -0.00566284 0.70313 0.00276621 -1.24927 -0.00996294 -2.15224 -0.0154585 0.86147 0.0230945
11.655 0.3 -0.012 0.52 0.0603142 -0.00567082 0.702924 0.00275916 -1.24945 -0.00998239 -2.15305 -0.0154737 0.862099 0.0230732
11.656 0.3 -0.012 0.52 0.0604702 -0.00567879 0.702718 0.00275208 -1.24964 -0.0100018 -2.15385 -0.0154889 0.862728 0.0230519
11.657 0.3 -0.012 0.52 0.0606262 -0.00568676 0.702512 0.002745 -1.24982 -0.0100213 -2.15466 -0.015504 0.863357 0.0230305
11.658 0.3 -0.012 0.52 0.0607823 -0.00569473 0.702306 0.00273789 -1.25 -0.0100408 -2.15547 -0.0155192 0.863986 0.0230092
11.659 0.3 -0.012 0.52 0.0609384 -0.00570269 0.7021 0.00273077 -1.25019 -0.0100602 -2.15627 -0.0155343 0.864614 0.0229878
11.66 0.3 -0.012 0.52 0.0610946 -0.00571065 0.701894 0.00272363 -1.25037 -0.0100797 -2.15707 -0.0155495 0.865243 0.0229664
11.661 0.3 -0.012 0.52 0.0612508 -0.0057186 0.701688 0.00271647 -1.25055 -0.0100992 -2.15788 -0.0155646 0.865872 0.0229451
11.662 0.3 -0.012 0.52 0.0614071 -0.00572655 0.701482 0.0027093 -1.25073 -0.0101186 -2.15868 -0.0155797 0.866501 0.0229237
11.663 0.3 -0.012 0.52 0.0615634 -0.00573449 0.701276 0.0027021 -1.25091 -0.0101381 -2.15948 -0.0155948 0.867129 0.0229023
11.664 0.3 -0.012 0.52 0.0617197 -0.00574243 0.70107 0.00269489 -1.25109 -0.0101576 -2.16029 -0.0156099 0.867758 0.0228809
11.665 0.3 -0.012 0.52 0.0618761 -0.00575036 0.700865 0.00268767 -1.25127 -0.0101771 -2.16109 -0.0156249 0.868387 0.0228595
11.666 0.3 -0.012 0.52 0.0620325 -0.00575829 0.700659 0.00268042 -1.25144 -0.0101966 -2.16189 -0.01564 0.869016 0.0228381
11.667 0.3 -0.012 0.52 0.062189 -0.00576621 0.700454 0.00267316 -1.25162 -0.010216 -2.16269 -0.015655 0.869644 0.0228166
11.668 0.3 -0.012 0.52 0.0623455 -0.00577413 0.700248 0.00266588 -1.2518 -0.0102355 -2.16349 -0.01567 0.870273 0.0227952
11.669 0.3 -0.012 0.52 0.0625021 -0.00578205 0.700043 0.00265859 -1.25197 -0.010255 -2.16429 -0.0156851 0.870902 0.0227737
11.67 0.3 -0.012 0.52 0.0626587 -0.00578996 0.699837 0.00265127 -1.25215 -0.0102745 -2.16508 -0.0157001 0.87153 0.0227523
11.671 0.3 -0.012 0.52 0.0628154 -0.00579786 0.699632 0.00264394 -1.25232 -0.010294 -2.16588 -0.015715 0.872159 0.0227308
11.672 0.3 -0.012 0.52 0.0629721 -0.00580576 0.699426 0.00263659 -1.25249 -0.0103135 -2.16668 -0.01573 0.872788 0.0227093
11.673 0.3 -0.012 0.52 0.0631288 -0.00581366 0.699221 0.00262923 -1.25267 -0.010333 -2.16747 -0.015745 0.873417 0.0226879
11.674 0.3 -0.012 0.52 0.0632856 -0.00582155 0.699016 0.00262184 -1.25284 -0.0103525 -2.16827 -0.0157599 0.874045 0.0226664
11.675 0.3 -0.012 0.52 0.0634424 -0.00582944 0.698811 0.00261444 -1.25301 -0.010372 -2.16906 -0.0157748 0.874674 0.0226449
11.676 0.3 -0.012 0.52 0.0635993 -0.00583732 0.698605 0.00260702 -1.25318 -0.0103915 -2.16986 -0.0157898 0.875303 0.0226233
11.677 0.3 -0.012 0.52 0.0637562 -0.0058452 0.6984 0.00259958 -1.25335 -0.010411 -2.17065 -0.0158047 0.875932 0.0226018
11.678 0.3 -0.012 0.52 0.0639132 -0.00585307 0.698195 0.00259213 -1.25352 -0.0104305 -2.17144 -0.0158195 0.876561 0.0225803
11.679 0.3 -0.012 0.52 0.0640702 -0.00586094 0.69799 0.00258466 -1.25369 -0.01045 -2.17224 -0.0158344 0.877189 0.0225587
11.68 0.3 -0.012 0.52 0.0642273 -0.0058688 0.697785 0.00257717 -1.25386 -0.0104695 -2.17303 -0.0158493 0.877818 0.0225371
11.681 0.3 -0.012 0.52 0.0643844 -0.00587666 0.69758 0.00256966 -1.25402 -0.010489 -2.17382 -0.0158641 0.878447 0.0225156
11.682 0.3 -0.012 0.52 0.0645415 -0.00588451 0.697376 0.00256213 -1.25419 -0.0105085 -2.17461 -0.015879 0.879076 0.022494
11.683 0.3 -0.012 0.52 0.0646987 -0.00589236 0.697171 0.00255459 -1.25436 -0.010528 -2.1754 -0.0158938 0.879704 0.0224724
11.684 0.3 -0.012 0.52 0.0648559 -0.0059002 0.696966 0.00254702 -1.25452 -0.0105475 -2.17619 -0.0159086 0.880333 0.0224508
11.685 0.3 -0.012 0.52 0.0650132 -0.00590804 0.696761 0.00253944 -1.25468 -0.010567 -2.17698 -0.0159234 0.880962 0.0224291
11.686 0.3 -0.012 0.52 0.0651705 -0.00591588 0.696557 0.00253185 -1.25485 -0.0105865 -2.17777 -0.0159382 0.881591 0.0224075
11.687 0.3 -0.012 0.52 0.0653279 -0.0059237 0.696352 0.00252423 -1.25501 -0.0106061 -2.17855 -0.015953 0.88222 0.0223858
11.688 0.3 -0.012 0.52 0.0654853 -0.00593153 0.696147 0.0025166 -1.25517 -0.0106256 -2.17934 -0.0159677 0.882848 0.0223642
11.689 0.3 -0.012 0.52 0.0656427 -0.00593935 0.695943 0.00250894 -1.25534 -0.0106451 -2.18013 -0.0159825 0.883477 0.0223425
11.69 0.3 -0.012 0.52 0.0658002 -0.00594716 0.695738 0.00250127 -1.2555 -0.0106646 -2.18091 -0.0159972 0.884106 0.0223208
11.691 0.3 -0.012 0.52 0.0659577 -0.00595497 0.695534 0.00249358 -1.25566 -0.0106841 -2.1817 -0.0160119 0.884735 0.0222991
11.692 0.3 -0.012 0.52 0.0661153 -0.00596278 0.69533 0.00248588 -1.25582 -0.0107037 -2.18248 -0.0160266 0.885364 0.0222774
11.693 0.3 -0.012 0.52 0.0662729 -0.00597058 0.695125 0.00247815 -1.25597 -0.0107232 -2.18326 -0.0160413 0.885993 0.0222557
11.694 0.3 -0.012 0.52 0.0664306 -0.00597838 0.694921 0.00247041 -1.25613 -0.0107427 -2.18405 -0.016056 0.886622 0.0222339
11.695 0.3 -0.012 0.52 0.0665883 -0.00598617 0.694717 0.00246265 -1.25629 -0.0107622 -2.18483 -0.0160706 0.88725 0.0222122
11.696 0.3 -0.012 0.52 0.066746 -0.00599395 0.694513 0.00245487 -1.25645 -0.0107817 -2.18561 -0.0160853 0.887879 0.0221904
11.697 0.3 -0.012 0.52 0.0669038 -0.00600173 0.694309 0.00244707 -1.2566 -0.0108013 -2.18639 -0.0160999 0.888508 0.0221686
11.698 0.3 -0.012 0.52 0.0670617 -0.00600951 0.694104 0.00243925 -1.25676 -0.0108208 -2.18717 -0.0161145 0.889137 0.0221468
11.699 0.3 -0.012 0.52 0.0672195 -0.00601728 0.6939 0.00243142 -1.25691 -0.0108403 -2.18795 -0.0161291 0.889766 0.022125
11.7 0.3 -0.012 0.52 0.0673774 -0.00602505 0.693696 0.00242356 -1.25707 -0.0108598 -2.18873 -0.0161437 0.890395 0.0221031
11.701 0.3 -0.012 0.52 0.0675354 -0.00603281 0.693492 0.00241569 -1.25722 -0.0108794 -2.18951 -0.0161583 0.891024 0.0220813
11.702 0.3 -0.012 0.52 0.0676934 -0.00604057 0.693289 0.0024078 -1.25737 -0.0108989 -2.19029 -0.0161729 0.891653 0.0220594
11.703 0.3 -0.012 0.52 0.0678514 -0.00604832 0.693085 0.00239989 -1.25752 -0.0109184 -2.19106 -0.0161874 0.892282 0.0220376
11.704 0.3 -0.012 0.52 0.0680095 -0.00605607 0.692881 0.00239196 -1.25767 -0.010938 -2.19184 -0.016202 0.892911 0.0220157
11.705 0.3 -0.012 0.52 0.0681677 -0.00606381 0.692677 0.00238402 -1.25782 -0.0109575 -2.19262 -0.0162165 0.89354 0.0219938
11.706 0.3 -0.012 0.52 0.0683258 -0.00607155 0.692474 0.00237605 -1.25797 -0.010977 -2.19339 -0.016231 0.894169 0.0219718
11.707 0.3 -0.012 0.52 0.068484 -0.00607928 0.69227 0.00236807 -1.25812 -0.0109965 -2.19417 -0.0162455 0.894798 0.0219499
11.708 0.3 -0.012 0.52 0.0686423 -0.00608701 0.692066 0.00236006 -1.25827 -0.0110161 -2.19494 -0.01626 0.895427 0.0219279
11.709 0.3 -0.012 0.52 0.0688006 -0.00609473 0.691863 0.00235204 -1.25842 -0.0110356 -2.19571 -0.0162745 0.896056 0.021906
11.71 0.3 -0.012 0.52 0.0689589 -0.00610245 0.691659 0.002344 -1.25857 -0.0110551 -2.19649 -0.0162889 0.896686 0.021884
11.711 0.3 -0.012 0.52 0.0691173 -0.00611016 0.691456 0.00233594 -1.25871 -0.0110747 -2.19726 -0.0163034 0.897315 0.021862
11.712 0.3 -0.012 0.52 0.0692757 -0.00611787 0.691253 0.00232787 -1.25886 -0.0110942 -2.19803 -0.0163178 0.897944 0.02184
11.713 0.3 -0.012 0.52 0.0694342 -0.00612557 0.691049 0.00231977 -1.259 -0.0111137 -2.1988 -0.0163322 0.898573 0.0218179
11.714 0.3 -0.012 0.52 0.0695927 -0.00613327 0.690846 0.00231166 -1.25915 -0.0111332 -2.19957 -0.0163466 0.899202 0.0217959
11.715 0.3 -0.012 0.52 0.0697513 -0.00614096 0.690643 0.00230352 -1.25929 -0.0111528 -2.20034 -0.016361 0.899831 0.0217738
11.716 0.3 -0.012 0.52 0.0699099 -0.00614865 0.690439 0.00229537 -1.25943 -0.0111723 -2.20111 -0.0163754 0.900461 0.0217517
11.717 0.3 -0.012 0.52 0.0700685 -0.00615634 0.690236 0.0022872 -1.25957 -0.0111918 -2.20188 -0.0163897 0.90109 0.0217296
11.718 0.3 -0.012 0.52 0.0702272 -0.00616402 0.690033 0.00227901 -1.25972 -0.0112114 -2.20265 -0.0164041 0.901719 0.0217075
11.719 0.3 -0.012 0.52 0.0703859 -0.00617169 0.68983 0.0022708 -1.25986 -0.0112309 -2.20341 -0.0164184 0.902348 0.0216854
11.72 0.3 -0.012 0.52 0.0705446 -0.00617936 0.689627 0.00226257 -1.26 -0.0112504 -2.20418 -0.0164327 0.902978 0.0216632
11.721 0.3 -0.012 0.52 0.0707034 -0.00618702 0.689424 0.00225432 -1.26014 -0.01127 -2.20495 -0.016447 0.903607 0.021641
11.722 0.3 -0.012 0.52 0.0708623 -0.00619468 0.689221 0.00224605 -1.26027 -0.0112895 -2.20571 -0.0164613 0.904237 0.0216189
11.723 0.3 -0.012 0.52 0.0710212 -0.00620233 0.689019 0.00223776 -1.26041 -0.011309 -2.20648 -0.0164756 0.904866 0.0215966
11.724 0.3 -0.012 0.52 0.0711801 -0.00620998 0.688816 0.00222946 -1.26055 -0.0113285 -2.20724 -0.0164899 0.905495 0.0215744
11.725 0.3 -0.012 0.52 0.071339 -0.00621763 0.688613 0.00222113 -1.26069 -0.0113481 -2.208 -0.0165041 0.906125 0.0215522
11.726 0.3 -0.012 0.52 0.071498 -0.00622527 0.68841 0.00221279 -1.26082 -0.0113676 -2.20877 -0.0165183 0.906754 0.0215299
11.727 0.3 -0.012 0.52 0.0716571 -0.0062329 0.688208 0.00220443 -1.26096 -0.0113871 -2.20953 -0.0165326 0.907384 0.0215076
11.728 0.3 -0.012 0.52 0.0718162 -0.00624053 0.688005 0.00219604 -1.26109 -0.0114066 -2.21029 -0.0165468 0.908013 0.0214854
11.729 0.3 -0.012 0.52 0.0719753 -0.00624815 0.687803 0.00218764 -1.26122 -0.0114262 -2.21105 -0.016561 0.908643 0.021463
11.73 0.3 -0.012 0.52 0.0721345 -0.00625577 0.6876 0.00217922 -1.26136 -0.0114457 -2.21181 -0.0165752 0.909272 0.0214407
11.731 0.3 -0.012 0.52 0.0722937 -0.00626339 0.687398 0.00217078 -1.26149 -0.0114652 -2.21257 -0.0165893 0.909902 0.0214184
11.732 0.3 -0.012 0.52 0.0724529 -0.006271 0.687195 0.00216232 -1.26162 -0.0114847 -2.21333 -0.0166035 0.910531 0.021396
11.733 0.3 -0.012 0.52 0.0726122 -0.0062786 0.686993 0.00215384 -1.26175 -0.0115042 -2.21409 -0.0166176 0.911161 0.0213736
11.734 0.3 -0.012 0.52 0.0727716 -0.0062862 0.686791 0.00214534 -1.26188 -0.0115238 -2.21485 -0.0166317 0.911791 0.0213512
11.735 0.3 -0.012 0.52 0.0729309 -0.00629379 0.686588 0.00213682 -1.26201 -0.0115433 -2.2156 -0.0166458 0.912421 0.0213288
11.736 0.3 -0.012 0.52 0.0730904 -0.00630138 0.686386 0.00212828 -1.26214 -0.0115628 -2.21636 -0.0166599 0.91305 0.0213063
11.737 0.3 -0.012 0.52 0.0732498 -0.00630897 0.686184 0.00211973 -1.26227 -0.0115823 -2.21712 -0.016674 0.91368 0.0212839
11.738 0.3 -0.012 0.52 0.0734093 -0.00631654 0.685982 0.00211115 -1.26239 -0.0116018 -2.21787 -0.0166881 0.91431 0.0212614
11.739 0.3 -0.012 0.52 0.0735688 -0.00632412 0.68578 0.00210255 -1.26252 -0.0116213 -2.21863 -0.0167021 0.91494 0.0212389
11.74 0.3 -0.012 0.52 0.0737284 -0.00633169 0.685578 0.00209394 -1.26265 -0.0116409 -2.21938 -0.0167162 0.915569 0.0212164
11.741 0.3 -0.012 0.52 0.073888 -0.00633925 0.685376 0.0020853 -1.26277 -0.0116604 -2.22013 -0.0167302 0.916199 0.0211938
11.742 0.3 -0.012 0.52 0.0740477 -0.00634681 0.685174 0.00207665 -1.2629 -0.0116799 -2.22089 -0.0167442 0.916829 0.0211713
11.743 0.3 -0.012 0.52 0.0742074 -0.00635436 0.684972 0.00206797 -1.26302 -0.0116994 -2.22164 -0.0167582 0.917459 0.0211487
11.744 0.3 -0.012 0.52 0.0743671 -0.00636191 0.684771 0.00205928 -1.26314 -0.0117189 -2.22239 -0.0167722 0.918089 0.0211261
11.745 0.3 -0.012 0.52 0.0745269 -0.00636946 0.684569 0.00205056 -1.26326 -0.0117384 -2.22314 -0.0167861 0.918719 0.0211035
11.746 0.3 -0.012 0.52 0.0746867 -0.00637699 0.684367 0.00204183 -1.26339 -0.0117579 -2.22389 -0.0168001 0.919349 0.0210808
11.747 0.3 -0.012 0.52 0.0748466 -0.00638453 0.684166 0.00203307 -1.26351 -0.0117774 -2.22464 -0.016814 0.919979 0.0210582
11.748 0.3 -0.012 0.52 0.0750065 -0.00639206 0.683964 0.0020243 -1.26363 -0.0117969 -2.22539 -0.016828 0.920609 0.0210355
11.749 0.3 -0.012 0.52 0.0751664 -0.00639958 0.683763 0.0020155 -1.26375 -0.0118164 -2.22614 -0.0168419 0.92124 0.0210128
11.75 0.3 -0.012 0.52 0.0753264 -0.0064071 0.683561 0.00200669 -1.26387 -0.0118359 -2.22689 -0.0168558 0.92187 0.0209901
11.751 0.3 -0.012 0.52 0.0754864 -0.00641461 0.68336 0.00199786 -1.26398 -0.0118554 -2.22763 -0.0168696 0.9225 0.0209673
11.752 0.3 -0.012 0.52 0.0756465 -0.00642212 0.683158 0.001989 -1.2641 -0.0118749 -2.22838 -0.0168835 0.92313 0.0209446
11.753 0.3 -0.012 0.52 0.0758066 -0.00642962 0.682957 0.00198013 -1.26422 -0.0118944 -2.22913 -0.0168974 0.923761 0.0209218
11.754 0.3 -0.012 0.52 0.0759667 -0.00643712 0.682756 0.00197123 -1.26433 -0.0119139 -2.22987 -0.0169112 0.924391 0.020899
11.755 0.3 -0.012 0.52 0.0761269 -0.00644461 0.682554 0.00196232 -1.26445 -0.0119334 -2.23062 -0.016925 0.925021 0.0208762
11.756 0.3 -0.012 0.52 0.0762871 -0.0064521 0.682353 0.00195339 -1.26456 -0.0119529 -2.23136 -0.0169388 0.925652 0.0208533
11.757 0.3 -0.012 0.52 0.0764474 -0.00645958 0.682152 0.00194443 -1.26468 -0.0119723 -2.23211 -0.0169526 0.926282 0.0208304
11.758 0.3 -0.012 0.52 0.0766077 -0.00646706 0.681951 0.00193546 -1.26479 -0.0119918 -2.23285 -0.0169664 0.926913 0.0208076
11.759 0.3 -0.012 0.52 0.076768 -0.00647453 0.68175 0.00192646 -1.2649 -0.0120113 -2.23359 -0.0169801 0.927543 0.0207847
11.76 0.3 -0.012 0.52 0.0769284 -0.006482 0.681549 0.00191745 -1.26501 -0.0120308 -2.23433 -0.0169939 0.928174 0.0207617
11.761 0.3 -0.012 0.52 0.0770888 -0.00648946 0.681348 0.00190841 -1.26512 -0.0120503 -2.23507 -0.0170076 0.928804 0.0207388
11.762 0.3 -0.012 0.52 0.0772493 -0.00649692 0.681147 0.00189936 -1.26523 -0.0120697 -2.23581 -0.0170213 0.929435 0.0207158
11.763 0.3 -0.012 0.52 0.0774098 -0.00650437 0.680947 0.00189028 -1.26534 -0.0120892 -2.23655 -0.017035 0.930066 0.0206928
11.764 0.3 -0.012 0.52 0.0775703 -0.00651182 0.680746 0.00188119 -1.26545 -0.0121087 -2.23729 -0.0170487 0.930696 0.0206698
11.765 0.3 -0.012 0.52 0.0777309 -0.00651926 0.680545 0.00187207 -1.26556 -0.0121281 -2.23803 -0.0170624 0.931327 0.0206468
11.766 0.3 -0.012 0.52 0.0778915 -0.0065267 0.680345 0.00186294 -1.26567 -0.0121476 -2.23877 -0.0170761 0.931958 0.0206237
11.767 0.3 -0.012 0.52 0.0780522 -0.00653413 0.680144 0.00185378 -1.26578 -0.0121671 -2.23951 -0.0170897 0.932589 0.0206007
11.768 0.3 -0.012 0.52 0.0782129 -0.00654155 0.679944 0.0018446 -1.26588 -0.0121865 -2.24024 -0.0171033 0.93322 0.0205776
11.769 0.3 -0.012 0.52 0.0783736 -0.00654897 0.679743 0.00183541 -1.26599 -0.012206 -2.24098 -0.0171169 0.933851 0.0205544
11.77 0.3 -0.012 0.52 0.0785344 -0.00655639 0.679543 0.00182619 -1.26609 -0.0122254 -2.24172 -0.0171305 0.934482 0.0205313
11.771 0.3 -0.012 0.52 0.0786952 -0.0065638 0.679342 0.00181695 -1.26619 -0.0122449 -2.24245 -0.0171441 0.935113 0.0205081
11.772 0.3 -0.012 0.52 0.078856 -0.0065712 0.679142 0.00180769 -1.2663 -0.0122643 -2.24318 -0.0171577 0.935744 0.020485
11.773 0.3 -0.012 0.52 0.0790169 -0.0065786 0.678942 0.00179842 -1.2664 -0.0122838 -2.24392 -0.0171712 0.936375 0.0204618
11.774 0.3 -0.012 0.52 0.0791778 -0.006586 0.678741 0.00178912 -1.2665 -0.0123032 -2.24465 -0.0171848 0.937006 0.0204385
11.775 0.3 -0.012 0.52 0.0793388 -0.00659339 0.678541 0.0017798 -1.2666 -0.0123227 -2.24538 -0.0171983 0.937637 0.0204153
11.776 0.3 -0.012 0.52 0.0794998 -0.00660077 0.678341 0.00177046 -1.2667 -0.0123421 -2.24612 -0.0172118 0.938268 0.020392
11.777 0.3 -0.012 0.52 0.0796609 -0.00660815 0.678141 0.00176109 -1.2668 -0.0123615 -2.24685 -0.0172253 0.9389 0.0203687
11.778 0.3 -0.012 0.52 0.079822 -0.00661553 0.677941 0.00175171 -1.2669 -0.012381 -2.24758 -0.0172388 0.939531 0.0203454
11.779 0.3 -0.012 0.52 0.0799831 -0.0066229 0.677741 0.00174231 -1.267 -0.0124004 -2.24831 -0.0172522 0.940162 0.0203221
11.78 0.3 -0.012 0.52 0.0801442 -0.00663026 0.677541 0.00173289 -1.2671 -0.0124198 -2.24904 -0.0172657 0.940794 0.0202987
11.781 0.3 -0.012 0.52 0.0803054 -0.00663762 0.677341 0.00172345 -1.26719 -0.0124392 -2.24977 -0.0172791 0.941425 0.0202753
11.782 0.3 -0.012 0.52 0.0804667 -0.00664497 0.677142 0.00171398 -1.26729 -0.0124586 -2.25049 -0.0172925 0.942057 0.0202519
11.783 0.3 -0.012 0.52 0.080628 -0.00665232 0.676942 0.0017045 -1.26739 -0.0124781 -2.25122 -0.0173059 0.942688 0.0202285
11.784 0.3 -0.012 0.52 0.0807893 -0.00665966 0.676742 0.00169499 -1.26748 -0.0124975 -2.25195 -0.0173193 0.94332 0.020205
11.785 0.3 -0.012 0.52 0.0809506 -0.006667 0.676543 0.00168546 -1.26757 -0.0125169 -2.25267 -0.0173326 0.943952 0.0201816
11.786 0.3 -0.012 0.52 0.081112 -0.00667433 0.676343 0.00167592 -1.26767 -0.0125363 -2.2534 -0.017346 0.944583 0.0201581
11.787 0.3 -0.012 0.52 0.0812735 -0.00668166 0.676143 0.00166635 -1.26776 -0.0125557 -2.25413 -0.0173593 0.945215 0.0201346
11.788 0.3 -0.012 0.52 0.0814349 -0.00668898 0.675944 0.00165676 -1.26785 -0.0125751 -2.25485 -0.0173726 0.945847 0.020111
11.789 0.3 -0.012 0.52 0.0815965 -0.0066963 0.675745 0.00164715 -1.26794 -0.0125945 -2.25557 -0.0173859 0.946479 0.0200875
11.79 0.3 -0.012 0.52 0.081758 -0.00670361 0.675545 0.00163752 -1.26803 -0.0126139 -2.2563 -0.0173992 0.947111 0.0200639
11.791 0.3 -0.012 0.52 0.0819196 -0.00671091 0.675346 0.00162787 -1.26812 -0.0126332 -2.25702 -0.0174125 0.947743 0.0200403
11.792 0.3 -0.012 0.52 0.0820812 -0.00671821 0.675147 0.0016182 -1.26821 -0.0126526 -2.25774 -0.0174257 0.948375 0.0200166
11.793 0.3 -0.012 0.52 0.0822429 -0.00672551 0.674947 0.00160851 -1.2683 -0.012672 -2.25846 -0.017439 0.949007 0.019993
11.794 0.3 -0.012 0.52 0.0824046 -0.0067328 0.674748 0.00159879 -1.26839 -0.0126914 -2.25918 -0.0174522 0.949639 0.0199693
11.795 0.3 -0.012 0.52 0.0825663 -0.00674008 0.674549 0.00158906 -1.26847 -0.0127107 -2.2599 -0.0174654 0.950271 0.0199456
11.796 0.3 -0.012 0.52 0.0827281 -0.00674736 0.67435 0.0015793 -1.26856 -0.0127301 -2.26062 -0.0174786 0.950904 0.0199219
11.797 0.3 -0.012 0.52 0.0828899 -0.00675464 0.674151 0.00156952 -1.26864 -0.0127495 -2.26134 -0.0174918 0.951536 0.0198981
11.798 0.3 -0.012 0.52 0.0830518 -0.00676191 0.673952 0.00155973 -1.26873 -0.0127688 -2.26206 -0.0175049 0.952168 0.0198744
11.799 0.3 -0.012 0.52 0.0832137 -0.00676917 0.673753 0.00154991 -1.26881 -0.0127882 -2.26278 -0.0175181 0.952801 0.0198506
11.8 0.3 -0.012 0.52 0.0833756 -0.00677643 0.673554 0.00154007 -1.26889 -0.0128075 -2.26349 -0.0175312 0.953433 0.0198268
11.801 0.3 -0.012 0.52 0.0835376 -0.00678368 0.673356 0.00153021 -1.26898 -0.0128269 -2.26421 -0.0175443 0.954066 0.0198029
11.802 0.3 -0.012 0.52 0.0836996 -0.00679093 0.673157 0.00152032 -1.26906 -0.0128462 -2.26493 -0.0175574 0.954698 0.0197791
11.803 0.3 -0.012 0.52 0.0838617 -0.00679817 0.672958 0.00151042 -1.26914 -0.0128655 -2.26564 -0.0175705 0.955331 0.0197552
11.804 0.3 -0.012 0.52 0.0840237 -0.00680541 0.67276 0.0015005 -1.26922 -0.0128849 -2.26636 -0.0175835 0.955964 0.0197313
11.805 0.3 -0.012 0.52 0.0841859 -0.00681264 0.672561 0.00149055 -1.2693 -0.0129042 -2.26707 -0.0175966 0.956597 0.0197073
11.806 0.3 -0.012 0.52 0.084348 -0.00681987 0.672363 0.00148058 -1.26938 -0.0129235 -2.26778 -0.0176096 0.957229 0.0196834
11.807 0.3 -0.012 0.52 0.0845102 -0.00682709 0.672164 0.0014706 -1.26946 -0.0129428 -2.2685 -0.0176226 0.957862 0.0196594
11.808 0.3 -0.012 0.52 0.0846725 -0.0068343 0.671966 0.00146059 -1.26953 -0.0129621 -2.26921 -0.0176356 0.958495 0.0196354
11.809 0.3 -0.012 0.52 0.0848347 -0.00684151 0.671767 0.00145056 -1.26961 -0.0129814 -2.26992 -0.0176486 0.959128 0.0196114
11.81 0.3 -0.012 0.52 0.0849971 -0.00684872 0.671569 0.00144051 -1.26969 -0.0130008 -2.27063 -0.0176615 0.959761 0.0195873
11.811 0.3 -0.012 0.52 0.0851594 -0.00685592 0.671371 0.00143043 -1.26976 -0.01302 -2.27134 -0.0176745 0.960394 0.0195632
11.812 0.3 -0.012 0.52 0.0853218 -0.00686311 0.671173 0.00142034 -1.26984 -0.0130393 -2.27205 -0.0176874 0.961028 0.0195391
11.813 0.3 -0.012 0.52 0.0854842 -0.0068703 0.670975 0.00141022 -1.26991 -0.0130586 -2.27276 -0.0177003 0.961661 0.019515
11.814 0.3 -0.012 0.52 0.0856467 -0.00687748 0.670777 0.00140009 -1.26998 -0.0130779 -2.27347 -0.0177132 0.962294 0.0194909
11.815 0.3 -0.012 0.52 0.0858092 -0.00688466 0.670579 0.00138993 -1.27005 -0.0130972 -2.27418 -0.0177261 0.962928 0.0194667
11.816 0.3 -0.012 0.52 0.0859717 -0.00689184 0.670381 0.00137975 -1.27013 -0.0131165 -2.27488 -0.0177389 0.963561 0.0194425
11.817 0.3 -0.012 0.52 0.0861343 -0.006899 0.670183 0.00136955 -1.2702 -0.0131357 -2.27559 -0.0177517 0.964194 0.0194183
11.818 0.3 -0.012 0.52 0.0862969 -0.00690617 0.669985 0.00135933 -1.27027 -0.013155 -2.27629 -0.0177646 0.964828 0.0193941
11.819 0.3 -0.012 0.52 0.0864596 -0.00691332 0.669787 0.00134908 -1.27034 -0.0131742 -2.277 -0.0177774 0.965462 0.0193698
11.82 0.3 -0.012 0.52 0.0866223 -0.00692047 0.669589 0.00133882 -1.2704 -0.0131935 -2.2777 -0.0177902 0.966095 0.0193455
11.821 0.3 -0.012 0.52 0.086785 -0.00692762 0.669392 0.00132853 -1.27047 -0.0132127 -2.27841 -0.0178029 0.966729 0.0193212
11.822 0.3 -0.012 0.52 0.0869478 -0.00693476 0.669194 0.00131822 -1.27054 -0.013232 -2.27911 -0.0178157 0.967363 0.0192969
11.823 0.3 -0.012 0.52 0.0871106 -0.00694189 0.668997 0.00130789 -1.27061 -0.0132512 -2.27982 -0.0178284 0.967997 0.0192725
11.824 0.3 -0.012 0.52 0.0872734 -0.00694902 0.668799 0.00129754 -1.27067 -0.0132704 -2.28052 -0.0178411 0.968631 0.0192481
11.825 0.3 -0.012 0.52 0.0874363 -0.00695615 0.668602 0.00128717 -1.27074 -0.0132897 -2.28122 -0.0178538 0.969265 0.0192237
11.826 0.3 -0.012 0.52 0.0875992 -0.00696327 0.668404 0.00127678 -1.2708 -0.0133089 -2.28192 -0.0178665 0.969899 0.0191993
11.827 0.3 -0.012 0.52 0.0877622 -0.00697038 0.668207 0.00126636 -1.27086 -0.0133281 -2.28262 -0.0178792 0.970533 0.0191748
11.828 0.3 -0.012 0.52 0.0879252 -0.00697749 0.66801 0.00125592 -1.27093 -0.0133473 -2.28332 -0.0178918 0.971167 0.0191504
11.829 0.3 -0.012 0.52 0.0880882 -0.00698459 0.667812 0.00124547 -1.27099 -0.0133665 -2.28402 -0.0179045 0.971802 0.0191259
11.83 0.3 -0.012 0.52 0.0882513 -0.00699169 0.667615 0.00123499 -1.27105 -0.0133857 -2.28472 -0.0179171 0.972436 0.0191013
11.831 0.3 -0.012 0.52 0.0884144 -0.00699878 0.667418 0.00122448 -1.27111 -0.0134049 -2.28542 -0.0179297 0.97307 0.0190768
11.832 0.3 -0.012 0.52 0.0885775 -0.00700587 0.667221 0.00121396 -1.27117 -0.0134241 -2.28611 -0.0179423 0.973705 0.0190522
11.833 0.3 -0.012 0.52 0.0887407 -0.00701295 0.667024 0.00120342 -1.27123 -0.0134432 -2.28681 -0.0179548 0.974339 0.0190276
11.834 0.3 -0.012 0.52 0.0889039 -0.00702002 0.666827 0.00119285 -1.27129 -0.0134624 -2.2875 -0.0179674 0.974974 0.019003
11.835 0.3 -0.012 0.52 0.0890671 -0.00702709 0.66663 0.00118226 -1.27135 -0.0134816 -2.2882 -0.0179799 0.975609 0.0189783
11.836 0.3 -0.012 0.52 0.0892304 -0.00703416 0.666433 0.00117165 -1.2714 -0.0135007 -2.2889 -0.0179924 0.976243 0.0189537
11.837 0.3 -0.012 0.52 0.0893938 -0.00704121 0.666237 0.00116102 -1.27146 -0.0135199 -2.28959 -0.0180049 0.976878 0.018929
11.838 0.3 -0.012 0.52 0.0895571 -0.00704827 0.66604 0.00115037 -1.27151 -0.013539 -2.29028 -0.0180174 0.977513 0.0189043
11.839 0.3 -0.012 0.52 0.0897205 -0.00705532 0.665843 0.00113969 -1.27157 -0.0135582 -2.29098 -0.0180298 0.978148 0.0188795
11.84 0.3 -0.012 0.52 0.089884 -0.00706236 0.665647 0.001129 -1.27162 -0.0135773 -2.29167 -0.0180422 0.978783 0.0188547
11.841 0.3 -0.012 0.52 0.0900474 -0.00706939 0.66545 0.00111828 -1.27168 -0.0135964 -2.29236 -0.0180547 0.979418 0.0188299
11.842 0.3 -0.012 0.52 0.0902109 -0.00707643 0.665253 0.00110754 -1.27173 -0.0136155 -2.29305 -0.0180671 0.980053 0.0188051
11.843 0.3 -0.012 0.52 0.0903745 -0.00708345 0.665057 0.00109678 -1.27178 -0.0136346 -2.29374 -0.0180794 0.980689 0.0187803
11.844 0.3 -0.012 0.52 0.0905381 -0.00709047 0.664861 0.00108599 -1.27183 -0.0136537 -2.29443 -0.0180918 0.981324 0.0187554
11.845 0.3 -0.012 0.52 0.0907017 -0.00709749 0.664664 0.00107519 -1.27188 -0.0136728 -2.29512 -0.0181041 0.981959 0.0187305
11.846 0.3 -0.012 0.52 0.0908654 -0.0071045 0.664468 0.00106436 -1.27193 -0.0136919 -2.29581 -0.0181165 0.982595 0.0187056
11.847 0.3 -0.012 0.52 0.0910291 -0.0071115 0.664272 0.00105351 -1.27198 -0.013711 -2.2965 -0.0181288 0.983231 0.0186807
11.848 0.3 -0.012 0.52 0.0911928 -0.0071185 0.664076 0.00104264 -1.27203 -0.0137301 -2.29718 -0.0181411 0.983866 0.0186557
11.849 0.3 -0.012 0.52 0.0913566 -0.00712549 0.66388 0.00103175 -1.27208 -0.0137492 -2.29787 -0.0181533 0.984502 0.0186307
11.85 0.3 -0.012 0.52 0.0915204 -0.00713248 0.663684 0.00102083 -1.27212 -0.0137682 -2.29856 -0.0181656 0.985138 0.0186057
11.851 0.3 -0.012 0.52 0.0916842 -0.00713946 0.663488 0.0010099 -1.27217 -0.0137873 -2.29924 -0.0181778 0.985774 0.0185807
11.852 0.3 -0.012 0.52 0.0918481 -0.00714644 0.663292 0.00099894 -1.27221 -0.0138063 -2.29993 -0.01819 0.986409 0.0185556
11.853 0.3 -0.012 0.52 0.092012 -0.00715341 0.663096 0.00098796 -1.27226 -0.0138254 -2.30061 -0.0182022 0.987045 0.0185305
11.854 0.3 -0.012 0.52 0.092176 -0.00716037 0.6629 0.000976958 -1.2723 -0.0138444 -2.30129 -0.0182144 0.987682 0.0185054
11.855 0.3 -0.012 0.52 0.0923399 -0.00716733 0.662704 0.000965934 -1.27235 -0.0138634 -2.30198 -0.0182265 0.988318 0.0184803
11.856 0.3 -0.012 0.52 0.092504 -0.00717429 0.662509 0.000954889 -1.27239 -0.0138824 -2.30266 -0.0182387 0.988954 0.0184551
11.857 0.3 -0.012 0.52 0.092668 -0.00718124 0.662313 0.000943821 -1.27243 -0.0139014 -2.30334 -0.0182508 0.98959 0.01843
11.858 0.3 -0.012 0.52 0.0928321 -0.00718818 0.662117 0.000932732 -1.27247 -0.0139204 -2.30402 -0.0182629 0.990227 0.0184048
11.859 0.3 -0.012 0.52 0.0929963 -0.00719512 0.661922 0.000921621 -1.27251 -0.0139394 -2.3047 -0.018275 0.990863 0.0183795
11.86 0.3 -0.012 0.52 0.0931604 -0.00720205 0.661726 0.000910487 -1.27255 -0.0139584 -2.30538 -0.018287 0.9915 0.0183543
11.861 0.3 -0.012 0.52 0.0933247 -0.00720898 0.661531 0.000899332 -1.27259 -0.0139774 -2.30606 -0.0182991 0.992136 0.018329
11.862 0.3 -0.012 0.52 0.0934889 -0.0072159 0.661336 0.000888155 -1.27263 -0.0139964 -2.30674 -0.0183111 0.992773 0.0183037
11.863 0.3 -0.012 0.52 0.0936532 -0.00722281 0.66114 0.000876956 -1.27266 -0.0140153 -2.30742 -0.0183231 0.99341 0.0182784
11.864 0.3 -0.012 0.52 0.0938175 -0.00722972 0.660945 0.000865735 -1.2727 -0.0140343 -2.3081 -0.0183351 0.994047 0.018253
11.865 0.3 -0.012 0.52 0.0939819 -0.00723662 0.66075 0.000854492 -1.27273 -0.0140532 -2.30877 -0.0183471 0.994684 0.0182276
11.866 0.3 -0.012 0.52 0.0941463 -0.00724352 0.660555 0.000843227 -1.27277 -0.0140722 -2.30945 -0.018359 0.995321 0.0182022
11.867 0.3 -0.012 0.52 0.0943107 -0.00725042 0.66036 0.00083194 -1.2728 -0.0140911 -2.31012 -0.0183709 0.995958 0.0181768
11.868 0.3 -0.012 0.52 0.0944752 -0.0072573 0.660165 0.000820631 -1.27284 -0.01411 -2.3108 -0.0183828 0.996595 0.0181514
11.869 0.3 -0.012 0.52 0.0946397 -0.00726419 0.65997 0.0008093 -1.27287 -0.0141289 -2.31147 -0.0183947 0.997232 0.0181259
11.87 0.3 -0.012 0.52 0.0948042 -0.00727106 0.659775 0.000797947 -1.2729 -0.0141478 -2.31215 -0.0184066 0.99787 0.0181004
11.871 0.3 -0.012 0.52 0.0949688 -0.00727793 0.65958 0.000786572 -1.27293 -0.0141667 -2.31282 -0.0184184 0.998507 0.0180749
11.872 0.3 -0.012 0.52 0.0951334 -0.0072848 0.659385 0.000775175 -1.27296 -0.0141856 -2.31349 -0.0184303 0.999145 0.0180493
11.873 0.3 -0.012 0.52 0.095298 -0.00729166 0.659191 0.000763756 -1.27299 -0.0142045 -2.31416 -0.0184421 0.999782 0.0180237
11.874 0.3 -0.012 0.52 0.0954627 -0.00729851 0.658996 0.000752315 -1.27302 -0.0142234 -2.31484 -0.0184538 1.00042 0.0179981
11.875 0.3 -0.012 0.52 0.0956274 -0.00730536 0.658801 0.000740851 -1.27305 -0.0142422 -2.31551 -0.0184656 1.00106 0.0179725
11.876 0.3 -0.012 0.52 0.0957922 -0.0073122 0.658607 0.000729366 -1.27308 -0.0142611 -2.31618 -0.0184774 1.0017 0.0179469
11.877 0.3 -0.012 0.52 0.095957 -0.00731904 0.658412 0.000717859 -1.2731 -0.0142799 -2.31685 -0.0184891 1.00233 0.0179212
11.878 0.3 -0.012 0.52 0.0961218 -0.00732587 0.658218 0.00070633 -1.27313 -0.0142988 -2.31751 -0.0185008 1.00297 0.0178955
11.879 0.3 -0.012 0.52 0.0962867 -0.00733269 0.658024 0.000694778 -1.27315 -0.0143176 -2.31818 -0.0185125 1.00361 0.0178698
11.88 0.3 -0.012 0.52 0.0964516 -0.00733951 0.657829 0.000683205 -1.27318 -0.0143364 -2.31885 -0.0185241 1.00425 0.0178441
11.881 0.3 -0.012 0.52 0.0966165 -0.00734633 0.657635 0.000671609 -1.2732 -0.0143552 -2.31952 -0.0185358 1.00489 0.0178183
11.882 0.3 -0.012 0.52 0.0967815 -0.00735314 0.657441 0.000659991 -1.27323 -0.014374 -2.32018 -0.0185474 1.00552 0.0177925
11.883 0.3 -0.012 0.52 0.0969465 -0.00735994 0.657247 0.000648351 -1.27325 -0.0143928 -2.32085 -0.018559 1.00616 0.0177667
11.884 0.3 -0.012 0.52 0.0971115 -0.00736674 0.657053 0.000636689 -1.27327 -0.0144116 -2.32151 -0.0185706 1.0068 0.0177409
11.885 0.3 -0.012 0.52 0.0972766 -0.00737353 0.656859 0.000625005 -1.27329 -0.0144304 -2.32218 -0.0185822 1.00744 0.017715
11.886 0.3 -0.012 0.52 0.0974418 -0.00738031 0.656665 0.000613299 -1.27331 -0.0144491 -2.32284 -0.0185937 1.00808 0.0176891
11.887 0.3 -0.012 0.52 0.0976069 -0.00738709 0.656471 0.000601571 -1.27333 -0.0144679 -2.3235 -0.0186052 1.00872 0.0176632
11.888 0.3 -0.012 0.52 0.0977721 -0.00739387 0.656277 0.000589821 -1.27335 -0.0144866 -2.32417 -0.0186167 1.00936 0.0176373
11.889 0.3 -0.012 0.52 0.0979373 -0.00740064 0.656084 0.000578048 -1.27336 -0.0145054 -2.32483 -0.0186282 1.01 0.0176113
11.89 0.3 -0.012 0.52 0.0981026 -0.0074074 0.65589 0.000566254 -1.27338 -0.0145241 -2.32549 -0.0186397 1.01063 0.0175853
11.891 0.3 -0.012 0.52 0.0982679 -0.00741416 0.655696 0.000554437 -1.2734 -0.0145428 -2.32615 -0.0186511 1.01127 0.0175593
11.892 0.3 -0.012 0.52 0.0984332 -0.00742091 0.655503 0.000542598 -1.27341 -0.0145615 -2.32681 -0.0186625 1.01191 0.0175333
11.893 0.3 -0.012 0.52 0.0985986 -0.00742765 0.655309 0.000530737 -1.27343 -0.0145802 -2.32747 -0.0186739 1.01255 0.0175072
11.894 0.3 -0.012 0.52 0.098764 -0.00743439 0.655116 0.000518854 -1.27344 -0.0145989 -2.32813 -0.0186853 1.01319 0.0174811
11.895 0.3 -0.012 0.52 0.0989294 -0.00744113 0.654922 0.000506949 -1.27345 -0.0146176 -2.32879 -0.0186967 1.01383 0.017455
11.896 0.3 -0.012 0.52 0.0990949 -0.00744786 0.654729 0.000495022 -1.27347 -0.0146362 -2.32944 -0.018708 1.01447 0.0174289
11.897 0.3 -0.012 0.52 0.0992604 -0.00745458 0.654536 0.000483072 -1.27348 -0.0146549 -2.3301 -0.0187193 1.01511 0.0174027
11.898 0.3 -0.012 0.52 0.099426 -0.0074613 0.654343 0.0004711 -1.27349 -0.0146735 -2.33076 -0.0187306 1.01575 0.0173766
11.899 0.3 -0.012 0.52 0.0995916 -0.00746801 0.654149 0.000459107 -1.2735 -0.0146921 -2.33141 -0.0187419 1.01639 0.0173504
11.9 0.3 -0.012 0.52 0.0997572 -0.00747472 0.653956 0.000447091 -1.27351 -0.0147108 -2.33207 -0.0187531 1.01703 0.0173241
11.901 0.3 -0.012 0.52 0.0999229 -0.00748142 0.653763 0.000435052 -1.27352 -0.0147294 -2.33272 -0.0187644 1.01767 0.0172979
11.902 0.3 -0.012 0.52 0.100089 -0.00748811 0.65357 0.000422992 -1.27353 -0.014748 -2.33337 -0.0187756 1.01831 0.0172716
11.903 0.3 -0.012 0.52 0.100254 -0.0074948 0.653378 0.00041091 -1.27353 -0.0147666 -2.33403 -0.0187867 1.01895 0.0172453
11.904 0.3 -0.012 0.52 0.10042 -0.00750148 0.653185 0.000398805 -1.27354 -0.0147852 -2.33468 -0.0187979 1.01959 0.017219
11.905 0.3 -0.012 0.52 0.100586 -0.00750816 0.652992 0.000386679 -1.27354 -0.0148037 -2.33533 -0.018809 1.02023 0.0171927
11.906 0.3 -0.012 0.52 0.100752 -0.00751483 0.652799 0.00037453 -1.27355 -0.0148223 -2.33598 -0.0188202 1.02087 0.0171663
11.907 0.3 -0.012 0.52 0.100918 -0.0075215 0.652607 0.000362359 -1.27355 -0.0148408 -2.33663 -0.0188313 1.02151 0.0171399
11.908 0.3 -0.012 0.52 0.101083 -0.00752816 0.652414 0.000350166 -1.27356 -0.0148594 -2.33728 -0.0188423 1.02215 0.0171135
11.909 0.3 -0.012 0.52 0.101249 -0.00753481 0.652221 0.00033795 -1.27356 -0.0148779 -2.33793 -0.0188534 1.02279 0.017087
11.91 0.3 -0.012 0.52 0.101415 -0.00754146 0.652029 0.000325713 -1.27356 -0.0148964 -2.33858 -0.0188644 1.02344 0.0170606
11.911 0.3 -0.012 0.52 0.101581 -0.00754811 0.651837 0.000313453 -1.27356 -0.0149149 -2.33923 -0.0188754 1.02408 0.0170341
11.912 0.3 -0.012 0.52 0.101747 -0.00755474 0.651644 0.000301171 -1.27356 -0.0149334 -2.33988 -0.0188864 1.02472 0.0170076
11.913 0.3 -0.012 0.52 0.101914 -0.00756137 0.651452 0.000288868 -1.27356 -0.0149519 -2.34052 -0.0188974 1.02536 0.016981
11.914 0.3 -0.012 0.52 0.10208 -0.007568 0.65126 0.000276541 -1.27356 -0.0149703 -2.34117 -0.0189083 1.026 0.0169545
11.915 0.3 -0.012 0.52 0.102246 -0.00757462 0.651068 0.000264193 -1.27356 -0.0149888 -2.34181 -0.0189193 1.02664 0.0169279
11.916 0.3 -0.012 0.52 0.102412 -0.00758123 0.650876 0.000251823 -1.27356 -0.0150073 -2.34246 -0.0189301 1.02728 0.0169013
11.917 0.3 -0.012 0.52 0.102578 -0.00758784 0.650684 0.00023943 -1.27355 -0.0150257 -2.3431 -0.018941 1.02792 0.0168747
11.918 0.3 -0.012 0.52 0.102745 -0.00759444 0.650492 0.000227016 -1.27355 -0.0150441 -2.34375 -0.0189519 1.02857 0.016848
11.919 0.3 -0.012 0.52 0.102911 -0.00760104 0.6503 0.000214579 -1.27354 -0.0150625 -2.34439 -0.0189627 1.02921 0.0168213
11.92 0.3 -0.012 0.52 0.103077 -0.00760763 0.650108 0.00020212 -1.27354 -0.0150809 -2.34503 -0.0189735 1.02985 0.0167946
11.921 0.3 -0.012 0.52 0.103244 -0.00761422 0.649916 0.000189639 -1.27353 -0.0150993 -2.34567 -0.0189843 1.03049 0.0167679
11.922 0.3 -0.012 0.52 0.10341 -0.00762079 0.649724 0.000177136 -1.27352 -0.0151177 -2.34631 -0.0189951 1.03113 0.0167412
11.923 0.3 -0.012 0.52 0.103576 -0.00762737 0.649533 0.000164611 -1.27352 -0.015136 -2.34695 -0.0190058 1.03178 0.0167144
11.924 0.3 -0.012 0.52 0.103743 -0.00763394 0.649341 0.000152063 -1.27351 -0.0151544 -2.34759 -0.0190165 1.03242 0.0166876
11.925 0.3 -0.012 0.52 0.103909 -0.0076405 0.64915 0.000139494 -1.2735 -0.0151727 -2.34823 -0.0190272 1.03306 0.0166608
11.926 0.3 -0.012 0.52 0.104076 -0.00764705 0.648958 0.000126902 -1.27349 -0.0151911 -2.34887 -0.0190379 1.0337 0.0166339
11.927 0.3 -0.012 0.52 0.104243 -0.0076536 0.648767 0.000114289 -1.27348 -0.0152094 -2.34951 -0.0190485 1.03435 0.0166071
11.928 0.3 -0.012 0.52 0.104409 -0.00766015 0.648575 0.000101653 -1.27346 -0.0152277 -2.35015 -0.0190592 1.03499 0.0165802
11.929 0.3 -0.012 0.52 0.104576 -0.00766669 0.648384 8.89949e-05 -1.27345 -0.015246 -2.35078 -0.0190698 1.03563 0.0165533
11.93 0.3 -0.012 0.52 0.104743 -0.00767322 0.648193 7.63149e-05 -1.27344 -0.0152643 -2.35142 -0.0190804 1.03627 0.0165263
11.931 0.3 -0.012 0.52 0.104909 -0.00767975 0.648002 6.36128e-05 -1.27342 -0.0152825 -2.35205 -0.0190909 1.03692 0.0164994
11.932 0.3 -0.012 0.52 0.105076 -0.00768627 0.647811 5.08886e-05 -1.27341 -0.0153008 -2.35269 -0.0191014 1.03756 0.0164724
11.933 0.3 -0.012 0.52 0.105243 -0.00769278 0.64762 3.81423e-05 -1.27339 -0.015319 -2.35332 -0.019112 1.0382 0.0164454
11.934 0.3 -0.012 0.52 0.10541 -0.00769929 0.647429 2.5374e-05 -1.27338 -0.0153372 -2.35396 -0.0191224 1.03885 0.0164183
11.935 0.3 -0.012 0.52 0.105577 -0.00770579 0.647238 1.25836e-05 -1.27336 -0.0153554 -2.35459 -0.0191329 1.03949 0.0163913
11.936 0.3 -0.012 0.52 0.105743 -0.00771229 0.647047 -2.28854e-07 -1.27334 -0.0153736 -2.35522 -0.0191433 1.04013 0.0163642
11.937 0.3 -0.012 0.52 0.10591 -0.00771878 0.646856 -1.30634e-05 -1.27332 -0.0153918 -2.35585 -0.0191538 1.04078 0.0163371
11.938 0.3 -0.012 0.52 0.106077 -0.00772527 0.646666 -2.59199e-05 -1.2733 -0.01541 -2.35648 -0.0191642 1.04142 0.01631
11.939 0.3 -0.012 0.52 0.106244 -0.00773175 0.646475 -3.87985e-05 -1.27328 -0.0154282 -2.35711 -0.0191745 1.04206 0.0162829
11.94 0.3 -0.012 0.52 0.106411 -0.00773822 0.646284 -5.16992e-05 -1.27326 -0.0154463 -2.35774 -0.0191849 1.04271 0.0162557
11.941 0.3 -0.012 0.52 0.106579 -0.00774469 0.646094 -6.46219e-05 -1.27324 -0.0154645 -2.35837 -0.0191952 1.04335 0.0162285
11.942 0.3 -0.012 0.52 0.106746 -0.00775115 0.645904 -7.75665e-05 -1.27322 -0.0154826 -2.359 -0.0192055 1.044 0.0162013
11.943 0.3 -0.012 0.52 0.106913 -0.00775761 0.645713 -9.05332e-05 -1.27319 -0.0155007 -2.35963 -0.0192158 1.04464 0.0161741
11.944 0.3 -0.012 0.52 0.10708 -0.00776406 0.645523 -0.000103522 -1.27317 -0.0155188 -2.36026 -0.019226 1.04528 0.0161468
11.945 0.3 -0.012 0.52 0.107247 -0.00777051 0.645333 -0.000116533 -1.27314 -0.0155369 -2.36088 -0.0192362 1.04593 0.0161195
11.946 0.3 -0.012 0.52 0.107415 -0.00777694 0.645142 -0.000129565 -1.27312 -0.0155549 -2.36151 -0.0192464 1.04657 0.0160922
11.947 0.3 -0.012 0.52 0.107582 -0.00778338 0.644952 -0.00014262 -1.27309 -0.015573 -2.36213 -0.0192566 1.04722 0.0160649
11.948 0.3 -0.012 0.52 0.107749 -0.0077898 0.644762 -0.000155697 -1.27306 -0.015591 -2.36276 -0.0192668 1.04786 0.0160375
11.949 0.3 -0.012 0.52 0.107917 -0.00779622 0.644572 -0.000168795 -1.27303 -0.015609 -2.36338 -0.0192769 1.04851 0.0160102
11.95 0.3 -0.012 0.52 0.108084 -0.00780264 0.644382 -0.000181916 -1.27301 -0.0156271 -2.364 -0.019287 1.04915 0.0159828
11.951 0.3 -0.012 0.52 0.108251 -0.00780905 0.644193 -0.000195058 -1.27298 -0.0156451 -2.36463 -0.0192971 1.0498 0.0159554
11.952 0.3 -0.012 0.52 0.108419 -0.00781545 0.644003 -0.000208223 -1.27295 -0.015663 -2.36525 -0.0193071 1.05044 0.0159279
11.953 0.3 -0.012 0.52 0.108586 -0.00782185 0.643813 -0.000221409 -1.27291 -0.015681 -2.36587 -0.0193172 1.05109 0.0159005
11.954 0.3 -0.012 0.52 0.108754 -0.00782824 0.643623 -0.000234617 -1.27288 -0.015699 -2.36649 -0.0193272 1.05173 0.015873
11.955 0.3 -0.012 0.52 0.108922 -0.00783463 0.643434 -0.000247848 -1.27285 -0.0157169 -2.36711 -0.0193371 1.05238 0.0158455
11.956 0.3 -0.012 0.52 0.109089 -0.00784101 0.643244 -0.0002611 -1.27282 -0.0157348 -2.36773 -0.0193471 1.05302 0.0158179
11.957 0.3 -0.012 0.52 0.109257 -0.00784738 0.643055 -0.000274374 -1.27278 -0.0157527 -2.36835 -0.019357 1.05367 0.0157904
11.958 0.3 -0.012 0.52 0.109425 -0.00785375 0.642865 -0.000287669 -1.27275 -0.0157706 -2.36897 -0.0193669 1.05432 0.0157628
11.959 0.3 -0.012 0.52 0.109592 -0.00786011 0.642676 -0.000300987 -1.27271 -0.0157885 -2.36958 -0.0193768 1.05496 0.0157352
11.96 0.3 -0.012 0.52 0.10976 -0.00786647 0.642487 -0.000314327 -1.27267 -0.0158064 -2.3702 -0.0193867 1.05561 0.0157076
11.961 0.3 -0.012 0.52 0.109928 -0.00787282 0.642298 -0.000327688 -1.27264 -0.0158242 -2.37082 -0.0193965 1.05625 0.01568
11.962 0.3 -0.012 0.52 0.110096 -0.00787916 0.642109 -0.000341071 -1.2726 -0.0158421 -2.37143 -0.0194063 1.0569 0.0156523
11.963 0.3 -0.012 0.52 0.110264 -0.0078855 0.64192 -0.000354476 -1.27256 -0.0158599 -2.37205 -0.0194161 1.05755 0.0156246
11.964 0.3 -0.012 0.52 0.110431 -0.00789183 0.641731 -0.000367903 -1.27252 -0.0158777 -2.37266 -0.0194259 1.05819 0.0155969
11.965 0.3 -0.012 0.52 0.110599 -0.00789816 0.641542 -0.000381352 -1.27248 -0.0158955 -2.37327 -0.0194356 1.05884 0.0155692
11.966 0.3 -0.012 0.52 0.110767 -0.00790448 0.641353 -0.000394822 -1.27244 -0.0159133 -2.37389 -0.0194453 1.05949 0.0155414
11.967 0.3 -0.012 0.52 0.110935 -0.00791079 0.641164 -0.000408314 -1.27239 -0.0159311 -2.3745 -0.019455 1.06013 0.0155137
11.968 0.3 -0.012 0.52 0.111103 -0.0079171 0.640975 -0.000421828 -1.27235 -0.0159488 -2.37511 -0.0194646 1.06078 0.0154859
11.969 0.3 -0.012 0.52 0.111272 -0.0079234 0.640787 -0.000435364 -1.27231 -0.0159665 -2.37572 -0.0194742 1.06143 0.015458
11.97 0.3 -0.012 0.52 0.11144 -0.0079297 0.640598 -0.000448921 -1.27226 -0.0159842 -2.37633 -0.0194838 1.06207 0.0154302
11.971 0.3 -0.012 0.52 0.111608 -0.00793599 0.64041 -0.0004625 -1.27222 -0.0160019 -2.37694 -0.0194934 1.06272 0.0154023
11.972 0.3 -0.012 0.52 0.111776 -0.00794227 0.640221 -0.000476101 -1.27217 -0.0160196 -2.37755 -0.019503 1.06337 0.0153745
11.973 0.3 -0.012 0.52 0.111944 -0.00794855 0.640033 -0.000489723 -1.27212 -0.0160373 -2.37816 -0.0195125 1.06402 0.0153466
11.974 0.3 -0.012 0.52 0.112112 -0.00795482 0.639844 -0.000503367 -1.27208 -0.016055 -2.37877 -0.019522 1.06466 0.0153186
11.975 0.3 -0.012 0.52 0.112281 -0.00796109 0.639656 -0.000517033 -1.27203 -0.0160726 -2.37937 -0.0195315 1.06531 0.0152907
11.976 0.3 -0.012 0.52 0.112449 -0.00796735 0.639468 -0.00053072 -1.27198 -0.0160902 -2.37998 -0.0195409 1.06596 0.0152627
11.977 0.3 -0.012 0.52 0.112617 -0.0079736 0.63928 -0.000544429 -1.27193 -0.0161078 -2.38059 -0.0195503 1.06661 0.0152347
11.978 0.3 -0.012 0.52 0.112786 -0.00797985 0.639092 -0.00055816 -1.27188 -0.0161254 -2.38119 -0.0195597 1.06725 0.0152067
11.979 0.3 -0.012 0.52 0.112954 -0.0079861 0.638904 -0.000571912 -1.27183 -0.016143 -2.3818 -0.0195691 1.0679 0.0151787
11.98 0.3 -0.012 0.52 0.113123 -0.00799233 0.638716 -0.000585686 -1.27177 -0.0161605 -2.3824 -0.0195785 1.06855 0.0151506
11.981 0.3 -0.012 0.52 0.113291 -0.00799856 0.638528 -0.000599481 -1.27172 -0.0161781 -2.383 -0.0195878 1.0692 0.0151226
11.982 0.3 -0.012 0.52 0.11346 -0.00800479 0.63834 -0.000613298 -1.27167 -0.0161956 -2.38361 -0.0195971 1.06985 0.0150945
11.983 0.3 -0.012 0.52 0.113628 -0.00801101 0.638153 -0.000627136 -1.27161 -0.0162131 -2.38421 -0.0196063 1.0705 0.0150664
11.984 0.3 -0.012 0.52 0.113797 -0.00801722 0.637965 -0.000640996 -1.27156 -0.0162306 -2.38481 -0.0196156 1.07114 0.0150382
11.985 0.3 -0.012 0.52 0.113966 -0.00802342 0.637777 -0.000654878 -1.2715 -0.0162481 -2.38541 -0.0196248 1.07179 0.0150101
11.986 0.3 -0.012 0.52 0.114134 -0.00802962 0.63759 -0.000668781 -1.27144 -0.0162655 -2.38601 -0.019634 1.07244 0.0149819
11.987 0.3 -0.012 0.52 0.114303 -0.00803582 0.637403 -0.000682705 -1.27138 -0.016283 -2.38661 -0.0196431 1.07309 0.0149537
11.988 0.3 -0.012 0.52 0.114472 -0.00804201 0.637215 -0.000696651 -1.27132 -0.0163004 -2.38721 -0.0196522 1.07374 0.0149255
11.989 0.3 -0.012 0.52 0.114641 -0.00804819 0.637028 -0.000710618 -1.27127 -0.0163178 -2.3878 -0.0196613 1.07439 0.0148972
11.99 0.3 -0.012 0.52 0.114809 -0.00805437 0.636841 -0.000724606 -1.2712 -0.0163352 -2.3884 -0.0196704 1.07504 0.014869
11.991 0.3 -0.012 0.52 0.114978 -0.00806054 0.636654 -0.000738616 -1.27114 -0.0163526 -2.389 -0.0196795 1.07569 0.0148407
11.992 0.3 -0.012 0.52 0.115147 -0.0080667 0.636466 -0.000752648 -1.27108 -0.0163699 -2.38959 -0.0196885 1.07634 0.0148124
11.993 0.3 -0.012 0.52 0.115316 -0.00807286 0.636279 -0.0007667 -1.27102 -0.0163873 -2.39019 -0.0196975 1.07699 0.014784
11.994 0.3 -0.012 0.52 0.115485 -0.00807901 0.636093 -0.000780774 -1.27096 -0.0164046 -2.39078 -0.0197065 1.07764 0.0147557
11.995 0.3 -0.012 0.52 0.115654 -0.00808516 0.635906 -0.00079487 -1.27089 -0.0164219 -2.39138 -0.0197154 1.07829 0.0147273
11.996 0.3 -0.012 0.52 0.115823 -0.0080913 0.635719 -0.000808986 -1.27083 -0.0164392 -2.39197 -0.0197243 1.07894 0.014699
11.997 0.3 -0.012 0.52 0.115992 -0.00809743 0.635532 -0.000823124 -1.27076 -0.0164564 -2.39256 -0.0197332 1.07959 0.0146705
11.998 0.3 -0.012 0.52 0.116161 -0.00810356 0.635345 -0.000837283 -1.27069 -0.0164737 -2.39316 -0.019742 1.08024 0.0146421
11.999 0.3 -0.012 0.52 0.116331 -0.00810968 0.635159 -0.000851464 -1.27063 -0.0164909 -2.39375 -0.0197509 1.08089 0.0146137
12 0.3 -0.012 0.52 0.1165 -0.0081158 0.634972 -0.000865665 -1.27056 -0.0165081 -2.39434 -0.0197597 1.08154 0.0145852
12.001 0.3 -0.012 0.52 0.116669 -0.00812191 0.634786 -0.000879888 -1.27049 -0.0165253 -2.39493 -0.0197685 1.08219 0.0145567
12.002 0.3 -0.012 0.52 0.116838 -0.00812801 0.6346 -0.000894132 -1.27042 -0.0165425 -2.39552 -0.0197772 1.08284 0.0145282
12.003 0.3 -0.012 0.52 0.117008 -0.00813411 0.634413 -0.000908397 -1.27035 -0.0165597 -2.39611 -0.0197859 1.08349 0.0144997
12.004 0.3 -0.012 0.52 0.117177 -0.0081402 0.634227 -0.000922683 -1.27028 -0.0165768 -2.39669 -0.0197946 1.08414 0.0144711
12.005 0.3 -0.012 0.52 0.117346 -0.00814629 0.634041 -0.00093699 -1.2702 -0.0165939 -2.39728 -0.0198033 1.08479 0.0144426
12.006 0.3 -0.012 0.52 0.117516 -0.00815236 0.633855 -0.000951319 -1.27013 -0.016611 -2.39787 -0.0198119 1.08544 0.014414
12.007 0.3 -0.012 0.52 0.117685 -0.00815844 0.633669 -0.000965668 -1.27006 -0.0166281 -2.39846 -0.0198205 1.0861 0.0143854
12.008 0.3 -0.012 0.52 0.117855 -0.00816451 0.633483 -0.000980038 -1.26998 -0.0166452 -2.39904 -0.0198291 1.08675 0.0143568
12.009 0.3 -0.012 0.52 0.118024 -0.00817057 0.633297 -0.00099443 -1.26991 -0.0166623 -2.39963 -0.0198377 1.0874 0.0143281
12.01 0.3 -0.012 0.52 0.118194 -0.00817662 0.633111 -0.00100884 -1.26983 -0.0166793 -2.40021 -0.0198462 1.08805 0.0142994
12.011 0.3 -0.012 0.52 0.118363 -0.00818267 0.632925 -0.00102328 -1.26975 -0.0166963 -2.40079 -0.0198547 1.0887 0.0142708
12.012 0.3 -0.012 0.52 0.118533 -0.00818871 0.63274 -0.00103773 -1.26967 -0.0167133 -2.40138 -0.0198631 1.08935 0.0142421
12.013 0.3 -0.012 0.52 0.118702 -0.00819475 0.632554 -0.00105221 -1.26959 -0.0167303 -2.40196 -0.0198716 1.09001 0.0142133
12.014 0.3 -0.012 0.52 0.118872 -0.00820078 0.632369 -0.0010667 -1.26951 -0.0167472 -2.40254 -0.01988 1.09066 0.0141846
12.015 0.3 -0.012 0.52 0.119042 -0.00820681 0.632183 -0.00108122 -1.26943 -0.0167642 -2.40312 -0.0198884 1.09131 0.0141558
12.016 0.3 -0.012 0.52 0.119212 -0.00821282 0.631998 -0.00109576 -1.26935 -0.0167811 -2.4037 -0.0198967 1.09196 0.014127
12.017 0.3 -0.012 0.52 0.119381 -0.00821884 0.631812 -0.00111031 -1.26927 -0.016798 -2.40428 -0.0199051 1.09262 0.0140982
12.018 0.3 -0.012 0.52 0.119551 -0.00822484 0.631627 -0.00112489 -1.26919 -0.0168149 -2.40486 -0.0199134 1.09327 0.0140694
12.019 0.3 -0.012 0.52 0.119721 -0.00823084 0.631442 -0.00113949 -1.2691 -0.0168317 -2.40544 -0.0199216 1.09392 0.0140406
12.02 0.3 -0.012 0.52 0.119891 -0.00823684 0.631257 -0.00115412 -1.26902 -0.0168486 -2.40601 -0.0199299 1.09457 0.0140117
12.021 0.3 -0.012 0.52 0.120061 -0.00824283 0.631072 -0.00116876 -1.26893 -0.0168654 -2.40659 -0.0199381 1.09523 0.0139828
12.022 0.3 -0.012 0.52 0.120231 -0.00824881 0.630887 -0.00118342 -1.26885 -0.0168822 -2.40717 -0.0199462 1.09588 0.0139539
12.023 0.3 -0.012 0.52 0.120401 -0.00825478 0.630702 -0.0011981 -1.26876 -0.016899 -2.40774 -0.0199544 1.09653 0.013925
12.024 0.3 -0.012 0.52 0.120571 -0.00826075 0.630517 -0.00121281 -1.26867 -0.0169157 -2.40832 -0.0199625 1.09719 0.0138961
12.025 0.3 -0.012 0.52 0.120741 -0.00826672 0.630333 -0.00122753 -1.26859 -0.0169325 -2.40889 -0.0199706 1.09784 0.0138671
12.026 0.3 -0.012 0.52 0.120911 -0.00827267 0.630148 -0.00124228 -1.2685 -0.0169492 -2.40947 -0.0199787 1.09849 0.0138382
12.027 0.3 -0.012 0.52 0.121081 -0.00827863 0.629963 -0.00125704 -1.26841 -0.0169659 -2.41004 -0.0199867 1.09915 0.0138092
12.028 0.3 -0.012 0.52 0.121251 -0.00828457 0.629779 -0.00127183 -1.26831 -0.0169826 -2.41061 -0.0199947 1.0998 0.0137802
12.029 0.3 -0.012 0.52 0.121422 -0.00829051 0.629594 -0.00128663 -1.26822 -0.0169992 -2.41118 -0.0200027 1.10046 0.0137511
12.03 0.3 -0.012 0.52 0.121592 -0.00829644 0.62941 -0.00130146 -1.26813 -0.0170159 -2.41175 -0.0200106 1.10111 0.0137221
12.031 0.3 -0.012 0.52 0.121762 -0.00830237 0.629226 -0.00131631 -1.26804 -0.0170325 -2.41232 -0.0200186 1.10176 0.013693
12.032 0.3 -0.012 0.52 0.121933 -0.00830829 0.629042 -0.00133118 -1.26794 -0.0170491 -2.41289 -0.0200264 1.10242 0.013664
12.033 0.3 -0.012 0.52 0.122103 -0.0083142 0.628857 -0.00134606 -1.26785 -0.0170657 -2.41346 -0.0200343 1.10307 0.0136349
12.034 0.3 -0.012 0.52 0.122273 -0.00832011 0.628673 -0.00136097 -1.26775 -0.0170822 -2.41403 -0.0200421 1.10373 0.0136057
12.035 0.3 -0.012 0.52 0.122444 -0.00832602 0.628489 -0.0013759 -1.26765 -0.0170988 -2.4146 -0.0200499 1.10438 0.0135766
12.036 0.3 -0.012 0.52 0.122614 -0.00833191 0.628305 -0.00139085 -1.26756 -0.0171153 -2.41516 -0.0200577 1.10504 0.0135475
12.037 0.3 -0.012 0.52 0.122785 -0.0083378 0.628122 -0.00140582 -1.26746 -0.0171318 -2.41573 -0.0200654 1.10569 0.0135183
12.038 0.3 -0.012 0.52 0.122955 -0.00834369 0.627938 -0.00142081 -1.26736 -0.0171483 -2.4163 -0.0200731 1.10635 0.0134891
12.039 0.3 -0.012 0.52 0.123126 -0.00834956 0.627754 -0.00143582 -1.26726 -0.0171647 -2.41686 -0.0200808 1.107 0.0134599
12.04 0.3 -0.012 0.52 0.123297 -0.00835543 0.627571 -0.00145085 -1.26716 -0.0171812 -2.41742 -0.0200885 1.10766 0.0134307
12.041 0.3 -0.012 0.52 0.123467 -0.0083613 0.627387 -0.0014659 -1.26706 -0.0171976 -2.41799 -0.0200961 1.10831 0.0134014
12.042 0.3 -0.012 0.52 0.123638 -0.00836716 0.627203 -0.00148097 -1.26695 -0.017214 -2.41855 -0.0201037 1.10897 0.0133722
12.043 0.3 -0.012 0.52 0.123809 -0.00837301 0.62702 -0.00149606 -1.26685 -0.0172303 -2.41911 -0.0201112 1.10963 0.0133429
12.044 0.3 -0.012 0.52 0.123979 -0.00837886 0.626837 -0.00151117 -1.26675 -0.0172467 -2.41967 -0.0201187 1.11028 0.0133136
12.045 0.3 -0.012 0.52 0.12415 -0.0083847 0.626654 -0.0015263 -1.26664 -0.017263 -2.42023 -0.0201262 1.11094 0.0132843
12.046 0.3 -0.012 0.52 0.124321 -0.00839053 0.62647 -0.00154145 -1.26654 -0.0172793 -2.42079 -0.0201337 1.11159 0.0132549
12.047 0.3 -0.012 0.52 0.124492 -0.00839636 0.626287 -0.00155662 -1.26643 -0.0172956 -2.42135 -0.0201411 1.11225 0.0132256
12.048 0.3 -0.012 0.52 0.124663 -0.00840218 0.626104 -0.00157181 -1.26632 -0.0173119 -2.42191 -0.0201485 1.11291 0.0131962
12.049 0.3 -0.012 0.52 0.124834 -0.008408 0.625921 -0.00158702 -1.26621 -0.0173281 -2.42247 -0.0201559 1.11356 0.0131669
12.05 0.3 -0.012 0.52 0.125005 -0.00841381 0.625738 -0.00160226 -1.26611 -0.0173443 -2.42303 -0.0201632 1.11422 0.0131375
12.051 0.3 -0.012 0.52 0.125176 -0.00841961 0.625556 -0.00161751 -1.266 -0.0173605 -2.42358 -0.0201706 1.11488 0.013108
12.052 0.3 -0.012 0.52 0.125347 -0.00842541 0.625373 -0.00163278 -1.26588 -0.0173767 -2.42414 -0.0201778 1.11553 0.0130786
12.053 0.3 -0.012 0.52 0.125518 -0.0084312 0.62519 -0.00164806 -1.26577 -0.0173928 -2.4247 -0.0201851 1.11619 0.0130492
12.054 0.3 -0.012 0.52 0.125689 -0.00843699 0.625008 -0.00166337 -1.26566 -0.017409 -2.42525 -0.0201923 1.11685 0.0130197
12.055 0.3 -0.012 0.52 0.12586 -0.00844277 0.624825 -0.0016787 -1.26555 -0.0174251 -2.4258 -0.0201995 1.1175 0.0129902
12.056 0.3 -0.012 0.52 0.126031 -0.00844854 0.624643 -0.00169405 -1.26543 -0.0174412 -2.42636 -0.0202066 1.11816 0.0129607
12.057 0.3 -0.012 0.52 0.126203 -0.00845431 0.624461 -0.00170942 -1.26532 -0.0174572 -2.42691 -0.0202138 1.11882 0.0129312
12.058 0.3 -0.012 0.52 0.126374 -0.00846007 0.624278 -0.00172481 -1.2652 -0.0174733 -2.42746 -0.0202209 1.11948 0.0129017
12.059 0.3 -0.012 0.52 0.126545 -0.00846582 0.624096 -0.00174022 -1.26509 -0.0174893 -2.42801 -0.0202279 1.12013 0.0128721
12.06 0.3 -0.012 0.52 0.126717 -0.00847157 0.623914 -0.00175564 -1.26497 -0.0175053 -2.42856 -0.0202349 1.12079 0.0128426
12.061 0.3 -0.012 0.52 0.126888 -0.00847731 0.623732 -0.00177109 -1.26485 -0.0175212 -2.42911 -0.0202419 1.12145 0.012813
12.062 0.3 -0.012 0.52 0.127059 -0.00848305 0.62355 -0.00178656 -1.26473 -0.0175372 -2.42966 -0.0202489 1.12211 0.0127834
12.063 0.3 -0.012 0.52 0.127231 -0.00848878 0.623368 -0.00180204 -1.26461 -0.0175531 -2.43021 -0.0202558 1.12277 0.0127538
12.064 0.3 -0.012 0.52 0.127402 -0.0084945 0.623186 -0.00181755 -1.26449 -0.017569 -2.43076 -0.0202627 1.12342 0.0127242
12.065 0.3 -0.012 0.52 0.127574 -0.00850022 0.623005 -0.00183307 -1.26437 -0.0175849 -2.43131 -0.0202696 1.12408 0.0126945
12.066 0.3 -0.012 0.52 0.127745 -0.00850593 0.622823 -0.00184861 -1.26425 -0.0176007 -2.43185 -0.0202765 1.12474 0.0126648
12.067 0.3 -0.012 0.52 0.127917 -0.00851163 0.622641 -0.00186418 -1.26412 -0.0176166 -2.4324 -0.0202833 1.1254 0.0126352
12.068 0.3 -0.012 0.52 0.128089 -0.00851733 0.62246 -0.00187976 -1.264 -0.0176324 -2.43294 -0.02029 1.12606 0.0126055
12.069 0.3 -0.012 0.52 0.12826 -0.00852302 0.622279 -0.00189536 -1.26388 -0.0176482 -2.43349 -0.0202968 1.12672 0.0125758
12.07 0.3 -0.012 0.52 0.128432 -0.00852871 0.622097 -0.00191098 -1.26375 -0.0176639 -2.43403 -0.0203035 1.12738 0.0125461
12.071 0.3 -0.012 0.52 0.128604 -0.00853439 0.621916 -0.00192662 -1.26362 -0.0176797 -2.43457 -0.0203102 1.12804 0.0125163
12.072 0.3 -0.012 0.52 0.128775 -0.00854006 0.621735 -0.00194228 -1.2635 -0.0176954 -2.43512 -0.0203168 1.1287 0.0124866
12.073 0.3 -0.012 0.52 0.128947 -0.00854573 0.621554 -0.00195796 -1.26337 -0.0177111 -2.43566 -0.0203234 1.12936 0.0124568
12.074 0.3 -0.012 0.52 0.129119 -0.00855139 0.621373 -0.00197365 -1.26324 -0.0177267 -2.4362 -0.02033 1.13002 0.012427
12.075 0.3 -0.012 0.52 0.129291 -0.00855705 0.621192 -0.00198937 -1.26311 -0.0177424 -2.43674 -0.0203366 1.13068 0.0123972
12.076 0.3 -0.012 0.52 0.129463 -0.0085627 0.621011 -0.0020051 -1.26298 -0.017758 -2.43728 -0.0203431 1.13134 0.0123674
12.077 0.3 -0.012 0.52 0.129635 -0.00856834 0.62083 -0.00202086 -1.26285 -0.0177736 -2.43782 -0.0203496 1.132 0.0123376
12.078 0.3 -0.012 0.52 0.129807 -0.00857398 0.620649 -0.00203663 -1.26272 -0.0177892 -2.43836 -0.020356 1.13266 0.0123077
12.079 0.3 -0.012 0.52 0.129979 -0.00857961 0.620469 -0.00205242 -1.26258 -0.0178047 -2.43889 -0.0203624 1.13332 0.0122779
12.08 0.3 -0.012 0.52 0.130151 -0.00858523 0.620288 -0.00206823 -1.26245 -0.0178202 -2.43943 -0.0203688 1.13398 0.012248
12.081 0.3 -0.012 0.52 0.130323 -0.00859085 0.620108 -0.00208406 -1.26231 -0.0178357 -2.43997 -0.0203752 1.13464 0.0122181
12.082 0.3 -0.012 0.52 0.130495 -0.00859646 0.619928 -0.0020999 -1.26218 -0.0178512 -2.4405 -0.0203815 1.1353 0.0121882
12.083 0.3 -0.012 0.52 0.130668 -0.00860206 0.619747 -0.00211577 -1.26204 -0.0178666 -2.44104 -0.0203878 1.13596 0.0121583
12.084 0.3 -0.012 0.52 0.13084 -0.00860766 0.619567 -0.00213165 -1.2619 -0.0178821 -2.44157 -0.020394 1.13662 0.0121284
12.085 0.3 -0.012 0.52 0.131012 -0.00861326 0.619387 -0.00214756 -1.26177 -0.0178975 -2.4421 -0.0204003 1.13728 0.0120985
12.086 0.3 -0.012 0.52 0.131184 -0.00861884 0.619207 -0.00216348 -1.26163 -0.0179128 -2.44264 -0.0204064 1.13794 0.0120685
12.087 0.3 -0.012 0.52 0.131357 -0.00862442 0.619027 -0.00217942 -1.26149 -0.0179282 -2.44317 -0.0204126 1.1386 0.0120385
12.088 0.3 -0.012 0.52 0.131529 -0.00863 0.618847 -0.00219538 -1.26135 -0.0179435 -2.4437 -0.0204187 1.13926 0.0120085
12.089 0.3 -0.012 0.52 0.131701 -0.00863557 0.618667 -0.00221135 -1.2612 -0.0179588 -2.44423 -0.0204248 1.13993 0.0119785
12.09 0.3 -0.012 0.52 0.131874 -0.00864113 0.618487 -0.00222735 -1.26106 -0.0179741 -2.44476 -0.0204309 1.14059 0.0119485
12.091 0.3 -0.012 0.52 0.132046 -0.00864668 0.618308 -0.00224336 -1.26092 -0.0179893 -2.44529 -0.0204369 1.14125 0.0119185
12.092 0.3 -0.012 0.52 0.132219 -0.00865223 0.618128 -0.00225939 -1.26077 -0.0180045 -2.44582 -0.0204429 1.14191 0.0118885
12.093 0.3 -0.012 0.52 0.132391 -0.00865777 0.617949 -0.00227544 -1.26063 -0.0180197 -2.44635 -0.0204488 1.14257 0.0118584
12.094 0.3 -0.012 0.52 0.132564 -0.00866331 0.617769 -0.00229151 -1.26048 -0.0180349 -2.44687 -0.0204547 1.14324 0.0118283
12.095 0.3 -0.012 0.52 0.132737 -0.00866884 0.61759 -0.0023076 -1.26034 -0.01805 -2.4474 -0.0204606 1.1439 0.0117983
12.096 0.3 -0.012 0.52 0.132909 -0.00867437 0.617411 -0.0023237 -1.26019 -0.0180652 -2.44792 -0.0204665 1.14456 0.0117682
12.097 0.3 -0.012 0.52 0.133082 -0.00867988 0.617232 -0.00233982 -1.26004 -0.0180803 -2.44845 -0.0204723 1.14522 0.0117381
12.098 0.3 -0.012 0.52 0.133255 -0.0086854 0.617052 -0.00235597 -1.25989 -0.0180953 -2.44897 -0.0204781 1.14589 0.0117079
12.099 0.3 -0.012 0.52 0.133428 -0.0086909 0.616873 -0.00237212 -1.25974 -0.0181104 -2.4495 -0.0204838 1.14655 0.0116778
12.1 0.3 -0.012 0.52 0.1336 -0.0086964 0.616694 -0.0023883 -1.25959 -0.0181254 -2.45002 -0.0204895 1.14721 0.0116477
12.101 0.3 -0.012 0.52 0.133773 -0.0087019 0.616516 -0.00240449 -1.25944 -0.0181404 -2.45054 -0.0204952 1.14787 0.0116175
12.102 0.3 -0.012 0.52 0.133946 -0.00870738 0.616337 -0.00242071 -1.25929 -0.0181553 -2.45106 -0.0205009 1.14854 0.0115873
12.103 0.3 -0.012 0.52 0.134119 -0.00871286 0.616158 -0.00243693 -1.25913 -0.0181703 -2.45158 -0.0205065 1.1492 0.0115572
12.104 0.3 -0.012 0.52 0.134292 -0.00871834 0.61598 -0.00245318 -1.25898 -0.0181852 -2.4521 -0.0205121 1.14987 0.011527
12.105 0.3 -0.012 0.52 0.134465 -0.00872381 0.615801 -0.00246945 -1.25882 -0.0182 -2.45262 -0.0205176 1.15053 0.0114968
12.106 0.3 -0.012 0.52 0.134638 -0.00872927 0.615623 -0.00248573 -1.25867 -0.0182149 -2.45314 -0.0205231 1.15119 0.0114665
12.107 0.3 -0.012 0.52 0.134811 -0.00873472 0.615444 -0.00250203 -1.25851 -0.0182297 -2.45366 -0.0205286 1.15186 0.0114363
12.108 0.3 -0.012 0.52 0.134984 -0.00874017 0.615266 -0.00251835 -1.25835 -0.0182445 -2.45418 -0.020534 1.15252 0.0114061
12.109 0.3 -0.012 0.52 0.135157 -0.00874562 0.615088 -0.00253468 -1.25819 -0.0182593 -2.45469 -0.0205395 1.15318 0.0113758
12.11 0.3 -0.012 0.52 0.135331 -0.00875105 0.61491 -0.00255103 -1.25803 -0.0182741 -2.45521 -0.0205448 1.15385 0.0113455
12.111 0.3 -0.012 0.52 0.135504 -0.00875648 0.614732 -0.0025674 -1.25787 -0.0182888 -2.45572 -0.0205502 1.15451 0.0113152
12.112 0.3 -0.012 0.52 0.135677 -0.00876191 0.614554 -0.00258379 -1.25771 -0.0183035 -2.45624 -0.0205555 1.15518 0.011285
12.113 0.3 -0.012 0.52 0.13585 -0.00876733 0.614376 -0.0026002 -1.25755 -0.0183181 -2.45675 -0.0205607 1.15584 0.0112546
12.114 0.3 -0.012 0.52 0.136024 -0.00877274 0.614198 -0.00261662 -1.25739 -0.0183328 -2.45726 -0.020566 1.15651 0.0112243
12.115 0.3 -0.012 0.52 0.136197 -0.00877814 0.614021 -0.00263306 -1.25722 -0.0183474 -2.45778 -0.0205712 1.15717 0.011194
12.116 0.3 -0.012 0.52 0.136371 -0.00878354 0.613843 -0.00264951 -1.25706 -0.018362 -2.45829 -0.0205763 1.15784 0.0111637
12.117 0.3 -0.012 0.52 0.136544 -0.00878894 0.613666 -0.00266599 -1.25689 -0.0183765 -2.4588 -0.0205815 1.1585 0.0111333
12.118 0.3 -0.012 0.52 0.136718 -0.00879432 0.613488 -0.00268248 -1.25673 -0.0183911 -2.45931 -0.0205865 1.15917 0.011103
12.119 0.3 -0.012 0.52 0.136891 -0.00879971 0.613311 -0.00269898 -1.25656 -0.0184056 -2.45982 -0.0205916 1.15983 0.0110726
12.12 0.3 -0.012 0.52 0.137065 -0.00880508 0.613134 -0.00271551 -1.25639 -0.01842 -2.46033 -0.0205966 1.1605 0.0110422
12.121 0.3 -0.012 0.52 0.137238 -0.00881045 0.612956 -0.00273205 -1.25622 -0.0184345 -2.46083 -0.0206016 1.16117 0.0110118
12.122 0.3 -0.012 0.52 0.137412 -0.00881581 0.612779 -0.0027486 -1.25605 -0.0184489 -2.46134 -0.0206066 1.16183 0.0109814
12.123 0.3 -0.012 0.52 0.137586 -0.00882117 0.612602 -0.00276518 -1.25588 -0.0184633 -2.46185 -0.0206115 1.1625 0.010951
12.124 0.3 -0.012 0.52 0.137759 -0.00882652 0.612425 -0.00278177 -1.25571 -0.0184776 -2.46235 -0.0206164 1.16316 0.0109206
12.125 0.3 -0.012 0.52 0.137933 -0.00883186 0.612249 -0.00279838 -1.25554 -0.018492 -2.46286 -0.0206212 1.16383 0.0108901
12.126 0.3 -0.012 0.52 0.138107 -0.0088372 0.612072 -0.002815 -1.25537 -0.0185063 -2.46336 -0.020626 1.1645 0.0108597
12.127 0.3 -0.012 0.52 0.138281 -0.00884253 0.611895 -0.00283164 -1.25519 -0.0185206 -2.46387 -0.0206308 1.16516 0.0108292
12.128 0.3 -0.012 0.52 0.138455 -0.00884785 0.611719 -0.0028483 -1.25502 -0.0185348 -2.46437 -0.0206355 1.16583 0.0107987
12.129 0.3 -0.012 0.52 0.138629 -0.00885317 0.611542 -0.00286497 -1.25484 -0.018549 -2.46487 -0.0206402 1.1665 0.0107683
12.13 0.3 -0.012 0.52 0.138803 -0.00885848 0.611366 -0.00288166 -1.25466 -0.0185632 -2.46537 -0.0206449 1.16716 0.0107378
12.131 0.3 -0.012 0.52 0.138977 -0.00886379 0.611189 -0.00289837 -1.25449 -0.0185774 -2.46587 -0.0206495 1.16783 0.0107073
12.132 0.3 -0.012 0.52 0.139151 -0.00886909 0.611013 -0.00291509 -1.25431 -0.0185915 -2.46637 -0.0206541 1.1685 0.0106768
12.133 0.3 -0.012 0.52 0.139325 -0.00887438 0.610837 -0.00293183 -1.25413 -0.0186056 -2.46687 -0.0206587 1.16916 0.0106462
12.134 0.3 -0.012 0.52 0.139499 -0.00887967 0.610661 -0.00294859 -1.25395 -0.0186197 -2.46737 -0.0206632 1.16983 0.0106157
12.135 0.3 -0.012 0.52 0.139673 -0.00888495 0.610485 -0.00296536 -1.25377 -0.0186337 -2.46787 -0.0206677 1.1705 0.0105852
12.136 0.3 -0.012 0.52 0.139847 -0.00889023 0.610309 -0.00298215 -1.25359 -0.0186478 -2.46837 -0.0206721 1.17117 0.0105546
12.137 0.3 -0.012 0.52 0.140021 -0.00889549 0.610133 -0.00299895 -1.2534 -0.0186618 -2.46886 -0.0206765 1.17184 0.0105241
12.138 0.3 -0.012 0.52 0.140196 -0.00890076 0.609958 -0.00301577 -1.25322 -0.0186757 -2.46936 -0.0206809 1.1725 0.0104935
12.139 0.3 -0.012 0.52 0.14037 -0.00890601 0.609782 -0.0030326 -1.25304 -0.0186896 -2.46985 -0.0206852 1.17317 0.0104629
12.14 0.3 -0.012 0.52 0.140544 -0.00891126 0.609606 -0.00304946 -1.25285 -0.0187035 -2.47035 -0.0206895 1.17384 0.0104323
12.141 0.3 -0.012 0.52 0.140719 -0.0089165 0.609431 -0.00306632 -1.25266 -0.0187174 -2.47084 -0.0206938 1.17451 0.0104018
12.142 0.3 -0.012 0.52 0.140893 -0.00892174 0.609256 -0.00308321 -1.25248 -0.0187313 -2.47133 -0.020698 1.17518 0.0103712
12.143 0.3 -0.012 0.52 0.141068 -0.00892697 0.60908 -0.0031001 -1.25229 -0.0187451 -2.47183 -0.0207022 1.17585 0.0103405
12.144 0.3 -0.012 0.52 0.141242 -0.0089322 0.608905 -0.00311702 -1.2521 -0.0187588 -2.47232 -0.0207064 1.17651 0.0103099
12.145 0.3 -0.012 0.52 0.141417 -0.00893742 0.60873 -0.00313395 -1.25191 -0.0187726 -2.47281 -0.0207105 1.17718 0.0102793
12.146 0.3 -0.012 0.52 0.141591 -0.00894263 0.608555 -0.00315089 -1.25172 -0.0187863 -2.4733 -0.0207146 1.17785 0.0102487
12.147 0.3 -0.012 0.52 0.141766 -0.00894783 0.60838 -0.00316785 -1.25153 -0.0188 -2.47379 -0.0207186 1.17852 0.010218
12.148 0.3 -0.012 0.52 0.14194 -0.00895303 0.608205 -0.00318483 -1.25134 -0.0188137 -2.47428 -0.0207226 1.17919 0.0101874
12.149 0.3 -0.012 0.52 0.142115 -0.00895823 0.608031 -0.00320182 -1.25114 -0.0188273 -2.47476 -0.0207266 1.17986 0.0101567
12.15 0.3 -0.012 0.52 0.14229 -0.00896342 0.607856 -0.00321882 -1.25095 -0.0188409 -2.47525 -0.0207306 1.18053 0.010126
12.151 0.3 -0.012 0.52 0.142465 -0.0089686 0.607681 -0.00323585 -1.25075 -0.0188545 -2.47574 -0.0207344 1.1812 0.0100953
12.152 0.3 -0.012 0.52 0.142639 -0.00897377 0.607507 -0.00325288 -1.25056 -0.018868 -2.47622 -0.0207383 1.18187 0.0100647
12.153 0.3 -0.012 0.52 0.142814 -0.00897894 0.607333 -0.00326993 -1.25036 -0.0188815 -2.47671 -0.0207421 1.18254 0.010034
12.154 0.3 -0.012 0.52 0.142989 -0.0089841 0.607158 -0.003287 -1.25016 -0.018895 -2.47719 -0.0207459 1.18321 0.0100033
12.155 0.3 -0.012 0.52 0.143164 -0.00898926 0.606984 -0.00330408 -1.24997 -0.0189085 -2.47767 -0.0207497 1.18388 0.00997256
12.156 0.3 -0.012 0.52 0.143339 -0.00899441 0.60681 -0.00332118 -1.24977 -0.0189219 -2.47816 -0.0207534 1.18455 0.00994185
12.157 0.3 -0.012 0.52 0.143514 -0.00899955 0.606636 -0.00333829 -1.24957 -0.0189353 -2.47864 -0.020757 1.18522 0.00991112
12.158 0.3 -0.012 0.52 0.143689 -0.00900469 0.606462 -0.00335542 -1.24937 -0.0189486 -2.47912 -0.0207607 1.18589 0.00988039
12.159 0.3 -0.012 0.52 0.143864 -0.00900982 0.606288 -0.00337256 -1.24916 -0.018962 -2.4796 -0.0207643 1.18656 0.00984966
12.16 0.3 -0.012 0.52 0.144039 -0.00901495 0.606114 -0.00338971 -1.24896 -0.0189752 -2.48008 -0.0207678 1.18723 0.00981891
12.161 0.3 -0.012 0.52 0.144214 -0.00902006 0.605941 -0.00340688 -1.24876 -0.0189885 -2.48056 -0.0207714 1.1879 0.00978816
12.162 0.3 -0.012 0.52 0.14439 -0.00902518 0.605767 -0.00342407 -1.24855 -0.0190017 -2.48103 -0.0207748 1.18858 0.00975741
12.163 0.3 -0.012 0.52 0.144565 -0.00903028 0.605594 -0.00344126 -1.24835 -0.0190149 -2.48151 -0.0207783 1.18925 0.00972664
12.164 0.3 -0.012 0.52 0.14474 -0.00903538 0.60542 -0.00345848 -1.24814 -0.0190281 -2.48199 -0.0207817 1.18992 0.00969587
12.165 0.3 -0.012 0.52 0.144916 -0.00904048 0.605247 -0.0034757 -1.24793 -0.0190413 -2.48246 -0.0207851 1.19059 0.00966509
12.166 0.3 -0.012 0.52 0.145091 -0.00904556 0.605074 -0.00349295 -1.24773 -0.0190544 -2.48294 -0.0207884 1.19126 0.00963431
12.167 0.3 -0.012 0.52 0.145266 -0.00905065 0.604901 -0.0035102 -1.24752 -0.0190674 -2.48341 -0.0207917 1.19193 0.00960352
12.168 0.3 -0.012 0.52 0.145442 -0.00905572 0.604728 -0.00352747 -1.24731 -0.0190805 -2.48389 -0.0207949 1.1926 0.00957273
12.169 0.3 -0.012 0.52 0.145617 -0.00906079 0.604555 -0.00354476 -1.2471 -0.0190935 -2.48436 -0.0207982 1.19328 0.00954192
12.17 0.3 -0.012 0.52 0.145793 -0.00906585 0.604382 -0.00356205 -1.24688 -0.0191065 -2.48483 -0.0208013 1.19395 0.00951112
12.171 0.3 -0.012 0.52 0.145968 -0.00907091 0.604209 -0.00357937 -1.24667 -0.0191194 -2.4853 -0.0208045 1.19462 0.0094803
12.172 0.3 -0.012 0.52 0.146144 -0.00907596 0.604036 -0.00359669 -1.24646 -0.0191323 -2.48577 -0.0208076 1.19529 0.00944949
12.173 0.3 -0.012 0.52 0.14632 -0.009081 0.603864 -0.00361403 -1.24624 -0.0191452 -2.48624 -0.0208107 1.19597 0.00941866
12.174 0.3 -0.012 0.52 0.146495 -0.00908604 0.603691 -0.00363138 -1.24603 -0.0191581 -2.48671 -0.0208137 1.19664 0.00938783
12.175 0.3 -0.012 0.52 0.146671 -0.00909107 0.603519 -0.00364875 -1.24581 -0.0191709 -2.48718 -0.0208167 1.19731 0.009357
12.176 0.3 -0.012 0.52 0.146847 -0.0090961 0.603347 -0.00366613 -1.2456 -0.0191837 -2.48765 -0.0208196 1.19798 0.00932616
12.177 0.3 -0.012 0.52 0.147023 -0.00910112 0.603175 -0.00368353 -1.24538 -0.0191964 -2.48812 -0.0208225 1.19866 0.00929531
12.178 0.3 -0.012 0.52 0.147198 -0.00910613 0.603002 -0.00370093 -1.24516 -0.0192092 -2.48858 -0.0208254 1.19933 0.00926446
12.179 0.3 -0.012 0.52 0.147374 -0.00911114 0.60283 -0.00371835 -1.24494 -0.0192219 -2.48905 -0.0208282 1.2 0.00923361
12.18 0.3 -0.012 0.52 0.14755 -0.00911614 0.602658 -0.00373579 -1.24472 -0.0192345 -2.48951 -0.020831 1.20068 0.00920275
12.181 0.3 -0.012 0.52 0.147726 -0.00912113 0.602487 -0.00375323 -1.2445 -0.0192471 -2.48998 -0.0208338 1.20135 0.00917188
12.182 0.3 -0.012 0.52 0.147902 -0.00912612 0.602315 -0.0037707 -1.24428 -0.0192597 -2.49044 -0.0208365 1.20203 0.00914101
12.183 0.3 -0.012 0.52 0.148078 -0.0091311 0.602143 -0.00378817 -1.24405 -0.0192723 -2.4909 -0.0208392 1.2027 0.00911014
12.184 0.3 -0.012 0.52 0.148254 -0.00913608 0.601972 -0.00380566 -1.24383 -0.0192848 -2.49136 -0.0208418 1.20337 0.00907926
12.185 0.3 -0.012 0.52 0.148431 -0.00914105 0.6018 -0.00382315 -1.2436 -0.0192973 -2.49182 -0.0208444 1.20405 0.00904838
12.186 0.3 -0.012 0.52 0.148607 -0.00914601 0.601629 -0.00384067 -1.24338 -0.0193098 -2.49228 -0.020847 1.20472 0.0090175
12.187 0.3 -0.012 0.52 0.148783 -0.00915097 0.601458 -0.00385819 -1.24315 -0.0193222 -2.49274 -0.0208495 1.2054 0.00898661
12.188 0.3 -0.012 0.52 0.148959 -0.00915592 0.601287 -0.00387573 -1.24292 -0.0193346 -2.4932 -0.020852 1.20607 0.00895571
12.189 0.3 -0.012 0.52 0.149135 -0.00916087 0.601115 -0.00389328 -1.2427 -0.019347 -2.49366 -0.0208544 1.20675 0.00892482
12.19 0.3 -0.012 0.52 0.149312 -0.0091658 0.600945 -0.00391084 -1.24247 -0.0193593 -2.49412 -0.0208568 1.20742 0.00889392
12.191 0.3 -0.012 0.52 0.149488 -0.00917074 0.600774 -0.00392842 -1.24224 -0.0193716 -2.49457 -0.0208592 1.2081 0.00886301
12.192 0.3 -0.012 0.52 0.149665 -0.00917566 0.600603 -0.00394601 -1.242 -0.0193838 -2.49503 -0.0208615 1.20877 0.00883211
12.193 0.3 -0.012 0.52 0.149841 -0.00918058 0.600432 -0.00396361 -1.24177 -0.0193961 -2.49548 -0.0208638 1.20945 0.0088012
12.194 0.3 -0.012 0.52 0.150018 -0.0091855 0.600262 -0.00398122 -1.24154 -0.0194083 -2.49594 -0.020866 1.21012 0.00877028
12.195 0.3 -0.012 0.52 0.150194 -0.0091904 0.600091 -0.00399885 -1.24131 -0.0194204 -2.49639 -0.0208682 1.2108 0.00873937
12.196 0.3 -0.012 0.52 0.150371 -0.00919531 0.599921 -0.00401648 -1.24107 -0.0194325 -2.49684 -0.0208704 1.21147 0.00870845
12.197 0.3 -0.012 0.52 0.150547 -0.0092002 0.59975 -0.00403413 -1.24084 -0.0194446 -2.49729 -0.0208725 1.21215 0.00867753
12.198 0.3 -0.012 0.52 0.150724 -0.00920509 0.59958 -0.00405179 -1.2406 -0.0194567 -2.49775 -0.0208746 1.21282 0.0086466
12.199 0.3 -0.012 0.52 0.150901 -0.00920997 0.59941 -0.00406947 -1.24036 -0.0194687 -2.4982 -0.0208767 1.2135 0.00861568
12.2 0.3 -0.012 0.52 0.151077 -0.00921485 0.59924 -0.00408715 -1.24012 -0.0194807 -2.49865 -0.0208787 1.21418 0.00858475
12.201 0.3 -0.012 0.52 0.151254 -0.00921972 0.59907 -0.00410485 -1.23988 -0.0194927 -2.49909 -0.0208806 1.21485 0.00855382
12.202 0.3 -0.012 0.52 0.151431 -0.00922459 0.5989 -0.00412256 -1.23964 -0.0195046 -2.49954 -0.0208826 1.21553 0.00852288
12.203 0.3 -0.012 0.52 0.151608 -0.00922944 0.598731 -0.00414028 -1.2394 -0.0195165 -2.49999 -0.0208845 1.2162 0.00849195
12.204 0.3 -0.012 0.52 0.151785 -0.0092343 0.598561 -0.00415801 -1.23916 -0.0195283 -2.50044 -0.0208863 1.21688 0.00846101
12.205 0.3 -0.012 0.52 0.151962 -0.00923914 0.598391 -0.00417575 -1.23892 -0.0195401 -2.50088 -0.0208881 1.21756 0.00843007
12.206 0.3 -0.012 0.52 0.152139 -0.00924398 0.598222 -0.00419351 -1.23867 -0.0195519 -2.50133 -0.0208899 1.21823 0.00839913
12.207 0.3 -0.012 0.52 0.152316 -0.00924882 0.598053 -0.00421127 -1.23843 -0.0195637 -2.50177 -0.0208916 1.21891 0.00836819
12.208 0.3 -0.012 0.52 0.152493 -0.00925364 0.597883 -0.00422905 -1.23818 -0.0195754 -2.50221 -0.0208933 1.21959 0.00833725
12.209 0.3 -0.012 0.52 0.15267 -0.00925847 0.597714 -0.00424684 -1.23794 -0.0195871 -2.50266 -0.0208949 1.22027 0.0083063
12.21 0.3 -0.012 0.52 0.152847 -0.00926328 0.597545 -0.00426464 -1.23769 -0.0195987 -2.5031 -0.0208965 1.22094 0.00827536
12.211 0.3 -0.012 0.52 0.153025 -0.00926809 0.597376 -0.00428245 -1.23744 -0.0196103 -2.50354 -0.0208981 1.22162 0.00824441
12.212 0.3 -0.012 0.52 0.153202 -0.00927289 0.597207 -0.00430027 -1.23719 -0.0196219 -2.50398 -0.0208996 1.2223 0.00821347
12.213 0.3 -0.012 0.52 0.153379 -0.00927769 0.597039 -0.0043181 -1.23694 -0.0196335 -2.50442 -0.0209011 1.22298 0.00818252
12.214 0.3 -0.012 0.52 0.153556 -0.00928248 0.59687 -0.00433595 -1.23669 -0.019645 -2.50486 -0.0209026 1.22365 0.00815157
12.215 0.3 -0.012 0.52 0.153734 -0.00928727 0.596701 -0.0043538 -1.23644 -0.0196564 -2.50529 -0.020904 1.22433 0.00812062
12.216 0.3 -0.012 0.52 0.153911 -0.00929204 0.596533 -0.00437166 -1.23619 -0.0196679 -2.50573 -0.0209053 1.22501 0.00808967
12.217 0.3 -0.012 0.52 0.154089 -0.00929682 0.596365 -0.00438954 -1.23593 -0.0196793 -2.50617 -0.0209066 1.22569 0.00805872
12.218 0.3 -0.012 0.52 0.154266 -0.00930158 0.596196 -0.00440742 -1.23568 -0.0196906 -2.5066 -0.0209079 1.22637 0.00802778
12.219 0.3 -0.012 0.52 0.154444 -0.00930634 0.596028 -0.00442532 -1.23542 -0.019702 -2.50704 -0.0209092 1.22705 0.00799683
12.22 0.3 -0.012 0.52 0.154621 -0.0093111 0.59586 -0.00444322 -1.23517 -0.0197133 -2.50747 -0.0209104 1.22772 0.00796588
12.221 0.3 -0.012 0.52 0.154799 -0.00931584 0.595692 -0.00446114 -1.23491 -0.0197245 -2.5079 -0.0209115 1.2284 0.00793493
12.222 0.3 -0.012 0.52 0.154977 -0.00932059 0.595524 -0.00447907 -1.23465 -0.0197357 -2.50834 -0.0209126 1.22908 0.00790398
12.223 0.3 -0.012 0.52 0.155154 -0.00932532 0.595357 -0.004497 -1.23439 -0.0197469 -2.50877 -0.0209137 1.22976 0.00787303
12.224 0.3 -0.012 0.52 0.155332 -0.00933005 0.595189 -0.00451495 -1.23413 -0.0197581 -2.5092 -0.0209148 1.23044 0.00784209
12.225 0.3 -0.012 0.52 0.15551 -0.00933478 0.595021 -0.00453291 -1.23387 -0.0197692 -2.50963 -0.0209158 1.23112 0.00781114
12.226 0.3 -0.012 0.52 0.155688 -0.00933949 0.594854 -0.00455087 -1.23361 -0.0197803 -2.51006 -0.0209167 1.2318 0.0077802
12.227 0.3 -0.012 0.52 0.155866 -0.0093442 0.594687 -0.00456885 -1.23335 -0.0197913 -2.51049 -0.0209176 1.23248 0.00774925
12.228 0.3 -0.012 0.52 0.156044 -0.00934891 0.594519 -0.00458683 -1.23309 -0.0198023 -2.51091 -0.0209185 1.23316 0.00771831
12.229 0.3 -0.012 0.52 0.156222 -0.00935361 0.594352 -0.00460483 -1.23282 -0.0198133 -2.51134 -0.0209193 1.23384 0.00768737
12.23 0.3 -0.012 0.52 0.1564 -0.0093583 0.594185 -0.00462283 -1.23256 -0.0198242 -2.51177 -0.0209201 1.23452 0.00765643
12.231 0.3 -0.012 0.52 0.156578 -0.00936299 0.594018 -0.00464084 -1.23229 -0.0198351 -2.51219 -0.0209209 1.2352 0.0076255
12.232 0.3 -0.012 0.52 0.156756 -0.00936767 0.593851 -0.00465887 -1.23202 -0.019846 -2.51262 -0.0209216 1.23588 0.00759456
12.233 0.3 -0.012 0.52 0.156934 -0.00937234 0.593685 -0.0046769 -1.23175 -0.0198568 -2.51304 -0.0209222 1.23656 0.00756363
12.234 0.3 -0.012 0.52 0.157112 -0.00937701 0.593518 -0.00469494 -1.23148 -0.0198676 -2.51346 -0.0209229 1.23724 0.00753269
12.235 0.3 -0.012 0.52 0.157291 -0.00938168 0.593352 -0.00471299 -1.23121 -0.0198784 -2.51389 -0.0209235 1.23792 0.00750177
12.236 0.3 -0.012 0.52 0.157469 -0.00938633 0.593185 -0.00473105 -1.23094 -0.0198891 -2.51431 -0.020924 1.2386 0.00747084
12.237 0.3 -0.012 0.52 0.157647 -0.00939098 0.593019 -0.00474912 -1.23067 -0.0198998 -2.51473 -0.0209245 1.23928 0.00743991
12.238 0.3 -0.012 0.52 0.157826 -0.00939563 0.592853 -0.00476719 -1.2304 -0.0199104 -2.51515 -0.020925 1.23996 0.00740899
12.239 0.3 -0.012 0.52 0.158004 -0.00940027 0.592686 -0.00478528 -1.23013 -0.019921 -2.51557 -0.0209254 1.24064 0.00737807
12.24 0.3 -0.012 0.52 0.158182 -0.0094049 0.59252 -0.00480337 -1.22985 -0.0199316 -2.51599 -0.0209257 1.24132 0.00734716
12.241 0.3 -0.012 0.52 0.158361 -0.00940952 0.592355 -0.00482147 -1.22958 -0.0199421 -2.5164 -0.0209261 1.242 0.00731624
12.242 0.3 -0.012 0.52 0.15854 -0.00941415 0.592189 -0.00483958 -1.2293 -0.0199526 -2.51682 -0.0209264 1.24269 0.00728533
12.243 0.3 -0.012 0.52 0.158718 -0.00941876 0.592023 -0.0048577 -1.22902 -0.0199631 -2.51724 -0.0209266 1.24337 0.00725443
12.244 0.3 -0.012 0.52 0.158897 -0.00942337 0.591857 -0.00487583 -1.22874 -0.0199735 -2.51765 -0.0209268 1.24405 0.00722353
12.245 0.3 -0.012 0.52 0.159075 -0.00942797 0.591692 -0.00489396 -1.22847 -0.0199839 -2.51806 -0.020927 1.24473 0.00719263
12.246 0.3 -0.012 0.52 0.159254 -0.00943257 0.591527 -0.00491211 -1.22819 -0.0199942 -2.51848 -0.0209271 1.24541 0.00716173
12.247 0.3 -0.012 0.52 0.159433 -0.00943716 0.591361 -0.00493026 -1.2279 -0.0200046 -2.51889 -0.0209272 1.24609 0.00713084
12.248 0.3 -0.012 0.52 0.159612 -0.00944174 0.591196 -0.00494842 -1.22762 -0.0200148 -2.5193 -0.0209273 1.24678 0.00709995
12.249 0.3 -0.012 0.52 0.159791 -0.00944632 0.591031 -0.00496658 -1.22734 -0.0200251 -2.51971 -0.0209273 1.24746 0.00706907
12.25 0.3 -0.012 0.52 0.15997 -0.00945089 0.590866 -0.00498476 -1.22706 -0.0200353 -2.52012 -0.0209272 1.24814 0.00703819
12.251 0.3 -0.012 0.52 0.160149 -0.00945546 0.590701 -0.00500294 -1.22677 -0.0200454 -2.52053 -0.0209271 1.24882 0.00700732
12.252 0.3 -0.012 0.52 0.160328 -0.00946002 0.590536 -0.00502113 -1.22649 -0.0200556 -2.52094 -0.020927 1.24951 0.00697645
12.253 0.3 -0.012 0.52 0.160507 -0.00946457 0.590372 -0.00503932 -1.2262 -0.0200657 -2.52135 -0.0209268 1.25019 0.00694558
12.254 0.3 -0.012 0.52 0.160686 -0.00946912 0.590207 -0.00505753 -1.22591 -0.0200757 -2.52176 -0.0209266 1.25087 0.00691472
12.255 0.3 -0.012 0.52 0.160865 -0.00947366 0.590043 -0.00507574 -1.22562 -0.0200857 -2.52216 -0.0209264 1.25155 0.00688387
12.256 0.3 -0.012 0.52 0.161044 -0.0094782 0.589878 -0.00509396 -1.22534 -0.0200957 -2.52257 -0.0209261 1.25224 0.00685302
12.257 0.3 -0.012 0.52 0.161223 -0.00948273 0.589714 -0.00511218 -1.22505 -0.0201056 -2.52297 -0.0209257 1.25292 0.00682217
12.258 0.3 -0.012 0.52 0.161403 -0.00948725 0.58955 -0.00513042 -1.22475 -0.0201155 -2.52338 -0.0209254 1.2536 0.00679133
12.259 0.3 -0.012 0.52 0.161582 -0.00949177 0.589386 -0.00514865 -1.22446 -0.0201254 -2.52378 -0.0209249 1.25429 0.0067605
12.26 0.3 -0.012 0.52 0.161761 -0.00949628 0.589222 -0.0051669 -1.22417 -0.0201352 -2.52418 -0.0209245 1.25497 0.00672967
12.261 0.3 -0.012 0.52 0.161941 -0.00950079 0.589058 -0.00518515 -1.22388 -0.020145 -2.52458 -0.020924 1.25565 0.00669885
12.262 0.3 -0.012 0.52 0.16212 -0.00950529 0.588895 -0.00520341 -1.22358 -0.0201548 -2.52498 -0.0209234 1.25634 0.00666803
12.263 0.3 -0.012 0.52 0.1623 -0.00950978 0.588731 -0.00522168 -1.22329 -0.0201645 -2.52538 -0.0209228 1.25702 0.00663722
12.264 0.3 -0.012 0.52 0.162479 -0.00951427 0.588567 -0.00523995 -1.22299 -0.0201741 -2.52578 -0.0209222 1.25771 0.00660642
12.265 0.3 -0.012 0.52 0.162659 -0.00951875 0.588404 -0.00525822 -1.22269 -0.0201838 -2.52618 -0.0209215 1.25839 0.00657563
12.266 0.3 -0.012 0.52 0.162838 -0.00952323 0.588241 -0.00527651 -1.22239 -0.0201934 -2.52658 -0.0209208 1.25907 0.00654484
12.267 0.3 -0.012 0.52 0.163018 -0.0095277 0.588078 -0.0052948 -1.22209 -0.0202029 -2.52697 -0.02092 1.25976 0.00651405
12.268 0.3 -0.012 0.52 0.163198 -0.00953217 0.587915 -0.00531309 -1.22179 -0.0202124 -2.52737 -0.0209192 1.26044 0.00648328
12.269 0.3 -0.012 0.52 0.163378 -0.00953663 0.587752 -0.0053314 -1.22149 -0.0202219 -2.52776 -0.0209184 1.26113 0.00645251
12.27 0.3 -0.012 0.52 0.163558 -0.00954108 0.587589 -0.0053497 -1.22119 -0.0202314 -2.52816 -0.0209175 1.26181 0.00642175
12.271 0.3 -0.012 0.52 0.163737 -0.00954553 0.587426 -0.00536802 -1.22089 -0.0202408 -2.52855 -0.0209166 1.2625 0.00639099
12.272 0.3 -0.012 0.52 0.163917 -0.00954997 0.587263 -0.00538633 -1.22059 -0.0202501 -2.52894 -0.0209156 1.26318 0.00636025
12.273 0.3 -0.012 0.52 0.164097 -0.0095544 0.587101 -0.00540466 -1.22028 -0.0202595 -2.52934 -0.0209146 1.26387 0.00632951
12.274 0.3 -0.012 0.52 0.164277 -0.00955883 0.586939 -0.00542299 -1.21997 -0.0202687 -2.52973 -0.0209135 1.26455 0.00629878
12.275 0.3 -0.012 0.52 0.164457 -0.00956325 0.586776 -0.00544132 -1.21967 -0.020278 -2.53012 -0.0209124 1.26524 0.00626806
12.276 0.3 -0.012 0.52 0.164637 -0.00956767 0.586614 -0.00545966 -1.21936 -0.0202872 -2.5305 -0.0209113 1.26592 0.00623734
12.277 0.3 -0.012 0.52 0.164818 -0.00957208 0.586452 -0.005478 -1.21905 -0.0202964 -2.53089 -0.0209101 1.26661 0.00620664
12.278 0.3 -0.012 0.52 0.164998 -0.00957649 0.58629 -0.00549635 -1.21874 -0.0203055 -2.53128 -0.0209089 1.26729 0.00617594
12.279 0.3 -0.012 0.52 0.165178 -0.00958089 0.586128 -0.00551471 -1.21843 -0.0203146 -2.53167 -0.0209076 1.26798 0.00614525
12.28 0.3 -0.012 0.52 0.165358 -0.00958528 0.585966 -0.00553307 -1.21812 -0.0203237 -2.53205 -0.0209063 1.26867 0.00611457
12.281 0.3 -0.012 0.52 0.165539 -0.00958967 0.585805 -0.00555143 -1.21781 -0.0203327 -2.53244 -0.0209049 1.26935 0.0060839
12.282 0.3 -0.012 0.52 0.165719 -0.00959405 0.585643 -0.0055698 -1.2175 -0.0203417 -2.53282 -0.0209035 1.27004 0.00605324
12.283 0.3 -0.012 0.52 0.1659 -0.00959843 0.585482 -0.00558817 -1.21718 -0.0203506 -2.53321 -0.0209021 1.27072 0.00602259
12.284 0.3 -0.012 0.52 0.16608 -0.0096028 0.585321 -0.00560655 -1.21687 -0.0203595 -2.53359 -0.0209006 1.27141 0.00599194
12.285 0.3 -0.012 0.52 0.166261 -0.00960716 0.585159 -0.00562493 -1.21655 -0.0203684 -2.53397 -0.0208991 1.2721 0.00596131
12.286 0.3 -0.012 0.52 0.166441 -0.00961152 0.584998 -0.00564331 -1.21623 -0.0203772 -2.53435 -0.0208975 1.27278 0.00593069
12.287 0.3 -0.012 0.52 0.166622 -0.00961588 0.584837 -0.0056617 -1.21592 -0.020386 -2.53473 -0.0208959 1.27347 0.00590007
12.288 0.3 -0.012 0.52 0.166803 -0.00962022 0.584677 -0.00568009 -1.2156 -0.0203947 -2.53511 -0.0208942 1.27416 0.00586947
12.289 0.3 -0.012 0.52 0.166983 -0.00962457 0.584516 -0.00569849 -1.21528 -0.0204034 -2.53549 -0.0208925 1.27484 0.00583888
12.29 0.3 -0.012 0.52 0.167164 -0.0096289 0.584355 -0.00571689 -1.21496 -0.0204121 -2.53586 -0.0208908 1.27553 0.0058083
12.291 0.3 -0.012 0.52 0.167345 -0.00963323 0.584195 -0.00573529 -1.21464 -0.0204207 -2.53624 -0.020889 1.27622 0.00577772
12.292 0.3 -0.012 0.52 0.167526 -0.00963755 0.584034 -0.0057537 -1.21431 -0.0204293 -2.53662 -0.0208872 1.2769 0.00574716
12.293 0.3 -0.012 0.52 0.167707 -0.00964187 0.583874 -0.00577211 -1.21399 -0.0204378 -2.53699 -0.0208853 1.27759 0.00571661
12.294 0.3 -0.012 0.52 0.167888 -0.00964619 0.583714 -0.00579052 -1.21367 -0.0204463 -2.53737 -0.0208834 1.27828 0.00568607
12.295 0.3 -0.012 0.52 0.168069 -0.00965049 0.583554 -0.00580894 -1.21334 -0.0204548 -2.53774 -0.0208814 1.27897 0.00565555
12.296 0.3 -0.012 0.52 0.16825 -0.00965479 0.583394 -0.00582736 -1.21302 -0.0204632 -2.53811 -0.0208794 1.27965 0.00562503
12.297 0.3 -0.012 0.52 0.168431 -0.00965909 0.583234 -0.00584578 -1.21269 -0.0204716 -2.53848 -0.0208774 1.28034 0.00559453
12.298 0.3 -0.012 0.52 0.168612 -0.00966338 0.583074 -0.00586421 -1.21236 -0.02048 -2.53885 -0.0208753 1.28103 0.00556403
12.299 0.3 -0.012 0.52 0.168793 -0.00966766 0.582915 -0.00588263 -1.21203 -0.0204883 -2.53922 -0.0208731 1.28172 0.00553355
12.3 0.3 -0.012 0.52 0.168975 -0.00967194 0.582755 -0.00590106 -1.2117 -0.0204965 -2.53959 -0.020871 1.28241 0.00550308
12.301 0.3 -0.012 0.52 0.169156 -0.00967621 0.582596 -0.0059195 -1.21137 -0.0205048 -2.53996 -0.0208687 1.28309 0.00547263
12.302 0.3 -0.012 0.52 0.169337 -0.00968048 0.582437 -0.00593793 -1.21104 -0.020513 -2.54033 -0.0208665 1.28378 0.00544218
12.303 0.3 -0.012 0.52 0.169519 -0.00968474 0.582277 -0.00595637 -1.21071 -0.0205211 -2.5407 -0.0208642 1.28447 0.00541175
12.304 0.3 -0.012 0.52 0.1697 -0.00968899 0.582118 -0.00597481 -1.21037 -0.0205292 -2.54106 -0.0208618 1.28516 0.00538133
12.305 0.3 -0.012 0.52 0.169882 -0.00969324 0.581959 -0.00599325 -1.21004 -0.0205373 -2.54143 -0.0208594 1.28585 0.00535093
12.306 0.3 -0.012 0.52 0.170063 -0.00969749 0.581801 -0.00601169 -1.2097 -0.0205453 -2.54179 -0.020857 1.28654 0.00532053
12.307 0.3 -0.012 0.52 0.170245 -0.00970172 0.581642 -0.00603014 -1.20937 -0.0205533 -2.54215 -0.0208545 1.28723 0.00529016
12.308 0.3 -0.012 0.52 0.170426 -0.00970596 0.581483 -0.00604858 -1.20903 -0.0205612 -2.54252 -0.020852 1.28791 0.00525979
12.309 0.3 -0.012 0.52 0.170608 -0.00971018 0.581325 -0.00606703 -1.20869 -0.0205692 -2.54288 -0.0208494 1.2886 0.00522944
12.31 0.3 -0.012 0.52 0.17079 -0.0097144 0.581167 -0.00608548 -1.20835 -0.020577 -2.54324 -0.0208468 1.28929 0.0051991
12.311 0.3 -0.012 0.52 0.170972 -0.00971862 0.581008 -0.00610393 -1.20801 -0.0205849 -2.5436 -0.0208442 1.28998 0.00516878
12.312 0.3 -0.012 0.52 0.171154 -0.00972283 0.58085 -0.00612238 -1.20767 -0.0205926 -2.54396 -0.0208415 1.29067 0.00513847
12.313 0.3 -0.012 0.52 0.171335 -0.00972703 0.580692 -0.00614083 -1.20733 -0.0206004 -2.54431 -0.0208387 1.29136 0.00510817
12.314 0.3 -0.012 0.52 0.171517 -0.00973123 0.580534 -0.00615929 -1.20699 -0.0206081 -2.54467 -0.020836 1.29205 0.00507789
12.315 0.3 -0.012 0.52 0.171699 -0.00973542 0.580377 -0.00617774 -1.20664 -0.0206158 -2.54503 -0.0208331 1.29274 0.00504762
12.316 0.3 -0.012 0.52 0.171881 -0.00973961 0.580219 -0.0061962 -1.2063 -0.0206234 -2.54538 -0.0208303 1.29343 0.00501737
12.317 0.3 -0.012 0.52 0.172064 -0.00974379 0.580062 -0.00621465 -1.20595 -0.020631 -2.54574 -0.0208273 1.29412 0.00498713
12.318 0.3 -0.012 0.52 0.172246 -0.00974796 0.579904 -0.00623311 -1.20561 -0.0206385 -2.54609 -0.0208244 1.29481 0.00495691
12.319 0.3 -0.012 0.52 0.172428 -0.00975213 0.579747 -0.00625156 -1.20526 -0.020646 -2.54644 -0.0208214 1.2955 0.00492671
12.32 0.3 -0.012 0.52 0.17261 -0.0097563 0.57959 -0.00627002 -1.20491 -0.0206535 -2.5468 -0.0208183 1.29619 0.00489652
12.321 0.3 -0.012 0.52 0.172793 -0.00976046 0.579433 -0.00628847 -1.20456 -0.0206609 -2.54715 -0.0208153 1.29688 0.00486634
12.322 0.3 -0.012 0.52 0.172975 -0.00976461 0.579276 -0.00630693 -1.20421 -0.0206683 -2.5475 -0.0208121 1.29757 0.00483618
12.323 0.3 -0.012 0.52 0.173157 -0.00976876 0.579119 -0.00632539 -1.20386 -0.0206757 -2.54785 -0.020809 1.29826 0.00480604
12.324 0.3 -0.012 0.52 0.17334 -0.0097729 0.578962 -0.00634384 -1.20351 -0.020683 -2.5482 -0.0208057 1.29895 0.00477592
12.325 0.3 -0.012 0.52 0.173522 -0.00977704 0.578806 -0.0063623 -1.20315 -0.0206902 -2.54854 -0.0208025 1.29964 0.00474581
12.326 0.3 -0.012 0.52 0.173705 -0.00978117 0.578649 -0.00638075 -1.2028 -0.0206975 -2.54889 -0.0207992 1.30033 0.00471571
12.327 0.3 -0.012 0.52 0.173888 -0.00978529 0.578493 -0.00639921 -1.20245 -0.0207046 -2.54924 -0.0207958 1.30102 0.00468564
12.328 0.3 -0.012 0.52 0.17407 -0.00978941 0.578337 -0.00641766 -1.20209 -0.0207118 -2.54958 -0.0207924 1.30171 0.00465558
12.329 0.3 -0.012 0.52 0.174253 -0.00979353 0.578181 -0.00643611 -1.20173 -0.0207189 -2.54993 -0.020789 1.3024 0.00462554
12.33 0.3 -0.012 0.52 0.174436 -0.00979764 0.578025 -0.00645456 -1.20138 -0.020726 -2.55027 -0.0207855 1.3031 0.00459551
12.331 0.3 -0.012 0.52 0.174619 -0.00980174 0.577869 -0.00647301 -1.20102 -0.020733 -2.55061 -0.020782 1.30379 0.0045655
12.332 0.3 -0.012 0.52 0.174801 -0.00980584 0.577713 -0.00649146 -1.20066 -0.02074 -2.55095 -0.0207785 1.30448 0.00453552
12.333 0.3 -0.012 0.52 0.174984 -0.00980993 0.577558 -0.00650991 -1.2003 -0.0207469 -2.5513 -0.0207749 1.30517 0.00450555
12.334 0.3 -0.012 0.52 0.175167 -0.00981401 0.577402 -0.00652835 -1.19993 -0.0207538 -2.55164 -0.0207712 1.30586 0.00447559
12.335 0.3 -0.012 0.52 0.17535 -0.0098181 0.577247 -0.0065468 -1.19957 -0.0207607 -2.55197 -0.0207675 1.30655 0.00444566
12.336 0.3 -0.012 0.52 0.175534 -0.00982217 0.577091 -0.00656524 -1.19921 -0.0207675 -2.55231 -0.0207638 1.30724 0.00441574
12.337 0.3 -0.012 0.52 0.175717 -0.00982624 0.576936 -0.00658368 -1.19884 -0.0207743 -2.55265 -0.02076 1.30794 0.00438585
12.338 0.3 -0.012 0.52 0.1759 -0.00983031 0.576781 -0.00660211 -1.19848 -0.020781 -2.55299 -0.0207562 1.30863 0.00435597
12.339 0.3 -0.012 0.52 0.176083 -0.00983437 0.576626 -0.00662055 -1.19811 -0.0207877 -2.55332 -0.0207523 1.30932 0.00432611
12.34 0.3 -0.012 0.52 0.176266 -0.00983842 0.576472 -0.00663898 -1.19775 -0.0207943 -2.55366 -0.0207484 1.31001 0.00429627
12.341 0.3 -0.012 0.52 0.17645 -0.00984247 0.576317 -0.00665741 -1.19738 -0.020801 -2.55399 -0.0207444 1.3107 0.00426645
12.342 0.3 -0.012 0.52 0.176633 -0.00984651 0.576163 -0.00667584 -1.19701 -0.0208075 -2.55432 -0.0207404 1.3114 0.00423665
12.343 0.3 -0.012 0.52 0.176817 -0.00985055 0.576008 -0.00669427 -1.19664 -0.0208141 -2.55466 -0.0207364 1.31209 0.00420687
12.344 0.3 -0.012 0.52 0.177 -0.00985458 0.575854 -0.00671269 -1.19627 -0.0208206 -2.55499 -0.0207323 1.31278 0.00417711
12.345 0.3 -0.012 0.52 0.177184 -0.00985861 0.5757 -0.00673111 -1.1959 -0.020827 -2.55532 -0.0207282 1.31347 0.00414737
12.346 0.3 -0.012 0.52 0.177367 -0.00986263 0.575546 -0.00674952 -1.19552 -0.0208334 -2.55565 -0.020724 1.31417 0.00411765
12.347 0.3 -0.012 0.52 0.177551 -0.00986664 0.575392 -0.00676794 -1.19515 -0.0208398 -2.55597 -0.0207198 1.31486 0.00408795
12.348 0.3 -0.012 0.52 0.177735 -0.00987065 0.575238 -0.00678635 -1.19477 -0.0208461 -2.5563 -0.0207156 1.31555 0.00405827
12.349 0.3 -0.012 0.52 0.177919 -0.00987466 0.575085 -0.00680475 -1.1944 -0.0208524 -2.55663 -0.0207113 1.31624 0.00402861
12.35 0.3 -0.012 0.52 0.178102 -0.00987866 0.574931 -0.00682315 -1.19402 -0.0208587 -2.55695 -0.0207069 1.31694 0.00399898
12.351 0.3 -0.012 0.52 0.178286 -0.00988265 0.574778 -0.00684155 -1.19365 -0.0208649 -2.55728 -0.0207025 1.31763 0.00396936
12.352 0.3 -0.012 0.52 0.17847 -0.00988664 0.574624 -0.00685994 -1.19327 -0.020871 -2.5576 -0.0206981 1.31832 0.00393977
12.353 0.3 -0.012 0.52 0.178654 -0.00989063 0.574471 -0.00687833 -1.19289 -0.0208771 -2.55793 -0.0206936 1.31902 0.0039102
12.354 0.3 -0.012 0.52 0.178838 -0.0098946 0.574318 -0.00689672 -1.19251 -0.0208832 -2.55825 -0.0206891 1.31971 0.00388065
12.355 0.3 -0.012 0.52 0.179022 -0.00989858 0.574165 -0.0069151 -1.19213 -0.0208893 -2.55857 -0.0206846 1.3204 0.00385113
12.356 0.3 -0.012 0.52 0.179207 -0.00990254 0.574013 -0.00693348 -1.19174 -0.0208953 -2.55889 -0.02068 1.3211 0.00382162
12.357 0.3 -0.012 0.52 0.179391 -0.00990651 0.57386 -0.00695185 -1.19136 -0.0209012 -2.55921 -0.0206753 1.32179 0.00379214
12.358 0.3 -0.012 0.52 0.179575 -0.00991046 0.573708 -0.00697022 -1.19098 -0.0209072 -2.55953 -0.0206706 1.32248 0.00376268
12.359 0.3 -0.012 0.52 0.179759 -0.00991442 0.573555 -0.00698858 -1.19059 -0.020913 -2.55985 -0.0206659 1.32318 0.00373325
12.36 0.3 -0.012 0.52 0.179944 -0.00991836 0.573403 -0.00700693 -1.19021 -0.0209189 -2.56016 -0.0206611 1.32387 0.00370384
12.361 0.3 -0.012 0.52 0.180128 -0.0099223 0.573251 -0.00702529 -1.18982 -0.0209247 -2.56048 -0.0206563 1.32456 0.00367445
12.362 0.3 -0.012 0.52 0.180313 -0.00992624 0.573099 -0.00704363 -1.18943 -0.0209304 -2.5608 -0.0206515 1.32526 0.00364509
12.363 0.3 -0.012 0.52 0.180497 -0.00993017 0.572947 -0.00706197 -1.18904 -0.0209362 -2.56111 -0.0206466 1.32595 0.00361574
12.364 0.3 -0.012 0.52 0.180682 -0.0099341 0.572795 -0.00708031 -1.18865 -0.0209418 -2.56142 -0.0206416 1.32665 0.00358643
12.365 0.3 -0.012 0.52 0.180867 -0.00993802 0.572644 -0.00709864 -1.18826 -0.0209475 -2.56174 -0.0206366 1.32734 0.00355714
12.366 0.3 -0.012 0.52 0.181051 -0.00994193 0.572492 -0.00711696 -1.18787 -0.0209531 -2.56205 -0.0206316 1.32803 0.00352787
12.367 0.3 -0.012 0.52 0.181236 -0.00994584 0.572341 -0.00713528 -1.18748 -0.0209586 -2.56236 -0.0206265 1.32873 0.00349863
12.368 0.3 -0.012 0.52 0.181421 -0.00994975 0.57219 -0.00715359 -1.18708 -0.0209641 -2.56267 -0.0206214 1.32942 0.00346941
12.369 0.3 -0.012 0.52 0.181606 -0.00995365 0.572038 -0.00717189 -1.18669 -0.0209696 -2.56298 -0.0206163 1.33012 0.00344022
12.37 0.3 -0.012 0.52 0.181791 -0.00995754 0.571887 -0.00719019 -1.18629 -0.020975 -2.56329 -0.0206111 1.33081 0.00341105
12.371 0.3 -0.012 0.52 0.181976 -0.00996143 0.571737 -0.00720848 -1.1859 -0.0209804 -2.56359 -0.0206058 1.33151 0.00338191
12.372 0.3 -0.012 0.52 0.182161 -0.00996532 0.571586 -0.00722676 -1.1855 -0.0209858 -2.5639 -0.0206005 1.3322 0.0033528
12.373 0.3 -0.012 0.52 0.182346 -0.00996919 0.571435 -0.00724504 -1.1851 -0.0209911 -2.5642 -0.0205952 1.3329 0.00332371
12.374 0.3 -0.012 0.52 0.182531 -0.00997307 0.571285 -0.00726331 -1.1847 -0.0209963 -2.56451 -0.0205898 1.33359 0.00329465
12.375 0.3 -0.012 0.52 0.182716 -0.00997694 0.571135 -0.00728157 -1.1843 -0.0210016 -2.56481 -0.0205844 1.33429 0.00326561
12.376 0.3 -0.012 0.52 0.182902 -0.0099808 0.570984 -0.00729982 -1.1839 -0.0210068 -2.56511 -0.020579 1.33498 0.0032366
12.377 0.3 -0.012 0.52 0.183087 -0.00998466 0.570834 -0.00731807 -1.1835 -0.0210119 -2.56542 -0.0205735 1.33568 0.00320762
12.378 0.3 -0.012 0.52 0.183272 -0.00998851 0.570684 -0.00733631 -1.1831 -0.021017 -2.56572 -0.0205679 1.33637 0.00317866
12.379 0.3 -0.012 0.52 0.183458 -0.00999236 0.570535 -0.00735454 -1.18269 -0.0210221 -2.56602 -0.0205623 1.33707 0.00314974
12.38 0.3 -0.012 0.52 0.183643 -0.0099962 0.570385 -0.00737276 -1.18229 -0.0210271 -2.56632 -0.0205567 1.33776 0.00312084
12.381 0.3 -0.012 0.52 0.183829 -0.01 0.570235 -0.00739097 -1.18188 -0.0210321 -2.56661 -0.0205511 1.33846 0.00309197
12.382 0.3 -0.012 0.52 0.184015 -0.0100039 0.570086 -0.00740918 -1.18148 -0.021037 -2.56691 -0.0205453 1.33915 0.00306312
12.383 0.3 -0.012 0.52 0.1842 -0.0100077 0.569937 -0.00742738 -1.18107 -0.0210419 -2.56721 -0.0205396 1.33985 0.00303431
12.384 0.3 -0.012 0.52 0.184386 -0.0100115 0.569788 -0.00744557 -1.18066 -0.0210468 -2.5675 -0.0205338 1.34054 0.00300552
12.385 0.3 -0.012 0.52 0.184572 -0.0100153 0.569639 -0.00746375 -1.18025 -0.0210516 -2.5678 -0.020528 1.34124 0.00297676
12.386 0.3 -0.012 0.52 0.184758 -0.0100192 0.56949 -0.00748192 -1.17984 -0.0210564 -2.56809 -0.0205221 1.34194 0.00294803
12.387 0.3 -0.012 0.52 0.184944 -0.010023 0.569341 -0.00750008 -1.17943 -0.0210611 -2.56838 -0.0205162 1.34263 0.00291933
12.388 0.3 -0.012 0.52 0.18513 -0.0100268 0.569193 -0.00751823 -1.17902 -0.0210658 -2.56867 -0.0205102 1.34333 0.00289066
12.389 0.3 -0.012 0.52 0.185316 -0.0100306 0.569044 -0.00753637 -1.1786 -0.0210705 -2.56896 -0.0205042 1.34402 0.00286202
12.39 0.3 -0.012 0.52 0.185502 -0.0100344 0.568896 -0.0075545 -1.17819 -0.0210751 -2.56925 -0.0204982 1.34472 0.00283341
12.391 0.3 -0.012 0.52 0.185688 -0.0100382 0.568748 -0.00757262 -1.17777 -0.0210797 -2.56954 -0.0204921 1.34541 0.00280483
12.392 0.3 -0.012 0.52 0.185874 -0.0100419 0.568599 -0.00759074 -1.17736 -0.0210842 -2.56983 -0.0204859 1.34611 0.00277628
12.393 0.3 -0.012 0.52 0.18606 -0.0100457 0.568452 -0.00760884 -1.17694 -0.0210887 -2.57012 -0.0204798 1.34681 0.00274777
12.394 0.3 -0.012 0.52 0.186247 -0.0100495 0.568304 -0.00762693 -1.17652 -0.0210932 -2.5704 -0.0204735 1.3475 0.00271928
12.395 0.3 -0.012 0.52 0.186433 -0.0100533 0.568156 -0.00764501 -1.1761 -0.0210976 -2.57069 -0.0204673 1.3482 0.00269082
12.396 0.3 -0.012 0.52 0.18662 -0.010057 0.568009 -0.00766308 -1.17568 -0.021102 -2.57097 -0.020461 1.3489 0.0026624
12.397 0.3 -0.012 0.52 0.186806 -0.0100608 0.567861 -0.00768114 -1.17526 -0.0211063 -2.57126 -0.0204547 1.34959 0.002634
12.398 0.3 -0.012 0.52 0.186993 -0.0100645 0.567714 -0.00769919 -1.17484 -0.0211106 -2.57154 -0.0204483 1.35029 0.00260564
12.399 0.3 -0.012 0.52 0.187179 -0.0100683 0.567567 -0.00771722 -1.17442 -0.0211149 -2.57182 -0.0204419 1.35099 0.00257731
12.4 0.3 -0.012 0.52 0.187366 -0.010072 0.56742 -0.00773525 -1.17399 -0.0211191 -2.5721 -0.0204354 1.35168 0.00254902
12.401 0.3 -0.012 0.52 0.187553 -0.0100758 0.567273 -0.00775326 -1.17357 -0.0211233 -2.57238 -0.0204289 1.35238 0.00252075
12.402 0.3 -0.012 0.52 0.18774 -0.0100795 0.567126 -0.00777127 -1.17314 -0.0211274 -2.57266 -0.0204224 1.35308 0.00249252
12.403 0.3 -0.012 0.52 0.187927 -0.0100832 0.56698 -0.00778926 -1.17272 -0.0211315 -2.57294 -0.0204158 1.35377 0.00246432
12.404 0.3 -0.012 0.52 0.188113 -0.010087 0.566833 -0.00780723 -1.17229 -0.0211356 -2.57321 -0.0204091 1.35447 0.00243616
12.405 0.3 -0.012 0.52 0.1883 -0.0100907 0.566687 -0.0078252 -1.17186 -0.0211396 -2.57349 -0.0204025 1.35517 0.00240803
12.406 0.3 -0.012 0.52 0.188488 -0.0100944 0.566541 -0.00784315 -1.17143 -0.0211436 -2.57376 -0.0203958 1.35586 0.00237993
12.407 0.3 -0.012 0.52 0.188675 -0.0100981 0.566395 -0.00786109 -1.171 -0.0211475 -2.57404 -0.020389 1.35656 0.00235187
12.408 0.3 -0.012 0.52 0.188862 -0.0101018 0.566249 -0.00787902 -1.17057 -0.0211514 -2.57431 -0.0203822 1.35726 0.00232384
12.409 0.3 -0.012 0.52 0.189049 -0.0101055 0.566103 -0.00789693 -1.17014 -0.0211552 -2.57458 -0.0203754 1.35795 0.00229584
12.41 0.3 -0.012 0.52 0.189236 -0.0101092 0.565958 -0.00791484 -1.16971 -0.0211591 -2.57485 -0.0203685 1.35865 0.00226788
12.411 0.3 -0.012 0.52 0.189424 -0.0101129 0.565812 -0.00793272 -1.16927 -0.0211628 -2.57512 -0.0203616 1.35935 0.00223996
12.412 0.3 -0.012 0.52 0.189611 -0.0101166 0.565667 -0.0079506 -1.16884 -0.0211666 -2.57539 -0.0203547 1.36005 0.00221207
12.413 0.3 -0.012 0.52 0.189799 -0.0101203 0.565522 -0.00796846 -1.1684 -0.0211703 -2.57566 -0.0203477 1.36074 0.00218422
12.414 0.3 -0.012 0.52 0.189986 -0.010124 0.565377 -0.0079863 -1.16796 -0.0211739 -2.57593 -0.0203406 1.36144 0.0021564
12.415 0.3 -0.012 0.52 0.190174 -0.0101276 0.565232 -0.00800414 -1.16753 -0.0211776 -2.57619 -0.0203336 1.36214 0.00212862
12.416 0.3 -0.012 0.52 0.190361 -0.0101313 0.565087 -0.00802195 -1.16709 -0.0211811 -2.57646 -0.0203265 1.36284 0.00210088
12.417 0.3 -0.012 0.52 0.190549 -0.010135 0.564942 -0.00803976 -1.16665 -0.0211847 -2.57672 -0.0203193 1.36353 0.00207317
12.418 0.3 -0.012 0.52 0.190737 -0.0101386 0.564798 -0.00805755 -1.16621 -0.0211882 -2.57699 -0.0203121 1.36423 0.0020455
12.419 0.3 -0.012 0.52 0.190925 -0.0101423 0.564653 -0.00807532 -1.16577 -0.0211917 -2.57725 -0.0203049 1.36493 0.00201787
12.42 0.3 -0.012 0.52 0.191113 -0.0101459 0.564509 -0.00809308 -1.16532 -0.0211951 -2.57751 -0.0202976 1.36563 0.00199027
12.421 0.3 -0.012 0.52 0.191301 -0.0101496 0.564365 -0.00811082 -1.16488 -0.0211985 -2.57777 -0.0202903 1.36632 0.00196272
12.422 0.3 -0.012 0.52 0.191489 -0.0101532 0.564221 -0.00812855 -1.16443 -0.0212018 -2.57803 -0.0202829 1.36702 0.0019352
12.423 0.3 -0.012 0.52 0.191677 -0.0101569 0.564078 -0.00814627 -1.16399 -0.0212051 -2.57829 -0.0202756 1.36772 0.00190772
12.424 0.3 -0.012 0.52 0.191865 -0.0101605 0.563934 -0.00816396 -1.16354 -0.0212084 -2.57855 -0.0202681 1.36842 0.00188027
12.425 0.3 -0.012 0.52 0.192053 -0.0101641 0.56379 -0.00818164 -1.1631 -0.0212116 -2.57881 -0.0202607 1.36911 0.00185287
12.426 0.3 -0.012 0.52 0.192242 -0.0101677 0.563647 -0.00819931 -1.16265 -0.0212148 -2.57906 -0.0202531 1.36981 0.00182551
12.427 0.3 -0.012 0.52 0.19243 -0.0101714 0.563504 -0.00821696 -1.1622 -0.021218 -2.57932 -0.0202456 1.37051 0.00179818
12.428 0.3 -0.012 0.52 0.192619 -0.010175 0.563361 -0.00823459 -1.16175 -0.0212211 -2.57957 -0.020238 1.37121 0.0017709
12.429 0.3 -0.012 0.52 0.192807 -0.0101786 0.563218 -0.0082522 -1.1613 -0.0212242 -2.57982 -0.0202304 1.37191 0.00174365
12.43 0.3 -0.012 0.52 0.192996 -0.0101822 0.563075 -0.0082698 -1.16085 -0.0212272 -2.58008 -0.0202227 1.3726 0.00171645
12.431 0.3 -0.012 0.52 0.193184 -0.0101858 0.562932 -0.00828738 -1.16039 -0.0212302 -2.58033 -0.020215 1.3733 0.00168929
12.432 0.3 -0.012 0.52 0.193373 -0.0101894 0.56279 -0.00830494 -1.15994 -0.0212332 -2.58058 -0.0202073 1.374 0.00166216
12.433 0.3 -0.012 0.52 0.193562 -0.010193 0.562648 -0.00832249 -1.15948 -0.0212361 -2.58083 -0.0201995 1.3747 0.00163508
12.434 0.3 -0.012 0.52 0.19375 -0.0101966 0.562505 -0.00834002 -1.15903 -0.021239 -2.58107 -0.0201917 1.3754 0.00160804
12.435 0.3 -0.012 0.52 0.193939 -0.0102002 0.562363 -0.00835753 -1.15857 -0.0212418 -2.58132 -0.0201838 1.3761 0.00158105
12.436 0.3 -0.012 0.52 0.194128 -0.0102037 0.562222 -0.00837502 -1.15811 -0.0212446 -2.58157 -0.0201759 1.37679 0.00155409
12.437 0.3 -0.012 0.52 0.194317 -0.0102073 0.56208 -0.00839249 -1.15766 -0.0212474 -2.58181 -0.020168 1.37749 0.00152718
12.438 0.3 -0.012 0.52 0.194506 -0.0102109 0.561938 -0.00840994 -1.1572 -0.0212501 -2.58206 -0.02016 1.37819 0.00150031
12.439 0.3 -0.012 0.52 0.194696 -0.0102145 0.561797 -0.00842738 -1.15674 -0.0212528 -2.5823 -0.020152 1.37889 0.00147348
12.44 0.3 -0.012 0.52 0.194885 -0.010218 0.561655 -0.0084448 -1.15627 -0.0212555 -2.58254 -0.0201439 1.37959 0.00144669
12.441 0.3 -0.012 0.52 0.195074 -0.0102216 0.561514 -0.00846219 -1.15581 -0.0212581 -2.58279 -0.0201358 1.38029 0.00141995
12.442 0.3 -0.012 0.52 0.195263 -0.0102251 0.561373 -0.00847957 -1.15535 -0.0212607 -2.58303 -0.0201277 1.38099 0.00139326
12.443 0.3 -0.012 0.52 0.195453 -0.0102287 0.561232 -0.00849693 -1.15489 -0.0212632 -2.58327 -0.0201195 1.38168 0.0013666
12.444 0.3 -0.012 0.52 0.195642 -0.0102322 0.561092 -0.00851427 -1.15442 -0.0212657 -2.5835 -0.0201113 1.38238 0.00134
12.445 0.3 -0.012 0.52 0.195832 -0.0102358 0.560951 -0.00853159 -1.15395 -0.0212682 -2.58374 -0.0201031 1.38308 0.00131343
12.446 0.3 -0.012 0.52 0.196021 -0.0102393 0.560811 -0.00854888 -1.15349 -0.0212706 -2.58398 -0.0200948 1.38378 0.00128692
12.447 0.3 -0.012 0.52 0.196211 -0.0102428 0.56067 -0.00856616 -1.15302 -0.021273 -2.58421 -0.0200865 1.38448 0.00126044
12.448 0.3 -0.012 0.52 0.196401 -0.0102464 0.56053 -0.00858342 -1.15255 -0.0212754 -2.58445 -0.0200782 1.38518 0.00123402
12.449 0.3 -0.012 0.52 0.196591 -0.0102499 0.56039 -0.00860065 -1.15208 -0.0212777 -2.58468 -0.0200698 1.38588 0.00120764
12.45 0.3 -0.012 0.52 0.196781 -0.0102534 0.56025 -0.00861787 -1.15161 -0.02128 -2.58491 -0.0200614 1.38657 0.0011813
12.451 0.3 -0.012 0.52 0.19697 -0.0102569 0.560111 -0.00863506 -1.15114 -0.0212823 -2.58515 -0.0200529 1.38727 0.00115501
12.452 0.3 -0.012 0.52 0.19716 -0.0102604 0.559971 -0.00865223 -1.15067 -0.0212845 -2.58538 -0.0200444 1.38797 0.00112877
12.453 0.3 -0.012 0.52 0.197351 -0.010264 0.559832 -0.00866938 -1.15019 -0.0212867 -2.58561 -0.0200359 1.38867 0.00110258
12.454 0.3 -0.012 0.52 0.197541 -0.0102675 0.559692 -0.00868651 -1.14972 -0.0212888 -2.58583 -0.0200273 1.38937 0.00107643
12.455 0.3 -0.012 0.52 0.197731 -0.010271 0.559553 -0.00870361 -1.14924 -0.0212909 -2.58606 -0.0200187 1.39007 0.00105034
12.456 0.3 -0.012 0.52 0.197921 -0.0102745 0.559414 -0.00872069 -1.14877 -0.021293 -2.58629 -0.0200101 1.39077 0.00102429
12.457 0.3 -0.012 0.52 0.198112 -0.010278 0.559276 -0.00873775 -1.14829 -0.021295 -2.58652 -0.0200014 1.39147 0.000998287
12.458 0.3 -0.012 0.52 0.198302 -0.0102814 0.559137 -0.00875479 -1.14781 -0.021297 -2.58674 -0.0199927 1.39217 0.000972336
12.459 0.3 -0.012 0.52 0.198492 -0.0102849 0.558998 -0.0087718 -1.14733 -0.021299 -2.58696 -0.0199839 1.39286 0.000946433
12.46 0.3 -0.012 0.52 0.198683 -0.0102884 0.55886 -0.00878879 -1.14685 -0.0213009 -2.58719 -0.0199751 1.39356 0.000920581
12.461 0.3 -0.012 0.52 0.198874 -0.0102919 0.558722 -0.00880576 -1.14637 -0.0213028 -2.58741 -0.0199663 1.39426 0.000894778
12.462 0.3 -0.012 0.52 0.199064 -0.0102954 0.558584 -0.0088227 -1.14589 -0.0213046 -2.58763 -0.0199575 1.39496 0.000869026
12.463 0.3 -0.012 0.52 0.199255 -0.0102988 0.558446 -0.00883962 -1.1454 -0.0213064 -2.58785 -0.0199486 1.39566 0.000843325
12.464 0.3 -0.012 0.52 0.199446 -0.0103023 0.558308 -0.00885651 -1.14492 -0.0213082 -2.58807 -0.0199396 1.39636 0.000817674
12.465 0.3 -0.012 0.52 0.199637 -0.0103058 0.558171 -0.00887338 -1.14444 -0.02131 -2.58829 -0.0199307 1.39706 0.000792075
12.466 0.3 -0.012 0.52 0.199828 -0.0103092 0.558033 -0.00889022 -1.14395 -0.0213117 -2.5885 -0.0199217 1.39776 0.000766528
12.467 0.3 -0.012 0.52 0.200019 -0.0103127 0.557896 -0.00890704 -1.14346 -0.0213134 -2.58872 -0.0199127 1.39846 0.000741033
12.468 0.3 -0.012 0.52 0.20021 -0.0103161 0.557759 -0.00892383 -1.14298 -0.021315 -2.58893 -0.0199036 1.39916 0.00071559
12.469 0.3 -0.012 0.52 0.200401 -0.0103196 0.557622 -0.0089406 -1.14249 -0.0213166 -2.58915 -0.0198945 1.39985 0.0006902
12.47 0.3 -0.012 0.52 0.200592 -0.010323 0.557485 -0.00895734 -1.142 -0.0213182 -2.58936 -0.0198854 1.40055 0.000664863
12.471 0.3 -0.012 0.52 0.200784 -0.0103265 0.557349 -0.00897406 -1.14151 -0.0213197 -2.58957 -0.0198762 1.40125 0.000639579
12.472 0.3 -0.012 0.52 0.200975 -0.0103299 0.557212 -0.00899075 -1.14102 -0.0213213 -2.58978 -0.019867 1.40195 0.00061435
12.473 0.3 -0.012 0.52 0.201167 -0.0103333 0.557076 -0.00900741 -1.14052 -0.0213227 -2.58999 -0.0198578 1.40265 0.000589174
12.474 0.3 -0.012 0.52 0.201358 -0.0103368 0.55694 -0.00902404 -1.14003 -0.0213242 -2.5902 -0.0198485 1.40335 0.000564054
12.475 0.3 -0.012 0.52 0.20155 -0.0103402 0.556803 -0.00904065 -1.13954 -0.0213256 -2.59041 -0.0198392 1.40405 0.000538988
12.476 0.3 -0.012 0.52 0.201741 -0.0103436 0.556668 -0.00905723 -1.13904 -0.0213269 -2.59062 -0.0198299 1.40475 0.000513977
12.477 0.3 -0.012 0.52 0.201933 -0.010347 0.556532 -0.00907379 -1.13855 -0.0213283 -2.59082 -0.0198205 1.40545 0.000489022
12.478 0.3 -0.012 0.52 0.202125 -0.0103504 0.556396 -0.00909031 -1.13805 -0.0213296 -2.59103 -0.0198111 1.40615 0.000464123
12.479 0.3 -0.012 0.52 0.202317 -0.0103538 0.556261 -0.00910681 -1.13755 -0.0213309 -2.59123 -0.0198017 1.40685 0.000439281
12.48 0.3 -0.012 0.52 0.202509 -0.0103572 0.556126 -0.00912328 -1.13705 -0.0213321 -2.59143 -0.0197922 1.40754 0.000414495
12.481 0.3 -0.012 0.52 0.202701 -0.0103607 0.555991 -0.00913971 -1.13655 -0.0213333 -2.59163 -0.0197827 1.40824 0.000389767
12.482 0.3 -0.012 0.52 0.202893 -0.0103641 0.555856 -0.00915613 -1.13605 -0.0213345 -2.59184 -0.0197732 1.40894 0.000365096
12.483 0.3 -0.012 0.52 0.203085 -0.0103675 0.555721 -0.00917251 -1.13555 -0.0213356 -2.59204 -0.0197637 1.40964 0.000340483
12.484 0.3 -0.012 0.52 0.203277 -0.0103708 0.555586 -0.00918886 -1.13505 -0.0213367 -2.59223 -0.0197541 1.41034 0.000315929
12.485 0.3 -0.012 0.52 0.20347 -0.0103742 0.555452 -0.00920518 -1.13454 -0.0213378 -2.59243 -0.0197445 1.41104 0.000291433
12.486 0.3 -0.012 0.52 0.203662 -0.0103776 0.555318 -0.00922147 -1.13404 -0.0213388 -2.59263 -0.0197348 1.41174 0.000266997
12.487 0.3 -0.012 0.52 0.203855 -0.010381 0.555183 -0.00923773 -1.13354 -0.0213399 -2.59282 -0.0197251 1.41244 0.000242619
12.488 0.3 -0.012 0.52 0.204047 -0.0103844 0.555049 -0.00925396 -1.13303 -0.0213408 -2.59302 -0.0197154 1.41314 0.000218302
12.489 0.3 -0.012 0.52 0.20424 -0.0103878 0.554916 -0.00927016 -1.13252 -0.0213418 -2.59321 -0.0197057 1.41384 0.000194045
12.49 0.3 -0.012 0.52 0.204433 -0.0103911 0.554782 -0.00928633 -1.13201 -0.0213427 -2.5934 -0.0196959 1.41454 0.000169849
12.491 0.3 -0.012 0.52 0.204625 -0.0103945 0.554649 -0.00930247 -1.1315 -0.0213436 -2.5936 -0.0196861 1.41524 0.000145714
12.492 0.3 -0.012 0.52 0.204818 -0.0103979 0.554515 -0.00931857 -1.13099 -0.0213444 -2.59379 -0.0196763 1.41593 0.000121641
12.493 0.3 -0.012 0.52 0.205011 -0.0104012 0.554382 -0.00933465 -1.13048 -0.0213453 -2.59398 -0.0196664 1.41663 9.76293e-05
12.494 0.3 -0.012 0.52 0.205204 -0.0104046 0.554249 -0.00935069 -1.12997 -0.0213461 -2.59417 -0.0196565 1.41733 7.36802e-05
12.495 0.3 -0.012 0.52 0.205397 -0.010408 0.554116 -0.0093667 -1.12946 -0.0213468 -2.59435 -0.0196466 1.41803 4.97938e-05
12.496 0.3 -0.012 0.52 0.20559 -0.0104113 0.553984 -0.00938267 -1.12895 -0.0213476 -2.59454 -0.0196366 1.41873 2.59707e-05
12.497 0.3 -0.012 0.52 0.205783 -0.0104147 0.553851 -0.00939861 -1.12843 -0.0213483 -2.59472 -0.0196266 1.41943 2.21118e-06
12.498 0.3 -0.012 0.52 0.205977 -0.010418 0.553719 -0.00941452 -1.12792 -0.0213489 -2.59491 -0.0196166 1.42013 -2.14843e-05
12.499 0.3 -0.012 0.52 0.20617 -0.0104213 0.553586 -0.0094304 -1.1274 -0.0213496 -2.59509 -0.0196066 1.42083 -4.51152e-05
12.5 0.3 -0.012 0.52 0.206364 -0.0104247 0.553454 -0.00944624 -1.12688 -0.0213502 -2.59527 -0.0195965 1.42153 -6.86813e-05
12.501 0.3 -0.012 0.52 0.206557 -0.010428 0.553323 -0.00946204 -1.12636 -0.0213508 -2.59546 -0.0195864 1.42223 -9.2182e-05
12.502 0.3 -0.012 0.52 0.206751 -0.0104314 0.553191 -0.00947781 -1.12584 -0.0213513 -2.59564 -0.0195763 1.42292 -0.000115617
12.503 0.3 -0.012 0.52 0.206944 -0.0104347 0.553059 -0.00949355 -1.12532 -0.0213519 -2.59582 -0.0195662 1.42362 -0.000138986
12.504 0.3 -0.012 0.52 0.207138 -0.010438 0.552928 -0.00950925 -1.1248 -0.0213524 -2.59599 -0.019556 1.42432 -0.000162288
12.505 0.3 -0.012 0.52 0.207332 -0.0104414 0.552797 -0.00952492 -1.12428 -0.0213528 -2.59617 -0.0195458 1.42502 -0.000185523
12.506 0.3 -0.012 0.52 0.207526 -0.0104447 0.552666 -0.00954055 -1.12376 -0.0213533 -2.59635 -0.0195355 1.42572 -0.00020869
12.507 0.3 -0.012 0.52 0.20772 -0.010448 0.552535 -0.00955614 -1.12324 -0.0213537 -2.59652 -0.0195253 1.42642 -0.000231789
12.508 0.3 -0.012 0.52 0.207914 -0.0104513 0.552404 -0.0095717 -1.12271 -0.0213541 -2.5967 -0.019515 1.42712 -0.00025482
12.509 0.3 -0.012 0.52 0.208108 -0.0104546 0.552274 -0.00958722 -1.12218 -0.0213544 -2.59687 -0.0195047 1.42782 -0.000277782
12.51 0.3 -0.012 0.52 0.208302 -0.0104579 0.552143 -0.0096027 -1.12166 -0.0213547 -2.59704 -0.0194944 1.42851 -0.000300675
12.511 0.3 -0.012 0.52 0.208496 -0.0104613 0.552013 -0.00961814 -1.12113 -0.021355 -2.59721 -0.019484 1.42921 -0.000323497
12.512 0.3 -0.012 0.52 0.208691 -0.0104646 0.551883 -0.00963355 -1.1206 -0.0213553 -2.59738 -0.0194736 1.42991 -0.00034625
12.513 0.3 -0.012 0.52 0.208885 -0.0104679 0.551753 -0.00964892 -1.12007 -0.0213556 -2.59755 -0.0194632 1.43061 -0.000368931
12.514 0.3 -0.012 0.52 0.20908 -0.0104712 0.551623 -0.00966425 -1.11954 -0.0213558 -2.59772 -0.0194528 1.43131 -0.000391542
12.515 0.3 -0.012 0.52 0.209274 -0.0104745 0.551494 -0.00967954 -1.11901 -0.021356 -2.59788 -0.0194423 1.43201 -0.00041408
12.516 0.3 -0.012 0.52 0.209469 -0.0104778 0.551364 -0.00969479 -1.11848 -0.0213561 -2.59805 -0.0194318 1.43271 -0.000436546
12.517 0.3 -0.012 0.52 0.209664 -0.010481 0.551235 -0.00971 -1.11795 -0.0213563 -2.59822 -0.0194213 1.4334 -0.00045894
12.518 0.3 -0.012 0.52 0.209858 -0.0104843 0.551106 -0.00972518 -1.11741 -0.0213564 -2.59838 -0.0194108 1.4341 -0.00048126
12.519 0.3 -0.012 0.52 0.210053 -0.0104876 0.550977 -0.00974031 -1.11688 -0.0213565 -2.59854 -0.0194002 1.4348 -0.000503507
12.52 0.3 -0.012 0.52 0.210248 -0.0104909 0.550849 -0.0097554 -1.11634 -0.0213565 -2.5987 -0.0193896 1.4355 -0.000525679
12.521 0.3 -0.012 0.52 0.210443 -0.0104942 0.55072 -0.00977045 -1.11581 -0.0213566 -2.59886 -0.019379 1.4362 -0.000547777
12.522 0.3 -0.012 0.52 0.210639 -0.0104975 0.550592 -0.00978546 -1.11527 -0.0213566 -2.59902 -0.0193684 1.4369 -0.0005698
12.523 0.3 -0.012 0.52 0.210834 -0.0105008 0.550463 -0.00980043 -1.11473 -0.0213566 -2.59918 -0.0193577 1.43759 -0.000591747
12.524 0.3 -0.012 0.52 0.211029 -0.010504 0.550335 -0.00981535 -1.11419 -0.0213565 -2.59934 -0.0193471 1.43829 -0.000613617
12.525 0.3 -0.012 0.52 0.211224 -0.0105073 0.550208 -0.00983024 -1.11365 -0.0213565 -2.59949 -0.0193364 1.43899 -0.000635411
12.526 0.3 -0.012 0.52 0.21142 -0.0105106 0.55008 -0.00984508 -1.11311 -0.0213564 -2.59965 -0.0193256 1.43969 -0.000657128
12.527 0.3 -0.012 0.52 0.211615 -0.0105138 0.549952 -0.00985988 -1.11257 -0.0213563 -2.5998 -0.0193149 1.44039 -0.000678767
12.528 0.3 -0.012 0.52 0.211811 -0.0105171 0.549825 -0.00987463 -1.11202 -0.0213562 -2.59996 -0.0193041 1.44109 -0.000700327
12.529 0.3 -0.012 0.52 0.212007 -0.0105204 0.549698 -0.00988934 -1.11148 -0.021356 -2.60011 -0.0192934 1.44178 -0.000721809
12.53 0.3 -0.012 0.52 0.212203 -0.0105236 0.549571 -0.00990401 -1.11093 -0.0213558 -2.60026 -0.0192826 1.44248 -0.000743211
12.531 0.3 -0.012 0.52 0.212398 -0.0105269 0.549444 -0.00991863 -1.11039 -0.0213556 -2.60041 -0.0192717 1.44318 -0.000764534
12.532 0.3 -0.012 0.52 0.212594 -0.0105301 0.549318 -0.00993321 -1.10984 -0.0213554 -2.60056 -0.0192609 1.44388 -0.000785776
12.533 0.3 -0.012 0.52 0.21279 -0.0105334 0.549191 -0.00994774 -1.10929 -0.0213552 -2.60071 -0.01925 1.44457 -0.000806937
12.534 0.3 -0.012 0.52 0.212986 -0.0105366 0.549065 -0.00996222 -1.10875 -0.0213549 -2.60085 -0.0192392 1.44527 -0.000828016
12.535 0.3 -0.012 0.52 0.213183 -0.0105399 0.548939 -0.00997666 -1.1082 -0.0213546 -2.601 -0.0192283 1.44597 -0.000849013
12.536 0.3 -0.012 0.52 0.213379 -0.0105431 0.548813 -0.00999106 -1.10765 -0.0213543 -2.60114 -0.0192173 1.44667 -0.000869928
12.537 0.3 -0.012 0.52 0.213575 -0.0105464 0.548687 -0.0100054 -1.1071 -0.021354 -2.60129 -0.0192064 1.44737 -0.000890759
12.538 0.3 -0.012 0.52 0.213772 -0.0105496 0.548561 -0.0100197 -1.10654 -0.0213536 -2.60143 -0.0191954 1.44806 -0.000911507
12.539 0.3 -0.012 0.52 0.213968 -0.0105529 0.548436 -0.010034 -1.10599 -0.0213532 -2.60157 -0.0191845 1.44876 -0.00093217
12.54 0.3 -0.012 0.52 0.214165 -0.0105561 0.548311 -0.0100482 -1.10544 -0.0213528 -2.60171 -0.0191735 1.44946 -0.000952748
12.541 0.3 -0.012 0.52 0.214361 -0.0105593 0.548186 -0.0100623 -1.10488 -0.0213524 -2.60185 -0.0191625 1.45015 -0.000973241
12.542 0.3 -0.012 0.52 0.214558 -0.0105626 0.548061 -0.0100764 -1.10433 -0.021352 -2.60199 -0.0191515 1.45085 -0.000993647
12.543 0.3 -0.012 0.52 0.214755 -0.0105658 0.547936 -0.0100905 -1.10377 -0.0213516 -2.60212 -0.0191404 1.45155 -0.00101397
12.544 0.3 -0.012 0.52 0.214952 -0.010569 0.547812 -0.0101045 -1.10321 -0.0213511 -2.60226 -0.0191294 1.45225 -0.0010342
12.545 0.3 -0.012 0.52 0.215149 -0.0105723 0.547687 -0.0101184 -1.10265 -0.0213506 -2.60239 -0.0191183 1.45294 -0.00105434
12.546 0.3 -0.012 0.52 0.215346 -0.0105755 0.547563 -0.0101323 -1.10209 -0.0213501 -2.60253 -0.0191072 1.45364 -0.0010744
12.547 0.3 -0.012 0.52 0.215543 -0.0105787 0.547439 -0.0101462 -1.10153 -0.0213496 -2.60266 -0.0190961 1.45434 -0.00109437
12.548 0.3 -0.012 0.52 0.215741 -0.010582 0.547315 -0.01016 -1.10097 -0.021349 -2.60279 -0.019085 1.45503 -0.00111424
12.549 0.3 -0.012 0.52 0.215938 -0.0105852 0.547192 -0.0101738 -1.10041 -0.0213485 -2.60292 -0.0190739 1.45573 -0.00113403
12.55 0.3 -0.012 0.52 0.216135 -0.0105884 0.547068 -0.0101875 -1.09985 -0.0213479 -2.60305 -0.0190627 1.45643 -0.00115373
12.551 0.3 -0.012 0.52 0.216333 -0.0105916 0.546945 -0.0102011 -1.09928 -0.0213473 -2.60318 -0.0190516 1.45712 -0.00117333
12.552 0.3 -0.012 0.52 0.21653 -0.0105948 0.546822 -0.0102147 -1.09872 -0.0213467 -2.60331 -0.0190404 1.45782 -0.00119284
12.553 0.3 -0.012 0.52 0.216728 -0.010598 0.546699 -0.0102282 -1.09815 -0.0213461 -2.60343 -0.0190292 1.45852 -0.00121226
12.554 0.3 -0.012 0.52 0.216926 -0.0106013 0.546576 -0.0102417 -1.09759 -0.0213454 -2.60356 -0.019018 1.45921 -0.00123159
12.555 0.3 -0.012 0.52 0.217124 -0.0106045 0.546453 -0.0102552 -1.09702 -0.0213448 -2.60368 -0.0190068 1.45991 -0.00125082
12.556 0.3 -0.012 0.52 0.217322 -0.0106077 0.546331 -0.0102685 -1.09645 -0.0213441 -2.6038 -0.0189956 1.46061 -0.00126995
12.557 0.3 -0.012 0.52 0.21752 -0.0106109 0.546209 -0.0102819 -1.09588 -0.0213434 -2.60393 -0.0189843 1.4613 -0.00128899
12.558 0.3 -0.012 0.52 0.217718 -0.0106141 0.546087 -0.0102951 -1.09531 -0.0213427 -2.60405 -0.0189731 1.462 -0.00130794
12.559 0.3 -0.012 0.52 0.217916 -0.0106173 0.545965 -0.0103083 -1.09474 -0.021342 -2.60417 -0.0189619 1.46269 -0.00132679
12.56 0.3 -0.012 0.52 0.218114 -0.0106205 0.545843 -0.0103215 -1.09417 -0.0213413 -2.60428 -0.0189506 1.46339 -0.00134554
12.561 0.3 -0.012 0.52 0.218313 -0.0106237 0.545722 -0.0103346 -1.0936 -0.0213405 -2.6044 -0.0189393 1.46409 -0.00136419
12.562 0.3 -0.012 0.52 0.218511 -0.0106269 0.545601 -0.0103476 -1.09302 -0.0213398 -2.60452 -0.018928 1.46478 -0.00138274
12.563 0.3 -0.012 0.52 0.21871 -0.0106301 0.54548 -0.0103606 -1.09245 -0.021339 -2.60463 -0.0189168 1.46548 -0.00140119
12.564 0.3 -0.012 0.52 0.218908 -0.0106333 0.545359 -0.0103735 -1.09187 -0.0213382 -2.60475 -0.0189055 1.46617 -0.00141955
12.565 0.3 -0.012 0.52 0.219107 -0.0106365 0.545238 -0.0103864 -1.0913 -0.0213374 -2.60486 -0.0188942 1.46687 -0.0014378
12.566 0.3 -0.012 0.52 0.219306 -0.0106397 0.545117 -0.0103992 -1.09072 -0.0213366 -2.60497 -0.0188828 1.46756 -0.00145595
12.567 0.3 -0.012 0.52 0.219505 -0.0106429 0.544997 -0.0104119 -1.09014 -0.0213358 -2.60508 -0.0188715 1.46826 -0.001474
12.568 0.3 -0.012 0.52 0.219704 -0.0106461 0.544877 -0.0104246 -1.08956 -0.021335 -2.60519 -0.0188602 1.46895 -0.00149194
12.569 0.3 -0.012 0.52 0.219903 -0.0106493 0.544757 -0.0104372 -1.08898 -0.0213341 -2.6053 -0.0188489 1.46965 -0.00150978
12.57 0.3 -0.012 0.52 0.220102 -0.0106525 0.544637 -0.0104498 -1.0884 -0.0213333 -2.60541 -0.0188375 1.47034 -0.00152752
12.571 0.3 -0.012 0.52 0.220301 -0.0106557 0.544518 -0.0104623 -1.08782 -0.0213324 -2.60551 -0.0188262 1.47104 -0.00154515
12.572 0.3 -0.012 0.52 0.220501 -0.0106589 0.544398 -0.0104747 -1.08724 -0.0213316 -2.60562 -0.0188148 1.47173 -0.00156267
12.573 0.3 -0.012 0.52 0.2207 -0.0106621 0.544279 -0.0104871 -1.08665 -0.0213307 -2.60572 -0.0188035 1.47243 -0.00158009
12.574 0.3 -0.012 0.52 0.2209 -0.0106653 0.54416 -0.0104994 -1.08607 -0.0213298 -2.60583 -0.0187921 1.47312 -0.0015974
12.575 0.3 -0.012 0.52 0.221099 -0.0106685 0.544041 -0.0105116 -1.08548 -0.0213289 -2.60593 -0.0187808 1.47382 -0.0016146
12.576 0.3 -0.012 0.52 0.221299 -0.0106716 0.543922 -0.0105238 -1.0849 -0.021328 -2.60603 -0.0187694 1.47451 -0.00163169
12.577 0.3 -0.012 0.52 0.221499 -0.0106748 0.543804 -0.0105359 -1.08431 -0.0213271 -2.60613 -0.0187581 1.47521 -0.00164867
12.578 0.3 -0.012 0.52 0.221698 -0.010678 0.543686 -0.010548 -1.08372 -0.0213262 -2.60623 -0.0187467 1.4759 -0.00166554
12.579 0.3 -0.012 0.52 0.221898 -0.0106812 0.543567 -0.01056 -1.08313 -0.0213253 -2.60632 -0.0187353 1.4766 -0.0016823
12.58 0.3 -0.012 0.52 0.222099 -0.0106844 0.54345 -0.0105719 -1.08254 -0.0213244 -2.60642 -0.018724 1.47729 -0.00169894
12.581 0.3 -0.012 0.52 0.222299 -0.0106876 0.543332 -0.0105837 -1.08195 -0.0213235 -2.60651 -0.0187126 1.47798 -0.00171547
12.582 0.3 -0.012 0.52 0.222499 -0.0106908 0.543214 -0.0105955 -1.08136 -0.0213225 -2.60661 -0.0187012 1.47868 -0.00173189
12.583 0.3 -0.012 0.52 0.222699 -0.0106939 0.543097 -0.0106072 -1.08077 -0.0213216 -2.6067 -0.0186899 1.47937 -0.0017482
12.584 0.3 -0.012 0.52 0.2229 -0.0106971 0.54298 -0.0106188 -1.08017 -0.0213207 -2.60679 -0.0186785 1.48006 -0.00176438
12.585 0.3 -0.012 0.52 0.2231 -0.0107003 0.542863 -0.0106304 -1.07958 -0.0213197 -2.60688 -0.0186672 1.48076 -0.00178045
12.586 0.3 -0.012 0.52 0.223301 -0.0107035 0.542746 -0.0106419 -1.07899 -0.0213188 -2.60697 -0.0186558 1.48145 -0.00179641
12.587 0.3 -0.012 0.52 0.223501 -0.0107067 0.54263 -0.0106533 -1.07839 -0.0213178 -2.60706 -0.0186444 1.48214 -0.00181224
12.588 0.3 -0.012 0.52 0.223702 -0.0107099 0.542513 -0.0106647 -1.07779 -0.0213169 -2.60715 -0.0186331 1.48284 -0.00182796
12.589 0.3 -0.012 0.52 0.223903 -0.010713 0.542397 -0.010676 -1.0772 -0.0213159 -2.60723 -0.0186217 1.48353 -0.00184355
12.59 0.3 -0.012 0.52 0.224104 -0.0107162 0.542281 -0.0106872 -1.0766 -0.021315 -2.60732 -0.0186104 1.48422 -0.00185903
12.591 0.3 -0.012 0.52 0.224305 -0.0107194 0.542165 -0.0106983 -1.076 -0.021314 -2.6074 -0.0185991 1.48492 -0.00187438
12.592 0.3 -0.012 0.52 0.224506 -0.0107226 0.54205 -0.0107094 -1.0754 -0.0213131 -2.60749 -0.0185877 1.48561 -0.00188961
12.593 0.3 -0.012 0.52 0.224708 -0.0107258 0.541934 -0.0107203 -1.0748 -0.0213121 -2.60757 -0.0185764 1.4863 -0.00190471
12.594 0.3 -0.012 0.52 0.224909 -0.0107289 0.541819 -0.0107313 -1.07419 -0.0213112 -2.60765 -0.0185651 1.48699 -0.0019197
12.595 0.3 -0.012 0.52 0.22511 -0.0107321 0.541704 -0.0107421 -1.07359 -0.0213102 -2.60773 -0.0185538 1.48768 -0.00193455
12.596 0.3 -0.012 0.52 0.225312 -0.0107353 0.541589 -0.0107528 -1.07299 -0.0213093 -2.6078 -0.0185425 1.48838 -0.00194928
12.597 0.3 -0.012 0.52 0.225514 -0.0107385 0.541475 -0.0107635 -1.07238 -0.0213083 -2.60788 -0.0185312 1.48907 -0.00196388
12.598 0.3 -0.012 0.52 0.225715 -0.0107417 0.54136 -0.0107741 -1.07178 -0.0213074 -2.60796 -0.0185199 1.48976 -0.00197835
12.599 0.3 -0.012 0.52 0.225917 -0.0107449 0.541246 -0.0107846 -1.07117 -0.0213065 -2.60803 -0.0185086 1.49045 -0.0019927
12.6 0.3 -0.012 0.52 0.226119 -0.010748 0.541132 -0.0107951 -1.07056 -0.0213055 -2.60811 -0.0184973 1.49114 -0.00200691
12.601 0.3 -0.012 0.52 0.226321 -0.0107512 0.541018 -0.0108054 -1.06996 -0.0213046 -2.60818 -0.0184861 1.49183 -0.00202099
12.602 0.3 -0.012 0.52 0.226523 -0.0107544 0.540905 -0.0108157 -1.06935 -0.0213037 -2.60825 -0.0184748 1.49253 -0.00203494
12.603 0.3 -0.012 0.52 0.226725 -0.0107576 0.540791 -0.0108259 -1.06874 -0.0213028 -2.60832 -0.0184636 1.49322 -0.00204875
12.604 0.3 -0.012 0.52 0.226928 -0.0107608 0.540678 -0.010836 -1.06813 -0.0213018 -2.60839 -0.0184524 1.49391 -0.00206243
12.605 0.3 -0.012 0.52 0.22713 -0.010764 0.540565 -0.0108461 -1.06752 -0.0213009 -2.60846 -0.0184412 1.4946 -0.00207598
12.606 0.3 -0.012 0.52 0.227332 -0.0107671 0.540452 -0.010856 -1.0669 -0.0213 -2.60852 -0.01843 1.49529 -0.00208939
12.607 0.3 -0.012 0.52 0.227535 -0.0107703 0.54034 -0.0108659 -1.06629 -0.0212992 -2.60859 -0.0184188 1.49598 -0.00210266
12.608 0.3 -0.012 0.52 0.227738 -0.0107735 0.540227 -0.0108757 -1.06568 -0.0212983 -2.60865 -0.0184077 1.49667 -0.00211579
12.609 0.3 -0.012 0.52 0.22794 -0.0107767 0.540115 -0.0108854 -1.06506 -0.0212974 -2.60871 -0.0183965 1.49736 -0.00212878
12.61 0.3 -0.012 0.52 0.228143 -0.0107799 0.540003 -0.010895 -1.06445 -0.0212966 -2.60878 -0.0183854 1.49805 -0.00214163
12.611 0.3 -0.012 0.52 0.228346 -0.0107831 0.539891 -0.0109045 -1.06383 -0.0212957 -2.60884 -0.0183743 1.49874 -0.00215434
12.612 0.3 -0.012 0.52 0.228549 -0.0107863 0.539779 -0.0109139 -1.06321 -0.0212949 -2.6089 -0.0183632 1.49943 -0.00216691
12.613 0.3 -0.012 0.52 0.228752 -0.0107894 0.539668 -0.0109233 -1.06259 -0.021294 -2.60896 -0.0183522 1.50012 -0.00217933
12.614 0.3 -0.012 0.52 0.228956 -0.0107926 0.539557 -0.0109325 -1.06197 -0.0212932 -2.60901 -0.0183411 1.50081 -0.00219161
12.615 0.3 -0.012 0.52 0.229159 -0.0107958 0.539446 -0.0109417 -1.06135 -0.0212924 -2.60907 -0.0183301 1.5015 -0.00220374
12.616 0.3 -0.012 0.52 0.229363 -0.010799 0.539335 -0.0109508 -1.06073 -0.0212916 -2.60912 -0.0183191 1.50219 -0.00221573
12.617 0.3 -0.012 0.52 0.229566 -0.0108022 0.539225 -0.0109597 -1.06011 -0.0212909 -2.60918 -0.0183081 1.50288 -0.00222756
12.618 0.3 -0.012 0.52 0.22977 -0.0108054 0.539114 -0.0109686 -1.05949 -0.0212901 -2.60923 -0.0182971 1.50357 -0.00223925
12.619 0.3 -0.012 0.52 0.229974 -0.0108086 0.539004 -0.0109774 -1.05886 -0.0212894 -2.60928 -0.0182862 1.50425 -0.00225078
12.62 0.3 -0.012 0.52 0.230177 -0.0108118 0.538894 -0.0109861 -1.05824 -0.0212886 -2.60933 -0.0182753 1.50494 -0.00226216
12.621 0.3 -0.012 0.52 0.230381 -0.010815 0.538784 -0.0109947 -1.05761 -0.0212879 -2.60938 -0.0182644 1.50563 -0.00227339
12.622 0.3 -0.012 0.52 0.230585 -0.0108182 0.538675 -0.0110032 -1.05699 -0.0212872 -2.60943 -0.0182536 1.50632 -0.00228446
12.623 0.3 -0.012 0.52 0.23079 -0.0108214 0.538565 -0.0110116 -1.05636 -0.0212866 -2.60948 -0.0182427 1.50701 -0.00229538
12.624 0.3 -0.012 0.52 0.230994 -0.0108246 0.538456 -0.01102 -1.05573 -0.0212859 -2.60952 -0.0182319 1.5077 -0.00230614
12.625 0.3 -0.012 0.52 0.231198 -0.0108278 0.538347 -0.0110282 -1.05511 -0.0212853 -2.60956 -0.0182211 1.50838 -0.00231674
12.626 0.3 -0.012 0.52 0.231403 -0.010831 0.538239 -0.0110363 -1.05448 -0.0212847 -2.60961 -0.0182104 1.50907 -0.00232718
12.627 0.3 -0.012 0.52 0.231607 -0.0108342 0.53813 -0.0110443 -1.05385 -0.0212841 -2.60965 -0.0181997 1.50976 -0.00233746
12.628 0.3 -0.012 0.52 0.231812 -0.0108374 0.538022 -0.0110522 -1.05321 -0.0212835 -2.60969 -0.018189 1.51044 -0.00234758
12.629 0.3 -0.012 0.52 0.232016 -0.0108406 0.537914 -0.01106 -1.05258 -0.021283 -2.60973 -0.0181783 1.51113 -0.00235754
12.63 0.3 -0.012 0.52 0.232221 -0.0108439 0.537806 -0.0110677 -1.05195 -0.0212824 -2.60977 -0.0181677 1.51182 -0.00236733
12.631 0.3 -0.012 0.52 0.232426 -0.0108471 0.537698 -0.0110753 -1.05132 -0.0212819 -2.60981 -0.0181571 1.5125 -0.00237695
12.632 0.3 -0.012 0.52 0.232631 -0.0108503 0.537591 -0.0110828 -1.05068 -0.0212815 -2.60984 -0.0181466 1.51319 -0.00238641
12.633 0.3 -0.012 0.52 0.232837 -0.0108535 0.537484 -0.0110902 -1.05005 -0.021281 -2.60988 -0.0181361 1.51388 -0.0023957
12.634 0.3 -0.012 0.52 0.233042 -0.0108567 0.537377 -0.0110975 -1.04941 -0.0212806 -2.60991 -0.0181256 1.51456 -0.00240481
12.635 0.3 -0.012 0.52 0.233247 -0.0108599 0.53727 -0.0111046 -1.04877 -0.0212802 -2.60994 -0.0181152 1.51525 -0.00241376
12.636 0.3 -0.012 0.52 0.233453 -0.0108632 0.537163 -0.0111117 -1.04814 -0.0212798 -2.60997 -0.0181048 1.51593 -0.00242253
12.637 0.3 -0.012 0.52 0.233658 -0.0108664 0.537057 -0.0111187 -1.0475 -0.0212795 -2.61 -0.0180944 1.51662 -0.00243113
12.638 0.3 -0.012 0.52 0.233864 -0.0108696 0.536951 -0.0111255 -1.04686 -0.0212792 -2.61003 -0.0180841 1.51731 -0.00243955
12.639 0.3 -0.012 0.52 0.23407 -0.0108729 0.536845 -0.0111322 -1.04622 -0.0212789 -2.61006 -0.0180738 1.51799 -0.00244779
12.64 0.3 -0.012 0.52 0.234275 -0.0108761 0.536739 -0.0111388 -1.04558 -0.0212787 -2.61009 -0.0180636 1.51868 -0.00245586
12.641 0.3 -0.012 0.52 0.234481 -0.0108793 0.536634 -0.0111454 -1.04493 -0.0212785 -2.61011 -0.0180534 1.51936 -0.00246374
12.642 0.3 -0.012 0.52 0.234688 -0.0108826 0.536528 -0.0111517 -1.04429 -0.0212783 -2.61014 -0.0180432 1.52004 -0.00247144
12.643 0.3 -0.012 0.52 0.234894 -0.0108858 0.536423 -0.011158 -1.04365 -0.0212781 -2.61016 -0.0180331 1.52073 -0.00247896
12.644 0.3 -0.012 0.52 0.2351 -0.010889 0.536318 -0.0111642 -1.043 -0.021278 -2.61018 -0.018023 1.52141 -0.0024863
12.645 0.3 -0.012 0.52 0.235306 -0.0108923 0.536214 -0.0111702 -1.04236 -0.0212779 -2.6102 -0.018013 1.5221 -0.00249344
12.646 0.3 -0.012 0.52 0.235513 -0.0108955 0.536109 -0.0111761 -1.04171 -0.0212779 -2.61022 -0.0180031 1.52278 -0.0025004
12.647 0.3 -0.012 0.52 0.23572 -0.0108988 0.536005 -0.0111819 -1.04106 -0.0212779 -2.61024 -0.0179931 1.52346 -0.00250717
12.648 0.3 -0.012 0.52 0.235926 -0.010902 0.535901 -0.0111876 -1.04042 -0.0212779 -2.61026 -0.0179833 1.52415 -0.00251375
12.649 0.3 -0.012 0.52 0.236133 -0.0109053 0.535797 -0.0111931 -1.03977 -0.021278 -2.61027 -0.0179735 1.52483 -0.00252013
12.65 0.3 -0.012 0.52 0.23634 -0.0109086 0.535694 -0.0111986 -1.03912 -0.0212781 -2.61029 -0.0179637 1.52551 -0.00252632
12.651 0.3 -0.012 0.52 0.236547 -0.0109118 0.535591 -0.0112039 -1.03847 -0.0212783 -2.6103 -0.017954 1.5262 -0.00253231
12.652 0.3 -0.012 0.52 0.236754 -0.0109151 0.535487 -0.011209 -1.03782 -0.0212785 -2.61031 -0.0179444 1.52688 -0.00253811
12.653 0.3 -0.012 0.52 0.236961 -0.0109184 0.535385 -0.0112141 -1.03717 -0.0212787 -2.61032 -0.0179348 1.52756 -0.0025437
12.654 0.3 -0.012 0.52 0.237169 -0.0109216 0.535282 -0.011219 -1.03651 -0.021279 -2.61033 -0.0179252 1.52824 -0.0025491
12.655 0.3 -0.012 0.52 0.237376 -0.0109249 0.53518 -0.0112238 -1.03586 -0.0212794 -2.61034 -0.0179157 1.52892 -0.00255429
12.656 0.3 -0.012 0.52 0.237584 -0.0109282 0.535077 -0.0112284 -1.03521 -0.0212798 -2.61035 -0.0179063 1.5296 -0.00255927
12.657 0.3 -0.012 0.52 0.237792 -0.0109315 0.534975 -0.0112329 -1.03455 -0.0212802 -2.61035 -0.017897 1.53029 -0.00256405
12.658 0.3 -0.012 0.52 0.237999 -0.0109348 0.534874 -0.0112373 -1.03389 -0.0212807 -2.61036 -0.0178877 1.53097 -0.00256862
12.659 0.3 -0.012 0.52 0.238207 -0.0109381 0.534772 -0.0112416 -1.03324 -0.0212812 -2.61036 -0.0178784 1.53165 -0.00257298
12.66 0.3 -0.012 0.52 0.238415 -0.0109414 0.534671 -0.0112457 -1.03258 -0.0212818 -2.61036 -0.0178692 1.53233 -0.00257713
12.661 0.3 -0.012 0.52 0.238623 -0.0109447 0.53457 -0.0112497 -1.03192 -0.0212824 -2.61036 -0.0178601 1.53301 -0.00258106
12.662 0.3 -0.012 0.52 0.238832 -0.010948 0.534469 -0.0112535 -1.03126 -0.0212831 -2.61036 -0.0178511 1.53369 -0.00258478
12.663 0.3 -0.012 0.52 0.23904 -0.0109513 0.534368 -0.0112572 -1.0306 -0.0212838 -2.61036 -0.0178421 1.53437 -0.00258827
12.664 0.3 -0.012 0.52 0.239248 -0.0109546 0.534268 -0.0112608 -1.02994 -0.0212846 -2.61036 -0.0178332 1.53505 -0.00259155
12.665 0.3 -0.012 0.52 0.239457 -0.0109579 0.534168 -0.0112642 -1.02928 -0.0212854 -2.61036 -0.0178244 1.53573 -0.00259461
12.666 0.3 -0.012 0.52 0.239665 -0.0109612 0.534068 -0.0112675 -1.02862 -0.0212863 -2.61035 -0.0178156 1.53641 -0.00259744
12.667 0.3 -0.012 0.52 0.239874 -0.0109646 0.533968 -0.0112706 -1.02795 -0.0212873 -2.61034 -0.017807 1.53709 -0.00260005
12.668 0.3 -0.012 0.52 0.240083 -0.0109679 0.533869 -0.0112736 -1.02729 -0.0212883 -2.61034 -0.0177983 1.53776 -0.00260243
12.669 0.3 -0.012 0.52 0.240292 -0.0109712 0.533769 -0.0112764 -1.02663 -0.0212894 -2.61033 -0.0177898 1.53844 -0.00260458
12.67 0.3 -0.012 0.52 0.240501 -0.0109746 0.533671 -0.0112791 -1.02596 -0.0212905 -2.61032 -0.0177814 1.53912 -0.00260649
12.671 0.3 -0.012 0.52 0.24071 -0.0109779 0.533572 -0.0112816 -1.02529 -0.0212917 -2.61031 -0.017773 1.5398 -0.00260818
12.672 0.3 -0.012 0.52 0.24092 -0.0109812 0.533473 -0.011284 -1.02463 -0.021293 -2.61029 -0.0177647 1.54048 -0.00260962
12.673 0.3 -0.012 0.52 0.241129 -0.0109846 0.533375 -0.0112862 -1.02396 -0.0212943 -2.61028 -0.0177565 1.54115 -0.00261083
12.674 0.3 -0.012 0.52 0.241339 -0.010988 0.533277 -0.0112883 -1.02329 -0.0212957 -2.61026 -0.0177483 1.54183 -0.0026118
12.675 0.3 -0.012 0.52 0.241548 -0.0109913 0.533179 -0.0112902 -1.02262 -0.0212972 -2.61025 -0.0177403 1.54251 -0.00261252
12.676 0.3 -0.012 0.52 0.241758 -0.0109947 0.533081 -0.0112919 -1.02195 -0.0212987 -2.61023 -0.0177323 1.54318 -0.002613
12.677 0.3 -0.012 0.52 0.241968 -0.0109981 0.532984 -0.0112935 -1.02128 -0.0213003 -2.61021 -0.0177244 1.54386 -0.00261323
12.678 0.3 -0.012 0.52 0.242178 -0.0110014 0.532887 -0.0112949 -1.02061 -0.021302 -2.61019 -0.0177166 1.54454 -0.00261322
12.679 0.3 -0.012 0.52 0.242388 -0.0110048 0.53279 -0.0112962 -1.01993 -0.0213038 -2.61017 -0.017709 1.54521 -0.00261295
12.68 0.3 -0.012 0.52 0.242598 -0.0110082 0.532693 -0.0112973 -1.01926 -0.0213056 -2.61015 -0.0177013 1.54589 -0.00261242
12.681 0.3 -0.012 0.52 0.242809 -0.0110116 0.532597 -0.0112982 -1.01858 -0.0213075 -2.61012 -0.0176938 1.54656 -0.00261164
12.682 0.3 -0.012 0.52 0.243019 -0.011015 0.532501 -0.0112989 -1.01791 -0.0213094 -2.6101 -0.0176864 1.54724 -0.0026106
12.683 0.3 -0.012 0.52 0.24323 -0.0110184 0.532405 -0.0112995 -1.01723 -0.0213115 -2.61007 -0.0176791 1.54791 -0.0026093
12.684 0.3 -0.012 0.52 0.24344 -0.0110218 0.532309 -0.0112999 -1.01656 -0.0213136 -2.61004 -0.0176719 1.54859 -0.00260774
12.685 0.3 -0.012 0.52 0.243651 -0.0110252 0.532214 -0.0113002 -1.01588 -0.0213158 -2.61001 -0.0176648 1.54926 -0.00260591
12.686 0.3 -0.012 0.52 0.243862 -0.0110287 0.532119 -0.0113002 -1.0152 -0.0213181 -2.60998 -0.0176578 1.54994 -0.00260381
12.687 0.3 -0.012 0.52 0.244073 -0.0110321 0.532024 -0.0113001 -1.01452 -0.0213205 -2.60995 -0.0176508 1.55061 -0.00260144
12.688 0.3 -0.012 0.52 0.244284 -0.0110355 0.531929 -0.0112998 -1.01384 -0.021323 -2.60992 -0.017644 1.55128 -0.00259879
12.689 0.3 -0.012 0.52 0.244495 -0.011039 0.531834 -0.0112993 -1.01316 -0.0213255 -2.60988 -0.0176373 1.55196 -0.00259587
12.69 0.3 -0.012 0.52 0.244707 -0.0110424 0.53174 -0.0112987 -1.01248 -0.0213282 -2.60985 -0.0176307 1.55263 -0.00259267
12.691 0.3 -0.012 0.52 0.244918 -0.0110459 0.531646 -0.0112978 -1.0118 -0.0213309 -2.60981 -0.0176243 1.5533 -0.00258918
12.692 0.3 -0.012 0.52 0.24513 -0.0110493 0.531552 -0.0112968 -1.01111 -0.0213337 -2.60977 -0.0176179 1.55397 -0.00258542
12.693 0.3 -0.012 0.52 0.245342 -0.0110528 0.531459 -0.0112956 -1.01043 -0.0213367 -2.60973 -0.0176117 1.55465 -0.00258136
12.694 0.3 -0.012 0.52 0.245554 -0.0110563 0.531366 -0.0112942 -1.00975 -0.0213397 -2.60969 -0.0176055 1.55532 -0.00257702
12.695 0.3 -0.012 0.52 0.245765 -0.0110597 0.531273 -0.0112925 -1.00906 -0.0213428 -2.60965 -0.0175995 1.55599 -0.00257238
12.696 0.3 -0.012 0.52 0.245978 -0.0110632 0.53118 -0.0112907 -1.00837 -0.021346 -2.60961 -0.0175936 1.55666 -0.00256744
12.697 0.3 -0.012 0.52 0.24619 -0.0110667 0.531087 -0.0112887 -1.00769 -0.0213493 -2.60956 -0.0175878 1.55733 -0.00256221
12.698 0.3 -0.012 0.52 0.246402 -0.0110702 0.530995 -0.0112865 -1.007 -0.0213527 -2.60952 -0.0175822 1.558 -0.00255667
12.699 0.3 -0.012 0.52 0.246614 -0.0110737 0.530903 -0.0112841 -1.00631 -0.0213562 -2.60947 -0.0175766 1.55867 -0.00255083
12.7 0.3 -0.012 0.52 0.246827 -0.0110773 0.530811 -0.0112815 -1.00562 -0.0213598 -2.60942 -0.0175713 1.55934 -0.00254469
12.701 0.3 -0.012 0.52 0.24704 -0.0110808 0.53072 -0.0112787 -1.00493 -0.0213635 -2.60937 -0.017566 1.56001 -0.00253823
12.702 0.3 -0.012 0.52 0.247252 -0.0110843 0.530629 -0.0112757 -1.00424 -0.0213673 -2.60932 -0.0175609 1.56068 -0.00253146
12.703 0.3 -0.012 0.52 0.247465 -0.0110878 0.530538 -0.0112725 -1.00355 -0.0213713 -2.60927 -0.0175559 1.56135 -0.00252437
12.704 0.3 -0.012 0.52 0.247678 -0.0110914 0.530447 -0.011269 -1.00286 -0.0213753 -2.60922 -0.017551 1.56202 -0.00251696
12.705 0.3 -0.012 0.52 0.247891 -0.011095 0.530356 -0.0112654 -1.00217 -0.0213795 -2.60916 -0.0175463 1.56269 -0.00250922
12.706 0.3 -0.012 0.52 0.248105 -0.0110985 0.530266 -0.0112615 -1.00147 -0.0213837 -2.60911 -0.0175417 1.56335 -0.00250117
12.707 0.3 -0.012 0.52 0.248318 -0.0111021 0.530176 -0.0112574 -1.00078 -0.0213881 -2.60905 -0.0175372 1.56402 -0.00249278
12.708 0.3 -0.012 0.52 0.248532 -0.0111057 0.530086 -0.0112531 -1.00008 -0.0213926 -2.60899 -0.0175329 1.56469 -0.00248406
12.709 0.3 -0.012 0.52 0.248745 -0.0111093 0.529997 -0.0112486 -0.999386 -0.0213973 -2.60893 -0.0175288 1.56536 -0.002475
12.71 0.3 -0.012 0.52 0.248959 -0.0111129 0.529908 -0.0112438 -0.998689 -0.021402 -2.60887 -0.0175248 1.56602 -0.0024656
12.711 0.3 -0.012 0.52 0.249173 -0.0111165 0.529819 -0.0112388 -0.997991 -0.0214069 -2.60881 -0.017521 1.56669 -0.00245586
12.712 0.3 -0.012 0.52 0.249387 -0.0111201 0.52973 -0.0112336 -0.997293 -0.0214119 -2.60874 -0.0175173 1.56736 -0.00244577
12.713 0.3 -0.012 0.52 0.249601 -0.0111237 0.529642 -0.0112281 -0.996594 -0.021417 -2.60868 -0.0175137 1.56802 -0.00243533
12.714 0.3 -0.012 0.52 0.249815 -0.0111273 0.529553 -0.0112224 -0.995894 -0.0214223 -2.60861 -0.0175104 1.56869 -0.00242454
12.715 0.3 -0.012 0.52 0.25003 -0.011131 0.529466 -0.0112165 -0.995194 -0.0214277 -2.60854 -0.0175071 1.56935 -0.00241339
12.716 0.3 -0.012 0.52 0.250244 -0.0111346 0.529378 -0.0112103 -0.994492 -0.0214332 -2.60847 -0.0175041 1.57002 -0.00240187
12.717 0.3 -0.012 0.52 0.250459 -0.0111383 0.52929 -0.0112039 -0.99379 -0.0214389 -2.6084 -0.0175012 1.57068 -0.00239
12.718 0.3 -0.012 0.52 0.250673 -0.0111419 0.529203 -0.0111973 -0.993087 -0.0214447 -2.60833 -0.0174985 1.57134 -0.00237775
12.719 0.3 -0.012 0.52 0.250888 -0.0111456 0.529116 -0.0111903 -0.992384 -0.0214506 -2.60826 -0.017496 1.57201 -0.00236513
12.72 0.3 -0.012 0.52 0.251103 -0.0111493 0.52903 -0.0111832 -0.99168 -0.0214567 -2.60818 -0.0174936 1.57267 -0.00235214
12.721 0.3 -0.012 0.52 0.251318 -0.011153 0.528944 -0.0111758 -0.990975 -0.0214629 -2.60811 -0.0174914 1.57333 -0.00233876
12.722 0.3 -0.012 0.52 0.251533 -0.0111567 0.528857 -0.0111681 -0.990269 -0.0214693 -2.60803 -0.0174894 1.574 -0.002325
12.723 0.3 -0.012 0.52 0.251749 -0.0111604 0.528772 -0.0111601 -0.989562 -0.0214759 -2.60795 -0.0174876 1.57466 -0.00231085
12.724 0.3 -0.012 0.52 0.251964 -0.0111642 0.528686 -0.0111519 -0.988855 -0.0214825 -2.60787 -0.0174859 1.57532 -0.00229631
12.725 0.3 -0.012 0.52 0.25218 -0.0111679 0.528601 -0.0111434 -0.988147 -0.0214894 -2.60779 -0.0174845 1.57598 -0.00228137
12.726 0.3 -0.012 0.52 0.252396 -0.0111717 0.528516 -0.0111347 -0.987438 -0.0214964 -2.60771 -0.0174832 1.57664 -0.00226603
12.727 0.3 -0.012 0.52 0.252611 -0.0111754 0.528431 -0.0111257 -0.986729 -0.0215035 -2.60762 -0.0174821 1.5773 -0.00225029
12.728 0.3 -0.012 0.52 0.252827 -0.0111792 0.528347 -0.0111164 -0.986019 -0.0215108 -2.60754 -0.0174813 1.57797 -0.00223414
12.729 0.3 -0.012 0.52 0.253044 -0.011183 0.528262 -0.0111068 -0.985308 -0.0215183 -2.60745 -0.0174806 1.57863 -0.00221757
12.73 0.3 -0.012 0.52 0.25326 -0.0111868 0.528179 -0.011097 -0.984596 -0.021526 -2.60736 -0.0174801 1.57929 -0.00220058
12.731 0.3 -0.012 0.52 0.253476 -0.0111906 0.528095 -0.0110868 -0.983884 -0.0215338 -2.60727 -0.0174799 1.57994 -0.00218317
12.732 0.3 -0.012 0.52 0.253693 -0.0111944 0.528012 -0.0110764 -0.983171 -0.0215418 -2.60718 -0.0174798 1.5806 -0.00216533
12.733 0.3 -0.012 0.52 0.253909 -0.0111982 0.527928 -0.0110657 -0.982457 -0.0215499 -2.60709 -0.01748 1.58126 -0.00214706
12.734 0.3 -0.012 0.52 0.254126 -0.0112021 0.527846 -0.0110547 -0.981743 -0.0215583 -2.607 -0.0174804 1.58192 -0.00212835
12.735 0.3 -0.012 0.52 0.254343 -0.0112059 0.527763 -0.0110433 -0.981027 -0.0215668 -2.6069 -0.017481 1.58258 -0.0021092
12.736 0.3 -0.012 0.52 0.25456 -0.0112098 0.527681 -0.0110317 -0.980311 -0.0215755 -2.60681 -0.0174818 1.58324 -0.00208961
12.737 0.3 -0.012 0.52 0.254777 -0.0112136 0.527599 -0.0110198 -0.979595 -0.0215844 -2.60671 -0.0174828 1.58389 -0.00206956
12.738 0.3 -0.012 0.52 0.254994 -0.0112175 0.527517 -0.0110076 -0.978877 -0.0215935 -2.60661 -0.0174841 1.58455 -0.00204906
12.739 0.3 -0.012 0.52 0.255212 -0.0112214 0.527436 -0.010995 -0.978159 -0.0216027 -2.60651 -0.0174856 1.58521 -0.00202809
12.74 0.3 -0.012 0.52 0.255429 -0.0112253 0.527355 -0.0109821 -0.97744 -0.0216122 -2.60641 -0.0174873 1.58586 -0.00200666
12.741 0.3 -0.012 0.52 0.255647 -0.0112293 0.527274 -0.010969 -0.976721 -0.0216219 -2.60631 -0.0174893 1.58652 -0.00198476
12.742 0.3 -0.012 0.52 0.255864 -0.0112332 0.527193 -0.0109554 -0.976 -0.0216317 -2.6062 -0.0174915 1.58717 -0.00196238
12.743 0.3 -0.012 0.52 0.256082 -0.0112372 0.527113 -0.0109416 -0.975279 -0.0216418 -2.6061 -0.017494 1.58783 -0.00193951
12.744 0.3 -0.012 0.52 0.2563 -0.0112411 0.527033 -0.0109274 -0.974558 -0.021652 -2.60599 -0.0174967 1.58848 -0.00191616
12.745 0.3 -0.012 0.52 0.256519 -0.0112451 0.526953 -0.0109129 -0.973835 -0.0216625 -2.60588 -0.0174997 1.58914 -0.00189232
12.746 0.3 -0.012 0.52 0.256737 -0.0112491 0.526874 -0.0108981 -0.973112 -0.0216732 -2.60577 -0.0175029 1.58979 -0.00186798
12.747 0.3 -0.012 0.52 0.256955 -0.0112531 0.526795 -0.0108829 -0.972388 -0.0216841 -2.60566 -0.0175064 1.59044 -0.00184313
12.748 0.3 -0.012 0.52 0.257174 -0.0112571 0.526716 -0.0108673 -0.971664 -0.0216952 -2.60555 -0.0175102 1.59109 -0.00181777
12.749 0.3 -0.012 0.52 0.257393 -0.0112611 0.526637 -0.0108514 -0.970939 -0.0217066 -2.60543 -0.0175142 1.59175 -0.0017919
12.75 0.3 -0.012 0.52 0.257611 -0.0112652 0.526559 -0.0108352 -0.970213 -0.0217181 -2.60532 -0.0175185 1.5924 -0.0017655
12.751 0.3 -0.012 0.52 0.25783 -0.0112693 0.526481 -0.0108186 -0.969486 -0.0217299 -2.6052 -0.017523 1.59305 -0.00173858
12.752 0.3 -0.012 0.52 0.258049 -0.0112733 0.526403 -0.0108016 -0.968759 -0.021742 -2.60508 -0.0175279 1.5937 -0.00171112
12.753 0.3 -0.012 0.52 0.258269 -0.0112774 0.526326 -0.0107842 -0.968031 -0.0217542 -2.60496 -0.017533 1.59435 -0.00168312
12.754 0.3 -0.012 0.52 0.258488 -0.0112815 0.526249 -0.0107665 -0.967302 -0.0217667 -2.60484 -0.0175385 1.595 -0.00165458
12.755 0.3 -0.012 0.52 0.258708 -0.0112856 0.526172 -0.0107484 -0.966572 -0.0217795 -2.60472 -0.0175442 1.59565 -0.00162548
12.756 0.3 -0.012 0.52 0.258927 -0.0112898 0.526096 -0.0107299 -0.965842 -0.0217924 -2.60459 -0.0175502 1.5963 -0.00159582
12.757 0.3 -0.012 0.52 0.259147 -0.0112939 0.526019 -0.010711 -0.965111 -0.0218057 -2.60447 -0.0175566 1.59695 -0.0015656
12.758 0.3 -0.012 0.52 0.259367 -0.0112981 0.525943 -0.0106917 -0.96438 -0.0218192 -2.60434 -0.0175632 1.5976 -0.00153481
12.759 0.3 -0.012 0.52 0.259587 -0.0113023 0.525868 -0.0106721 -0.963648 -0.0218329 -2.60421 -0.0175701 1.59825 -0.00150343
12.76 0.3 -0.012 0.52 0.259807 -0.0113065 0.525793 -0.010652 -0.962915 -0.0218469 -2.60408 -0.0175774 1.59889 -0.00147147
12.761 0.3 -0.012 0.52 0.260027 -0.0113107 0.525718 -0.0106315 -0.962181 -0.0218612 -2.60395 -0.017585 1.59954 -0.00143892
12.762 0.3 -0.012 0.52 0.260248 -0.0113149 0.525643 -0.0106106 -0.961447 -0.0218757 -2.60382 -0.0175929 1.60019 -0.00140577
12.763 0.3 -0.012 0.52 0.260468 -0.0113192 0.525568 -0.0105893 -0.960712 -0.0218905 -2.60369 -0.0176011 1.60083 -0.00137201
12.764 0.3 -0.012 0.52 0.260689 -0.0113234 0.525494 -0.0105675 -0.959976 -0.0219056 -2.60355 -0.0176097 1.60148 -0.00133764
12.765 0.3 -0.012 0.52 0.26091 -0.0113277 0.525421 -0.0105454 -0.95924 -0.021921 -2.60341 -0.0176186 1.60213 -0.00130265
12.766 0.3 -0.012 0.52 0.261131 -0.011332 0.525347 -0.0105228 -0.958503 -0.0219367 -2.60328 -0.0176279 1.60277 -0.00126703
12.767 0.3 -0.012 0.52 0.261352 -0.0113363 0.525274 -0.0104997 -0.957766 -0.0219526 -2.60314 -0.0176375 1.60341 -0.00123077
12.768 0.3 -0.012 0.52 0.261573 -0.0113407 0.525201 -0.0104762 -0.957027 -0.0219688 -2.603 -0.0176475 1.60406 -0.00119386
12.769 0.3 -0.012 0.52 0.261795 -0.011345 0.525129 -0.0104523 -0.956288 -0.0219854 -2.60285 -0.0176578 1.6047 -0.00115631
12.77 0.3 -0.012 0.52 0.262016 -0.0113494 0.525056 -0.0104279 -0.955548 -0.0220022 -2.60271 -0.0176685 1.60534 -0.0011181
12.771 0.3 -0.012 0.52 0.262238 -0.0113538 0.524984 -0.010403 -0.954808 -0.0220194 -2.60256 -0.0176796 1.60599 -0.00107921
12.772 0.3 -0.012 0.52 0.26246 -0.0113582 0.524913 -0.0103776 -0.954067 -0.0220368 -2.60242 -0.0176911 1.60663 -0.00103966
12.773 0.3 -0.012 0.52 0.262682 -0.0113626 0.524842 -0.0103518 -0.953325 -0.0220546 -2.60227 -0.0177029 1.60727 -0.000999416
12.774 0.3 -0.012 0.52 0.262904 -0.0113671 0.524771 -0.0103255 -0.952583 -0.0220727 -2.60212 -0.0177151 1.60791 -0.000958482
12.775 0.3 -0.012 0.52 0.263126 -0.0113715 0.5247 -0.0102987 -0.95184 -0.0220911 -2.60197 -0.0177278 1.60855 -0.000916847
12.776 0.3 -0.012 0.52 0.263349 -0.011376 0.52463 -0.0102715 -0.951096 -0.0221098 -2.60181 -0.0177408 1.60919 -0.000874503
12.777 0.3 -0.012 0.52 0.263571 -0.0113805 0.52456 -0.0102437 -0.950352 -0.0221289 -2.60166 -0.0177542 1.60983 -0.00083144
12.778 0.3 -0.012 0.52 0.263794 -0.011385 0.52449 -0.0102154 -0.949607 -0.0221483 -2.6015 -0.0177681 1.61047 -0.00078765
12.779 0.3 -0.012 0.52 0.264017 -0.0113896 0.524421 -0.0101866 -0.948861 -0.0221681 -2.60135 -0.0177823 1.61111 -0.000743124
12.78 0.3 -0.012 0.52 0.264239 -0.0113941 0.524352 -0.0101572 -0.948115 -0.0221882 -2.60119 -0.017797 1.61175 -0.000697853
12.781 0.3 -0.012 0.52 0.264463 -0.0113987 0.524283 -0.0101274 -0.947368 -0.0222087 -2.60103 -0.0178121 1.61239 -0.000651827
12.782 0.3 -0.012 0.52 0.264686 -0.0114033 0.524214 -0.010097 -0.94662 -0.0222295 -2.60087 -0.0178277 1.61302 -0.000605036
12.783 0.3 -0.012 0.52 0.264909 -0.011408 0.524146 -0.0100661 -0.945872 -0.0222507 -2.6007 -0.0178437 1.61366 -0.000557472
12.784 0.3 -0.012 0.52 0.265133 -0.0114126 0.524079 -0.0100346 -0.945123 -0.0222723 -2.60054 -0.0178602 1.6143 -0.000509124
12.785 0.3 -0.012 0.52 0.265356 -0.0114173 0.524011 -0.0100025 -0.944374 -0.0222942 -2.60037 -0.0178771 1.61493 -0.000459983
12.786 0.3 -0.012 0.52 0.26558 -0.011422 0.523944 -0.00996993 -0.943623 -0.0223165 -2.6002 -0.0178945 1.61557 -0.000410038
12.787 0.3 -0.012 0.52 0.265804 -0.0114267 0.523878 -0.00993676 -0.942872 -0.0223392 -2.60004 -0.0179123 1.6162 -0.000359279
12.788 0.3 -0.012 0.52 0.266028 -0.0114314 0.523811 -0.009903 -0.942121 -0.0223624 -2.59987 -0.0179307 1.61684 -0.000307696
12.789 0.3 -0.012 0.52 0.266253 -0.0114361 0.523745 -0.00986865 -0.941369 -0.0223859 -2.59969 -0.0179495 1.61747 -0.000255279
12.79 0.3 -0.012 0.52 0.266477 -0.0114409 0.523679 -0.00983371 -0.940616 -0.0224098 -2.59952 -0.0179688 1.6181 -0.000202016
12.791 0.3 -0.012 0.52 0.266702 -0.0114457 0.523614 -0.00979816 -0.939862 -0.0224341 -2.59934 -0.0179886 1.61873 -0.000147897
12.792 0.3 -0.012 0.52 0.266926 -0.0114505 0.523549 -0.009762 -0.939108 -0.0224588 -2.59917 -0.0180089 1.61937 -9.29102e-05
12.793 0.3 -0.012 0.52 0.267151 -0.0114554 0.523484 -0.00972522 -0.938354 -0.022484 -2.59899 -0.0180298 1.62 -3.70452e-05
12.794 0.3 -0.012 0.52 0.267376 -0.0114603 0.52342 -0.00968781 -0.937598 -0.0225096 -2.59881 -0.0180512 1.62063 1.97097e-05
12.795 0.3 -0.012 0.52 0.267601 -0.0114652 0.523356 -0.00964976 -0.936842 -0.0225356 -2.59863 -0.0180731 1.62126 7.73662e-05
12.796 0.3 -0.012 0.52 0.267826 -0.0114701 0.523292 -0.00961107 -0.936086 -0.0225621 -2.59845 -0.0180955 1.62189 0.000135936
12.797 0.3 -0.012 0.52 0.268052 -0.011475 0.523229 -0.00957172 -0.935328 -0.022589 -2.59826 -0.0181185 1.62252 0.000195431
12.798 0.3 -0.012 0.52 0.268277 -0.01148 0.523166 -0.0095317 -0.93457 -0.0226164 -2.59808 -0.0181421 1.62315 0.000255863
12.799 0.3 -0.012 0.52 0.268503 -0.011485 0.523104 -0.00949101 -0.933812 -0.0226443 -2.59789 -0.0181662 1.62378 0.000317246
12.8 0.3 -0.012 0.52 0.268729 -0.01149 0.523041 -0.00944964 -0.933053 -0.0226726 -2.5977 -0.0181909 1.6244 0.00037959
12.801 0.3 -0.012 0.52 0.268955 -0.011495 0.52298 -0.00940757 -0.932293 -0.0227014 -2.59751 -0.0182162 1.62503 0.00044291
12.802 0.3 -0.012 0.52 0.269181 -0.0115001 0.522918 -0.0093648 -0.931533 -0.0227307 -2.59732 -0.0182421 1.62566 0.000507217
12.803 0.3 -0.012 0.52 0.269408 -0.0115052 0.522857 -0.00932132 -0.930772 -0.0227605 -2.59712 -0.0182685 1.62628 0.000572525
12.804 0.3 -0.012 0.52 0.269634 -0.0115103 0.522796 -0.00927711 -0.93001 -0.0227907 -2.59693 -0.0182956 1.62691 0.000638848
12.805 0.3 -0.012 0.52 0.269861 -0.0115154 0.522736 -0.00923217 -0.929248 -0.0228215 -2.59673 -0.0183233 1.62753 0.000706199
12.806 0.3 -0.012 0.52 0.270088 -0.0115206 0.522676 -0.00918648 -0.928485 -0.0228528 -2.59653 -0.0183517 1.62816 0.000774592
12.807 0.3 -0.012 0.52 0.270314 -0.0115258 0.522616 -0.00914004 -0.927722 -0.0228847 -2.59633 -0.0183806 1.62878 0.000844041
12.808 0.3 -0.012 0.52 0.270541 -0.011531 0.522557 -0.00909285 -0.926958 -0.022917 -2.59613 -0.0184103 1.6294 0.00091456
12.809 0.3 -0.012 0.52 0.270769 -0.0115363 0.522498 -0.00904489 -0.926194 -0.0229499 -2.59593 -0.0184406 1.63003 0.000986164
12.81 0.3 -0.012 0.52 0.270996 -0.0115416 0.522439 -0.00899617 -0.92543 -0.0229833 -2.59572 -0.0184716 1.63065 0.00105887
12.811 0.3 -0.012 0.52 0.271223 -0.0115469 0.522381 -0.00894669 -0.924667 -0.0230172 -2.59552 -0.0185032 1.63127 0.00113268
12.812 0.3 -0.012 0.52 0.271449 -0.0115522 0.522324 -0.00889644 -0.923904 -0.0230517 -2.59531 -0.0185356 1.63189 0.00120761
12.813 0.3 -0.012 0.52 0.271676 -0.0115575 0.522267 -0.00884542 -0.923143 -0.0230867 -2.5951 -0.0185687 1.63251 0.00128368
12.814 0.3 -0.012 0.52 0.271902 -0.0115629 0.52221 -0.00879364 -0.922382 -0.0231222 -2.5949 -0.0186026 1.63312 0.00136089
12.815 0.3 -0.012 0.52 0.272128 -0.0115683 0.522154 -0.00874108 -0.921623 -0.0231583 -2.59469 -0.0186372 1.63374 0.00143925
12.816 0.3 -0.012 0.52 0.272354 -0.0115737 0.522098 -0.00868775 -0.920866 -0.0231949 -2.59448 -0.0186725 1.63436 0.00151878
12.817 0.3 -0.012 0.52 0.272579 -0.0115792 0.522043 -0.00863365 -0.920111 -0.0232321 -2.59427 -0.0187087 1.63497 0.00159948
12.818 0.3 -0.012 0.52 0.272804 -0.0115846 0.521989 -0.00857877 -0.919357 -0.0232698 -2.59406 -0.0187456 1.63559 0.00168136
12.819 0.3 -0.012 0.52 0.273028 -0.0115901 0.521935 -0.00852311 -0.918606 -0.023308 -2.59385 -0.0187832 1.6362 0.00176443
12.82 0.3 -0.012 0.52 0.273251 -0.0115956 0.521882 -0.00846668 -0.917857 -0.0233468 -2.59363 -0.0188217 1.63681 0.0018487
12.821 0.3 -0.012 0.52 0.273475 -0.0116012 0.521829 -0.00840945 -0.917111 -0.0233862 -2.59342 -0.018861 1.63742 0.00193416
12.822 0.3 -0.012 0.52 0.273697 -0.0116067 0.521777 -0.00835145 -0.916367 -0.0234261 -2.59321 -0.0189011 1.63803 0.00202084
12.823 0.3 -0.012 0.52 0.273919 -0.0116123 0.521725 -0.00829266 -0.915627 -0.0234666 -2.593 -0.018942 1.63864 0.00210873
12.824 0.3 -0.012 0.52 0.27414 -0.0116178 0.521674 -0.00823308 -0.914889 -0.0235076 -2.59279 -0.0189837 1.63925 0.00219784
12.825 0.3 -0.012 0.52 0.27436 -0.0116234 0.521624 -0.00817271 -0.914155 -0.0235491 -2.59257 -0.0190263 1.63985 0.00228818
12.826 0.3 -0.012 0.52 0.274579 -0.0116291 0.521574 -0.00811154 -0.913424 -0.0235913 -2.59236 -0.0190697 1.64046 0.00237975
12.827 0.3 -0.012 0.52 0.274798 -0.0116347 0.521525 -0.00804959 -0.912697 -0.023634 -2.59215 -0.0191139 1.64106 0.00247256
12.828 0.3 -0.012 0.52 0.275016 -0.0116403 0.521476 -0.00798683 -0.911973 -0.0236772 -2.59194 -0.019159 1.64166 0.0025666
12.829 0.3 -0.012 0.52 0.275233 -0.011646 0.521428 -0.00792328 -0.911253 -0.0237211 -2.59173 -0.0192049 1.64226 0.00266189
12.83 0.3 -0.012 0.52 0.275449 -0.0116517 0.521381 -0.00785892 -0.910537 -0.0237655 -2.59152 -0.0192517 1.64286 0.00275843
12.831 0.3 -0.012 0.52 0.275664 -0.0116574 0.521334 -0.00779376 -0.909825 -0.0238105 -2.59131 -0.0192994 1.64345 0.00285622
12.832 0.3 -0.012 0.52 0.275878 -0.0116631 0.521288 -0.0077278 -0.909117 -0.023856 -2.5911 -0.0193479 1.64405 0.00295526
12.833 0.3 -0.012 0.52 0.276091 -0.0116688 0.521243 -0.00766102 -0.908413 -0.0239022 -2.59089 -0.0193973 1.64464 0.00305556
12.834 0.3 -0.012 0.52 0.276303 -0.0116746 0.521198 -0.00759344 -0.907714 -0.0239489 -2.59068 -0.0194475 1.64524 0.00315712
12.835 0.3 -0.012 0.52 0.276514 -0.0116803 0.521154 -0.00752504 -0.907019 -0.0239962 -2.59047 -0.0194987 1.64583 0.00325994
12.836 0.3 -0.012 0.52 0.276724 -0.0116861 0.52111 -0.00745582 -0.906328 -0.0240441 -2.59026 -0.0195507 1.64641 0.00336402
12.837 0.3 -0.012 0.52 0.276933 -0.0116919 0.521068 -0.00738579 -0.905642 -0.0240926 -2.59005 -0.0196036 1.647 0.00346937
12.838 0.3 -0.012 0.52 0.27714 -0.0116977 0.521025 -0.00731493 -0.904961 -0.0241417 -2.58985 -0.0196574 1.64759 0.00357599
12.839 0.3 -0.012 0.52 0.277347 -0.0117035 0.520984 -0.00724326 -0.904284 -0.0241914 -2.58964 -0.0197121 1.64817 0.00368388
12.84 0.3 -0.012 0.52 0.277552 -0.0117093 0.520943 -0.00717075 -0.903612 -0.0242416 -2.58944 -0.0197677 1.64875 0.00379304
12.841 0.3 -0.012 0.52 0.277757 -0.0117151 0.520902 -0.00709742 -0.902945 -0.0242925 -2.58924 -0.0198241 1.64933 0.00390347
12.842 0.3 -0.012 0.52 0.27796 -0.011721 0.520863 -0.00702325 -0.902283 -0.024344 -2.58903 -0.0198815 1.64991 0.00401518
12.843 0.3 -0.012 0.52 0.278162 -0.0117268 0.520824 -0.00694825 -0.901625 -0.0243961 -2.58883 -0.0199398 1.65049 0.00412816
12.844 0.3 -0.012 0.52 0.278362 -0.0117327 0.520785 -0.00687241 -0.900973 -0.0244488 -2.58863 -0.0199989 1.65106 0.00424242
12.845 0.3 -0.012 0.52 0.278562 -0.0117386 0.520748 -0.00679572 -0.900326 -0.0245021 -2.58843 -0.020059 1.65163 0.00435796
12.846 0.3 -0.012 0.52 0.27876 -0.0117444 0.52071 -0.0067182 -0.899684 -0.024556 -2.58823 -0.02012 1.6522 0.00447477
12.847 0.3 -0.012 0.52 0.278957 -0.0117503 0.520674 -0.00663983 -0.899047 -0.0246106 -2.58804 -0.0201818 1.65277 0.00459286
12.848 0.3 -0.012 0.52 0.279153 -0.0117562 0.520638 -0.0065606 -0.898415 -0.0246657 -2.58784 -0.0202446 1.65334 0.00471223
12.849 0.3 -0.012 0.52 0.279347 -0.0117621 0.520603 -0.00648053 -0.897788 -0.0247215 -2.58764 -0.0203083 1.65391 0.00483289
12.85 0.3 -0.012 0.52 0.279541 -0.0117681 0.520568 -0.00639959 -0.897167 -0.024778 -2.58745 -0.0203729 1.65447 0.00495482
12.851 0.3 -0.012 0.52 0.279733 -0.011774 0.520534 -0.0063178 -0.896551 -0.024835 -2.58726 -0.0204384 1.65503 0.00507803
12.852 0.3 -0.012 0.52 0.279923 -0.0117799 0.5205 -0.00623514 -0.89594 -0.0248927 -2.58707 -0.0205048 1.65559 0.00520253
12.853 0.3 -0.012 0.52 0.280112 -0.0117858 0.520467 -0.00615161 -0.895334 -0.0249511 -2.58688 -0.0205721 1.65615 0.00532831
12.854 0.3 -0.012 0.52 0.2803 -0.0117918 0.520435 -0.00606721 -0.894734 -0.02501 -2.58669 -0.0206403 1.6567 0.00545537
12.855 0.3 -0.012 0.52 0.280487 -0.0117977 0.520403 -0.00598194 -0.894139 -0.0250697 -2.5865 -0.0207094 1.65726 0.00558372
12.856 0.3 -0.012 0.52 0.280672 -0.0118037 0.520372 -0.00589579 -0.89355 -0.0251299 -2.58631 -0.0207795 1.65781 0.00571334
12.857 0.3 -0.012 0.52 0.280856 -0.0118096 0.520342 -0.00580875 -0.892966 -0.0251908 -2.58613 -0.0208504 1.65836 0.00584426
12.858 0.3 -0.012 0.52 0.281039 -0.0118156 0.520312 -0.00572083 -0.892387 -0.0252524 -2.58595 -0.0209223 1.6589 0.00597645
12.859 0.3 -0.012 0.52 0.28122 -0.0118216 0.520282 -0.00563202 -0.891814 -0.0253147 -2.58577 -0.0209951 1.65945 0.00610994
12.86 0.3 -0.012 0.52 0.2814 -0.0118276 0.520253 -0.00554232 -0.891246 -0.0253776 -2.58559 -0.0210688 1.65999 0.0062447
12.861 0.3 -0.012 0.52 0.281579 -0.0118335 0.520225 -0.00545172 -0.890684 -0.0254411 -2.58541 -0.0211434 1.66053 0.00638076
12.862 0.3 -0.012 0.52 0.281756 -0.0118395 0.520197 -0.00536021 -0.890127 -0.0255054 -2.58523 -0.021219 1.66107 0.0065181
12.863 0.3 -0.012 0.52 0.281932 -0.0118455 0.52017 -0.0052678 -0.889575 -0.0255703 -2.58505 -0.0212954 1.66161 0.00665673
12.864 0.3 -0.012 0.52 0.282107 -0.0118515 0.520144 -0.00517448 -0.889029 -0.0256358 -2.58488 -0.0213728 1.66214 0.00679664
12.865 0.3 -0.012 0.52 0.28228 -0.0118575 0.520118 -0.00508024 -0.888488 -0.0257021 -2.58471 -0.021451 1.66267 0.00693785
12.866 0.3 -0.012 0.52 0.282452 -0.0118635 0.520092 -0.00498509 -0.887953 -0.0257691 -2.58454 -0.0215302 1.6632 0.00708034
12.867 0.3 -0.012 0.52 0.282623 -0.0118695 0.520067 -0.004889 -0.887423 -0.0258367 -2.58437 -0.0216104 1.66373 0.00722412
12.868 0.3 -0.012 0.52 0.282792 -0.0118755 0.520042 -0.00479199 -0.886898 -0.025905 -2.5842 -0.0216914 1.66426 0.0073692
12.869 0.3 -0.012 0.52 0.28296 -0.0118815 0.520018 -0.00469405 -0.886379 -0.025974 -2.58403 -0.0217733 1.66478 0.00751557
12.87 0.3 -0.012 0.52 0.283126 -0.0118875 0.519995 -0.00459517 -0.885865 -0.0260438 -2.58387 -0.0218562 1.6653 0.00766322
12.871 0.3 -0.012 0.52 0.283291 -0.0118935 0.519972 -0.00449534 -0.885357 -0.0261142 -2.5837 -0.02194 1.66582 0.00781218
12.872 0.3 -0.012 0.52 0.283455 -0.0118996 0.519949 -0.00439457 -0.884853 -0.0261853 -2.58354 -0.0220247 1.66634 0.00796243
12.873 0.3 -0.012 0.52 0.283617 -0.0119056 0.519927 -0.00429285 -0.884356 -0.0262572 -2.58338 -0.0221103 1.66686 0.00811397
12.874 0.3 -0.012 0.52 0.283778 -0.0119116 0.519906 -0.00419016 -0.883863 -0.0263297 -2.58322 -0.0221969 1.66737 0.00826681
12.875 0.3 -0.012 0.52 0.283938 -0.0119176 0.519885 -0.00408652 -0.883376 -0.026403 -2.58306 -0.0222843 1.66788 0.00842095
12.876 0.3 -0.012 0.52 0.284096 -0.0119236 0.519864 -0.0039819 -0.882894 -0.026477 -2.58291 -0.0223727 1.66839 0.00857639
12.877 0.3 -0.012 0.52 0.284254 -0.0119297 0.519844 -0.00387631 -0.882417 -0.0265518 -2.58276 -0.0224621 1.6689 0.00873314
12.878 0.3 -0.012 0.52 0.284409 -0.0119357 0.519825 -0.00376974 -0.881946 -0.0266272 -2.5826 -0.0225523 1.6694 0.00889118
12.879 0.3 -0.012 0.52 0.284564 -0.0119417 0.519805 -0.00366219 -0.881479 -0.0267034 -2.58245 -0.0226435 1.6699 0.00905054
12.88 0.3 -0.012 0.52 0.284717 -0.0119477 0.519787 -0.00355365 -0.881018 -0.0267804 -2.5823 -0.0227356 1.6704 0.0092112
12.881 0.3 -0.012 0.52 0.284868 -0.0119538 0.519768 -0.00344411 -0.880562 -0.0268581 -2.58216 -0.0228286 1.6709 0.00937317
12.882 0.3 -0.012 0.52 0.285019 -0.0119598 0.51975 -0.00333357 -0.880111 -0.0269365 -2.58201 -0.0229225 1.6714 0.00953645
12.883 0.3 -0.012 0.52 0.285168 -0.0119658 0.519733 -0.00322202 -0.879665 -0.0270157 -2.58187 -0.0230174 1.67189 0.00970104
12.884 0.3 -0.012 0.52 0.285315 -0.0119719 0.519716 -0.00310946 -0.879225 -0.0270956 -2.58172 -0.0231132 1.67238 0.00986695
12.885 0.3 -0.012 0.52 0.285462 -0.0119779 0.519699 -0.00299588 -0.878789 -0.0271764 -2.58158 -0.02321 1.67287 0.0100342
12.886 0.3 -0.012 0.52 0.285607 -0.0119839 0.519683 -0.00288128 -0.878358 -0.0272578 -2.58144 -0.0233076 1.67335 0.0102027
12.887 0.3 -0.012 0.52 0.285751 -0.01199 0.519668 -0.00276564 -0.877933 -0.0273401 -2.58131 -0.0234063 1.67384 0.0103726
12.888 0.3 -0.012 0.52 0.285893 -0.011996 0.519652 -0.00264897 -0.877512 -0.0274231 -2.58117 -0.0235058 1.67432 0.0105438
12.889 0.3 -0.012 0.52 0.286035 -0.012002 0.519637 -0.00253125 -0.877096 -0.027507 -2.58104 -0.0236063 1.6748 0.0107163
12.89 0.3 -0.012 0.52 0.286175 -0.0120081 0.519623 -0.00241248 -0.876685 -0.0275916 -2.5809 -0.0237077 1.67528 0.0108902
12.891 0.3 -0.012 0.52 0.286313 -0.0120141 0.519608 -0.00229266 -0.876279 -0.027677 -2.58077 -0.0238101 1.67575 0.0110654
12.892 0.3 -0.012 0.52 0.286451 -0.0120201 0.519595 -0.00217177 -0.875878 -0.0277632 -2.58064 -0.0239134 1.67623 0.011242
12.893 0.3 -0.012 0.52 0.286587 -0.0120262 0.519581 -0.00204981 -0.875482 -0.0278501 -2.58052 -0.0240176 1.6767 0.0114198
12.894 0.3 -0.012 0.52 0.286722 -0.0120322 0.519568 -0.00192678 -0.87509 -0.027938 -2.58039 -0.0241228 1.67717 0.0115991
12.895 0.3 -0.012 0.52 0.286856 -0.0120383 0.519555 -0.00180266 -0.874703 -0.0280266 -2.58026 -0.024229 1.67763 0.0117797
12.896 0.3 -0.012 0.52 0.286988 -0.0120443 0.519543 -0.00167745 -0.874321 -0.028116 -2.58014 -0.0243361 1.6781 0.0119616
12.897 0.3 -0.012 0.52 0.287119 -0.0120503 0.519531 -0.00155114 -0.873943 -0.0282063 -2.58002 -0.0244442 1.67856 0.0121449
12.898 0.3 -0.012 0.52 0.287249 -0.0120564 0.519519 -0.00142373 -0.87357 -0.0282973 -2.5799 -0.0245532 1.67902 0.0123296
12.899 0.3 -0.012 0.52 0.287378 -0.0120624 0.519508 -0.0012952 -0.873202 -0.0283893 -2.57978 -0.0246632 1.67947 0.0125156
12.9 0.3 -0.012 0.52 0.287506 -0.0120684 0.519497 -0.00116556 -0.872838 -0.028482 -2.57967 -0.0247741 1.67993 0.012703
12.901 0.3 -0.012 0.52 0.287632 -0.0120745 0.519486 -0.00103479 -0.872479 -0.0285756 -2.57955 -0.024886 1.68038 0.0128918
12.902 0.3 -0.012 0.52 0.287757 -0.0120805 0.519476 -0.000902886 -0.872124 -0.0286701 -2.57944 -0.0249989 1.68083 0.0130819
12.903 0.3 -0.012 0.52 0.287881 -0.0120865 0.519466 -0.000769839 -0.871774 -0.0287654 -2.57932 -0.0251127 1.68128 0.0132735
12.904 0.3 -0.012 0.52 0.288004 -0.0120926 0.519456 -0.000635643 -0.871428 -0.0288615 -2.57921 -0.0252275 1.68173 0.0134664
12.905 0.3 -0.012 0.52 0.288126 -0.0120986 0.519447 -0.00050029 -0.871086 -0.0289586 -2.5791 -0.0253433 1.68217 0.0136607
12.906 0.3 -0.012 0.52 0.288246 -0.0121047 0.519438 -0.000363771 -0.870749 -0.0290565 -2.579 -0.0254601 1.68261 0.0138565
12.907 0.3 -0.012 0.52 0.288365 -0.0121107 0.519429 -0.000226079 -0.870416 -0.0291553 -2.57889 -0.0255778 1.68305 0.0140536
12.908 0.3 -0.012 0.52 0.288483 -0.0121167 0.519421 -8.72062e-05 -0.870087 -0.0292549 -2.57879 -0.0256966 1.68349 0.0142522
12.909 0.3 -0.012 0.52 0.2886 -0.0121228 0.519412 5.28561e-05 -0.869762 -0.0293555 -2.57868 -0.0258163 1.68392 0.0144522
12.91 0.3 -0.012 0.52 0.288716 -0.0121288 0.519404 0.000194116 -0.869442 -0.029457 -2.57858 -0.0259371 1.68436 0.0146536
12.911 0.3 -0.012 0.52 0.288831 -0.0121349 0.519397 0.000336582 -0.869126 -0.0295593 -2.57848 -0.0260588 1.68479 0.0148564
12.912 0.3 -0.012 0.52 0.288945 -0.0121409 0.519389 0.000480262 -0.868814 -0.0296626 -2.57838 -0.0261815 1.68522 0.0150607
12.913 0.3 -0.012 0.52 0.289057 -0.012147 0.519382 0.000625166 -0.868506 -0.0297668 -2.57828 -0.0263053 1.68564 0.0152664
12.914 0.3 -0.012 0.52 0.289169 -0.012153 0.519375 0.0007713 -0.868202 -0.0298719 -2.57819 -0.02643 1.68607 0.0154736
12.915 0.3 -0.012 0.52 0.289279 -0.0121591 0.519369 0.000918676 -0.867902 -0.0299779 -2.57809 -0.0265558 1.68649 0.0156822
12.916 0.3 -0.012 0.52 0.289388 -0.0121651 0.519362 0.0010673 -0.867605 -0.0300849 -2.578 -0.0266826 1.68691 0.0158923
12.917 0.3 -0.012 0.52 0.289496 -0.0121712 0.519356 0.00121718 -0.867313 -0.0301928 -2.57791 -0.0268104 1.68732 0.0161039
12.918 0.3 -0.012 0.52 0.289603 -0.0121772 0.51935 0.00136833 -0.867025 -0.0303016 -2.57782 -0.0269392 1.68774 0.016317
12.919 0.3 -0.012 0.52 0.289709 -0.0121833 0.519345 0.00152076 -0.866741 -0.0304114 -2.57773 -0.0270691 1.68815 0.0165315
12.92 0.3 -0.012 0.52 0.289814 -0.0121893 0.519339 0.00167447 -0.86646 -0.0305222 -2.57764 -0.0272 1.68856 0.0167475
12.921 0.3 -0.012 0.52 0.289918 -0.0121954 0.519334 0.00182948 -0.866183 -0.0306339 -2.57756 -0.0273319 1.68897 0.0169651
12.922 0.3 -0.012 0.52 0.290021 -0.0122014 0.519329 0.00198579 -0.86591 -0.0307466 -2.57747 -0.027465 1.68938 0.0171841
12.923 0.3 -0.012 0.52 0.290123 -0.0122075 0.519324 0.00214341 -0.865641 -0.0308603 -2.57739 -0.027599 1.68978 0.0174047
12.924 0.3 -0.012 0.52 0.290224 -0.0122136 0.51932 0.00230236 -0.865375 -0.030975 -2.5773 -0.0277341 1.69018 0.0176268
12.925 0.3 -0.012 0.52 0.290324 -0.0122196 0.519316 0.00246264 -0.865113 -0.0310906 -2.57722 -0.0278703 1.69058 0.0178505
12.926 0.3 -0.012 0.52 0.290422 -0.0122257 0.519311 0.00262427 -0.864854 -0.0312073 -2.57714 -0.0280076 1.69098 0.0180757
12.927 0.3 -0.012 0.52 0.29052 -0.0122318 0.519308 0.00278724 -0.864599 -0.031325 -2.57707 -0.0281459 1.69138 0.0183024
12.928 0.3 -0.012 0.52 0.290617 -0.0122379 0.519304 0.00295158 -0.864348 -0.0314437 -2.57699 -0.0282853 1.69177 0.0185307
12.929 0.3 -0.012 0.52 0.290713 -0.012244 0.5193 0.0031173 -0.8641 -0.0315634 -2.57691 -0.0284259 1.69216 0.0187606
12.93 0.3 -0.012 0.52 0.290808 -0.01225 0.519297 0.0032844 -0.863855 -0.0316841 -2.57684 -0.0285675 1.69255 0.0189921
12.931 0.3 -0.012 0.52 0.290902 -0.0122561 0.519294 0.00345289 -0.863614 -0.0318059 -2.57676 -0.0287102 1.69294 0.0192252
12.932 0.3 -0.012 0.52 0.290995 -0.0122622 0.519291 0.00362278 -0.863376 -0.0319288 -2.57669 -0.028854 1.69332 0.0194598
12.933 0.3 -0.012 0.52 0.291087 -0.0122683 0.519288 0.0037941 -0.863141 -0.0320526 -2.57662 -0.0289989 1.6937 0.0196961
12.934 0.3 -0.012 0.52 0.291178 -0.0122744 0.519286 0.00396683 -0.86291 -0.0321776 -2.57655 -0.029145 1.69408 0.019934
12.935 0.3 -0.012 0.52 0.291268 -0.0122806 0.519283 0.00414101 -0.862682 -0.0323036 -2.57648 -0.0292922 1.69446 0.0201736
12.936 0.3 -0.012 0.52 0.291358 -0.0122867 0.519281 0.00431663 -0.862457 -0.0324307 -2.57642 -0.0294405 1.69484 0.0204147
12.937 0.3 -0.012 0.52 0.291446 -0.0122928 0.519279 0.00449371 -0.862236 -0.0325589 -2.57635 -0.02959 1.69521 0.0206576
12.938 0.3 -0.012 0.52 0.291533 -0.0122989 0.519277 0.00467226 -0.862017 -0.0326881 -2.57628 -0.0297406 1.69558 0.0209021
12.939 0.3 -0.012 0.52 0.29162 -0.0123051 0.519276 0.00485229 -0.861802 -0.0328185 -2.57622 -0.0298924 1.69595 0.0211483
12.94 0.3 -0.012 0.52 0.291706 -0.0123112 0.519274 0.00503381 -0.86159 -0.03295 -2.57616 -0.0300453 1.69632 0.0213961
12.941 0.3 -0.012 0.52 0.29179 -0.0123174 0.519273 0.00521684 -0.861381 -0.0330826 -2.5761 -0.0301994 1.69669 0.0216457
12.942 0.3 -0.012 0.52 0.291874 -0.0123235 0.519271 0.00540138 -0.861175 -0.0332163 -2.57604 -0.0303547 1.69705 0.021897
12.943 0.3 -0.012 0.52 0.291957 -0.0123297 0.51927 0.00558745 -0.860971 -0.0333511 -2.57598 -0.0305112 1.69741 0.02215
12.944 0.3 -0.012 0.52 0.29204 -0.0123358 0.519269 0.00577506 -0.860771 -0.0334871 -2.57592 -0.0306689 1.69777 0.0224047
12.945 0.3 -0.012 0.52 0.292121 -0.012342 0.519268 0.00596422 -0.860574 -0.0336243 -2.57586 -0.0308278 1.69813 0.0226612
12.946 0.3 -0.012 0.52 0.292202 -0.0123482 0.519268 0.00615494 -0.860379 -0.0337626 -2.5758 -0.0309879 1.69848 0.0229195
12.947 0.3 -0.012 0.52 0.292281 -0.0123544 0.519267 0.00634724 -0.860188 -0.033902 -2.57575 -0.0311492 1.69883 0.0231795
12.948 0.3 -0.012 0.52 0.29236 -0.0123606 0.519267 0.00654113 -0.859999 -0.0340427 -2.57569 -0.0313118 1.69919 0.0234413
12.949 0.3 -0.012 0.52 0.292438 -0.0123668 0.519266 0.00673661 -0.859813 -0.0341845 -2.57564 -0.0314756 1.69953 0.0237049
12.95 0.3 -0.012 0.52 0.292516 -0.012373 0.519266 0.00693371 -0.85963 -0.0343276 -2.57559 -0.0316406 1.69988 0.0239703
12.951 0.3 -0.012 0.52 0.292592 -0.0123793 0.519266 0.00713243 -0.859449 -0.0344718 -2.57554 -0.0318069 1.70023 0.0242375
12.952 0.3 -0.012 0.52 0.292668 -0.0123855 0.519266 0.00733279 -0.859271 -0.0346172 -2.57549 -0.0319745 1.70057 0.0245066
12.953 0.3 -0.012 0.52 0.292743 -0.0123918 0.519267 0.00753481 -0.859096 -0.0347639 -2.57544 -0.0321433 1.70091 0.0247775
12.954 0.3 -0.012 0.52 0.292817 -0.012398 0.519267 0.00773848 -0.858924 -0.0349118 -2.57539 -0.0323135 1.70125 0.0250503
12.955 0.3 -0.012 0.52 0.29289 -0.0124043 0.519267 0.00794383 -0.858754 -0.0350609 -2.57534 -0.0324849 1.70158 0.025325
12.956 0.3 -0.012 0.52 0.292963 -0.0124106 0.519268 0.00815087 -0.858586 -0.0352113 -2.57529 -0.0326576 1.70192 0.0256015
12.957 0.3 -0.012 0.52 0.293035 -0.0124169 0.519268 0.00835962 -0.858421 -0.035363 -2.57525 -0.0328317 1.70225 0.02588
12.958 0.3 -0.012 0.52 0.293106 -0.0124232 0.519269 0.00857008 -0.858259 -0.0355159 -2.5752 -0.0330071 1.70258 0.0261604
12.959 0.3 -0.012 0.52 0.293176 -0.0124295 0.51927 0.00878228 -0.858099 -0.0356701 -2.57516 -0.0331838 1.70291 0.0264427
12.96 0.3 -0.012 0.52 0.293246 -0.0124358 0.519271 0.00899621 -0.857942 -0.0358256 -2.57512 -0.0333618 1.70324 0.026727
12.961 0.3 -0.012 0.52 0.293315 -0.0124422 0.519272 0.00921191 -0.857786 -0.0359824 -2.57508 -0.0335412 1.70356 0.0270132
12.962 0.3 -0.012 0.52 0.293383 -0.0124486 0.519273 0.00942938 -0.857634 -0.0361405 -2.57503 -0.033722 1.70388 0.0273014
12.963 0.3 -0.012 0.52 0.29345 -0.0124549 0.519274 0.00964863 -0.857483 -0.0362999 -2.57499 -0.0339042 1.7042 0.0275917
12.964 0.3 -0.012 0.52 0.293517 -0.0124613 0.519276 0.00986969 -0.857336 -0.0364606 -2.57495 -0.0340877 1.70452 0.0278839
12.965 0.3 -0.012 0.52 0.293583 -0.0124677 0.519277 0.0100926 -0.85719 -0.0366227 -2.57492 -0.0342727 1.70484 0.0281782
12.966 0.3 -0.012 0.52 0.293649 -0.0124742 0.519279 0.0103173 -0.857046 -0.0367862 -2.57488 -0.034459 1.70515 0.0284745
12.967 0.3 -0.012 0.52 0.293714 -0.0124806 0.51928 0.0105438 -0.856905 -0.036951 -2.57484 -0.0346468 1.70547 0.0287729
12.968 0.3 -0.012 0.52 0.293778 -0.012487 0.519282 0.0107722 -0.856766 -0.0371171 -2.5748 -0.034836 1.70578 0.0290733
12.969 0.3 -0.012 0.52 0.293841 -0.0124935 0.519284 0.0110025 -0.85663 -0.0372847 -2.57477 -0.0350266 1.70609 0.0293758
12.97 0.3 -0.012 0.52 0.293904 -0.0125 0.519286 0.0112346 -0.856495 -0.0374536 -2.57473 -0.0352188 1.70639 0.0296805
12.971 0.3 -0.012 0.52 0.293966 -0.0125065 0.519288 0.0114687 -0.856363 -0.037624 -2.5747 -0.0354123 1.7067 0.0299873
12.972 0.3 -0.012 0.52 0.294027 -0.012513 0.51929 0.0117047 -0.856232 -0.0377957 -2.57467 -0.0356074 1.707 0.0302962
12.973 0.3 -0.012 0.52 0.294088 -0.0125196 0.519292 0.0119426 -0.856104 -0.0379689 -2.57463 -0.0358039 1.7073 0.0306073
12.974 0.3 -0.012 0.52 0.294148 -0.0125261 0.519294 0.0121825 -0.855978 -0.0381436 -2.5746 -0.036002 1.7076 0.0309206
12.975 0.3 -0.012 0.52 0.294208 -0.0125327 0.519296 0.0124243 -0.855854 -0.0383196 -2.57457 -0.0362016 1.7079 0.0312361
12.976 0.3 -0.012 0.52 0.294267 -0.0125393 0.519298 0.0126682 -0.855732 -0.0384972 -2.57454 -0.0364026 1.70819 0.0315537
12.977 0.3 -0.012 0.52 0.294325 -0.0125459 0.519301 0.012914 -0.855611 -0.0386762 -2.57451 -0.0366053 1.70849 0.0318737
12.978 0.3 -0.012 0.52 0.294383 -0.0125525 0.519303 0.0131618 -0.855493 -0.0388567 -2.57448 -0.0368095 1.70878 0.0321958
12.979 0.3 -0.012 0.52 0.29444 -0.0125592 0.519306 0.0134117 -0.855377 -0.0390386 -2.57445 -0.0370152 1.70907 0.0325203
12.98 0.3 -0.012 0.52 0.294496 -0.0125659 0.519308 0.0136636 -0.855263 -0.0392221 -2.57442 -0.0372226 1.70935 0.032847
12.981 0.3 -0.012 0.52 0.294552 -0.0125726 0.519311 0.0139176 -0.85515 -0.0394071 -2.5744 -0.0374315 1.70964 0.0331761
12.982 0.3 -0.012 0.52 0.294608 -0.0125793 0.519313 0.0141736 -0.85504 -0.0395937 -2.57437 -0.037642 1.70992 0.0335074
12.983 0.3 -0.012 0.52 0.294662 -0.012586 0.519316 0.0144318 -0.854931 -0.0397817 -2.57434 -0.0378542 1.71021 0.0338412
12.984 0.3 -0.012 0.52 0.294717 -0.0125928 0.519319 0.014692 -0.854824 -0.0399714 -2.57432 -0.038068 1.71049 0.0341772
12.985 0.3 -0.012 0.52 0.29477 -0.0125996 0.519322 0.0149544 -0.854719 -0.0401626 -2.57429 -0.0382834 1.71077 0.0345157
12.986 0.3 -0.012 0.52 0.294823 -0.0126064 0.519325 0.015219 -0.854616 -0.0403553 -2.57427 -0.0385005 1.71104 0.0348566
12.987 0.3 -0.012 0.52 0.294876 -0.0126133 0.519327 0.0154857 -0.854514 -0.0405497 -2.57425 -0.0387193 1.71132 0.0351999
12.988 0.3 -0.012 0.52 0.294928 -0.0126201 0.51933 0.0157546 -0.854414 -0.0407457 -2.57422 -0.0389398 1.71159 0.0355457
12.989 0.3 -0.012 0.52 0.294979 -0.012627 0.519333 0.0160257 -0.854316 -0.0409433 -2.5742 -0.0391619 1.71186 0.0358939
12.99 0.3 -0.012 0.52 0.29503 -0.0126339 0.519337 0.016299 -0.85422 -0.0411425 -2.57418 -0.0393858 1.71213 0.0362446
12.991 0.3 -0.012 0.52 0.295081 -0.0126409 0.51934 0.0165746 -0.854125 -0.0413434 -2.57416 -0.0396115 1.7124 0.0365978
12.992 0.3 -0.012 0.52 0.29513 -0.0126478 0.519343 0.0168524 -0.854032 -0.0415459 -2.57414 -0.0398388 1.71266 0.0369536
12.993 0.3 -0.012 0.52 0.29518 -0.0126548 0.519346 0.0171324 -0.853941 -0.0417501 -2.57412 -0.040068 1.71293 0.0373119
12.994 0.3 -0.012 0.52 0.295229 -0.0126619 0.519349 0.0174148 -0.853851 -0.0419559 -2.5741 -0.0402989 1.71319 0.0376728
12.995 0.3 -0.012 0.52 0.295277 -0.0126689 0.519353 0.0176995 -0.853763 -0.0421635 -2.57408 -0.0405316 1.71345 0.0380362
12.996 0.3 -0.012 0.52 0.295325 -0.012676 0.519356 0.0179865 -0.853676 -0.0423728 -2.57406 -0.0407661 1.71371 0.0384023
12.997 0.3 -0.012 0.52 0.295372 -0.0126831 0.519359 0.0182759 -0.853591 -0.0425838 -2.57404 -0.0410024 1.71396 0.038771
12.998 0.3 -0.012 0.52 0.295419 -0.0126902 0.519363 0.0185676 -0.853507 -0.0427965 -2.57402 -0.0412406 1.71422 0.0391424
12.999 0.3 -0.012 0.52 0.295465 -0.0126974 0.519366 0.0188617 -0.853425 -0.043011 -2.57401 -0.0414806 1.71447 0.0395165
13 0.3 -0.012 0.52 0.295511 -0.0127046 0.51937 0.0191582 -0.853345 -0.0432272 -2.57399 -0.0417225 1.71472 0.0398933
13.001 0.3 -0.012 0.52 0.295557 -0.0127119 0.519373 0.0194572 -0.853266 -0.0434453 -2.57397 -0.0419663 1.71497 0.0402728
13.002 0.3 -0.012 0.52 0.295602 -0.0127191 0.519377 0.0197586 -0.853188 -0.0436651 -2.57396 -0.042212 1.71522 0.0406551
13.003 0.3 -0.012 0.52 0.295646 -0.0127264 0.51938 0.0200624 -0.853112 -0.0438867 -2.57394 -0.0424596 1.71546 0.0410401
13.004 0.3 -0.012 0.52 0.29569 -0.0127338 0.519384 0.0203688 -0.853037 -0.0441102 -2.57392 -0.0427091 1.71571 0.041428
13.005 0.3 -0.012 0.52 0.295734 -0.0127411 0.519387 0.0206776 -0.852964 -0.0443354 -2.57391 -0.0429606 1.71595 0.0418187
13.006 0.3 -0.012 0.52 0.295777 -0.0127485 0.519391 0.020989 -0.852892 -0.0445626 -2.5739 -0.0432141 1.71619 0.0422122
13.007 0.3 -0.012 0.52 0.29582 -0.012756 0.519395 0.0213029 -0.852822 -0.0447916 -2.57388 -0.0434696 1.71643 0.0426086
13.008 0.3 -0.012 0.52 0.295862 -0.0127634 0.519398 0.0216194 -0.852752 -0.0450224 -2.57387 -0.043727 1.71667 0.0430079
13.009 0.3 -0.012 0.52 0.295904 -0.012771 0.519402 0.0219385 -0.852685 -0.0452552 -2.57386 -0.0439865 1.7169 0.0434101
13.01 0.3 -0.012 0.52 0.295945 -0.0127785 0.519406 0.0222602 -0.852618 -0.0454899 -2.57384 -0.044248 1.71713 0.0438152
13.011 0.3 -0.012 0.52 0.295986 -0.0127861 0.51941 0.0225845 -0.852553 -0.0457265 -2.57383 -0.0445116 1.71737 0.0442234
13.012 0.3 -0.012 0.52 0.296027 -0.0127937 0.519414 0.0229114 -0.852489 -0.045965 -2.57382 -0.0447772 1.7176 0.0446345
13.013 0.3 -0.012 0.52 0.296067 -0.0128014 0.519417 0.0232411 -0.852426 -0.0462055 -2.57381 -0.045045 1.71783 0.0450486
13.014 0.3 -0.012 0.52 0.296106 -0.0128091 0.519421 0.0235734 -0.852365 -0.046448 -2.57379 -0.0453148 1.71805 0.0454658
13.015 0.3 -0.012 0.52 0.296146 -0.0128168 0.519425 0.0239085 -0.852305 -0.0466925 -2.57378 -0.0455868 1.71828 0.0458861
13.016 0.3 -0.012 0.52 0.296185 -0.0128246 0.519429 0.0242463 -0.852246 -0.046939 -2.57377 -0.0458609 1.7185 0.0463095
13.017 0.3 -0.012 0.52 0.296223 -0.0128324 0.519433 0.0245868 -0.852189 -0.0471874 -2.57376 -0.0461372 1.71872 0.046736
13.018 0.3 -0.012 0.52 0.296261 -0.0128402 0.519437 0.0249301 -0.852132 -0.047438 -2.57375 -0.0464157 1.71894 0.0471657
13.019 0.3 -0.012 0.52 0.296299 -0.0128481 0.519441 0.0252763 -0.852077 -0.0476905 -2.57374 -0.0466963 1.71916 0.0475985
13.02 0.3 -0.012 0.52 0.296336 -0.0128561 0.519445 0.0256253 -0.852023 -0.0479452 -2.57373 -0.0469792 1.71938 0.0480346
13.021 0.3 -0.012 0.52 0.296373 -0.0128641 0.519449 0.0259771 -0.85197 -0.0482019 -2.57372 -0.0472643 1.71959 0.0484738
13.022 0.3 -0.012 0.52 0.29641 -0.0128721 0.519453 0.0263318 -0.851919 -0.0484607 -2.57371 -0.0475517 1.7198 0.0489164
13.023 0.3 -0.012 0.52 0.296446 -0.0128802 0.519457 0.0266894 -0.851868 -0.0487217 -2.57371 -0.0478414 1.72002 0.0493622
13.024 0.3 -0.012 0.52 0.296482 -0.0128883 0.519461 0.0270499 -0.851819 -0.0489848 -2.5737 -0.0481333 1.72023 0.0498114
13.025 0.3 -0.012 0.52 0.296518 -0.0128965 0.519465 0.0274134 -0.851771 -0.04925 -2.57369 -0.0484276 1.72043 0.0502639
13.026 0.3 -0.012 0.52 0.296553 -0.0129047 0.519469 0.0277798 -0.851724 -0.0495174 -2.57368 -0.0487242 1.72064 0.0507198
13.027 0.3 -0.012 0.52 0.296587 -0.0129129 0.519473 0.0281492 -0.851678 -0.049787 -2.57367 -0.0490232 1.72085 0.051179
13.028 0.3 -0.012 0.52 0.296622 -0.0129212 0.519477 0.0285217 -0.851633 -0.0500588 -2.57367 -0.0493245 1.72105 0.0516417
13.029 0.3 -0.012 0.52 0.296656 -0.0129296 0.519481 0.0288972 -0.851589 -0.0503328 -2.57366 -0.0496282 1.72125 0.0521079
13.03 0.3 -0.012 0.52 0.29669 -0.012938 0.519485 0.0292757 -0.851546 -0.050609 -2.57365 -0.0499344 1.72145 0.0525776
13.031 0.3 -0.012 0.52 0.296723 -0.0129464 0.51949 0.0296574 -0.851504 -0.0508875 -2.57364 -0.050243 1.72165 0.0530508
13.032 0.3 -0.012 0.52 0.296756 -0.0129549 0.519494 0.0300421 -0.851464 -0.0511683 -2.57364 -0.050554 1.72185 0.0535275
13.033 0.3 -0.012 0.52 0.296789 -0.0129635 0.519498 0.03043 -0.851424 -0.0514514 -2.57363 -0.0508675 1.72204 0.0540078
13.034 0.3 -0.012 0.52 0.296821 -0.0129721 0.519502 0.0308211 -0.851386 -0.0517368 -2.57363 -0.0511835 1.72224 0.0544918
13.035 0.3 -0.012 0.52 0.296853 -0.0129807 0.519506 0.0312153 -0.851348 -0.0520245 -2.57362 -0.0515021 1.72243 0.0549793
13.036 0.3 -0.012 0.52 0.296885 -0.0129894 0.51951 0.0316128 -0.851311 -0.0523146 -2.57361 -0.0518232 1.72262 0.0554706
13.037 0.3 -0.012 0.52 0.296917 -0.0129982 0.519515 0.0320135 -0.851276 -0.052607 -2.57361 -0.0521468 1.72281 0.0559655
13.038 0.3 -0.012 0.52 0.296948 -0.013007 0.519519 0.0324175 -0.851241 -0.0529018 -2.5736 -0.052473 1.72299 0.0564642
13.039 0.3 -0.012 0.52 0.296979 -0.0130159 0.519523 0.0328248 -0.851208 -0.053199 -2.5736 -0.0528019 1.72318 0.0569666
13.04 0.3 -0.012 0.52 0.297009 -0.0130248 0.519527 0.0332354 -0.851175 -0.0534987 -2.57359 -0.0531333 1.72336 0.0574729
13.041 0.3 -0.012 0.52 0.297039 -0.0130338 0.519531 0.0336494 -0.851143 -0.0538007 -2.57359 -0.0534674 1.72354 0.0579829
13.042 0.3 -0.012 0.52 0.297069 -0.0130428 0.519536 0.0340667 -0.851113 -0.0541053 -2.57358 -0.0538042 1.72373 0.0584968
13.043 0.3 -0.012 0.52 0.297099 -0.0130519 0.51954 0.0344875 -0.851083 -0.0544123 -2.57358 -0.0541437 1.7239 0.0590147
13.044 0.3 -0.012 0.52 0.297128 -0.013061 0.519544 0.0349117 -0.851054 -0.0547218 -2.57357 -0.0544859 1.72408 0.0595364
13.045 0.3 -0.012 0.52 0.297157 -0.0130702 0.519548 0.0353393 -0.851026 -0.0550339 -2.57357 -0.0548308 1.72426 0.0600621
13.046 0.3 -0.012 0.52 0.297186 -0.0130795 0.519553 0.0357704 -0.850999 -0.0553484 -2.57356 -0.0551785 1.72443 0.0605918
13.047 0.3 -0.012 0.52 0.297215 -0.0130888 0.519557 0.036205 -0.850973 -0.0556656 -2.57356 -0.055529 1.7246 0.0611255
13.048 0.3 -0.012 0.52 0.297243 -0.0130982 0.519561 0.0366432 -0.850948 -0.0559853 -2.57356 -0.0558823 1.72478 0.0616633
13.049 0.3 -0.012 0.52 0.297271 -0.0131077 0.519565 0.0370849 -0.850924 -0.0563076 -2.57355 -0.0562384 1.72495 0.0622051
13.05 0.3 -0.012 0.52 0.297298 -0.0131172 0.51957 0.0375303 -0.8509 -0.0566326 -2.57355 -0.0565974 1.72511 0.0627511
13.051 0.3 -0.012 0.52 0.297326 -0.0131267 0.519574 0.0379792 -0.850878 -0.0569602 -2.57354 -0.0569592 1.72528 0.0633012
13.052 0.3 -0.012 0.52 0.297353 -0.0131364 0.519578 0.0384319 -0.850856 -0.0572904 -2.57354 -0.057324 1.72544 0.0638556
13.053 0.3 -0.012 0.52 0.29738 -0.0131461 0.519582 0.0388882 -0.850835 -0.0576233 -2.57354 -0.0576916 1.72561 0.0644141
13.054 0.3 -0.012 0.52 0.297406 -0.0131558 0.519587 0.0393482 -0.850815 -0.057959 -2.57353 -0.0580622 1.72577 0.064977
13.055 0.3 -0.012 0.52 0.297433 -0.0131657 0.519591 0.0398119 -0.850796 -0.0582973 -2.57353 -0.0584358 1.72593 0.0655441
13.056 0.3 -0.012 0.52 0.297459 -0.0131755 0.519595 0.0402795 -0.850778 -0.0586384 -2.57353 -0.0588124 1.72609 0.0661155
13.057 0.3 -0.012 0.52 0.297484 -0.0131855 0.5196 0.0407508 -0.850761 -0.0589823 -2.57352 -0.059192 1.72624 0.0666914
13.058 0.3 -0.012 0.52 0.29751 -0.0131955 0.519604 0.041226 -0.850744 -0.0593289 -2.57352 -0.0595747 1.7264 0.0672716
13.059 0.3 -0.012 0.52 0.297535 -0.0132056 0.519608 0.041705 -0.850729 -0.0596784 -2.57352 -0.0599604 1.72655 0.0678562
13.06 0.3 -0.012 0.52 0.29756 -0.0132158 0.519612 0.0421879 -0.850714 -0.0600307 -2.57351 -0.0603492 1.72671 0.0684454
13.061 0.3 -0.012 0.52 0.297585 -0.013226 0.519617 0.0426748 -0.8507 -0.0603858 -2.57351 -0.0607412 1.72686 0.069039
13.062 0.3 -0.012 0.52 0.29761 -0.0132363 0.519621 0.0431656 -0.850687 -0.0607439 -2.57351 -0.0611362 1.72701 0.0696372
13.063 0.3 -0.012 0.52 0.297634 -0.0132467 0.519625 0.0436604 -0.850675 -0.0611048 -2.5735 -0.0615345 1.72715 0.07024
13.064 0.3 -0.012 0.52 0.297658 -0.0132571 0.51963 0.0441592 -0.850663 -0.0614686 -2.5735 -0.0619359 1.7273 0.0708474
13.065 0.3 -0.012 0.52 0.297682 -0.0132677 0.519634 0.0446621 -0.850652 -0.0618354 -2.5735 -0.0623406 1.72744 0.0714595
13.066 0.3 -0.012 0.52 0.297706 -0.0132782 0.519638 0.045169 -0.850643 -0.0622052 -2.5735 -0.0627485 1.72759 0.0720762
13.067 0.3 -0.012 0.52 0.297729 -0.0132889 0.519643 0.04568 -0.850633 -0.0625779 -2.57349 -0.0631597 1.72773 0.0726977
13.068 0.3 -0.012 0.52 0.297752 -0.0132996 0.519647 0.0461952 -0.850625 -0.0629537 -2.57349 -0.0635742 1.72787 0.073324
13.069 0.3 -0.012 0.52 0.297775 -0.0133104 0.519651 0.0467146 -0.850618 -0.0633324 -2.57349 -0.063992 1.72801 0.0739551
13.07 0.3 -0.012 0.52 0.297798 -0.0133213 0.519655 0.0472382 -0.850611 -0.0637143 -2.57348 -0.0644131 1.72814 0.074591
13.071 0.3 -0.012 0.52 0.297821 -0.0133323 0.51966 0.047766 -0.850605 -0.0640992 -2.57348 -0.0648376 1.72828 0.0752318
13.072 0.3 -0.012 0.52 0.297843 -0.0133433 0.519664 0.0482981 -0.8506 -0.0644872 -2.57348 -0.0652656 1.72841 0.0758775
13.073 0.3 -0.012 0.52 0.297865 -0.0133545 0.519668 0.0488345 -0.850596 -0.0648784 -2.57347 -0.0656969 1.72854 0.0765282
13.074 0.3 -0.012 0.52 0.297887 -0.0133657 0.519673 0.0493752 -0.850592 -0.0652727 -2.57347 -0.0661317 1.72868 0.077184
13.075 0.3 -0.012 0.52 0.297909 -0.0133769 0.519677 0.0499203 -0.85059 -0.0656702 -2.57347 -0.06657 1.7288 0.0778447
13.076 0.3 -0.012 0.52 0.29793 -0.0133883 0.519681 0.0504699 -0.850588 -0.0660708 -2.57347 -0.0670119 1.72893 0.0785105
13.077 0.3 -0.012 0.52 0.297952 -0.0133997 0.519685 0.0510238 -0.850586 -0.0664747 -2.57346 -0.0674572 1.72906 0.0791815
13.078 0.3 -0.012 0.52 0.297973 -0.0134112 0.51969 0.0515823 -0.850586 -0.0668819 -2.57346 -0.0679061 1.72918 0.0798576
13.079 0.3 -0.012 0.52 0.297994 -0.0134228 0.519694 0.0521452 -0.850586 -0.0672923 -2.57346 -0.0683586 1.72931 0.0805389
13.08 0.3 -0.012 0.52 0.298014 -0.0134345 0.519698 0.0527127 -0.850588 -0.067706 -2.57345 -0.0688147 1.72943 0.0812255
13.081 0.3 -0.012 0.52 0.298035 -0.0134463 0.519703 0.0532848 -0.85059 -0.0681231 -2.57345 -0.0692745 1.72955 0.0819174
13.082 0.3 -0.012 0.52 0.298055 -0.0134581 0.519707 0.0538615 -0.850592 -0.0685434 -2.57345 -0.0697379 1.72966 0.0826146
13.083 0.3 -0.012 0.52 0.298076 -0.0134701 0.519711 0.0544428 -0.850596 -0.0689672 -2.57344 -0.070205 1.72978 0.0833171
13.084 0.3 -0.012 0.52 0.298095 -0.0134821 0.519715 0.0550288 -0.8506 -0.0693943 -2.57344 -0.0706759 1.7299 0.0840251
13.085 0.3 -0.012 0.52 0.298115 -0.0134942 0.51972 0.0556196 -0.850605 -0.0698249 -2.57344 -0.0711505 1.73001 0.0847385
13.086 0.3 -0.012 0.52 0.298135 -0.0135064 0.519724 0.0562151 -0.850611 -0.0702589 -2.57343 -0.0716289 1.73012 0.0854574
13.087 0.3 -0.012 0.52 0.298154 -0.0135187 0.519728 0.0568153 -0.850617 -0.0706964 -2.57343 -0.0721111 1.73023 0.0861818
13.088 0.3 -0.012 0.52 0.298174 -0.0135311 0.519733 0.0574205 -0.850625 -0.0711374 -2.57343 -0.0725972 1.73034 0.0869118
13.089 0.3 -0.012 0.52 0.298193 -0.0135435 0.519737 0.0580304 -0.850633 -0.0715819 -2.57342 -0.0730871 1.73045 0.0876474
13.09 0.3 -0.012 0.52 0.298211 -0.0135561 0.519741 0.0586453 -0.850642 -0.07203 -2.57342 -0.0735809 1.73055 0.0883887
13.091 0.3 -0.012 0.52 0.29823 -0.0135687 0.519745 0.0592651 -0.850651 -0.0724816 -2.57341 -0.0740787 1.73066 0.0891357
13.092 0.3 -0.012 0.52 0.298249 -0.0135815 0.51975 0.0598899 -0.850662 -0.0729368 -2.57341 -0.0745804 1.73076 0.0898884
13.093 0.3 -0.012 0.52 0.298267 -0.0135943 0.519754 0.0605197 -0.850673 -0.0733957 -2.57341 -0.0750861 1.73086 0.090647
13.094 0.3 -0.012 0.52 0.298285 -0.0136072 0.519758 0.0611546 -0.850685 -0.0738582 -2.5734 -0.0755958 1.73096 0.0914113
13.095 0.3 -0.012 0.52 0.298303 -0.0136202 0.519762 0.0617945 -0.850698 -0.0743244 -2.5734 -0.0761095 1.73106 0.0921816
13.096 0.3 -0.012 0.52 0.298321 -0.0136334 0.519767 0.0624396 -0.850711 -0.0747943 -2.57339 -0.0766273 1.73115 0.0929577
13.097 0.3 -0.012 0.52 0.298339 -0.0136466 0.519771 0.0630898 -0.850726 -0.0752679 -2.57339 -0.0771492 1.73125 0.0937398
13.098 0.3 -0.012 0.52 0.298357 -0.0136599 0.519775 0.0637452 -0.850741 -0.0757453 -2.57338 -0.0776753 1.73134 0.094528
13.099 0.3 -0.012 0.52 0.298374 -0.0136733 0.519779 0.0644058 -0.850757 -0.0762265 -2.57338 -0.0782055 1.73143 0.0953221
13.1 0.3 -0.012 0.52 0.298391 -0.0136868 0.519784 0.0650718 -0.850774 -0.0767115 -2.57337 -0.0787399 1.73152 0.0961224
13.101 0.3 -0.012 0.52 0.298408 -0.0137004 0.519788 0.065743 -0.850791 -0.0772003 -2.57337 -0.0792785 1.73161 0.0969288
13.102 0.3 -0.012 0.52 0.298425 -0.0137141 0.519792 0.0664196 -0.850809 -0.077693 -2.57336 -0.0798214 1.7317 0.0977414
13.103 0.3 -0.012 0.52 0.298442 -0.0137278 0.519796 0.0671016 -0.850829 -0.0781896 -2.57336 -0.0803685 1.73178 0.0985602
13.104 0.3 -0.012 0.52 0.298459 -0.0137417 0.519801 0.067789 -0.850848 -0.0786901 -2.57335 -0.08092 1.73187 0.0993854
13.105 0.3 -0.012 0.52 0.298475 -0.0137557 0.519805 0.0684819 -0.850869 -0.0791946 -2.57335 -0.0814757 1.73195 0.100217
13.106 0.3 -0.012 0.52 0.298492 -0.0137698 0.519809 0.0691803 -0.850891 -0.0797031 -2.57334 -0.0820359 1.73203 0.101055
13.107 0.3 -0.012 0.52 0.298508 -0.013784 0.519813 0.0698842 -0.850913 -0.0802155 -2.57334 -0.0826004 1.73211 0.101899
13.108 0.3 -0.012 0.52 0.298524 -0.0137983 0.519818 0.0705937 -0.850936 -0.080732 -2.57333 -0.0831694 1.73218 0.102749
13.109 0.3 -0.012 0.52 0.29854 -0.0138128 0.519822 0.0713089 -0.85096 -0.0812525 -2.57332 -0.0837428 1.73226 0.103607
13.11 0.3 -0.012 0.52 0.298556 -0.0138273 0.519826 0.0720297 -0.850985 -0.0817772 -2.57332 -0.0843208 1.73233 0.10447
13.111 0.3 -0.012 0.52 0.298571 -0.0138419 0.51983 0.0727562 -0.851011 -0.0823059 -2.57331 -0.0849032 1.73241 0.105341
13.112 0.3 -0.012 0.52 0.298587 -0.0138566 0.519835 0.0734885 -0.851037 -0.0828388 -2.57331 -0.0854902 1.73248 0.106217
13.113 0.3 -0.012 0.52 0.298602 -0.0138714 0.519839 0.0742265 -0.851064 -0.0833759 -2.5733 -0.0860817 1.73254 0.107101
13.114 0.3 -0.012 0.52 0.298618 -0.0138864 0.519843 0.0749704 -0.851093 -0.0839172 -2.57329 -0.0866779 1.73261 0.107991
13.115 0.3 -0.012 0.52 0.298633 -0.0139014 0.519847 0.0757202 -0.851122 -0.0844627 -2.57328 -0.0872787 1.73268 0.108889
13.116 0.3 -0.012 0.52 0.298648 -0.0139166 0.519851 0.0764759 -0.851151 -0.0850124 -2.57328 -0.0878842 1.73274 0.109792
13.117 0.3 -0.012 0.52 0.298663 -0.0139318 0.519856 0.0772375 -0.851182 -0.0855665 -2.57327 -0.0884943 1.7328 0.110703
13.118 0.3 -0.012 0.52 0.298677 -0.0139472 0.51986 0.0780051 -0.851214 -0.0861249 -2.57326 -0.0891092 1.73286 0.111621
13.119 0.3 -0.012 0.52 0.298692 -0.0139627 0.519864 0.0787787 -0.851246 -0.0866876 -2.57325 -0.0897289 1.73292 0.112546
13.12 0.3 -0.012 0.52 0.298707 -0.0139783 0.519868 0.0795584 -0.85128 -0.0872547 -2.57325 -0.0903533 1.73298 0.113477
13.121 0.3 -0.012 0.52 0.298721 -0.013994 0.519873 0.0803443 -0.851314 -0.0878262 -2.57324 -0.0909826 1.73303 0.114416
13.122 0.3 -0.012 0.52 0.298735 -0.0140098 0.519877 0.0811363 -0.851349 -0.0884021 -2.57323 -0.0916167 1.73309 0.115362
13.123 0.3 -0.012 0.52 0.298749 -0.0140258 0.519881 0.0819345 -0.851385 -0.0889824 -2.57322 -0.0922557 1.73314 0.116315
13.124 0.3 -0.012 0.52 0.298763 -0.0140418 0.519885 0.0827389 -0.851422 -0.0895673 -2.57321 -0.0928996 1.73319 0.117275
13.125 0.3 -0.012 0.52 0.298777 -0.014058 0.519889 0.0835496 -0.85146 -0.0901567 -2.5732 -0.0935484 1.73324 0.118243
13.126 0.3 -0.012 0.52 0.298791 -0.0140743 0.519894 0.0843666 -0.851499 -0.0907506 -2.57319 -0.0942022 1.73328 0.119217
13.127 0.3 -0.012 0.52 0.298805 -0.0140907 0.519898 0.08519 -0.851538 -0.0913491 -2.57318 -0.094861 1.73333 0.120199
13.128 0.3 -0.012 0.52 0.298818 -0.0141072 0.519902 0.0860198 -0.851579 -0.0919522 -2.57317 -0.0955248 1.73337 0.121189
13.129 0.3 -0.012 0.52 0.298832 -0.0141238 0.519906 0.0868561 -0.85162 -0.09256 -2.57316 -0.0961937 1.73341 0.122186
13.13 0.3 -0.012 0.52 0.298845 -0.0141406 0.51991 0.0876988 -0.851663 -0.0931724 -2.57315 -0.0968677 1.73345 0.12319
13.131 0.3 -0.012 0.52 0.298859 -0.0141574 0.519914 0.0885481 -0.851706 -0.0937895 -2.57314 -0.0975468 1.73349 0.124202
13.132 0.3 -0.012 0.52 0.298872 -0.0141744 0.519919 0.089404 -0.851751 -0.0944113 -2.57313 -0.098231 1.73353 0.125221
13.133 0.3 -0.012 0.52 0.298885 -0.0141915 0.519923 0.0902665 -0.851796 -0.0950379 -2.57312 -0.0989205 1.73356 0.126248
13.134 0.3 -0.012 0.52 0.298898 -0.0142087 0.519927 0.0911356 -0.851843 -0.0956692 -2.57311 -0.0996151 1.73359 0.127283
13.135 0.3 -0.012 0.52 0.29891 -0.0142261 0.519931 0.0920115 -0.85189 -0.0963054 -2.5731 -0.100315 1.73363 0.128325
13.136 0.3 -0.012 0.52 0.298923 -0.0142436 0.519935 0.092894 -0.851939 -0.0969464 -2.57308 -0.10102 1.73365 0.129376
13.137 0.3 -0.012 0.52 0.298936 -0.0142611 0.51994 0.0937834 -0.851988 -0.0975922 -2.57307 -0.10173 1.73368 0.130434
13.138 0.3 -0.012 0.52 0.298948 -0.0142789 0.519944 0.0946796 -0.852039 -0.098243 -2.57306 -0.102446 1.73371 0.131499
13.139 0.3 -0.012 0.52 0.298961 -0.0142967 0.519948 0.0955827 -0.85209 -0.0988987 -2.57305 -0.103167 1.73373 0.132573
13.14 0.3 -0.012 0.52 0.298973 -0.0143146 0.519952 0.0964927 -0.852143 -0.0995593 -2.57303 -0.103894 1.73375 0.133655
13.141 0.3 -0.012 0.52 0.298985 -0.0143327 0.519956 0.0974097 -0.852196 -0.100225 -2.57302 -0.104626 1.73377 0.134744
13.142 0.3 -0.012 0.52 0.298998 -0.0143509 0.51996 0.0983337 -0.852251 -0.100896 -2.57301 -0.105363 1.73379 0.135842
13.143 0.3 -0.012 0.52 0.29901 -0.0143693 0.519965 0.0992647 -0.852307 -0.101571 -2.57299 -0.106106 1.7338 0.136948
13.144 0.3 -0.012 0.52 0.299022 -0.0143877 0.519969 0.100203 -0.852364 -0.102252 -2.57298 -0.106854 1.73382 0.138062
13.145 0.3 -0.012 0.52 0.299033 -0.0144063 0.519973 0.101148 -0.852422 -0.102938 -2.57297 -0.107608 1.73383 0.139184
13.146 0.3 -0.012 0.52 0.299045 -0.014425 0.519977 0.1021 -0.852481 -0.103629 -2.57295 -0.108367 1.73384 0.140314
13.147 0.3 -0.012 0.52 0.299057 -0.0144438 0.519981 0.10306 -0.852541 -0.104325 -2.57294 -0.109132 1.73385 0.141452
13.148 0.3 -0.012 0.52 0.299069 -0.0144628 0.519985 0.104027 -0.852602 -0.105026 -2.57292 -0.109903 1.73385 0.142599
13.149 0.3 -0.012 0.52 0.29908 -0.0144819 0.51999 0.105001 -0.852665 -0.105733 -2.57291 -0.110679 1.73386 0.143754
13.15 0.3 -0.012 0.52 0.299091 -0.0145011 0.519994 0.105983 -0.852728 -0.106444 -2.57289 -0.111461 1.73386 0.144918
13.151 0.3 -0.012 0.52 0.299103 -0.0145204 0.519998 0.106971 -0.852793 -0.107161 -2.57287 -0.112248 1.73386 0.14609
13.152 0.3 -0.012 0.52 0.299114 -0.0145399 0.520002 0.107968 -0.852859 -0.107884 -2.57286 -0.113041 1.73386 0.14727
13.153 0.3 -0.012 0.52 0.299125 -0.0145595 0.520006 0.108971 -0.852926 -0.108611 -2.57284 -0.11384 1.73385 0.148459
13.154 0.3 -0.012 0.52 0.299136 -0.0145792 0.52001 0.109983 -0.852995 -0.109344 -2.57282 -0.114645 1.73385 0.149656
13.155 0.3 -0.012 0.52 0.299147 -0.0145991 0.520015 0.111002 -0.853065 -0.110082 -2.57281 -0.115455 1.73384 0.150863
13.156 0.3 -0.012 0.52 0.299158 -0.014619 0.520019 0.112028 -0.853135 -0.110826 -2.57279 -0.116272 1.73383 0.152077
13.157 0.3 -0.012 0.52 0.299169 -0.0146392 0.520023 0.113062 -0.853208 -0.111575 -2.57277 -0.117094 1.73382 0.153301
13.158 0.3 -0.012 0.52 0.29918 -0.0146594 0.520027 0.114104 -0.853281 -0.11233 -2.57275 -0.117922 1.7338 0.154533
13.159 0.3 -0.012 0.52 0.299191 -0.0146798 0.520031 0.115153 -0.853356 -0.11309 -2.57273 -0.118756 1.73379 0.155774
13.16 0.3 -0.012 0.52 0.299201 -0.0147003 0.520035 0.11621 -0.853432 -0.113856 -2.57271 -0.119595 1.73377 0.157023
13.161 0.3 -0.012 0.52 0.299212 -0.0147209 0.520039 0.117275 -0.853509 -0.114627 -2.57269 -0.120441 1.73375 0.158282
13.162 0.3 -0.012 0.52 0.299222 -0.0147417 0.520044 0.118348 -0.853588 -0.115404 -2.57267 -0.121293 1.73373 0.159549
13.163 0.3 -0.012 0.52 0.299233 -0.0147626 0.520048 0.119429 -0.853668 -0.116186 -2.57265 -0.12215 1.7337 0.160826
13.164 0.3 -0.012 0.52 0.299243 -0.0147836 0.520052 0.120517 -0.853749 -0.116974 -2.57263 -0.123014 1.73367 0.162111
13.165 0.3 -0.012 0.52 0.299253 -0.0148047 0.520056 0.121614 -0.853832 -0.117767 -2.57261 -0.123884 1.73365 0.163406
13.166 0.3 -0.012 0.52 0.299264 -0.014826 0.52006 0.122719 -0.853916 -0.118567 -2.57259 -0.124759 1.73361 0.164709
13.167 0.3 -0.012 0.52 0.299274 -0.0148474 0.520064 0.123831 -0.854001 -0.119372 -2.57257 -0.125641 1.73358 0.166021
13.168 0.3 -0.012 0.52 0.299284 -0.014869 0.520069 0.124952 -0.854088 -0.120182 -2.57255 -0.126529 1.73354 0.167343
13.169 0.3 -0.012 0.52 0.299294 -0.0148907 0.520073 0.126081 -0.854177 -0.120999 -2.57252 -0.127423 1.73351 0.168674
13.17 0.3 -0.012 0.52 0.299304 -0.0149125 0.520077 0.127217 -0.854267 -0.121821 -2.5725 -0.128323 1.73347 0.170014
13.171 0.3 -0.012 0.52 0.299314 -0.0149344 0.520081 0.128363 -0.854358 -0.122649 -2.57248 -0.129229 1.73342 0.171363
13.172 0.3 -0.012 0.52 0.299323 -0.0149565 0.520085 0.129516 -0.854451 -0.123482 -2.57246 -0.130141 1.73338 0.172721
13.173 0.3 -0.012 0.52 0.299333 -0.0149787 0.520089 0.130677 -0.854545 -0.124322 -2.57243 -0.131059 1.73333 0.174089
13.174 0.3 -0.012 0.52 0.299343 -0.015001 0.520093 0.131847 -0.854641 -0.125167 -2.57241 -0.131984 1.73328 0.175466
13.175 0.3 -0.012 0.52 0.299352 -0.0150234 0.520097 0.133025 -0.854738 -0.126019 -2.57238 -0.132915 1.73323 0.176852
13.176 0.3 -0.012 0.52 0.299362 -0.015046 0.520102 0.134212 -0.854837 -0.126876 -2.57236 -0.133852 1.73318 0.178248
13.177 0.3 -0.012 0.52 0.299371 -0.0150687 0.520106 0.135407 -0.854938 -0.127739 -2.57233 -0.134795 1.73312 0.179653
13.178 0.3 -0.012 0.52 0.299381 -0.0150916 0.52011 0.13661 -0.85504 -0.128608 -2.5723 -0.135745 1.73306 0.181068
13.179 0.3 -0.012 0.52 0.29939 -0.0151145 0.520114 0.137822 -0.855144 -0.129483 -2.57228 -0.1367 1.733 0.182492
13.18 0.3 -0.012 0.52 0.2994 -0.0151376 0.520118 0.139042 -0.855249 -0.130364 -2.57225 -0.137662 1.73293 0.183925
13.181 0.3 -0.012 0.52 0.299409 -0.0151609 0.520122 0.140271 -0.855356 -0.131251 -2.57222 -0.13863 1.73287 0.185368
13.182 0.3 -0.012 0.52 0.299418 -0.0151842 0.520126 0.141509 -0.855465 -0.132144 -2.5722 -0.139605 1.7328 0.186821
13.183 0.3 -0.012 0.52 0.299427 -0.0152077 0.52013 0.142755 -0.855575 -0.133043 -2.57217 -0.140586 1.73273 0.188283
13.184 0.3 -0.012 0.52 0.299436 -0.0152313 0.520135 0.14401 -0.855688 -0.133948 -2.57214 -0.141573 1.73265 0.189755
13.185 0.3 -0.012 0.52 0.299445 -0.015255 0.520139 0.145273 -0.855801 -0.134859 -2.57211 -0.142566 1.73258 0.191236
13.186 0.3 -0.012 0.52 0.299454 -0.0152789 0.520143 0.146545 -0.855917 -0.135776 -2.57208 -0.143566 1.7325 0.192727
13.187 0.3 -0.012 0.52 0.299463 -0.0153029 0.520147 0.147826 -0.856035 -0.1367 -2.57205 -0.144572 1.73242 0.194228
13.188 0.3 -0.012 0.52 0.299472 -0.015327 0.520151 0.149115 -0.856154 -0.137629 -2.57202 -0.145585 1.73233 0.195738
13.189 0.3 -0.012 0.52 0.299481 -0.0153512 0.520155 0.150413 -0.856275 -0.138565 -2.57199 -0.146603 1.73225 0.197258
13.19 0.3 -0.012 0.52 0.29949 -0.0153755 0.520159 0.15172 -0.856398 -0.139507 -2.57196 -0.147629 1.73216 0.198788
13.191 0.3 -0.012 0.52 0.299498 -0.0154 0.520163 0.153036 -0.856522 -0.140455 -2.57193 -0.14866 1.73207 0.200327
13.192 0.3 -0.012 0.52 0.299507 -0.0154246 0.520168 0.154361 -0.856649 -0.141409 -2.57189 -0.149698 1.73197 0.201876
13.193 0.3 -0.012 0.52 0.299516 -0.0154493 0.520172 0.155695 -0.856778 -0.142369 -2.57186 -0.150742 1.73188 0.203435
13.194 0.3 -0.012 0.52 0.299524 -0.0154741 0.520176 0.157037 -0.856908 -0.143336 -2.57183 -0.151792 1.73178 0.205004
13.195 0.3 -0.012 0.52 0.299533 -0.015499 0.52018 0.158389 -0.85704 -0.144308 -2.57179 -0.152849 1.73167 0.206582
13.196 0.3 -0.012 0.52 0.299541 -0.0155241 0.520184 0.159749 -0.857175 -0.145287 -2.57176 -0.153912 1.73157 0.208171
13.197 0.3 -0.012 0.52 0.29955 -0.0155493 0.520188 0.161119 -0.857311 -0.146273 -2.57172 -0.154982 1.73146 0.209769
13.198 0.3 -0.012 0.52 0.299558 -0.0155745 0.520192 0.162497 -0.85745 -0.147264 -2.57169 -0.156058 1.73135 0.211377
13.199 0.3 -0.012 0.52 0.299567 -0.0155999 0.520196 0.163885 -0.85759 -0.148262 -2.57165 -0.15714 1.73124 0.212994
13.2 0.3 -0.012 0.52 0.299575 -0.0156254 0.5202 0.165281 -0.857733 -0.149266 -2.57162 -0.158228 1.73112 0.214622
13.201 0.3 -0.012 0.52 0.299583 -0.0156511 0.520204 0.166687 -0.857877 -0.150276 -2.57158 -0.159323 1.731 0.216259
13.202 0.3 -0.012 0.52 0.299591 -0.0156768 0.520208 0.168101 -0.858024 -0.151293 -2.57154 -0.160424 1.73088 0.217906
13.203 0.3 -0.012 0.52 0.299599 -0.0157026 0.520212 0.169525 -0.858173 -0.152315 -2.57151 -0.161531 1.73075 0.219563
13.204 0.3 -0.012 0.52 0.299608 -0.0157285 0.520217 0.170958 -0.858324 -0.153345 -2.57147 -0.162645 1.73063 0.221229
13.205 0.3 -0.012 0.52 0.299616 -0.0157546 0.520221 0.1724 -0.858477 -0.15438 -2.57143 -0.163765 1.7305 0.222906
13.206 0.3 -0.012 0.52 0.299624 -0.0157807 0.520225 0.173851 -0.858632 -0.155422 -2.57139 -0.164891 1.73036 0.224592
13.207 0.3 -0.012 0.52 0.299632 -0.015807 0.520229 0.175311 -0.85879 -0.15647 -2.57135 -0.166023 1.73023 0.226288
13.208 0.3 -0.012 0.52 0.29964 -0.0158333 0.520233 0.17678 -0.85895 -0.157524 -2.57131 -0.167162 1.73009 0.227994
13.209 0.3 -0.012 0.52 0.299648 -0.0158597 0.520237 0.178258 -0.859112 -0.158584 -2.57127 -0.168306 1.72995 0.229709
13.21 0.3 -0.012 0.52 0.299655 -0.0158863 0.520241 0.179746 -0.859276 -0.159651 -2.57123 -0.169457 1.7298 0.231435
13.211 0.3 -0.012 0.52 0.299663 -0.0159129 0.520245 0.181243 -0.859443 -0.160725 -2.57119 -0.170614 1.72965 0.23317
13.212 0.3 -0.012 0.52 0.299671 -0.0159396 0.520249 0.182749 -0.859612 -0.161804 -2.57114 -0.171778 1.7295 0.234914
13.213 0.3 -0.012 0.52 0.299679 -0.0159664 0.520253 0.184264 -0.859783 -0.16289 -2.5711 -0.172947 1.72935 0.236669
13.214 0.3 -0.012 0.52 0.299687 -0.0159933 0.520257 0.185788 -0.859957 -0.163982 -2.57106 -0.174122 1.72919 0.238433
13.215 0.3 -0.012 0.52 0.299694 -0.0160202 0.520261 0.187322 -0.860134 -0.16508 -2.57101 -0.175304 1.72903 0.240206
13.216 0.3 -0.012 0.52 0.299702 -0.0160473 0.520265 0.188865 -0.860312 -0.166185 -2.57097 -0.176491 1.72887 0.24199
13.217 0.3 -0.012 0.52 0.29971 -0.0160744 0.520269 0.190417 -0.860494 -0.167296 -2.57092 -0.177684 1.7287 0.243782
13.218 0.3 -0.012 0.52 0.299717 -0.0161016 0.520273 0.191978 -0.860677 -0.168413 -2.57088 -0.178884 1.72853 0.245585
13.219 0.3 -0.012 0.52 0.299725 -0.0161289 0.520277 0.193548 -0.860863 -0.169536 -2.57083 -0.180089 1.72836 0.247397
13.22 0.3 -0.012 0.52 0.299732 -0.0161562 0.520281 0.195128 -0.861052 -0.170666 -2.57078 -0.1813 1.72818 0.249218
13.221 0.3 -0.012 0.52 0.29974 -0.0161836 0.520285 0.196716 -0.861244 -0.171802 -2.57074 -0.182517 1.72801 0.251049
13.222 0.3 -0.012 0.52 0.299747 -0.0162111 0.520289 0.198314 -0.861438 -0.172944 -2.57069 -0.18374 1.72782 0.252889
13.223 0.3 -0.012 0.52 0.299755 -0.0162387 0.520293 0.199921 -0.861634 -0.174092 -2.57064 -0.184968 1.72764 0.254739
13.224 0.3 -0.012 0.52 0.299762 -0.0162663 0.520297 0.201537 -0.861833 -0.175246 -2.57059 -0.186203 1.72745 0.256597
13.225 0.3 -0.012 0.52 0.299769 -0.0162939 0.520301 0.203162 -0.862035 -0.176407 -2.57054 -0.187443 1.72726 0.258466
13.226 0.3 -0.012 0.52 0.299777 -0.0163216 0.520305 0.204797 -0.86224 -0.177573 -2.57049 -0.188688 1.72706 0.260343
13.227 0.3 -0.012 0.52 0.299784 -0.0163494 0.520309 0.20644 -0.862447 -0.178746 -2.57044 -0.189939 1.72687 0.262229
13.228 0.3 -0.012 0.52 0.299791 -0.0163772 0.520313 0.208093 -0.862657 -0.179925 -2.57039 -0.191196 1.72667 0.264125
13.229 0.3 -0.012 0.52 0.299799 -0.016405 0.520317 0.209754 -0.86287 -0.18111 -2.57034 -0.192458 1.72646 0.26603
13.23 0.3 -0.012 0.52 0.299806 -0.0164329 0.52032 0.211425 -0.863086 -0.182301 -2.57029 -0.193725 1.72625 0.267943
13.231 0.3 -0.012 0.52 0.299813 -0.0164608 0.520324 0.213104 -0.863304 -0.183498 -2.57023 -0.194998 1.72604 0.269866
13.232 0.3 -0.012 0.52 0.29982 -0.0164888 0.520328 0.214793 -0.863525 -0.184701 -2.57018 -0.196276 1.72583 0.271797
13.233 0.3 -0.012 0.52 0.299827 -0.0165168 0.520332 0.216491 -0.86375 -0.18591 -2.57013 -0.197559 1.72561 0.273737
13.234 0.3 -0.012 0.52 0.299834 -0.0165448 0.520336 0.218197 -0.863977 -0.187125 -2.57007 -0.198848 1.72539 0.275686
13.235 0.3 -0.012 0.52 0.299841 -0.0165728 0.52034 0.219912 -0.864207 -0.188346 -2.57002 -0.200141 1.72517 0.277643
13.236 0.3 -0.012 0.52 0.299848 -0.0166008 0.520344 0.221637 -0.86444 -0.189573 -2.56996 -0.20144 1.72494 0.279609
13.237 0.3 -0.012 0.52 0.299855 -0.0166289 0.520348 0.22337 -0.864676 -0.190805 -2.5699 -0.202744 1.72471 0.281584
13.238 0.3 -0.012 0.52 0.299862 -0.016657 0.520351 0.225112 -0.864915 -0.192044 -2.56985 -0.204052 1.72447 0.283567
13.239 0.3 -0.012 0.52 0.299869 -0.016685 0.520355 0.226862 -0.865156 -0.193288 -2.56979 -0.205365 1.72424 0.285558
13.24 0.3 -0.012 0.52 0.299876 -0.0167131 0.520359 0.228622 -0.865401 -0.194538 -2.56973 -0.206683 1.724 0.287557
13.241 0.3 -0.012 0.52 0.299883 -0.0167411 0.520363 0.23039 -0.865649 -0.195793 -2.56967 -0.208006 1.72375 0.289565
13.242 0.3 -0.012 0.52 0.29989 -0.0167692 0.520367 0.232166 -0.865901 -0.197054 -2.56961 -0.209333 1.72351 0.29158
13.243 0.3 -0.012 0.52 0.299897 -0.0167972 0.52037 0.233952 -0.866155 -0.198321 -2.56955 -0.210665 1.72325 0.293603
13.244 0.3 -0.012 0.52 0.299903 -0.0168252 0.520374 0.235745 -0.866412 -0.199594 -2.56949 -0.212001 1.723 0.295635
13.245 0.3 -0.012 0.52 0.29991 -0.0168532 0.520378 0.237547 -0.866673 -0.200871 -2.56943 -0.213341 1.72274 0.297673
13.246 0.3 -0.012 0.52 0.299917 -0.0168811 0.520381 0.239358 -0.866937 -0.202155 -2.56937 -0.214686 1.72248 0.29972
13.247 0.3 -0.012 0.52 0.299924 -0.016909 0.520385 0.241177 -0.867204 -0.203444 -2.56931 -0.216035 1.72222 0.301774
13.248 0.3 -0.012 0.52 0.29993 -0.0169369 0.520389 0.243004 -0.867474 -0.204738 -2.56925 -0.217387 1.72195 0.303835
13.249 0.3 -0.012 0.52 0.299937 -0.0169647 0.520393 0.24484 -0.867747 -0.206037 -2.56919 -0.218744 1.72168 0.305903
13.25 0.3 -0.012 0.52 0.299944 -0.0169924 0.520396 0.246684 -0.868024 -0.207342 -2.56912 -0.220105 1.72141 0.307979
13.251 0.3 -0.012 0.52 0.29995 -0.0170201 0.5204 0.248536 -0.868304 -0.208652 -2.56906 -0.221469 1.72113 0.310061
13.252 0.3 -0.012 0.52 0.299957 -0.0170478 0.520403 0.250395 -0.868587 -0.209967 -2.56899 -0.222837 1.72085 0.312151
13.253 0.3 -0.012 0.52 0.299963 -0.0170753 0.520407 0.252263 -0.868874 -0.211287 -2.56893 -0.224208 1.72057 0.314247
13.254 0.3 -0.012 0.52 0.29997 -0.0171028 0.520411 0.254139 -0.869164 -0.212613 -2.56886 -0.225583 1.72028 0.316349
13.255 0.3 -0.012 0.52 0.299976 -0.0171302 0.520414 0.256023 -0.869457 -0.213943 -2.5688 -0.226961 1.71999 0.318458
13.256 0.3 -0.012 0.52 0.299983 -0.0171575 0.520418 0.257914 -0.869754 -0.215278 -2.56873 -0.228342 1.71969 0.320574
13.257 0.3 -0.012 0.52 0.299989 -0.0171847 0.520421 0.259813 -0.870054 -0.216618 -2.56866 -0.229727 1.7194 0.322695
13.258 0.3 -0.012 0.52 0.299996 -0.0172118 0.520425 0.26172 -0.870357 -0.217962 -2.56859 -0.231114 1.7191 0.324823
13.259 0.3 -0.012 0.52 0.300002 -0.0172388 0.520428 0.263634 -0.870664 -0.219312 -2.56853 -0.232504 1.71879 0.326956
13.26 0.3 -0.012 0.52 0.300009 -0.0172657 0.520432 0.265556 -0.870974 -0.220666 -2.56846 -0.233897 1.71849 0.329095
13.261 0.3 -0.012 0.52 0.300015 -0.0172924 0.520435 0.267485 -0.871288 -0.222024 -2.56839 -0.235292 1.71818 0.331239
13.262 0.3 -0.012 0.52 0.300021 -0.0173191 0.520439 0.269421 -0.871606 -0.223388 -2.56832 -0.23669 1.71786 0.333389
13.263 0.3 -0.012 0.52 0.300028 -0.0173455 0.520442 0.271364 -0.871927 -0.224755 -2.56825 -0.23809 1.71755 0.335543
13.264 0.3 -0.012 0.52 0.300034 -0.0173719 0.520446 0.273314 -0.872251 -0.226127 -2.56818 -0.239492 1.71723 0.337703
13.265 0.3 -0.012 0.52 0.30004 -0.017398 0.520449 0.275272 -0.872579 -0.227503 -2.56811 -0.240896 1.7169 0.339868
13.266 0.3 -0.012 0.52 0.300046 -0.0174241 0.520452 0.277236 -0.87291 -0.228883 -2.56803 -0.242303 1.71658 0.342037
13.267 0.3 -0.012 0.52 0.300052 -0.0174499 0.520456 0.279207 -0.873245 -0.230267 -2.56796 -0.24371 1.71625 0.34421
13.268 0.3 -0.012 0.52 0.300059 -0.0174756 0.520459 0.281184 -0.873584 -0.231656 -2.56789 -0.24512 1.71592 0.346388
13.269 0.3 -0.012 0.52 0.300065 -0.017501 0.520462 0.283168 -0.873926 -0.233048 -2.56782 -0.246531 1.71558 0.34857
13.27 0.3 -0.012 0.52 0.300071 -0.0175263 0.520465 0.285159 -0.874272 -0.234444 -2.56774 -0.247943 1.71525 0.350756
13.271 0.3 -0.012 0.52 0.300077 -0.0175514 0.520469 0.287156 -0.874621 -0.235844 -2.56767 -0.249356 1.7149 0.352945
13.272 0.3 -0.012 0.52 0.300083 -0.0175763 0.520472 0.289159 -0.874974 -0.237247 -2.5676 -0.250771 1.71456 0.355137
13.273 0.3 -0.012 0.52 0.300089 -0.0176009 0.520475 0.291168 -0.875331 -0.238654 -2.56752 -0.252186 1.71421 0.357333
13.274 0.3 -0.012 0.52 0.300095 -0.0176254 0.520478 0.293183 -0.875691 -0.240065 -2.56745 -0.253602 1.71387 0.359532
13.275 0.3 -0.012 0.52 0.300101 -0.0176496 0.520481 0.295203 -0.876054 -0.241479 -2.56737 -0.255018 1.71351 0.361734
13.276 0.3 -0.012 0.52 0.300107 -0.0176735 0.520485 0.29723 -0.876422 -0.242896 -2.56729 -0.256435 1.71316 0.363938
13.277 0.3 -0.012 0.52 0.300113 -0.0176972 0.520488 0.299262 -0.876793 -0.244316 -2.56722 -0.257851 1.7128 0.366144
13.278 0.3 -0.012 0.52 0.300119 -0.0177206 0.520491 0.3013 -0.877168 -0.245739 -2.56714 -0.259268 1.71244 0.368353
13.279 0.3 -0.012 0.52 0.300125 -0.0177438 0.520494 0.303342 -0.877546 -0.247166 -2.56706 -0.260685 1.71208 0.370563
13.28 0.3 -0.012 0.52 0.300131 -0.0177667 0.520497 0.30539 -0.877928 -0.248595 -2.56699 -0.262101 1.71171 0.372775
13.281 0.3 -0.012 0.52 0.300136 -0.0177892 0.5205 0.307443 -0.878314 -0.250027 -2.56691 -0.263517 1.71134 0.374989
13.282 0.3 -0.012 0.52 0.300142 -0.0178115 0.520503 0.309501 -0.878703 -0.251461 -2.56683 -0.264932 1.71097 0.377203
13.283 0.3 -0.012 0.52 0.300148 -0.0178335 0.520506 0.311564 -0.879096 -0.252899 -2.56675 -0.266347 1.7106 0.379419
13.284 0.3 -0.012 0.52 0.300154 -0.0178551 0.520509 0.313631 -0.879492 -0.254338 -2.56668 -0.26776 1.71022 0.381635
13.285 0.3 -0.012 0.52 0.300159 -0.0178765 0.520511 0.315703 -0.879892 -0.25578 -2.5666 -0.269172 1.70984 0.383851
13.286 0.3 -0.012 0.52 0.300165 -0.0178974 0.520514 0.317778 -0.880296 -0.257224 -2.56652 -0.270582 1.70946 0.386068
13.287 0.3 -0.012 0.52 0.300171 -0.0179181 0.520517 0.319859 -0.880704 -0.25867 -2.56644 -0.271991 1.70908 0.388284
13.288 0.3 -0.012 0.52 0.300176 -0.0179383 0.52052 0.321943 -0.881115 -0.260118 -2.56636 -0.273399 1.7087 0.3905
13.289 0.3 -0.012 0.52 0.300182 -0.0179582 0.520523 0.32403 -0.88153 -0.261569 -2.56628 -0.274804 1.70831 0.392716
13.29 0.3 -0.012 0.52 0.300187 -0.0179778 0.520525 0.326122 -0.881948 -0.26302 -2.5662 -0.276207 1.70792 0.39493
13.291 0.3 -0.012 0.52 0.300193 -0.0179969 0.520528 0.328217 -0.88237 -0.264474 -2.56612 -0.277607 1.70753 0.397143
13.292 0.3 -0.012 0.52 0.300198 -0.0180156 0.520531 0.330315 -0.882795 -0.265929 -2.56604 -0.279005 1.70714 0.399355
13.293 0.3 -0.012 0.52 0.300204 -0.0180339 0.520533 0.332417 -0.883224 -0.267385 -2.56596 -0.280401 1.70674 0.401565
13.294 0.3 -0.012 0.52 0.300209 -0.0180518 0.520536 0.334521 -0.883657 -0.268843 -2.56588 -0.281793 1.70635 0.403773
13.295 0.3 -0.012 0.52 0.300215 -0.0180693 0.520538 0.336629 -0.884093 -0.270302 -2.5658 -0.283182 1.70595 0.405978
13.296 0.3 -0.012 0.52 0.30022 -0.0180863 0.520541 0.338739 -0.884533 -0.271761 -2.56571 -0.284568 1.70555 0.408181
13.297 0.3 -0.012 0.52 0.300225 -0.0181028 0.520544 0.340851 -0.884976 -0.273222 -2.56563 -0.28595 1.70515 0.410381
13.298 0.3 -0.012 0.52 0.300231 -0.0181189 0.520546 0.342966 -0.885423 -0.274683 -2.56555 -0.287328 1.70474 0.412578
13.299 0.3 -0.012 0.52 0.300236 -0.0181345 0.520548 0.345083 -0.885873 -0.276146 -2.56547 -0.288703 1.70434 0.414771
13.3 0.3 -0.012 0.52 0.300241 -0.0181496 0.520551 0.347202 -0.886327 -0.277608 -2.56539 -0.290073 1.70393 0.416961
13.301 0.3 -0.012 0.52 0.300246 -0.0181642 0.520553 0.349323 -0.886784 -0.279071 -2.56531 -0.291438 1.70353 0.419146
13.302 0.3 -0.012 0.52 0.300252 -0.0181784 0.520556 0.351445 -0.887244 -0.280534 -2.56523 -0.2928 1.70312 0.421327
13.303 0.3 -0.012 0.52 0.300257 -0.0181919 0.520558 0.353569 -0.887708 -0.281998 -2.56514 -0.294156 1.70271 0.423503
13.304 0.3 -0.012 0.52 0.300262 -0.018205 0.52056 0.355693 -0.888175 -0.283461 -2.56506 -0.295507 1.7023 0.425674
13.305 0.3 -0.012 0.52 0.300267 -0.0182175 0.520562 0.357819 -0.888646 -0.284925 -2.56498 -0.296853 1.70189 0.427839
13.306 0.3 -0.012 0.52 0.300272 -0.0182295 0.520565 0.359946 -0.88912 -0.286388 -2.5649 -0.298194 1.70148 0.429999
13.307 0.3 -0.012 0.52 0.300277 -0.0182408 0.520567 0.362073 -0.889597 -0.28785 -2.56482 -0.299528 1.70106 0.432153
13.308 0.3 -0.012 0.52 0.300282 -0.0182516 0.520569 0.364201 -0.890078 -0.289312 -2.56474 -0.300857 1.70065 0.434301
13.309 0.3 -0.012 0.52 0.300287 -0.0182619 0.520571 0.366329 -0.890561 -0.290774 -2.56466 -0.30218 1.70024 0.436442
13.31 0.3 -0.012 0.52 0.300292 -0.0182715 0.520573 0.368457 -0.891048 -0.292234 -2.56457 -0.303497 1.69982 0.438576
13.311 0.3 -0.012 0.52 0.300297 -0.0182805 0.520575 0.370585 -0.891538 -0.293694 -2.56449 -0.304807 1.69941 0.440703
13.312 0.3 -0.012 0.52 0.300302 -0.0182888 0.520577 0.372713 -0.892032 -0.295153 -2.56441 -0.30611 1.69899 0.442822
13.313 0.3 -0.012 0.52 0.300306 -0.0182966 0.520579 0.37484 -0.892528 -0.29661 -2.56433 -0.307406 1.69858 0.444933
13.314 0.3 -0.012 0.52 0.300311 -0.0183037 0.520581 0.376967 -0.893027 -0.298066 -2.56425 -0.308695 1.69817 0.447036
13.315 0.3 -0.012 0.52 0.300316 -0.0183101 0.520583 0.379092 -0.893529 -0.299521 -2.56417 -0.309977 1.69775 0.449131
13.316 0.3 -0.012 0.52 0.300321 -0.0183159 0.520585 0.381216 -0.894035 -0.300974 -2.56409 -0.311251 1.69734 0.451216
13.317 0.3 -0.012 0.52 0.300325 -0.018321 0.520587 0.383339 -0.894543 -0.302425 -2.56401 -0.312517 1.69692 0.453293
13.318 0.3 -0.012 0.52 0.30033 -0.0183254 0.520589 0.385461 -0.895054 -0.303874 -2.56393 -0.313775 1.69651 0.455359
13.319 0.3 -0.012 0.52 0.300334 -0.018329 0.520591 0.387581 -0.895568 -0.305322 -2.56385 -0.315025 1.6961 0.457416
13.32 0.3 -0.012 0.52 0.300339 -0.018332 0.520593 0.389699 -0.896084 -0.306767 -2.56377 -0.316266 1.69568 0.459463
13.321 0.3 -0.012 0.52 0.300344 -0.0183343 0.520594 0.391814 -0.896604 -0.30821 -2.56369 -0.317499 1.69527 0.461499
13.322 0.3 -0.012 0.52 0.300348 -0.0183358 0.520596 0.393928 -0.897126 -0.30965 -2.56362 -0.318723 1.69486 0.463524
13.323 0.3 -0.012 0.52 0.300352 -0.0183365 0.520598 0.396038 -0.897651 -0.311088 -2.56354 -0.319938 1.69445 0.465538
13.324 0.3 -0.012 0.52 0.300357 -0.0183365 0.5206 0.398146 -0.898178 -0.312524 -2.56346 -0.321143 1.69404 0.467541
13.325 0.3 -0.012 0.52 0.300361 -0.0183358 0.520601 0.400251 -0.898708 -0.313956 -2.56338 -0.322339 1.69363 0.469531
13.326 0.3 -0.012 0.52 0.300366 -0.0183342 0.520603 0.402353 -0.89924 -0.315386 -2.56331 -0.323525 1.69323 0.47151
13.327 0.3 -0.012 0.52 0.30037 -0.0183319 0.520604 0.404452 -0.899775 -0.316812 -2.56323 -0.324701 1.69282 0.473476
13.328 0.3 -0.012 0.52 0.300374 -0.0183288 0.520606 0.406547 -0.900312 -0.318235 -2.56315 -0.325868 1.69242 0.475429
13.329 0.3 -0.012 0.52 0.300378 -0.0183248 0.520608 0.408638 -0.900852 -0.319655 -2.56308 -0.327023 1.69202 0.477369
13.33 0.3 -0.012 0.52 0.300383 -0.0183201 0.520609 0.410725 -0.901393 -0.321071 -2.563 -0.328169 1.69162 0.479295
13.331 0.3 -0.012 0.52 0.300387 -0.0183145 0.520611 0.412808 -0.901937 -0.322484 -2.56293 -0.329303 1.69122 0.481207
13.332 0.3 -0.012 0.52 0.300391 -0.018308 0.520612 0.414887 -0.902483 -0.323893 -2.56285 -0.330427 1.69082 0.483106
13.333 0.3 -0.012 0.52 0.300395 -0.0183008 0.520613 0.416961 -0.903031 -0.325298 -2.56278 -0.331539 1.69043 0.48499
13.334 0.3 -0.012 0.52 0.300399 -0.0182926 0.520615 0.41903 -0.903582 -0.3267 -2.56271 -0.332641 1.69004 0.486859
13.335 0.3 -0.012 0.52 0.300403 -0.0182836 0.520616 0.421095 -0.904134 -0.328097 -2.56264 -0.33373 1.68965 0.488713
13.336 0.3 -0.012 0.52 0.300407 -0.0182737 0.520618 0.423154 -0.904688 -0.329489 -2.56257 -0.334808 1.68926 0.490551
13.337 0.3 -0.012 0.52 0.300411 -0.0182629 0.520619 0.425208 -0.905244 -0.330878 -2.56249 -0.335874 1.68888 0.492374
13.338 0.3 -0.012 0.52 0.300415 -0.0182512 0.52062 0.427256 -0.905801 -0.332262 -2.56242 -0.336928 1.6885 0.494181
13.339 0.3 -0.012 0.52 0.300419 -0.0182387 0.520622 0.429298 -0.90636 -0.333641 -2.56235 -0.33797 1.68812 0.495971
13.34 0.3 -0.012 0.52 0.300423 -0.0182252 0.520623 0.431334 -0.906921 -0.335016 -2.56229 -0.339 1.68774 0.497745
13.341 0.3 -0.012 0.52 0.300427 -0.0182107 0.520624 0.433365 -0.907484 -0.336386 -2.56222 -0.340016 1.68737 0.499502
13.342 0.3 -0.012 0.52 0.30043 -0.0181954 0.520626 0.435389 -0.908048 -0.33775 -2.56215 -0.34102 1.687 0.501242
13.343 0.3 -0.012 0.52 0.300434 -0.0181791 0.520627 0.437406 -0.908613 -0.33911 -2.56208 -0.342011 1.68663 0.502964
13.344 0.3 -0.012 0.52 0.300438 -0.0181619 0.520628 0.439416 -0.909179 -0.340465 -2.56202 -0.342989 1.68627 0.504668
13.345 0.3 -0.012 0.52 0.300441 -0.0181437 0.52063 0.44142 -0.909747 -0.341814 -2.56195 -0.343954 1.68591 0.506354
13.346 0.3 -0.012 0.52 0.300445 -0.0181245 0.520631 0.443417 -0.910316 -0.343158 -2.56189 -0.344906 1.68555 0.508022
13.347 0.3 -0.012 0.52 0.300449 -0.0181044 0.520632 0.445406 -0.910887 -0.344496 -2.56182 -0.345843 1.6852 0.50967
13.348 0.3 -0.012 0.52 0.300452 -0.0180833 0.520633 0.447387 -0.911458 -0.345828 -2.56176 -0.346767 1.68486 0.5113
13.349 0.3 -0.012 0.52 0.300456 -0.0180613 0.520635 0.449361 -0.91203 -0.347155 -2.5617 -0.347678 1.68451 0.512911
13.35 0.3 -0.012 0.52 0.300459 -0.0180382 0.520636 0.451328 -0.912603 -0.348476 -2.56164 -0.348574 1.68417 0.514502
13.351 0.3 -0.012 0.52 0.300463 -0.0180142 0.520637 0.453286 -0.913177 -0.349791 -2.56158 -0.349456 1.68384 0.516073
13.352 0.3 -0.012 0.52 0.300466 -0.0179892 0.520638 0.455236 -0.913752 -0.3511 -2.56152 -0.350324 1.6835 0.517625
13.353 0.3 -0.012 0.52 0.30047 -0.0179631 0.520639 0.457177 -0.914327 -0.352403 -2.56146 -0.351177 1.68318 0.519156
13.354 0.3 -0.012 0.52 0.300473 -0.0179361 0.520641 0.459111 -0.914903 -0.353699 -2.5614 -0.352016 1.68286 0.520666
13.355 0.3 -0.012 0.52 0.300476 -0.017908 0.520642 0.461035 -0.915479 -0.354989 -2.56135 -0.35284 1.68254 0.522156
13.356 0.3 -0.012 0.52 0.30048 -0.0178789 0.520643 0.46295 -0.916056 -0.356273 -2.56129 -0.353649 1.68223 0.523624
13.357 0.3 -0.012 0.52 0.300483 -0.0178489 0.520644 0.464857 -0.916633 -0.35755 -2.56124 -0.354443 1.68192 0.525071
13.358 0.3 -0.012 0.52 0.300486 -0.0178177 0.520646 0.466754 -0.91721 -0.35882 -2.56119 -0.355223 1.68161 0.526497
13.359 0.3 -0.012 0.52 0.300489 -0.0177856 0.520647 0.468642 -0.917787 -0.360084 -2.56113 -0.355987 1.68132 0.527901
13.36 0.3 -0.012 0.52 0.300493 -0.0177524 0.520648 0.47052 -0.918365 -0.361341 -2.56108 -0.356736 1.68102 0.529283
13.361 0.3 -0.012 0.52 0.300496 -0.0177182 0.520649 0.472389 -0.918943 -0.362591 -2.56103 -0.35747 1.68074 0.530643
13.362 0.3 -0.012 0.52 0.300499 -0.017683 0.520651 0.474248 -0.91952 -0.363834 -2.56098 -0.358188 1.68045 0.53198
13.363 0.3 -0.012 0.52 0.300502 -0.0176467 0.520652 0.476097 -0.920097 -0.36507 -2.56093 -0.358891 1.68018 0.533295
13.364 0.3 -0.012 0.52 0.300505 -0.0176094 0.520653 0.477935 -0.920674 -0.366298 -2.56089 -0.359578 1.6799 0.534587
13.365 0.3 -0.012 0.52 0.300508 -0.0175711 0.520655 0.479764 -0.921251 -0.36752 -2.56084 -0.36025 1.67964 0.535856
13.366 0.3 -0.012 0.52 0.300511 -0.0175317 0.520656 0.481582 -0.921828 -0.368734 -2.56079 -0.360905 1.67938 0.537102
13.367 0.3 -0.012 0.52 0.300514 -0.0174913 0.520657 0.48339 -0.922404 -0.369941 -2.56075 -0.361545 1.67912 0.538324
13.368 0.3 -0.012 0.52 0.300517 -0.0174498 0.520659 0.485187 -0.922979 -0.37114 -2.56071 -0.362169 1.67888 0.539523
13.369 0.3 -0.012 0.52 0.30052 -0.0174073 0.52066 0.486973 -0.923554 -0.372332 -2.56067 -0.362778 1.67863 0.540698
13.37 0.3 -0.012 0.52 0.300523 -0.0173638 0.520662 0.488748 -0.924128 -0.373516 -2.56063 -0.36337 1.6784 0.541849
13.371 0.3 -0.012 0.52 0.300526 -0.0173192 0.520663 0.490512 -0.924701 -0.374693 -2.56059 -0.363946 1.67816 0.542977
13.372 0.3 -0.012 0.52 0.300529 -0.0172736 0.520665 0.492265 -0.925273 -0.375862 -2.56055 -0.364506 1.67794 0.54408
13.373 0.3 -0.012 0.52 0.300532 -0.017227 0.520666 0.494007 -0.925844 -0.377023 -2.56051 -0.36505 1.67772 0.545159
13.374 0.3 -0.012 0.52 0.300535 -0.0171793 0.520668 0.495737 -0.926415 -0.378176 -2.56047 -0.365577 1.67751 0.546213
13.375 0.3 -0.012 0.52 0.300537 -0.0171306 0.52067 0.497456 -0.926984 -0.379322 -2.56044 -0.366089 1.6773 0.547243
13.376 0.3 -0.012 0.52 0.30054 -0.0170809 0.520671 0.499163 -0.927552 -0.380459 -2.56041 -0.366584 1.6771 0.548248
13.377 0.3 -0.012 0.52 0.300543 -0.0170301 0.520673 0.500859 -0.928118 -0.381589 -2.56037 -0.367063 1.67691 0.549228
13.378 0.3 -0.012 0.52 0.300546 -0.0169783 0.520675 0.502543 -0.928684 -0.38271 -2.56034 -0.367526 1.67672 0.550183
13.379 0.3 -0.012 0.52 0.300549 -0.0169256 0.520676 0.504215 -0.929248 -0.383823 -2.56031 -0.367973 1.67654 0.551114
13.38 0.3 -0.012 0.52 0.300551 -0.0168718 0.520678 0.505874 -0.92981 -0.384928 -2.56028 -0.368403 1.67637 0.552019
13.381 0.3 -0.012 0.52 0.300554 -0.016817 0.52068 0.507522 -0.930371 -0.386025 -2.56025 -0.368817 1.6762 0.552899
13.382 0.3 -0.012 0.52 0.300557 -0.0167612 0.520682 0.509158 -0.93093 -0.387114 -2.56023 -0.369215 1.67604 0.553754
13.383 0.3 -0.012 0.52 0.300559 -0.0167044 0.520684 0.510781 -0.931487 -0.388195 -2.5602 -0.369596 1.67589 0.554583
13.384 0.3 -0.012 0.52 0.300562 -0.0166466 0.520686 0.512392 -0.932043 -0.389267 -2.56018 -0.369962 1.67574 0.555387
13.385 0.3 -0.012 0.52 0.300565 -0.0165878 0.520688 0.51399 -0.932596 -0.390331 -2.56015 -0.370311 1.6756 0.556166
13.386 0.3 -0.012 0.52 0.300567 -0.0165281 0.52069 0.515577 -0.933148 -0.391386 -2.56013 -0.370644 1.67547 0.556919
13.387 0.3 -0.012 0.52 0.30057 -0.0164674 0.520692 0.51715 -0.933697 -0.392433 -2.56011 -0.370961 1.67534 0.557646
13.388 0.3 -0.012 0.52 0.300573 -0.0164058 0.520695 0.518711 -0.934245 -0.393472 -2.56009 -0.371261 1.67522 0.558348
13.389 0.3 -0.012 0.52 0.300575 -0.0163432 0.520697 0.520259 -0.93479 -0.394502 -2.56007 -0.371546 1.6751 0.559024
13.39 0.3 -0.012 0.52 0.300578 -0.0162796 0.520699 0.521795 -0.935333 -0.395524 -2.56005 -0.371815 1.675 0.559675
13.391 0.3 -0.012 0.52 0.30058 -0.0162151 0.520702 0.523317 -0.935874 -0.396537 -2.56004 -0.372067 1.6749 0.5603
13.392 0.3 -0.012 0.52 0.300583 -0.0161497 0.520704 0.524827 -0.936412 -0.397542 -2.56002 -0.372304 1.6748 0.560899
13.393 0.3 -0.012 0.52 0.300586 -0.0160834 0.520707 0.526324 -0.936948 -0.398538 -2.56001 -0.372525 1.67472 0.561472
13.394 0.3 -0.012 0.52 0.300588 -0.0160162 0.52071 0.527808 -0.937481 -0.399526 -2.56 -0.37273 1.67464 0.56202
13.395 0.3 -0.012 0.52 0.300591 -0.0159481 0.520712 0.529279 -0.938012 -0.400505 -2.55998 -0.372919 1.67456 0.562543
13.396 0.3 -0.012 0.52 0.300593 -0.0158791 0.520715 0.530737 -0.93854 -0.401475 -2.55997 -0.373093 1.6745 0.563039
13.397 0.3 -0.012 0.52 0.300596 -0.0158092 0.520718 0.532182 -0.939066 -0.402437 -2.55996 -0.373251 1.67444 0.563511
13.398 0.3 -0.012 0.52 0.300598 -0.0157385 0.520721 0.533614 -0.939588 -0.403391 -2.55996 -0.373394 1.67439 0.563956
13.399 0.3 -0.012 0.52 0.300601 -0.0156669 0.520724 0.535032 -0.940108 -0.404335 -2.55995 -0.373522 1.67434 0.564376
13.4 0.3 -0.012 0.52 0.300603 -0.0155945 0.520727 0.536438 -0.940625 -0.405272 -2.55994 -0.373634 1.6743 0.564771
13.401 0.3 -0.012 0.52 0.300606 -0.0155213 0.52073 0.53783 -0.941139 -0.406199 -2.55994 -0.373731 1.67427 0.56514
13.402 0.3 -0.012 0.52 0.300608 -0.0154472 0.520734 0.539209 -0.941649 -0.407118 -2.55993 -0.373813 1.67424 0.565484
13.403 0.3 -0.012 0.52 0.300611 -0.0153724 0.520737 0.540576 -0.942157 -0.408028 -2.55993 -0.37388 1.67422 0.565803
13.404 0.3 -0.012 0.52 0.300614 -0.0152967 0.52074 0.541928 -0.942662 -0.40893 -2.55993 -0.373932 1.67421 0.566096
13.405 0.3 -0.012 0.52 0.300616 -0.0152203 0.520744 0.543268 -0.943163 -0.409823 -2.55993 -0.373969 1.67421 0.566364
13.406 0.3 -0.012 0.52 0.300619 -0.0151432 0.520747 0.544594 -0.943661 -0.410708 -2.55993 -0.373992 1.67421 0.566608
13.407 0.3 -0.012 0.52 0.300621 -0.0150653 0.520751 0.545908 -0.944156 -0.411584 -2.55993 -0.374 1.67421 0.566826
13.408 0.3 -0.012 0.52 0.300624 -0.0149866 0.520755 0.547208 -0.944648 -0.412451 -2.55993 -0.373994 1.67423 0.56702
13.409 0.3 -0.012 0.52 0.300626 -0.0149073 0.520759 0.548495 -0.945136 -0.41331 -2.55993 -0.373974 1.67425 0.567189
13.41 0.3 -0.012 0.52 0.300629 -0.0148273 0.520763 0.549768 -0.945621 -0.41416 -2.55994 -0.37394 1.67427 0.567333
13.411 0.3 -0.012 0.52 0.300631 -0.0147465 0.520767 0.551029 -0.946102 -0.415002 -2.55994 -0.373892 1.6743 0.567453
13.412 0.3 -0.012 0.52 0.300634 -0.0146651 0.520771 0.552276 -0.94658 -0.415835 -2.55995 -0.373829 1.67434 0.567549
13.413 0.3 -0.012 0.52 0.300636 -0.0145831 0.520775 0.55351 -0.947054 -0.41666 -2.55996 -0.373754 1.67439 0.56762
13.414 0.3 -0.012 0.52 0.300639 -0.0145004 0.52078 0.554731 -0.947525 -0.417476 -2.55996 -0.373665 1.67444 0.567668
13.415 0.3 -0.012 0.52 0.300642 -0.0144171 0.520784 0.555939 -0.947992 -0.418283 -2.55997 -0.373562 1.6745 0.567691
13.416 0.3 -0.012 0.52 0.300644 -0.0143332 0.520789 0.557134 -0.948455 -0.419083 -2.55998 -0.373447 1.67456 0.567691
13.417 0.3 -0.012 0.52 0.300647 -0.0142487 0.520793 0.558315 -0.948915 -0.419874 -2.55999 -0.373318 1.67463 0.567668
13.418 0.3 -0.012 0.52 0.300649 -0.0141637 0.520798 0.559484 -0.949371 -0.420656 -2.56001 -0.373177 1.6747 0.567621
13.419 0.3 -0.012 0.52 0.300652 -0.0140781 0.520803 0.56064 -0.949823 -0.42143 -2.56002 -0.373023 1.67478 0.56755
13.42 0.3 -0.012 0.52 0.300654 -0.013992 0.520808 0.561782 -0.950271 -0.422196 -2.56003 -0.372856 1.67487 0.567457
13.421 0.3 -0.012 0.52 0.300657 -0.0139053 0.520813 0.562912 -0.950715 -0.422953 -2.56005 -0.372677 1.67496 0.567341
13.422 0.3 -0.012 0.52 0.30066 -0.0138181 0.520818 0.564029 -0.951156 -0.423703 -2.56006 -0.372486 1.67506 0.567202
13.423 0.3 -0.012 0.52 0.300662 -0.0137305 0.520823 0.565133 -0.951592 -0.424444 -2.56008 -0.372283 1.67516 0.567041
13.424 0.3 -0.012 0.52 0.300665 -0.0136424 0.520828 0.566224 -0.952025 -0.425176 -2.56009 -0.372068 1.67527 0.566857
13.425 0.3 -0.012 0.52 0.300668 -0.0135539 0.520834 0.567303 -0.952454 -0.425901 -2.56011 -0.371842 1.67538 0.566651
13.426 0.3 -0.012 0.52 0.30067 -0.0134649 0.520839 0.568369 -0.952878 -0.426617 -2.56013 -0.371605 1.6755 0.566424
13.427 0.3 -0.012 0.52 0.300673 -0.0133756 0.520845 0.569422 -0.953299 -0.427326 -2.56015 -0.371356 1.67562 0.566175
13.428 0.3 -0.012 0.52 0.300676 -0.0132858 0.520851 0.570463 -0.953715 -0.428026 -2.56017 -0.371096 1.67575 0.565904
13.429 0.3 -0.012 0.52 0.300678 -0.0131957 0.520856 0.571491 -0.954128 -0.428718 -2.56019 -0.370825 1.67588 0.565612
13.43 0.3 -0.012 0.52 0.300681 -0.0131052 0.520862 0.572507 -0.954536 -0.429402 -2.56021 -0.370544 1.67602 0.565299
13.431 0.3 -0.012 0.52 0.300684 -0.0130144 0.520868 0.57351 -0.954941 -0.430079 -2.56023 -0.370253 1.67616 0.564966
13.432 0.3 -0.012 0.52 0.300687 -0.0129233 0.520874 0.574501 -0.955341 -0.430747 -2.56025 -0.369951 1.67631 0.564611
13.433 0.3 -0.012 0.52 0.300689 -0.0128318 0.520881 0.57548 -0.955737 -0.431407 -2.56027 -0.369639 1.67646 0.564237
13.434 0.3 -0.012 0.52 0.300692 -0.0127401 0.520887 0.576446 -0.956129 -0.43206 -2.56029 -0.369318 1.67662 0.563843
13.435 0.3 -0.012 0.52 0.300695 -0.0126482 0.520893 0.5774 -0.956517 -0.432705 -2.56032 -0.368986 1.67678 0.563428
13.436 0.3 -0.012 0.52 0.300698 -0.012556 0.5209 0.578343 -0.956901 -0.433342 -2.56034 -0.368646 1.67694 0.562995
13.437 0.3 -0.012 0.52 0.300701 -0.0124636 0.520906 0.579273 -0.95728 -0.433971 -2.56037 -0.368297 1.67711 0.562542
13.438 0.3 -0.012 0.52 0.300704 -0.012371 0.520913 0.580191 -0.957656 -0.434593 -2.56039 -0.367938 1.67728 0.56207
13.439 0.3 -0.012 0.52 0.300706 -0.0122782 0.52092 0.581098 -0.958027 -0.435208 -2.56042 -0.367571 1.67746 0.561579
13.44 0.3 -0.012 0.52 0.300709 -0.0121853 0.520927 0.581993 -0.958394 -0.435814 -2.56044 -0.367195 1.67764 0.561069
13.441 0.3 -0.012 0.52 0.300712 -0.0120922 0.520934 0.582876 -0.958757 -0.436413 -2.56047 -0.366811 1.67782 0.560542
13.442 0.3 -0.012 0.52 0.300715 -0.011999 0.520941 0.583747 -0.959115 -0.437005 -2.5605 -0.366419 1.67801 0.559996
13.443 0.3 -0.012 0.52 0.300718 -0.0119057 0.520948 0.584607 -0.959469 -0.437589 -2.56052 -0.366019 1.6782 0.559433
13.444 0.3 -0.012 0.52 0.300721 -0.0118123 0.520955 0.585456 -0.95982 -0.438166 -2.56055 -0.365612 1.6784 0.558852
13.445 0.3 -0.012 0.52 0.300724 -0.0117188 0.520963 0.586293 -0.960166 -0.438736 -2.56058 -0.365197 1.67859 0.558254
13.446 0.3 -0.012 0.52 0.300727 -0.0116253 0.52097 0.587119 -0.960507 -0.439298 -2.56061 -0.364775 1.67879 0.557639
13.447 0.3 -0.012 0.52 0.30073 -0.0115318 0.520977 0.587934 -0.960845 -0.439854 -2.56064 -0.364346 1.679 0.557008
13.448 0.3 -0.012 0.52 0.300733 -0.0114383 0.520985 0.588737 -0.961178 -0.440402 -2.56067 -0.363911 1.6792 0.55636
13.449 0.3 -0.012 0.52 0.300736 -0.0113448 0.520993 0.58953 -0.961508 -0.440943 -2.5607 -0.363468 1.67941 0.555697
13.45 0.3 -0.012 0.52 0.300739 -0.0112513 0.521 0.590312 -0.961833 -0.441477 -2.56073 -0.36302 1.67962 0.555017
13.451 0.3 -0.012 0.52 0.300742 -0.0111578 0.521008 0.591083 -0.962154 -0.442004 -2.56075 -0.362565 1.67983 0.554322
13.452 0.3 -0.012 0.52 0.300745 -0.0110645 0.521016 0.591843 -0.96247 -0.442524 -2.56078 -0.362105 1.68005 0.553612
13.453 0.3 -0.012 0.52 0.300748 -0.0109712 0.521024 0.592593 -0.962783 -0.443037 -2.56081 -0.361639 1.68027 0.552887
13.454 0.3 -0.012 0.52 0.300751 -0.010878 0.521032 0.593332 -0.963091 -0.443544 -2.56085 -0.361168 1.68049 0.552148
13.455 0.3 -0.012 0.52 0.300755 -0.010785 0.52104 0.594061 -0.963396 -0.444043 -2.56088 -0.360691 1.68071 0.551394
13.456 0.3 -0.012 0.52 0.300758 -0.0106921 0.521049 0.594779 -0.963696 -0.444536 -2.56091 -0.36021 1.68094 0.550626
13.457 0.3 -0.012 0.52 0.300761 -0.0105993 0.521057 0.595487 -0.963992 -0.445023 -2.56094 -0.359724 1.68116 0.549844
13.458 0.3 -0.012 0.52 0.300764 -0.0105067 0.521065 0.596185 -0.964284 -0.445502 -2.56097 -0.359233 1.68139 0.549049
13.459 0.3 -0.012 0.52 0.300767 -0.0104144 0.521074 0.596873 -0.964572 -0.445976 -2.561 -0.358738 1.68162 0.548241
13.46 0.3 -0.012 0.52 0.300771 -0.0103222 0.521082 0.597551 -0.964856 -0.446443 -2.56103 -0.358239 1.68185 0.54742
13.461 0.3 -0.012 0.52 0.300774 -0.0102303 0.521091 0.598219 -0.965136 -0.446903 -2.56106 -0.357736 1.68208 0.546587
13.462 0.3 -0.012 0.52 0.300777 -0.0101386 0.521099 0.598877 -0.965412 -0.447357 -2.56109 -0.35723 1.68232 0.545741
13.463 0.3 -0.012 0.52 0.30078 -0.0100471 0.521108 0.599526 -0.965684 -0.447805 -2.56112 -0.35672 1.68255 0.544884
13.464 0.3 -0.012 0.52 0.300784 -0.009956 0.521116 0.600165 -0.965952 -0.448246 -2.56115 -0.356207 1.68279 0.544014
13.465 0.3 -0.012 0.52 0.300787 -0.00986516 0.521125 0.600795 -0.966216 -0.448682 -2.56118 -0.355691 1.68302 0.543134
13.466 0.3 -0.012 0.52 0.30079 -0.00977464 0.521134 0.601415 -0.966476 -0.449111 -2.56121 -0.355172 1.68326 0.542242
13.467 0.3 -0.012 0.52 0.300793 -0.00968445 0.521143 0.602026 -0.966732 -0.449534 -2.56124 -0.354651 1.6835 0.54134
13.468 0.3 -0.012 0.52 0.300797 -0.0095946 0.521152 0.602628 -0.966984 -0.449952 -2.56128 -0.354127 1.68374 0.540427
13.469 0.3 -0.012 0.52 0.3008 -0.00950512 0.521161 0.603221 -0.967233 -0.450363 -2.56131 -0.353601 1.68398 0.539504
13.47 0.3 -0.012 0.52 0.300804 -0.00941602 0.52117 0.603805 -0.967477 -0.450768 -2.56134 -0.353074 1.68422 0.538571
13.471 0.3 -0.012 0.52 0.300807 -0.00932731 0.521179 0.60438 -0.967718 -0.451168 -2.56137 -0.352544 1.68446 0.537629
13.472 0.3 -0.012 0.52 0.30081 -0.00923902 0.521188 0.604947 -0.967955 -0.451562 -2.5614 -0.352013 1.6847 0.536677
13.473 0.3 -0.012 0.52 0.300814 -0.00915115 0.521197 0.605505 -0.968189 -0.45195 -2.56143 -0.351481 1.68494 0.535716
13.474 0.3 -0.012 0.52 0.300817 -0.00906372 0.521206 0.606054 -0.968418 -0.452333 -2.56146 -0.350948 1.68518 0.534747
13.475 0.3 -0.012 0.52 0.300821 -0.00897674 0.521215 0.606595 -0.968644 -0.45271 -2.56148 -0.350414 1.68542 0.533769
13.476 0.3 -0.012 0.52 0.300824 -0.00889024 0.521224 0.607127 -0.968866 -0.453081 -2.56151 -0.349879 1.68566 0.532783
13.477 0.3 -0.012 0.52 0.300827 -0.00880422 0.521233 0.607652 -0.969085 -0.453448 -2.56154 -0.349344 1.68589 0.531789
13.478 0.3 -0.012 0.52 0.300831 -0.0087187 0.521243 0.608168 -0.9693 -0.453808 -2.56157 -0.348808 1.68613 0.530788
13.479 0.3 -0.012 0.52 0.300834 -0.00863369 0.521252 0.608676 -0.969511 -0.454164 -2.5616 -0.348272 1.68637 0.529779
13.48 0.3 -0.012 0.52 0.300838 -0.00854921 0.521261 0.609177 -0.969719 -0.454514 -2.56163 -0.347737 1.68661 0.528763
13.481 0.3 -0.012 0.52 0.300841 -0.00846526 0.52127 0.609669 -0.969924 -0.454859 -2.56166 -0.347202 1.68685 0.527741
13.482 0.3 -0.012 0.52 0.300845 -0.00838187 0.52128 0.610154 -0.970125 -0.455199 -2.56168 -0.346667 1.68708 0.526712
13.483 0.3 -0.012 0.52 0.300848 -0.00829904 0.521289 0.610631 -0.970322 -0.455533 -2.56171 -0.346133 1.68732 0.525677
13.484 0.3 -0.012 0.52 0.300852 -0.00821679 0.521298 0.611101 -0.970516 -0.455863 -2.56174 -0.345599 1.68755 0.524637
13.485 0.3 -0.012 0.52 0.300855 -0.00813513 0.521308 0.611563 -0.970707 -0.456188 -2.56176 -0.345067 1.68779 0.52359
13.486 0.3 -0.012 0.52 0.300859 -0.00805407 0.521317 0.612018 -0.970895 -0.456507 -2.56179 -0.344536 1.68802 0.522539
13.487 0.3 -0.012 0.52 0.300862 -0.00797362 0.521326 0.612466 -0.971079 -0.456822 -2.56182 -0.344006 1.68825 0.521482
13.488 0.3 -0.012 0.52 0.300866 -0.00789379 0.521335 0.612906 -0.971259 -0.457133 -2.56184 -0.343478 1.68848 0.52042
13.489 0.3 -0.012 0.52 0.300869 -0.00781461 0.521345 0.61334 -0.971437 -0.457438 -2.56187 -0.342951 1.68871 0.519354
13.49 0.3 -0.012 0.52 0.300873 -0.00773607 0.521354 0.613767 -0.971612 -0.457739 -2.56189 -0.342427 1.68893 0.518284
13.491 0.3 -0.012 0.52 0.300876 -0.00765818 0.521363 0.614187 -0.971783 -0.458035 -2.56192 -0.341904 1.68916 0.517209
13.492 0.3 -0.012 0.52 0.30088 -0.00758097 0.521372 0.6146 -0.971951 -0.458327 -2.56194 -0.341384 1.68938 0.516131
13.493 0.3 -0.012 0.52 0.300883 -0.00750443 0.521382 0.615007 -0.972116 -0.458614 -2.56196 -0.340866 1.6896 0.51505
13.494 0.3 -0.012 0.52 0.300887 -0.00742858 0.521391 0.615407 -0.972278 -0.458896 -2.56198 -0.340351 1.68982 0.513965
13.495 0.3 -0.012 0.52 0.30089 -0.00735343 0.5214 0.615801 -0.972437 -0.459175 -2.56201 -0.339838 1.69004 0.512877
13.496 0.3 -0.012 0.52 0.300894 -0.00727898 0.521409 0.616188 -0.972593 -0.459449 -2.56203 -0.339328 1.69026 0.511786
13.497 0.3 -0.012 0.52 0.300898 -0.00720525 0.521418 0.616569 -0.972746 -0.459718 -2.56205 -0.338821 1.69047 0.510693
13.498 0.3 -0.012 0.52 0.300901 -0.00713224 0.521427 0.616944 -0.972896 -0.459984 -2.56207 -0.338318 1.69069 0.509598
13.499 0.3 -0.012 0.52 0.300905 -0.00705997 0.521436 0.617313 -0.973044 -0.460245 -2.56209 -0.337817 1.6909 0.5085
13.5 0.3 -0.012 0.52 0.300908 -0.00698844 0.521445 0.617676 -0.973188 -0.460502 -2.56211 -0.33732 1.6911 0.507401
13.501 0.3 -0.012 0.52 0.300912 -0.00691766 0.521454 0.618033 -0.97333 -0.460756 -2.56213 -0.336827 1.69131 0.5063
13.502 0.3 -0.012 0.52 0.300915 -0.00684764 0.521463 0.618385 -0.973469 -0.461005 -2.56215 -0.336337 1.69151 0.505198
13.503 0.3 -0.012 0.52 0.300919 -0.00677838 0.521472 0.61873 -0.973605 -0.46125 -2.56217 -0.335851 1.69171 0.504095
13.504 0.3 -0.012 0.52 0.300922 -0.00670989 0.521481 0.619071 -0.973739 -0.461492 -2.56219 -0.335369 1.69191 0.502991
13.505 0.3 -0.012 0.52 0.300925 -0.00664218 0.52149 0.619405 -0.97387 -0.461729 -2.5622 -0.334892 1.69211 0.501886
13.506 0.3 -0.012 0.52 0.300929 -0.00657526 0.521498 0.619734 -0.973998 -0.461963 -2.56222 -0.334418 1.6923 0.500781
13.507 0.3 -0.012 0.52 0.300932 -0.00650913 0.521507 0.620058 -0.974124 -0.462193 -2.56224 -0.333949 1.69249 0.499675
13.508 0.3 -0.012 0.52 0.300936 -0.0064438 0.521516 0.620377 -0.974247 -0.46242 -2.56225 -0.333484 1.69268 0.49857
13.509 0.3 -0.012 0.52 0.300939 -0.00637927 0.521524 0.620691 -0.974368 -0.462642 -2.56227 -0.333024 1.69287 0.497464
13.51 0.3 -0.012 0.52 0.300943 -0.00631555 0.521533 0.620999 -0.974486 -0.462862 -2.56228 -0.332569 1.69305 0.496359
13.511 0.3 -0.012 0.52 0.300946 -0.00625265 0.521541 0.621303 -0.974602 -0.463077 -2.5623 -0.332118 1.69323 0.495255
13.512 0.3 -0.012 0.52 0.300949 -0.00619056 0.52155 0.621602 -0.974716 -0.46329 -2.56231 -0.331672 1.69341 0.494152
13.513 0.3 -0.012 0.52 0.300953 -0.00612931 0.521558 0.621895 -0.974827 -0.463499 -2.56232 -0.331232 1.69358 0.493049
13.514 0.3 -0.012 0.52 0.300956 -0.00606888 0.521566 0.622185 -0.974936 -0.463704 -2.56233 -0.330796 1.69375 0.491948
13.515 0.3 -0.012 0.52 0.30096 -0.00600929 0.521574 0.622469 -0.975042 -0.463907 -2.56235 -0.330366 1.69392 0.490848
13.516 0.3 -0.012 0.52 0.300963 -0.00595053 0.521582 0.622749 -0.975147 -0.464106 -2.56236 -0.329941 1.69409 0.489749
13.517 0.3 -0.012 0.52 0.300966 -0.00589262 0.52159 0.623025 -0.975249 -0.464301 -2.56237 -0.329521 1.69425 0.488653
13.518 0.3 -0.012 0.52 0.300969 -0.00583555 0.521598 0.623296 -0.975349 -0.464494 -2.56238 -0.329107 1.69441 0.487558
13.519 0.3 -0.012 0.52 0.300973 -0.00577933 0.521606 0.623563 -0.975447 -0.464684 -2.56239 -0.328699 1.69457 0.486465
13.52 0.3 -0.012 0.52 0.300976 -0.00572396 0.521614 0.623825 -0.975543 -0.46487 -2.5624 -0.328296 1.69472 0.485375
13.521 0.3 -0.012 0.52 0.300979 -0.00566945 0.521622 0.624084 -0.975637 -0.465054 -2.5624 -0.327899 1.69487 0.484287
13.522 0.3 -0.012 0.52 0.300982 -0.0056158 0.521629 0.624338 -0.975729 -0.465234 -2.56241 -0.327508 1.69502 0.483202
13.523 0.3 -0.012 0.52 0.300986 -0.005563 0.521637 0.624588 -0.975818 -0.465412 -2.56242 -0.327123 1.69516 0.482119
13.524 0.3 -0.012 0.52 0.300989 -0.00551107 0.521644 0.624835 -0.975906 -0.465587 -2.56242 -0.326744 1.6953 0.48104
13.525 0.3 -0.012 0.52 0.300992 -0.00546 0.521652 0.625077 -0.975992 -0.465759 -2.56243 -0.326371 1.69544 0.479963
13.526 0.3 -0.012 0.52 0.300995 -0.0054098 0.521659 0.625316 -0.976077 -0.465928 -2.56244 -0.326004 1.69558 0.47889
13.527 0.3 -0.012 0.52 0.300998 -0.00536047 0.521666 0.625551 -0.976159 -0.466094 -2.56244 -0.325643 1.69571 0.47782
13.528 0.3 -0.012 0.52 0.301001 -0.005312 0.521673 0.625783 -0.97624 -0.466258 -2.56244 -0.325289 1.69584 0.476753
13.529 0.3 -0.012 0.52 0.301004 -0.00526441 0.52168 0.62601 -0.976318 -0.466419 -2.56245 -0.324941 1.69596 0.475691
13.53 0.3 -0.012 0.52 0.301007 -0.00521768 0.521687 0.626235 -0.976395 -0.466578 -2.56245 -0.324599 1.69608 0.474632
13.531 0.3 -0.012 0.52 0.30101 -0.00517183 0.521694 0.626456 -0.976471 -0.466734 -2.56245 -0.324264 1.6962 0.473577
13.532 0.3 -0.012 0.52 0.301013 -0.00512685 0.5217 0.626673 -0.976545 -0.466887 -2.56245 -0.323935 1.69631 0.472526
13.533 0.3 -0.012 0.52 0.301016 -0.00508274 0.521707 0.626887 -0.976617 -0.467038 -2.56246 -0.323613 1.69642 0.471479
13.534 0.3 -0.012 0.52 0.301019 -0.0050395 0.521713 0.627098 -0.976687 -0.467187 -2.56246 -0.323297 1.69653 0.470437
13.535 0.3 -0.012 0.52 0.301022 -0.00499713 0.52172 0.627306 -0.976756 -0.467333 -2.56246 -0.322988 1.69664 0.469399
13.536 0.3 -0.012 0.52 0.301024 -0.00495564 0.521726 0.627511 -0.976824 -0.467477 -2.56246 -0.322686 1.69674 0.468366
13.537 0.3 -0.012 0.52 0.301027 -0.00491502 0.521732 0.627713 -0.97689 -0.467618 -2.56245 -0.32239 1.69683 0.467337
13.538 0.3 -0.012 0.52 0.30103 -0.00487526 0.521738 0.627911 -0.976954 -0.467758 -2.56245 -0.322102 1.69693 0.466313
13.539 0.3 -0.012 0.52 0.301033 -0.00483638 0.521744 0.628107 -0.977017 -0.467895 -2.56245 -0.32182 1.69702 0.465294
13.54 0.3 -0.012 0.52 0.301035 -0.00479836 0.52175 0.6283 -0.977079 -0.46803 -2.56245 -0.321545 1.6971 0.46428
13.541 0.3 -0.012 0.52 0.301038 -0.00476121 0.521755 0.62849 -0.977139 -0.468163 -2.56244 -0.321276 1.69719 0.463272
13.542 0.3 -0.012 0.52 0.30104 -0.00472492 0.521761 0.628678 -0.977198 -0.468293 -2.56244 -0.321015 1.69727 0.462268
13.543 0.3 -0.012 0.52 0.301043 -0.0046895 0.521766 0.628863 -0.977256 -0.468422 -2.56243 -0.32076 1.69734 0.46127
13.544 0.3 -0.012 0.52 0.301046 -0.00465494 0.521771 0.629045 -0.977312 -0.468549 -2.56243 -0.320513 1.69742 0.460277
13.545 0.3 -0.012 0.52 0.301048 -0.00462123 0.521777 0.629224 -0.977368 -0.468673 -2.56242 -0.320272 1.69749 0.45929
13.546 0.3 -0.012 0.52 0.30105 -0.00458839 0.521782 0.629401 -0.977421 -0.468796 -2.56242 -0.320038 1.69755 0.458309
13.547 0.3 -0.012 0.52 0.301053 -0.00455639 0.521787 0.629576 -0.977474 -0.468916 -2.56241 -0.319812 1.69761 0.457333
13.548 0.3 -0.012 0.52 0.301055 -0.00452525 0.521792 0.629748 -0.977526 -0.469035 -2.5624 -0.319592 1.69767 0.456363
13.549 0.3 -0.012 0.52 0.301058 -0.00449496 0.521796 0.629918 -0.977576 -0.469152 -2.56239 -0.31938 1.69773 0.455399
13.55 0.3 -0.012 0.52 0.30106 -0.00446552 0.521801 0.630086 -0.977626 -0.469267 -2.56239 -0.319174 1.69778 0.45444
13.551 0.3 -0.012 0.52 0.301062 -0.00443692 0.521805 0.630251 -0.977674 -0.469381 -2.56238 -0.318975 1.69783 0.453488
13.552 0.3 -0.012 0.52 0.301064 -0.00440916 0.52181 0.630414 -0.977721 -0.469493 -2.56237 -0.318784 1.69787 0.452542
13.553 0.3 -0.012 0.52 0.301066 -0.00438223 0.521814 0.630575 -0.977768 -0.469603 -2.56236 -0.318599 1.69792 0.451602
13.554 0.3 -0.012 0.52 0.301069 -0.00435614 0.521818 0.630734 -0.977813 -0.469711 -2.56235 -0.318422 1.69795 0.450668
13.555 0.3 -0.012 0.52 0.301071 -0.00433088 0.521822 0.630891 -0.977857 -0.469817 -2.56234 -0.318251 1.69799 0.449741
13.556 0.3 -0.012 0.52 0.301073 -0.00430644 0.521826 0.631046 -0.9779 -0.469922 -2.56232 -0.318088 1.69802 0.44882
13.557 0.3 -0.012 0.52 0.301075 -0.00428283 0.521829 0.631199 -0.977943 -0.470026 -2.56231 -0.317931 1.69805 0.447905
13.558 0.3 -0.012 0.52 0.301077 -0.00426003 0.521833 0.63135 -0.977984 -0.470128 -2.5623 -0.317782 1.69807 0.446997
13.559 0.3 -0.012 0.52 0.301078 -0.00423805 0.521837 0.631499 -0.978025 -0.470228 -2.56229 -0.31764 1.69809 0.446095
13.56 0.3 -0.012 0.52 0.30108 -0.00421688 0.52184 0.631646 -0.978065 -0.470327 -2.56227 -0.317504 1.69811 0.4452
13.561 0.3 -0.012 0.52 0.301082 -0.00419651 0.521843 0.631792 -0.978104 -0.470424 -2.56226 -0.317376 1.69813 0.444311
13.562 0.3 -0.012 0.52 0.301084 -0.00417694 0.521846 0.631935 -0.978142 -0.47052 -2.56225 -0.317254 1.69814 0.443429
13.563 0.3 -0.012 0.52 0.301086 -0.00415817 0.521849 0.632078 -0.97818 -0.470615 -2.56223 -0.31714 1.69815 0.442554
13.564 0.3 -0.012 0.52 0.301087 -0.00414019 0.521852 0.632218 -0.978216 -0.470708 -2.56221 -0.317032 1.69815 0.441686
13.565 0.3 -0.012 0.52 0.301089 -0.00412299 0.521855 0.632357 -0.978252 -0.4708 -2.5622 -0.316932 1.69815 0.440824
13.566 0.3 -0.012 0.52 0.30109 -0.00410658 0.521857 0.632494 -0.978288 -0.47089 -2.56218 -0.316838 1.69815 0.439969
13.567 0.3 -0.012 0.52 0.301092 -0.00409094 0.52186 0.63263 -0.978322 -0.470979 -2.56217 -0.316751 1.69814 0.439121
13.568 0.3 -0.012 0.52 0.301093 -0.00407608 0.521862 0.632764 -0.978356 -0.471067 -2.56215 -0.316671 1.69814 0.43828
13.569 0.3 -0.012 0.52 0.301095 -0.00406197 0.521864 0.632897 -0.978389 -0.471154 -2.56213 -0.316598 1.69812 0.437446
13.57 0.3 -0.012 0.52 0.301096 -0.00404863 0.521866 0.633029 -0.978422 -0.47124 -2.56211 -0.316531 1.69811 0.436619
13.571 0.3 -0.012 0.52 0.301097 -0.00403605 0.521868 0.633159 -0.978454 -0.471324 -2.5621 -0.316472 1.69809 0.435799
13.572 0.3 -0.012 0.52 0.301099 -0.00402421 0.52187 0.633288 -0.978485 -0.471407 -2.56208 -0.316419 1.69807 0.434985
13.573 0.3 -0.012 0.52 0.3011 -0.00401311 0.521872 0.633415 -0.978516 -0.471489 -2.56206 -0.316372 1.69805 0.434179
13.574 0.3 -0.012 0.52 0.301101 -0.00400276 0.521873 0.633541 -0.978547 -0.47157 -2.56204 -0.316333 1.69802 0.43338
13.575 0.3 -0.012 0.52 0.301102 -0.00399313 0.521875 0.633666 -0.978577 -0.47165 -2.56202 -0.3163 1.69799 0.432588
13.576 0.3 -0.012 0.52 0.301103 -0.00398423 0.521876 0.63379 -0.978606 -0.471728 -2.562 -0.316273 1.69795 0.431802
13.577 0.3 -0.012 0.52 0.301104 -0.00397606 0.521877 0.633912 -0.978635 -0.471806 -2.56198 -0.316253 1.69792 0.431024
13.578 0.3 -0.012 0.52 0.301105 -0.00396859 0.521878 0.634034 -0.978663 -0.471883 -2.56196 -0.31624 1.69788 0.430253
13.579 0.3 -0.012 0.52 0.301106 -0.00396183 0.521879 0.634154 -0.978691 -0.471958 -2.56193 -0.316233 1.69783 0.429489
13.58 0.3 -0.012 0.52 0.301107 -0.00395578 0.52188 0.634273 -0.978718 -0.472033 -2.56191 -0.316233 1.69779 0.428733
13.581 0.3 -0.012 0.52 0.301108 -0.00395042 0.521881 0.634391 -0.978746 -0.472106 -2.56189 -0.316239 1.69774 0.427983
13.582 0.3 -0.012 0.52 0.301108 -0.00394575 0.521881 0.634508 -0.978772 -0.472179 -2.56187 -0.316251 1.69769 0.42724
13.583 0.3 -0.012 0.52 0.301109 -0.00394176 0.521882 0.634625 -0.978798 -0.472251 -2.56184 -0.316269 1.69763 0.426505
13.584 0.3 -0.012 0.52 0.30111 -0.00393845 0.521882 0.63474 -0.978824 -0.472322 -2.56182 -0.316294 1.69758 0.425776
13.585 0.3 -0.012 0.52 0.30111 -0.0039358 0.521882 0.634854 -0.97885 -0.472392 -2.5618 -0.316325 1.69752 0.425055
13.586 0.3 -0.012 0.52 0.301111 -0.00393382 0.521882 0.634967 -0.978875 -0.472461 -2.56177 -0.316362 1.69745 0.424341
13.587 0.3 -0.012 0.52 0.301111 -0.0039325 0.521882 0.63508 -0.9789 -0.472529 -2.56175 -0.316406 1.69739 0.423633
13.588 0.3 -0.012 0.52 0.301112 -0.00393183 0.521882 0.635191 -0.978924 -0.472597 -2.56173 -0.316455 1.69732 0.422933
13.589 0.3 -0.012 0.52 0.301112 -0.0039318 0.521882 0.635302 -0.978949 -0.472664 -2.5617 -0.31651 1.69725 0.42224
13.59 0.3 -0.012 0.52 0.301112 -0.0039324 0.521881 0.635412 -0.978973 -0.47273 -2.56168 -0.316571 1.69717 0.421554
13.591 0.3 -0.012 0.52 0.301113 -0.00393364 0.521881 0.635521 -0.978996 -0.472795 -2.56165 -0.316639 1.6971 0.420875
13.592 0.3 -0.012 0.52 0.301113 -0.0039355 0.52188 0.635629 -0.97902 -0.472859 -2.56163 -0.316712 1.69702 0.420203
13.593 0.3 -0.012 0.52 0.301113 -0.00393797 0.521879 0.635737 -0.979043 -0.472923 -2.5616 -0.31679 1.69694 0.419539
13.594 0.3 -0.012 0.52 0.301113 -0.00394106 0.521878 0.635843 -0.979066 -0.472986 -2.56157 -0.316875 1.69685 0.418881
13.595 0.3 -0.012 0.52 0.301113 -0.00394475 0.521877 0.63595 -0.979089 -0.473048 -2.56155 -0.316965 1.69676 0.41823
13.596 0.3 -0.012 0.52 0.301113 -0.00394903 0.521876 0.636055 -0.979111 -0.473109 -2.56152 -0.317061 1.69667 0.417586
13.597 0.3 -0.012 0.52 0.301113 -0.0039539 0.521875 0.63616 -0.979133 -0.47317 -2.56149 -0.317162 1.69658 0.416949
13.598 0.3 -0.012 0.52 0.301113 -0.00395935 0.521874 0.636264 -0.979155 -0.473231 -2.56147 -0.317269 1.69649 0.416319
13.599 0.3 -0.012 0.52 0.301113 -0.00396538 0.521872 0.636368 -0.979177 -0.47329 -2.56144 -0.317381 1.69639 0.415695
13.6 0.3 -0.012 0.52 0.301113 -0.00397197 0.521871 0.63647 -0.979199 -0.473349 -2.56141 -0.317499 1.69629 0.415079
13.601 0.3 -0.012 0.52 0.301112 -0.00397913 0.521869 0.636573 -0.979221 -0.473407 -2.56138 -0.317622 1.69619 0.41447
13.602 0.3 -0.012 0.52 0.301112 -0.00398683 0.521867 0.636675 -0.979242 -0.473465 -2.56136 -0.317751 1.69609 0.413867
13.603 0.3 -0.012 0.52 0.301112 -0.00399509 0.521865 0.636776 -0.979263 -0.473522 -2.56133 -0.317884 1.69598 0.413271
13.604 0.3 -0.012 0.52 0.301111 -0.00400388 0.521863 0.636876 -0.979285 -0.473579 -2.5613 -0.318023 1.69587 0.412682
13.605 0.3 -0.012 0.52 0.301111 -0.00401321 0.521861 0.636977 -0.979306 -0.473635 -2.56127 -0.318167 1.69576 0.4121
13.606 0.3 -0.012 0.52 0.30111 -0.00402306 0.521859 0.637076 -0.979327 -0.473691 -2.56124 -0.318315 1.69565 0.411524
13.607 0.3 -0.012 0.52 0.30111 -0.00403342 0.521857 0.637175 -0.979347 -0.473745 -2.56121 -0.318469 1.69553 0.410955
13.608 0.3 -0.012 0.52 0.301109 -0.0040443 0.521854 0.637274 -0.979368 -0.4738 -2.56118 -0.318628 1.69541 0.410392
13.609 0.3 -0.012 0.52 0.301109 -0.00405569 0.521852 0.637372 -0.979389 -0.473854 -2.56115 -0.318791 1.69529 0.409837
13.61 0.3 -0.012 0.52 0.301108 -0.00406756 0.521849 0.63747 -0.979409 -0.473907 -2.56112 -0.318959 1.69517 0.409287
13.611 0.3 -0.012 0.52 0.301107 -0.00407993 0.521846 0.637567 -0.97943 -0.47396 -2.5611 -0.319132 1.69505 0.408745
13.612 0.3 -0.012 0.52 0.301106 -0.00409278 0.521843 0.637664 -0.97945 -0.474013 -2.56107 -0.31931 1.69492 0.408209
13.613 0.3 -0.012 0.52 0.301106 -0.00410611 0.52184 0.637761 -0.97947 -0.474065 -2.56104 -0.319492 1.69479 0.407679
13.614 0.3 -0.012 0.52 0.301105 -0.0041199 0.521837 0.637857 -0.979491 -0.474116 -2.56101 -0.319679 1.69466 0.407155
13.615 0.3 -0.012 0.52 0.301104 -0.00413416 0.521834 0.637953 -0.979511 -0.474167 -2.56098 -0.31987 1.69453 0.406639
13.616 0.3 -0.012 0.52 0.301103 -0.00414887 0.521831 0.638048 -0.979531 -0.474218 -2.56094 -0.320065 1.6944 0.406128
13.617 0.3 -0.012 0.52 0.301102 -0.00416402 0.521828 0.638143 -0.979551 -0.474268 -2.56091 -0.320265 1.69426 0.405624
13.618 0.3 -0.012 0.52 0.301101 -0.00417962 0.521824 0.638238 -0.979572 -0.474318 -2.56088 -0.320469 1.69412 0.405126
13.619 0.3 -0.012 0.52 0.301099 -0.00419565 0.521821 0.638332 -0.979592 -0.474368 -2.56085 -0.320677 1.69398 0.404634
13.62 0.3 -0.012 0.52 0.301098 -0.0042121 0.521817 0.638426 -0.979612 -0.474417 -2.56082 -0.32089 1.69384 0.404148
13.621 0.3 -0.012 0.52 0.301097 -0.00422897 0.521814 0.63852 -0.979632 -0.474465 -2.56079 -0.321106 1.6937 0.403668
13.622 0.3 -0.012 0.52 0.301096 -0.00424626 0.52181 0.638613 -0.979652 -0.474514 -2.56076 -0.321327 1.69355 0.403195
13.623 0.3 -0.012 0.52 0.301094 -0.00426395 0.521806 0.638706 -0.979672 -0.474562 -2.56073 -0.321551 1.69341 0.402728
13.624 0.3 -0.012 0.52 0.301093 -0.00428204 0.521802 0.638799 -0.979692 -0.474609 -2.5607 -0.321779 1.69326 0.402266
13.625 0.3 -0.012 0.52 0.301092 -0.00430051 0.521798 0.638891 -0.979712 -0.474656 -2.56067 -0.322011 1.69311 0.401811
13.626 0.3 -0.012 0.52 0.30109 -0.00431938 0.521794 0.638984 -0.979732 -0.474703 -2.56064 -0.322247 1.69296 0.401361
13.627 0.3 -0.012 0.52 0.301089 -0.00433862 0.52179 0.639076 -0.979753 -0.47475 -2.5606 -0.322486 1.6928 0.400917
13.628 0.3 -0.012 0.52 0.301087 -0.00435823 0.521786 0.639167 -0.979773 -0.474796 -2.56057 -0.322729 1.69265 0.400479
13.629 0.3 -0.012 0.52 0.301085 -0.0043782 0.521781 0.639259 -0.979793 -0.474842 -2.56054 -0.322976 1.69249 0.400047
13.63 0.3 -0.012 0.52 0.301084 -0.00439853 0.521777 0.63935 -0.979813 -0.474888 -2.56051 -0.323226 1.69234 0.399621
13.631 0.3 -0.012 0.52 0.301082 -0.00441921 0.521772 0.639441 -0.979833 -0.474933 -2.56048 -0.323479 1.69218 0.3992
13.632 0.3 -0.012 0.52 0.30108 -0.00444023 0.521768 0.639532 -0.979854 -0.474978 -2.56045 -0.323736 1.69202 0.398785
13.633 0.3 -0.012 0.52 0.301079 -0.00446159 0.521763 0.639622 -0.979874 -0.475023 -2.56041 -0.323996 1.69185 0.398375
13.634 0.3 -0.012 0.52 0.301077 -0.00448328 0.521758 0.639712 -0.979894 -0.475067 -2.56038 -0.324259 1.69169 0.397971
13.635 0.3 -0.012 0.52 0.301075 -0.0045053 0.521754 0.639803 -0.979914 -0.475111 -2.56035 -0.324526 1.69153 0.397573
13.636 0.3 -0.012 0.52 0.301073 -0.00452763 0.521749 0.639892 -0.979935 -0.475155 -2.56032 -0.324795 1.69136 0.39718
13.637 0.3 -0.012 0.52 0.301071 -0.00455027 0.521744 0.639982 -0.979955 -0.475199 -2.56029 -0.325068 1.69119 0.396792
13.638 0.3 -0.012 0.52 0.301069 -0.00457321 0.521739 0.640072 -0.979976 -0.475242 -2.56025 -0.325343 1.69102 0.396409
13.639 0.3 -0.012 0.52 0.301067 -0.00459645 0.521734 0.640161 -0.979996 -0.475285 -2.56022 -0.325621 1.69085 0.396032
13.64 0.3 -0.012 0.52 0.301065 -0.00461998 0.521729 0.64025 -0.980017 -0.475328 -2.56019 -0.325903 1.69068 0.39566
13.641 0.3 -0.012 0.52 0.301063 -0.0046438 0.521724 0.640339 -0.980038 -0.47537 -2.56016 -0.326186 1.69051 0.395294
13.642 0.3 -0.012 0.52 0.301061 -0.00466789 0.521718 0.640428 -0.980058 -0.475413 -2.56013 -0.326473 1.69034 0.394932
13.643 0.3 -0.012 0.52 0.301059 -0.00469225 0.521713 0.640516 -0.980079 -0.475455 -2.56009 -0.326762 1.69016 0.394575
13.644 0.3 -0.012 0.52 0.301057 -0.00471688 0.521708 0.640604 -0.9801 -0.475497 -2.56006 -0.327054 1.68999 0.394224
13.645 0.3 -0.012 0.52 0.301054 -0.00474177 0.521702 0.640693 -0.980121 -0.475538 -2.56003 -0.327348 1.68981 0.393877
13.646 0.3 -0.012 0.52 0.301052 -0.00476691 0.521697 0.640781 -0.980142 -0.47558 -2.56 -0.327645 1.68963 0.393536
13.647 0.3 -0.012 0.52 0.30105 -0.0047923 0.521691 0.640869 -0.980163 -0.475621 -2.55997 -0.327944 1.68945 0.393199
13.648 0.3 -0.012 0.52 0.301047 -0.00481793 0.521685 0.640956 -0.980184 -0.475662 -2.55993 -0.328246 1.68927 0.392867
13.649 0.3 -0.012 0.52 0.301045 -0.0048438 0.52168 0.641044 -0.980205 -0.475703 -2.5599 -0.328549 1.68909 0.39254
13.65 0.3 -0.012 0.52 0.301043 -0.00486989 0.521674 0.641131 -0.980226 -0.475743 -2.55987 -0.328855 1.68891 0.392217
13.651 0.3 -0.012 0.52 0.30104 -0.0048962 0.521668 0.641218 -0.980247 -0.475783 -2.55984 -0.329163 1.68873 0.391899
13.652 0.3 -0.012 0.52 0.301038 -0.00492274 0.521663 0.641305 -0.980269 -0.475824 -2.55981 -0.329473 1.68855 0.391586
13.653 0.3 -0.012 0.52 0.301035 -0.00494948 0.521657 0.641392 -0.98029 -0.475864 -2.55977 -0.329786 1.68836 0.391278
13.654 0.3 -0.012 0.52 0.301033 -0.00497643 0.521651 0.641479 -0.980312 -0.475903 -2.55974 -0.3301 1.68818 0.390973
13.655 0.3 -0.012 0.52 0.30103 -0.00500357 0.521645 0.641566 -0.980333 -0.475943 -2.55971 -0.330416 1.68799 0.390674
13.656 0.3 -0.012 0.52 0.301027 -0.00503091 0.521639 0.641652 -0.980355 -0.475982 -2.55968 -0.330734 1.68781 0.390378
13.657 0.3 -0.012 0.52 0.301025 -0.00505844 0.521633 0.641738 -0.980376 -0.476022 -2.55965 -0.331053 1.68762 0.390087
13.658 0.3 -0.012 0.52 0.301022 -0.00508615 0.521627 0.641824 -0.980398 -0.476061 -2.55961 -0.331375 1.68743 0.389801
13.659 0.3 -0.012 0.52 0.301019 -0.00511404 0.52162 0.64191 -0.98042 -0.476099 -2.55958 -0.331698 1.68724 0.389518
13.66 0.3 -0.012 0.52 0.301017 -0.0051421 0.521614 0.641996 -0.980442 -0.476138 -2.55955 -0.332023 1.68705 0.38924
13.661 0.3 -0.012 0.52 0.301014 -0.00517032 0.521608 0.642082 -0.980464 -0.476177 -2.55952 -0.332349 1.68686 0.388966
13.662 0.3 -0.012 0.52 0.301011 -0.00519871 0.521602 0.642168 -0.980486 -0.476215 -2.55949 -0.332677 1.68667 0.388696
13.663 0.3 -0.012 0.52 0.301008 -0.00522725 0.521595 0.642253 -0.980508 -0.476253 -2.55946 -0.333006 1.68648 0.388431
13.664 0.3 -0.012 0.52 0.301006 -0.00525593 0.521589 0.642338 -0.98053 -0.476291 -2.55942 -0.333337 1.68629 0.388169
13.665 0.3 -0.012 0.52 0.301003 -0.00528477 0.521583 0.642423 -0.980552 -0.476329 -2.55939 -0.333669 1.6861 0.387911
13.666 0.3 -0.012 0.52 0.301 -0.00531374 0.521576 0.642508 -0.980574 -0.476367 -2.55936 -0.334002 1.68591 0.387657
13.667 0.3 -0.012 0.52 0.300997 -0.00534285 0.52157 0.642593 -0.980596 -0.476404 -2.55933 -0.334336 1.68571 0.387407
13.668 0.3 -0.012 0.52 0.300994 -0.00537208 0.521563 0.642678 -0.980619 -0.476441 -2.5593 -0.334672 1.68552 0.38716
13.669 0.3 -0.012 0.52 0.300991 -0.00540144 0.521557 0.642762 -0.980641 -0.476479 -2.55927 -0.335009 1.68533 0.386918
13.67 0.3 -0.012 0.52 0.300988 -0.00543092 0.52155 0.642847 -0.980664 -0.476516 -2.55924 -0.335347 1.68513 0.386679
13.671 0.3 -0.012 0.52 0.300985 -0.00546051 0.521544 0.642931 -0.980686 -0.476553 -2.55921 -0.335686 1.68494 0.386444
13.672 0.3 -0.012 0.52 0.300982 -0.00549021 0.521537 0.643015 -0.980709 -0.476589 -2.55918 -0.336026 1.68474 0.386212
13.673 0.3 -0.012 0.52 0.300979 -0.00552002 0.52153 0.643099 -0.980731 -0.476626 -2.55914 -0.336367 1.68455 0.385984
13.674 0.3 -0.012 0.52 0.300976 -0.00554993 0.521524 0.643183 -0.980754 -0.476662 -2.55911 -0.336709 1.68435 0.385759
13.675 0.3 -0.012 0.52 0.300973 -0.00557993 0.521517 0.643266 -0.980777 -0.476699 -2.55908 -0.337052 1.68415 0.385538
13.676 0.3 -0.012 0.52 0.30097 -0.00561002 0.52151 0.64335 -0.980799 -0.476735 -2.55905 -0.337395 1.68396 0.385321
13.677 0.3 -0.012 0.52 0.300966 -0.00564019 0.521504 0.643433 -0.980822 -0.476771 -2.55902 -0.337739 1.68376 0.385106
13.678 0.3 -0.012 0.52 0.300963 -0.00567045 0.521497 0.643516 -0.980845 -0.476807 -2.55899 -0.338084 1.68357 0.384895
13.679 0.3 -0.012 0.52 0.30096 -0.00570079 0.52149 0.643599 -0.980868 -0.476843 -2.55896 -0.33843 1.68337 0.384688
13.68 0.3 -0.012 0.52 0.300957 -0.00573119 0.521483 0.643682 -0.980891 -0.476878 -2.55893 -0.338776 1.68317 0.384483
13.681 0.3 -0.012 0.52 0.300954 -0.00576167 0.521476 0.643765 -0.980914 -0.476914 -2.5589 -0.339123 1.68297 0.384282
13.682 0.3 -0.012 0.52 0.30095 -0.00579221 0.52147 0.643847 -0.980937 -0.476949 -2.55887 -0.33947 1.68278 0.384084
13.683 0.3 -0.012 0.52 0.300947 -0.0058228 0.521463 0.643929 -0.98096 -0.476984 -2.55884 -0.339817 1.68258 0.383889
13.684 0.3 -0.012 0.52 0.300944 -0.00585346 0.521456 0.644012 -0.980983 -0.477019 -2.55881 -0.340166 1.68238 0.383697
13.685 0.3 -0.012 0.52 0.300941 -0.00588416 0.521449 0.644094 -0.981006 -0.477054 -2.55878 -0.340514 1.68218 0.383508
13.686 0.3 -0.012 0.52 0.300937 -0.00591491 0.521442 0.644175 -0.981029 -0.477089 -2.55875 -0.340863 1.68198 0.383322
13.687 0.3 -0.012 0.52 0.300934 -0.0059457 0.521435 0.644257 -0.981053 -0.477123 -2.55872 -0.341212 1.68179 0.383139
13.688 0.3 -0.012 0.52 0.300931 -0.00597653 0.521428 0.644339 -0.981076 -0.477158 -2.55869 -0.341561 1.68159 0.382958
13.689 0.3 -0.012 0.52 0.300927 -0.0060074 0.521421 0.64442 -0.981099 -0.477192 -2.55866 -0.341911 1.68139 0.382781
13.69 0.3 -0.012 0.52 0.300924 -0.0060383 0.521414 0.644501 -0.981122 -0.477227 -2.55863 -0.342261 1.68119 0.382606
13.691 0.3 -0.012 0.52 0.300921 -0.00606922 0.521407 0.644582 -0.981146 -0.477261 -2.55861 -0.342611 1.68099 0.382434
13.692 0.3 -0.012 0.52 0.300917 -0.00610017 0.5214 0.644663 -0.981169 -0.477295 -2.55858 -0.342961 1.6808 0.382265
13.693 0.3 -0.012 0.52 0.300914 -0.00613114 0.521393 0.644743 -0.981193 -0.477329 -2.55855 -0.343311 1.6806 0.382099
13.694 0.3 -0.012 0.52 0.30091 -0.00616213 0.521386 0.644824 -0.981216 -0.477362 -2.55852 -0.343661 1.6804 0.381935
13.695 0.3 -0.012 0.52 0.300907 -0.00619312 0.521379 0.644904 -0.981239 -0.477396 -2.55849 -0.344011 1.6802 0.381773
13.696 0.3 -0.012 0.52 0.300903 -0.00622413 0.521372 0.644984 -0.981263 -0.477429 -2.55846 -0.344361 1.68 0.381615
13.697 0.3 -0.012 0.52 0.3009 -0.00625514 0.521365 0.645064 -0.981286 -0.477463 -2.55843 -0.344711 1.67981 0.381458
13.698 0.3 -0.012 0.52 0.300897 -0.00628616 0.521358 0.645143 -0.98131 -0.477496 -2.55841 -0.345061 1.67961 0.381304
13.699 0.3 -0.012 0.52 0.300893 -0.00631717 0.521351 0.645223 -0.981333 -0.477529 -2.55838 -0.345411 1.67941 0.381153
13.7 0.3 -0.012 0.52 0.30089 -0.00634818 0.521344 0.645302 -0.981357 -0.477562 -2.55835 -0.34576 1.67921 0.381004
13.701 0.3 -0.012 0.52 0.300886 -0.00637918 0.521337 0.645381 -0.98138 -0.477595 -2.55832 -0.346109 1.67902 0.380857
13.702 0.3 -0.012 0.52 0.300883 -0.00641017 0.52133 0.64546 -0.981404 -0.477628 -2.55829 -0.346458 1.67882 0.380713
13.703 0.3 -0.012 0.52 0.300879 -0.00644114 0.521323 0.645539 -0.981427 -0.47766 -2.55827 -0.346807 1.67862 0.380571
13.704 0.3 -0.012 0.52 0.300876 -0.0064721 0.521316 0.645617 -0.981451 -0.477693 -2.55824 -0.347155 1.67843 0.380431
13.705 0.3 -0.012 0.52 0.300872 -0.00650303 0.521309 0.645695 -0.981474 -0.477725 -2.55821 -0.347503 1.67823 0.380293
13.706 0.3 -0.012 0.52 0.300869 -0.00653395 0.521302 0.645773 -0.981498 -0.477757 -2.55818 -0.347851 1.67804 0.380157
13.707 0.3 -0.012 0.52 0.300865 -0.00656484 0.521295 0.645851 -0.981521 -0.477789 -2.55816 -0.348198 1.67784 0.380024
13.708 0.3 -0.012 0.52 0.300861 -0.00659569 0.521288 0.645929 -0.981545 -0.477821 -2.55813 -0.348544 1.67764 0.379892
13.709 0.3 -0.012 0.52 0.300858 -0.00662652 0.521281 0.646006 -0.981568 -0.477853 -2.5581 -0.348891 1.67745 0.379763
13.71 0.3 -0.012 0.52 0.300854 -0.00665731 0.521274 0.646083 -0.981592 -0.477885 -2.55807 -0.349236 1.67725 0.379635
13.711 0.3 -0.012 0.52 0.300851 -0.00668806 0.521267 0.64616 -0.981615 -0.477916 -2.55805 -0.349581 1.67706 0.37951
13.712 0.3 -0.012 0.52 0.300847 -0.00671878 0.52126 0.646237 -0.981638 -0.477948 -2.55802 -0.349926 1.67687 0.379386
13.713 0.3 -0.012 0.52 0.300844 -0.00674945 0.521253 0.646313 -0.981662 -0.477979 -2.55799 -0.35027 1.67667 0.379265
13.714 0.3 -0.012 0.52 0.30084 -0.00678007 0.521246 0.646389 -0.981685 -0.47801 -2.55797 -0.350613 1.67648 0.379145
13.715 0.3 -0.012 0.52 0.300837 -0.00681065 0.521239 0.646465 -0.981709 -0.478041 -2.55794 -0.350956 1.67629 0.379027
13.716 0.3 -0.012 0.52 0.300833 -0.00684117 0.521232 0.646541 -0.981732 -0.478072 -2.55792 -0.351298 1.67609 0.378911
13.717 0.3 -0.012 0.52 0.300829 -0.00687164 0.521225 0.646616 -0.981755 -0.478103 -2.55789 -0.351639 1.6759 0.378797
13.718 0.3 -0.012 0.52 0.300826 -0.00690206 0.521218 0.646692 -0.981779 -0.478134 -2.55786 -0.35198 1.67571 0.378684
13.719 0.3 -0.012 0.52 0.300822 -0.00693242 0.521211 0.646767 -0.981802 -0.478164 -2.55784 -0.35232 1.67552 0.378573
13.72 0.3 -0.012 0.52 0.300819 -0.00696272 0.521204 0.646842 -0.981825 -0.478194 -2.55781 -0.352659 1.67533 0.378464
13.721 0.3 -0.012 0.52 0.300815 -0.00699295 0.521197 0.646916 -0.981849 -0.478225 -2.55779 -0.352997 1.67514 0.378357
13.722 0.3 -0.012 0.52 0.300811 -0.00702313 0.52119 0.64699 -0.981872 -0.478255 -2.55776 -0.353334 1.67495 0.378251
13.723 0.3 -0.012 0.52 0.300808 -0.00705323 0.521184 0.647064 -0.981895 -0.478285 -2.55774 -0.353671 1.67476 0.378146
13.724 0.3 -0.012 0.52 0.300804 -0.00708327 0.521177 0.647138 -0.981918 -0.478315 -2.55771 -0.354006 1.67457 0.378043
13.725 0.3 -0.012 0.52 0.300801 -0.00711323 0.52117 0.647212 -0.981941 -0.478345 -2.55769 -0.354341 1.67438 0.377942
13.726 0.3 -0.012 0.52 0.300797 -0.00714312 0.521163 0.647285 -0.981964 -0.478374 -2.55766 -0.354675 1.67419 0.377842
13.727 0.3 -0.012 0.52 0.300794 -0.00717294 0.521156 0.647358 -0.981987 -0.478404 -2.55764 -0.355008 1.67401 0.377744
13.728 0.3 -0.012 0.52 0.30079 -0.00720268 0.521149 0.647431 -0.98201 -0.478433 -2.55761 -0.35534 1.67382 0.377647
13.729 0.3 -0.012 0.52 0.300786 -0.00723234 0.521142 0.647503 -0.982033 -0.478462 -2.55759 -0.355671 1.67363 0.377552
13.73 0.3 -0.012 0.52 0.300783 -0.00726192 0.521136 0.647576 -0.982056 -0.478492 -2.55756 -0.356001 1.67345 0.377457
13.731 0.3 -0.012 0.52 0.300779 -0.00729142 0.521129 0.647648 -0.982079 -0.478521 -2.55754 -0.35633 1.67326 0.377365
13.732 0.3 -0.012 0.52 0.300776 -0.00732083 0.521122 0.647719 -0.982102 -0.478549 -2.55752 -0.356658 1.67308 0.377273
13.733 0.3 -0.012 0.52 0.300772 -0.00735016 0.521115 0.647791 -0.982124 -0.478578 -2.55749 -0.356985 1.67289 0.377183
13.734 0.3 -0.012 0.52 0.300768 -0.0073794 0.521109 0.647862 -0.982147 -0.478607 -2.55747 -0.35731 1.67271 0.377094
13.735 0.3 -0.012 0.52 0.300765 -0.00740855 0.521102 0.647933 -0.98217 -0.478635 -2.55744 -0.357635 1.67252 0.377007
13.736 0.3 -0.012 0.52 0.300761 -0.00743761 0.521095 0.648004 -0.982192 -0.478664 -2.55742 -0.357959 1.67234 0.37692
13.737 0.3 -0.012 0.52 0.300758 -0.00746658 0.521088 0.648074 -0.982215 -0.478692 -2.5574 -0.358281 1.67216 0.376835
13.738 0.3 -0.012 0.52 0.300754 -0.00749545 0.521082 0.648144 -0.982237 -0.47872 -2.55737 -0.358603 1.67198 0.376751
13.739 0.3 -0.012 0.52 0.300751 -0.00752423 0.521075 0.648214 -0.98226 -0.478748 -2.55735 -0.358923 1.6718 0.376669
13.74 0.3 -0.012 0.52 0.300747 -0.00755291 0.521069 0.648283 -0.982282 -0.478776 -2.55733 -0.359242 1.67162 0.376587
13.741 0.3 -0.012 0.52 0.300744 -0.00758149 0.521062 0.648353 -0.982304 -0.478803 -2.5573 -0.35956 1.67144 0.376506
13.742 0.3 -0.012 0.52 0.30074 -0.00760997 0.521055 0.648422 -0.982327 -0.478831 -2.55728 -0.359876 1.67126 0.376427
13.743 0.3 -0.012 0.52 0.300737 -0.00763836 0.521049 0.64849 -0.982349 -0.478859 -2.55726 -0.360192 1.67108 0.376348
13.744 0.3 -0.012 0.52 0.300733 -0.00766663 0.521042 0.648559 -0.982371 -0.478886 -2.55724 -0.360506 1.6709 0.376271
13.745 0.3 -0.012 0.52 0.300729 -0.00769481 0.521036 0.648627 -0.982393 -0.478913 -2.55721 -0.360819 1.67073 0.376195
13.746 0.3 -0.012 0.52 0.300726 -0.00772288 0.521029 0.648695 -0.982415 -0.47894 -2.55719 -0.361131 1.67055 0.376119
13.747 0.3 -0.012 0.52 0.300722 -0.00775085 0.521023 0.648762 -0.982437 -0.478967 -2.55717 -0.361441 1.67037 0.376045
13.748 0.3 -0.012 0.52 0.300719 -0.0077787 0.521016 0.648829 -0.982459 -0.478994 -2.55715 -0.361751 1.6702 0.375972
13.749 0.3 -0.012 0.52 0.300715 -0.00780645 0.52101 0.648896 -0.98248 -0.47902 -2.55713 -0.362059 1.67003 0.375899
13.75 0.3 -0.012 0.52 0.300712 -0.0078341 0.521003 0.648963 -0.982502 -0.479047 -2.5571 -0.362365 1.66985 0.375828
13.751 0.3 -0.012 0.52 0.300709 -0.00786163 0.520997 0.649029 -0.982524 -0.479073 -2.55708 -0.362671 1.66968 0.375757
13.752 0.3 -0.012 0.52 0.300705 -0.00788905 0.520991 0.649095 -0.982545 -0.4791 -2.55706 -0.362975 1.66951 0.375687
13.753 0.3 -0.012 0.52 0.300702 -0.00791635 0.520984 0.649161 -0.982567 -0.479126 -2.55704 -0.363277 1.66933 0.375618
13.754 0.3 -0.012 0.52 0.300698 -0.00794355 0.520978 0.649227 -0.982588 -0.479152 -2.55702 -0.363579 1.66916 0.37555
13.755 0.3 -0.012 0.52 0.300695 -0.00797063 0.520972 0.649292 -0.982609 -0.479178 -2.557 -0.363879 1.66899 0.375483
13.756 0.3 -0.012 0.52 0.300691 -0.00799759 0.520965 0.649357 -0.98263 -0.479203 -2.55698 -0.364178 1.66882 0.375416
13.757 0.3 -0.012 0.52 0.300688 -0.00802444 0.520959 0.649421 -0.982652 -0.479229 -2.55696 -0.364475 1.66866 0.375351
13.758 0.3 -0.012 0.52 0.300684 -0.00805117 0.520953 0.649485 -0.982673 -0.479254 -2.55693 -0.364771 1.66849 0.375286
13.759 0.3 -0.012 0.52 0.300681 -0.00807779 0.520947 0.649549 -0.982694 -0.47928 -2.55691 -0.365065 1.66832 0.375222
13.76 0.3 -0.012 0.52 0.300678 -0.00810429 0.520941 0.649613 -0.982714 -0.479305 -2.55689 -0.365359 1.66815 0.375158
13.761 0.3 -0.012 0.52 0.300674 -0.00813066 0.520935 0.649676 -0.982735 -0.47933 -2.55687 -0.36565 1.66799 0.375096
13.762 0.3 -0.012 0.52 0.300671 -0.00815692 0.520928 0.64974 -0.982756 -0.479355 -2.55685 -0.365941 1.66782 0.375034
13.763 0.3 -0.012 0.52 0.300667 -0.00818306 0.520922 0.649802 -0.982777 -0.47938 -2.55683 -0.36623 1.66766 0.374973
13.764 0.3 -0.012 0.52 0.300664 -0.00820908 0.520916 0.649865 -0.982797 -0.479404 -2.55681 -0.366518 1.66749 0.374912
13.765 0.3 -0.012 0.52 0.300661 -0.00823498 0.52091 0.649927 -0.982818 -0.479429 -2.55679 -0.366804 1.66733 0.374852
13.766 0.3 -0.012 0.52 0.300657 -0.00826075 0.520904 0.649989 -0.982838 -0.479453 -2.55677 -0.367089 1.66717 0.374793
13.767 0.3 -0.012 0.52 0.300654 -0.0082864 0.520898 0.65005 -0.982858 -0.479478 -2.55675 -0.367372 1.66701 0.374734
13.768 0.3 -0.012 0.52 0.300651 -0.00831193 0.520892 0.650111 -0.982878 -0.479502 -2.55673 -0.367654 1.66685 0.374676
13.769 0.3 -0.012 0.52 0.300647 -0.00833734 0.520886 0.650172 -0.982898 -0.479526 -2.55671 -0.367934 1.66669 0.374619
13.77 0.3 -0.012 0.52 0.300644 -0.00836262 0.520881 0.650233 -0.982918 -0.47955 -2.55669 -0.368213 1.66653 0.374562
13.771 0.3 -0.012 0.52 0.300641 -0.00838778 0.520875 0.650293 -0.982938 -0.479573 -2.55668 -0.368491 1.66637 0.374506
13.772 0.3 -0.012 0.52 0.300638 -0.00841281 0.520869 0.650353 -0.982958 -0.479597 -2.55666 -0.368767 1.66621 0.37445
13.773 0.3 -0.012 0.52 0.300634 -0.00843772 0.520863 0.650413 -0.982978 -0.479621 -2.55664 -0.369042 1.66605 0.374395
13.774 0.3 -0.012 0.52 0.300631 -0.0084625 0.520857 0.650472 -0.982997 -0.479644 -2.55662 -0.369315 1.6659 0.37434
13.775 0.3 -0.012 0.52 0.300628 -0.00848716 0.520851 0.650531 -0.983017 -0.479667 -2.5566 -0.369587 1.66574 0.374286
13.776 0.3 -0.012 0.52 0.300625 -0.00851169 0.520846 0.65059 -0.983036 -0.47969 -2.55658 -0.369857 1.66559 0.374233
13.777 0.3 -0.012 0.52 0.300621 -0.0085361 0.52084 0.650649 -0.983055 -0.479713 -2.55656 -0.370126 1.66543 0.37418
13.778 0.3 -0.012 0.52 0.300618 -0.00856037 0.520834 0.650707 -0.983075 -0.479736 -2.55654 -0.370394 1.66528 0.374127
13.779 0.3 -0.012 0.52 0.300615 -0.00858452 0.520829 0.650764 -0.983094 -0.479759 -2.55653 -0.37066 1.66513 0.374075
13.78 0.3 -0.012 0.52 0.300612 -0.00860855 0.520823 0.650822 -0.983113 -0.479781 -2.55651 -0.370924 1.66498 0.374023
13.781 0.3 -0.012 0.52 0.300609 -0.00863244 0.520818 0.650879 -0.983132 -0.479804 -2.55649 -0.371187 1.66483 0.373972
13.782 0.3 -0.012 0.52 0.300605 -0.00865621 0.520812 0.650936 -0.98315 -0.479826 -2.55647 -0.371449 1.66468 0.373922
13.783 0.3 -0.012 0.52 0.300602 -0.00867985 0.520806 0.650993 -0.983169 -0.479848 -2.55645 -0.371709 1.66453 0.373871
13.784 0.3 -0.012 0.52 0.300599 -0.00870337 0.520801 0.651049 -0.983188 -0.47987 -2.55643 -0.371967 1.66438 0.373822
13.785 0.3 -0.012 0.52 0.300596 -0.00872675 0.520795 0.651105 -0.983206 -0.479892 -2.55642 -0.372225 1.66423 0.373772
13.786 0.3 -0.012 0.52 0.300593 -0.00875001 0.52079 0.65116 -0.983225 -0.479914 -2.5564 -0.37248 1.66408 0.373723
13.787 0.3 -0.012 0.52 0.30059 -0.00877314 0.520785 0.651216 -0.983243 -0.479936 -2.55638 -0.372734 1.66394 0.373675
13.788 0.3 -0.012 0.52 0.300587 -0.00879614 0.520779 0.651271 -0.983261 -0.479957 -2.55636 -0.372987 1.66379 0.373626
13.789 0.3 -0.012 0.52 0.300584 -0.00881902 0.520774 0.651325 -0.983279 -0.479979 -2.55635 -0.373238 1.66365 0.373579
13.79 0.3 -0.012 0.52 0.300581 -0.00884176 0.520769 0.65138 -0.983297 -0.48 -2.55633 -0.373488 1.6635 0.373531
13.791 0.3 -0.012 0.52 0.300578 -0.00886438 0.520763 0.651434 -0.983315 -0.480021 -2.55631 -0.373736 1.66336 0.373484
13.792 0.3 -0.012 0.52 0.300575 -0.00888687 0.520758 0.651488 -0.983333 -0.480042 -2.5563 -0.373983 1.66322 0.373437
13.793 0.3 -0.012 0.52 0.300572 -0.00890923 0.520753 0.651541 -0.983351 -0.480063 -2.55628 -0.374229 1.66307 0.373391
13.794 0.3 -0.012 0.52 0.300569 -0.00893146 0.520748 0.651594 -0.983368 -0.480084 -2.55626 -0.374473 1.66293 0.373345
13.795 0.3 -0.012 0.52 0.300566 -0.00895357 0.520742 0.651647 -0.983386 -0.480104 -2.55625 -0.374715 1.66279 0.373299
13.796 0.3 -0.012 0.52 0.300563 -0.00897554 0.520737 0.6517 -0.983403 -0.480125 -2.55623 -0.374956 1.66265 0.373254
13.797 0.3 -0.012 0.52 0.30056 -0.00899739 0.520732 0.651752 -0.98342 -0.480145 -2.55621 -0.375195 1.66252 0.373209
13.798 0.3 -0.012 0.52 0.300557 -0.00901911 0.520727 0.651804 -0.983437 -0.480166 -2.5562 -0.375433 1.66238 0.373164
13.799 0.3 -0.012 0.52 0.300554 -0.00904071 0.520722 0.651856 -0.983454 -0.480186 -2.55618 -0.37567 1.66224 0.37312
13.8 0.3 -0.012 0.52 0.300551 -0.00906217 0.520717 0.651907 -0.983471 -0.480206 -2.55616 -0.375905 1.6621 0.373076
13.801 0.3 -0.012 0.52 0.300548 -0.00908351 0.520712 0.651958 -0.983488 -0.480226 -2.55615 -0.376139 1.66197 0.373032
13.802 0.3 -0.012 0.52 0.300545 -0.00910472 0.520707 0.652009 -0.983505 -0.480245 -2.55613 -0.376371 1.66183 0.372988
13.803 0.3 -0.012 0.52 0.300542 -0.00912581 0.520702 0.652059 -0.983521 -0.480265 -2.55612 -0.376602 1.6617 0.372945
13.804 0.3 -0.012 0.52 0.300539 -0.00914677 0.520697 0.652109 -0.983538 -0.480285 -2.5561 -0.376831 1.66157 0.372902
13.805 0.3 -0.012 0.52 0.300536 -0.0091676 0.520692 0.652159 -0.983554 -0.480304 -2.55608 -0.377059 1.66143 0.372859
13.806 0.3 -0.012 0.52 0.300534 -0.00918831 0.520687 0.652209 -0.983571 -0.480323 -2.55607 -0.377285 1.6613 0.372817
13.807 0.3 -0.012 0.52 0.300531 -0.00920889 0.520683 0.652258 -0.983587 -0.480342 -2.55605 -0.37751 1.66117 0.372775
13.808 0.3 -0.012 0.52 0.300528 -0.00922934 0.520678 0.652307 -0.983603 -0.480362 -2.55604 -0.377734 1.66104 0.372733
13.809 0.3 -0.012 0.52 0.300525 -0.00924967 0.520673 0.652355 -0.983619 -0.48038 -2.55602 -0.377956 1.66091 0.372691
13.81 0.3 -0.012 0.52 0.300522 -0.00926987 0.520668 0.652404 -0.983635 -0.480399 -2.55601 -0.378177 1.66078 0.37265
13.811 0.3 -0.012 0.52 0.30052 -0.00928995 0.520664 0.652452 -0.98365 -0.480418 -2.55599 -0.378396 1.66065 0.372608
13.812 0.3 -0.012 0.52 0.300517 -0.0093099 0.520659 0.652499 -0.983666 -0.480436 -2.55598 -0.378614 1.66053 0.372568
13.813 0.3 -0.012 0.52 0.300514 -0.00932973 0.520654 0.652547 -0.983682 -0.480455 -2.55596 -0.37883 1.6604 0.372527
13.814 0.3 -0.012 0.52 0.300511 -0.00934944 0.52065 0.652594 -0.983697 -0.480473 -2.55595 -0.379045 1.66027 0.372486
13.815 0.3 -0.012 0.52 0.300509 -0.00936902 0.520645 0.652641 -0.983712 -0.480491 -2.55593 -0.379259 1.66015 0.372446
13.816 0.3 -0.012 0.52 0.300506 -0.00938848 0.520641 0.652687 -0.983728 -0.48051 -2.55592 -0.379471 1.66002 0.372406
13.817 0.3 -0.012 0.52 0.300503 -0.00940782 0.520636 0.652734 -0.983743 -0.480528 -2.5559 -0.379682 1.6599 0.372366
13.818 0.3 -0.012 0.52 0.300501 -0.00942703 0.520631 0.65278 -0.983758 -0.480545 -2.55589 -0.379891 1.65978 0.372326
13.819 0.3 -0.012 0.52 0.300498 -0.00944612 0.520627 0.652825 -0.983773 -0.480563 -2.55587 -0.380099 1.65965 0.372287
13.82 0.3 -0.012 0.52 0.300495 -0.00946509 0.520623 0.652871 -0.983788 -0.480581 -2.55586 -0.380306 1.65953 0.372248
13.821 0.3 -0.012 0.52 0.300493 -0.00948394 0.520618 0.652916 -0.983802 -0.480598 -2.55585 -0.380511 1.65941 0.372209
13.822 0.3 -0.012 0.52 0.30049 -0.00950266 0.520614 0.652961 -0.983817 -0.480616 -2.55583 -0.380715 1.65929 0.37217
13.823 0.3 -0.012 0.52 0.300488 -0.00952127 0.520609 0.653005 -0.983831 -0.480633 -2.55582 -0.380918 1.65917 0.372131
13.824 0.3 -0.012 0.52 0.300485 -0.00953975 0.520605 0.653049 -0.983846 -0.48065 -2.5558 -0.381119 1.65905 0.372093
13.825 0.3 -0.012 0.52 0.300482 -0.00955812 0.520601 0.653093 -0.98386 -0.480667 -2.55579 -0.381318 1.65894 0.372054
13.826 0.3 -0.012 0.52 0.30048 -0.00957637 0.520597 0.653137 -0.983874 -0.480684 -2.55578 -0.381517 1.65882 0.372016
13.827 0.3 -0.012 0.52 0.300477 -0.00959449 0.520592 0.65318 -0.983888 -0.480701 -2.55576 -0.381714 1.6587 0.371978
13.828 0.3 -0.012 0.52 0.300475 -0.0096125 0.520588 0.653223 -0.983902 -0.480718 -2.55575 -0.38191 1.65859 0.371941
13.829 0.3 -0.012 0.52 0.300472 -0.00963039 0.520584 0.653266 -0.983916 -0.480734 -2.55573 -0.382104 1.65847 0.371903
13.83 0.3 -0.012 0.52 0.30047 -0.00964817 0.52058 0.653309 -0.98393 -0.480751 -2.55572 -0.382297 1.65836 0.371866
13.831 0.3 -0.012 0.52 0.300467 -0.00966582 0.520576 0.653351 -0.983944 -0.480767 -2.55571 -0.382489 1.65824 0.371828
13.832 0.3 -0.012 0.52 0.300465 -0.00968336 0.520571 0.653393 -0.983957 -0.480783 -2.55569 -0.382679 1.65813 0.371791
13.833 0.3 -0.012 0.52 0.300462 -0.00970079 0.520567 0.653435 -0.983971 -0.4808 -2.55568 -0.382868 1.65802 0.371754
13.834 0.3 -0.012 0.52 0.30046 -0.00971809 0.520563 0.653476 -0.983984 -0.480816 -2.55567 -0.383056 1.65791 0.371718
13.835 0.3 -0.012 0.52 0.300457 -0.00973528 0.520559 0.653518 -0.983997 -0.480832 -2.55565 -0.383243 1.6578 0.371681
13.836 0.3 -0.012 0.52 0.300455 -0.00975236 0.520555 0.653559 -0.984011 -0.480847 -2.55564 -0.383428 1.65769 0.371645
13.837 0.3 -0.012 0.52 0.300453 -0.00976932 0.520551 0.653599 -0.984024 -0.480863 -2.55563 -0.383612 1.65758 0.371608
13.838 0.3 -0.012 0.52 0.30045 -0.00978617 0.520547 0.65364 -0.984037 -0.480879 -2.55562 -0.383794 1.65747 0.371572
13.839 0.3 -0.012 0.52 0.300448 -0.00980291 0.520544 0.65368 -0.98405 -0.480894 -2.5556 -0.383976 1.65736 0.371536
13.84 0.3 -0.012 0.52 0.300446 -0.00981953 0.52054 0.65372 -0.984062 -0.48091 -2.55559 -0.384156 1.65725 0.371501
13.841 0.3 -0.012 0.52 0.300443 -0.00983604 0.520536 0.653759 -0.984075 -0.480925 -2.55558 -0.384335 1.65715 0.371465
13.842 0.3 -0.012 0.52 0.300441 -0.00985244 0.520532 0.653799 -0.984088 -0.48094 -2.55557 -0.384512 1.65704 0.371429
13.843 0.3 -0.012 0.52 0.300439 -0.00986873 0.520528 0.653838 -0.9841 -0.480955 -2.55555 -0.384688 1.65693 0.371394
13.844 0.3 -0.012 0.52 0.300436 -0.0098849 0.520524 0.653876 -0.984112 -0.48097 -2.55554 -0.384863 1.65683 0.371359
13.845 0.3 -0.012 0.52 0.300434 -0.00990097 0.520521 0.653915 -0.984125 -0.480985 -2.55553 -0.385037 1.65672 0.371324
13.846 0.3 -0.012 0.52 0.300432 -0.00991693 0.520517 0.653953 -0.984137 -0.481 -2.55552 -0.38521 1.65662 0.371289
13.847 0.3 -0.012 0.52 0.300429 -0.00993278 0.520513 0.653991 -0.984149 -0.481015 -2.5555 -0.385381 1.65652 0.371254
13.848 0.3 -0.012 0.52 0.300427 -0.00994851 0.520509 0.654029 -0.984161 -0.48103 -2.55549 -0.385551 1.65642 0.371219
13.849 0.3 -0.012 0.52 0.300425 -0.00996414 0.520506 0.654067 -0.984173 -0.481044 -2.55548 -0.38572 1.65631 0.371185
13.85 0.3 -0.012 0.52 0.300423 -0.00997967 0.520502 0.654104 -0.984185 -0.481058 -2.55547 -0.385888 1.65621 0.37115
13.851 0.3 -0.012 0.52 0.30042 -0.00999508 0.520499 0.654141 -0.984197 -0.481073 -2.55545 -0.386054 1.65611 0.371116
13.852 0.3 -0.012 0.52 0.300418 -0.0100104 0.520495 0.654178 -0.984208 -0.481087 -2.55544 -0.386219 1.65601 0.371082
13.853 0.3 -0.012 0.52 0.300416 -0.0100256 0.520491 0.654214 -0.98422 -0.481101 -2.55543 -0.386383 1.65591 0.371048
13.854 0.3 -0.012 0.52 0.300414 -0.0100407 0.520488 0.654251 -0.984231 -0.481115 -2.55542 -0.386546 1.65582 0.371014
13.855 0.3 -0.012 0.52 0.300412 -0.0100557 0.520484 0.654287 -0.984243 -0.481129 -2.55541 -0.386708 1.65572 0.370981
13.856 0.3 -0.012 0.52 0.30041 -0.0100706 0.520481 0.654323 -0.984254 -0.481143 -2.5554 -0.386868 1.65562 0.370947
13.857 0.3 -0.012 0.52 0.300407 -0.0100854 0.520478 0.654358 -0.984265 -0.481157 -2.55538 -0.387028 1.65552 0.370914
13.858 0.3 -0.012 0.52 0.300405 -0.0101 0.520474 0.654394 -0.984276 -0.48117 -2.55537 -0.387186 1.65543 0.37088
13.859 0.3 -0.012 0.52 0.300403 -0.0101146 0.520471 0.654429 -0.984287 -0.481184 -2.55536 -0.387343 1.65533 0.370847
13.86 0.3 -0.012 0.52 0.300401 -0.0101291 0.520467 0.654464 -0.984298 -0.481197 -2.55535 -0.387499 1.65524 0.370814
13.861 0.3 -0.012 0.52 0.300399 -0.0101435 0.520464 0.654498 -0.984309 -0.481211 -2.55534 -0.387654 1.65514 0.370781
13.862 0.3 -0.012 0.52 0.300397 -0.0101578 0.520461 0.654533 -0.98432 -0.481224 -2.55533 -0.387807 1.65505 0.370748
13.863 0.3 -0.012 0.52 0.300395 -0.0101719 0.520457 0.654567 -0.98433 -0.481237 -2.55532 -0.38796 1.65496 0.370716
13.864 0.3 -0.012 0.52 0.300393 -0.010186 0.520454 0.654601 -0.984341 -0.48125 -2.55531 -0.388111 1.65487 0.370683
13.865 0.3 -0.012 0.52 0.300391 -0.0102 0.520451 0.654634 -0.984351 -0.481263 -2.55529 -0.388261 1.65477 0.370651
13.866 0.3 -0.012 0.52 0.300389 -0.0102139 0.520448 0.654668 -0.984362 -0.481276 -2.55528 -0.38841 1.65468 0.370618
13.867 0.3 -0.012 0.52 0.300387 -0.0102276 0.520444 0.654701 -0.984372 -0.481289 -2.55527 -0.388558 1.65459 0.370586
13.868 0.3 -0.012 0.52 0.300385 -0.0102413 0.520441 0.654734 -0.984382 -0.481302 -2.55526 -0.388705 1.6545 0.370554
13.869 0.3 -0.012 0.52 0.300383 -0.0102549 0.520438 0.654767 -0.984392 -0.481315 -2.55525 -0.388851 1.65441 0.370522
13.87 0.3 -0.012 0.52 0.300381 -0.0102684 0.520435 0.654799 -0.984402 -0.481327 -2.55524 -0.388996 1.65432 0.37049
13.871 0.3 -0.012 0.52 0.300379 -0.0102818 0.520432 0.654832 -0.984412 -0.48134 -2.55523 -0.38914 1.65424 0.370459
13.872 0.3 -0.012 0.52 0.300377 -0.0102951 0.520429 0.654864 -0.984422 -0.481352 -2.55522 -0.389282 1.65415 0.370427
13.873 0.3 -0.012 0.52 0.300375 -0.0103083 0.520426 0.654896 -0.984432 -0.481364 -2.55521 -0.389424 1.65406 0.370396
13.874 0.3 -0.012 0.52 0.300373 -0.0103214 0.520423 0.654928 -0.984442 -0.481377 -2.5552 -0.389564 1.65397 0.370365
13.875 0.3 -0.012 0.52 0.300371 -0.0103344 0.52042 0.654959 -0.984451 -0.481389 -2.55519 -0.389704 1.65389 0.370333
13.876 0.3 -0.012 0.52 0.300369 -0.0103473 0.520417 0.65499 -0.984461 -0.481401 -2.55518 -0.389842 1.6538 0.370302
13.877 0.3 -0.012 0.52 0.300367 -0.0103601 0.520414 0.655021 -0.98447 -0.481413 -2.55517 -0.38998 1.65372 0.370271
13.878 0.3 -0.012 0.52 0.300365 -0.0103729 0.520411 0.655052 -0.98448 -0.481425 -2.55516 -0.390116 1.65363 0.370241
13.879 0.3 -0.012 0.52 0.300364 -0.0103855 0.520408 0.655083 -0.984489 -0.481437 -2.55515 -0.390251 1.65355 0.37021
13.88 0.3 -0.012 0.52 0.300362 -0.0103981 0.520405 0.655113 -0.984498 -0.481448 -2.55514 -0.390386 1.65347 0.370179
13.881 0.3 -0.012 0.52 0.30036 -0.0104105 0.520402 0.655143 -0.984508 -0.48146 -2.55513 -0.390519 1.65338 0.370149
13.882 0.3 -0.012 0.52 0.300358 -0.0104229 0.520399 0.655174 -0.984517 -0.481472 -2.55512 -0.390651 1.6533 0.370119
13.883 0.3 -0.012 0.52 0.300356 -0.0104352 0.520396 0.655203 -0.984526 -0.481483 -2.55511 -0.390783 1.65322 0.370089
13.884 0.3 -0.012 0.52 0.300354 -0.0104474 0.520394 0.655233 -0.984535 -0.481495 -2.5551 -0.390913 1.65314 0.370059
13.885 0.3 -0.012 0.52 0.300353 -0.0104595 0.520391 0.655262 -0.984543 -0.481506 -2.55509 -0.391042 1.65306 0.370029
13.886 0.3 -0.012 0.52 0.300351 -0.0104715 0.520388 0.655292 -0.984552 -0.481517 -2.55508 -0.391171 1.65298 0.369999
13.887 0.3 -0.012 0.52 0.300349 -0.0104834 0.520385 0.655321 -0.984561 -0.481528 -2.55507 -0.391298 1.6529 0.369969
13.888 0.3 -0.012 0.52 0.300347 -0.0104953 0.520382 0.655349 -0.98457 -0.48154 -2.55506 -0.391425 1.65282 0.36994
13.889 0.3 -0.012 0.52 0.300345 -0.010507 0.52038 0.655378 -0.984578 -0.481551 -2.55505 -0.39155 1.65274 0.36991
13.89 0.3 -0.012 0.52 0.300344 -0.0105187 0.520377 0.655406 -0.984587 -0.481562 -2.55504 -0.391675 1.65266 0.369881
13.891 0.3 -0.012 0.52 0.300342 -0.0105303 0.520374 0.655435 -0.984595 -0.481573 -2.55503 -0.391798 1.65259 0.369852
13.892 0.3 -0.012 0.52 0.30034 -0.0105418 0.520372 0.655463 -0.984603 -0.481583 -2.55502 -0.391921 1.65251 0.369823
13.893 0.3 -0.012 0.52 0.300338 -0.0105532 0.520369 0.65549 -0.984612 -0.481594 -2.55501 -0.392043 1.65243 0.369794
13.894 0.3 -0.012 0.52 0.300337 -0.0105646 0.520366 0.655518 -0.98462 -0.481605 -2.555 -0.392163 1.65236 0.369765
13.895 0.3 -0.012 0.52 0.300335 -0.0105758 0.520364 0.655546 -0.984628 -0.481615 -2.55499 -0.392283 1.65228 0.369736
13.896 0.3 -0.012 0.52 0.300333 -0.010587 0.520361 0.655573 -0.984636 -0.481626 -2.55498 -0.392402 1.65221 0.369708
13.897 0.3 -0.012 0.52 0.300332 -0.0105981 0.520359 0.6556 -0.984644 -0.481636 -2.55497 -0.39252 1.65213 0.369679
13.898 0.3 -0.012 0.52 0.30033 -0.0106091 0.520356 0.655627 -0.984652 -0.481647 -2.55496 -0.392637 1.65206 0.369651
13.899 0.3 -0.012 0.52 0.300328 -0.01062 0.520354 0.655654 -0.98466 -0.481657 -2.55495 -0.392754 1.65199 0.369623
13.9 0.3 -0.012 0.52 0.300327 -0.0106309 0.520351 0.65568 -0.984668 -0.481668 -2.55494 -0.392869 1.65191 0.369595
13.901 0.3 -0.012 0.52 0.300325 -0.0106416 0.520349 0.655707 -0.984676 -0.481678 -2.55493 -0.392984 1.65184 0.369567
13.902 0.3 -0.012 0.52 0.300323 -0.0106523 0.520346 0.655733 -0.984683 -0.481688 -2.55493 -0.393097 1.65177 0.369539
13.903 0.3 -0.012 0.52 0.300322 -0.0106629 0.520344 0.655759 -0.984691 -0.481698 -2.55492 -0.39321 1.6517 0.369511
13.904 0.3 -0.012 0.52 0.30032 -0.0106735 0.520341 0.655785 -0.984698 -0.481708 -2.55491 -0.393322 1.65163 0.369484
13.905 0.3 -0.012 0.52 0.300319 -0.0106839 0.520339 0.65581 -0.984706 -0.481718 -2.5549 -0.393433 1.65156 0.369456
13.906 0.3 -0.012 0.52 0.300317 -0.0106943 0.520337 0.655836 -0.984713 -0.481728 -2.55489 -0.393543 1.65149 0.369429
13.907 0.3 -0.012 0.52 0.300315 -0.0107046 0.520334 0.655861 -0.984721 -0.481738 -2.55488 -0.393652 1.65142 0.369402
13.908 0.3 -0.012 0.52 0.300314 -0.0107148 0.520332 0.655886 -0.984728 -0.481747 -2.55487 -0.393761 1.65135 0.369375
13.909 0.3 -0.012 0.52 0.300312 -0.010725 0.52033 0.655911 -0.984735 -0.481757 -2.55486 -0.393868 1.65128 0.369348
13.91 0.3 -0.012 0.52 0.300311 -0.0107351 0.520327 0.655936 -0.984742 -0.481767 -2.55486 -0.393975 1.65121 0.369321
13.911 0.3 -0.012 0.52 0.300309 -0.0107451 0.520325 0.655961 -0.98475 -0.481776 -2.55485 -0.394081 1.65114 0.369294
13.912 0.3 -0.012 0.52 0.300308 -0.010755 0.520323 0.655985 -0.984757 -0.481786 -2.55484 -0.394186 1.65107 0.369268
13.913 0.3 -0.012 0.52 0.300306 -0.0107648 0.52032 0.656009 -0.984764 -0.481795 -2.55483 -0.394291 1.65101 0.369241
13.914 0.3 -0.012 0.52 0.300305 -0.0107746 0.520318 0.656033 -0.984771 -0.481804 -2.55482 -0.394394 1.65094 0.369215
13.915 0.3 -0.012 0.52 0.300303 -0.0107843 0.520316 0.656057 -0.984777 -0.481814 -2.55481 -0.394497 1.65087 0.369189
13.916 0.3 -0.012 0.52 0.300302 -0.010794 0.520314 0.656081 -0.984784 -0.481823 -2.5548 -0.394599 1.65081 0.369163
13.917 0.3 -0.012 0.52 0.3003 -0.0108035 0.520312 0.656105 -0.984791 -0.481832 -2.5548 -0.3947 1.65074 0.369137
13.918 0.3 -0.012 0.52 0.300299 -0.010813 0.520309 0.656128 -0.984798 -0.481841 -2.55479 -0.3948 1.65068 0.369111
13.919 0.3 -0.012 0.52 0.300297 -0.0108224 0.520307 0.656152 -0.984804 -0.48185 -2.55478 -0.3949 1.65061 0.369085
13.92 0.3 -0.012 0.52 0.300296 -0.0108318 0.520305 0.656175 -0.984811 -0.481859 -2.55477 -0.394999 1.65055 0.36906
13.921 0.3 -0.012 0.52 0.300294 -0.0108411 0.520303 0.656198 -0.984818 -0.481868 -2.55476 -0.395097 1.65049 0.369035
13.922 0.3 -0.012 0.52 0.300293 -0.0108503 0.520301 0.656221 -0.984824 -0.481877 -2.55476 -0.395194 1.65042 0.369009
13.923 0.3 -0.012 0.52 0.300291 -0.0108594 0.520299 0.656244 -0.98483 -0.481886 -2.55475 -0.395291 1.65036 0.368984
13.924 0.3 -0.012 0.52 0.30029 -0.0108685 0.520297 0.656266 -0.984837 -0.481895 -2.55474 -0.395387 1.6503 0.368959
13.925 0.3 -0.012 0.52 0.300289 -0.0108775 0.520295 0.656289 -0.984843 -0.481904 -2.55473 -0.395482 1.65024 0.368934
13.926 0.3 -0.012 0.52 0.300287 -0.0108865 0.520293 0.656311 -0.984849 -0.481912 -2.55472 -0.395576 1.65018 0.368909
13.927 0.3 -0.012 0.52 0.300286 -0.0108953 0.520291 0.656333 -0.984856 -0.481921 -2.55472 -0.395669 1.65012 0.368885
13.928 0.3 -0.012 0.52 0.300284 -0.0109041 0.520289 0.656355 -0.984862 -0.481929 -2.55471 -0.395762 1.65005 0.36886
13.929 0.3 -0.012 0.52 0.300283 -0.0109129 0.520287 0.656377 -0.984868 -0.481938 -2.5547 -0.395854 1.64999 0.368836
13.93 0.3 -0.012 0.52 0.300282 -0.0109216 0.520285 0.656398 -0.984874 -0.481946 -2.55469 -0.395946 1.64993 0.368811
13.931 0.3 -0.012 0.52 0.30028 -0.0109302 0.520283 0.65642 -0.98488 -0.481955 -2.55468 -0.396037 1.64988 0.368787
13.932 0.3 -0.012 0.52 0.300279 -0.0109387 0.520281 0.656441 -0.984886 -0.481963 -2.55468 -0.396126 1.64982 0.368763
13.933 0.3 -0.012 0.52 0.300278 -0.0109472 0.520279 0.656463 -0.984892 -0.481971 -2.55467 -0.396216 1.64976 0.368739
13.934 0.3 -0.012 0.52 0.300276 -0.0109556 0.520277 0.656484 -0.984898 -0.48198 -2.55466 -0.396304 1.6497 0.368715
13.935 0.3 -0.012 0.52 0.300275 -0.010964 0.520275 0.656505 -0.984904 -0.481988 -2.55465 -0.396392 1.64964 0.368692
13.936 0.3 -0.012 0.52 0.300274 -0.0109723 0.520273 0.656526 -0.984909 -0.481996 -2.55465 -0.396479 1.64958 0.368668
13.937 0.3 -0.012 0.52 0.300272 -0.0109805 0.520271 0.656546 -0.984915 -0.482004 -2.55464 -0.396566 1.64953 0.368645
13.938 0.3 -0.012 0.52 0.300271 -0.0109887 0.520269 0.656567 -0.984921 -0.482012 -2.55463 -0.396652 1.64947 0.368622
13.939 0.3 -0.012 0.52 0.30027 -0.0109968 0.520268 0.656587 -0.984926 -0.48202 -2.55462 -0.396737 1.64941 0.368598
13.94 0.3 -0.012 0.52 0.300268 -0.0110048 0.520266 0.656608 -0.984932 -0.482028 -2.55462 -0.396821 1.64936 0.368575
13.941 0.3 -0.012 0.52 0.300267 -0.0110128 0.520264 0.656628 -0.984938 -0.482036 -2.55461 -0.396905 1.6493 0.368552
13.942 0.3 -0.012 0.52 0.300266 -0.0110207 0.520262 0.656648 -0.984943 -0.482044 -2.5546 -0.396988 1.64925 0.36853
13.943 0.3 -0.012 0.52 0.300264 -0.0110286 0.52026 0.656668 -0.984949 -0.482052 -2.5546 -0.397071 1.64919 0.368507
13.944 0.3 -0.012 0.52 0.300263 -0.0110364 0.520259 0.656687 -0.984954 -0.482059 -2.55459 -0.397153 1.64914 0.368484
13.945 0.3 -0.012 0.52 0.300262 -0.0110441 0.520257 0.656707 -0.984959 -0.482067 -2.55458 -0.397234 1.64908 0.368462
13.946 0.3 -0.012 0.52 0.300261 -0.0110518 0.520255 0.656726 -0.984965 -0.482075 -2.55457 -0.397314 1.64903 0.36844
13.947 0.3 -0.012 0.52 0.300259 -0.0110595 0.520253 0.656746 -0.98497 -0.482082 -2.55457 -0.397394 1.64898 0.368418
13.948 0.3 -0.012 0.52 0.300258 -0.011067 0.520252 0.656765 -0.984975 -0.48209 -2.55456 -0.397474 1.64892 0.368395
13.949 0.3 -0.012 0.52 0.300257 -0.0110745 0.52025 0.656784 -0.98498 -0.482097 -2.55455 -0.397552 1.64887 0.368374
13.95 0.3 -0.012 0.52 0.300256 -0.011082 0.520248 0.656803 -0.984986 -0.482105 -2.55455 -0.39763 1.64882 0.368352
13.951 0.3 -0.012 0.52 0.300255 -0.0110894 0.520247 0.656822 -0.984991 -0.482112 -2.55454 -0.397708 1.64877 0.36833
13.952 0.3 -0.012 0.52 0.300253 -0.0110967 0.520245 0.656841 -0.984996 -0.482119 -2.55453 -0.397785 1.64871 0.368308
13.953 0.3 -0.012 0.52 0.300252 -0.011104 0.520243 0.656859 -0.985001 -0.482127 -2.55453 -0.397861 1.64866 0.368287
13.954 0.3 -0.012 0.52 0.300251 -0.0111113 0.520242 0.656878 -0.985006 -0.482134 -2.55452 -0.397936 1.64861 0.368266
13.955 0.3 -0.012 0.52 0.30025 -0.0111184 0.52024 0.656896 -0.985011 -0.482141 -2.55451 -0.398011 1.64856 0.368245
13.956 0.3 -0.012 0.52 0.300249 -0.0111256 0.520239 0.656915 -0.985016 -0.482148 -2.5545 -0.398086 1.64851 0.368223
13.957 0.3 -0.012 0.52 0.300247 -0.0111326 0.520237 0.656933 -0.98502 -0.482156 -2.5545 -0.39816 1.64846 0.368202
13.958 0.3 -0.012 0.52 0.300246 -0.0111396 0.520235 0.656951 -0.985025 -0.482163 -2.55449 -0.398233 1.64841 0.368182
13.959 0.3 -0.012 0.52 0.300245 -0.0111466 0.520234 0.656969 -0.98503 -0.48217 -2.55448 -0.398306 1.64836 0.368161
13.96 0.3 -0.012 0.52 0.300244 -0.0111535 0.520232 0.656986 -0.985035 -0.482177 -2.55448 -0.398378 1.64831 0.36814
13.961 0.3 -0.012 0.52 0.300243 -0.0111604 0.520231 0.657004 -0.98504 -0.482184 -2.55447 -0.398449 1.64826 0.36812
13.962 0.3 -0.012 0.52 0.300242 -0.0111672 0.520229 0.657022 -0.985044 -0.482191 -2.55447 -0.39852 1.64822 0.3681
13.963 0.3 -0.012 0.52 0.30024 -0.0111739 0.520228 0.657039 -0.985049 -0.482198 -2.55446 -0.39859 1.64817 0.368079
13.964 0.3 -0.012 0.52 0.300239 -0.0111806 0.520226 0.657056 -0.985054 -0.482204 -2.55445 -0.39866 1.64812 0.368059
13.965 0.3 -0.012 0.52 0.300238 -0.0111873 0.520225 0.657074 -0.985058 -0.482211 -2.55445 -0.39873 1.64807 0.368039
13.966 0.3 -0.012 0.52 0.300237 -0.0111939 0.520223 0.657091 -0.985063 -0.482218 -2.55444 -0.398798 1.64802 0.368019
13.967 0.3 -0.012 0.52 0.300236 -0.0112004 0.520222 0.657108 -0.985067 -0.482225 -2.55443 -0.398866 1.64798 0.368
13.968 0.3 -0.012 0.52 0.300235 -0.0112069 0.52022 0.657125 -0.985072 -0.482231 -2.55443 -0.398934 1.64793 0.36798
13.969 0.3 -0.012 0.52 0.300234 -0.0112133 0.520219 0.657141 -0.985076 -0.482238 -2.55442 -0.399001 1.64789 0.36796
13.97 0.3 -0.012 0.52 0.300233 -0.0112197 0.520217 0.657158 -0.98508 -0.482245 -2.55441 -0.399068 1.64784 0.367941
13.971 0.3 -0.012 0.52 0.300231 -0.0112261 0.520216 0.657175 -0.985085 -0.482251 -2.55441 -0.399134 1.64779 0.367922
13.972 0.3 -0.012 0.52 0.30023 -0.0112324 0.520214 0.657191 -0.985089 -0.482258 -2.5544 -0.399199 1.64775 0.367903
13.973 0.3 -0.012 0.52 0.300229 -0.0112386 0.520213 0.657207 -0.985093 -0.482264 -2.5544 -0.399264 1.6477 0.367883
13.974 0.3 -0.012 0.52 0.300228 -0.0112448 0.520212 0.657224 -0.985098 -0.482271 -2.55439 -0.399328 1.64766 0.367864
13.975 0.3 -0.012 0.52 0.300227 -0.011251 0.52021 0.65724 -0.985102 -0.482277 -2.55438 -0.399392 1.64761 0.367846
13.976 0.3 -0.012 0.52 0.300226 -0.0112571 0.520209 0.657256 -0.985106 -0.482283 -2.55438 -0.399456 1.64757 0.367827
13.977 0.3 -0.012 0.52 0.300225 -0.0112631 0.520208 0.657272 -0.98511 -0.48229 -2.55437 -0.399519 1.64753 0.367808
13.978 0.3 -0.012 0.52 0.300224 -0.0112692 0.520206 0.657288 -0.985114 -0.482296 -2.55437 -0.399581 1.64748 0.36779
13.979 0.3 -0.012 0.52 0.300223 -0.0112751 0.520205 0.657303 -0.985119 -0.482302 -2.55436 -0.399643 1.64744 0.367771
13.98 0.3 -0.012 0.52 0.300222 -0.011281 0.520204 0.657319 -0.985123 -0.482309 -2.55435 -0.399704 1.6474 0.367753
13.981 0.3 -0.012 0.52 0.300221 -0.0112869 0.520202 0.657335 -0.985127 -0.482315 -2.55435 -0.399765 1.64735 0.367735
13.982 0.3 -0.012 0.52 0.30022 -0.0112927 0.520201 0.65735 -0.985131 -0.482321 -2.55434 -0.399825 1.64731 0.367717
13.983 0.3 -0.012 0.52 0.300219 -0.0112985 0.5202 0.657365 -0.985135 -0.482327 -2.55434 -0.399885 1.64727 0.367699
13.984 0.3 -0.012 0.52 0.300218 -0.0113043 0.520198 0.657381 -0.985139 -0.482333 -2.55433 -0.399945 1.64723 0.367681
13.985 0.3 -0.012 0.52 0.300217 -0.0113099 0.520197 0.657396 -0.985142 -0.482339 -2.55432 -0.400004 1.64719 0.367664
13.986 0.3 -0.012 0.52 0.300216 -0.0113156 0.520196 0.657411 -0.985146 -0.482345 -2.55432 -0.400062 1.64715 0.367646
13.987 0.3 -0.012 0.52 0.300215 -0.0113212 0.520195 0.657426 -0.98515 -0.482351 -2.55431 -0.40012 1.6471 0.367629
13.988 0.3 -0.012 0.52 0.300214 -0.0113268 0.520193 0.65744 -0.985154 -0.482357 -2.55431 -0.400178 1.64706 0.367611
13.989 0.3 -0.012 0.52 0.300213 -0.0113323 0.520192 0.657455 -0.985158 -0.482363 -2.5543 -0.400235 1.64702 0.367594
13.99 0.3 -0.012 0.52 0.300212 -0.0113377 0.520191 0.65747 -0.985162 -0.482369 -2.5543 -0.400291 1.64698 0.367577
13.991 0.3 -0.012 0.52 0.300211 -0.0113432 0.52019 0.657484 -0.985165 -0.482375 -2.55429 -0.400347 1.64694 0.36756
13.992 0.3 -0.012 0.52 0.30021 -0.0113486 0.520188 0.657499 -0.985169 -0.48238 -2.55429 -0.400403 1.6469 0.367543
13.993 0.3 -0.012 0.52 0.300209 -0.0113539 0.520187 0.657513 -0.985173 -0.482386 -2.55428 -0.400458 1.64686 0.367526
13.994 0.3 -0.012 0.52 0.300208 -0.0113592 0.520186 0.657528 -0.985176 -0.482392 -2.55427 -0.400513 1.64682 0.367509
13.995 0.3 -0.012 0.52 0.300207 -0.0113645 0.520185 0.657542 -0.98518 -0.482398 -2.55427 -0.400567 1.64679 0.367493
13.996 0.3 -0.012 0.52 0.300206 -0.0113697 0.520184 0.657556 -0.985184 -0.482403 -2.55426 -0.400621 1.64675 0.367476
13.997 0.3 -0.012 0.52 0.300205 -0.0113749 0.520183 0.65757 -0.985187 -0.482409 -2.55426 -0.400675 1.64671 0.36746
13.998 0.3 -0.012 0.52 0.300204 -0.01138 0.520181 0.657584 -0.985191 -0.482414 -2.55425 -0.400728 1.64667 0.367443
13.999 0.3 -0.012 0.52 0.300203 -0.0113851 0.52018 0.657598 -0.985194 -0.48242 -2.55425 -0.40078 1.64663 0.367427
14 0.3 -0.012 0.52 0.300202 -0.0113902 0.520179 0.657611 -0.985198 -0.482426 -2.55424 -0.400832 1.6466 0.367411
14.001 0.3 -0.012 0.52 0.300201 -0.0113952 0.520178 0.657625 -0.985201 -0.482431 -2.55424 -0.400884 1.64656 0.367395
14.002 0.3 -0.012 0.52 0.3002 -0.0114002 0.520177 0.657638 -0.985205 -0.482437 -2.55423 -0.400935 1.64652 0.367379
14.003 0.3 -0.012 0.52 0.300199 -0.0114051 0.520176 0.657652 -0.985208 -0.482442 -2.55423 -0.400986 1.64648 0.367363
14.004 0.3 -0.012 0.52 0.300198 -0.01141 0.520175 0.657665 -0.985212 -0.482447 -2.55422 -0.401036 1.64645 0.367348
14.005 0.3 -0.012 0.52 0.300197 -0.0114149 0.520174 0.657679 -0.985215 -0.482453 -2.55422 -0.401086 1.64641 0.367332
14.006 0.3 -0.012 0.52 0.300197 -0.0114197 0.520172 0.657692 -0.985218 -0.482458 -2.55421 -0.401136 1.64638 0.367317
14.007 0.3 -0.012 0.52 0.300196 -0.0114245 0.520171 0.657705 -0.985222 -0.482463 -2.55421 -0.401185 1.64634 0.367301
14.008 0.3 -0.012 0.52 0.300195 -0.0114292 0.52017 0.657718 -0.985225 -0.482469 -2.5542 -0.401234 1.6463 0.367286
14.009 0.3 -0.012 0.52 0.300194 -0.0114339 0.520169 0.657731 -0.985228 -0.482474 -2.5542 -0.401282 1.64627 0.367271
14.01 0.3 -0.012 0.52 0.300193 -0.0114386 0.520168 0.657744 -0.985232 -0.482479 -2.55419 -0.40133 1.64623 0.367256
14.011 0.3 -0.012 0.52 0.300192 -0.0114432 0.520167 0.657757 -0.985235 -0.482484 -2.55419 -0.401378 1.6462 0.367241
14.012 0.3 -0.012 0.52 0.300191 -0.0114478 0.520166 0.657769 -0.985238 -0.482489 -2.55418 -0.401425 1.64616 0.367226
14.013 0.3 -0.012 0.52 0.30019 -0.0114524 0.520165 0.657782 -0.985241 -0.482495 -2.55418 -0.401472 1.64613 0.367211
14.014 0.3 -0.012 0.52 0.300189 -0.0114569 0.520164 0.657795 -0.985244 -0.4825 -2.55417 -0.401519 1.6461 0.367196
14.015 0.3 -0.012 0.52 0.300189 -0.0114614 0.520163 0.657807 -0.985248 -0.482505 -2.55417 -0.401565 1.64606 0.367182
14.016 0.3 -0.012 0.52 0.300188 -0.0114659 0.520162 0.65782 -0.985251 -0.48251 -2.55416 -0.40161 1.64603 0.367167
14.017 0.3 -0.012 0.52 0.300187 -0.0114703 0.520161 0.657832 -0.985254 -0.482515 -2.55416 -0.401656 1.64599 0.367153
14.018 0.3 -0.012 0.52 0.300186 -0.0114747 0.52016 0.657844 -0.985257 -0.48252 -2.55415 -0.4017 1.64596 0.367138
14.019 0.3 -0.012 0.52 0.300185 -0.011479 0.520159 0.657856 -0.98526 -0.482525 -2.55415 -0.401745 1.64593 0.367124
14.02 0.3 -0.012 0.52 0.300184 -0.0114833 0.520158 0.657868 -0.985263 -0.48253 -2.55414 -0.401789 1.64589 0.36711
14.021 0.3 -0.012 0.52 0.300183 -0.0114876 0.520157 0.65788 -0.985266 -0.482535 -2.55414 -0.401833 1.64586 0.367096
14.022 0.3 -0.012 0.52 0.300183 -0.0114918 0.520156 0.657892 -0.985269 -0.482539 -2.55413 -0.401876 1.64583 0.367082
14.023 0.3 -0.012 0.52 0.300182 -0.0114961 0.520155 0.657904 -0.985272 -0.482544 -2.55413 -0.401919 1.6458 0.367068
14.024 0.3 -0.012 0.52 0.300181 -0.0115002 0.520154 0.657916 -0.985275 -0.482549 -2.55412 -0.401962 1.64577 0.367054
14.025 0.3 -0.012 0.52 0.30018 -0.0115044 0.520153 0.657928 -0.985278 -0.482554 -2.55412 -0.402004 1.64573 0.367041
14.026 0.3 -0.012 0.52 0.300179 -0.0115085 0.520153 0.657939 -0.985281 -0.482559 -2.55411 -0.402046 1.6457 0.367027
14.027 0.3 -0.012 0.52 0.300178 -0.0115126 0.520152 0.657951 -0.985284 -0.482563 -2.55411 -0.402088 1.64567 0.367014
14.028 0.3 -0.012 0.52 0.300178 -0.0115166 0.520151 0.657962 -0.985287 -0.482568 -2.55411 -0.402129 1.64564 0.367
14.029 0.3 -0.012 0.52 0.300177 -0.0115206 0.52015 0.657974 -0.985289 -0.482573 -2.5541 -0.40217 1.64561 0.366987
14.03 0.3 -0.012 0.52 0.300176 -0.0115246 0.520149 0.657985 -0.985292 -0.482577 -2.5541 -0.402211 1.64558 0.366974
14.031 0.3 -0.012 0.52 0.300175 -0.0115285 0.520148 0.657996 -0.985295 -0.482582 -2.55409 -0.402251 1.64555 0.366961
14.032 0.3 -0.012 0.52 0.300174 -0.0115325 0.520147 0.658007 -0.985298 -0.482586 -2.55409 -0.402291 1.64552 0.366947
14.033 0.3 -0.012 0.52 0.300174 -0.0115363 0.520146 0.658019 -0.985301 -0.482591 -2.55408 -0.402331 1.64549 0.366935
14.034 0.3 -0.012 0.52 0.300173 -0.0115402 0.520145 0.65803 -0.985303 -0.482596 -2.55408 -0.40237 1.64546 0.366922
14.035 0.3 -0.012 0.52 0.300172 -0.011544 0.520145 0.658041 -0.985306 -0.4826 -2.55407 -0.402409 1.64543 0.366909
14.036 0.3 -0.012 0.52 0.300171 -0.0115478 0.520144 0.658051 -0.985309 -0.482605 -2.55407 -0.402448 1.6454 0.366896
14.037 0.3 -0.012 0.52 0.30017 -0.0115516 0.520143 0.658062 -0.985311 -0.482609 -2.55407 -0.402486 1.64537 0.366884
14.038 0.3 -0.012 0.52 0.30017 -0.0115553 0.520142 0.658073 -0.985314 -0.482613 -2.55406 -0.402524 1.64534 0.366871
14.039 0.3 -0.012 0.52 0.300169 -0.011559 0.520141 0.658084 -0.985317 -0.482618 -2.55406 -0.402561 1.64531 0.366858
14.04 0.3 -0.012 0.52 0.300168 -0.0115626 0.52014 0.658094 -0.985319 -0.482622 -2.55405 -0.402599 1.64528 0.366846
14.041 0.3 -0.012 0.52 0.300167 -0.0115663 0.52014 0.658105 -0.985322 -0.482627 -2.55405 -0.402636 1.64525 0.366834
14.042 0.3 -0.012 0.52 0.300166 -0.0115699 0.520139 0.658115 -0.985325 -0.482631 -2.55405 -0.402672 1.64523 0.366822
14.043 0.3 -0.012 0.52 0.300166 -0.0115735 0.520138 0.658126 -0.985327 -0.482635 -2.55404 -0.402709 1.6452 0.366809
14.044 0.3 -0.012 0.52 0.300165 -0.011577 0.520137 0.658136 -0.98533 -0.48264 -2.55404 -0.402745 1.64517 0.366797
14.045 0.3 -0.012 0.52 0.300164 -0.0115805 0.520136 0.658146 -0.985332 -0.482644 -2.55403 -0.40278 1.64514 0.366785
14.046 0.3 -0.012 0.52 0.300163 -0.011584 0.520136 0.658157 -0.985335 -0.482648 -2.55403 -0.402816 1.64511 0.366774
14.047 0.3 -0.012 0.52 0.300163 -0.0115875 0.520135 0.658167 -0.985337 -0.482652 -2.55403 -0.402851 1.64509 0.366762
14.048 0.3 -0.012 0.52 0.300162 -0.0115909 0.520134 0.658177 -0.98534 -0.482656 -2.55402 -0.402886 1.64506 0.36675
14.049 0.3 -0.012 0.52 0.300161 -0.0115943 0.520133 0.658187 -0.985342 -0.482661 -2.55402 -0.40292 1.64503 0.366738
14.05 0.3 -0.012 0.52 0.30016 -0.0115977 0.520132 0.658197 -0.985345 -0.482665 -2.55401 -0.402955 1.64501 0.366727
14.051 0.3 -0.012 0.52 0.30016 -0.011601 0.520132 0.658207 -0.985347 -0.482669 -2.55401 -0.402989 1.64498 0.366715
14.052 0.3 -0.012 0.52 0.300159 -0.0116044 0.520131 0.658217 -0.98535 -0.482673 -2.55401 -0.403022 1.64495 0.366704
14.053 0.3 -0.012 0.52 0.300158 -0.0116077 0.52013 0.658226 -0.985352 -0.482677 -2.554 -0.403056 1.64493 0.366692
14.054 0.3 -0.012 0.52 0.300158 -0.0116109 0.520129 0.658236 -0.985355 -0.482681 -2.554 -0.403089 1.6449 0.366681
14.055 0.3 -0.012 0.52 0.300157 -0.0116142 0.520129 0.658246 -0.985357 -0.482685 -2.55399 -0.403122 1.64487 0.36667
14.056 0.3 -0.012 0.52 0.300156 -0.0116174 0.520128 0.658255 -0.985359 -0.482689 -2.55399 -0.403154 1.64485 0.366659
14.057 0.3 -0.012 0.52 0.300155 -0.0116206 0.520127 0.658265 -0.985362 -0.482693 -2.55399 -0.403186 1.64482 0.366648
14.058 0.3 -0.012 0.52 0.300155 -0.0116237 0.520127 0.658274 -0.985364 -0.482697 -2.55398 -0.403218 1.6448 0.366637
14.059 0.3 -0.012 0.52 0.300154 -0.0116269 0.520126 0.658284 -0.985366 -0.482701 -2.55398 -0.40325 1.64477 0.366626
14.06 0.3 -0.012 0.52 0.300153 -0.01163 0.520125 0.658293 -0.985369 -0.482705 -2.55398 -0.403281 1.64475 0.366615
14.061 0.3 -0.012 0.52 0.300153 -0.0116331 0.520124 0.658302 -0.985371 -0.482708 -2.55397 -0.403313 1.64472 0.366604
14.062 0.3 -0.012 0.52 0.300152 -0.0116361 0.520124 0.658311 -0.985373 -0.482712 -2.55397 -0.403343 1.6447 0.366594
14.063 0.3 -0.012 0.52 0.300151 -0.0116392 0.520123 0.658321 -0.985375 -0.482716 -2.55396 -0.403374 1.64467 0.366583
14.064 0.3 -0.012 0.52 0.30015 -0.0116422 0.520122 0.65833 -0.985378 -0.48272 -2.55396 -0.403404 1.64465 0.366573
14.065 0.3 -0.012 0.52 0.30015 -0.0116451 0.520122 0.658339 -0.98538 -0.482724 -2.55396 -0.403434 1.64463 0.366562
14.066 0.3 -0.012 0.52 0.300149 -0.0116481 0.520121 0.658348 -0.985382 -0.482727 -2.55395 -0.403464 1.6446 0.366552
14.067 0.3 -0.012 0.52 0.300148 -0.011651 0.52012 0.658356 -0.985384 -0.482731 -2.55395 -0.403494 1.64458 0.366541
14.068 0.3 -0.012 0.52 0.300148 -0.0116539 0.52012 0.658365 -0.985386 -0.482735 -2.55395 -0.403523 1.64455 0.366531
14.069 0.3 -0.012 0.52 0.300147 -0.0116568 0.520119 0.658374 -0.985389 -0.482739 -2.55394 -0.403552 1.64453 0.366521
14.07 0.3 -0.012 0.52 0.300146 -0.0116597 0.520118 0.658383 -0.985391 -0.482742 -2.55394 -0.403581 1.64451 0.366511
14.071 0.3 -0.012 0.52 0.300146 -0.0116625 0.520118 0.658392 -0.985393 -0.482746 -2.55394 -0.403609 1.64448 0.366501
14.072 0.3 -0.012 0.52 0.300145 -0.0116653 0.520117 0.6584 -0.985395 -0.482749 -2.55393 -0.403638 1.64446 0.366491
14.073 0.3 -0.012 0.52 0.300144 -0.0116681 0.520116 0.658409 -0.985397 -0.482753 -2.55393 -0.403666 1.64444 0.366481
14.074 0.3 -0.012 0.52 0.300144 -0.0116709 0.520116 0.658417 -0.985399 -0.482757 -2.55393 -0.403694 1.64442 0.366471
14.075 0.3 -0.012 0.52 0.300143 -0.0116736 0.520115 0.658426 -0.985401 -0.48276 -2.55392 -0.403721 1.64439 0.366461
14.076 0.3 -0.012 0.52 0.300142 -0.0116763 0.520115 0.658434 -0.985403 -0.482764 -2.55392 -0.403748 1.64437 0.366451
14.077 0.3 -0.012 0.52 0.300142 -0.011679 0.520114 0.658442 -0.985405 -0.482767 -2.55392 -0.403776 1.64435 0.366442
14.078 0.3 -0.012 0.52 0.300141 -0.0116817 0.520113 0.658451 -0.985407 -0.482771 -2.55391 -0.403802 1.64433 0.366432
14.079 0.3 -0.012 0.52 0.30014 -0.0116844 0.520113 0.658459 -0.985409 -0.482774 -2.55391 -0.403829 1.6443 0.366423
14.08 0.3 -0.012 0.52 0.30014 -0.011687 0.520112 0.658467 -0.985411 -0.482778 -2.55391 -0.403855 1.64428 0.366413
14.081 0.3 -0.012 0.52 0.300139 -0.0116896 0.520111 0.658475 -0.985413 -0.482781 -2.5539 -0.403881 1.64426 0.366404
14.082 0.3 -0.012 0.52 0.300139 -0.0116922 0.520111 0.658483 -0.985415 -0.482784 -2.5539 -0.403907 1.64424 0.366394
14.083 0.3 -0.012 0.52 0.300138 -0.0116947 0.52011 0.658491 -0.985417 -0.482788 -2.5539 -0.403933 1.64422 0.366385
14.084 0.3 -0.012 0.52 0.300137 -0.0116973 0.52011 0.658499 -0.985419 -0.482791 -2.55389 -0.403959 1.6442 0.366376
14.085 0.3 -0.012 0.52 0.300137 -0.0116998 0.520109 0.658507 -0.985421 -0.482795 -2.55389 -0.403984 1.64418 0.366367
14.086 0.3 -0.012 0.52 0.300136 -0.0117023 0.520109 0.658515 -0.985423 -0.482798 -2.55389 -0.404009 1.64415 0.366358
14.087 0.3 -0.012 0.52 0.300135 -0.0117048 0.520108 0.658523 -0.985425 -0.482801 -2.55388 -0.404034 1.64413 0.366349
14.088 0.3 -0.012 0.52 0.300135 -0.0117072 0.520107 0.65853 -0.985427 -0.482804 -2.55388 -0.404058 1.64411 0.36634
14.089 0.3 -0.012 0.52 0.300134 -0.0117097 0.520107 0.658538 -0.985429 -0.482808 -2.55388 -0.404082 1.64409 0.366331
14.09 0.3 -0.012 0.52 0.300134 -0.0117121 0.520106 0.658546 -0.985431 -0.482811 -2.55387 -0.404107 1.64407 0.366322
14.091 0.3 -0.012 0.52 0.300133 -0.0117145 0.520106 0.658553 -0.985433 -0.482814 -2.55387 -0.40413 1.64405 0.366313
14.092 0.3 -0.012 0.52 0.300132 -0.0117168 0.520105 0.658561 -0.985435 -0.482817 -2.55387 -0.404154 1.64403 0.366304
14.093 0.3 -0.012 0.52 0.300132 -0.0117192 0.520105 0.658568 -0.985436 -0.482821 -2.55387 -0.404178 1.64401 0.366296
14.094 0.3 -0.012 0.52 0.300131 -0.0117215 0.520104 0.658576 -0.985438 -0.482824 -2.55386 -0.404201 1.64399 0.366287
14.095 0.3 -0.012 0.52 0.300131 -0.0117238 0.520104 0.658583 -0.98544 -0.482827 -2.55386 -0.404224 1.64397 0.366279
14.096 0.3 -0.012 0.52 0.30013 -0.0117261 0.520103 0.65859 -0.985442 -0.48283 -2.55386 -0.404247 1.64395 0.36627
14.097 0.3 -0.012 0.52 0.300129 -0.0117284 0.520102 0.658598 -0.985444 -0.482833 -2.55385 -0.404269 1.64393 0.366262
14.098 0.3 -0.012 0.52 0.300129 -0.0117307 0.520102 0.658605 -0.985445 -0.482836 -2.55385 -0.404292 1.64391 0.366253
14.099 0.3 -0.012 0.52 0.300128 -0.0117329 0.520101 0.658612 -0.985447 -0.482839 -2.55385 -0.404314 1.6439 0.366245
14.1 0.3 -0.012 0.52 0.300128 -0.0117351 0.520101 0.658619 -0.985449 -0.482842 -2.55384 -0.404336 1.64388 0.366237
14.101 0.3 -0.012 0.52 0.300127 -0.0117373 0.5201 0.658626 -0.985451 -0.482845 -2.55384 -0.404358 1.64386 0.366229
14.102 0.3 -0.012 0.52 0.300126 -0.0117395 0.5201 0.658633 -0.985452 -0.482848 -2.55384 -0.40438 1.64384 0.36622
14.103 0.3 -0.012 0.52 0.300126 -0.0117417 0.520099 0.65864 -0.985454 -0.482851 -2.55384 -0.404401 1.64382 0.366212
14.104 0.3 -0.012 0.52 0.300125 -0.0117438 0.520099 0.658647 -0.985456 -0.482854 -2.55383 -0.404423 1.6438 0.366204
14.105 0.3 -0.012 0.52 0.300125 -0.0117459 0.520098 0.658654 -0.985458 -0.482857 -2.55383 -0.404444 1.64378 0.366196
14.106 0.3 -0.012 0.52 0.300124 -0.011748 0.520098 0.658661 -0.985459 -0.48286 -2.55383 -0.404465 1.64377 0.366188
14.107 0.3 -0.012 0.52 0.300124 -0.0117501 0.520097 0.658668 -0.985461 -0.482863 -2.55383 -0.404485 1.64375 0.36618
14.108 0.3 -0.012 0.52 0.300123 -0.0117522 0.520097 0.658675 -0.985463 -0.482866 -2.55382 -0.404506 1.64373 0.366173
14.109 0.3 -0.012 0.52 0.300122 -0.0117542 0.520096 0.658681 -0.985464 -0.482869 -2.55382 -0.404526 1.64371 0.366165
14.11 0.3 -0.012 0.52 0.300122 -0.0117563 0.520096 0.658688 -0.985466 -0.482872 -2.55382 -0.404546 1.64369 0.366157
14.111 0.3 -0.012 0.52 0.300121 -0.0117583 0.520095 0.658695 -0.985467 -0.482874 -2.55381 -0.404566 1.64368 0.366149
14.112 0.3 -0.012 0.52 0.300121 -0.0117603 0.520095 0.658701 -0.985469 -0.482877 -2.55381 -0.404586 1.64366 0.366142
14.113 0.3 -0.012 0.52 0.30012 -0.0117623 0.520094 0.658708 -0.985471 -0.48288 -2.55381 -0.404606 1.64364 0.366134
14.114 0.3 -0.012 0.52 0.30012 -0.0117642 0.520094 0.658714 -0.985472 -0.482883 -2.55381 -0.404625 1.64362 0.366127
14.115 0.3 -0.012 0.52 0.300119 -0.0117662 0.520094 0.658721 -0.985474 -0.482886 -2.5538 -0.404644 1.64361 0.366119
14.116 0.3 -0.012 0.52 0.300119 -0.0117681 0.520093 0.658727 -0.985475 -0.482888 -2.5538 -0.404663 1.64359 0.366112
14.117 0.3 -0.012 0.52 0.300118 -0.01177 0.520093 0.658733 -0.985477 -0.482891 -2.5538 -0.404682 1.64357 0.366105
14.118 0.3 -0.012 0.52 0.300117 -0.0117719 0.520092 0.65874 -0.985478 -0.482894 -2.5538 -0.404701 1.64356 0.366097
14.119 0.3 -0.012 0.52 0.300117 -0.0117738 0.520092 0.658746 -0.98548 -0.482896 -2.55379 -0.40472 1.64354 0.36609
14.12 0.3 -0.012 0.52 0.300116 -0.0117757 0.520091 0.658752 -0.985482 -0.482899 -2.55379 -0.404738 1.64352 0.366083
14.121 0.3 -0.012 0.52 0.300116 -0.0117775 0.520091 0.658758 -0.985483 -0.482902 -2.55379 -0.404756 1.64351 0.366076
14.122 0.3 -0.012 0.52 0.300115 -0.0117794 0.52009 0.658764 -0.985485 -0.482904 -2.55379 -0.404774 1.64349 0.366069
14.123 0.3 -0.012 0.52 0.300115 -0.0117812 0.52009 0.65877 -0.985486 -0.482907 -2.55378 -0.404792 1.64348 0.366062
14.124 0.3 -0.012 0.52 0.300114 -0.011783 0.52009 0.658776 -0.985488 -0.48291 -2.55378 -0.40481 1.64346 0.366055
14.125 0.3 -0.012 0.52 0.300114 -0.0117848 0.520089 0.658782 -0.985489 -0.482912 -2.55378 -0.404827 1.64344 0.366048
14.126 0.3 -0.012 0.52 0.300113 -0.0117865 0.520089 0.658788 -0.98549 -0.482915 -2.55378 -0.404845 1.64343 0.366041
14.127 0.3 -0.012 0.52 0.300113 -0.0117883 0.520088 0.658794 -0.985492 -0.482917 -2.55377 -0.404862 1.64341 0.366034
14.128 0.3 -0.012 0.52 0.300112 -0.01179 0.520088 0.6588 -0.985493 -0.48292 -2.55377 -0.404879 1.6434 0.366027
14.129 0.3 -0.012 0.52 0.300112 -0.0117917 0.520087 0.658806 -0.985495 -0.482922 -2.55377 -0.404896 1.64338 0.36602
14.13 0.3 -0.012 0.52 0.300111 -0.0117935 0.520087 0.658812 -0.985496 -0.482925 -2.55377 -0.404913 1.64337 0.366014
14.131 0.3 -0.012 0.52 0.300111 -0.0117952 0.520087 0.658818 -0.985498 -0.482927 -2.55376 -0.40493 1.64335 0.366007
14.132 0.3 -0.012 0.52 0.30011 -0.0117968 0.520086 0.658823 -0.985499 -0.48293 -2.55376 -0.404946 1.64334 0.366
14.133 0.3 -0.012 0.52 0.30011 -0.0117985 0.520086 0.658829 -0.9855 -0.482932 -2.55376 -0.404962 1.64332 0.365994
14.134 0.3 -0.012 0.52 0.300109 -0.0118001 0.520085 0.658835 -0.985502 -0.482935 -2.55376 -0.404979 1.64331 0.365987
14.135 0.3 -0.012 0.52 0.300109 -0.0118018 0.520085 0.65884 -0.985503 -0.482937 -2.55376 -0.404995 1.64329 0.365981
14.136 0.3 -0.012 0.52 0.300108 -0.0118034 0.520085 0.658846 -0.985505 -0.48294 -2.55375 -0.405011 1.64328 0.365974
14.137 0.3 -0.012 0.52 0.300108 -0.011805 0.520084 0.658851 -0.985506 -0.482942 -2.55375 -0.405026 1.64326 0.365968
14.138 0.3 -0.012 0.52 0.300107 -0.0118066 0.520084 0.658857 -0.985507 -0.482944 -2.55375 -0.405042 1.64325 0.365962
14.139 0.3 -0.012 0.52 0.300107 -0.0118082 0.520083 0.658862 -0.985509 -0.482947 -2.55375 -0.405057 1.64323 0.365955
14.14 0.3 -0.012 0.52 0.300106 -0.0118098 0.520083 0.658868 -0.98551 -0.482949 -2.55374 -0.405073 1.64322 0.365949
14.141 0.3 -0.012 0.52 0.300106 -0.0118113 0.520083 0.658873 -0.985511 -0.482951 -2.55374 -0.405088 1.6432 0.365943
14.142 0.3 -0.012 0.52 0.300105 -0.0118129 0.520082 0.658878 -0.985513 -0.482954 -2.55374 -0.405103 1.64319 0.365937
14.143 0.3 -0.012 0.52 0.300105 -0.0118144 0.520082 0.658883 -0.985514 -0.482956 -2.55374 -0.405118 1.64318 0.365931
14.144 0.3 -0.012 0.52 0.300104 -0.0118159 0.520082 0.658889 -0.985515 -0.482958 -2.55374 -0.405132 1.64316 0.365924
14.145 0.3 -0.012 0.52 0.300104 -0.0118174 0.520081 0.658894 -0.985516 -0.48296 -2.55373 -0.405147 1.64315 0.365918
14.146 0.3 -0.012 0.52 0.300103 -0.0118189 0.520081 0.658899 -0.985518 -0.482963 -2.55373 -0.405162 1.64313 0.365912
14.147 0.3 -0.012 0.52 0.300103 -0.0118204 0.52008 0.658904 -0.985519 -0.482965 -2.55373 -0.405176 1.64312 0.365907
14.148 0.3 -0.012 0.52 0.300102 -0.0118218 0.52008 0.658909 -0.98552 -0.482967 -2.55373 -0.40519 1.64311 0.365901
14.149 0.3 -0.012 0.52 0.300102 -0.0118233 0.52008 0.658914 -0.985521 -0.482969 -2.55372 -0.405204 1.64309 0.365895
14.15 0.3 -0.012 0.52 0.300101 -0.0118247 0.520079 0.658919 -0.985523 -0.482972 -2.55372 -0.405218 1.64308 0.365889
14.151 0.3 -0.012 0.52 0.300101 -0.0118261 0.520079 0.658924 -0.985524 -0.482974 -2.55372 -0.405232 1.64307 0.365883
14.152 0.3 -0.012 0.52 0.3001 -0.0118275 0.520079 0.658929 -0.985525 -0.482976 -2.55372 -0.405246 1.64305 0.365877
14.153 0.3 -0.012 0.52 0.3001 -0.0118289 0.520078 0.658934 -0.985526 -0.482978 -2.55372 -0.405259 1.64304 0.365872
14.154 0.3 -0.012 0.52 0.3001 -0.0118303 0.520078 0.658939 -0.985528 -0.48298 -2.55371 -0.405273 1.64303 0.365866
14.155 0.3 -0.012 0.52 0.300099 -0.0118317 0.520078 0.658944 -0.985529 -0.482982 -2.55371 -0.405286 1.64301 0.365861
14.156 0.3 -0.012 0.52 0.300099 -0.0118331 0.520077 0.658949 -0.98553 -0.482984 -2.55371 -0.405299 1.643 0.365855
14.157 0.3 -0.012 0.52 0.300098 -0.0118344 0.520077 0.658954 -0.985531 -0.482986 -2.55371 -0.405312 1.64299 0.365849
14.158 0.3 -0.012 0.52 0.300098 -0.0118357 0.520077 0.658958 -0.985532 -0.482989 -2.55371 -0.405325 1.64298 0.365844
14.159 0.3 -0.012 0.52 0.300097 -0.0118371 0.520076 0.658963 -0.985533 -0.482991 -2.55371 -0.405338 1.64296 0.365839
14.16 0.3 -0.012 0.52 0.300097 -0.0118384 0.520076 0.658968 -0.985535 -0.482993 -2.5537 -0.405351 1.64295 0.365833
14.161 0.3 -0.012 0.52 0.300096 -0.0118397 0.520076 0.658972 -0.985536 -0.482995 -2.5537 -0.405363 1.64294 0.365828
14.162 0.3 -0.012 0.52 0.300096 -0.011841 0.520075 0.658977 -0.985537 -0.482997 -2.5537 -0.405376 1.64293 0.365823
14.163 0.3 -0.012 0.52 0.300096 -0.0118423 0.520075 0.658981 -0.985538 -0.482999 -2.5537 -0.405388 1.64291 0.365817
14.164 0.3 -0.012 0.52 0.300095 -0.0118435 0.520075 0.658986 -0.985539 -0.483001 -2.5537 -0.4054 1.6429 0.365812
14.165 0.3 -0.012 0.52 0.300095 -0.0118448 0.520074 0.65899 -0.98554 -0.483003 -2.55369 -0.405413 1.64289 0.365807
14.166 0.3 -0.012 0.52 0.300094 -0.011846 0.520074 0.658995 -0.985541 -0.483005 -2.55369 -0.405425 1.64288 0.365802
14.167 0.3 -0.012 0.52 0.300094 -0.0118473 0.520074 0.658999 -0.985542 -0.483007 -2.55369 -0.405436 1.64287 0.365797
14.168 0.3 -0.012 0.52 0.300093 -0.0118485 0.520073 0.659004 -0.985543 -0.483008 -2.55369 -0.405448 1.64286 0.365792
14.169 0.3 -0.012 0.52 0.300093 -0.0118497 0.520073 0.659008 -0.985544 -0.48301 -2.55369 -0.40546 1.64284 0.365787
14.17 0.3 -0.012 0.52 0.300093 -0.0118509 0.520073 0.659012 -0.985546 -0.483012 -2.55368 -0.405472 1.64283 0.365782
14.171 0.3 -0.012 0.52 0.300092 -0.0118521 0.520072 0.659017 -0.985547 -0.483014 -2.55368 -0.405483 1.64282 0.365777
14.172 0.3 -0.012 0.52 0.300092 -0.0118533 0.520072 0.659021 -0.985548 -0.483016 -2.55368 -0.405494 1.64281 0.365772
14.173 0.3 -0.012 0.52 0.300091 -0.0118545 0.520072 0.659025 -0.985549 -0.483018 -2.55368 -0.405506 1.6428 0.365767
14.174 0.3 -0.012 0.52 0.300091 -0.0118556 0.520071 0.659029 -0.98555 -0.48302 -2.55368 -0.405517 1.64279 0.365762
14.175 0.3 -0.012 0.52 0.30009 -0.0118568 0.520071 0.659034 -0.985551 -0.483022 -2.55368 -0.405528 1.64278 0.365757
14.176 0.3 -0.012 0.52 0.30009 -0.0118579 0.520071 0.659038 -0.985552 -0.483023 -2.55367 -0.405539 1.64276 0.365752
14.177 0.3 -0.012 0.52 0.30009 -0.0118591 0.520071 0.659042 -0.985553 -0.483025 -2.55367 -0.40555 1.64275 0.365748
14.178 0.3 -0.012 0.52 0.300089 -0.0118602 0.52007 0.659046 -0.985554 -0.483027 -2.55367 -0.40556 1.64274 0.365743
14.179 0.3 -0.012 0.52 0.300089 -0.0118613 0.52007 0.65905 -0.985555 -0.483029 -2.55367 -0.405571 1.64273 0.365738
14.18 0.3 -0.012 0.52 0.300088 -0.0118624 0.52007 0.659054 -0.985556 -0.483031 -2.55367 -0.405582 1.64272 0.365734
14.181 0.3 -0.012 0.52 0.300088 -0.0118635 0.520069 0.659058 -0.985557 -0.483032 -2.55367 -0.405592 1.64271 0.365729
14.182 0.3 -0.012 0.52 0.300088 -0.0118646 0.520069 0.659062 -0.985558 -0.483034 -2.55366 -0.405602 1.6427 0.365725
14.183 0.3 -0.012 0.52 0.300087 -0.0118657 0.520069 0.659066 -0.985559 -0.483036 -2.55366 -0.405613 1.64269 0.36572
14.184 0.3 -0.012 0.52 0.300087 -0.0118667 0.520069 0.65907 -0.98556 -0.483038 -2.55366 -0.405623 1.64268 0.365716
14.185 0.3 -0.012 0.52 0.300086 -0.0118678 0.520068 0.659074 -0.985561 -0.483039 -2.55366 -0.405633 1.64267 0.365711
14.186 0.3 -0.012 0.52 0.300086 -0.0118688 0.520068 0.659078 -0.985562 -0.483041 -2.55366 -0.405643 1.64266 0.365707
14.187 0.3 -0.012 0.52 0.300086 -0.0118699 0.520068 0.659081 -0.985563 -0.483043 -2.55366 -0.405653 1.64265 0.365703
14.188 0.3 -0.012 0.52 0.300085 -0.0118709 0.520067 0.659085 -0.985563 -0.483044 -2.55365 -0.405662 1.64264 0.365698
14.189 0.3 -0.012 0.52 0.300085 -0.0118719 0.520067 0.659089 -0.985564 -0.483046 -2.55365 -0.405672 1.64263 0.365694
14.19 0.3 -0.012 0.52 0.300085 -0.0118729 0.520067 0.659093 -0.985565 -0.483048 -2.55365 -0.405682 1.64262 0.36569
14.191 0.3 -0.012 0.52 0.300084 -0.0118739 0.520067 0.659096 -0.985566 -0.483049 -2.55365 -0.405691 1.64261 0.365686
14.192 0.3 -0.012 0.52 0.300084 -0.0118749 0.520066 0.6591 -0.985567 -0.483051 -2.55365 -0.405701 1.6426 0.365681
14.193 0.3 -0.012 0.52 0.300083 -0.0118759 0.520066 0.659104 -0.985568 -0.483052 -2.55365 -0.40571 1.64259 0.365677
14.194 0.3 -0.012 0.52 0.300083 -0.0118769 0.520066 0.659107 -0.985569 -0.483054 -2.55365 -0.405719 1.64258 0.365673
14.195 0.3 -0.012 0.52 0.300083 -0.0118779 0.520066 0.659111 -0.98557 -0.483056 -2.55364 -0.405728 1.64257 0.365669
14.196 0.3 -0.012 0.52 0.300082 -0.0118788 0.520065 0.659115 -0.985571 -0.483057 -2.55364 -0.405737 1.64256 0.365665
14.197 0.3 -0.012 0.52 0.300082 -0.0118798 0.520065 0.659118 -0.985572 -0.483059 -2.55364 -0.405746 1.64255 0.365661
14.198 0.3 -0.012 0.52 0.300082 -0.0118807 0.520065 0.659122 -0.985572 -0.48306 -2.55364 -0.405755 1.64254 0.365657
14.199 0.3 -0.012 0.52 0.300081 -0.0118817 0.520065 0.659125 -0.985573 -0.483062 -2.55364 -0.405764 1.64253 0.365653
14.2 0.3 -0.012 0.52 0.300081 -0.0118826 0.520064 0.659129 -0.985574 -0.483063 -2.55364 -0.405773 1.64252 0.365649
14.201 0.3 -0.012 0.52 0.30008 -0.0118835 0.520064 0.659132 -0.985575 -0.483065 -2.55363 -0.405782 1.64251 0.365645
14.202 0.3 -0.012 0.52 0.30008 -0.0118844 0.520064 0.659135 -0.985576 -0.483066 -2.55363 -0.40579 1.6425 0.365642
14.203 0.3 -0.012 0.52 0.30008 -0.0118853 0.520064 0.659139 -0.985577 -0.483068 -2.55363 -0.405799 1.64249 0.365638
14.204 0.3 -0.012 0.52 0.300079 -0.0118862 0.520063 0.659142 -0.985577 -0.483069 -2.55363 -0.405807 1.64248 0.365634
14.205 0.3 -0.012 0.52 0.300079 -0.0118871 0.520063 0.659146 -0.985578 -0.483071 -2.55363 -0.405815 1.64247 0.36563
14.206 0.3 -0.012 0.52 0.300079 -0.011888 0.520063 0.659149 -0.985579 -0.483072 -2.55363 -0.405824 1.64247 0.365627
14.207 0.3 -0.012 0.52 0.300078 -0.0118889 0.520063 0.659152 -0.98558 -0.483074 -2.55363 -0.405832 1.64246 0.365623
14.208 0.3 -0.012 0.52 0.300078 -0.0118897 0.520062 0.659155 -0.985581 -0.483075 -2.55363 -0.40584 1.64245 0.365619
14.209 0.3 -0.012 0.52 0.300078 -0.0118906 0.520062 0.659159 -0.985581 -0.483077 -2.55362 -0.405848 1.64244 0.365616
14.21 0.3 -0.012 0.52 0.300077 -0.0118914 0.520062 0.659162 -0.985582 -0.483078 -2.55362 -0.405856 1.64243 0.365612
14.211 0.3 -0.012 0.52 0.300077 -0.0118923 0.520062 0.659165 -0.985583 -0.48308 -2.55362 -0.405864 1.64242 0.365609
14.212 0.3 -0.012 0.52 0.300077 -0.0118931 0.520062 0.659168 -0.985584 -0.483081 -2.55362 -0.405872 1.64241 0.365605
14.213 0.3 -0.012 0.52 0.300076 -0.0118939 0.520061 0.659171 -0.985585 -0.483082 -2.55362 -0.405879 1.6424 0.365602
14.214 0.3 -0.012 0.52 0.300076 -0.0118948 0.520061 0.659175 -0.985585 -0.483084 -2.55362 -0.405887 1.6424 0.365598
14.215 0.3 -0.012 0.52 0.300076 -0.0118956 0.520061 0.659178 -0.985586 -0.483085 -2.55362 -0.405895 1.64239 0.365595
14.216 0.3 -0.012 0.52 0.300075 -0.0118964 0.520061 0.659181 -0.985587 -0.483086 -2.55361 -0.405902 1.64238 0.365592
14.217 0.3 -0.012 0.52 0.300075 -0.0118972 0.52006 0.659184 -0.985588 -0.483088 -2.55361 -0.40591 1.64237 0.365588
14.218 0.3 -0.012 0.52 0.300075 -0.011898 0.52006 0.659187 -0.985588 -0.483089 -2.55361 -0.405917 1.64236 0.365585
14.219 0.3 -0.012 0.52 0.300074 -0.0118988 0.52006 0.65919 -0.985589 -0.48309 -2.55361 -0.405924 1.64235 0.365582
14.22 0.3 -0.012 0.52 0.300074 -0.0118995 0.52006 0.659193 -0.98559 -0.483092 -2.55361 -0.405932 1.64235 0.365579
14.221 0.3 -0.012 0.52 0.300074 -0.0119003 0.52006 0.659196 -0.985591 -0.483093 -2.55361 -0.405939 1.64234 0.365576
14.222 0.3 -0.012 0.52 0.300073 -0.0119011 0.520059 0.659199 -0.985591 -0.483094 -2.55361 -0.405946 1.64233 0.365572
14.223 0.3 -0.012 0.52 0.300073 -0.0119018 0.520059 0.659202 -0.985592 -0.483096 -2.55361 -0.405953 1.64232 0.365569
14.224 0.3 -0.012 0.52 0.300073 -0.0119026 0.520059 0.659204 -0.985593 -0.483097 -2.5536 -0.40596 1.64231 0.365566
14.225 0.3 -0.012 0.52 0.300072 -0.0119033 0.520059 0.659207 -0.985593 -0.483098 -2.5536 -0.405967 1.64231 0.365563
14.226 0.3 -0.012 0.52 0.300072 -0.0119041 0.520058 0.65921 -0.985594 -0.4831 -2.5536 -0.405974 1.6423 0.36556
14.227 0.3 -0.012 0.52 0.300072 -0.0119048 0.520058 0.659213 -0.985595 -0.483101 -2.5536 -0.405981 1.64229 0.365557
14.228 0.3 -0.012 0.52 0.300071 -0.0119056 0.520058 0.659216 -0.985595 -0.483102 -2.5536 -0.405987 1.64228 0.365554
14.229 0.3 -0.012 0.52 0.300071 -0.0119063 0.520058 0.659219 -0.985596 -0.483103 -2.5536 -0.405994 1.64228 0.365551
14.23 0.3 -0.012 0.52 0.300071 -0.011907 0.520058 0.659221 -0.985597 -0.483104 -2.5536 -0.406001 1.64227 0.365548
14.231 0.3 -0.012 0.52 0.30007 -0.0119077 0.520057 0.659224 -0.985597 -0.483106 -2.5536 -0.406007 1.64226 0.365545
14.232 0.3 -0.012 0.52 0.30007 -0.0119084 0.520057 0.659227 -0.985598 -0.483107 -2.55359 -0.406014 1.64225 0.365543
14.233 0.3 -0.012 0.52 0.30007 -0.0119091 0.520057 0.659229 -0.985599 -0.483108 -2.55359 -0.40602 1.64225 0.36554
14.234 0.3 -0.012 0.52 0.300069 -0.0119098 0.520057 0.659232 -0.985599 -0.483109 -2.55359 -0.406026 1.64224 0.365537
14.235 0.3 -0.012 0.52 0.300069 -0.0119105 0.520057 0.659235 -0.9856 -0.48311 -2.55359 -0.406033 1.64223 0.365534
14.236 0.3 -0.012 0.52 0.300069 -0.0119112 0.520056 0.659237 -0.985601 -0.483112 -2.55359 -0.406039 1.64222 0.365532
14.237 0.3 -0.012 0.52 0.300069 -0.0119118 0.520056 0.65924 -0.985601 -0.483113 -2.55359 -0.406045 1.64222 0.365529
14.238 0.3 -0.012 0.52 0.300068 -0.0119125 0.520056 0.659243 -0.985602 -0.483114 -2.55359 -0.406051 1.64221 0.365526
14.239 0.3 -0.012 0.52 0.300068 -0.0119132 0.520056 0.659245 -0.985603 -0.483115 -2.55359 -0.406057 1.6422 0.365524
14.24 0.3 -0.012 0.52 0.300068 -0.0119138 0.520056 0.659248 -0.985603 -0.483116 -2.55359 -0.406063 1.64219 0.365521
14.241 0.3 -0.012 0.52 0.300067 -0.0119145 0.520055 0.65925 -0.985604 -0.483117 -2.55358 -0.406069 1.64219 0.365518
14.242 0.3 -0.012 0.52 0.300067 -0.0119151 0.520055 0.659253 -0.985604 -0.483118 -2.55358 -0.406075 1.64218 0.365516
14.243 0.3 -0.012 0.52 0.300067 -0.0119158 0.520055 0.659255 -0.985605 -0.48312 -2.55358 -0.406081 1.64217 0.365513
14.244 0.3 -0.012 0.52 0.300066 -0.0119164 0.520055 0.659258 -0.985606 -0.483121 -2.55358 -0.406087 1.64217 0.365511
14.245 0.3 -0.012 0.52 0.300066 -0.011917 0.520055 0.65926 -0.985606 -0.483122 -2.55358 -0.406093 1.64216 0.365508
14.246 0.3 -0.012 0.52 0.300066 -0.0119177 0.520055 0.659263 -0.985607 -0.483123 -2.55358 -0.406098 1.64215 0.365506
14.247 0.3 -0.012 0.52 0.300066 -0.0119183 0.520054 0.659265 -0.985607 -0.483124 -2.55358 -0.406104 1.64215 0.365504
14.248 0.3 -0.012 0.52 0.300065 -0.0119189 0.520054 0.659267 -0.985608 -0.483125 -2.55358 -0.40611 1.64214 0.365501
14.249 0.3 -0.012 0.52 0.300065 -0.0119195 0.520054 0.65927 -0.985609 -0.483126 -2.55358 -0.406115 1.64213 0.365499
14.25 0.3 -0.012 0.52 0.300065 -0.0119201 0.520054 0.659272 -0.985609 -0.483127 -2.55358 -0.406121 1.64213 0.365497
14.251 0.3 -0.012 0.52 0.300064 -0.0119207 0.520054 0.659275 -0.98561 -0.483128 -2.55357 -0.406126 1.64212 0.365494
14.252 0.3 -0.012 0.52 0.300064 -0.0119213 0.520053 0.659277 -0.98561 -0.483129 -2.55357 -0.406132 1.64211 0.365492
14.253 0.3 -0.012 0.52 0.300064 -0.0119219 0.520053 0.659279 -0.985611 -0.48313 -2.55357 -0.406137 1.64211 0.36549
14.254 0.3 -0.012 0.52 0.300064 -0.0119225 0.520053 0.659281 -0.985611 -0.483131 -2.55357 -0.406142 1.6421 0.365488
14.255 0.3 -0.012 0.52 0.300063 -0.0119231 0.520053 0.659284 -0.985612 -0.483132 -2.55357 -0.406148 1.64209 0.365486
14.256 0.3 -0.012 0.52 0.300063 -0.0119237 0.520053 0.659286 -0.985613 -0.483133 -2.55357 -0.406153 1.64209 0.365483
14.257 0.3 -0.012 0.52 0.300063 -0.0119242 0.520053 0.659288 -0.985613 -0.483134 -2.55357 -0.406158 1.64208 0.365481
14.258 0.3 -0.012 0.52 0.300063 -0.0119248 0.520052 0.65929 -0.985614 -0.483135 -2.55357 -0.406163 1.64208 0.365479
14.259 0.3 -0.012 0.52 0.300062 -0.0119254 0.520052 0.659293 -0.985614 -0.483136 -2.55357 -0.406168 1.64207 0.365477
14.26 0.3 -0.012 0.52 0.300062 -0.0119259 0.520052 0.659295 -0.985615 -0.483137 -2.55357 -0.406173 1.64206 0.365475
14.261 0.3 -0.012 0.52 0.300062 -0.0119265 0.520052 0.659297 -0.985615 -0.483138 -2.55356 -0.406178 1.64206 0.365473
14.262 0.3 -0.012 0.52 0.300061 -0.011927 0.520052 0.659299 -0.985616 -0.483139 -2.55356 -0.406183 1.64205 0.365471
14.263 0.3 -0.012 0.52 0.300061 -0.0119276 0.520052 0.659301 -0.985616 -0.48314 -2.55356 -0.406188 1.64204 0.365469
14.264 0.3 -0.012 0.52 0.300061 -0.0119281 0.520051 0.659303 -0.985617 -0.483141 -2.55356 -0.406193 1.64204 0.365467
14.265 0.3 -0.012 0.52 0.300061 -0.0119286 0.520051 0.659305 -0.985617 -0.483142 -2.55356 -0.406198 1.64203 0.365466
14.266 0.3 -0.012 0.52 0.30006 -0.0119292 0.520051 0.659308 -0.985618 -0.483143 -2.55356 -0.406202 1.64203 0.365464
14.267 0.3 -0.012 0.52 0.30006 -0.0119297 0.520051 0.65931 -0.985618 -0.483144 -2.55356 -0.406207 1.64202 0.365462
14.268 0.3 -0.012 0.52 0.30006 -0.0119302 0.520051 0.659312 -0.985619 -0.483145 -2.55356 -0.406212 1.64202 0.36546
14.269 0.3 -0.012 0.52 0.30006 -0.0119307 0.520051 0.659314 -0.985619 -0.483145 -2.55356 -0.406216 1.64201 0.365458
14.27 0.3 -0.012 0.52 0.300059 -0.0119312 0.520051 0.659316 -0.98562 -0.483146 -2.55356 -0.406221 1.642 0.365457
14.271 0.3 -0.012 0.52 0.300059 -0.0119318 0.52005 0.659318 -0.98562 -0.483147 -2.55356 -0.406226 1.642 0.365455
14.272 0.3 -0.012 0.52 0.300059 -0.0119323 0.52005 0.65932 -0.985621 -0.483148 -2.55355 -0.40623 1.64199 0.365453
14.273 0.3 -0.012 0.52 0.300059 -0.0119328 0.52005 0.659322 -0.985621 -0.483149 -2.55355 -0.406234 1.64199 0.365451
14.274 0.3 -0.012 0.52 0.300058 -0.0119333 0.52005 0.659324 -0.985622 -0.48315 -2.55355 -0.406239 1.64198 0.36545
14.275 0.3 -0.012 0.52 0.300058 -0.0119338 0.52005 0.659326 -0.985622 -0.483151 -2.55355 -0.406243 1.64198 0.365448
14.276 0.3 -0.012 0.52 0.300058 -0.0119342 0.52005 0.659328 -0.985623 -0.483152 -2.55355 -0.406248 1.64197 0.365447
14.277 0.3 -0.012 0.52 0.300058 -0.0119347 0.520049 0.659329 -0.985623 -0.483152 -2.55355 -0.406252 1.64196 0.365445
14.278 0.3 -0.012 0.52 0.300057 -0.0119352 0.520049 0.659331 -0.985624 -0.483153 -2.55355 -0.406256 1.64196 0.365444
14.279 0.3 -0.012 0.52 0.300057 -0.0119357 0.520049 0.659333 -0.985624 -0.483154 -2.55355 -0.406261 1.64195 0.365442
14.28 0.3 -0.012 0.52 0.300057 -0.0119362 0.520049 0.659335 -0.985624 -0.483155 -2.55355 -0.406265 1.64195 0.365441
14.281 0.3 -0.012 0.52 0.300057 -0.0119366 0.520049 0.659337 -0.985625 -0.483156 -2.55355 -0.406269 1.64194 0.365439
14.282 0.3 -0.012 0.52 0.300056 -0.0119371 0.520049 0.659339 -0.985625 -0.483157 -2.55355 -0.406273 1.64194 0.365438
14.283 0.3 -0.012 0.52 0.300056 -0.0119376 0.520049 0.659341 -0.985626 -0.483157 -2.55355 -0.406277 1.64193 0.365436
14.284 0.3 -0.012 0.52 0.300056 -0.011938 0.520048 0.659342 -0.985626 -0.483158 -2.55354 -0.406281 1.64193 0.365435
14.285 0.3 -0.012 0.52 0.300056 -0.0119385 0.520048 0.659344 -0.985627 -0.483159 -2.55354 -0.406285 1.64192 0.365433
14.286 0.3 -0.012 0.52 0.300055 -0.0119389 0.520048 0.659346 -0.985627 -0.48316 -2.55354 -0.406289 1.64192 0.365432
14.287 0.3 -0.012 0.52 0.300055 -0.0119394 0.520048 0.659348 -0.985627 -0.483161 -2.55354 -0.406293 1.64191 0.365431
14.288 0.3 -0.012 0.52 0.300055 -0.0119398 0.520048 0.65935 -0.985628 -0.483161 -2.55354 -0.406297 1.64191 0.36543
14.289 0.3 -0.012 0.52 0.300055 -0.0119403 0.520048 0.659351 -0.985628 -0.483162 -2.55354 -0.406301 1.6419 0.365428
14.29 0.3 -0.012 0.52 0.300055 -0.0119407 0.520048 0.659353 -0.985629 -0.483163 -2.55354 -0.406305 1.6419 0.365427
14.291 0.3 -0.012 0.52 0.300054 -0.0119411 0.520047 0.659355 -0.985629 -0.483164 -2.55354 -0.406309 1.64189 0.365426
14.292 0.3 -0.012 0.52 0.300054 -0.0119416 0.520047 0.659356 -0.98563 -0.483164 -2.55354 -0.406312 1.64189 0.365425
14.293 0.3 -0.012 0.52 0.300054 -0.011942 0.520047 0.659358 -0.98563 -0.483165 -2.55354 -0.406316 1.64188 0.365424
14.294 0.3 -0.012 0.52 0.300054 -0.0119424 0.520047 0.65936 -0.98563 -0.483166 -2.55354 -0.40632 1.64188 0.365422
14.295 0.3 -0.012 0.52 0.300053 -0.0119428 0.520047 0.659362 -0.985631 -0.483167 -2.55354 -0.406324 1.64187 0.365421
14.296 0.3 -0.012 0.52 0.300053 -0.0119433 0.520047 0.659363 -0.985631 -0.483167 -2.55354 -0.406327 1.64187 0.36542
14.297 0.3 -0.012 0.52 0.300053 -0.0119437 0.520047 0.659365 -0.985632 -0.483168 -2.55353 -0.406331 1.64186 0.365419
14.298 0.3 -0.012 0.52 0.300053 -0.0119441 0.520047 0.659366 -0.985632 -0.483169 -2.55353 -0.406334 1.64186 0.365418
14.299 0.3 -0.012 0.52 0.300053 -0.0119445 0.520046 0.659368 -0.985632 -0.48317 -2.55353 -0.406338 1.64185 0.365417
14.3 0.3 -0.012 0.52 0.300052 -0.0119449 0.520046 0.65937 -0.985633 -0.48317 -2.55353 -0.406342 1.64185 0.365416
14.301 0.3 -0.012 0.52 0.300052 -0.0119453 0.520046 0.659371 -0.985633 -0.483171 -2.55353 -0.406345 1.64184 0.365415
14.302 0.3 -0.012 0.52 0.300052 -0.0119457 0.520046 0.659373 -0.985633 -0.483172 -2.55353 -0.406349 1.64184 0.365414
14.303 0.3 -0.012 0.52 0.300052 -0.0119461 0.520046 0.659374 -0.985634 -0.483172 -2.55353 -0.406352 1.64183 0.365413
14.304 0.3 -0.012 0.52 0.300051 -0.0119465 0.520046 0.659376 -0.985634 -0.483173 -2.55353 -0.406355 1.64183 0.365412
14.305 0.3 -0.012 0.52 0.300051 -0.0119469 0.520046 0.659377 -0.985635 -0.483174 -2.55353 -0.406359 1.64183 0.365412
14.306 0.3 -0.012 0.52 0.300051 -0.0119473 0.520046 0.659379 -0.985635 -0.483174 -2.55353 -0.406362 1.64182 0.365411
14.307 0.3 -0.012 0.52 0.300051 -0.0119477 0.520045 0.65938 -0.985635 -0.483175 -2.55353 -0.406365 1.64182 0.36541
14.308 0.3 -0.012 0.52 0.300051 -0.011948 0.520045 0.659382 -0.985636 -0.483176 -2.55353 -0.406369 1.64181 0.365409
14.309 0.3 -0.012 0.52 0.30005 -0.0119484 0.520045 0.659383 -0.985636 -0.483176 -2.55353 -0.406372 1.64181 0.365408
14.31 0.3 -0.012 0.52 0.30005 -0.0119488 0.520045 0.659385 -0.985636 -0.483177 -2.55353 -0.406375 1.6418 0.365408
14.311 0.3 -0.012 0.52 0.30005 -0.0119492 0.520045 0.659386 -0.985637 -0.483178 -2.55352 -0.406379 1.6418 0.365407
14.312 0.3 -0.012 0.52 0.30005 -0.0119495 0.520045 0.659388 -0.985637 -0.483178 -2.55352 -0.406382 1.64179 0.365406
14.313 0.3 -0.012 0.52 0.30005 -0.0119499 0.520045 0.659389 -0.985637 -0.483179 -2.55352 -0.406385 1.64179 0.365405
14.314 0.3 -0.012 0.52 0.300049 -0.0119503 0.520045 0.659391 -0.985638 -0.48318 -2.55352 -0.406388 1.64179 0.365405
14.315 0.3 -0.012 0.52 0.300049 -0.0119506 0.520044 0.659392 -0.985638 -0.48318 -2.55352 -0.406391 1.64178 0.365404
14.316 0.3 -0.012 0.52 0.300049 -0.011951 0.520044 0.659394 -0.985638 -0.483181 -2.55352 -0.406394 1.64178 0.365403
14.317 0.3 -0.012 0.52 0.300049 -0.0119513 0.520044 0.659395 -0.985639 -0.483181 -2.55352 -0.406397 1.64177 0.365403
14.318 0.3 -0.012 0.52 0.300049 -0.0119517 0.520044 0.659396 -0.985639 -0.483182 -2.55352 -0.4064 1.64177 0.365402
14.319 0.3 -0.012 0.52 0.300048 -0.011952 0.520044 0.659398 -0.985639 -0.483183 -2.55352 -0.406403 1.64176 0.365402
14.32 0.3 -0.012 0.52 0.300048 -0.0119524 0.520044 0.659399 -0.98564 -0.483183 -2.55352 -0.406406 1.64176 0.365401
14.321 0.3 -0.012 0.52 0.300048 -0.0119527 0.520044 0.659401 -0.98564 -0.483184 -2.55352 -0.406409 1.64176 0.365401
14.322 0.3 -0.012 0.52 0.300048 -0.0119531 0.520044 0.659402 -0.98564 -0.483184 -2.55352 -0.406412 1.64175 0.3654
14.323 0.3 -0.012 0.52 0.300048 -0.0119534 0.520044 0.659403 -0.985641 -0.483185 -2.55352 -0.406415 1.64175 0.3654
14.324 0.3 -0.012 0.52 0.300047 -0.0119537 0.520043 0.659405 -0.985641 -0.483186 -2.55352 -0.406418 1.64174 0.365399
14.325 0.3 -0.012 0.52 0.300047 -0.0119541 0.520043 0.659406 -0.985641 -0.483186 -2.55352 -0.406421 1.64174 0.365399
14.326 0.3 -0.012 0.52 0.300047 -0.0119544 0.520043 0.659407 -0.985642 -0.483187 -2.55352 -0.406424 1.64174 0.365398
14.327 0.3 -0.012 0.52 0.300047 -0.0119547 0.520043 0.659408 -0.985642 -0.483187 -2.55351 -0.406427 1.64173 0.365398
14.328 0.3 -0.012 0.52 0.300047 -0.0119551 0.520043 0.65941 -0.985642 -0.483188 -2.55351 -0.406429 1.64173 0.365398
14.329 0.3 -0.012 0.52 0.300047 -0.0119554 0.520043 0.659411 -0.985643 -0.483188 -2.55351 -0.406432 1.64172 0.365397
14.33 0.3 -0.012 0.52 0.300046 -0.0119557 0.520043 0.659412 -0.985643 -0.483189 -2.55351 -0.406435 1.64172 0.365397
14.331 0.3 -0.012 0.52 0.300046 -0.011956 0.520043 0.659414 -0.985643 -0.48319 -2.55351 -0.406438 1.64172 0.365397
14.332 0.3 -0.012 0.52 0.300046 -0.0119564 0.520043 0.659415 -0.985643 -0.48319 -2.55351 -0.40644 1.64171 0.365396
14.333 0.3 -0.012 0.52 0.300046 -0.0119567 0.520043 0.659416 -0.985644 -0.483191 -2.55351 -0.406443 1.64171 0.365396
14.334 0.3 -0.012 0.52 0.300046 -0.011957 0.520042 0.659417 -0.985644 -0.483191 -2.55351 -0.406446 1.64171 0.365396
14.335 0.3 -0.012 0.52 0.300045 -0.0119573 0.520042 0.659418 -0.985644 -0.483192 -2.55351 -0.406448 1.6417 0.365396
14.336 0.3 -0.012 0.52 0.300045 -0.0119576 0.520042 0.65942 -0.985645 -0.483192 -2.55351 -0.406451 1.6417 0.365396
14.337 0.3 -0.012 0.52 0.300045 -0.0119579 0.520042 0.659421 -0.985645 -0.483193 -2.55351 -0.406454 1.64169 0.365395
14.338 0.3 -0.012 0.52 0.300045 -0.0119582 0.520042 0.659422 -0.985645 -0.483193 -2.55351 -0.406456 1.64169 0.365395
14.339 0.3 -0.012 0.52 0.300045 -0.0119585 0.520042 0.659423 -0.985645 -0.483194 -2.55351 -0.406459 1.64169 0.365395
14.34 0.3 -0.012 0.52 0.300045 -0.0119588 0.520042 0.659424 -0.985646 -0.483194 -2.55351 -0.406461 1.64168 0.365395
14.341 0.3 -0.012 0.52 0.300044 -0.0119591 0.520042 0.659426 -0.985646 -0.483195 -2.55351 -0.406464 1.64168 0.365395
14.342 0.3 -0.012 0.52 0.300044 -0.0119594 0.520042 0.659427 -0.985646 -0.483195 -2.55351 -0.406466 1.64168 0.365395
14.343 0.3 -0.012 0.52 0.300044 -0.0119597 0.520042 0.659428 -0.985647 -0.483196 -2.55351 -0.406469 1.64167 0.365395
14.344 0.3 -0.012 0.52 0.300044 -0.01196 0.520041 0.659429 -0.985647 -0.483196 -2.5535 -0.406471 1.64167 0.365395
14.345 0.3 -0.012 0.52 0.300044 -0.0119603 0.520041 0.65943 -0.985647 -0.483197 -2.5535 -0.406474 1.64167 0.365395
14.346 0.3 -0.012 0.52 0.300044 -0.0119606 0.520041 0.659431 -0.985647 -0.483197 -2.5535 -0.406476 1.64166 0.365395
14.347 0.3 -0.012 0.52 0.300043 -0.0119609 0.520041 0.659432 -0.985648 -0.483198 -2.5535 -0.406478 1.64166 0.365395
14.348 0.3 -0.012 0.52 0.300043 -0.0119611 0.520041 0.659433 -0.985648 -0.483198 -2.5535 -0.406481 1.64166 0.365395
14.349 0.3 -0.012 0.52 0.300043 -0.0119614 0.520041 0.659435 -0.985648 -0.483199 -2.5535 -0.406483 1.64165 0.365395
14.35 0.3 -0.012 0.52 0.300043 -0.0119617 0.520041 0.659436 -0.985648 -0.483199 -2.5535 -0.406486 1.64165 0.365395
14.351 0.3 -0.012 0.52 0.300043 -0.011962 0.520041 0.659437 -0.985649 -0.4832 -2.5535 -0.406488 1.64165 0.365395
14.352 0.3 -0.012 0.52 0.300043 -0.0119622 0.520041 0.659438 -0.985649 -0.4832 -2.5535 -0.40649 1.64164 0.365395
14.353 0.3 -0.012 0.52 0.300042 -0.0119625 0.520041 0.659439 -0.985649 -0.483201 -2.5535 -0.406492 1.64164 0.365395
14.354 0.3 -0.012 0.52 0.300042 -0.0119628 0.52004 0.65944 -0.985649 -0.483201 -2.5535 -0.406495 1.64164 0.365395
14.355 0.3 -0.012 0.52 0.300042 -0.0119631 0.52004 0.659441 -0.98565 -0.483202 -2.5535 -0.406497 1.64163 0.365395
14.356 0.3 -0.012 0.52 0.300042 -0.0119633 0.52004 0.659442 -0.98565 -0.483202 -2.5535 -0.406499 1.64163 0.365396
14.357 0.3 -0.012 0.52 0.300042 -0.0119636 0.52004 0.659443 -0.98565 -0.483202 -2.5535 -0.406501 1.64163 0.365396
14.358 0.3 -0.012 0.52 0.300042 -0.0119639 0.52004 0.659444 -0.98565 -0.483203 -2.5535 -0.406504 1.64162 0.365396
14.359 0.3 -0.012 0.52 0.300041 -0.0119641 0.52004 0.659445 -0.985651 -0.483203 -2.5535 -0.406506 1.64162 0.365396
14.36 0.3 -0.012 0.52 0.300041 -0.0119644 0.52004 0.659446 -0.985651 -0.483204 -2.5535 -0.406508 1.64162 0.365397
14.361 0.3 -0.012 0.52 0.300041 -0.0119646 0.52004 0.659447 -0.985651 -0.483204 -2.5535 -0.40651 1.64161 0.365397
14.362 0.3 -0.012 0.52 0.300041 -0.0119649 0.52004 0.659448 -0.985651 -0.483205 -2.5535 -0.406512 1.64161 0.365397
14.363 0.3 -0.012 0.52 0.300041 -0.0119651 0.52004 0.659449 -0.985651 -0.483205 -2.5535 -0.406514 1.64161 0.365397
14.364 0.3 -0.012 0.52 0.300041 -0.0119654 0.52004 0.65945 -0.985652 -0.483206 -2.5535 -0.406516 1.6416 0.365398
14.365 0.3 -0.012 0.52 0.300041 -0.0119656 0.52004 0.659451 -0.985652 -0.483206 -2.55349 -0.406519 1.6416 0.365398
14.366 0.3 -0.012 0.52 0.30004 -0.0119659 0.520039 0.659452 -0.985652 -0.483206 -2.55349 -0.406521 1.6416 0.365398
14.367 0.3 -0.012 0.52 0.30004 -0.0119661 0.520039 0.659453 -0.985652 -0.483207 -2.55349 -0.406523 1.6416 0.365399
14.368 0.3 -0.012 0.52 0.30004 -0.0119664 0.520039 0.659454 -0.985653 -0.483207 -2.55349 -0.406525 1.64159 0.365399
14.369 0.3 -0.012 0.52 0.30004 -0.0119666 0.520039 0.659455 -0.985653 -0.483208 -2.55349 -0.406527 1.64159 0.3654
14.37 0.3 -0.012 0.52 0.30004 -0.0119669 0.520039 0.659456 -0.985653 -0.483208 -2.55349 -0.406529 1.64159 0.3654
14.371 0.3 -0.012 0.52 0.30004 -0.0119671 0.520039 0.659457 -0.985653 -0.483208 -2.55349 -0.406531 1.64158 0.3654
14.372 0.3 -0.012 0.52 0.30004 -0.0119674 0.520039 0.659458 -0.985653 -0.483209 -2.55349 -0.406533 1.64158 0.365401
14.373 0.3 -0.012 0.52 0.300039 -0.0119676 0.520039 0.659458 -0.985654 -0.483209 -2.55349 -0.406535 1.64158 0.365401
14.374 0.3 -0.012 0.52 0.300039 -0.0119678 0.520039 0.659459 -0.985654 -0.48321 -2.55349 -0.406537 1.64157 0.365402
14.375 0.3 -0.012 0.52 0.300039 -0.0119681 0.520039 0.65946 -0.985654 -0.48321 -2.55349 -0.406539 1.64157 0.365402
14.376 0.3 -0.012 0.52 0.300039 -0.0119683 0.520039 0.659461 -0.985654 -0.48321 -2.55349 -0.406541 1.64157 0.365403
14.377 0.3 -0.012 0.52 0.300039 -0.0119685 0.520039 0.659462 -0.985654 -0.483211 -2.55349 -0.406542 1.64157 0.365404
14.378 0.3 -0.012 0.52 0.300039 -0.0119688 0.520038 0.659463 -0.985655 -0.483211 -2.55349 -0.406544 1.64156 0.365404
14.379 0.3 -0.012 0.52 0.300039 -0.011969 0.520038 0.659464 -0.985655 -0.483211 -2.55349 -0.406546 1.64156 0.365405
14.38 0.3 -0.012 0.52 0.300038 -0.0119692 0.520038 0.659465 -0.985655 -0.483212 -2.55349 -0.406548 1.64156 0.365405
14.381 0.3 -0.012 0.52 0.300038 -0.0119694 0.520038 0.659466 -0.985655 -0.483212 -2.55349 -0.40655 1.64156 0.365406
14.382 0.3 -0.012 0.52 0.300038 -0.0119697 0.520038 0.659466 -0.985655 -0.483213 -2.55349 -0.406552 1.64155 0.365406
14.383 0.3 -0.012 0.52 0.300038 -0.0119699 0.520038 0.659467 -0.985656 -0.483213 -2.55349 -0.406554 1.64155 0.365407
14.384 0.3 -0.012 0.52 0.300038 -0.0119701 0.520038 0.659468 -0.985656 -0.483213 -2.55349 -0.406555 1.64155 0.365408
14.385 0.3 -0.012 0.52 0.300038 -0.0119703 0.520038 0.659469 -0.985656 -0.483214 -2.55349 -0.406557 1.64154 0.365408
14.386 0.3 -0.012 0.52 0.300038 -0.0119705 0.520038 0.65947 -0.985656 -0.483214 -2.55349 -0.406559 1.64154 0.365409
14.387 0.3 -0.012 0.52 0.300037 -0.0119707 0.520038 0.659471 -0.985656 -0.483214 -2.55349 -0.406561 1.64154 0.36541
14.388 0.3 -0.012 0.52 0.300037 -0.011971 0.520038 0.659471 -0.985657 -0.483215 -2.55348 -0.406562 1.64154 0.365411
14.389 0.3 -0.012 0.52 0.300037 -0.0119712 0.520038 0.659472 -0.985657 -0.483215 -2.55348 -0.406564 1.64153 0.365411
14.39 0.3 -0.012 0.52 0.300037 -0.0119714 0.520038 0.659473 -0.985657 -0.483215 -2.55348 -0.406566 1.64153 0.365412
14.391 0.3 -0.012 0.52 0.300037 -0.0119716 0.520038 0.659474 -0.985657 -0.483216 -2.55348 -0.406568 1.64153 0.365413
14.392 0.3 -0.012 0.52 0.300037 -0.0119718 0.520037 0.659475 -0.985657 -0.483216 -2.55348 -0.406569 1.64153 0.365414
14.393 0.3 -0.012 0.52 0.300037 -0.011972 0.520037 0.659475 -0.985658 -0.483216 -2.55348 -0.406571 1.64152 0.365414
14.394 0.3 -0.012 0.52 0.300037 -0.0119722 0.520037 0.659476 -0.985658 -0.483217 -2.55348 -0.406573 1.64152 0.365415
14.395 0.3 -0.012 0.52 0.300036 -0.0119724 0.520037 0.659477 -0.985658 -0.483217 -2.55348 -0.406574 1.64152 0.365416
14.396 0.3 -0.012 0.52 0.300036 -0.0119726 0.520037 0.659478 -0.985658 -0.483217 -2.55348 -0.406576 1.64152 0.365417
14.397 0.3 -0.012 0.52 0.300036 -0.0119728 0.520037 0.659478 -0.985658 -0.483218 -2.55348 -0.406578 1.64151 0.365418
14.398 0.3 -0.012 0.52 0.300036 -0.011973 0.520037 0.659479 -0.985658 -0.483218 -2.55348 -0.406579 1.64151 0.365419
14.399 0.3 -0.012 0.52 0.300036 -0.0119732 0.520037 0.65948 -0.985659 -0.483218 -2.55348 -0.406581 1.64151 0.365419
14.4 0.3 -0.012 0.52 0.300036 -0.0119734 0.520037 0.659481 -0.985659 -0.483219 -2.55348 -0.406583 1.64151 0.36542
14.401 0.3 -0.012 0.52 0.300036 -0.0119736 0.520037 0.659481 -0.985659 -0.483219 -2.55348 -0.406584 1.6415 0.365421
14.402 0.3 -0.012 0.52 0.300036 -0.0119738 0.520037 0.659482 -0.985659 -0.483219 -2.55348 -0.406586 1.6415 0.365422
14.403 0.3 -0.012 0.52 0.300035 -0.011974 0.520037 0.659483 -0.985659 -0.48322 -2.55348 -0.406587 1.6415 0.365423
14.404 0.3 -0.012 0.52 0.300035 -0.0119742 0.520037 0.659484 -0.985659 -0.48322 -2.55348 -0.406589 1.6415 0.365424
14.405 0.3 -0.012 0.52 0.300035 -0.0119744 0.520037 0.659484 -0.98566 -0.48322 -2.55348 -0.40659 1.64149 0.365425
14.406 0.3 -0.012 0.52 0.300035 -0.0119746 0.520036 0.659485 -0.98566 -0.483221 -2.55348 -0.406592 1.64149 0.365426
14.407 0.3 -0.012 0.52 0.300035 -0.0119748 0.520036 0.659486 -0.98566 -0.483221 -2.55348 -0.406594 1.64149 0.365427
14.408 0.3 -0.012 0.52 0.300035 -0.0119749 0.520036 0.659486 -0.98566 -0.483221 -2.55348 -0.406595 1.64149 0.365428
14.409 0.3 -0.012 0.52 0.300035 -0.0119751 0.520036 0.659487 -0.98566 -0.483221 -2.55348 -0.406597 1.64149 0.365429
14.41 0.3 -0.012 0.52 0.300035 -0.0119753 0.520036 0.659488 -0.98566 -0.483222 -2.55348 -0.406598 1.64148 0.36543
14.411 0.3 -0.012 0.52 0.300034 -0.0119755 0.520036 0.659488 -0.985661 -0.483222 -2.55348 -0.4066 1.64148 0.365431
14.412 0.3 -0.012 0.52 0.300034 -0.0119757 0.520036 0.659489 -0.985661 -0.483222 -2.55348 -0.406601 1.64148 0.365432
14.413 0.3 -0.012 0.52 0.300034 -0.0119759 0.520036 0.65949 -0.985661 -0.483223 -2.55348 -0.406602 1.64148 0.365433
14.414 0.3 -0.012 0.52 0.300034 -0.011976 0.520036 0.65949 -0.985661 -0.483223 -2.55348 -0.406604 1.64147 0.365434
14.415 0.3 -0.012 0.52 0.300034 -0.0119762 0.520036 0.659491 -0.985661 -0.483223 -2.55347 -0.406605 1.64147 0.365435
14.416 0.3 -0.012 0.52 0.300034 -0.0119764 0.520036 0.659492 -0.985661 -0.483223 -2.55347 -0.406607 1.64147 0.365437
14.417 0.3 -0.012 0.52 0.300034 -0.0119766 0.520036 0.659492 -0.985661 -0.483224 -2.55347 -0.406608 1.64147 0.365438
14.418 0.3 -0.012 0.52 0.300034 -0.0119767 0.520036 0.659493 -0.985662 -0.483224 -2.55347 -0.40661 1.64147 0.365439
14.419 0.3 -0.012 0.52 0.300034 -0.0119769 0.520036 0.659494 -0.985662 -0.483224 -2.55347 -0.406611 1.64146 0.36544
14.42 0.3 -0.012 0.52 0.300033 -0.0119771 0.520036 0.659494 -0.985662 -0.483225 -2.55347 -0.406612 1.64146 0.365441
14.421 0.3 -0.012 0.52 0.300033 -0.0119773 0.520036 0.659495 -0.985662 -0.483225 -2.55347 -0.406614 1.64146 0.365442
14.422 0.3 -0.012 0.52 0.300033 -0.0119774 0.520035 0.659496 -0.985662 -0.483225 -2.55347 -0.406615 1.64146 0.365444
14.423 0.3 -0.012 0.52 0.300033 -0.0119776 0.520035 0.659496 -0.985662 -0.483225 -2.55347 -0.406617 1.64145 0.365445
14.424 0.3 -0.012 0.52 0.300033 -0.0119778 0.520035 0.659497 -0.985662 -0.483226 -2.55347 -0.406618 1.64145 0.365446
14.425 0.3 -0.012 0.52 0.300033 -0.0119779 0.520035 0.659497 -0.985663 -0.483226 -2.55347 -0.406619 1.64145 0.365447
14.426 0.3 -0.012 0.52 0.300033 -0.0119781 0.520035 0.659498 -0.985663 -0.483226 -2.55347 -0.406621 1.64145 0.365448
14.427 0.3 -0.012 0.52 0.300033 -0.0119783 0.520035 0.659499 -0.985663 -0.483226 -2.55347 -0.406622 1.64145 0.36545
14.428 0.3 -0.012 0.52 0.300033 -0.0119784 0.520035 0.659499 -0.985663 -0.483227 -2.55347 -0.406623 1.64144 0.365451
14.429 0.3 -0.012 0.52 0.300033 -0.0119786 0.520035 0.6595 -0.985663 -0.483227 -2.55347 -0.406625 1.64144 0.365452
14.43 0.3 -0.012 0.52 0.300032 -0.0119787 0.520035 0.6595 -0.985663 -0.483227 -2.55347 -0.406626 1.64144 0.365454
14.431 0.3 -0.012 0.52 0.300032 -0.0119789 0.520035 0.659501 -0.985663 -0.483227 -2.55347 -0.406627 1.64144 0.365455
14.432 0.3 -0.012 0.52 0.300032 -0.0119791 0.520035 0.659502 -0.985664 -0.483228 -2.55347 -0.406628 1.64144 0.365456
14.433 0.3 -0.012 0.52 0.300032 -0.0119792 0.520035 0.659502 -0.985664 -0.483228 -2.55347 -0.40663 1.64143 0.365457
14.434 0.3 -0.012 0.52 0.300032 -0.0119794 0.520035 0.659503 -0.985664 -0.483228 -2.55347 -0.406631 1.64143 0.365459
14.435 0.3 -0.012 0.52 0.300032 -0.0119795 0.520035 0.659503 -0.985664 -0.483228 -2.55347 -0.406632 1.64143 0.36546
14.436 0.3 -0.012 0.52 0.300032 -0.0119797 0.520035 0.659504 -0.985664 -0.483229 -2.55347 -0.406633 1.64143 0.365461
14.437 0.3 -0.012 0.52 0.300032 -0.0119798 0.520035 0.659504 -0.985664 -0.483229 -2.55347 -0.406635 1.64143 0.365463
14.438 0.3 -0.012 0.52 0.300032 -0.01198 0.520035 0.659505 -0.985664 -0.483229 -2.55347 -0.406636 1.64142 0.365464
14.439 0.3 -0.012 0.52 0.300032 -0.0119802 0.520035 0.659506 -0.985664 -0.483229 -2.55347 -0.406637 1.64142 0.365466
14.44 0.3 -0.012 0.52 0.300031 -0.0119803 0.520034 0.659506 -0.985665 -0.48323 -2.55347 -0.406638 1.64142 0.365467
14.441 0.3 -0.012 0.52 0.300031 -0.0119805 0.520034 0.659507 -0.985665 -0.48323 -2.55347 -0.40664 1.64142 0.365468
14.442 0.3 -0.012 0.52 0.300031 -0.0119806 0.520034 0.659507 -0.985665 -0.48323 -2.55347 -0.406641 1.64142 0.36547
14.443 0.3 -0.012 0.52 0.300031 -0.0119808 0.520034 0.659508 -0.985665 -0.48323 -2.55347 -0.406642 1.64142 0.365471
14.444 0.3 -0.012 0.52 0.300031 -0.0119809 0.520034 0.659508 -0.985665 -0.48323 -2.55347 -0.406643 1.64141 0.365473
14.445 0.3 -0.012 0.52 0.300031 -0.011981 0.520034 0.659509 -0.985665 -0.483231 -2.55347 -0.406644 1.64141 0.365474
14.446 0.3 -0.012 0.52 0.300031 -0.0119812 0.520034 0.659509 -0.985665 -0.483231 -2.55347 -0.406646 1.64141 0.365476
14.447 0.3 -0.012 0.52 0.300031 -0.0119813 0.520034 0.65951 -0.985665 -0.483231 -2.55347 -0.406647 1.64141 0.365477
14.448 0.3 -0.012 0.52 0.300031 -0.0119815 0.520034 0.65951 -0.985665 -0.483231 -2.55347 -0.406648 1.64141 0.365479
14.449 0.3 -0.012 0.52 0.300031 -0.0119816 0.520034 0.659511 -0.985666 -0.483232 -2.55346 -0.406649 1.6414 0.36548
14.45 0.3 -0.012 0.52 0.300031 -0.0119818 0.520034 0.659511 -0.985666 -0.483232 -2.55346 -0.40665 1.6414 0.365482
14.451 0.3 -0.012 0.52 0.30003 -0.0119819 0.520034 0.659512 -0.985666 -0.483232 -2.55346 -0.406651 1.6414 0.365483
14.452 0.3 -0.012 0.52 0.30003 -0.011982 0.520034 0.659512 -0.985666 -0.483232 -2.55346 -0.406652 1.6414 0.365485
14.453 0.3 -0.012 0.52 0.30003 -0.0119822 0.520034 0.659513 -0.985666 -0.483232 -2.55346 -0.406653 1.6414 0.365486
14.454 0.3 -0.012 0.52 0.30003 -0.0119823 0.520034 0.659513 -0.985666 -0.483233 -2.55346 -0.406655 1.6414 0.365488
14.455 0.3 -0.012 0.52 0.30003 -0.0119825 0.520034 0.659514 -0.985666 -0.483233 -2.55346 -0.406656 1.64139 0.365489
14.456 0.3 -0.012 0.52 0.30003 -0.0119826 0.520034 0.659514 -0.985666 -0.483233 -2.55346 -0.406657 1.64139 0.365491
14.457 0.3 -0.012 0.52 0.30003 -0.0119827 0.520034 0.659515 -0.985666 -0.483233 -2.55346 -0.406658 1.64139 0.365493
14.458 0.3 -0.012 0.52 0.30003 -0.0119829 0.520034 0.659515 -0.985667 -0.483233 -2.55346 -0.406659 1.64139 0.365494
14.459 0.3 -0.012 0.52 0.30003 -0.011983 0.520034 0.659516 -0.985667 -0.483234 -2.55346 -0.40666 1.64139 0.365496
14.46 0.3 -0.012 0.52 0.30003 -0.0119831 0.520033 0.659516 -0.985667 -0.483234 -2.55346 -0.406661 1.64139 0.365497
14.461 0.3 -0.012 0.52 0.30003 -0.0119833 0.520033 0.659517 -0.985667 -0.483234 -2.55346 -0.406662 1.64138 0.365499
14.462 0.3 -0.012 0.52 0.300029 -0.0119834 0.520033 0.659517 -0.985667 -0.483234 -2.55346 -0.406663 1.64138 0.365501
14.463 0.3 -0.012 0.52 0.300029 -0.0119835 0.520033 0.659518 -0.985667 -0.483234 -2.55346 -0.406664 1.64138 0.365502
14.464 0.3 -0.012 0.52 0.300029 -0.0119837 0.520033 0.659518 -0.985667 -0.483235 -2.55346 -0.406665 1.64138 0.365504
14.465 0.3 -0.012 0.52 0.300029 -0.0119838 0.520033 0.659519 -0.985667 -0.483235 -2.55346 -0.406666 1.64138 0.365506
14.466 0.3 -0.012 0.52 0.300029 -0.0119839 0.520033 0.659519 -0.985667 -0.483235 -2.55346 -0.406667 1.64138 0.365507
14.467 0.3 -0.012 0.52 0.300029 -0.011984 0.520033 0.65952 -0.985668 -0.483235 -2.55346 -0.406668 1.64137 0.365509
14.468 0.3 -0.012 0.52 0.300029 -0.0119842 0.520033 0.65952 -0.985668 -0.483235 -2.55346 -0.406669 1.64137 0.365511
14.469 0.3 -0.012 0.52 0.300029 -0.0119843 0.520033 0.65952 -0.985668 -0.483236 -2.55346 -0.40667 1.64137 0.365512
14.47 0.3 -0.012 0.52 0.300029 -0.0119844 0.520033 0.659521 -0.985668 -0.483236 -2.55346 -0.406671 1.64137 0.365514
14.471 0.3 -0.012 0.52 0.300029 -0.0119845 0.520033 0.659521 -0.985668 -0.483236 -2.55346 -0.406672 1.64137 0.365516
14.472 0.3 -0.012 0.52 0.300029 -0.0119847 0.520033 0.659522 -0.985668 -0.483236 -2.55346 -0.406673 1.64137 0.365517
14.473 0.3 -0.012 0.52 0.300029 -0.0119848 0.520033 0.659522 -0.985668 -0.483236 -2.55346 -0.406674 1.64137 0.365519
14.474 0.3 -0.012 0.52 0.300029 -0.0119849 0.520033 0.659523 -0.985668 -0.483236 -2.55346 -0.406675 1.64136 0.365521
14.475 0.3 -0.012 0.52 0.300028 -0.011985 0.520033 0.659523 -0.985668 -0.483237 -2.55346 -0.406676 1.64136 0.365523
14.476 0.3 -0.012 0.52 0.300028 -0.0119851 0.520033 0.659523 -0.985668 -0.483237 -2.55346 -0.406677 1.64136 0.365524
14.477 0.3 -0.012 0.52 0.300028 -0.0119853 0.520033 0.659524 -0.985668 -0.483237 -2.55346 -0.406678 1.64136 0.365526
14.478 0.3 -0.012 0.52 0.300028 -0.0119854 0.520033 0.659524 -0.985669 -0.483237 -2.55346 -0.406679 1.64136 0.365528
14.479 0.3 -0.012 0.52 0.300028 -0.0119855 0.520033 0.659525 -0.985669 -0.483237 -2.55346 -0.40668 1.64136 0.36553
14.48 0.3 -0.012 0.52 0.300028 -0.0119856 0.520033 0.659525 -0.985669 -0.483237 -2.55346 -0.406681 1.64136 0.365532
14.481 0.3 -0.012 0.52 0.300028 -0.0119857 0.520033 0.659526 -0.985669 -0.483238 -2.55346 -0.406682 1.64135 0.365533
14.482 0.3 -0.012 0.52 0.300028 -0.0119858 0.520033 0.659526 -0.985669 -0.483238 -2.55346 -0.406683 1.64135 0.365535
14.483 0.3 -0.012 0.52 0.300028 -0.011986 0.520032 0.659526 -0.985669 -0.483238 -2.55346 -0.406684 1.64135 0.365537
14.484 0.3 -0.012 0.52 0.300028 -0.0119861 0.520032 0.659527 -0.985669 -0.483238 -2.55346 -0.406685 1.64135 0.365539
14.485 0.3 -0.012 0.52 0.300028 -0.0119862 0.520032 0.659527 -0.985669 -0.483238 -2.55346 -0.406685 1.64135 0.365541
14.486 0.3 -0.012 0.52 0.300028 -0.0119863 0.520032 0.659528 -0.985669 -0.483238 -2.55346 -0.406686 1.64135 0.365542
14.487 0.3 -0.012 0.52 0.300028 -0.0119864 0.520032 0.659528 -0.985669 -0.483239 -2.55346 -0.406687 1.64135 0.365544
14.488 0.3 -0.012 0.52 0.300027 -0.0119865 0.520032 0.659528 -0.985669 -0.483239 -2.55346 -0.406688 1.64134 0.365546
14.489 0.3 -0.012 0.52 0.300027 -0.0119866 0.520032 0.659529 -0.98567 -0.483239 -2.55346 -0.406689 1.64134 0.365548
14.49 0.3 -0.012 0.52 0.300027 -0.0119867 0.520032 0.659529 -0.98567 -0.483239 -2.55346 -0.40669 1.64134 0.36555
14.491 0.3 -0.012 0.52 0.300027 -0.0119868 0.520032 0.659529 -0.98567 -0.483239 -2.55346 -0.406691 1.64134 0.365552
14.492 0.3 -0.012 0.52 0.300027 -0.011987 0.520032 0.65953 -0.98567 -0.483239 -2.55345 -0.406692 1.64134 0.365554
14.493 0.3 -0.012 0.52 0.300027 -0.0119871 0.520032 0.65953 -0.98567 -0.48324 -2.55345 -0.406692 1.64134 0.365556
14.494 0.3 -0.012 0.52 0.300027 -0.0119872 0.520032 0.659531 -0.98567 -0.48324 -2.55345 -0.406693 1.64134 0.365558
14.495 0.3 -0.012 0.52 0.300027 -0.0119873 0.520032 0.659531 -0.98567 -0.48324 -2.55345 -0.406694 1.64133 0.365559
14.496 0.3 -0.012 0.52 0.300027 -0.0119874 0.520032 0.659531 -0.98567 -0.48324 -2.55345 -0.406695 1.64133 0.365561
14.497 0.3 -0.012 0.52 0.300027 -0.0119875 0.520032 0.659532 -0.98567 -0.48324 -2.55345 -0.406696 1.64133 0.365563
14.498 0.3 -0.012 0.52 0.300027 -0.0119876 0.520032 0.659532 -0.98567 -0.48324 -2.55345 -0.406697 1.64133 0.365565
14.499 0.3 -0.012 0.52 0.300027 -0.0119877 0.520032 0.659532 -0.98567 -0.48324 -2.55345 -0.406697 1.64133 0.365567
14.5 0.3 -0.012 0.52 0.300027 -0.0119878 0.520032 0.659533 -0.98567 -0.483241 -2.55345 -0.406698 1.64133 0.365569
14.501 0.3 -0.012 0.52 0.300027 -0.0119879 0.520032 0.659533 -0.98567 -0.483241 -2.55345 -0.406699 1.64133 0.365571
14.502 0.3 -0.012 0.52 0.300027 -0.011988 0.520032 0.659533 -0.985671 -0.483241 -2.55345 -0.4067 1.64133 0.365573
14.503 0.3 -0.012 0.52 0.300026 -0.0119881 0.520032 0.659534 -0.985671 -0.483241 -2.55345 -0.406701 1.64132 0.365575
14.504 0.3 -0.012 0.52 0.300026 -0.0119882 0.520032 0.659534 -0.985671 -0.483241 -2.55345 -0.406701 1.64132 0.365577
14.505 0.3 -0.012 0.52 0.300026 -0.0119883 0.520032 0.659534 -0.985671 -0.483241 -2.55345 -0.406702 1.64132 0.365579
14.506 0.3 -0.012 0.52 0.300026 -0.0119884 0.520032 0.659535 -0.985671 -0.483241 -2.55345 -0.406703 1.64132 0.365581
14.507 0.3 -0.012 0.52 0.300026 -0.0119885 0.520032 0.659535 -0.985671 -0.483242 -2.55345 -0.406704 1.64132 0.365583
14.508 0.3 -0.012 0.52 0.300026 -0.0119886 0.520032 0.659535 -0.985671 -0.483242 -2.55345 -0.406705 1.64132 0.365585
14.509 0.3 -0.012 0.52 0.300026 -0.0119887 0.520031 0.659536 -0.985671 -0.483242 -2.55345 -0.406705 1.64132 0.365587
14.51 0.3 -0.012 0.52 0.300026 -0.0119888 0.520031 0.659536 -0.985671 -0.483242 -2.55345 -0.406706 1.64132 0.365589
14.511 0.3 -0.012 0.52 0.300026 -0.0119889 0.520031 0.659536 -0.985671 -0.483242 -2.55345 -0.406707 1.64131 0.365591
14.512 0.3 -0.012 0.52 0.300026 -0.011989 0.520031 0.659537 -0.985671 -0.483242 -2.55345 -0.406708 1.64131 0.365593
14.513 0.3 -0.012 0.52 0.300026 -0.0119891 0.520031 0.659537 -0.985671 -0.483242 -2.55345 -0.406708 1.64131 0.365595
14.514 0.3 -0.012 0.52 0.300026 -0.0119892 0.520031 0.659537 -0.985671 -0.483243 -2.55345 -0.406709 1.64131 0.365597
14.515 0.3 -0.012 0.52 0.300026 -0.0119893 0.520031 0.659538 -0.985671 -0.483243 -2.55345 -0.40671 1.64131 0.365599
14.516 0.3 -0.012 0.52 0.300026 -0.0119893 0.520031 0.659538 -0.985672 -0.483243 -2.55345 -0.406711 1.64131 0.365601
14.517 0.3 -0.012 0.52 0.300026 -0.0119894 0.520031 0.659538 -0.985672 -0.483243 -2.55345 -0.406711 1.64131 0.365603
14.518 0.3 -0.012 0.52 0.300026 -0.0119895 0.520031 0.659539 -0.985672 -0.483243 -2.55345 -0.406712 1.64131 0.365606
14.519 0.3 -0.012 0.52 0.300025 -0.0119896 0.520031 0.659539 -0.985672 -0.483243 -2.55345 -0.406713 1.64131 0.365608
14.52 0.3 -0.012 0.52 0.300025 -0.0119897 0.520031 0.659539 -0.985672 -0.483243 -2.55345 -0.406713 1.6413 0.36561
14.521 0.3 -0.012 0.52 0.300025 -0.0119898 0.520031 0.65954 -0.985672 -0.483243 -2.55345 -0.406714 1.6413 0.365612
14.522 0.3 -0.012 0.52 0.300025 -0.0119899 0.520031 0.65954 -0.985672 -0.483244 -2.55345 -0.406715 1.6413 0.365614
14.523 0.3 -0.012 0.52 0.300025 -0.01199 0.520031 0.65954 -0.985672 -0.483244 -2.55345 -0.406716 1.6413 0.365616
14.524 0.3 -0.012 0.52 0.300025 -0.0119901 0.520031 0.659541 -0.985672 -0.483244 -2.55345 -0.406716 1.6413 0.365618
14.525 0.3 -0.012 0.52 0.300025 -0.0119902 0.520031 0.659541 -0.985672 -0.483244 -2.55345 -0.406717 1.6413 0.36562
14.526 0.3 -0.012 0.52 0.300025 -0.0119902 0.520031 0.659541 -0.985672 -0.483244 -2.55345 -0.406718 1.6413 0.365622
14.527 0.3 -0.012 0.52 0.300025 -0.0119903 0.520031 0.659541 -0.985672 -0.483244 -2.55345 -0.406718 1.6413 0.365625
14.528 0.3 -0.012 0.52 0.300025 -0.0119904 0.520031 0.659542 -0.985672 -0.483244 -2.55345 -0.406719 1.6413 0.365627
14.529 0.3 -0.012 0.52 0.300025 -0.0119905 0.520031 0.659542 -0.985672 -0.483244 -2.55345 -0.40672 1.64129 0.365629
14.53 0.3 -0.012 0.52 0.300025 -0.0119906 0.520031 0.659542 -0.985672 -0.483245 -2.55345 -0.40672 1.64129 0.365631
14.531 0.3 -0.012 0.52 0.300025 -0.0119907 0.520031 0.659543 -0.985672 -0.483245 -2.55345 -0.406721 1.64129 0.365633
14.532 0.3 -0.012 0.52 0.300025 -0.0119908 0.520031 0.659543 -0.985673 -0.483245 -2.55345 -0.406722 1.64129 0.365635
14.533 0.3 -0.012 0.52 0.300025 -0.0119908 0.520031 0.659543 -0.985673 -0.483245 -2.55345 -0.406722 1.64129 0.365637
14.534 0.3 -0.012 0.52 0.300025 -0.0119909 0.520031 0.659543 -0.985673 -0.483245 -2.55345 -0.406723 1.64129 0.36564
14.535 0.3 -0.012 0.52 0.300025 -0.011991 0.520031 0.659544 -0.985673 -0.483245 -2.55345 -0.406724 1.64129 0.365642
14.536 0.3 -0.012 0.52 0.300025 -0.0119911 0.520031 0.659544 -0.985673 -0.483245 -2.55345 -0.406724 1.64129 0.365644
14.537 0.3 -0.012 0.52 0.300025 -0.0119912 0.520031 0.659544 -0.985673 -0.483245 -2.55345 -0.406725 1.64129 0.365646
14.538 0.3 -0.012 0.52 0.300024 -0.0119912 0.520031 0.659545 -0.985673 -0.483245 -2.55345 -0.406726 1.64129 0.365648
14.539 0.3 -0.012 0.52 0.300024 -0.0119913 0.520031 0.659545 -0.985673 -0.483246 -2.55345 -0.406726 1.64128 0.365651
14.54 0.3 -0.012 0.52 0.300024 -0.0119914 0.520031 0.659545 -0.985673 -0.483246 -2.55345 -0.406727 1.64128 0.365653
14.541 0.3 -0.012 0.52 0.300024 -0.0119915 0.52003 0.659545 -0.985673 -0.483246 -2.55345 -0.406727 1.64128 0.365655
14.542 0.3 -0.012 0.52 0.300024 -0.0119916 0.52003 0.659546 -0.985673 -0.483246 -2.55345 -0.406728 1.64128 0.365657
14.543 0.3 -0.012 0.52 0.300024 -0.0119916 0.52003 0.659546 -0.985673 -0.483246 -2.55345 -0.406729 1.64128 0.365659
14.544 0.3 -0.012 0.52 0.300024 -0.0119917 0.52003 0.659546 -0.985673 -0.483246 -2.55345 -0.406729 1.64128 0.365662
14.545 0.3 -0.012 0.52 0.300024 -0.0119918 0.52003 0.659546 -0.985673 -0.483246 -2.55345 -0.40673 1.64128 0.365664
14.546 0.3 -0.012 0.52 0.300024 -0.0119919 0.52003 0.659547 -0.985673 -0.483246 -2.55345 -0.406731 1.64128 0.365666
14.547 0.3 -0.012 0.52 0.300024 -0.0119919 0.52003 0.659547 -0.985673 -0.483246 -2.55345 -0.406731 1.64128 0.365668
14.548 0.3 -0.012 0.52 0.300024 -0.011992 0.52003 0.659547 -0.985673 -0.483246 -2.55345 -0.406732 1.64128 0.365671
14.549 0.3 -0.012 0.52 0.300024 -0.0119921 0.52003 0.659547 -0.985673 -0.483247 -2.55345 -0.406732 1.64127 0.365673
14.55 0.3 -0.012 0.52 0.300024 -0.0119922 0.52003 0.659548 -0.985674 -0.483247 -2.55345 -0.406733 1.64127 0.365675
14.551 0.3 -0.012 0.52 0.300024 -0.0119922 0.52003 0.659548 -0.985674 -0.483247 -2.55345 -0.406733 1.64127 0.365677
14.552 0.3 -0.012 0.52 0.300024 -0.0119923 0.52003 0.659548 -0.985674 -0.483247 -2.55345 -0.406734 1.64127 0.36568
14.553 0.3 -0.012 0.52 0.300024 -0.0119924 0.52003 0.659548 -0.985674 -0.483247 -2.55345 -0.406735 1.64127 0.365682
14.554 0.3 -0.012 0.52 0.300024 -0.0119925 0.52003 0.659549 -0.985674 -0.483247 -2.55344 -0.406735 1.64127 0.365684
14.555 0.3 -0.012 0.52 0.300024 -0.0119925 0.52003 0.659549 -0.985674 -0.483247 -2.55344 -0.406736 1.64127 0.365687
14.556 0.3 -0.012 0.52 0.300024 -0.0119926 0.52003 0.659549 -0.985674 -0.483247 -2.55344 -0.406736 1.64127 0.365689
14.557 0.3 -0.012 0.52 0.300024 -0.0119927 0.52003 0.659549 -0.985674 -0.483247 -2.55344 -0.406737 1.64127 0.365691
14.558 0.3 -0.012 0.52 0.300023 -0.0119927 0.52003 0.65955 -0.985674 -0.483247 -2.55344 -0.406737 1.64127 0.365693
14.559 0.3 -0.012 0.52 0.300023 -0.0119928 0.52003 0.65955 -0.985674 -0.483248 -2.55344 -0.406738 1.64127 0.365696
14.56 0.3 -0.012 0.52 0.300023 -0.0119929 0.52003 0.65955 -0.985674 -0.483248 -2.55344 -0.406739 1.64127 0.365698
14.561 0.3 -0.012 0.52 0.300023 -0.011993 0.52003 0.65955 -0.985674 -0.483248 -2.55344 -0.406739 1.64126 0.3657
14.562 0.3 -0.012 0.52 0.300023 -0.011993 0.52003 0.65955 -0.985674 -0.483248 -2.55344 -0.40674 1.64126 0.365703
14.563 0.3 -0.012 0.52 0.300023 -0.0119931 0.52003 0.659551 -0.985674 -0.483248 -2.55344 -0.40674 1.64126 0.365705
14.564 0.3 -0.012 0.52 0.300023 -0.0119932 0.52003 0.659551 -0.985674 -0.483248 -2.55344 -0.406741 1.64126 0.365707
14.565 0.3 -0.012 0.52 0.300023 -0.0119932 0.52003 0.659551 -0.985674 -0.483248 -2.55344 -0.406741 1.64126 0.36571
14.566 0.3 -0.012 0.52 0.300023 -0.0119933 0.52003 0.659551 -0.985674 -0.483248 -2.55344 -0.406742 1.64126 0.365712
14.567 0.3 -0.012 0.52 0.300023 -0.0119934 0.52003 0.659552 -0.985674 -0.483248 -2.55344 -0.406742 1.64126 0.365714
14.568 0.3 -0.012 0.52 0.300023 -0.0119934 0.52003 0.659552 -0.985674 -0.483248 -2.55344 -0.406743 1.64126 0.365717
14.569 0.3 -0.012 0.52 0.300023 -0.0119935 0.52003 0.659552 -0.985674 -0.483248 -2.55344 -0.406743 1.64126 0.365719
14.57 0.3 -0.012 0.52 0.300023 -0.0119936 0.52003 0.659552 -0.985675 -0.483249 -2.55344 -0.406744 1.64126 0.365721
14.571 0.3 -0.012 0.52 0.300023 -0.0119936 0.52003 0.659552 -0.985675 -0.483249 -2.55344 -0.406744 1.64126 0.365724
14.572 0.3 -0.012 0.52 0.300023 -0.0119937 0.52003 0.659553 -0.985675 -0.483249 -2.55344 -0.406745 1.64126 0.365726
14.573 0.3 -0.012 0.52 0.300023 -0.0119937 0.52003 0.659553 -0.985675 -0.483249 -2.55344 -0.406745 1.64125 0.365729
14.574 0.3 -0.012 0.52 0.300023 -0.0119938 0.52003 0.659553 -0.985675 -0.483249 -2.55344 -0.406746 1.64125 0.365731
14.575 0.3 -0.012 0.52 0.300023 -0.0119939 0.52003 0.659553 -0.985675 -0.483249 -2.55344 -0.406746 1.64125 0.365733
14.576 0.3 -0.012 0.52 0.300023 -0.0119939 0.52003 0.659554 -0.985675 -0.483249 -2.55344 -0.406747 1.64125 0.365736
14.577 0.3 -0.012 0.52 0.300023 -0.011994 0.52003 0.659554 -0.985675 -0.483249 -2.55344 -0.406747 1.64125 0.365738
14.578 0.3 -0.012 0.52 0.300023 -0.0119941 0.52003 0.659554 -0.985675 -0.483249 -2.55344 -0.406748 1.64125 0.36574
14.579 0.3 -0.012 0.52 0.300023 -0.0119941 0.52003 0.659554 -0.985675 -0.483249 -2.55344 -0.406748 1.64125 0.365743
14.58 0.3 -0.012 0.52 0.300023 -0.0119942 0.52003 0.659554 -0.985675 -0.483249 -2.55344 -0.406749 1.64125 0.365745
14.581 0.3 -0.012 0.52 0.300023 -0.0119942 0.52003 0.659555 -0.985675 -0.483249 -2.55344 -0.406749 1.64125 0.365748
14.582 0.3 -0.012 0.52 0.300023 -0.0119943 0.520029 0.659555 -0.985675 -0.48325 -2.55344 -0.40675 1.64125 0.36575
14.583 0.3 -0.012 0.52 0.300022 -0.0119944 0.520029 0.659555 -0.985675 -0.48325 -2.55344 -0.40675 1.64125 0.365753
14.584 0.3 -0.012 0.52 0.300022 -0.0119944 0.520029 0.659555 -0.985675 -0.48325 -2.55344 -0.406751 1.64125 0.365755
14.585 0.3 -0.012 0.52 0.300022 -0.0119945 0.520029 0.659555 -0.985675 -0.48325 -2.55344 -0.406751 1.64125 0.365757
14.586 0.3 -0.012 0.52 0.300022 -0.0119945 0.520029 0.659556 -0.985675 -0.48325 -2.55344 -0.406752 1.64124 0.36576
14.587 0.3 -0.012 0.52 0.300022 -0.0119946 0.520029 0.659556 -0.985675 -0.48325 -2.55344 -0.406752 1.64124 0.365762
14.588 0.3 -0.012 0.52 0.300022 -0.0119947 0.520029 0.659556 -0.985675 -0.48325 -2.55344 -0.406753 1.64124 0.365765
14.589 0.3 -0.012 0.52 0.300022 -0.0119947 0.520029 0.659556 -0.985675 -0.48325 -2.55344 -0.406753 1.64124 0.365767
14.59 0.3 -0.012 0.52 0.300022 -0.0119948 0.520029 0.659556 -0.985675 -0.48325 -2.55344 -0.406754 1.64124 0.36577
14.591 0.3 -0.012 0.52 0.300022 -0.0119948 0.520029 0.659556 -0.985675 -0.48325 -2.55344 -0.406754 1.64124 0.365772
14.592 0.3 -0.012 0.52 0.300022 -0.0119949 0.520029 0.659557 -0.985675 -0.48325 -2.55344 -0.406754 1.64124 0.365774
14.593 0.3 -0.012 0.52 0.300022 -0.0119949 0.520029 0.659557 -0.985675 -0.48325 -2.55344 -0.406755 1.64124 0.365777
14.594 0.3 -0.012 0.52 0.300022 -0.011995 0.520029 0.659557 -0.985675 -0.48325 -2.55344 -0.406755 1.64124 0.365779
14.595 0.3 -0.012 0.52 0.300022 -0.0119951 0.520029 0.659557 -0.985676 -0.483251 -2.55344 -0.406756 1.64124 0.365782
14.596 0.3 -0.012 0.52 0.300022 -0.0119951 0.520029 0.659557 -0.985676 -0.483251 -2.55344 -0.406756 1.64124 0.365784
14.597 0.3 -0.012 0.52 0.300022 -0.0119952 0.520029 0.659558 -0.985676 -0.483251 -2.55344 -0.406757 1.64124 0.365787
14.598 0.3 -0.012 0.52 0.300022 -0.0119952 0.520029 0.659558 -0.985676 -0.483251 -2.55344 -0.406757 1.64124 0.365789
14.599 0.3 -0.012 0.52 0.300022 -0.0119953 0.520029 0.659558 -0.985676 -0.483251 -2.55344 -0.406758 1.64124 0.365792
14.6 0.3 -0.012 0.52 0.300022 -0.0119953 0.520029 0.659558 -0.985676 -0.483251 -2.55344 -0.406758 1.64124 0.365794
14.601 0.3 -0.012 0.52 0.300022 -0.0119954 0.520029 0.659558 -0.985676 -0.483251 -2.55344 -0.406758 1.64123 0.365797
14.602 0.3 -0.012 0.52 0.300022 -0.0119954 0.520029 0.659558 -0.985676 -0.483251 -2.55344 -0.406759 1.64123 0.365799
14.603 0.3 -0.012 0.52 0.300022 -0.0119955 0.520029 0.659559 -0.985676 -0.483251 -2.55344 -0.406759 1.64123 0.365802
14.604 0.3 -0.012 0.52 0.300022 -0.0119955 0.520029 0.659559 -0.985676 -0.483251 -2.55344 -0.40676 1.64123 0.365804
14.605 0.3 -0.012 0.52 0.300022 -0.0119956 0.520029 0.659559 -0.985676 -0.483251 -2.55344 -0.40676 1.64123 0.365807
14.606 0.3 -0.012 0.52 0.300022 -0.0119956 0.520029 0.659559 -0.985676 -0.483251 -2.55344 -0.40676 1.64123 0.365809
14.607 0.3 -0.012 0.52 0.300022 -0.0119957 0.520029 0.659559 -0.985676 -0.483251 -2.55344 -0.406761 1.64123 0.365812
14.608 0.3 -0.012 0.52 0.300022 -0.0119957 0.520029 0.659559 -0.985676 -0.483251 -2.55344 -0.406761 1.64123 0.365814
14.609 0.3 -0.012 0.52 0.300022 -0.0119958 0.520029 0.65956 -0.985676 -0.483251 -2.55344 -0.406762 1.64123 0.365817
14.61 0.3 -0.012 0.52 0.300022 -0.0119958 0.520029 0.65956 -0.985676 -0.483252 -2.55344 -0.406762 1.64123 0.365819
14.611 0.3 -0.012 0.52 0.300021 -0.0119959 0.520029 0.65956 -0.985676 -0.483252 -2.55344 -0.406762 1.64123 0.365822
14.612 0.3 -0.012 0.52 0.300021 -0.0119959 0.520029 0.65956 -0.985676 -0.483252 -2.55344 -0.406763 1.64123 0.365824
14.613 0.3 -0.012 0.52 0.300021 -0.011996 0.520029 0.65956 -0.985676 -0.483252 -2.55344 -0.406763 1.64123 0.365827
14.614 0.3 -0.012 0.52 0.300021 -0.011996 0.520029 0.65956 -0.985676 -0.483252 -2.55344 -0.406764 1.64123 0.365829
14.615 0.3 -0.012 0.52 0.300021 -0.0119961 0.520029 0.659561 -0.985676 -0.483252 -2.55344 -0.406764 1.64123 0.365832
14.616 0.3 -0.012 0.52 0.300021 -0.0119961 0.520029 0.659561 -0.985676 -0.483252 -2.55344 -0.406764 1.64123 0.365834
14.617 0.3 -0.012 0.52 0.300021 -0.0119962 0.520029 0.659561 -0.985676 -0.483252 -2.55344 -0.406765 1.64122 0.365837
14.618 0.3 -0.012 0.52 0.300021 -0.0119962 0.520029 0.659561 -0.985676 -0.483252 -2.55344 -0.406765 1.64122 0.365839
14.619 0.3 -0.012 0.52 0.300021 -0.0119963 0.520029 0.659561 -0.985676 -0.483252 -2.55344 -0.406766 1.64122 0.365842
14.62 0.3 -0.012 0.52 0.300021 -0.0119963 0.520029 0.659561 -0.985676 -0.483252 -2.55344 -0.406766 1.64122 0.365844
14.621 0.3 -0.012 0.52 0.300021 -0.0119964 0.520029 0.659562 -0.985676 -0.483252 -2.55344 -0.406766 1.64122 0.365847
14.622 0.3 -0.012 0.52 0.300021 -0.0119964 0.520029 0.659562 -0.985676 -0.483252 -2.55344 -0.406767 1.64122 0.365849
14.623 0.3 -0.012 0.52 0.300021 -0.0119965 0.520029 0.659562 -0.985676 -0.483252 -2.55344 -0.406767 1.64122 0.365852
14.624 0.3 -0.012 0.52 0.300021 -0.0119965 0.520029 0.659562 -0.985676 -0.483252 -2.55344 -0.406767 1.64122 0.365854
14.625 0.3 -0.012 0.52 0.300021 -0.0119965 0.520029 0.659562 -0.985676 -0.483252 -2.55344 -0.406768 1.64122 0.365857
14.626 0.3 -0.012 0.52 0.300021 -0.0119966 0.520029 0.659562 -0.985677 -0.483253 -2.55344 -0.406768 1.64122 0.36586
14.627 0.3 -0.012 0.52 0.300021 -0.0119966 0.520029 0.659562 -0.985677 -0.483253 -2.55344 -0.406768 1.64122 0.365862
14.628 0.3 -0.012 0.52 0.300021 -0.0119967 0.520029 0.659563 -0.985677 -0.483253 -2.55344 -0.406769 1.64122 0.365865
14.629 0.3 -0.012 0.52 0.300021 -0.0119967 0.520029 0.659563 -0.985677 -0.483253 -2.55344 -0.406769 1.64122 0.365867
14.63 0.3 -0.012 0.52 0.300021 -0.0119968 0.520029 0.659563 -0.985677 -0.483253 -2.55344 -0.40677 1.64122 0.36587
14.631 0.3 -0.012 0.52 0.300021 -0.0119968 0.520029 0.659563 -0.985677 -0.483253 -2.55344 -0.40677 1.64122 0.365872
14.632 0.3 -0.012 0.52 0.300021 -0.0119969 0.520029 0.659563 -0.985677 -0.483253 -2.55344 -0.40677 1.64122 0.365875
14.633 0.3 -0.012 0.52 0.300021 -0.0119969 0.520029 0.659563 -0.985677 -0.483253 -2.55344 -0.406771 1.64122 0.365878
14.634 0.3 -0.012 0.52 0.300021 -0.0119969 0.520029 0.659563 -0.985677 -0.483253 -2.55344 -0.406771 1.64122 0.36588
14.635 0.3 -0.012 0.52 0.300021 -0.011997 0.520029 0.659564 -0.985677 -0.483253 -2.55344 -0.406771 1.64121 0.365883
14.636 0.3 -0.012 0.52 0.300021 -0.011997 0.520028 0.659564 -0.985677 -0.483253 -2.55344 -0.406772 1.64121 0.365885
14.637 0.3 -0.012 0.52 0.300021 -0.0119971 0.520028 0.659564 -0.985677 -0.483253 -2.55344 -0.406772 1.64121 0.365888
14.638 0.3 -0.012 0.52 0.300021 -0.0119971 0.520028 0.659564 -0.985677 -0.483253 -2.55344 -0.406772 1.64121 0.36589
14.639 0.3 -0.012 0.52 0.300021 -0.0119971 0.520028 0.659564 -0.985677 -0.483253 -2.55344 -0.406773 1.64121 0.365893
14.64 0.3 -0.012 0.52 0.300021 -0.0119972 0.520028 0.659564 -0.985677 -0.483253 -2.55344 -0.406773 1.64121 0.365896
14.641 0.3 -0.012 0.52 0.300021 -0.0119972 0.520028 0.659564 -0.985677 -0.483253 -2.55344 -0.406773 1.64121 0.365898
14.642 0.3 -0.012 0.52 0.300021 -0.0119973 0.520028 0.659565 -0.985677 -0.483253 -2.55344 -0.406774 1.64121 0.365901
14.643 0.3 -0.012 0.52 0.300021 -0.0119973 0.520028 0.659565 -0.985677 -0.483253 -2.55344 -0.406774 1.64121 0.365903
14.644 0.3 -0.012 0.52 0.300021 -0.0119973 0.520028 0.659565 -0.985677 -0.483254 -2.55344 -0.406774 1.64121 0.365906
14.645 0.3 -0.012 0.52 0.300021 -0.0119974 0.520028 0.659565 -0.985677 -0.483254 -2.55344 -0.406774 1.64121 0.365909
14.646 0.3 -0.012 0.52 0.300021 -0.0119974 0.520028 0.659565 -0.985677 -0.483254 -2.55344 -0.406775 1.64121 0.365911
14.647 0.3 -0.012 0.52 0.300021 -0.0119975 0.520028 0.659565 -0.985677 -0.483254 -2.55344 -0.406775 1.64121 0.365914
14.648 0.3 -0.012 0.52 0.30002 -0.0119975 0.520028 0.659565 -0.985677 -0.483254 -2.55344 -0.406775 1.64121 0.365917
14.649 0.3 -0.012 0.52 0.30002 -0.0119975 0.520028 0.659565 -0.985677 -0.483254 -2.55344 -0.406776 1.64121 0.365919
14.65 0.3 -0.012 0.52 0.30002 -0.0119976 0.520028 0.659566 -0.985677 -0.483254 -2.55344 -0.406776 1.64121 0.365922
14.651 0.3 -0.012 0.52 0.30002 -0.0119976 0.520028 0.659566 -0.985677 -0.483254 -2.55344 -0.406776 1.64121 0.365924
14.652 0.3 -0.012 0.52 0.30002 -0.0119977 0.520028 0.659566 -0.985677 -0.483254 -2.55344 -0.406777 1.64121 0.365927
14.653 0.3 -0.012 0.52 0.30002 -0.0119977 0.520028 0.659566 -0.985677 -0.483254 -2.55344 -0.406777 1.64121 0.36593
14.654 0.3 -0.012 0.52 0.30002 -0.0119977 0.520028 0.659566 -0.985677 -0.483254 -2.55344 -0.406777 1.64121 0.365932
14.655 0.3 -0.012 0.52 0.30002 -0.0119978 0.520028 0.659566 -0.985677 -0.483254 -2.55344 -0.406778 1.64121 0.365935
14.656 0.3 -0.012 0.52 0.30002 -0.0119978 0.520028 0.659566 -0.985677 -0.483254 -2.55344 -0.406778 1.6412 0.365938
14.657 0.3 -0.012 0.52 0.30002 -0.0119978 0.520028 0.659566 -0.985677 -0.483254 -2.55344 -0.406778 1.6412 0.36594
14.658 0.3 -0.012 0.52 0.30002 -0.0119979 0.520028 0.659567 -0.985677 -0.483254 -2.55344 -0.406778 1.6412 0.365943
14.659 0.3 -0.012 0.52 0.30002 -0.0119979 0.520028 0.659567 -0.985677 -0.483254 -2.55343 -0.406779 1.6412 0.365945
14.66 0.3 -0.012 0.52 0.30002 -0.0119979 0.520028 0.659567 -0.985677 -0.483254 -2.55343 -0.406779 1.6412 0.365948
14.661 0.3 -0.012 0.52 0.30002 -0.011998 0.520028 0.659567 -0.985677 -0.483254 -2.55343 -0.406779 1.6412 0.365951
14.662 0.3 -0.012 0.52 0.30002 -0.011998 0.520028 0.659567 -0.985677 -0.483254 -2.55343 -0.40678 1.6412 0.365953
14.663 0.3 -0.012 0.52 0.30002 -0.0119981 0.520028 0.659567 -0.985677 -0.483254 -2.55343 -0.40678 1.6412 0.365956
14.664 0.3 -0.012 0.52 0.30002 -0.0119981 0.520028 0.659567 -0.985677 -0.483254 -2.55343 -0.40678 1.6412 0.365959
14.665 0.3 -0.012 0.52 0.30002 -0.0119981 0.520028 0.659567 -0.985677 -0.483254 -2.55343 -0.40678 1.6412 0.365961
14.666 0.3 -0.012 0.52 0.30002 -0.0119982 0.520028 0.659567 -0.985677 -0.483255 -2.55343 -0.406781 1.6412 0.365964
14.667 0.3 -0.012 0.52 0.30002 -0.0119982 0.520028 0.659568 -0.985677 -0.483255 -2.55343 -0.406781 1.6412 0.365967
14.668 0.3 -0.012 0.52 0.30002 -0.0119982 0.520028 0.659568 -0.985678 -0.483255 -2.55343 -0.406781 1.6412 0.365969
14.669 0.3 -0.012 0.52 0.30002 -0.0119983 0.520028 0.659568 -0.985678 -0.483255 -2.55343 -0.406781 1.6412 0.365972
14.67 0.3 -0.012 0.52 0.30002 -0.0119983 0.520028 0.659568 -0.985678 -0.483255 -2.55343 -0.406782 1.6412 0.365975
14.671 0.3 -0.012 0.52 0.30002 -0.0119983 0.520028 0.659568 -0.985678 -0.483255 -2.55343 -0.406782 1.6412 0.365977
14.672 0.3 -0.012 0.52 0.30002 -0.0119984 0.520028 0.659568 -0.985678 -0.483255 -2.55343 -0.406782 1.6412 0.36598
14.673 0.3 -0.012 0.52 0.30002 -0.0119984 0.520028 0.659568 -0.985678 -0.483255 -2.55343 -0.406783 1.6412 0.365983
14.674 0.3 -0.012 0.52 0.30002 -0.0119984 0.520028 0.659568 -0.985678 -0.483255 -2.55343 -0.406783 1.6412 0.365985
14.675 0.3 -0.012 0.52 0.30002 -0.0119985 0.520028 0.659568 -0.985678 -0.483255 -2.55343 -0.406783 1.6412 0.365988
14.676 0.3 -0.012 0.52 0.30002 -0.0119985 0.520028 0.659569 -0.985678 -0.483255 -2.55343 -0.406783 1.6412 0.365991
14.677 0.3 -0.012 0.52 0.30002 -0.0119985 0.520028 0.659569 -0.985678 -0.483255 -2.55343 -0.406784 1.6412 0.365993
14.678 0.3 -0.012 0.52 0.30002 -0.0119985 0.520028 0.659569 -0.985678 -0.483255 -2.55343 -0.406784 1.6412 0.365996
14.679 0.3 -0.012 0.52 0.30002 -0.0119986 0.520028 0.659569 -0.985678 -0.483255 -2.55343 -0.406784 1.6412 0.365999
14.68 0.3 -0.012 0.52 0.30002 -0.0119986 0.520028 0.659569 -0.985678 -0.483255 -2.55343 -0.406784 1.64119 0.366001
14.681 0.3 -0.012 0.52 0.30002 -0.0119986 0.520028 0.659569 -0.985678 -0.483255 -2.55343 -0.406785 1.64119 0.366004
14.682 0.3 -0.012 0.52 0.30002 -0.0119987 0.520028 0.659569 -0.985678 -0.483255 -2.55343 -0.406785 1.64119 0.366007
14.683 0.3 -0.012 0.52 0.30002 -0.0119987 0.520028 0.659569 -0.985678 -0.483255 -2.55343 -0.406785 1.64119 0.366009
14.684 0.3 -0.012 0.52 0.30002 -0.0119987 0.520028 0.659569 -0.985678 -0.483255 -2.55343 -0.406785 1.64119 0.366012
14.685 0.3 -0.012 0.52 0.30002 -0.0119988 0.520028 0.659569 -0.985678 -0.483255 -2.55343 -0.406786 1.64119 0.366015
14.686 0.3 -0.012 0.52 0.30002 -0.0119988 0.520028 0.65957 -0.985678 -0.483255 -2.55343 -0.406786 1.64119 0.366017
14.687 0.3 -0.012 0.52 0.30002 -0.0119988 0.520028 0.65957 -0.985678 -0.483255 -2.55343 -0.406786 1.64119 0.36602
14.688 0.3 -0.012 0.52 0.30002 -0.0119988 0.520028 0.65957 -0.985678 -0.483255 -2.55343 -0.406786 1.64119 0.366023
14.689 0.3 -0.012 0.52 0.30002 -0.0119989 0.520028 0.65957 -0.985678 -0.483255 -2.55343 -0.406787 1.64119 0.366026
14.69 0.3 -0.012 0.52 0.30002 -0.0119989 0.520028 0.65957 -0.985678 -0.483255 -2.55343 -0.406787 1.64119 0.366028
14.691 0.3 -0.012 0.52 0.30002 -0.0119989 0.520028 0.65957 -0.985678 -0.483256 -2.55343 -0.406787 1.64119 0.366031
14.692 0.3 -0.012 0.52 0.30002 -0.011999 0.520028 0.65957 -0.985678 -0.483256 -2.55343 -0.406787 1.64119 0.366034
14.693 0.3 -0.012 0.52 0.30002 -0.011999 0.520028 0.65957 -0.985678 -0.483256 -2.55343 -0.406787 1.64119 0.366036
14.694 0.3 -0.012 0.52 0.30002 -0.011999 0.520028 0.65957 -0.985678 -0.483256 -2.55343 -0.406788 1.64119 0.366039
14.695 0.3 -0.012 0.52 0.30002 -0.011999 0.520028 0.65957 -0.985678 -0.483256 -2.55343 -0.406788 1.64119 0.366042
14.696 0.3 -0.012 0.52 0.300019 -0.0119991 0.520028 0.65957 -0.985678 -0.483256 -2.55343 -0.406788 1.64119 0.366044
14.697 0.3 -0.012 0.52 0.300019 -0.0119991 0.520028 0.659571 -0.985678 -0.483256 -2.55343 -0.406788 1.64119 0.366047
14.698 0.3 -0.012 0.52 0.300019 -0.0119991 0.520028 0.659571 -0.985678 -0.483256 -2.55343 -0.406789 1.64119 0.36605
14.699 0.3 -0.012 0.52 0.300019 -0.0119992 0.520028 0.659571 -0.985678 -0.483256 -2.55343 -0.406789 1.64119 0.366053
14.7 0.3 -0.012 0.52 0.300019 -0.0119992 0.520028 0.659571 -0.985678 -0.483256 -2.55343 -0.406789 1.64119 0.366055
14.701 0.3 -0.012 0.52 0.300019 -0.0119992 0.520028 0.659571 -0.985678 -0.483256 -2.55343 -0.406789 1.64119 0.366058
14.702 0.3 -0.012 0.52 0.300019 -0.0119992 0.520028 0.659571 -0.985678 -0.483256 -2.55343 -0.406789 1.64119 0.366061
14.703 0.3 -0.012 0.52 0.300019 -0.0119993 0.520028 0.659571 -0.985678 -0.483256 -2.55343 -0.40679 1.64119 0.366063
14.704 0.3 -0.012 0.52 0.300019 -0.0119993 0.520028 0.659571 -0.985678 -0.483256 -2.55343 -0.40679 1.64119 0.366066
14.705 0.3 -0.012 0.52 0.300019 -0.0119993 0.520028 0.659571 -0.985678 -0.483256 -2.55343 -0.40679 1.64119 0.366069
14.706 0.3 -0.012 0.52 0.300019 -0.0119993 0.520028 0.659571 -0.985678 -0.483256 -2.55343 -0.40679 1.64119 0.366072
14.707 0.3 -0.012 0.52 0.300019 -0.0119994 0.520028 0.659571 -0.985678 -0.483256 -2.55343 -0.406791 1.64119 0.366074
14.708 0.3 -0.012 0.52 0.300019 -0.0119994 0.520028 0.659572 -0.985678 -0.483256 -2.55343 -0.406791 1.64119 0.366077
14.709 0.3 -0.012 0.52 0.300019 -0.0119994 0.520028 0.659572 -0.985678 -0.483256 -2.55343 -0.406791 1.64118 0.36608
14.71 0.3 -0.012 0.52 0.300019 -0.0119994 0.520028 0.659572 -0.985678 -0.483256 -2.55343 -0.406791 1.64118 0.366082
14.711 0.3 -0.012 0.52 0.300019 -0.0119995 0.520028 0.659572 -0.985678 -0.483256 -2.55343 -0.406791 1.64118 0.366085
14.712 0.3 -0.012 0.52 0.300019 -0.0119995 0.520028 0.659572 -0.985678 -0.483256 -2.55343 -0.406792 1.64118 0.366088
14.713 0.3 -0.012 0.52 0.300019 -0.0119995 0.520028 0.659572 -0.985678 -0.483256 -2.55343 -0.406792 1.64118 0.366091
14.714 0.3 -0.012 0.52 0.300019 -0.0119995 0.520028 0.659572 -0.985678 -0.483256 -2.55343 -0.406792 1.64118 0.366093
14.715 0.3 -0.012 0.52 0.300019 -0.0119996 0.520028 0.659572 -0.985678 -0.483256 -2.55343 -0.406792 1.64118 0.366096
14.716 0.3 -0.012 0.52 0.300019 -0.0119996 0.520028 0.659572 -0.985678 -0.483256 -2.55343 -0.406792 1.64118 0.366099
14.717 0.3 -0.012 0.52 0.300019 -0.0119996 0.520028 0.659572 -0.985678 -0.483256 -2.55343 -0.406793 1.64118 0.366102
14.718 0.3 -0.012 0.52 0.300019 -0.0119996 0.520028 0.659572 -0.985678 -0.483256 -2.55343 -0.406793 1.64118 0.366104
14.719 0.3 -0.012 0.52 0.300019 -0.0119997 0.520028 0.659572 -0.985678 -0.483256 -2.55343 -0.406793 1.64118 0.366107
14.72 0.3 -0.012 0.52 0.300019 -0.0119997 0.520028 0.659573 -0.985678 -0.483256 -2.55343 -0.406793 1.64118 0.36611
14.721 0.3 -0.012 0.52 0.300019 -0.0119997 0.520027 0.659573 -0.985678 -0.483257 -2.55343 -0.406793 1.64118 0.366113
14.722 0.3 -0.012 0.52 0.300019 -0.0119997 0.520027 0.659573 -0.985678 -0.483257 -2.55343 -0.406794 1.64118 0.366115
14.723 0.3 -0.012 0.52 0.300019 -0.0119998 0.520027 0.659573 -0.985678 -0.483257 -2.55343 -0.406794 1.64118 0.366118
14.724 0.3 -0.012 0.52 0.300019 -0.0119998 0.520027 0.659573 -0.985678 -0.483257 -2.55343 -0.406794 1.64118 0.366121
14.725 0.3 -0.012 0.52 0.300019 -0.0119998 0.520027 0.659573 -0.985678 -0.483257 -2.55343 -0.406794 1.64118 0.366124
14.726 0.3 -0.012 0.52 0.300019 -0.0119998 0.520027 0.659573 -0.985678 -0.483257 -2.55343 -0.406794 1.64118 0.366126
14.727 0.3 -0.012 0.52 0.300019 -0.0119998 0.520027 0.659573 -0.985678 -0.483257 -2.55343 -0.406794 1.64118 0.366129
14.728 0.3 -0.012 0.52 0.300019 -0.0119999 0.520027 0.659573 -0.985678 -0.483257 -2.55343 -0.406795 1.64118 0.366132
14.729 0.3 -0.012 0.52 0.300019 -0.0119999 0.520027 0.659573 -0.985678 -0.483257 -2.55343 -0.406795 1.64118 0.366135
14.73 0.3 -0.012 0.52 0.300019 -0.0119999 0.520027 0.659573 -0.985678 -0.483257 -2.55343 -0.406795 1.64118 0.366137
14.731 0.3 -0.012 0.52 0.300019 -0.0119999 0.520027 0.659573 -0.985678 -0.483257 -2.55343 -0.406795 1.64118 0.36614
14.732 0.3 -0.012 0.52 0.300019 -0.012 0.520027 0.659573 -0.985678 -0.483257 -2.55343 -0.406795 1.64118 0.366143
14.733 0.3 -0.012 0.52 0.300019 -0.012 0.520027 0.659573 -0.985679 -0.483257 -2.55343 -0.406796 1.64118 0.366146
14.734 0.3 -0.012 0.52 0.300019 -0.012 0.520027 0.659574 -0.985679 -0.483257 -2.55343 -0.406796 1.64118 0.366148
14.735 0.3 -0.012 0.52 0.300019 -0.012 0.520027 0.659574 -0.985679 -0.483257 -2.55343 -0.406796 1.64118 0.366151
14.736 0.3 -0.012 0.52 0.300019 -0.012 0.520027 0.659574 -0.985679 -0.483257 -2.55343 -0.406796 1.64118 0.366154
14.737 0.3 -0.012 0.52 0.300019 -0.0120001 0.520027 0.659574 -0.985679 -0.483257 -2.55343 -0.406796 1.64118 0.366157
14.738 0.3 -0.012 0.52 0.300019 -0.0120001 0.520027 0.659574 -0.985679 -0.483257 -2.55343 -0.406796 1.64118 0.366159
14.739 0.3 -0.012 0.52 0.300019 -0.0120001 0.520027 0.659574 -0.985679 -0.483257 -2.55343 -0.406797 1.64118 0.366162
14.74 0.3 -0.012 0.52 0.300019 -0.0120001 0.520027 0.659574 -0.985679 -0.483257 -2.55343 -0.406797 1.64118 0.366165
14.741 0.3 -0.012 0.52 0.300019 -0.0120001 0.520027 0.659574 -0.985679 -0.483257 -2.55343 -0.406797 1.64118 0.366168
14.742 0.3 -0.012 0.52 0.300019 -0.0120002 0.520027 0.659574 -0.985679 -0.483257 -2.55343 -0.406797 1.64118 0.36617
14.743 0.3 -0.012 0.52 0.300019 -0.0120002 0.520027 0.659574 -0.985679 -0.483257 -2.55343 -0.406797 1.64118 0.366173
14.744 0.3 -0.012 0.52 0.300019 -0.0120002 0.520027 0.659574 -0.985679 -0.483257 -2.55343 -0.406797 1.64118 0.366176
14.745 0.3 -0.012 0.52 0.300019 -0.0120002 0.520027 0.659574 -0.985679 -0.483257 -2.55343 -0.406798 1.64117 0.366179
14.746 0.3 -0.012 0.52 0.300019 -0.0120002 0.520027 0.659574 -0.985679 -0.483257 -2.55343 -0.406798 1.64117 0.366182
14.747 0.3 -0.012 0.52 0.300019 -0.0120003 0.520027 0.659574 -0.985679 -0.483257 -2.55343 -0.406798 1.64117 0.366184
14.748 0.3 -0.012 0.52 0.300019 -0.0120003 0.520027 0.659575 -0.985679 -0.483257 -2.55343 -0.406798 1.64117 0.366187
14.749 0.3 -0.012 0.52 0.300019 -0.0120003 0.520027 0.659575 -0.985679 -0.483257 -2.55343 -0.406798 1.64117 0.36619
14.75 0.3 -0.012 0.52 0.300019 -0.0120003 0.520027 0.659575 -0.985679 -0.483257 -2.55343 -0.406798 1.64117 0.366193
14.751 0.3 -0.012 0.52 0.300019 -0.0120003 0.520027 0.659575 -0.985679 -0.483257 -2.55343 -0.406798 1.64117 0.366195
14.752 0.3 -0.012 0.52 0.300019 -0.0120003 0.520027 0.659575 -0.985679 -0.483257 -2.55343 -0.406799 1.64117 0.366198
14.753 0.3 -0.012 0.52 0.300019 -0.0120004 0.520027 0.659575 -0.985679 -0.483257 -2.55343 -0.406799 1.64117 0.366201
14.754 0.3 -0.012 0.52 0.300019 -0.0120004 0.520027 0.659575 -0.985679 -0.483257 -2.55343 -0.406799 1.64117 0.366204
14.755 0.3 -0.012 0.52 0.300019 -0.0120004 0.520027 0.659575 -0.985679 -0.483257 -2.55343 -0.406799 1.64117 0.366207
14.756 0.3 -0.012 0.52 0.300019 -0.0120004 0.520027 0.659575 -0.985679 -0.483257 -2.55343 -0.406799 1.64117 0.366209
14.757 0.3 -0.012 0.52 0.300019 -0.0120004 0.520027 0.659575 -0.985679 -0.483257 -2.55343 -0.406799 1.64117 0.366212
14.758 0.3 -0.012 0.52 0.300019 -0.0120005 0.520027 0.659575 -0.985679 -0.483257 -2.55343 -0.4068 1.64117 0.366215
14.759 0.3 -0.012 0.52 0.300019 -0.0120005 0.520027 0.659575 -0.985679 -0.483257 -2.55343 -0.4068 1.64117 0.366218
14.76 0.3 -0.012 0.52 0.300019 -0.0120005 0.520027 0.659575 -0.985679 -0.483258 -2.55343 -0.4068 1.64117 0.36622
14.761 0.3 -0.012 0.52 0.300019 -0.0120005 0.520027 0.659575 -0.985679 -0.483258 -2.55343 -0.4068 1.64117 0.366223
14.762 0.3 -0.012 0.52 0.300019 -0.0120005 0.520027 0.659575 -0.985679 -0.483258 -2.55343 -0.4068 1.64117 0.366226
14.763 0.3 -0.012 0.52 0.300019 -0.0120005 0.520027 0.659575 -0.985679 -0.483258 -2.55343 -0.4068 1.64117 0.366229
14.764 0.3 -0.012 0.52 0.300019 -0.0120006 0.520027 0.659575 -0.985679 -0.483258 -2.55343 -0.4068 1.64117 0.366232
14.765 0.3 -0.012 0.52 0.300019 -0.0120006 0.520027 0.659576 -0.985679 -0.483258 -2.55343 -0.406801 1.64117 0.366234
14.766 0.3 -0.012 0.52 0.300019 -0.0120006 0.520027 0.659576 -0.985679 -0.483258 -2.55343 -0.406801 1.64117 0.366237
14.767 0.3 -0.012 0.52 0.300019 -0.0120006 0.520027 0.659576 -0.985679 -0.483258 -2.55343 -0.406801 1.64117 0.36624
14.768 0.3 -0.012 0.52 0.300019 -0.0120006 0.520027 0.659576 -0.985679 -0.483258 -2.55343 -0.406801 1.64117 0.366243
14.769 0.3 -0.012 0.52 0.300019 -0.0120006 0.520027 0.659576 -0.985679 -0.483258 -2.55343 -0.406801 1.64117 0.366246
14.77 0.3 -0.012 0.52 0.300019 -0.0120007 0.520027 0.659576 -0.985679 -0.483258 -2.55343 -0.406801 1.64117 0.366248
14.771 0.3 -0.012 0.52 0.300018 -0.0120007 0.520027 0.659576 -0.985679 -0.483258 -2.55343 -0.406801 1.64117 0.366251
14.772 0.3 -0.012 0.52 0.300018 -0.0120007 0.520027 0.659576 -0.985679 -0.483258 -2.55343 -0.406802 1.64117 0.366254
14.773 0.3 -0.012 0.52 0.300018 -0.0120007 0.520027 0.659576 -0.985679 -0.483258 -2.55343 -0.406802 1.64117 0.366257
14.774 0.3 -0.012 0.52 0.300018 -0.0120007 0.520027 0.659576 -0.985679 -0.483258 -2.55343 -0.406802 1.64117 0.36626
14.775 0.3 -0.012 0.52 0.300018 -0.0120007 0.520027 0.659576 -0.985679 -0.483258 -2.55343 -0.406802 1.64117 0.366262
14.776 0.3 -0.012 0.52 0.300018 -0.0120008 0.520027 0.659576 -0.985679 -0.483258 -2.55343 -0.406802 1.64117 0.366265
14.777 0.3 -0.012 0.52 0.300018 -0.0120008 0.520027 0.659576 -0.985679 -0.483258 -2.55343 -0.406802 1.64117 0.366268
14.778 0.3 -0.012 0.52 0.300018 -0.0120008 0.520027 0.659576 -0.985679 -0.483258 -2.55343 -0.406802 1.64117 0.366271
14.779 0.3 -0.012 0.52 0.300018 -0.0120008 0.520027 0.659576 -0.985679 -0.483258 -2.55343 -0.406802 1.64117 0.366274
14.78 0.3 -0.012 0.52 0.300018 -0.0120008 0.520027 0.659576 -0.985679 -0.483258 -2.55343 -0.406803 1.64117 0.366276
14.781 0.3 -0.012 0.52 0.300018 -0.0120008 0.520027 0.659576 -0.985679 -0.483258 -2.55343 -0.406803 1.64117 0.366279
14.782 0.3 -0.012 0.52 0.300018 -0.0120008 0.520027 0.659576 -0.985679 -0.483258 -2.55343 -0.406803 1.64117 0.366282
14.783 0.3 -0.012 0.52 0.300018 -0.0120009 0.520027 0.659577 -0.985679 -0.483258 -2.55343 -0.406803 1.64117 0.366285
14.784 0.3 -0.012 0.52 0.300018 -0.0120009 0.520027 0.659577 -0.985679 -0.483258 -2.55343 -0.406803 1.64117 0.366288
14.785 0.3 -0.012 0.52 0.300018 -0.0120009 0.520027 0.659577 -0.985679 -0.483258 -2.55343 -0.406803 1.64117 0.36629
14.786 0.3 -0.012 0.52 0.300018 -0.0120009 0.520027 0.659577 -0.985679 -0.483258 -2.55343 -0.406803 1.64117 0.366293
14.787 0.3 -0.012 0.52 0.300018 -0.0120009 0.520027 0.659577 -0.985679 -0.483258 -2.55343 -0.406803 1.64117 0.366296
14.788 0.3 -0.012 0.52 0.300018 -0.0120009 0.520027 0.659577 -0.985679 -0.483258 -2.55343 -0.406804 1.64117 0.366299
14.789 0.3 -0.012 0.52 0.300018 -0.0120009 0.520027 0.659577 -0.985679 -0.483258 -2.55343 -0.406804 1.64117 0.366302
14.79 0.3 -0.012 0.52 0.300018 -0.012001 0.520027 0.659577 -0.985679 -0.483258 -2.55343 -0.406804 1.64117 0.366304
14.791 0.3 -0.012 0.52 0.300018 -0.012001 0.520027 0.659577 -0.985679 -0.483258 -2.55343 -0.406804 1.64117 0.366307
14.792 0.3 -0.012 0.52 0.300018 -0.012001 0.520027 0.659577 -0.985679 -0.483258 -2.55343 -0.406804 1.64116 0.36631
14.793 0.3 -0.012 0.52 0.300018 -0.012001 0.520027 0.659577 -0.985679 -0.483258 -2.55343 -0.406804 1.64116 0.366313
14.794 0.3 -0.012 0.52 0.300018 -0.012001 0.520027 0.659577 -0.985679 -0.483258 -2.55343 -0.406804 1.64116 0.366316
14.795 0.3 -0.012 0.52 0.300018 -0.012001 0.520027 0.659577 -0.985679 -0.483258 -2.55343 -0.406804 1.64116 0.366319
14.796 0.3 -0.012 0.52 0.300018 -0.012001 0.520027 0.659577 -0.985679 -0.483258 -2.55343 -0.406805 1.64116 0.366321
14.797 0.3 -0.012 0.52 0.300018 -0.0120011 0.520027 0.659577 -0.985679 -0.483258 -2.55343 -0.406805 1.64116 0.366324
14.798 0.3 -0.012 0.52 0.300018 -0.0120011 0.520027 0.659577 -0.985679 -0.483258 -2.55343 -0.406805 1.64116 0.366327
14.799 0.3 -0.012 0.52 0.300018 -0.0120011 0.520027 0.659577 -0.985679 -0.483258 -2.55343 -0.406805 1.64116 0.36633
14.8 0.3 -0.012 0.52 0.300018 -0.0120011 0.520027 0.659577 -0.985679 -0.483258 -2.55343 -0.406805 1.64116 0.366333
14.801 0.3 -0.012 0.52 0.300018 -0.0120011 0.520027 0.659577 -0.985679 -0.483258 -2.55343 -0.406805 1.64116 0.366335
14.802 0.3 -0.012 0.52 0.300018 -0.0120011 0.520027 0.659577 -0.985679 -0.483258 -2.55343 -0.406805 1.64116 0.366338
14.803 0.3 -0.012 0.52 0.300018 -0.0120011 0.520027 0.659578 -0.985679 -0.483258 -2.55343 -0.406805 1.64116 0.366341
14.804 0.3 -0.012 0.52 0.300018 -0.0120011 0.520027 0.659578 -0.985679 -0.483258 -2.55343 -0.406805 1.64116 0.366344
14.805 0.3 -0.012 0.52 0.300018 -0.0120012 0.520027 0.659578 -0.985679 -0.483258 -2.55343 -0.406806 1.64116 0.366347
14.806 0.3 -0.012 0.52 0.300018 -0.0120012 0.520027 0.659578 -0.985679 -0.483258 -2.55343 -0.406806 1.64116 0.36635
14.807 0.3 -0.012 0.52 0.300018 -0.0120012 0.520027 0.659578 -0.985679 -0.483258 -2.55343 -0.406806 1.64116 0.366352
14.808 0.3 -0.012 0.52 0.300018 -0.0120012 0.520027 0.659578 -0.985679 -0.483258 -2.55343 -0.406806 1.64116 0.366355
14.809 0.3 -0.012 0.52 0.300018 -0.0120012 0.520027 0.659578 -0.985679 -0.483258 -2.55343 -0.406806 1.64116 0.366358
14.81 0.3 -0.012 0.52 0.300018 -0.0120012 0.520027 0.659578 -0.985679 -0.483258 -2.55343 -0.406806 1.64116 0.366361
14.811 0.3 -0.012 0.52 0.300018 -0.0120012 0.520027 0.659578 -0.985679 -0.483258 -2.55343 -0.406806 1.64116 0.366364
14.812 0.3 -0.012 0.52 0.300018 -0.0120012 0.520027 0.659578 -0.985679 -0.483258 -2.55343 -0.406806 1.64116 0.366366
14.813 0.3 -0.012 0.52 0.300018 -0.0120013 0.520027 0.659578 -0.985679 -0.483259 -2.55343 -0.406806 1.64116 0.366369
14.814 0.3 -0.012 0.52 0.300018 -0.0120013 0.520027 0.659578 -0.985679 -0.483259 -2.55343 -0.406806 1.64116 0.366372
14.815 0.3 -0.012 0.52 0.300018 -0.0120013 0.520027 0.659578 -0.985679 -0.483259 -2.55343 -0.406807 1.64116 0.366375
14.816 0.3 -0.012 0.52 0.300018 -0.0120013 0.520027 0.659578 -0.985679 -0.483259 -2.55343 -0.406807 1.64116 0.366378
14.817 0.3 -0.012 0.52 0.300018 -0.0120013 0.520027 0.659578 -0.985679 -0.483259 -2.55343 -0.406807 1.64116 0.366381
14.818 0.3 -0.012 0.52 0.300018 -0.0120013 0.520027 0.659578 -0.985679 -0.483259 -2.55343 -0.406807 1.64116 0.366383
14.819 0.3 -0.012 0.52 0.300018 -0.0120013 0.520027 0.659578 -0.985679 -0.483259 -2.55343 -0.406807 1.64116 0.366386
14.82 0.3 -0.012 0.52 0.300018 -0.0120013 0.520027 0.659578 -0.985679 -0.483259 -2.55343 -0.406807 1.64116 0.366389
14.821 0.3 -0.012 0.52 0.300018 -0.0120013 0.520027 0.659578 -0.985679 -0.483259 -2.55343 -0.406807 1.64116 0.366392
14.822 0.3 -0.012 0.52 0.300018 -0.0120014 0.520027 0.659578 -0.985679 -0.483259 -2.55343 -0.406807 1.64116 0.366395
14.823 0.3 -0.012 0.52 0.300018 -0.0120014 0.520027 0.659578 -0.985679 -0.483259 -2.55343 -0.406807 1.64116 0.366398
14.824 0.3 -0.012 0.52 0.300018 -0.0120014 0.520027 0.659578 -0.985679 -0.483259 -2.55343 -0.406807 1.64116 0.3664
14.825 0.3 -0.012 0.52 0.300018 -0.0120014 0.520027 0.659578 -0.985679 -0.483259 -2.55343 -0.406808 1.64116 0.366403
14.826 0.3 -0.012 0.52 0.300018 -0.0120014 0.520027 0.659579 -0.985679 -0.483259 -2.55343 -0.406808 1.64116 0.366406
14.827 0.3 -0.012 0.52 0.300018 -0.0120014 0.520027 0.659579 -0.985679 -0.483259 -2.55343 -0.406808 1.64116 0.366409
14.828 0.3 -0.012 0.52 0.300018 -0.0120014 0.520027 0.659579 -0.985679 -0.483259 -2.55343 -0.406808 1.64116 0.366412
14.829 0.3 -0.012 0.52 0.300018 -0.0120014 0.520027 0.659579 -0.985679 -0.483259 -2.55343 -0.406808 1.64116 0.366415
14.83 0.3 -0.012 0.52 0.300018 -0.0120014 0.520027 0.659579 -0.985679 -0.483259 -2.55343 -0.406808 1.64116 0.366417
14.831 0.3 -0.012 0.52 0.300018 -0.0120014 0.520027 0.659579 -0.985679 -0.483259 -2.55343 -0.406808 1.64116 0.36642
14.832 0.3 -0.012 0.52 0.300018 -0.0120015 0.520027 0.659579 -0.985679 -0.483259 -2.55343 -0.406808 1.64116 0.366423
14.833 0.3 -0.012 0.52 0.300018 -0.0120015 0.520027 0.659579 -0.985679 -0.483259 -2.55343 -0.406808 1.64116 0.366426
14.834 0.3 -0.012 0.52 0.300018 -0.0120015 0.520027 0.659579 -0.985679 -0.483259 -2.55343 -0.406808 1.64116 0.366429
14.835 0.3 -0.012 0.52 0.300018 -0.0120015 0.520027 0.659579 -0.985679 -0.483259 -2.55343 -0.406808 1.64116 0.366432
14.836 0.3 -0.012 0.52 0.300018 -0.0120015 0.520027 0.659579 -0.985679 -0.483259 -2.55343 -0.406809 1.64116 0.366434
14.837 0.3 -0.012 0.52 0.300018 -0.0120015 0.520027 0.659579 -0.985679 -0.483259 -2.55343 -0.406809 1.64116 0.366437
14.838 0.3 -0.012 0.52 0.300018 -0.0120015 0.520027 0.659579 -0.985679 -0.483259 -2.55343 -0.406809 1.64116 0.36644
14.839 0.3 -0.012 0.52 0.300018 -0.0120015 0.520027 0.659579 -0.985679 -0.483259 -2.55343 -0.406809 1.64116 0.366443
14.84 0.3 -0.012 0.52 0.300018 -0.0120015 0.520027 0.659579 -0.985679 -0.483259 -2.55343 -0.406809 1.64116 0.366446
14.841 0.3 -0.012 0.52 0.300018 -0.0120015 0.520027 0.659579 -0.985679 -0.483259 -2.55343 -0.406809 1.64116 0.366449
14.842 0.3 -0.012 0.52 0.300018 -0.0120016 0.520027 0.659579 -0.985679 -0.483259 -2.55343 -0.406809 1.64116 0.366451
14.843 0.3 -0.012 0.52 0.300018 -0.0120016 0.520027 0.659579 -0.985679 -0.483259 -2.55343 -0.406809 1.64116 0.366454
14.844 0.3 -0.012 0.52 0.300018 -0.0120016 0.520027 0.659579 -0.985679 -0.483259 -2.55343 -0.406809 1.64116 0.366457
14.845 0.3 -0.012 0.52 0.300018 -0.0120016 0.520027 0.659579 -0.985679 -0.483259 -2.55343 -0.406809 1.64116 0.36646
14.846 0.3 -0.012 0.52 0.300018 -0.0120016 0.520027 0.659579 -0.985679 -0.483259 -2.55343 -0.406809 1.64116 0.366463
14.847 0.3 -0.012 0.52 0.300018 -0.0120016 0.520027 0.659579 -0.985679 -0.483259 -2.55343 -0.406809 1.64116 0.366466
14.848 0.3 -0.012 0.52 0.300018 -0.0120016 0.520027 0.659579 -0.985679 -0.483259 -2.55343 -0.40681 1.64116 0.366468
14.849 0.3 -0.012 0.52 0.300018 -0.0120016 0.520027 0.659579 -0.985679 -0.483259 -2.55343 -0.40681 1.64116 0.366471
14.85 0.3 -0.012 0.52 0.300018 -0.0120016 0.520027 0.659579 -0.985679 -0.483259 -2.55343 -0.40681 1.64116 0.366474
14.851 0.3 -0.012 0.52 0.300018 -0.0120016 0.520027 0.659579 -0.985679 -0.483259 -2.55343 -0.40681 1.64116 0.366477
14.852 0.3 -0.012 0.52 0.300018 -0.0120016 0.520027 0.659579 -0.985679 -0.483259 -2.55343 -0.40681 1.64116 0.36648
14.853 0.3 -0.012 0.52 0.300018 -0.0120017 0.520027 0.659579 -0.985679 -0.483259 -2.55343 -0.40681 1.64116 0.366483
14.854 0.3 -0.012 0.52 0.300018 -0.0120017 0.520027 0.65958 -0.985679 -0.483259 -2.55343 -0.40681 1.64116 0.366486
14.855 0.3 -0.012 0.52 0.300018 -0.0120017 0.520027 0.65958 -0.985679 -0.483259 -2.55343 -0.40681 1.64116 0.366488
14.856 0.3 -0.012 0.52 0.300018 -0.0120017 0.520027 0.65958 -0.985679 -0.483259 -2.55343 -0.40681 1.64116 0.366491
14.857 0.3 -0.012 0.52 0.300018 -0.0120017 0.520027 0.65958 -0.985679 -0.483259 -2.55343 -0.40681 1.64116 0.366494
14.858 0.3 -0.012 0.52 0.300018 -0.0120017 0.520027 0.65958 -0.985679 -0.483259 -2.55343 -0.40681 1.64116 0.366497
14.859 0.3 -0.012 0.52 0.300018 -0.0120017 0.520027 0.65958 -0.985679 -0.483259 -2.55343 -0.40681 1.64116 0.3665
14.86 0.3 -0.012 0.52 0.300018 -0.0120017 0.520027 0.65958 -0.985679 -0.483259 -2.55343 -0.40681 1.64116 0.366503
14.861 0.3 -0.012 0.52 0.300018 -0.0120017 0.520027 0.65958 -0.985679 -0.483259 -2.55343 -0.406811 1.64115 0.366505
14.862 0.3 -0.012 0.52 0.300018 -0.0120017 0.520027 0.65958 -0.985679 -0.483259 -2.55343 -0.406811 1.64115 0.366508
14.863 0.3 -0.012 0.52 0.300018 -0.0120017 0.520027 0.65958 -0.985679 -0.483259 -2.55343 -0.406811 1.64115 0.366511
14.864 0.3 -0.012 0.52 0.300018 -0.0120017 0.520027 0.65958 -0.985679 -0.483259 -2.55343 -0.406811 1.64115 0.366514
14.865 0.3 -0.012 0.52 0.300018 -0.0120018 0.520027 0.65958 -0.985679 -0.483259 -2.55343 -0.406811 1.64115 0.366517
14.866 0.3 -0.012 0.52 0.300018 -0.0120018 0.520027 0.65958 -0.985679 -0.483259 -2.55343 -0.406811 1.64115 0.36652
14.867 0.3 -0.012 0.52 0.300018 -0.0120018 0.520027 0.65958 -0.985679 -0.483259 -2.55343 -0.406811 1.64115 0.366523
14.868 0.3 -0.012 0.52 0.300018 -0.0120018 0.520027 0.65958 -0.985679 -0.483259 -2.55343 -0.406811 1.64115 0.366525
14.869 0.3 -0.012 0.52 0.300018 -0.0120018 0.520027 0.65958 -0.985679 -0.483259 -2.55343 -0.406811 1.64115 0.366528
14.87 0.3 -0.012 0.52 0.300018 -0.0120018 0.520027 0.65958 -0.985679 -0.483259 -2.55343 -0.406811 1.64115 0.366531
14.871 0.3 -0.012 0.52 0.300018 -0.0120018 0.520027 0.65958 -0.985679 -0.483259 -2.55343 -0.406811 1.64115 0.366534
14.872 0.3 -0.012 0.52 0.300018 -0.0120018 0.520027 0.65958 -0.985679 -0.483259 -2.55343 -0.406811 1.64115 0.366537
14.873 0.3 -0.012 0.52 0.300018 -0.0120018 0.520027 0.65958 -0.985679 -0.483259 -2.55343 -0.406811 1.64115 0.36654
14.874 0.3 -0.012 0.52 0.300018 -0.0120018 0.520027 0.65958 -0.985679 -0.483259 -2.55343 -0.406811 1.64115 0.366542
14.875 0.3 -0.012 0.52 0.300018 -0.0120018 0.520027 0.65958 -0.985679 -0.483259 -2.55343 -0.406811 1.64115 0.366545
14.876 0.3 -0.012 0.52 0.300018 -0.0120018 0.520027 0.65958 -0.985679 -0.483259 -2.55343 -0.406812 1.64115 0.366548
14.877 0.3 -0.012 0.52 0.300018 -0.0120018 0.520027 0.65958 -0.985679 -0.483259 -2.55343 -0.406812 1.64115 0.366551
14.878 0.3 -0.012 0.52 0.300018 -0.0120019 0.520027 0.65958 -0.985679 -0.483259 -2.55343 -0.406812 1.64115 0.366554
14.879 0.3 -0.012 0.52 0.300018 -0.0120019 0.520027 0.65958 -0.985679 -0.483259 -2.55343 -0.406812 1.64115 0.366557
14.88 0.3 -0.012 0.52 0.300018 -0.0120019 0.520027 0.65958 -0.985679 -0.483259 -2.55343 -0.406812 1.64115 0.36656
14.881 0.3 -0.012 0.52 0.300018 -0.0120019 0.520027 0.65958 -0.985679 -0.483259 -2.55343 -0.406812 1.64115 0.366562
14.882 0.3 -0.012 0.52 0.300018 -0.0120019 0.520027 0.65958 -0.985679 -0.483259 -2.55343 -0.406812 1.64115 0.366565
14.883 0.3 -0.012 0.52 0.300018 -0.0120019 0.520027 0.65958 -0.985679 -0.483259 -2.55343 -0.406812 1.64115 0.366568
14.884 0.3 -0.012 0.52 0.300018 -0.0120019 0.520027 0.65958 -0.985679 -0.483259 -2.55343 -0.406812 1.64115 0.366571
14.885 0.3 -0.012 0.52 0.300018 -0.0120019 0.520027 0.65958 -0.985679 -0.483259 -2.55343 -0.406812 1.64115 0.366574
14.886 0.3 -0.012 0.52 0.300018 -0.0120019 0.520027 0.659581 -0.985679 -0.483259 -2.55343 -0.406812 1.64115 0.366577
14.887 0.3 -0.012 0.52 0.300018 -0.0120019 0.520027 0.659581 -0.985679 -0.483259 -2.55343 -0.406812 1.64115 0.36658
14.888 0.3 -0.012 0.52 0.300018 -0.0120019 0.520027 0.659581 -0.985679 -0.483259 -2.55343 -0.406812 1.64115 0.366582
14.889 0.3 -0.012 0.52 0.300018 -0.0120019 0.520027 0.659581 -0.985679 -0.483259 -2.55343 -0.406812 1.64115 0.366585
14.89 0.3 -0.012 0.52 0.300018 -0.0120019 0.520027 0.659581 -0.985679 -0.483259 -2.55343 -0.406812 1.64115 0.366588
14.891 0.3 -0.012 0.52 0.300018 -0.0120019 0.520027 0.659581 -0.985679 -0.483259 -2.55343 -0.406813 1.64115 0.366591
14.892 0.3 -0.012 0.52 0.300018 -0.0120019 0.520027 0.659581 -0.985679 -0.483259 -2.55343 -0.406813 1.64115 0.366594
14.893 0.3 -0.012 0.52 0.300018 -0.012002 0.520027 0.659581 -0.985679 -0.483259 -2.55343 -0.406813 1.64115 0.366597
14.894 0.3 -0.012 0.52 0.300018 -0.012002 0.520027 0.659581 -0.985679 -0.483259 -2.55343 -0.406813 1.64115 0.3666
14.895 0.3 -0.012 0.52 0.300018 -0.012002 0.520027 0.659581 -0.985679 -0.483259 -2.55343 -0.406813 1.64115 0.366602
14.896 0.3 -0.012 0.52 0.300018 -0.012002 0.520027 0.659581 -0.985679 -0.483259 -2.55343 -0.406813 1.64115 0.366605
14.897 0.3 -0.012 0.52 0.300018 -0.012002 0.520027 0.659581 -0.985679 -0.483259 -2.55343 -0.406813 1.64115 0.366608
14.898 0.3 -0.012 0.52 0.300018 -0.012002 0.520027 0.659581 -0.985679 -0.48326 -2.55343 -0.406813 1.64115 0.366611
14.899 0.3 -0.012 0.52 0.300018 -0.012002 0.520027 0.659581 -0.985679 -0.48326 -2.55343 -0.406813 1.64115 0.366614
14.9 0.3 -0.012 0.52 0.300018 -0.012002 0.520027 0.659581 -0.985679 -0.48326 -2.55343 -0.406813 1.64115 0.366617
14.901 0.3 -0.012 0.52 0.300018 -0.012002 0.520027 0.659581 -0.985679 -0.48326 -2.55343 -0.406813 1.64115 0.36662
14.902 0.3 -0.012 0.52 0.300018 -0.012002 0.520027 0.659581 -0.985679 -0.48326 -2.55343 -0.406813 1.64115 0.366622
14.903 0.3 -0.012 0.52 0.300018 -0.012002 0.520027 0.659581 -0.985679 -0.48326 -2.55343 -0.406813 1.64115 0.366625
14.904 0.3 -0.012 0.52 0.300018 -0.012002 0.520027 0.659581 -0.985679 -0.48326 -2.55343 -0.406813 1.64115 0.366628
14.905 0.3 -0.012 0.52 0.300018 -0.012002 0.520027 0.659581 -0.985679 -0.48326 -2.55343 -0.406813 1.64115 0.366631
14.906 0.3 -0.012 0.52 0.300018 -0.012002 0.520027 0.659581 -0.985679 -0.48326 -2.55343 -0.406813 1.64115 0.366634
14.907 0.3 -0.012 0.52 0.300018 -0.012002 0.520026 0.659581 -0.985679 -0.48326 -2.55343 -0.406813 1.64115 0.366637
14.908 0.3 -0.012 0.52 0.300018 -0.012002 0.520026 0.659581 -0.985679 -0.48326 -2.55343 -0.406813 1.64115 0.36664
14.909 0.3 -0.012 0.52 0.300018 -0.012002 0.520026 0.659581 -0.985679 -0.48326 -2.55343 -0.406814 1.64115 0.366642
14.91 0.3 -0.012 0.52 0.300018 -0.0120021 0.520026 0.659581 -0.985679 -0.48326 -2.55343 -0.406814 1.64115 0.366645
14.911 0.3 -0.012 0.52 0.300018 -0.0120021 0.520026 0.659581 -0.985679 -0.48326 -2.55343 -0.406814 1.64115 0.366648
14.912 0.3 -0.012 0.52 0.300018 -0.0120021 0.520026 0.659581 -0.985679 -0.48326 -2.55343 -0.406814 1.64115 0.366651
14.913 0.3 -0.012 0.52 0.300018 -0.0120021 0.520026 0.659581 -0.985679 -0.48326 -2.55343 -0.406814 1.64115 0.366654
14.914 0.3 -0.012 0.52 0.300018 -0.0120021 0.520026 0.659581 -0.985679 -0.48326 -2.55343 -0.406814 1.64115 0.366657
14.915 0.3 -0.012 0.52 0.300018 -0.0120021 0.520026 0.659581 -0.985679 -0.48326 -2.55343 -0.406814 1.64115 0.36666
14.916 0.3 -0.012 0.52 0.300018 -0.0120021 0.520026 0.659581 -0.985679 -0.48326 -2.55343 -0.406814 1.64115 0.366662
14.917 0.3 -0.012 0.52 0.300018 -0.0120021 0.520026 0.659581 -0.985679 -0.48326 -2.55343 -0.406814 1.64115 0.366665
14.918 0.3 -0.012 0.52 0.300018 -0.0120021 0.520026 0.659581 -0.985679 -0.48326 -2.55343 -0.406814 1.64115 0.366668
14.919 0.3 -0.012 0.52 0.300018 -0.0120021 0.520026 0.659581 -0.985679 -0.48326 -2.55343 -0.406814 1.64115 0.366671
14.92 0.3 -0.012 0.52 0.300018 -0.0120021 0.520026 0.659581 -0.985679 -0.48326 -2.55343 -0.406814 1.64115 0.366674
14.921 0.3 -0.012 0.52 0.300018 -0.0120021 0.520026 0.659581 -0.985679 -0.48326 -2.55343 -0.406814 1.64115 0.366677
14.922 0.3 -0.012 0.52 0.300018 -0.0120021 0.520026 0.659581 -0.985679 -0.48326 -2.55343 -0.406814 1.64115 0.36668
14.923 0.3 -0.012 0.52 0.300018 -0.0120021 0.520026 0.659581 -0.985679 -0.48326 -2.55343 -0.406814 1.64115 0.366682
14.924 0.3 -0.012 0.52 0.300018 -0.0120021 0.520026 0.659581 -0.985679 -0.48326 -2.55343 -0.406814 1.64115 0.366685
14.925 0.3 -0.012 0.52 0.300018 -0.0120021 0.520026 0.659581 -0.985679 -0.48326 -2.55343 -0.406814 1.64115 0.366688
14.926 0.3 -0.012 0.52 0.300018 -0.0120021 0.520026 0.659582 -0.985679 -0.48326 -2.55343 -0.406814 1.64115 0.366691
14.927 0.3 -0.012 0.52 0.300018 -0.0120021 0.520026 0.659582 -0.985679 -0.48326 -2.55343 -0.406814 1.64115 0.366694
14.928 0.3 -0.012 0.52 0.300018 -0.0120021 0.520026 0.659582 -0.985679 -0.48326 -2.55343 -0.406814 1.64115 0.366697
14.929 0.3 -0.012 0.52 0.300018 -0.0120022 0.520026 0.659582 -0.985679 -0.48326 -2.55343 -0.406815 1.64115 0.3667
14.93 0.3 -0.012 0.52 0.300018 -0.0120022 0.520026 0.659582 -0.985679 -0.48326 -2.55343 -0.406815 1.64115 0.366703
14.931 0.3 -0.012 0.52 0.300018 -0.0120022 0.520026 0.659582 -0.985679 -0.48326 -2.55343 -0.406815 1.64115 0.366705
14.932 0.3 -0.012 0.52 0.300018 -0.0120022 0.520026 0.659582 -0.985679 -0.48326 -2.55343 -0.406815 1.64115 0.366708
14.933 0.3 -0.012 0.52 0.300018 -0.0120022 0.520026 0.659582 -0.985679 -0.48326 -2.55343 -0.406815 1.64115 0.366711
14.934 0.3 -0.012 0.52 0.300018 -0.0120022 0.520026 0.659582 -0.985679 -0.48326 -2.55343 -0.406815 1.64115 0.366714
14.935 0.3 -0.012 0.52 0.300018 -0.0120022 0.520026 0.659582 -0.985679 -0.48326 -2.55343 -0.406815 1.64115 0.366717
14.936 0.3 -0.012 0.52 0.300018 -0.0120022 0.520026 0.659582 -0.985679 -0.48326 -2.55343 -0.406815 1.64115 0.36672
14.937 0.3 -0.012 0.52 0.300018 -0.0120022 0.520026 0.659582 -0.985679 -0.48326 -2.55343 -0.406815 1.64115 0.366723
14.938 0.3 -0.012 0.52 0.300017 -0.0120022 0.520026 0.659582 -0.985679 -0.48326 -2.55343 -0.406815 1.64115 0.366725
14.939 0.3 -0.012 0.52 0.300017 -0.0120022 0.520026 0.659582 -0.985679 -0.48326 -2.55343 -0.406815 1.64115 0.366728
14.94 0.3 -0.012 0.52 0.300017 -0.0120022 0.520026 0.659582 -0.985679 -0.48326 -2.55343 -0.406815 1.64115 0.366731
14.941 0.3 -0.012 0.52 0.300017 -0.0120022 0.520026 0.659582 -0.985679 -0.48326 -2.55343 -0.406815 1.64115 0.366734
14.942 0.3 -0.012 0.52 0.300017 -0.0120022 0.520026 0.659582 -0.985679 -0.48326 -2.55343 -0.406815 1.64115 0.366737
14.943 0.3 -0.012 0.52 0.300017 -0.0120022 0.520026 0.659582 -0.985679 -0.48326 -2.55343 -0.406815 1.64115 0.36674
14.944 0.3 -0.012 0.52 0.300017 -0.0120022 0.520026 0.659582 -0.985679 -0.48326 -2.55343 -0.406815 1.64115 0.366743
14.945 0.3 -0.012 0.52 0.300017 -0.0120022 0.520026 0.659582 -0.985679 -0.48326 -2.55343 -0.406815 1.64115 0.366745
14.946 0.3 -0.012 0.52 0.300017 -0.0120022 0.520026 0.659582 -0.985679 -0.48326 -2.55343 -0.406815 1.64115 0.366748
14.947 0.3 -0.012 0.52 0.300017 -0.0120022 0.520026 0.659582 -0.985679 -0.48326 -2.55343 -0.406815 1.64115 0.366751
14.948 0.3 -0.012 0.52 0.300017 -0.0120022 0.520026 0.659582 -0.985679 -0.48326 -2.55343 -0.406815 1.64115 0.366754
14.949 0.3 -0.012 0.52 0.300017 -0.0120022 0.520026 0.659582 -0.985679 -0.48326 -2.55343 -0.406815 1.64115 0.366757
14.95 0.3 -0.012 0.52 0.300017 -0.0120022 0.520026 0.659582 -0.985679 -0.48326 -2.55343 -0.406815 1.64115 0.36676
14.951 0.3 -0.012 0.52 0.300017 -0.0120022 0.520026 0.659582 -0.985679 -0.48326 -2.55343 -0.406815 1.64115 0.366763
14.952 0.3 -0.012 0.52 0.300017 -0.0120023 0.520026 0.659582 -0.985679 -0.48326 -2.55343 -0.406816 1.64115 0.366766
14.953 0.3 -0.012 0.52 0.300017 -0.0120023 0.520026 0.659582 -0.985679 -0.48326 -2.55343 -0.406816 1.64115 0.366768
14.954 0.3 -0.012 0.52 0.300017 -0.0120023 0.520026 0.659582 -0.985679 -0.48326 -2.55343 -0.406816 1.64115 0.366771
14.955 0.3 -0.012 0.52 0.300017 -0.0120023 0.520026 0.659582 -0.985679 -0.48326 -2.55343 -0.406816 1.64115 0.366774
14.956 0.3 -0.012 0.52 0.300017 -0.0120023 0.520026 0.659582 -0.985679 -0.48326 -2.55343 -0.406816 1.64115 0.366777
14.957 0.3 -0.012 0.52 0.300017 -0.0120023 0.520026 0.659582 -0.985679 -0.48326 -2.55343 -0.406816 1.64115 0.36678
14.958 0.3 -0.012 0.52 0.300017 -0.0120023 0.520026 0.659582 -0.985679 -0.48326 -2.55343 -0.406816 1.64115 0.366783
14.959 0.3 -0.012 0.52 0.300017 -0.0120023 0.520026 0.659582 -0.985679 -0.48326 -2.55343 -0.406816 1.64115 0.366786
14.96 0.3 -0.012 0.52 0.300017 -0.0120023 0.520026 0.659582 -0.985679 -0.48326 -2.55343 -0.406816 1.64115 0.366788
14.961 0.3 -0.012 0.52 0.300017 -0.0120023 0.520026 0.659582 -0.985679 -0.48326 -2.55343 -0.406816 1.64115 0.366791
14.962 0.3 -0.012 0.52 0.300017 -0.0120023 0.520026 0.659582 -0.985679 -0.48326 -2.55343 -0.406816 1.64115 0.366794
14.963 0.3 -0.012 0.52 0.300017 -0.0120023 0.520026 0.659582 -0.985679 -0.48326 -2.55343 -0.406816 1.64115 0.366797
14.964 0.3 -0.012 0.52 0.300017 -0.0120023 0.520026 0.659582 -0.985679 -0.48326 -2.55343 -0.406816 1.64115 0.3668
14.965 0.3 -0.012 0.52 0.300017 -0.0120023 0.520026 0.659582 -0.985679 -0.48326 -2.55343 -0.406816 1.64115 0.366803
14.966 0.3 -0.012 0.52 0.300017 -0.0120023 0.520026 0.659582 -0.985679 -0.48326 -2.55343 -0.406816 1.64115 0.366806
14.967 0.3 -0.012 0.52 0.300017 -0.0120023 0.520026 0.659582 -0.985679 -0.48326 -2.55343 -0.406816 1.64115 0.366809
14.968 0.3 -0.012 0.52 0.300017 -0.0120023 0.520026 0.659582 -0.985679 -0.48326 -2.55343 -0.406816 1.64115 0.366811
14.969 0.3 -0.012 0.52 0.300017 -0.0120023 0.520026 0.659582 -0.985679 -0.48326 -2.55343 -0.406816 1.64115 0.366814
14.97 0.3 -0.012 0.52 0.300017 -0.0120023 0.520026 0.659582 -0.985679 -0.48326 -2.55343 -0.406816 1.64115 0.366817
14.971 0.3 -0.012 0.52 0.300017 -0.0120023 0.520026 0.659582 -0.985679 -0.48326 -2.55343 -0.406816 1.64115 0.36682
14.972 0.3 -0.012 0.52 0.300017 -0.0120023 0.520026 0.659582 -0.985679 -0.48326 -2.55343 -0.406816 1.64115 0.366823
14.973 0.3 -0.012 0.52 0.300017 -0.0120023 0.520026 0.659582 -0.985679 -0.48326 -2.55343 -0.406816 1.64115 0.366826
14.974 0.3 -0.012 0.52 0.300017 -0.0120023 0.520026 0.659582 -0.985679 -0.48326 -2.55343 -0.406816 1.64115 0.366829
14.975 0.3 -0.012 0.52 0.300017 -0.0120023 0.520026 0.659582 -0.985679 -0.48326 -2.55343 -0.406816 1.64115 0.366831
14.976 0.3 -0.012 0.52 0.300017 -0.0120023 0.520026 0.659582 -0.985679 -0.48326 -2.55343 -0.406816 1.64115 0.366834
14.977 0.3 -0.012 0.52 0.300017 -0.0120023 0.520026 0.659582 -0.985679 -0.48326 -2.55343 -0.406816 1.64115 0.366837
14.978 0.3 -0.012 0.52 0.300017 -0.0120023 0.520026 0.659583 -0.985679 -0.48326 -2.55343 -0.406817 1.64115 0.36684
14.979 0.3 -0.012 0.52 0.300017 -0.0120023 0.520026 0.659583 -0.985679 -0.48326 -2.55343 -0.406817 1.64115 0.366843
14.98 0.3 -0.012 0.52 0.300017 -0.0120024 0.520026 0.659583 -0.985679 -0.48326 -2.55343 -0.406817 1.64115 0.366846
14.981 0.3 -0.012 0.52 0.300017 -0.0120024 0.520026 0.659583 -0.985679 -0.48326 -2.55343 -0.406817 1.64115 0.366849
14.982 0.3 -0.012 0.52 0.300017 -0.0120024 0.520026 0.659583 -0.985679 -0.48326 -2.55343 -0.406817 1.64115 0.366852
14.983 0.3 -0.012 0.52 0.300017 -0.0120024 0.520026 0.659583 -0.985679 -0.48326 -2.55343 -0.406817 1.64114 0.366854
14.984 0.3 -0.012 0.52 0.300017 -0.0120024 0.520026 0.659583 -0.985679 -0.48326 -2.55343 -0.406817 1.64114 0.366857
14.985 0.3 -0.012 0.52 0.300017 -0.0120024 0.520026 0.659583 -0.985679 -0.48326 -2.55343 -0.406817 1.64114 0.36686
14.986 0.3 -0.012 0.52 0.300017 -0.0120024 0.520026 0.659583 -0.985679 -0.48326 -2.55343 -0.406817 1.64114 0.366863
14.987 0.3 -0.012 0.52 0.300017 -0.0120024 0.520026 0.659583 -0.985679 -0.48326 -2.55343 -0.406817 1.64114 0.366866
14.988 0.3 -0.012 0.52 0.300017 -0.0120024 0.520026 0.659583 -0.985679 -0.48326 -2.55343 -0.406817 1.64114 0.366869
14.989 0.3 -0.012 0.52 0.300017 -0.0120024 0.520026 0.659583 -0.985679 -0.48326 -2.55343 -0.406817 1.64114 0.366872
14.99 0.3 -0.012 0.52 0.300017 -0.0120024 0.520026 0.659583 -0.985679 -0.48326 -2.55343 -0.406817 1.64114 0.366874
14.991 0.3 -0.012 0.52 0.300017 -0.0120024 0.520026 0.659583 -0.985679 -0.48326 -2.55343 -0.406817 1.64114 0.366877
14.992 0.3 -0.012 0.52 0.300017 -0.0120024 0.520026 0.659583 -0.985679 -0.48326 -2.55343 -0.406817 1.64114 0.36688
14.993 0.3 -0.012 0.52 0.300017 -0.0120024 0.520026 0.659583 -0.985679 -0.48326 -2.55343 -0.406817 1.64114 0.366883
14.994 0.3 -0.012 0.52 0.300017 -0.0120024 0.520026 0.659583 -0.985679 -0.48326 -2.55343 -0.406817 1.64114 0.366886
14.995 0.3 -0.012 0.52 0.300017 -0.0120024 0.520026 0.659583 -0.985679 -0.48326 -2.55343 -0.406817 1.64114 0.366889
14.996 0.3 -0.012 0.52 0.300017 -0.0120024 0.520026 0.659583 -0.985679 -0.48326 -2.55343 -0.406817 1.64114 0.366892
14.997 0.3 -0.012 0.52 0.300017 -0.0120024 0.520026 0.659583 -0.985679 -0.48326 -2.55343 -0.406817 1.64114 0.366895
14.998 0.3 -0.012 0.52 0.300017 -0.0120024 0.520026 0.659583 -0.985679 -0.48326 -2.55343 -0.406817 1.64114 0.366897
14.999 0.3 -0.012 0.52 0.300017 -0.0120024 0.520026 0.659583 -0.985679 -0.48326 -2.55343 -0.406817 1.64114 0.3669
15 0.3 -0.012 0.52 0.300017 -0.0120024 0.520026 0.659583 -0.985679 -0.48326 -2.55343 -0.406817 1.64114 0.366903
15.001 0.3 -0.012 0.52 0.300017 -0.0120024 0.520026 0.659583 -0.985679 -0.48326 -2.55343 -0.406817 1.64114 0.366906
15.002 0.3 -0.012 0.52 0.300017 -0.0120024 0.520026 0.659583 -0.985679 -0.48326 -2.55343 -0.406817 1.64114 0.366909
15.003 0.3 -0.012 0.52 0.300017 -0.0120024 0.520026 0.659583 -0.985679 -0.48326 -2.55343 -0.406817 1.64114 0.366912
15.004 0.3 -0.012 0.52 0.300017 -0.0120024 0.520026 0.659583 -0.985679 -0.48326 -2.55343 -0.406817 1.64114 0.366915
15.005 0.3 -0.012 0.52 0.300017 -0.0120024 0.520026 0.659583 -0.985679 -0.48326 -2.55343 -0.406817 1.64114 0.366918
15.006 0.3 -0.012 0.52 0.300017 -0.0120024 0.520026 0.659583 -0.985679 -0.48326 -2.55343 -0.406817 1.64114 0.36692
15.007 0.3 -0.012 0.52 0.300017 -0.0120024 0.520026 0.659583 -0.985679 -0.48326 -2.55343 -0.406817 1.64114 0.366923
15.008 0.3 -0.012 0.52 0.300017 -0.0120024 0.520026 0.659583 -0.985679 -0.48326 -2.55343 -0.406817 1.64114 0.366926
15.009 0.3 -0.012 0.52 0.300017 -0.0120024 0.520026 0.659583 -0.985679 -0.48326 -2.55343 -0.406817 1.64114 0.366929
15.01 0.3 -0.012 0.52 0.300017 -0.0120024 0.520026 0.659583 -0.985679 -0.48326 -2.55343 -0.406818 1.64114 0.366932
15.011 0.3 -0.012 0.52 0.300017 -0.0120024 0.520026 0.659583 -0.985679 -0.48326 -2.55343 -0.406818 1.64114 0.366935
15.012 0.3 -0.012 0.52 0.300017 -0.0120024 0.520026 0.659583 -0.985679 -0.48326 -2.55343 -0.406818 1.64114 0.366938
15.013 0.3 -0.012 0.52 0.300017 -0.0120024 0.520026 0.659583 -0.985679 -0.48326 -2.55343 -0.406818 1.64114 0.36694
15.014 0.3 -0.012 0.52 0.300017 -0.0120024 0.520026 0.659583 -0.985679 -0.48326 -2.55343 -0.406818 1.64114 0.366943
15.015 0.3 -0.012 0.52 0.300017 -0.0120024 0.520026 0.659583 -0.985679 -0.48326 -2.55343 -0.406818 1.64114 0.366946
15.016 0.3 -0.012 0.52 0.300017 -0.0120025 0.520026 0.659583 -0.985679 -0.48326 -2.55343 -0.406818 1.64114 0.366949
15.017 0.3 -0.012 0.52 0.300017 -0.0120025 0.520026 0.659583 -0.985679 -0.48326 -2.55343 -0.406818 1.64114 0.366952
15.018 0.3 -0.012 0.52 0.300017 -0.0120025 0.520026 0.659583 -0.985679 -0.48326 -2.55343 -0.406818 1.64114 0.366955
15.019 0.3 -0.012 0.52 0.300017 -0.0120025 0.520026 0.659583 -0.985679 -0.48326 -2.55343 -0.406818 1.64114 0.366958
15.02 0.3 -0.012 0.52 0.300017 -0.0120025 0.520026 0.659583 -0.985679 -0.48326 -2.55343 -0.406818 1.64114 0.366961
15.021 0.3 -0.012 0.52 0.300017 -0.0120025 0.520026 0.659583 -0.985679 -0.48326 -2.55343 -0.406818 1.64114 0.366963
15.022 0.3 -0.012 0.52 0.300017 -0.0120025 0.520026 0.659583 -0.985679 -0.48326 -2.55343 -0.406818 1.64114 0.366966
15.023 0.3 -0.012 0.52 0.300017 -0.0120025 0.520026 0.659583 -0.985679 -0.48326 -2.55343 -0.406818 1.64114 0.366969
15.024 0.3 -0.012 0.52 0.300017 -0.0120025 0.520026 0.659583 -0.985679 -0.48326 -2.55343 -0.406818 1.64114 0.366972
15.025 0.3 -0.012 0.52 0.300017 -0.0120025 0.520026 0.659583 -0.985679 -0.48326 -2.55343 -0.406818 1.64114 0.366975
15.026 0.3 -0.012 0.52 0.300017 -0.0120025 0.520026 0.659583 -0.985679 -0.48326 -2.55343 -0.406818 1.64114 0.366978
15.027 0.3 -0.012 0.52 0.300017 -0.0120025 0.520026 0.659583 -0.985679 -0.48326 -2.55343 -0.406818 1.64114 0.366981
15.028 0.3 -0.012 0.52 0.300017 -0.0120025 0.520026 0.659583 -0.985679 -0.48326 -2.55343 -0.406818 1.64114 0.366984
15.029 0.3 -0.012 0.52 0.300017 -0.0120025 0.520026 0.659583 -0.985679 -0.48326 -2.55343 -0.406818 1.64114 0.366986
15.03 0.3 -0.012 0.52 0.300017 -0.0120025 0.520026 0.659583 -0.985679 -0.48326 -2.55343 -0.406818 1.64114 0.366989
15.031 0.3 -0.012 0.52 0.300017 -0.0120025 0.520026 0.659583 -0.985679 -0.48326 -2.55343 -0.406818 1.64114 0.366992
15.032 0.3 -0.012 0.52 0.300017 -0.0120025 0.520026 0.659583 -0.985679 -0.48326 -2.55343 -0.406818 1.64114 0.366995
15.033 0.3 -0.012 0.52 0.300017 -0.0120025 0.520026 0.659583 -0.985679 -0.48326 -2.55343 -0.406818 1.64114 0.366998
15.034 0.3 -0.012 0.52 0.300017 -0.0120025 0.520026 0.659583 -0.985679 -0.48326 -2.55343 -0.406818 1.64114 0.367001
15.035 0.3 -0.012 0.52 0.300017 -0.0120025 0.520026 0.659583 -0.985679 -0.48326 -2.55343 -0.406818 1.64114 0.367004
15.036 0.3 -0.012 0.52 0.300017 -0.0120025 0.520026 0.659583 -0.985679 -0.48326 -2.55343 -0.406818 1.64114 0.367006
15.037 0.3 -0.012 0.52 0.300017 -0.0120025 0.520026 0.659583 -0.985679 -0.48326 -2.55343 -0.406818 1.64114 0.367009
15.038 0.3 -0.012 0.52 0.300017 -0.0120025 0.520026 0.659583 -0.985679 -0.48326 -2.55343 -0.406818 1.64114 0.367012
15.039 0.3 -0.012 0.52 0.300017 -0.0120025 0.520026 0.659583 -0.985679 -0.48326 -2.55343 -0.406818 1.64114 0.367015
15.04 0.3 -0.012 0.52 0.300017 -0.0120025 0.520026 0.659583 -0.985679 -0.48326 -2.55343 -0.406818 1.64114 0.367018
15.041 0.3 -0.012 0.52 0.300017 -0.0120025 0.520026 0.659583 -0.985679 -0.48326 -2.55343 -0.406818 1.64114 0.367021
15.042 0.3 -0.012 0.52 0.300017 -0.0120025 0.520026 0.659583 -0.985679 -0.48326 -2.55343 -0.406818 1.64114 0.367024
15.043 0.3 -0.012 0.52 0.300017 -0.0120025 0.520026 0.659583 -0.985679 -0.48326 -2.55343 -0.406818 1.64114 0.367027
15.044 0.3 -0.012 0.52 0.300017 -0.0120025 0.520026 0.659583 -0.985679 -0.48326 -2.55343 -0.406818 1.64114 0.367029
15.045 0.3 -0.012 0.52 0.300017 -0.0120025 0.520026 0.659583 -0.985679 -0.48326 -2.55343 -0.406818 1.64114 0.367032
15.046 0.3 -0.012 0.52 0.300017 -0.0120025 0.520026 0.659584 -0.985679 -0.48326 -2.55343 -0.406818 1.64114 0.367035
15.047 0.3 -0.012 0.52 0.300017 -0.0120025 0.520026 0.659584 -0.985679 -0.48326 -2.55343 -0.406818 1.64114 0.367038
15.048 0.3 -0.012 0.52 0.300017 -0.0120025 0.520026 0.659584 -0.985679 -0.48326 -2.55343 -0.406818 1.64114 0.367041
15.049 0.3 -0.012 0.52 0.300017 -0.0120025 0.520026 0.659584 -0.985679 -0.48326 -2.55343 -0.406818 1.64114 0.367044
15.05 0.3 -0.012 0.52 0.300017 -0.0120025 0.520026 0.659584 -0.985679 -0.48326 -2.55343 -0.406819 1.64114 0.367047
15.051 0.3 -0.012 0.52 0.300017 -0.0120025 0.520026 0.659584 -0.985679 -0.48326 -2.55343 -0.406819 1.64114 0.36705
15.052 0.3 -0.012 0.52 0.300017 -0.0120025 0.520026 0.659584 -0.985679 -0.48326 -2.55343 -0.406819 1.64114 0.367052
15.053 0.3 -0.012 0.52 0.300017 -0.0120025 0.520026 0.659584 -0.985679 -0.48326 -2.55343 -0.406819 1.64114 0.367055
15.054 0.3 -0.012 0.52 0.300017 -0.0120025 0.520026 0.659584 -0.985679 -0.48326 -2.55343 -0.406819 1.64114 0.367058
15.055 0.3 -0.012 0.52 0.300017 -0.0120025 0.520026 0.659584 -0.985679 -0.48326 -2.55343 -0.406819 1.64114 0.367061
15.056 0.3 -0.012 0.52 0.300017 -0.0120025 0.520026 0.659584 -0.985679 -0.48326 -2.55343 -0.406819 1.64114 0.367064
15.057 0.3 -0.012 0.52 0.300017 -0.0120025 0.520026 0.659584 -0.985679 -0.48326 -2.55343 -0.406819 1.64114 0.367067
15.058 0.3 -0.012 0.52 0.300017 -0.0120025 0.520026 0.659584 -0.985679 -0.48326 -2.55343 -0.406819 1.64114 0.36707
15.059 0.3 -0.012 0.52 0.300017 -0.0120025 0.520026 0.659584 -0.985679 -0.48326 -2.55343 -0.406819 1.64114 0.367072
15.06 0.3 -0.012 0.52 0.300017 -0.0120025 0.520026 0.659584 -0.985679 -0.48326 -2.55343 -0.406819 1.64114 0.367075
15.061 0.3 -0.012 0.52 0.300017 -0.0120025 0.520026 0.659584 -0.985679 -0.48326 -2.55343 -0.406819 1.64114 0.367078
15.062 0.3 -0.012 0.52 0.300017 -0.0120025 0.520026 0.659584 -0.985679 -0.48326 -2.55343 -0.406819 1.64114 0.367081
15.063 0.3 -0.012 0.52 0.300017 -0.0120025 0.520026 0.659584 -0.985679 -0.48326 -2.55343 -0.406819 1.64114 0.367084
15.064 0.3 -0.012 0.52 0.300017 -0.0120025 0.520026 0.659584 -0.985679 -0.48326 -2.55343 -0.406819 1.64114 0.367087
15.065 0.3 -0.012 0.52 0.300017 -0.0120025 0.520026 0.659584 -0.985679 -0.48326 -2.55343 -0.406819 1.64114 0.36709
15.066 0.3 -0.012 0.52 0.300017 -0.0120025 0.520026 0.659584 -0.985679 -0.48326 -2.55343 -0.406819 1.64114 0.367093
15.067 0.3 -0.012 0.52 0.300017 -0.0120026 0.520026 0.659584 -0.985679 -0.48326 -2.55343 -0.406819 1.64114 0.367095
15.068 0.3 -0.012 0.52 0.300017 -0.0120026 0.520026 0.659584 -0.985679 -0.48326 -2.55343 -0.406819 1.64114 0.367098
15.069 0.3 -0.012 0.52 0.300017 -0.0120026 0.520026 0.659584 -0.985679 -0.48326 -2.55343 -0.406819 1.64114 0.367101
15.07 0.3 -0.012 0.52 0.300017 -0.0120026 0.520026 0.659584 -0.985679 -0.48326 -2.55343 -0.406819 1.64114 0.367104
15.071 0.3 -0.012 0.52 0.300017 -0.0120026 0.520026 0.659584 -0.985679 -0.48326 -2.55343 -0.406819 1.64114 0.367107
15.072 0.3 -0.012 0.52 0.300017 -0.0120026 0.520026 0.659584 -0.985679 -0.48326 -2.55343 -0.406819 1.64114 0.36711
15.073 0.3 -0.012 0.52 0.300017 -0.0120026 0.520026 0.659584 -0.985679 -0.48326 -2.55343 -0.406819 1.64114 0.367113
15.074 0.3 -0.012 0.52 0.300017 -0.0120026 0.520026 0.659584 -0.985679 -0.48326 -2.55343 -0.406819 1.64114 0.367115
15.075 0.3 -0.012 0.52 0.300017 -0.0120026 0.520026 0.659584 -0.985679 -0.48326 -2.55343 -0.406819 1.64114 0.367118
15.076 0.3 -0.012 0.52 0.300017 -0.0120026 0.520026 0.659584 -0.985679 -0.48326 -2.55343 -0.406819 1.64114 0.367121
15.077 0.3 -0.012 0.52 0.300017 -0.0120026 0.520026 0.659584 -0.985679 -0.48326 -2.55343 -0.406819 1.64114 0.367124
15.078 0.3 -0.012 0.52 0.300017 -0.0120026 0.520026 0.659584 -0.985679 -0.48326 -2.55343 -0.406819 1.64114 0.367127
15.079 0.3 -0.012 0.52 0.300017 -0.0120026 0.520026 0.659584 -0.985679 -0.48326 -2.55343 -0.406819 1.64114 0.36713
15.08 0.3 -0.012 0.52 0.300017 -0.0120026 0.520026 0.659584 -0.985679 -0.48326 -2.55343 -0.406819 1.64114 0.367133
15.081 0.3 -0.012 0.52 0.300017 -0.0120026 0.520026 0.659584 -0.985679 -0.48326 -2.55343 -0.406819 1.64114 0.367136
15.082 0.3 -0.012 0.52 0.300017 -0.0120026 0.520026 0.659584 -0.985679 -0.48326 -2.55343 -0.406819 1.64114 0.367138
15.083 0.3 -0.012 0.52 0.300017 -0.0120026 0.520026 0.659584 -0.985679 -0.48326 -2.55343 -0.406819 1.64114 0.367141
15.084 0.3 -0.012 0.52 0.300017 -0.0120026 0.520026 0.659584 -0.985679 -0.48326 -2.55343 -0.406819 1.64114 0.367144
15.085 0.3 -0.012 0.52 0.300017 -0.0120026 0.520026 0.659584 -0.985679 -0.48326 -2.55343 -0.406819 1.64114 0.367147
15.086 0.3 -0.012 0.52 0.300017 -0.0120026 0.520026 0.659584 -0.985679 -0.48326 -2.55343 -0.406819 1.64114 0.36715
15.087 0.3 -0.012 0.52 0.300017 -0.0120026 0.520026 0.659584 -0.985679 -0.48326 -2.55343 -0.406819 1.64114 0.367153
15.088 0.3 -0.012 0.52 0.300017 -0.0120026 0.520026 0.659584 -0.985679 -0.48326 -2.55343 -0.406819 1.64114 0.367156
15.089 0.3 -0.012 0.52 0.300017 -0.0120026 0.520026 0.659584 -0.985679 -0.48326 -2.55343 -0.406819 1.64114 0.367159
15.09 0.3 -0.012 0.52 0.300017 -0.0120026 0.520026 0.659584 -0.985679 -0.48326 -2.55343 -0.406819 1.64114 0.367161
15.091 0.3 -0.012 0.52 0.300017 -0.0120026 0.520026 0.659584 -0.985679 -0.48326 -2.55343 -0.406819 1.64114 0.367164
15.092 0.3 -0.012 0.52 0.300017 -0.0120026 0.520026 0.659584 -0.985679 -0.48326 -2.55343 -0.406819 1.64114 0.367167
15.093 0.3 -0.012 0.52 0.300017 -0.0120026 0.520026 0.659584 -0.985679 -0.48326 -2.55343 -0.406819 1.64114 0.36717
15.094 0.3 -0.012 0.52 0.300017 -0.0120026 0.520026 0.659584 -0.985679 -0.48326 -2.55343 -0.406819 1.64114 0.367173
15.095 0.3 -0.012 0.52 0.300017 -0.0120026 0.520026 0.659584 -0.985679 -0.48326 -2.55343 -0.406819 1.64114 0.367176
15.096 0.3 -0.012 0.52 0.300017 -0.0120026 0.520026 0.659584 -0.985679 -0.48326 -2.55343 -0.406819 1.64114 0.367179
15.097 0.3 -0.012 0.52 0.300017 -0.0120026 0.520026 0.659584 -0.985679 -0.48326 -2.55343 -0.406819 1.64114 0.367181
15.098 0.3 -0.012 0.52 0.300017 -0.0120026 0.520026 0.659584 -0.985679 -0.48326 -2.55343 -0.406819 1.64114 0.367184
15.099 0.3 -0.012 0.52 0.300017 -0.0120026 0.520026 0.659584 -0.985679 -0.48326 -2.55343 -0.406819 1.64114 0.367187
15.1 0.3 -0.012 0.52 0.300017 -0.0120026 0.520026 0.659584 -0.985679 -0.48326 -2.55343 -0.40682 1.64114 0.36719
15.101 0.3 -0.012 0.52 0.300017 -0.0120026 0.520026 0.659584 -0.985679 -0.48326 -2.55343 -0.40682 1.64114 0.367193
15.102 0.3 -0.012 0.52 0.300017 -0.0120026 0.520026 0.659584 -0.985679 -0.48326 -2.55343 -0.40682 1.64114 0.367196
15.103 0.3 -0.012 0.52 0.300017 -0.0120026 0.520026 0.659584 -0.985679 -0.48326 -2.55343 -0.40682 1.64114 0.367199
15.104 0.3 -0.012 0.52 0.300017 -0.0120026 0.520026 0.659584 -0.985679 -0.48326 -2.55343 -0.40682 1.64114 0.367202
15.105 0.3 -0.012 0.52 0.300017 -0.0120026 0.520026 0.659584 -0.985679 -0.48326 -2.55343 -0.40682 1.64114 0.367204
15.106 0.3 -0.012 0.52 0.300017 -0.0120026 0.520026 0.659584 -0.985679 -0.48326 -2.55343 -0.40682 1.64114 0.367207
15.107 0.3 -0.012 0.52 0.300017 -0.0120026 0.520026 0.659584 -0.985679 -0.48326 -2.55343 -0.40682 1.64114 0.36721
15.108 0.3 -0.012 0.52 0.300017 -0.0120026 0.520026 0.659584 -0.985679 -0.48326 -2.55343 -0.40682 1.64114 0.367213
15.109 0.3 -0.012 0.52 0.300017 -0.0120026 0.520026 0.659584 -0.985679 -0.48326 -2.55343 -0.40682 1.64114 0.367216
15.11 0.3 -0.012 0.52 0.300017 -0.0120026 0.520026 0.659584 -0.985679 -0.48326 -2.55343 -0.40682 1.64114 0.367219
15.111 0.3 -0.012 0.52 0.300017 -0.0120026 0.520026 0.659584 -0.985679 -0.48326 -2.55343 -0.40682 1.64114 0.367222
15.112 0.3 -0.012 0.52 0.300017 -0.0120026 0.520026 0.659584 -0.985679 -0.48326 -2.55343 -0.40682 1.64114 0.367224
15.113 0.3 -0.012 0.52 0.300017 -0.0120026 0.520026 0.659584 -0.985679 -0.48326 -2.55343 -0.40682 1.64114 0.367227
15.114 0.3 -0.012 0.52 0.300017 -0.0120026 0.520026 0.659584 -0.985679 -0.48326 -2.55343 -0.40682 1.64114 0.36723
15.115 0.3 -0.012 0.52 0.300017 -0.0120026 0.520026 0.659584 -0.985679 -0.48326 -2.55343 -0.40682 1.64114 0.367233
15.116 0.3 -0.012 0.52 0.300017 -0.0120026 0.520026 0.659584 -0.985679 -0.48326 -2.55343 -0.40682 1.64114 0.367236
15.117 0.3 -0.012 0.52 0.300017 -0.0120026 0.520026 0.659584 -0.985679 -0.48326 -2.55343 -0.40682 1.64114 0.367239
15.118 0.3 -0.012 0.52 0.300017 -0.0120026 0.520026 0.659584 -0.985679 -0.48326 -2.55343 -0.40682 1.64114 0.367242
15.119 0.3 -0.012 0.52 0.300017 -0.0120026 0.520026 0.659584 -0.985679 -0.48326 -2.55343 -0.40682 1.64114 0.367244
15.12 0.3 -0.012 0.52 0.300017 -0.0120026 0.520026 0.659584 -0.985679 -0.48326 -2.55343 -0.40682 1.64114 0.367247
15.121 0.3 -0.012 0.52 0.300017 -0.0120026 0.520026 0.659584 -0.985679 -0.48326 -2.55343 -0.40682 1.64114 0.36725
15.122 0.3 -0.012 0.52 0.300017 -0.0120026 0.520026 0.659584 -0.985679 -0.48326 -2.55343 -0.40682 1.64114 0.367253
15.123 0.3 -0.012 0.52 0.300017 -0.0120026 0.520026 0.659584 -0.985679 -0.48326 -2.55343 -0.40682 1.64114 0.367256
15.124 0.3 -0.012 0.52 0.300017 -0.0120026 0.520026 0.659584 -0.985679 -0.48326 -2.55343 -0.40682 1.64114 0.367259
15.125 0.3 -0.012 0.52 0.300017 -0.0120026 0.520026 0.659584 -0.985679 -0.48326 -2.55343 -0.40682 1.64114 0.367262
15.126 0.3 -0.012 0.52 0.300017 -0.0120026 0.520026 0.659584 -0.985679 -0.48326 -2.55343 -0.40682 1.64114 0.367265
15.127 0.3 -0.012 0.52 0.300017 -0.0120026 0.520026 0.659584 -0.985679 -0.48326 -2.55343 -0.40682 1.64114 0.367267
15.128 0.3 -0.012 0.52 0.300017 -0.0120026 0.520026 0.659584 -0.985679 -0.48326 -2.55343 -0.40682 1.64114 0.36727
15.129 0.3 -0.012 0.52 0.300017 -0.0120026 0.520026 0.659584 -0.985679 -0.48326 -2.55343 -0.40682 1.64114 0.367273
15.13 0.3 -0.012 0.52 0.300017 -0.0120026 0.520026 0.659584 -0.985679 -0.48326 -2.55343 -0.40682 1.64114 0.367276
15.131 0.3 -0.012 0.52 0.300017 -0.0120026 0.520026 0.659584 -0.985679 -0.48326 -2.55343 -0.40682 1.64114 0.367279
15.132 0.3 -0.012 0.52 0.300017 -0.0120026 0.520026 0.659584 -0.985679 -0.48326 -2.55343 -0.40682 1.64114 0.367282
15.133 0.3 -0.012 0.52 0.300017 -0.0120026 0.520026 0.659584 -0.985679 -0.48326 -2.55343 -0.40682 1.64114 0.367285
15.134 0.3 -0.012 0.52 0.300017 -0.0120026 0.520026 0.659584 -0.985679 -0.48326 -2.55343 -0.40682 1.64114 0.367287
15.135 0.3 -0.012 0.52 0.300017 -0.0120026 0.520026 0.659584 -0.985679 -0.48326 -2.55343 -0.40682 1.64114 0.36729
15.136 0.3 -0.012 0.52 0.300017 -0.0120026 0.520026 0.659584 -0.985679 -0.48326 -2.55343 -0.40682 1.64114 0.367293
15.137 0.3 -0.012 0.52 0.300017 -0.0120026 0.520026 0.659584 -0.985679 -0.48326 -2.55343 -0.40682 1.64114 0.367296
15.138 0.3 -0.012 0.52 0.300017 -0.0120026 0.520026 0.659584 -0.985679 -0.48326 -2.55343 -0.40682 1.64114 0.367299
15.139 0.3 -0.012 0.52 0.300017 -0.0120026 0.520026 0.659584 -0.985679 -0.48326 -2.55343 -0.40682 1.64114 0.367302
15.14 0.3 -0.012 0.52 0.300017 -0.0120026 0.520026 0.659584 -0.985679 -0.48326 -2.55343 -0.40682 1.64114 0.367305
15.141 0.3 -0.012 0.52 0.300017 -0.0120026 0.520026 0.659585 -0.985679 -0.48326 -2.55343 -0.40682 1.64114 0.367308
15.142 0.3 -0.012 0.52 0.300017 -0.0120026 0.520026 0.659585 -0.985679 -0.48326 -2.55343 -0.40682 1.64114 0.36731
15.143 0.3 -0.012 0.52 0.300017 -0.0120026 0.520026 0.659585 -0.985679 -0.48326 -2.55343 -0.40682 1.64114 0.367313
15.144 0.3 -0.012 0.52 0.300017 -0.0120026 0.520026 0.659585 -0.985679 -0.48326 -2.55343 -0.40682 1.64114 0.367316
15.145 0.3 -0.012 0.52 0.300017 -0.0120026 0.520026 0.659585 -0.985679 -0.48326 -2.55343 -0.40682 1.64114 0.367319
15.146 0.3 -0.012 0.52 0.300017 -0.0120026 0.520026 0.659585 -0.985679 -0.48326 -2.55343 -0.40682 1.64114 0.367322
15.147 0.3 -0.012 0.52 0.300017 -0.0120026 0.520026 0.659585 -0.985679 -0.483261 -2.55343 -0.40682 1.64114 0.367325
15.148 0.3 -0.012 0.52 0.300017 -0.0120026 0.520026 0.659585 -0.985679 -0.483261 -2.55343 -0.40682 1.64114 0.367328
15.149 0.3 -0.012 0.52 0.300017 -0.0120026 0.520026 0.659585 -0.985679 -0.483261 -2.55343 -0.40682 1.64114 0.36733
15.15 0.3 -0.012 0.52 0.300017 -0.0120026 0.520026 0.659585 -0.985679 -0.483261 -2.55343 -0.40682 1.64114 0.367333
15.151 0.3 -0.012 0.52 0.300017 -0.0120026 0.520026 0.659585 -0.985679 -0.483261 -2.55343 -0.40682 1.64114 0.367336
15.152 0.3 -0.012 0.52 0.300017 -0.0120026 0.520026 0.659585 -0.985679 -0.483261 -2.55343 -0.40682 1.64114 0.367339
15.153 0.3 -0.012 0.52 0.300017 -0.0120026 0.520026 0.659585 -0.985679 -0.483261 -2.55343 -0.40682 1.64114 0.367342
15.154 0.3 -0.012 0.52 0.300017 -0.0120026 0.520026 0.659585 -0.985679 -0.483261 -2.55343 -0.40682 1.64114 0.367345
15.155 0.3 -0.012 0.52 0.300017 -0.0120026 0.520026 0.659585 -0.985679 -0.483261 -2.55343 -0.40682 1.64114 0.367348
15.156 0.3 -0.012 0.52 0.300017 -0.0120026 0.520026 0.659585 -0.985679 -0.483261 -2.55343 -0.40682 1.64114 0.36735
15.157 0.3 -0.012 0.52 0.300017 -0.0120026 0.520026 0.659585 -0.985679 -0.483261 -2.55343 -0.40682 1.64114 0.367353
15.158 0.3 -0.012 0.52 0.300017 -0.0120026 0.520026 0.659585 -0.985679 -0.483261 -2.55343 -0.40682 1.64114 0.367356
15.159 0.3 -0.012 0.52 0.300017 -0.0120026 0.520026 0.659585 -0.985679 -0.483261 -2.55343 -0.40682 1.64114 0.367359
15.16 0.3 -0.012 0.52 0.300017 -0.0120026 0.520026 0.659585 -0.985679 -0.483261 -2.55343 -0.40682 1.64114 0.367362
15.161 0.3 -0.012 0.52 0.300017 -0.0120026 0.520026 0.659585 -0.985679 -0.483261 -2.55343 -0.40682 1.64114 0.367365
15.162 0.3 -0.012 0.52 0.300017 -0.0120027 0.520026 0.659585 -0.985679 -0.483261 -2.55343 -0.40682 1.64114 0.367368
15.163 0.3 -0.012 0.52 0.300017 -0.0120027 0.520026 0.659585 -0.985679 -0.483261 -2.55343 -0.40682 1.64114 0.36737
15.164 0.3 -0.012 0.52 0.300017 -0.0120027 0.520026 0.659585 -0.985679 -0.483261 -2.55343 -0.40682 1.64114 0.367373
15.165 0.3 -0.012 0.52 0.300017 -0.0120027 0.520026 0.659585 -0.985679 -0.483261 -2.55343 -0.40682 1.64114 0.367376
15.166 0.3 -0.012 0.52 0.300017 -0.0120027 0.520026 0.659585 -0.985679 -0.483261 -2.55343 -0.40682 1.64114 0.367379
15.167 0.3 -0.012 0.52 0.300017 -0.0120027 0.520026 0.659585 -0.985679 -0.483261 -2.55343 -0.40682 1.64114 0.367382
15.168 0.3 -0.012 0.52 0.300017 -0.0120027 0.520026 0.659585 -0.985679 -0.483261 -2.55343 -0.406821 1.64114 0.367385
15.169 0.3 -0.012 0.52 0.300017 -0.0120027 0.520026 0.659585 -0.985679 -0.483261 -2.55343 -0.406821 1.64114 0.367388
15.17 0.3 -0.012 0.52 0.300017 -0.0120027 0.520026 0.659585 -0.985679 -0.483261 -2.55343 -0.406821 1.64114 0.367391
15.171 0.3 -0.012 0.52 0.300017 -0.0120027 0.520026 0.659585 -0.985679 -0.483261 -2.55343 -0.406821 1.64114 0.367393
15.172 0.3 -0.012 0.52 0.300017 -0.0120027 0.520026 0.659585 -0.985679 -0.483261 -2.55343 -0.406821 1.64114 0.367396
15.173 0.3 -0.012 0.52 0.300017 -0.0120027 0.520026 0.659585 -0.985679 -0.483261 -2.55343 -0.406821 1.64114 0.367399
15.174 0.3 -0.012 0.52 0.300017 -0.0120027 0.520026 0.659585 -0.985679 -0.483261 -2.55343 -0.406821 1.64114 0.367402
15.175 0.3 -0.012 0.52 0.300017 -0.0120027 0.520026 0.659585 -0.985679 -0.483261 -2.55343 -0.406821 1.64114 0.367405
15.176 0.3 -0.012 0.52 0.300017 -0.0120027 0.520026 0.659585 -0.985679 -0.483261 -2.55343 -0.406821 1.64114 0.367408
15.177 0.3 -0.012 0.52 0.300017 -0.0120027 0.520026 0.659585 -0.985679 -0.483261 -2.55343 -0.406821 1.64114 0.367411
15.178 0.3 -0.012 0.52 0.300017 -0.0120027 0.520026 0.659585 -0.985679 -0.483261 -2.55343 -0.406821 1.64114 0.367413
15.179 0.3 -0.012 0.52 0.300017 -0.0120027 0.520026 0.659585 -0.985679 -0.483261 -2.55343 -0.406821 1.64114 0.367416
15.18 0.3 -0.012 0.52 0.300017 -0.0120027 0.520026 0.659585 -0.985679 -0.483261 -2.55343 -0.406821 1.64114 0.367419
15.181 0.3 -0.012 0.52 0.300017 -0.0120027 0.520026 0.659585 -0.985679 -0.483261 -2.55343 -0.406821 1.64114 0.367422
15.182 0.3 -0.012 0.52 0.300017 -0.0120027 0.520026 0.659585 -0.985679 -0.483261 -2.55342 -0.406821 1.64114 0.367425
15.183 0.3 -0.012 0.52 0.300017 -0.0120027 0.520026 0.659585 -0.985679 -0.483261 -2.55342 -0.406821 1.64114 0.367428
15.184 0.3 -0.012 0.52 0.300017 -0.0120027 0.520026 0.659585 -0.985679 -0.483261 -2.55342 -0.406821 1.64114 0.367431
15.185 0.3 -0.012 0.52 0.300017 -0.0120027 0.520026 0.659585 -0.985679 -0.483261 -2.55342 -0.406821 1.64114 0.367433
15.186 0.3 -0.012 0.52 0.300017 -0.0120027 0.520026 0.659585 -0.985679 -0.483261 -2.55342 -0.406821 1.64114 0.367436
15.187 0.3 -0.012 0.52 0.300017 -0.0120027 0.520026 0.659585 -0.985679 -0.483261 -2.55342 -0.406821 1.64114 0.367439
15.188 0.3 -0.012 0.52 0.300017 -0.0120027 0.520026 0.659585 -0.985679 -0.483261 -2.55342 -0.406821 1.64114 0.367442
15.189 0.3 -0.012 0.52 0.300017 -0.0120027 0.520026 0.659585 -0.985679 -0.483261 -2.55342 -0.406821 1.64114 0.367445
15.19 0.3 -0.012 0.52 0.300017 -0.0120027 0.520026 0.659585 -0.985679 -0.483261 -2.55342 -0.406821 1.64114 0.367448
15.191 0.3 -0.012 0.52 0.300017 -0.0120027 0.520026 0.659585 -0.985679 -0.483261 -2.55342 -0.406821 1.64114 0.367451
15.192 0.3 -0.012 0.52 0.300017 -0.0120027 0.520026 0.659585 -0.985679 -0.483261 -2.55342 -0.406821 1.64114 0.367453
15.193 0.3 -0.012 0.52 0.300017 -0.0120027 0.520026 0.659585 -0.985679 -0.483261 -2.55342 -0.406821 1.64114 0.367456
15.194 0.3 -0.012 0.52 0.300017 -0.0120027 0.520026 0.659585 -0.985679 -0.483261 -2.55342 -0.406821 1.64114 0.367459
15.195 0.3 -0.012 0.52 0.300017 -0.0120027 0.520026 0.659585 -0.985679 -0.483261 -2.55342 -0.406821 1.64114 0.367462
15.196 0.3 -0.012 0.52 0.300017 -0.0120027 0.520026 0.659585 -0.985679 -0.483261 -2.55342 -0.406821 1.64114 0.367465
15.197 0.3 -0.012 0.52 0.300017 -0.0120027 0.520026 0.659585 -0.985679 -0.483261 -2.55342 -0.406821 1.64114 0.367468
15.198 0.3 -0.012 0.52 0.300017 -0.0120027 0.520026 0.659585 -0.985679 -0.483261 -2.55342 -0.406821 1.64114 0.367471
15.199 0.3 -0.012 0.52 0.300017 -0.0120027 0.520026 0.659585 -0.985679 -0.483261 -2.55342 -0.406821 1.64114 0.367473
15.2 0.3 -0.012 0.52 0.300017 -0.0120027 0.520026 0.659585 -0.985679 -0.483261 -2.55342 -0.406821 1.64114 0.367476
15.201 0.3 -0.012 0.52 0.300017 -0.0120027 0.520026 0.659585 -0.985679 -0.483261 -2.55342 -0.406821 1.64114 0.367479
15.202 0.3 -0.012 0.52 0.300017 -0.0120027 0.520026 0.659585 -0.985679 -0.483261 -2.55342 -0.406821 1.64114 0.367482
15.203 0.3 -0.012 0.52 0.300017 -0.0120027 0.520026 0.659585 -0.985679 -0.483261 -2.55342 -0.406821 1.64114 0.367485
15.204 0.3 -0.012 0.52 0.300017 -0.0120027 0.520026 0.659585 -0.985679 -0.483261 -2.55342 -0.406821 1.64114 0.367488
15.205 0.3 -0.012 0.52 0.300017 -0.0120027 0.520026 0.659585 -0.985679 -0.483261 -2.55342 -0.406821 1.64114 0.367491
15.206 0.3 -0.012 0.52 0.300017 -0.0120027 0.520026 0.659585 -0.985679 -0.483261 -2.55342 -0.406821 1.64114 0.367493
15.207 0.3 -0.012 0.52 0.300017 -0.0120027 0.520026 0.659585 -0.985679 -0.483261 -2.55342 -0.406821 1.64114 0.367496
15.208 0.3 -0.012 0.52 0.300017 -0.0120027 0.520026 0.659585 -0.985679 -0.483261 -2.55342 -0.406821 1.64114 0.367499
15.209 0.3 -0.012 0.52 0.300017 -0.0120027 0.520026 0.659585 -0.985679 -0.483261 -2.55342 -0.406821 1.64114 0.367502
15.21 0.3 -0.012 0.52 0.300017 -0.0120027 0.520026 0.659585 -0.985679 -0.483261 -2.55342 -0.406821 1.64114 0.367505
15.211 0.3 -0.012 0.52 0.300017 -0.0120027 0.520026 0.659585 -0.985679 -0.483261 -2.55342 -0.406821 1.64114 0.367508
15.212 0.3 -0.012 0.52 0.300017 -0.0120027 0.520026 0.659585 -0.985679 -0.483261 -2.55342 -0.406821 1.64114 0.367511
15.213 0.3 -0.012 0.52 0.300017 -0.0120027 0.520026 0.659585 -0.985679 -0.483261 -2.55342 -0.406821 1.64114 0.367513
15.214 0.3 -0.012 0.52 0.300017 -0.0120027 0.520026 0.659585 -0.985679 -0.483261 -2.55342 -0.406821 1.64114 0.367516
15.215 0.3 -0.012 0.52 0.300017 -0.0120027 0.520026 0.659585 -0.985679 -0.483261 -2.55342 -0.406821 1.64114 0.367519
15.216 0.3 -0.012 0.52 0.300017 -0.0120027 0.520026 0.659585 -0.985679 -0.483261 -2.55342 -0.406821 1.64114 0.367522
15.217 0.3 -0.012 0.52 0.300017 -0.0120027 0.520026 0.659585 -0.985679 -0.483261 -2.55342 -0.406821 1.64114 0.367525
15.218 0.3 -0.012 0.52 0.300017 -0.0120027 0.520026 0.659585 -0.985679 -0.483261 -2.55342 -0.406821 1.64114 0.367528
15.219 0.3 -0.012 0.52 0.300017 -0.0120027 0.520026 0.659585 -0.985679 -0.483261 -2.55342 -0.406821 1.64114 0.367531
15.22 0.3 -0.012 0.52 0.300017 -0.0120027 0.520026 0.659585 -0.985679 -0.483261 -2.55342 -0.406821 1.64114 0.367533
15.221 0.3 -0.012 0.52 0.300017 -0.0120027 0.520026 0.659585 -0.985679 -0.483261 -2.55342 -0.406821 1.64114 0.367536
15.222 0.3 -0.012 0.52 0.300017 -0.0120027 0.520026 0.659585 -0.985679 -0.483261 -2.55342 -0.406821 1.64114 0.367539
15.223 0.3 -0.012 0.52 0.300017 -0.0120027 0.520026 0.659585 -0.985679 -0.483261 -2.55342 -0.406821 1.64114 0.367542
15.224 0.3 -0.012 0.52 0.300017 -0.0120027 0.520026 0.659585 -0.985679 -0.483261 -2.55342 -0.406821 1.64114 0.367545
15.225 0.3 -0.012 0.52 0.300017 -0.0120027 0.520026 0.659585 -0.985679 -0.483261 -2.55342 -0.406821 1.64114 0.367548
15.226 0.3 -0.012 0.52 0.300017 -0.0120027 0.520026 0.659585 -0.985679 -0.483261 -2.55342 -0.406821 1.64114 0.367551
15.227 0.3 -0.012 0.52 0.300017 -0.0120027 0.520026 0.659585 -0.985679 -0.483261 -2.55342 -0.406821 1.64114 0.367553
15.228 0.3 -0.012 0.52 0.300017 -0.0120027 0.520026 0.659585 -0.985679 -0.483261 -2.55342 -0.406821 1.64114 0.367556
15.229 0.3 -0.012 0.52 0.300017 -0.0120027 0.520026 0.659585 -0.985679 -0.483261 -2.55342 -0.406821 1.64114 0.367559
15.23 0.3 -0.012 0.52 0.300017 -0.0120027 0.520026 0.659585 -0.985679 -0.483261 -2.55342 -0.406821 1.64114 0.367562
15.231 0.3 -0.012 0.52 0.300017 -0.0120027 0.520026 0.659585 -0.985679 -0.483261 -2.55342 -0.406821 1.64114 0.367565
15.232 0.3 -0.012 0.52 0.300017 -0.0120027 0.520026 0.659585 -0.985679 -0.483261 -2.55342 -0.406821 1.64114 0.367568
15.233 0.3 -0.012 0.52 0.300017 -0.0120027 0.520026 0.659585 -0.985679 -0.483261 -2.55342 -0.406821 1.64114 0.367571
15.234 0.3 -0.012 0.52 0.300017 -0.0120027 0.520026 0.659585 -0.985679 -0.483261 -2.55342 -0.406821 1.64114 0.367573
15.235 0.3 -0.012 0.52 0.300017 -0.0120027 0.520026 0.659585 -0.985679 -0.483261 -2.55342 -0.406821 1.64114 0.367576
15.236 0.3 -0.012 0.52 0.300017 -0.0120027 0.520026 0.659585 -0.985679 -0.483261 -2.55342 -0.406821 1.64114 0.367579
15.237 0.3 -0.012 0.52 0.300017 -0.0120027 0.520026 0.659585 -0.985679 -0.483261 -2.55342 -0.406821 1.64114 0.367582
15.238 0.3 -0.012 0.52 0.300017 -0.0120027 0.520026 0.659585 -0.985679 -0.483261 -2.55342 -0.406821 1.64114 0.367585
15.239 0.3 -0.012 0.52 0.300017 -0.0120027 0.520026 0.659585 -0.985679 -0.483261 -2.55342 -0.406821 1.64114 0.367588
15.24 0.3 -0.012 0.52 0.300017 -0.0120027 0.520026 0.659585 -0.985679 -0.483261 -2.55342 -0.406821 1.64114 0.36759
15.241 0.3 -0.012 0.52 0.300017 -0.0120027 0.520026 0.659585 -0.985679 -0.483261 -2.55342 -0.406821 1.64114 0.367593
15.242 0.3 -0.012 0.52 0.300017 -0.0120027 0.520026 0.659585 -0.985678 -0.483261 -2.55342 -0.406821 1.64114 0.367596
15.243 0.3 -0.012 0.52 0.300017 -0.0120027 0.520026 0.659585 -0.985678 -0.483261 -2.55342 -0.406821 1.64114 0.367599
15.244 0.3 -0.012 0.52 0.300017 -0.0120027 0.520026 0.659585 -0.985678 -0.483261 -2.55342 -0.406821 1.64114 0.367602
15.245 0.3 -0.012 0.52 0.300017 -0.0120027 0.520026 0.659585 -0.985678 -0.483261 -2.55342 -0.406821 1.64114 0.367605
15.246 0.3 -0.012 0.52 0.300017 -0.0120027 0.520026 0.659585 -0.985678 -0.483261 -2.55342 -0.406821 1.64114 0.367608
15.247 0.3 -0.012 0.52 0.300017 -0.0120027 0.520026 0.659585 -0.985678 -0.483261 -2.55342 -0.406821 1.64114 0.36761
15.248 0.3 -0.012 0.52 0.300017 -0.0120027 0.520026 0.659585 -0.985678 -0.483261 -2.55342 -0.406821 1.64114 0.367613
15.249 0.3 -0.012 0.52 0.300017 -0.0120027 0.520026 0.659585 -0.985678 -0.483261 -2.55342 -0.406821 1.64114 0.367616
15.25 0.3 -0.012 0.52 0.300017 -0.0120027 0.520026 0.659585 -0.985678 -0.483261 -2.55342 -0.406821 1.64114 0.367619
15.251 0.3 -0.012 0.52 0.300017 -0.0120027 0.520026 0.659585 -0.985678 -0.483261 -2.55342 -0.406821 1.64114 0.367622
15.252 0.3 -0.012 0.52 0.300017 -0.0120027 0.520026 0.659585 -0.985678 -0.483261 -2.55342 -0.406821 1.64114 0.367625
15.253 0.3 -0.012 0.52 0.300017 -0.0120027 0.520026 0.659585 -0.985678 -0.483261 -2.55342 -0.406821 1.64114 0.367628
15.254 0.3 -0.012 0.52 0.300017 -0.0120027 0.520026 0.659585 -0.985678 -0.483261 -2.55342 -0.406821 1.64114 0.36763
15.255 0.3 -0.012 0.52 0.300017 -0.0120027 0.520026 0.659585 -0.985678 -0.483261 -2.55342 -0.406821 1.64114 0.367633
15.256 0.3 -0.012 0.52 0.300017 -0.0120027 0.520026 0.659585 -0.985678 -0.483261 -2.55342 -0.406821 1.64113 0.367636
15.257 0.3 -0.012 0.52 0.300017 -0.0120027 0.520026 0.659585 -0.985678 -0.483261 -2.55342 -0.406821 1.64113 0.367639
15.258 0.3 -0.012 0.52 0.300017 -0.0120027 0.520026 0.659585 -0.985678 -0.483261 -2.55342 -0.406821 1.64113 0.367642
15.259 0.3 -0.012 0.52 0.300017 -0.0120027 0.520026 0.659585 -0.985678 -0.483261 -2.55342 -0.406821 1.64113 0.367645
15.26 0.3 -0.012 0.52 0.300017 -0.0120027 0.520026 0.659585 -0.985678 -0.483261 -2.55342 -0.406821 1.64113 0.367648
15.261 0.3 -0.012 0.52 0.300017 -0.0120027 0.520026 0.659585 -0.985678 -0.483261 -2.55342 -0.406821 1.64113 0.36765
15.262 0.3 -0.012 0.52 0.300017 -0.0120027 0.520026 0.659585 -0.985678 -0.483261 -2.55342 -0.406821 1.64113 0.367653
15.263 0.3 -0.012 0.52 0.300017 -0.0120027 0.520026 0.659585 -0.985678 -0.483261 -2.55342 -0.406821 1.64113 0.367656
15.264 0.3 -0.012 0.52 0.300017 -0.0120027 0.520026 0.659585 -0.985678 -0.483261 -2.55342 -0.406822 1.64113 0.367659
15.265 0.3 -0.012 0.52 0.300017 -0.0120027 0.520026 0.659585 -0.985678 -0.483261 -2.55342 -0.406822 1.64113 0.367662
15.266 0.3 -0.012 0.52 0.300017 -0.0120027 0.520026 0.659585 -0.985678 -0.483261 -2.55342 -0.406822 1.64113 0.367665
15.267 0.3 -0.012 0.52 0.300017 -0.0120027 0.520026 0.659585 -0.985678 -0.483261 -2.55342 -0.406822 1.64113 0.367667
15.268 0.3 -0.012 0.52 0.300017 -0.0120027 0.520026 0.659585 -0.985678 -0.483261 -2.55342 -0.406822 1.64113 0.36767
15.269 0.3 -0.012 0.52 0.300017 -0.0120027 0.520026 0.659586 -0.985678 -0.483261 -2.55342 -0.406822 1.64113 0.367673
15.27 0.3 -0.012 0.52 0.300017 -0.0120027 0.520026 0.659586 -0.985678 -0.483261 -2.55342 -0.406822 1.64113 0.367676
15.271 0.3 -0.012 0.52 0.300017 -0.0120027 0.520026 0.659586 -0.985678 -0.483261 -2.55342 -0.406822 1.64113 0.367679
15.272 0.3 -0.012 0.52 0.300017 -0.0120027 0.520026 0.659586 -0.985678 -0.483261 -2.55342 -0.406822 1.64113 0.367682
15.273 0.3 -0.012 0.52 0.300017 -0.0120027 0.520026 0.659586 -0.985678 -0.483261 -2.55342 -0.406822 1.64113 0.367685
15.274 0.3 -0.012 0.52 0.300017 -0.0120027 0.520026 0.659586 -0.985678 -0.483261 -2.55342 -0.406822 1.64113 0.367687
15.275 0.3 -0.012 0.52 0.300017 -0.0120027 0.520026 0.659586 -0.985678 -0.483261 -2.55342 -0.406822 1.64113 0.36769
15.276 0.3 -0.012 0.52 0.300017 -0.0120027 0.520026 0.659586 -0.985678 -0.483261 -2.55342 -0.406822 1.64113 0.367693
15.277 0.3 -0.012 0.52 0.300017 -0.0120027 0.520026 0.659586 -0.985678 -0.483261 -2.55342 -0.406822 1.64113 0.367696
15.278 0.3 -0.012 0.52 0.300017 -0.0120027 0.520026 0.659586 -0.985678 -0.483261 -2.55342 -0.406822 1.64113 0.367699
15.279 0.3 -0.012 0.52 0.300017 -0.0120027 0.520026 0.659586 -0.985678 -0.483261 -2.55342 -0.406822 1.64113 0.367702
15.28 0.3 -0.012 0.52 0.300017 -0.0120027 0.520026 0.659586 -0.985678 -0.483261 -2.55342 -0.406822 1.64113 0.367704
15.281 0.3 -0.012 0.52 0.300017 -0.0120027 0.520026 0.659586 -0.985678 -0.483261 -2.55342 -0.406822 1.64113 0.367707
15.282 0.3 -0.012 0.52 0.300017 -0.0120027 0.520026 0.659586 -0.985678 -0.483261 -2.55342 -0.406822 1.64113 0.36771
15.283 0.3 -0.012 0.52 0.300017 -0.0120027 0.520026 0.659586 -0.985678 -0.483261 -2.55342 -0.406822 1.64113 0.367713
15.284 0.3 -0.012 0.52 0.300017 -0.0120027 0.520026 0.659586 -0.985678 -0.483261 -2.55342 -0.406822 1.64113 0.367716
15.285 0.3 -0.012 0.52 0.300017 -0.0120027 0.520026 0.659586 -0.985678 -0.483261 -2.55342 -0.406822 1.64113 0.367719
15.286 0.3 -0.012 0.52 0.300017 -0.0120027 0.520026 0.659586 -0.985678 -0.483261 -2.55342 -0.406822 1.64113 0.367722
15.287 0.3 -0.012 0.52 0.300017 -0.0120027 0.520026 0.659586 -0.985678 -0.483261 -2.55342 -0.406822 1.64113 0.367724
15.288 0.3 -0.012 0.52 0.300017 -0.0120027 0.520026 0.659586 -0.985678 -0.483261 -2.55342 -0.406822 1.64113 0.367727
15.289 0.3 -0.012 0.52 0.300017 -0.0120027 0.520026 0.659586 -0.985678 -0.483261 -2.55342 -0.406822 1.64113 0.36773
15.29 0.3 -0.012 0.52 0.300017 -0.0120027 0.520026 0.659586 -0.985678 -0.483261 -2.55342 -0.406822 1.64113 0.367733
15.291 0.3 -0.012 0.52 0.300017 -0.0120027 0.520026 0.659586 -0.985678 -0.483261 -2.55342 -0.406822 1.64113 0.367736
15.292 0.3 -0.012 0.52 0.300017 -0.0120027 0.520026 0.659586 -0.985678 -0.483261 -2.55342 -0.406822 1.64113 0.367739
15.293 0.3 -0.012 0.52 0.300017 -0.0120027 0.520026 0.659586 -0.985678 -0.483261 -2.55342 -0.406822 1.64113 0.367741
15.294 0.3 -0.012 0.52 0.300017 -0.0120027 0.520026 0.659586 -0.985678 -0.483261 -2.55342 -0.406822 1.64113 0.367744
15.295 0.3 -0.012 0.52 0.300017 -0.0120027 0.520026 0.659586 -0.985678 -0.483261 -2.55342 -0.406822 1.64113 0.367747
15.296 0.3 -0.012 0.52 0.300017 -0.0120027 0.520026 0.659586 -0.985678 -0.483261 -2.55342 -0.406822 1.64113 0.36775
15.297 0.3 -0.012 0.52 0.300017 -0.0120027 0.520026 0.659586 -0.985678 -0.483261 -2.55342 -0.406822 1.64113 0.367753
15.298 0.3 -0.012 0.52 0.300017 -0.0120027 0.520026 0.659586 -0.985678 -0.483261 -2.55342 -0.406822 1.64113 0.367756
15.299 0.3 -0.012 0.52 0.300017 -0.0120027 0.520026 0.659586 -0.985678 -0.483261 -2.55342 -0.406822 1.64113 0.367759
15.3 0.3 -0.012 0.52 0.300017 -0.0120027 0.520026 0.659586 -0.985678 -0.483261 -2.55342 -0.406822 1.64113 0.367761
15.301 0.3 -0.012 0.52 0.300017 -0.0120027 0.520026 0.659586 -0.985678 -0.483261 -2.55342 -0.406822 1.64113 0.367764
15.302 0.3 -0.012 0.52 0.300017 -0.0120027 0.520026 0.659586 -0.985678 -0.483261 -2.55342 -0.406822 1.64113 0.367767
15.303 0.3 -0.012 0.52 0.300017 -0.0120027 0.520026 0.659586 -0.985678 -0.483261 -2.55342 -0.406822 1.64113 0.36777
15.304 0.3 -0.012 0.52 0.300017 -0.0120027 0.520026 0.659586 -0.985678 -0.483261 -2.55342 -0.406822 1.64113 0.367773
15.305 0.3 -0.012 0.52 0.300017 -0.0120027 0.520026 0.659586 -0.985678 -0.483261 -2.55342 -0.406822 1.64113 0.367776
15.306 0.3 -0.012 0.52 0.300017 -0.0120027 0.520026 0.659586 -0.985678 -0.483261 -2.55342 -0.406822 1.64113 0.367778
15.307 0.3 -0.012 0.52 0.300017 -0.0120027 0.520026 0.659586 -0.985678 -0.483261 -2.55342 -0.406822 1.64113 0.367781
15.308 0.3 -0.012 0.52 0.300017 -0.0120027 0.520026 0.659586 -0.985678 -0.483261 -2.55342 -0.406822 1.64113 0.367784
15.309 0.3 -0.012 0.52 0.300017 -0.0120027 0.520026 0.659586 -0.985678 -0.483261 -2.55342 -0.406822 1.64113 0.367787
15.31 0.3 -0.012 0.52 0.300017 -0.0120027 0.520026 0.659586 -0.985678 -0.483261 -2.55342 -0.406822 1.64113 0.36779
15.311 0.3 -0.012 0.52 0.300017 -0.0120027 0.520026 0.659586 -0.985678 -0.483261 -2.55342 -0.406822 1.64113 0.367793
15.312 0.3 -0.012 0.52 0.300017 -0.0120027 0.520026 0.659586 -0.985678 -0.483261 -2.55342 -0.406822 1.64113 0.367796
15.313 0.3 -0.012 0.52 0.300017 -0.0120027 0.520026 0.659586 -0.985678 -0.483261 -2.55342 -0.406822 1.64113 0.367798
15.314 0.3 -0.012 0.52 0.300017 -0.0120027 0.520026 0.659586 -0.985678 -0.483261 -2.55342 -0.406822 1.64113 0.367801
15.315 0.3 -0.012 0.52 0.300017 -0.0120027 0.520026 0.659586 -0.985678 -0.483261 -2.55342 -0.406822 1.64113 0.367804
15.316 0.3 -0.012 0.52 0.300017 -0.0120027 0.520026 0.659586 -0.985678 -0.483261 -2.55342 -0.406822 1.64113 0.367807
15.317 0.3 -0.012 0.52 0.300017 -0.0120027 0.520026 0.659586 -0.985678 -0.483261 -2.55342 -0.406822 1.64113 0.36781
15.318 0.3 -0.012 0.52 0.300017 -0.0120027 0.520026 0.659586 -0.985678 -0.483261 -2.55342 -0.406822 1.64113 0.367813
15.319 0.3 -0.012 0.52 0.300017 -0.0120027 0.520026 0.659586 -0.985678 -0.483261 -2.55342 -0.406822 1.64113 0.367815
15.32 0.3 -0.012 0.52 0.300017 -0.0120027 0.520026 0.659586 -0.985678 -0.483261 -2.55342 -0.406822 1.64113 0.367818
15.321 0.3 -0.012 0.52 0.300017 -0.0120027 0.520026 0.659586 -0.985678 -0.483261 -2.55342 -0.406822 1.64113 0.367821
15.322 0.3 -0.012 0.52 0.300017 -0.0120027 0.520026 0.659586 -0.985678 -0.483261 -2.55342 -0.406822 1.64113 0.367824
15.323 0.3 -0.012 0.52 0.300017 -0.0120027 0.520026 0.659586 -0.985678 -0.483261 -2.55342 -0.406822 1.64113 0.367827
15.324 0.3 -0.012 0.52 0.300017 -0.0120027 0.520026 0.659586 -0.985678 -0.483261 -2.55342 -0.406822 1.64113 0.36783
15.325 0.3 -0.012 0.52 0.300017 -0.0120027 0.520026 0.659586 -0.985678 -0.483261 -2.55342 -0.406822 1.64113 0.367832
15.326 0.3 -0.012 0.52 0.300017 -0.0120027 0.520026 0.659586 -0.985678 -0.483261 -2.55342 -0.406822 1.64113 0.367835
15.327 0.3 -0.012 0.52 0.300017 -0.0120027 0.520026 0.659586 -0.985678 -0.483261 -2.55342 -0.406822 1.64113 0.367838
15.328 0.3 -0.012 0.52 0.300017 -0.0120027 0.520026 0.659586 -0.985678 -0.483261 -2.55342 -0.406822 1.64113 0.367841
15.329 0.3 -0.012 0.52 0.300017 -0.0120027 0.520026 0.659586 -0.985678 -0.483261 -2.55342 -0.406822 1.64113 0.367844
15.33 0.3 -0.012 0.52 0.300017 -0.0120027 0.520026 0.659586 -0.985678 -0.483261 -2.55342 -0.406822 1.64113 0.367847
15.331 0.3 -0.012 0.52 0.300017 -0.0120027 0.520026 0.659586 -0.985678 -0.483261 -2.55342 -0.406822 1.64113 0.36785
15.332 0.3 -0.012 0.52 0.300017 -0.0120027 0.520026 0.659586 -0.985678 -0.483261 -2.55342 -0.406822 1.64113 0.367852
15.333 0.3 -0.012 0.52 0.300017 -0.0120027 0.520026 0.659586 -0.985678 -0.483261 -2.55342 -0.406822 1.64113 0.367855
15.334 0.3 -0.012 0.52 0.300017 -0.0120027 0.520026 0.659586 -0.985678 -0.483261 -2.55342 -0.406822 1.64113 0.367858
15.335 0.3 -0.012 0.52 0.300017 -0.0120027 0.520026 0.659586 -0.985678 -0.483261 -2.55342 -0.406822 1.64113 0.367861
15.336 0.3 -0.012 0.52 0.300017 -0.0120027 0.520026 0.659586 -0.985678 -0.483261 -2.55342 -0.406822 1.64113 0.367864
15.337 0.3 -0.012 0.52 0.300017 -0.0120027 0.520026 0.659586 -0.985678 -0.483261 -2.55342 -0.406822 1.64113 0.367867
15.338 0.3 -0.012 0.52 0.300017 -0.0120027 0.520026 0.659586 -0.985678 -0.483261 -2.55342 -0.406822 1.64113 0.367869
15.339 0.3 -0.012 0.52 0.300017 -0.0120027 0.520026 0.659586 -0.985678 -0.483261 -2.55342 -0.406822 1.64113 0.367872
15.34 0.3 -0.012 0.52 0.300017 -0.0120027 0.520026 0.659586 -0.985678 -0.483261 -2.55342 -0.406822 1.64113 0.367875
15.341 0.3 -0.012 0.52 0.300017 -0.0120027 0.520026 0.659586 -0.985678 -0.483261 -2.55342 -0.406822 1.64113 0.367878
15.342 0.3 -0.012 0.52 0.300017 -0.0120027 0.520026 0.659586 -0.985678 -0.483261 -2.55342 -0.406822 1.64113 0.367881
15.343 0.3 -0.012 0.52 0.300017 -0.0120027 0.520026 0.659586 -0.985678 -0.483261 -2.55342 -0.406822 1.64113 0.367884
15.344 0.3 -0.012 0.52 0.300017 -0.0120027 0.520026 0.659586 -0.985678 -0.483261 -2.55342 -0.406822 1.64113 0.367886
15.345 0.3 -0.012 0.52 0.300017 -0.0120027 0.520026 0.659586 -0.985678 -0.483261 -2.55342 -0.406822 1.64113 0.367889
15.346 0.3 -0.012 0.52 0.300017 -0.0120027 0.520026 0.659586 -0.985678 -0.483261 -2.55342 -0.406822 1.64113 0.367892
15.347 0.3 -0.012 0.52 0.300017 -0.0120027 0.520026 0.659586 -0.985678 -0.483261 -2.55342 -0.406822 1.64113 0.367895
15.348 0.3 -0.012 0.52 0.300017 -0.0120027 0.520026 0.659586 -0.985678 -0.483261 -2.55342 -0.406822 1.64113 0.367898
15.349 0.3 -0.012 0.52 0.300017 -0.0120027 0.520026 0.659586 -0.985678 -0.483261 -2.55342 -0.406822 1.64113 0.367901
15.35 0.3 -0.012 0.52 0.300017 -0.0120027 0.520026 0.659586 -0.985678 -0.483261 -2.55342 -0.406822 1.64113 0.367903
15.351 0.3 -0.012 0.52 0.300017 -0.0120027 0.520026 0.659586 -0.985678 -0.483261 -2.55342 -0.406822 1.64113 0.367906
15.352 0.3 -0.012 0.52 0.300017 -0.0120027 0.520026 0.659586 -0.985678 -0.483261 -2.55342 -0.406822 1.64113 0.367909
15.353 0.3 -0.012 0.52 0.300017 -0.0120027 0.520026 0.659586 -0.985678 -0.483261 -2.55342 -0.406822 1.64113 0.367912
15.354 0.3 -0.012 0.52 0.300017 -0.0120027 0.520026 0.659586 -0.985678 -0.483261 -2.55342 -0.406822 1.64113 0.367915
15.355 0.3 -0.012 0.52 0.300017 -0.0120027 0.520026 0.659586 -0.985678 -0.483261 -2.55342 -0.406822 1.64113 0.367918
15.356 0.3 -0.012 0.52 0.300017 -0.0120027 0.520026 0.659586 -0.985678 -0.483261 -2.55342 -0.406822 1.64113 0.36792
15.357 0.3 -0.012 0.52 0.300017 -0.0120027 0.520026 0.659586 -0.985678 -0.483261 -2.55342 -0.406822 1.64113 0.367923
15.358 0.3 -0.012 0.52 0.300017 -0.0120027 0.520026 0.659586 -0.985678 -0.483261 -2.55342 -0.406822 1.64113 0.367926
15.359 0.3 -0.012 0.52 0.300017 -0.0120027 0.520026 0.659586 -0.985678 -0.483261 -2.55342 -0.406822 1.64113 0.367929
15.36 0.3 -0.012 0.52 0.300017 -0.0120027 0.520026 0.659586 -0.985678 -0.483261 -2.55342 -0.406822 1.64113 0.367932
15.361 0.3 -0.012 0.52 0.300017 -0.0120027 0.520026 0.659586 -0.985678 -0.483261 -2.55342 -0.406822 1.64113 0.367935
15.362 0.3 -0.012 0.52 0.300017 -0.0120027 0.520026 0.659586 -0.985678 -0.483261 -2.55342 -0.406822 1.64113 0.367938
15.363 0.3 -0.012 0.52 0.300017 -0.0120027 0.520026 0.659586 -0.985678 -0.483261 -2.55342 -0.406822 1.64113 0.36794
15.364 0.3 -0.012 0.52 0.300017 -0.0120027 0.520026 0.659586 -0.985678 -0.483261 -2.55342 -0.406822 1.64113 0.367943
15.365 0.3 -0.012 0.52 0.300017 -0.0120027 0.520026 0.659586 -0.985678 -0.483261 -2.55342 -0.406822 1.64113 0.367946
15.366 0.3 -0.012 0.52 0.300017 -0.0120027 0.520026 0.659586 -0.985678 -0.483261 -2.55342 -0.406822 1.64113 0.367949
15.367 0.3 -0.012 0.52 0.300017 -0.0120027 0.520026 0.659586 -0.985678 -0.483261 -2.55342 -0.406822 1.64113 0.367952
15.368 0.3 -0.012 0.52 0.300017 -0.0120027 0.520026 0.659586 -0.985678 -0.483261 -2.55342 -0.406822 1.64113 0.367955
15.369 0.3 -0.012 0.52 0.300017 -0.0120027 0.520026 0.659586 -0.985678 -0.483261 -2.55342 -0.406822 1.64113 0.367957
15.37 0.3 -0.012 0.52 0.300017 -0.0120027 0.520026 0.659586 -0.985678 -0.483261 -2.55342 -0.406822 1.64113 0.36796
15.371 0.3 -0.012 0.52 0.300017 -0.0120027 0.520026 0.659586 -0.985678 -0.483261 -2.55342 -0.406822 1.64113 0.367963
15.372 0.3 -0.012 0.52 0.300017 -0.0120027 0.520026 0.659586 -0.985678 -0.483261 -2.55342 -0.406822 1.64113 0.367966
15.373 0.3 -0.012 0.52 0.300017 -0.0120027 0.520026 0.659586 -0.985678 -0.483261 -2.55342 -0.406822 1.64113 0.367969
15.374 0.3 -0.012 0.52 0.300017 -0.0120027 0.520026 0.659586 -0.985678 -0.483261 -2.55342 -0.406822 1.64113 0.367972
15.375 0.3 -0.012 0.52 0.300017 -0.0120027 0.520026 0.659586 -0.985678 -0.483261 -2.55342 -0.406822 1.64113 0.367974
15.376 0.3 -0.012 0.52 0.300017 -0.0120027 0.520026 0.659586 -0.985678 -0.483261 -2.55342 -0.406822 1.64113 0.367977
15.377 0.3 -0.012 0.52 0.300017 -0.0120027 0.520026 0.659586 -0.985678 -0.483261 -2.55342 -0.406822 1.64113 0.36798
15.378 0.3 -0.012 0.52 0.300017 -0.0120027 0.520026 0.659586 -0.985678 -0.483261 -2.55342 -0.406822 1.64113 0.367983
15.379 0.3 -0.012 0.52 0.300017 -0.0120027 0.520026 0.659586 -0.985678 -0.483261 -2.55342 -0.406822 1.64113 0.367986
15.38 0.3 -0.012 0.52 0.300017 -0.0120027 0.520026 0.659586 -0.985678 -0.483261 -2.55342 -0.406822 1.64113 0.367989
15.381 0.3 -0.012 0.52 0.300017 -0.0120027 0.520026 0.659586 -0.985678 -0.483261 -2.55342 -0.406822 1.64113 0.367991
15.382 0.3 -0.012 0.52 0.300017 -0.0120027 0.520026 0.659586 -0.985678 -0.483261 -2.55342 -0.406822 1.64113 0.367994
15.383 0.3 -0.012 0.52 0.300017 -0.0120027 0.520026 0.659586 -0.985678 -0.483261 -2.55342 -0.406822 1.64113 0.367997
15.384 0.3 -0.012 0.52 0.300017 -0.0120027 0.520026 0.659586 -0.985678 -0.483261 -2.55342 -0.406822 1.64113 0.368
15.385 0.3 -0.012 0.52 0.300017 -0.0120027 0.520026 0.659586 -0.985678 -0.483261 -2.55342 -0.406822 1.64113 0.368003
15.386 0.3 -0.012 0.52 0.300017 -0.0120027 0.520026 0.659586 -0.985678 -0.483261 -2.55342 -0.406822 1.64113 0.368006
15.387 0.3 -0.012 0.52 0.300017 -0.0120027 0.520026 0.659586 -0.985678 -0.483261 -2.55342 -0.406822 1.64113 0.368008
15.388 0.3 -0.012 0.52 0.300017 -0.0120027 0.520026 0.659586 -0.985678 -0.483261 -2.55342 -0.406822 1.64113 0.368011
15.389 0.3 -0.012 0.52 0.300017 -0.0120027 0.520026 0.659586 -0.985678 -0.483261 -2.55342 -0.406822 1.64113 0.368014
15.39 0.3 -0.012 0.52 0.300017 -0.0120027 0.520026 0.659586 -0.985678 -0.483261 -2.55342 -0.406822 1.64113 0.368017
15.391 0.3 -0.012 0.52 0.300017 -0.0120027 0.520026 0.659586 -0.985678 -0.483261 -2.55342 -0.406822 1.64113 0.36802
15.392 0.3 -0.012 0.52 0.300017 -0.0120027 0.520026 0.659586 -0.985678 -0.483261 -2.55342 -0.406822 1.64113 0.368023
15.393 0.3 -0.012 0.52 0.300017 -0.0120027 0.520026 0.659586 -0.985678 -0.483261 -2.55342 -0.406822 1.64113 0.368025
15.394 0.3 -0.012 0.52 0.300017 -0.0120027 0.520026 0.659586 -0.985678 -0.483261 -2.55342 -0.406822 1.64113 0.368028
15.395 0.3 -0.012 0.52 0.300017 -0.0120027 0.520026 0.659586 -0.985678 -0.483261 -2.55342 -0.406822 1.64113 0.368031
15.396 0.3 -0.012 0.52 0.300017 -0.0120027 0.520026 0.659586 -0.985678 -0.483261 -2.55342 -0.406822 1.64113 0.368034
15.397 0.3 -0.012 0.52 0.300017 -0.0120027 0.520026 0.659586 -0.985678 -0.483261 -2.55342 -0.406822 1.64113 0.368037
15.398 0.3 -0.012 0.52 0.300017 -0.0120027 0.520026 0.659586 -0.985678 -0.483261 -2.55342 -0.406822 1.64113 0.36804
15.399 0.3 -0.012 0.52 0.300017 -0.0120027 0.520026 0.659586 -0.985678 -0.483261 -2.55342 -0.406822 1.64113 0.368042
15.4 0.3 -0.012 0.52 0.300017 -0.0120027 0.520026 0.659586 -0.985678 -0.483261 -2.55342 -0.406822 1.64113 0.368045
15.401 0.3 -0.012 0.52 0.300017 -0.0120027 0.520026 0.659586 -0.985678 -0.483261 -2.55342 -0.406822 1.64113 0.368048
15.402 0.3 -0.012 0.52 0.300017 -0.0120027 0.520026 0.659586 -0.985678 -0.483261 -2.55342 -0.406823 1.64113 0.368051
15.403 0.3 -0.012 0.52 0.300017 -0.0120027 0.520026 0.659586 -0.985678 -0.483261 -2.55342 -0.406823 1.64113 0.368054
15.404 0.3 -0.012 0.52 0.300017 -0.0120027 0.520026 0.659586 -0.985678 -0.483261 -2.55342 -0.406823 1.64113 0.368057
15.405 0.3 -0.012 0.52 0.300017 -0.0120027 0.520026 0.659586 -0.985678 -0.483261 -2.55342 -0.406823 1.64113 0.368059
15.406 0.3 -0.012 0.52 0.300017 -0.0120027 0.520026 0.659586 -0.985678 -0.483261 -2.55342 -0.406823 1.64113 0.368062
15.407 0.3 -0.012 0.52 0.300017 -0.0120027 0.520026 0.659586 -0.985678 -0.483261 -2.55342 -0.406823 1.64113 0.368065
15.408 0.3 -0.012 0.52 0.300017 -0.0120027 0.520026 0.659586 -0.985678 -0.483261 -2.55342 -0.406823 1.64113 0.368068
15.409 0.3 -0.012 0.52 0.300017 -0.0120027 0.520026 0.659586 -0.985678 -0.483261 -2.55342 -0.406823 1.64113 0.368071
15.41 0.3 -0.012 0.52 0.300017 -0.0120027 0.520026 0.659586 -0.985678 -0.483261 -2.55342 -0.406823 1.64113 0.368073
15.411 0.3 -0.012 0.52 0.300017 -0.0120027 0.520026 0.659586 -0.985678 -0.483261 -2.55342 -0.406823 1.64113 0.368076
15.412 0.3 -0.012 0.52 0.300017 -0.0120027 0.520026 0.659586 -0.985678 -0.483261 -2.55342 -0.406823 1.64113 0.368079
15.413 0.3 -0.012 0.52 0.300017 -0.0120027 0.520026 0.659586 -0.985678 -0.483261 -2.55342 -0.406823 1.64113 0.368082
15.414 0.3 -0.012 0.52 0.300017 -0.0120027 0.520026 0.659586 -0.985678 -0.483261 -2.55342 -0.406823 1.64113 0.368085
15.415 0.3 -0.012 0.52 0.300017 -0.0120027 0.520026 0.659586 -0.985678 -0.483261 -2.55342 -0.406823 1.64113 0.368088
15.416 0.3 -0.012 0.52 0.300017 -0.0120027 0.520026 0.659586 -0.985678 -0.483261 -2.55342 -0.406823 1.64113 0.36809
15.417 0.3 -0.012 0.52 0.300017 -0.0120027 0.520026 0.659586 -0.985678 -0.483261 -2.55342 -0.406823 1.64113 0.368093
15.418 0.3 -0.012 0.52 0.300017 -0.0120027 0.520026 0.659586 -0.985678 -0.483261 -2.55342 -0.406823 1.64113 0.368096
15.419 0.3 -0.012 0.52 0.300017 -0.0120027 0.520026 0.659586 -0.985678 -0.483261 -2.55342 -0.406823 1.64113 0.368099
15.42 0.3 -0.012 0.52 0.300017 -0.0120027 0.520026 0.659586 -0.985678 -0.483261 -2.55342 -0.406823 1.64113 0.368102
15.421 0.3 -0.012 0.52 0.300017 -0.0120027 0.520026 0.659586 -0.985678 -0.483261 -2.55342 -0.406823 1.64113 0.368105
15.422 0.3 -0.012 0.52 0.300017 -0.0120027 0.520026 0.659586 -0.985678 -0.483261 -2.55342 -0.406823 1.64113 0.368107
15.423 0.3 -0.012 0.52 0.300017 -0.0120027 0.520026 0.659586 -0.985678 -0.483261 -2.55342 -0.406823 1.64113 0.36811
15.424 0.3 -0.012 0.52 0.300017 -0.0120027 0.520026 0.659586 -0.985678 -0.483261 -2.55342 -0.406823 1.64113 0.368113
15.425 0.3 -0.012 0.52 0.300017 -0.0120027 0.520026 0.659586 -0.985678 -0.483261 -2.55342 -0.406823 1.64113 0.368116
15.426 0.3 -0.012 0.52 0.300017 -0.0120027 0.520026 0.659586 -0.985678 -0.483261 -2.55342 -0.406823 1.64113 0.368119
15.427 0.3 -0.012 0.52 0.300017 -0.0120027 0.520026 0.659586 -0.985678 -0.483261 -2.55342 -0.406823 1.64113 0.368122
15.428 0.3 -0.012 0.52 0.300017 -0.0120027 0.520026 0.659587 -0.985678 -0.483261 -2.55342 -0.406823 1.64113 0.368124
15.429 0.3 -0.012 0.52 0.300017 -0.0120027 0.520026 0.659587 -0.985678 -0.483261 -2.55342 -0.406823 1.64113 0.368127
15.43 0.3 -0.012 0.52 0.300017 -0.0120027 0.520026 0.659587 -0.985678 -0.483261 -2.55342 -0.406823 1.64113 0.36813
15.431 0.3 -0.012 0.52 0.300017 -0.0120027 0.520026 0.659587 -0.985678 -0.483261 -2.55342 -0.406823 1.64113 0.368133
15.432 0.3 -0.012 0.52 0.300017 -0.0120027 0.520026 0.659587 -0.985678 -0.483261 -2.55342 -0.406823 1.64113 0.368136
15.433 0.3 -0.012 0.52 0.300017 -0.0120027 0.520026 0.659587 -0.985678 -0.483261 -2.55342 -0.406823 1.64113 0.368139
15.434 0.3 -0.012 0.52 0.300017 -0.0120027 0.520026 0.659587 -0.985678 -0.483261 -2.55342 -0.406823 1.64113 0.368141
15.435 0.3 -0.012 0.52 0.300017 -0.0120027 0.520026 0.659587 -0.985678 -0.483261 -2.55342 -0.406823 1.64113 0.368144
15.436 0.3 -0.012 0.52 0.300017 -0.0120027 0.520026 0.659587 -0.985678 -0.483261 -2.55342 -0.406823 1.64113 0.368147
15.437 0.3 -0.012 0.52 0.300017 -0.0120027 0.520026 0.659587 -0.985678 -0.483261 -2.55342 -0.406823 1.64113 0.36815
15.438 0.3 -0.012 0.52 0.300017 -0.0120027 0.520026 0.659587 -0.985678 -0.483261 -2.55342 -0.406823 1.64113 0.368153
15.439 0.3 -0.012 0.52 0.300017 -0.0120027 0.520026 0.659587 -0.985678 -0.483261 -2.55342 -0.406823 1.64113 0.368155
15.44 0.3 -0.012 0.52 0.300017 -0.0120027 0.520026 0.659587 -0.985678 -0.483261 -2.55342 -0.406823 1.64113 0.368158
15.441 0.3 -0.012 0.52 0.300017 -0.0120027 0.520026 0.659587 -0.985678 -0.483261 -2.55342 -0.406823 1.64113 0.368161
15.442 0.3 -0.012 0.52 0.300017 -0.0120027 0.520026 0.659587 -0.985678 -0.483261 -2.55342 -0.406823 1.64113 0.368164
15.443 0.3 -0.012 0.52 0.300017 -0.0120027 0.520026 0.659587 -0.985678 -0.483261 -2.55342 -0.406823 1.64113 0.368167
15.444 0.3 -0.012 0.52 0.300017 -0.0120027 0.520026 0.659587 -0.985678 -0.483261 -2.55342 -0.406823 1.64113 0.36817
15.445 0.3 -0.012 0.52 0.300017 -0.0120027 0.520026 0.659587 -0.985678 -0.483261 -2.55342 -0.406823 1.64113 0.368172
15.446 0.3 -0.012 0.52 0.300017 -0.0120027 0.520026 0.659587 -0.985678 -0.483261 -2.55342 -0.406823 1.64113 0.368175
15.447 0.3 -0.012 0.52 0.300017 -0.0120027 0.520026 0.659587 -0.985678 -0.483261 -2.55342 -0.406823 1.64113 0.368178
15.448 0.3 -0.012 0.52 0.300017 -0.0120027 0.520026 0.659587 -0.985678 -0.483261 -2.55342 -0.406823 1.64113 0.368181
15.449 0.3 -0.012 0.52 0.300017 -0.0120027 0.520026 0.659587 -0.985678 -0.483261 -2.55342 -0.406823 1.64113 0.368184
15.45 0.3 -0.012 0.52 0.300017 -0.0120027 0.520026 0.659587 -0.985678 -0.483261 -2.55342 -0.406823 1.64113 0.368187
15.451 0.3 -0.012 0.52 0.300017 -0.0120027 0.520026 0.659587 -0.985678 -0.483261 -2.55342 -0.406823 1.64113 0.368189
15.452 0.3 -0.012 0.52 0.300017 -0.0120027 0.520026 0.659587 -0.985678 -0.483261 -2.55342 -0.406823 1.64113 0.368192
15.453 0.3 -0.012 0.52 0.300017 -0.0120027 0.520026 0.659587 -0.985678 -0.483261 -2.55342 -0.406823 1.64113 0.368195
15.454 0.3 -0.012 0.52 0.300017 -0.0120027 0.520026 0.659587 -0.985678 -0.483261 -2.55342 -0.406823 1.64113 0.368198
15.455 0.3 -0.012 0.52 0.300017 -0.0120027 0.520026 0.659587 -0.985678 -0.483261 -2.55342 -0.406823 1.64113 0.368201
15.456 0.3 -0.012 0.52 0.300017 -0.0120027 0.520026 0.659587 -0.985678 -0.483261 -2.55342 -0.406823 1.64113 0.368203
15.457 0.3 -0.012 0.52 0.300017 -0.0120027 0.520026 0.659587 -0.985678 -0.483261 -2.55342 -0.406823 1.64113 0.368206
15.458 0.3 -0.012 0.52 0.300017 -0.0120027 0.520026 0.659587 -0.985678 -0.483261 -2.55342 -0.406823 1.64113 0.368209
15.459 0.3 -0.012 0.52 0.300017 -0.0120027 0.520026 0.659587 -0.985678 -0.483261 -2.55342 -0.406823 1.64113 0.368212
15.46 0.3 -0.012 0.52 0.300017 -0.0120027 0.520026 0.659587 -0.985678 -0.483261 -2.55342 -0.406823 1.64113 0.368215
15.461 0.3 -0.012 0.52 0.300017 -0.0120027 0.520026 0.659587 -0.985678 -0.483261 -2.55342 -0.406823 1.64113 0.368218
15.462 0.3 -0.012 0.52 0.300017 -0.0120027 0.520026 0.659587 -0.985678 -0.483261 -2.55342 -0.406823 1.64113 0.36822
15.463 0.3 -0.012 0.52 0.300017 -0.0120027 0.520026 0.659587 -0.985678 -0.483261 -2.55342 -0.406823 1.64113 0.368223
15.464 0.3 -0.012 0.52 0.300017 -0.0120027 0.520026 0.659587 -0.985678 -0.483261 -2.55342 -0.406823 1.64113 0.368226
15.465 0.3 -0.012 0.52 0.300017 -0.0120027 0.520026 0.659587 -0.985678 -0.483261 -2.55342 -0.406823 1.64113 0.368229
15.466 0.3 -0.012 0.52 0.300017 -0.0120027 0.520025 0.659587 -0.985678 -0.483261 -2.55342 -0.406823 1.64113 0.368232
15.467 0.3 -0.012 0.52 0.300017 -0.0120027 0.520025 0.659587 -0.985678 -0.483261 -2.55342 -0.406823 1.64113 0.368234
15.468 0.3 -0.012 0.52 0.300017 -0.0120027 0.520025 0.659587 -0.985678 -0.483261 -2.55342 -0.406823 1.64113 0.368237
15.469 0.3 -0.012 0.52 0.300017 -0.0120027 0.520025 0.659587 -0.985678 -0.483261 -2.55342 -0.406823 1.64113 0.36824
15.47 0.3 -0.012 0.52 0.300017 -0.0120027 0.520025 0.659587 -0.985678 -0.483261 -2.55342 -0.406823 1.64113 0.368243
15.471 0.3 -0.012 0.52 0.300017 -0.0120027 0.520025 0.659587 -0.985678 -0.483261 -2.55342 -0.406823 1.64113 0.368246
15.472 0.3 -0.012 0.52 0.300017 -0.0120027 0.520025 0.659587 -0.985678 -0.483261 -2.55342 -0.406823 1.64113 0.368249
15.473 0.3 -0.012 0.52 0.300017 -0.0120027 0.520025 0.659587 -0.985678 -0.483261 -2.55342 -0.406823 1.64113 0.368251
15.474 0.3 -0.012 0.52 0.300017 -0.0120027 0.520025 0.659587 -0.985678 -0.483261 -2.55342 -0.406823 1.64113 0.368254
15.475 0.3 -0.012 0.52 0.300017 -0.0120027 0.520025 0.659587 -0.985678 -0.483261 -2.55342 -0.406823 1.64113 0.368257
15.476 0.3 -0.012 0.52 0.300017 -0.0120027 0.520025 0.659587 -0.985678 -0.483261 -2.55342 -0.406823 1.64113 0.36826
15.477 0.3 -0.012 0.52 0.300017 -0.0120027 0.520025 0.659587 -0.985678 -0.483261 -2.55342 -0.406823 1.64113 0.368263
15.478 0.3 -0.012 0.52 0.300017 -0.0120027 0.520025 0.659587 -0.985678 -0.483261 -2.55342 -0.406823 1.64113 0.368266
15.479 0.3 -0.012 0.52 0.300017 -0.0120027 0.520025 0.659587 -0.985678 -0.483261 -2.55342 -0.406823 1.64113 0.368268
15.48 0.3 -0.012 0.52 0.300017 -0.0120027 0.520025 0.659587 -0.985678 -0.483261 -2.55342 -0.406823 1.64113 0.368271
15.481 0.3 -0.012 0.52 0.300017 -0.0120027 0.520025 0.659587 -0.985678 -0.483261 -2.55342 -0.406823 1.64113 0.368274
15.482 0.3 -0.012 0.52 0.300017 -0.0120027 0.520025 0.659587 -0.985678 -0.483261 -2.55342 -0.406823 1.64113 0.368277
15.483 0.3 -0.012 0.52 0.300017 -0.0120027 0.520025 0.659587 -0.985678 -0.483261 -2.55342 -0.406823 1.64113 0.36828
15.484 0.3 -0.012 0.52 0.300017 -0.0120027 0.520025 0.659587 -0.985678 -0.483261 -2.55342 -0.406823 1.64113 0.368282
15.485 0.3 -0.012 0.52 0.300017 -0.0120027 0.520025 0.659587 -0.985678 -0.483261 -2.55342 -0.406823 1.64113 0.368285
15.486 0.3 -0.012 0.52 0.300017 -0.0120027 0.520025 0.659587 -0.985678 -0.483261 -2.55342 -0.406823 1.64113 0.368288
15.487 0.3 -0.012 0.52 0.300017 -0.0120027 0.520025 0.659587 -0.985678 -0.483261 -2.55342 -0.406823 1.64113 0.368291
15.488 0.3 -0.012 0.52 0.300017 -0.0120027 0.520025 0.659587 -0.985678 -0.483261 -2.55342 -0.406823 1.64113 0.368294
15.489 0.3 -0.012 0.52 0.300017 -0.0120027 0.520025 0.659587 -0.985678 -0.483261 -2.55342 -0.406823 1.64113 0.368297
15.49 0.3 -0.012 0.52 0.300017 -0.0120027 0.520025 0.659587 -0.985678 -0.483261 -2.55342 -0.406823 1.64113 0.368299
15.491 0.3 -0.012 0.52 0.300017 -0.0120027 0.520025 0.659587 -0.985678 -0.483261 -2.55342 -0.406823 1.64113 0.368302
15.492 0.3 -0.012 0.52 0.300017 -0.0120027 0.520025 0.659587 -0.985678 -0.483261 -2.55342 -0.406823 1.64113 0.368305
15.493 0.3 -0.012 0.52 0.300017 -0.0120027 0.520025 0.659587 -0.985678 -0.483261 -2.55342 -0.406823 1.64113 0.368308
15.494 0.3 -0.012 0.52 0.300017 -0.0120027 0.520025 0.659587 -0.985678 -0.483261 -2.55342 -0.406823 1.64113 0.368311
15.495 0.3 -0.012 0.52 0.300017 -0.0120027 0.520025 0.659587 -0.985678 -0.483261 -2.55342 -0.406823 1.64113 0.368313
15.496 0.3 -0.012 0.52 0.300017 -0.0120027 0.520025 0.659587 -0.985678 -0.483261 -2.55342 -0.406823 1.64113 0.368316
15.497 0.3 -0.012 0.52 0.300017 -0.0120027 0.520025 0.659587 -0.985678 -0.483261 -2.55342 -0.406823 1.64113 0.368319
15.498 0.3 -0.012 0.52 0.300017 -0.0120027 0.520025 0.659587 -0.985677 -0.483261 -2.55342 -0.406823 1.64113 0.368322
15.499 0.3 -0.012 0.52 0.300017 -0.0120027 0.520025 0.659587 -0.985677 -0.483261 -2.55342 -0.406823 1.64113 0.368325
15.5 0.3 -0.012 0.52 0.300017 -0.0120027 0.520025 0.659587 -0.985677 -0.483261 -2.55342 -0.406823 1.64113 0.368327
15.501 0.3 -0.012 0.52 0.300017 -0.0120027 0.520025 0.659587 -0.985677 -0.483261 -2.55342 -0.406823 1.64113 0.36833
15.502 0.3 -0.012 0.52 0.300017 -0.0120027 0.520025 0.659587 -0.985677 -0.483261 -2.55342 -0.406823 1.64113 0.368333
15.503 0.3 -0.012 0.52 0.300017 -0.0120027 0.520025 0.659587 -0.985677 -0.483261 -2.55342 -0.406823 1.64113 0.368336
15.504 0.3 -0.012 0.52 0.300017 -0.0120027 0.520025 0.659587 -0.985677 -0.483261 -2.55342 -0.406823 1.64113 0.368339
15.505 0.3 -0.012 0.52 0.300017 -0.0120027 0.520025 0.659587 -0.985677 -0.483261 -2.55342 -0.406823 1.64113 0.368342
15.506 0.3 -0.012 0.52 0.300017 -0.0120027 0.520025 0.659587 -0.985677 -0.483261 -2.55342 -0.406823 1.64113 0.368344
15.507 0.3 -0.012 0.52 0.300017 -0.0120027 0.520025 0.659587 -0.985677 -0.483261 -2.55342 -0.406823 1.64113 0.368347
15.508 0.3 -0.012 0.52 0.300017 -0.0120027 0.520025 0.659587 -0.985677 -0.483261 -2.55342 -0.406823 1.64113 0.36835
15.509 0.3 -0.012 0.52 0.300017 -0.0120027 0.520025 0.659587 -0.985677 -0.483261 -2.55342 -0.406823 1.64113 0.368353
15.51 0.3 -0.012 0.52 0.300017 -0.0120027 0.520025 0.659587 -0.985677 -0.483261 -2.55342 -0.406823 1.64113 0.368356
15.511 0.3 -0.012 0.52 0.300017 -0.0120027 0.520025 0.659587 -0.985677 -0.483261 -2.55342 -0.406823 1.64113 0.368358
15.512 0.3 -0.012 0.52 0.300017 -0.0120027 0.520025 0.659587 -0.985677 -0.483261 -2.55342 -0.406823 1.64113 0.368361
15.513 0.3 -0.012 0.52 0.300017 -0.0120027 0.520025 0.659587 -0.985677 -0.483261 -2.55342 -0.406823 1.64113 0.368364
15.514 0.3 -0.012 0.52 0.300017 -0.0120027 0.520025 0.659587 -0.985677 -0.483261 -2.55342 -0.406823 1.64113 0.368367
15.515 0.3 -0.012 0.52 0.300017 -0.0120027 0.520025 0.659587 -0.985677 -0.483261 -2.55342 -0.406823 1.64113 0.36837
15.516 0.3 -0.012 0.52 0.300017 -0.0120027 0.520025 0.659587 -0.985677 -0.483261 -2.55342 -0.406823 1.64113 0.368373
15.517 0.3 -0.012 0.52 0.300017 -0.0120027 0.520025 0.659587 -0.985677 -0.483261 -2.55342 -0.406823 1.64113 0.368375
15.518 0.3 -0.012 0.52 0.300017 -0.0120027 0.520025 0.659587 -0.985677 -0.483261 -2.55342 -0.406823 1.64113 0.368378
15.519 0.3 -0.012 0.52 0.300017 -0.0120027 0.520025 0.659587 -0.985677 -0.483261 -2.55342 -0.406823 1.64113 0.368381
15.52 0.3 -0.012 0.52 0.300017 -0.0120027 0.520025 0.659587 -0.985677 -0.483261 -2.55342 -0.406823 1.64113 0.368384
15.521 0.3 -0.012 0.52 0.300017 -0.0120027 0.520025 0.659587 -0.985677 -0.483261 -2.55342 -0.406823 1.64113 0.368387
15.522 0.3 -0.012 0.52 0.300017 -0.0120027 0.520025 0.659587 -0.985677 -0.483261 -2.55342 -0.406823 1.64113 0.368389
15.523 0.3 -0.012 0.52 0.300017 -0.0120027 0.520025 0.659587 -0.985677 -0.483261 -2.55342 -0.406823 1.64113 0.368392
15.524 0.3 -0.012 0.52 0.300017 -0.0120027 0.520025 0.659587 -0.985677 -0.483261 -2.55342 -0.406823 1.64113 0.368395
15.525 0.3 -0.012 0.52 0.300017 -0.0120027 0.520025 0.659587 -0.985677 -0.483261 -2.55342 -0.406823 1.64113 0.368398
15.526 0.3 -0.012 0.52 0.300017 -0.0120027 0.520025 0.659587 -0.985677 -0.483261 -2.55342 -0.406823 1.64113 0.368401
15.527 0.3 -0.012 0.52 0.300017 -0.0120027 0.520025 0.659587 -0.985677 -0.483261 -2.55342 -0.406823 1.64113 0.368403
15.528 0.3 -0.012 0.52 0.300017 -0.0120027 0.520025 0.659587 -0.985677 -0.483261 -2.55342 -0.406823 1.64113 0.368406
15.529 0.3 -0.012 0.52 0.300017 -0.0120027 0.520025 0.659587 -0.985677 -0.483261 -2.55342 -0.406823 1.64113 0.368409
15.53 0.3 -0.012 0.52 0.300017 -0.0120027 0.520025 0.659587 -0.985677 -0.483261 -2.55342 -0.406823 1.64113 0.368412
15.531 0.3 -0.012 0.52 0.300017 -0.0120027 0.520025 0.659587 -0.985677 -0.483261 -2.55342 -0.406823 1.64113 0.368415
15.532 0.3 -0.012 0.52 0.300017 -0.0120027 0.520025 0.659587 -0.985677 -0.483261 -2.55342 -0.406823 1.64113 0.368418
15.533 0.3 -0.012 0.52 0.300017 -0.0120027 0.520025 0.659587 -0.985677 -0.483261 -2.55342 -0.406823 1.64113 0.36842
15.534 0.3 -0.012 0.52 0.300017 -0.0120027 0.520025 0.659587 -0.985677 -0.483261 -2.55342 -0.406823 1.64113 0.368423
15.535 0.3 -0.012 0.52 0.300017 -0.0120027 0.520025 0.659587 -0.985677 -0.483261 -2.55342 -0.406823 1.64113 0.368426
15.536 0.3 -0.012 0.52 0.300017 -0.0120027 0.520025 0.659587 -0.985677 -0.483261 -2.55342 -0.406823 1.64113 0.368429
15.537 0.3 -0.012 0.52 0.300017 -0.0120027 0.520025 0.659587 -0.985677 -0.483261 -2.55342 -0.406823 1.64113 0.368432
15.538 0.3 -0.012 0.52 0.300017 -0.0120027 0.520025 0.659587 -0.985677 -0.483261 -2.55342 -0.406823 1.64113 0.368434
15.539 0.3 -0.012 0.52 0.300017 -0.0120027 0.520025 0.659587 -0.985677 -0.483261 -2.55342 -0.406823 1.64113 0.368437
15.54 0.3 -0.012 0.52 0.300017 -0.0120027 0.520025 0.659587 -0.985677 -0.483261 -2.55342 -0.406823 1.64113 0.36844
15.541 0.3 -0.012 0.52 0.300017 -0.0120027 0.520025 0.659587 -0.985677 -0.483261 -2.55342 -0.406823 1.64113 0.368443
15.542 0.3 -0.012 0.52 0.300017 -0.0120027 0.520025 0.659587 -0.985677 -0.483261 -2.55342 -0.406823 1.64113 0.368446
15.543 0.3 -0.012 0.52 0.300017 -0.0120027 0.520025 0.659587 -0.985677 -0.483261 -2.55342 -0.406823 1.64113 0.368448
15.544 0.3 -0.012 0.52 0.300017 -0.0120027 0.520025 0.659587 -0.985677 -0.483261 -2.55342 -0.406823 1.64113 0.368451
15.545 0.3 -0.012 0.52 0.300017 -0.0120027 0.520025 0.659587 -0.985677 -0.483261 -2.55342 -0.406823 1.64113 0.368454
15.546 0.3 -0.012 0.52 0.300017 -0.0120027 0.520025 0.659587 -0.985677 -0.483261 -2.55342 -0.406823 1.64113 0.368457
15.547 0.3 -0.012 0.52 0.300017 -0.0120027 0.520025 0.659587 -0.985677 -0.483261 -2.55342 -0.406823 1.64113 0.36846
15.548 0.3 -0.012 0.52 0.300017 -0.0120027 0.520025 0.659587 -0.985677 -0.483261 -2.55342 -0.406823 1.64113 0.368462
15.549 0.3 -0.012 0.52 0.300017 -0.0120027 0.520025 0.659587 -0.985677 -0.483261 -2.55342 -0.406823 1.64113 0.368465
15.55 0.3 -0.012 0.52 0.300017 -0.0120027 0.520025 0.659587 -0.985677 -0.483261 -2.55342 -0.406823 1.64113 0.368468
15.551 0.3 -0.012 0.52 0.300017 -0.0120027 0.520025 0.659587 -0.985677 -0.483261 -2.55342 -0.406823 1.64113 0.368471
15.552 0.3 -0.012 0.52 0.300017 -0.0120027 0.520025 0.659587 -0.985677 -0.483261 -2.55342 -0.406823 1.64113 0.368474
15.553 0.3 -0.012 0.52 0.300017 -0.0120027 0.520025 0.659587 -0.985677 -0.483261 -2.55342 -0.406823 1.64113 0.368477
15.554 0.3 -0.012 0.52 0.300017 -0.0120027 0.520025 0.659587 -0.985677 -0.483261 -2.55342 -0.406823 1.64113 0.368479
15.555 0.3 -0.012 0.52 0.300017 -0.0120027 0.520025 0.659587 -0.985677 -0.483261 -2.55342 -0.406823 1.64113 0.368482
15.556 0.3 -0.012 0.52 0.300017 -0.0120027 0.520025 0.659587 -0.985677 -0.483261 -2.55342 -0.406823 1.64113 0.368485
15.557 0.3 -0.012 0.52 0.300017 -0.0120027 0.520025 0.659587 -0.985677 -0.483261 -2.55342 -0.406823 1.64113 0.368488
15.558 0.3 -0.012 0.52 0.300017 -0.0120027 0.520025 0.659587 -0.985677 -0.483261 -2.55342 -0.406823 1.64113 0.368491
15.559 0.3 -0.012 0.52 0.300017 -0.0120027 0.520025 0.659587 -0.985677 -0.483261 -2.55342 -0.406823 1.64113 0.368493
15.56 0.3 -0.012 0.52 0.300017 -0.0120027 0.520025 0.659587 -0.985677 -0.483261 -2.55342 -0.406823 1.64113 0.368496
15.561 0.3 -0.012 0.52 0.300017 -0.0120027 0.520025 0.659587 -0.985677 -0.483261 -2.55342 -0.406823 1.64113 0.368499
15.562 0.3 -0.012 0.52 0.300017 -0.0120027 0.520025 0.659587 -0.985677 -0.483261 -2.55342 -0.406823 1.64113 0.368502
15.563 0.3 -0.012 0.52 0.300017 -0.0120027 0.520025 0.659587 -0.985677 -0.483261 -2.55342 -0.406823 1.64113 0.368505
15.564 0.3 -0.012 0.52 0.300017 -0.0120027 0.520025 0.659587 -0.985677 -0.483261 -2.55342 -0.406823 1.64113 0.368507
15.565 0.3 -0.012 0.52 0.300017 -0.0120027 0.520025 0.659587 -0.985677 -0.483261 -2.55342 -0.406823 1.64113 0.36851
15.566 0.3 -0.012 0.52 0.300017 -0.0120027 0.520025 0.659587 -0.985677 -0.483261 -2.55342 -0.406823 1.64113 0.368513
15.567 0.3 -0.012 0.52 0.300017 -0.0120027 0.520025 0.659587 -0.985677 -0.483261 -2.55342 -0.406823 1.64113 0.368516
15.568 0.3 -0.012 0.52 0.300017 -0.0120027 0.520025 0.659587 -0.985677 -0.483261 -2.55342 -0.406823 1.64113 0.368519
15.569 0.3 -0.012 0.52 0.300017 -0.0120027 0.520025 0.659587 -0.985677 -0.483261 -2.55342 -0.406823 1.64113 0.368521
15.57 0.3 -0.012 0.52 0.300017 -0.0120027 0.520025 0.659587 -0.985677 -0.483261 -2.55342 -0.406823 1.64113 0.368524
15.571 0.3 -0.012 0.52 0.300017 -0.0120027 0.520025 0.659587 -0.985677 -0.483261 -2.55342 -0.406823 1.64113 0.368527
15.572 0.3 -0.012 0.52 0.300017 -0.0120027 0.520025 0.659587 -0.985677 -0.483261 -2.55342 -0.406823 1.64113 0.36853
15.573 0.3 -0.012 0.52 0.300017 -0.0120027 0.520025 0.659587 -0.985677 -0.483261 -2.55342 -0.406823 1.64113 0.368533
15.574 0.3 -0.012 0.52 0.300017 -0.0120027 0.520025 0.659587 -0.985677 -0.483261 -2.55342 -0.406823 1.64113 0.368535
15.575 0.3 -0.012 0.52 0.300017 -0.0120027 0.520025 0.659587 -0.985677 -0.483261 -2.55342 -0.406823 1.64113 0.368538
15.576 0.3 -0.012 0.52 0.300017 -0.0120027 0.520025 0.659587 -0.985677 -0.483261 -2.55342 -0.406823 1.64113 0.368541
15.577 0.3 -0.012 0.52 0.300017 -0.0120027 0.520025 0.659587 -0.985677 -0.483261 -2.55342 -0.406823 1.64113 0.368544
15.578 0.3 -0.012 0.52 0.300017 -0.0120027 0.520025 0.659587 -0.985677 -0.483261 -2.55342 -0.406823 1.64113 0.368547
15.579 0.3 -0.012 0.52 0.300017 -0.0120027 0.520025 0.659587 -0.985677 -0.483261 -2.55342 -0.406823 1.64113 0.368549
15.58 0.3 -0.012 0.52 0.300017 -0.0120027 0.520025 0.659587 -0.985677 -0.483261 -2.55342 -0.406823 1.64113 0.368552
15.581 0.3 -0.012 0.52 0.300017 -0.0120027 0.520025 0.659587 -0.985677 -0.483261 -2.55342 -0.406823 1.64113 0.368555
15.582 0.3 -0.012 0.52 0.300017 -0.0120027 0.520025 0.659587 -0.985677 -0.483261 -2.55342 -0.406824 1.64113 0.368558
15.583 0.3 -0.012 0.52 0.300017 -0.0120027 0.520025 0.659587 -0.985677 -0.483261 -2.55342 -0.406824 1.64113 0.368561
15.584 0.3 -0.012 0.52 0.300017 -0.0120027 0.520025 0.659587 -0.985677 -0.483261 -2.55342 -0.406824 1.64113 0.368563
15.585 0.3 -0.012 0.52 0.300017 -0.0120027 0.520025 0.659587 -0.985677 -0.483261 -2.55342 -0.406824 1.64113 0.368566
15.586 0.3 -0.012 0.52 0.300017 -0.0120027 0.520025 0.659587 -0.985677 -0.483261 -2.55342 -0.406824 1.64113 0.368569
15.587 0.3 -0.012 0.52 0.300017 -0.0120027 0.520025 0.659587 -0.985677 -0.483261 -2.55342 -0.406824 1.64113 0.368572
15.588 0.3 -0.012 0.52 0.300017 -0.0120027 0.520025 0.659587 -0.985677 -0.483261 -2.55342 -0.406824 1.64113 0.368575
15.589 0.3 -0.012 0.52 0.300017 -0.0120027 0.520025 0.659587 -0.985677 -0.483261 -2.55342 -0.406824 1.64113 0.368577
15.59 0.3 -0.012 0.52 0.300017 -0.0120027 0.520025 0.659587 -0.985677 -0.483261 -2.55342 -0.406824 1.64113 0.36858
15.591 0.3 -0.012 0.52 0.300017 -0.0120027 0.520025 0.659587 -0.985677 -0.483261 -2.55342 -0.406824 1.64113 0.368583
15.592 0.3 -0.012 0.52 0.300017 -0.0120027 0.520025 0.659587 -0.985677 -0.483261 -2.55342 -0.406824 1.64113 0.368586
15.593 0.3 -0.012 0.52 0.300017 -0.0120027 0.520025 0.659587 -0.985677 -0.483261 -2.55342 -0.406824 1.64113 0.368589
15.594 0.3 -0.012 0.52 0.300017 -0.0120027 0.520025 0.659587 -0.985677 -0.483261 -2.55342 -0.406824 1.64113 0.368591
15.595 0.3 -0.012 0.52 0.300017 -0.0120027 0.520025 0.659587 -0.985677 -0.483261 -2.55342 -0.406824 1.64113 0.368594
15.596 0.3 -0.012 0.52 0.300017 -0.0120027 0.520025 0.659587 -0.985677 -0.483261 -2.55342 -0.406824 1.64113 0.368597
15.597 0.3 -0.012 0.52 0.300017 -0.0120027 0.520025 0.659587 -0.985677 -0.483261 -2.55342 -0.406824 1.64113 0.3686
15.598 0.3 -0.012 0.52 0.300017 -0.0120027 0.520025 0.659587 -0.985677 -0.483261 -2.55342 -0.406824 1.64113 0.368603
15.599 0.3 -0.012 0.52 0.300017 -0.0120027 0.520025 0.659587 -0.985677 -0.483261 -2.55342 -0.406824 1.64113 0.368605
15.6 0.3 -0.012 0.52 0.300017 -0.0120027 0.520025 0.659587 -0.985677 -0.483261 -2.55342 -0.406824 1.64113 0.368608
15.601 0.3 -0.012 0.52 0.300017 -0.0120027 0.520025 0.659587 -0.985677 -0.483261 -2.55342 -0.406824 1.64113 0.368611
15.602 0.3 -0.012 0.52 0.300017 -0.0120027 0.520025 0.659587 -0.985677 -0.483261 -2.55342 -0.406824 1.64113 0.368614
15.603 0.3 -0.012 0.52 0.300017 -0.0120027 0.520025 0.659587 -0.985677 -0.483261 -2.55342 -0.406824 1.64113 0.368617
15.604 0.3 -0.012 0.52 0.300017 -0.0120027 0.520025 0.659587 -0.985677 -0.483261 -2.55342 -0.406824 1.64113 0.368619
15.605 0.3 -0.012 0.52 0.300017 -0.0120027 0.520025 0.659588 -0.985677 -0.483261 -2.55342 -0.406824 1.64113 0.368622
15.606 0.3 -0.012 0.52 0.300017 -0.0120027 0.520025 0.659588 -0.985677 -0.483261 -2.55342 -0.406824 1.64113 0.368625
15.607 0.3 -0.012 0.52 0.300017 -0.0120027 0.520025 0.659588 -0.985677 -0.483261 -2.55342 -0.406824 1.64113 0.368628
15.608 0.3 -0.012 0.52 0.300017 -0.0120027 0.520025 0.659588 -0.985677 -0.483261 -2.55342 -0.406824 1.64113 0.368631
15.609 0.3 -0.012 0.52 0.300017 -0.0120027 0.520025 0.659588 -0.985677 -0.483261 -2.55342 -0.406824 1.64113 0.368633
15.61 0.3 -0.012 0.52 0.300017 -0.0120027 0.520025 0.659588 -0.985677 -0.483261 -2.55342 -0.406824 1.64113 0.368636
15.611 0.3 -0.012 0.52 0.300017 -0.0120027 0.520025 0.659588 -0.985677 -0.483261 -2.55342 -0.406824 1.64113 0.368639
15.612 0.3 -0.012 0.52 0.300017 -0.0120027 0.520025 0.659588 -0.985677 -0.483261 -2.55342 -0.406824 1.64113 0.368642
15.613 0.3 -0.012 0.52 0.300017 -0.0120027 0.520025 0.659588 -0.985677 -0.483261 -2.55342 -0.406824 1.64113 0.368645
15.614 0.3 -0.012 0.52 0.300017 -0.0120027 0.520025 0.659588 -0.985677 -0.483261 -2.55342 -0.406824 1.64113 0.368647
15.615 0.3 -0.012 0.52 0.300017 -0.0120027 0.520025 0.659588 -0.985677 -0.483261 -2.55342 -0.406824 1.64113 0.36865
15.616 0.3 -0.012 0.52 0.300017 -0.0120027 0.520025 0.659588 -0.985677 -0.483261 -2.55342 -0.406824 1.64113 0.368653
15.617 0.3 -0.012 0.52 0.300017 -0.0120027 0.520025 0.659588 -0.985677 -0.483261 -2.55342 -0.406824 1.64113 0.368656
15.618 0.3 -0.012 0.52 0.300017 -0.0120027 0.520025 0.659588 -0.985677 -0.483261 -2.55342 -0.406824 1.64113 0.368659
15.619 0.3 -0.012 0.52 0.300017 -0.0120027 0.520025 0.659588 -0.985677 -0.483261 -2.55342 -0.406824 1.64113 0.368661
15.62 0.3 -0.012 0.52 0.300017 -0.0120027 0.520025 0.659588 -0.985677 -0.483261 -2.55342 -0.406824 1.64113 0.368664
15.621 0.3 -0.012 0.52 0.300017 -0.0120027 0.520025 0.659588 -0.985677 -0.483261 -2.55342 -0.406824 1.64113 0.368667
15.622 0.3 -0.012 0.52 0.300017 -0.0120027 0.520025 0.659588 -0.985677 -0.483261 -2.55342 -0.406824 1.64113 0.36867
15.623 0.3 -0.012 0.52 0.300017 -0.0120027 0.520025 0.659588 -0.985677 -0.483261 -2.55342 -0.406824 1.64113 0.368673
15.624 0.3 -0.012 0.52 0.300017 -0.0120027 0.520025 0.659588 -0.985677 -0.483261 -2.55342 -0.406824 1.64113 0.368675
15.625 0.3 -0.012 0.52 0.300017 -0.0120027 0.520025 0.659588 -0.985677 -0.483261 -2.55342 -0.406824 1.64113 0.368678
15.626 0.3 -0.012 0.52 0.300017 -0.0120027 0.520025 0.659588 -0.985677 -0.483261 -2.55342 -0.406824 1.64113 0.368681
15.627 0.3 -0.012 0.52 0.300017 -0.0120027 0.520025 0.659588 -0.985677 -0.483261 -2.55342 -0.406824 1.64113 0.368684
15.628 0.3 -0.012 0.52 0.300017 -0.0120027 0.520025 0.659588 -0.985677 -0.483261 -2.55342 -0.406824 1.64113 0.368687
15.629 0.3 -0.012 0.52 0.300017 -0.0120027 0.520025 0.659588 -0.985677 -0.483261 -2.55342 -0.406824 1.64113 0.368689
15.63 0.3 -0.012 0.52 0.300017 -0.0120027 0.520025 0.659588 -0.985677 -0.483261 -2.55342 -0.406824 1.64113 0.368692
15.631 0.3 -0.012 0.52 0.300017 -0.0120027 0.520025 0.659588 -0.985677 -0.483261 -2.55342 -0.406824 1.64113 0.368695
15.632 0.3 -0.012 0.52 0.300017 -0.0120027 0.520025 0.659588 -0.985677 -0.483261 -2.55342 -0.406824 1.64113 0.368698
15.633 0.3 -0.012 0.52 0.300017 -0.0120027 0.520025 0.659588 -0.985677 -0.483261 -2.55342 -0.406824 1.64113 0.368701
15.634 0.3 -0.012 0.52 0.300017 -0.0120027 0.520025 0.659588 -0.985677 -0.483261 -2.55342 -0.406824 1.64113 0.368703
15.635 0.3 -0.012 0.52 0.300017 -0.0120027 0.520025 0.659588 -0.985677 -0.483261 -2.55342 -0.406824 1.64113 0.368706
15.636 0.3 -0.012 0.52 0.300017 -0.0120027 0.520025 0.659588 -0.985677 -0.483261 -2.55342 -0.406824 1.64113 0.368709
15.637 0.3 -0.012 0.52 0.300017 -0.0120027 0.520025 0.659588 -0.985677 -0.483261 -2.55342 -0.406824 1.64113 0.368712
15.638 0.3 -0.012 0.52 0.300017 -0.0120027 0.520025 0.659588 -0.985677 -0.483261 -2.55342 -0.406824 1.64113 0.368715
15.639 0.3 -0.012 0.52 0.300017 -0.0120027 0.520025 0.659588 -0.985677 -0.483261 -2.55342 -0.406824 1.64113 0.368717
15.64 0.3 -0.012 0.52 0.300017 -0.0120027 0.520025 0.659588 -0.985677 -0.483261 -2.55342 -0.406824 1.64113 0.36872
15.641 0.3 -0.012 0.52 0.300017 -0.0120027 0.520025 0.659588 -0.985677 -0.483261 -2.55342 -0.406824 1.64113 0.368723
15.642 0.3 -0.012 0.52 0.300017 -0.0120027 0.520025 0.659588 -0.985677 -0.483261 -2.55342 -0.406824 1.64113 0.368726
15.643 0.3 -0.012 0.52 0.300017 -0.0120027 0.520025 0.659588 -0.985677 -0.483261 -2.55342 -0.406824 1.64113 0.368729
15.644 0.3 -0.012 0.52 0.300017 -0.0120027 0.520025 0.659588 -0.985677 -0.483261 -2.55342 -0.406824 1.64113 0.368731
15.645 0.3 -0.012 0.52 0.300017 -0.0120027 0.520025 0.659588 -0.985677 -0.483261 -2.55342 -0.406824 1.64113 0.368734
15.646 0.3 -0.012 0.52 0.300017 -0.0120027 0.520025 0.659588 -0.985677 -0.483261 -2.55342 -0.406824 1.64113 0.368737
15.647 0.3 -0.012 0.52 0.300017 -0.0120027 0.520025 0.659588 -0.985677 -0.483261 -2.55342 -0.406824 1.64113 0.36874
15.648 0.3 -0.012 0.52 0.300017 -0.0120027 0.520025 0.659588 -0.985677 -0.483261 -2.55342 -0.406824 1.64113 0.368743
15.649 0.3 -0.012 0.52 0.300017 -0.0120027 0.520025 0.659588 -0.985677 -0.483261 -2.55342 -0.406824 1.64113 0.368745
15.65 0.3 -0.012 0.52 0.300017 -0.0120027 0.520025 0.659588 -0.985677 -0.483261 -2.55342 -0.406824 1.64113 0.368748
15.651 0.3 -0.012 0.52 0.300017 -0.0120027 0.520025 0.659588 -0.985677 -0.483261 -2.55342 -0.406824 1.64113 0.368751
15.652 0.3 -0.012 0.52 0.300017 -0.0120027 0.520025 0.659588 -0.985677 -0.483261 -2.55342 -0.406824 1.64113 0.368754
15.653 0.3 -0.012 0.52 0.300017 -0.0120027 0.520025 0.659588 -0.985677 -0.483261 -2.55342 -0.406824 1.64113 0.368757
15.654 0.3 -0.012 0.52 0.300017 -0.0120027 0.520025 0.659588 -0.985677 -0.483261 -2.55342 -0.406824 1.64113 0.368759
15.655 0.3 -0.012 0.52 0.300017 -0.0120027 0.520025 0.659588 -0.985677 -0.483261 -2.55342 -0.406824 1.64113 0.368762
15.656 0.3 -0.012 0.52 0.300017 -0.0120027 0.520025 0.659588 -0.985677 -0.483261 -2.55342 -0.406824 1.64113 0.368765
15.657 0.3 -0.012 0.52 0.300017 -0.0120027 0.520025 0.659588 -0.985677 -0.483261 -2.55342 -0.406824 1.64113 0.368768
15.658 0.3 -0.012 0.52 0.300017 -0.0120027 0.520025 0.659588 -0.985677 -0.483261 -2.55342 -0.406824 1.64113 0.36877
15.659 0.3 -0.012 0.52 0.300017 -0.0120027 0.520025 0.659588 -0.985677 -0.483261 -2.55342 -0.406824 1.64113 0.368773
15.66 0.3 -0.012 0.52 0.300017 -0.0120027 0.520025 0.659588 -0.985677 -0.483261 -2.55342 -0.406824 1.64113 0.368776
15.661 0.3 -0.012 0.52 0.300017 -0.0120027 0.520025 0.659588 -0.985677 -0.483261 -2.55342 -0.406824 1.64113 0.368779
15.662 0.3 -0.012 0.52 0.300017 -0.0120027 0.520025 0.659588 -0.985677 -0.483261 -2.55342 -0.406824 1.64113 0.368782
15.663 0.3 -0.012 0.52 0.300017 -0.0120027 0.520025 0.659588 -0.985677 -0.483261 -2.55342 -0.406824 1.64113 0.368784
15.664 0.3 -0.012 0.52 0.300017 -0.0120027 0.520025 0.659588 -0.985677 -0.483261 -2.55342 -0.406824 1.64113 0.368787
15.665 0.3 -0.012 0.52 0.300017 -0.0120027 0.520025 0.659588 -0.985677 -0.483261 -2.55342 -0.406824 1.64113 0.36879
15.666 0.3 -0.012 0.52 0.300017 -0.0120027 0.520025 0.659588 -0.985677 -0.483261 -2.55342 -0.406824 1.64113 0.368793
15.667 0.3 -0.012 0.52 0.300017 -0.0120027 0.520025 0.659588 -0.985677 -0.483261 -2.55342 -0.406824 1.64113 0.368796
15.668 0.3 -0.012 0.52 0.300017 -0.0120027 0.520025 0.659588 -0.985677 -0.483261 -2.55342 -0.406824 1.64113 0.368798
15.669 0.3 -0.012 0.52 0.300017 -0.0120027 0.520025 0.659588 -0.985677 -0.483261 -2.55342 -0.406824 1.64113 0.368801
15.67 0.3 -0.012 0.52 0.300017 -0.0120027 0.520025 0.659588 -0.985677 -0.483261 -2.55342 -0.406824 1.64113 0.368804
15.671 0.3 -0.012 0.52 0.300017 -0.0120027 0.520025 0.659588 -0.985677 -0.483261 -2.55342 -0.406824 1.64113 0.368807
15.672 0.3 -0.012 0.52 0.300017 -0.0120027 0.520025 0.659588 -0.985677 -0.483261 -2.55342 -0.406824 1.64113 0.36881
15.673 0.3 -0.012 0.52 0.300017 -0.0120027 0.520025 0.659588 -0.985677 -0.483261 -2.55342 -0.406824 1.64113 0.368812
15.674 0.3 -0.012 0.52 0.300017 -0.0120027 0.520025 0.659588 -0.985677 -0.483261 -2.55342 -0.406824 1.64113 0.368815
15.675 0.3 -0.012 0.52 0.300017 -0.0120027 0.520025 0.659588 -0.985677 -0.483261 -2.55342 -0.406824 1.64113 0.368818
15.676 0.3 -0.012 0.52 0.300017 -0.0120027 0.520025 0.659588 -0.985677 -0.483261 -2.55342 -0.406824 1.64113 0.368821
15.677 0.3 -0.012 0.52 0.300017 -0.0120027 0.520025 0.659588 -0.985677 -0.483261 -2.55342 -0.406824 1.64113 0.368823
15.678 0.3 -0.012 0.52 0.300017 -0.0120027 0.520025 0.659588 -0.985677 -0.483261 -2.55342 -0.406824 1.64113 0.368826
15.679 0.3 -0.012 0.52 0.300017 -0.0120027 0.520025 0.659588 -0.985677 -0.483261 -2.55342 -0.406824 1.64113 0.368829
15.68 0.3 -0.012 0.52 0.300017 -0.0120027 0.520025 0.659588 -0.985677 -0.483261 -2.55342 -0.406824 1.64113 0.368832
15.681 0.3 -0.012 0.52 0.300017 -0.0120027 0.520025 0.659588 -0.985677 -0.483261 -2.55342 -0.406824 1.64113 0.368835
15.682 0.3 -0.012 0.52 0.300017 -0.0120027 0.520025 0.659588 -0.985677 -0.483261 -2.55342 -0.406824 1.64113 0.368837
15.683 0.3 -0.012 0.52 0.300017 -0.0120027 0.520025 0.659588 -0.985677 -0.483261 -2.55342 -0.406824 1.64113 0.36884
15.684 0.3 -0.012 0.52 0.300017 -0.0120027 0.520025 0.659588 -0.985677 -0.483261 -2.55342 -0.406824 1.64113 0.368843
15.685 0.3 -0.012 0.52 0.300017 -0.0120027 0.520025 0.659588 -0.985677 -0.483261 -2.55342 -0.406824 1.64113 0.368846
15.686 0.3 -0.012 0.52 0.300017 -0.0120027 0.520025 0.659588 -0.985677 -0.483261 -2.55342 -0.406824 1.64113 0.368849
15.687 0.3 -0.012 0.52 0.300017 -0.0120027 0.520025 0.659588 -0.985677 -0.483261 -2.55342 -0.406824 1.64113 0.368851
15.688 0.3 -0.012 0.52 0.300017 -0.0120027 0.520025 0.659588 -0.985677 -0.483261 -2.55342 -0.406824 1.64113 0.368854
15.689 0.3 -0.012 0.52 0.300017 -0.0120027 0.520025 0.659588 -0.985677 -0.483261 -2.55342 -0.406824 1.64113 0.368857
15.69 0.3 -0.012 0.52 0.300017 -0.0120027 0.520025 0.659588 -0.985677 -0.483261 -2.55342 -0.406824 1.64113 0.36886
15.691 0.3 -0.012 0.52 0.300017 -0.0120027 0.520025 0.659588 -0.985677 -0.483261 -2.55342 -0.406824 1.64112 0.368862
15.692 0.3 -0.012 0.52 0.300017 -0.0120027 0.520025 0.659588 -0.985677 -0.483261 -2.55342 -0.406824 1.64112 0.368865
15.693 0.3 -0.012 0.52 0.300017 -0.0120027 0.520025 0.659588 -0.985677 -0.483261 -2.55342 -0.406824 1.64112 0.368868
15.694 0.3 -0.012 0.52 0.300017 -0.0120027 0.520025 0.659588 -0.985677 -0.483261 -2.55342 -0.406824 1.64112 0.368871
15.695 0.3 -0.012 0.52 0.300017 -0.0120027 0.520025 0.659588 -0.985677 -0.483261 -2.55342 -0.406824 1.64112 0.368874
15.696 0.3 -0.012 0.52 0.300017 -0.0120027 0.520025 0.659588 -0.985677 -0.483261 -2.55342 -0.406824 1.64112 0.368876
15.697 0.3 -0.012 0.52 0.300017 -0.0120027 0.520025 0.659588 -0.985677 -0.483261 -2.55342 -0.406824 1.64112 0.368879
15.698 0.3 -0.012 0.52 0.300017 -0.0120027 0.520025 0.659588 -0.985677 -0.483261 -2.55342 -0.406824 1.64112 0.368882
15.699 0.3 -0.012 0.52 0.300017 -0.0120027 0.520025 0.659588 -0.985677 -0.483261 -2.55342 -0.406824 1.64112 0.368885
15.7 0.3 -0.012 0.52 0.300017 -0.0120027 0.520025 0.659588 -0.985677 -0.483261 -2.55342 -0.406824 1.64112 0.368888
15.701 0.3 -0.012 0.52 0.300017 -0.0120027 0.520025 0.659588 -0.985677 -0.483261 -2.55342 -0.406824 1.64112 0.36889
15.702 0.3 -0.012 0.52 0.300017 -0.0120026 0.520025 0.659588 -0.985677 -0.483261 -2.55342 -0.406824 1.64112 0.368893
15.703 0.3 -0.012 0.52 0.300017 -0.0120026 0.520025 0.659588 -0.985677 -0.483261 -2.55342 -0.406824 1.64112 0.368896
15.704 0.3 -0.012 0.52 0.300017 -0.0120026 0.520025 0.659588 -0.985677 -0.483261 -2.55342 -0.406824 1.64112 0.368899
15.705 0.3 -0.012 0.52 0.300017 -0.0120026 0.520025 0.659588 -0.985677 -0.483261 -2.55342 -0.406824 1.64112 0.368901
15.706 0.3 -0.012 0.52 0.300017 -0.0120026 0.520025 0.659588 -0.985677 -0.483261 -2.55342 -0.406824 1.64112 0.368904
15.707 0.3 -0.012 0.52 0.300017 -0.0120026 0.520025 0.659588 -0.985677 -0.483261 -2.55342 -0.406824 1.64112 0.368907
15.708 0.3 -0.012 0.52 0.300017 -0.0120026 0.520025 0.659588 -0.985677 -0.483261 -2.55342 -0.406824 1.64112 0.36891
15.709 0.3 -0.012 0.52 0.300017 -0.0120026 0.520025 0.659588 -0.985677 -0.483261 -2.55342 -0.406824 1.64112 0.368913
15.71 0.3 -0.012 0.52 0.300017 -0.0120026 0.520025 0.659588 -0.985677 -0.483261 -2.55342 -0.406824 1.64112 0.368915
15.711 0.3 -0.012 0.52 0.300017 -0.0120026 0.520025 0.659588 -0.985677 -0.483261 -2.55342 -0.406824 1.64112 0.368918
15.712 0.3 -0.012 0.52 0.300017 -0.0120026 0.520025 0.659588 -0.985677 -0.483261 -2.55342 -0.406824 1.64112 0.368921
15.713 0.3 -0.012 0.52 0.300017 -0.0120026 0.520025 0.659588 -0.985677 -0.483261 -2.55342 -0.406824 1.64112 0.368924
15.714 0.3 -0.012 0.52 0.300017 -0.0120026 0.520025 0.659588 -0.985677 -0.483261 -2.55342 -0.406824 1.64112 0.368927
15.715 0.3 -0.012 0.52 0.300017 -0.0120026 0.520025 0.659588 -0.985677 -0.483261 -2.55342 -0.406824 1.64112 0.368929
15.716 0.3 -0.012 0.52 0.300017 -0.0120026 0.520025 0.659588 -0.985677 -0.483261 -2.55342 -0.406824 1.64112 0.368932
15.717 0.3 -0.012 0.52 0.300017 -0.0120026 0.520025 0.659588 -0.985677 -0.483261 -2.55342 -0.406824 1.64112 0.368935
15.718 0.3 -0.012 0.52 0.300017 -0.0120026 0.520025 0.659588 -0.985677 -0.483261 -2.55342 -0.406824 1.64112 0.368938
15.719 0.3 -0.012 0.52 0.300017 -0.0120026 0.520025 0.659588 -0.985677 -0.483261 -2.55342 -0.406824 1.64112 0.36894
15.72 0.3 -0.012 0.52 0.300017 -0.0120026 0.520025 0.659588 -0.985677 -0.483261 -2.55342 -0.406824 1.64112 0.368943
15.721 0.3 -0.012 0.52 0.300017 -0.0120026 0.520025 0.659588 -0.985677 -0.483261 -2.55342 -0.406824 1.64112 0.368946
15.722 0.3 -0.012 0.52 0.300017 -0.0120026 0.520025 0.659588 -0.985677 -0.483261 -2.55342 -0.406824 1.64112 0.368949
15.723 0.3 -0.012 0.52 0.300017 -0.0120026 0.520025 0.659588 -0.985677 -0.483261 -2.55342 -0.406824 1.64112 0.368952
15.724 0.3 -0.012 0.52 0.300017 -0.0120026 0.520025 0.659588 -0.985677 -0.483261 -2.55342 -0.406824 1.64112 0.368954
15.725 0.3 -0.012 0.52 0.300017 -0.0120026 0.520025 0.659588 -0.985677 -0.483261 -2.55342 -0.406824 1.64112 0.368957
15.726 0.3 -0.012 0.52 0.300017 -0.0120026 0.520025 0.659588 -0.985677 -0.483261 -2.55342 -0.406824 1.64112 0.36896
15.727 0.3 -0.012 0.52 0.300017 -0.0120026 0.520025 0.659588 -0.985677 -0.483261 -2.55342 -0.406824 1.64112 0.368963
15.728 0.3 -0.012 0.52 0.300017 -0.0120026 0.520025 0.659588 -0.985677 -0.483261 -2.55342 -0.406824 1.64112 0.368965
15.729 0.3 -0.012 0.52 0.300017 -0.0120026 0.520025 0.659588 -0.985677 -0.483261 -2.55342 -0.406824 1.64112 0.368968
15.73 0.3 -0.012 0.52 0.300016 -0.0120026 0.520025 0.659588 -0.985677 -0.483261 -2.55342 -0.406824 1.64112 0.368971
15.731 0.3 -0.012 0.52 0.300016 -0.0120026 0.520025 0.659588 -0.985677 -0.483261 -2.55342 -0.406824 1.64112 0.368974
15.732 0.3 -0.012 0.52 0.300016 -0.0120026 0.520025 0.659588 -0.985677 -0.483261 -2.55342 -0.406824 1.64112 0.368977
15.733 0.3 -0.012 0.52 0.300016 -0.0120026 0.520025 0.659588 -0.985677 -0.483261 -2.55342 -0.406824 1.64112 0.368979
15.734 0.3 -0.012 0.52 0.300016 -0.0120026 0.520025 0.659588 -0.985677 -0.483261 -2.55342 -0.406824 1.64112 0.368982
15.735 0.3 -0.012 0.52 0.300016 -0.0120026 0.520025 0.659588 -0.985677 -0.483261 -2.55342 -0.406824 1.64112 0.368985
15.736 0.3 -0.012 0.52 0.300016 -0.0120026 0.520025 0.659588 -0.985677 -0.483261 -2.55342 -0.406824 1.64112 0.368988
15.737 0.3 -0.012 0.52 0.300016 -0.0120026 0.520025 0.659588 -0.985677 -0.483261 -2.55342 -0.406824 1.64112 0.368991
15.738 0.3 -0.012 0.52 0.300016 -0.0120026 0.520025 0.659588 -0.985677 -0.483261 -2.55342 -0.406824 1.64112 0.368993
15.739 0.3 -0.012 0.52 0.300016 -0.0120026 0.520025 0.659588 -0.985677 -0.483261 -2.55342 -0.406824 1.64112 0.368996
15.74 0.3 -0.012 0.52 0.300016 -0.0120026 0.520025 0.659588 -0.985677 -0.483261 -2.55342 -0.406824 1.64112 0.368999
15.741 0.3 -0.012 0.52 0.300016 -0.0120026 0.520025 0.659588 -0.985677 -0.483261 -2.55342 -0.406824 1.64112 0.369002
15.742 0.3 -0.012 0.52 0.300016 -0.0120026 0.520025 0.659588 -0.985677 -0.483261 -2.55342 -0.406824 1.64112 0.369004
15.743 0.3 -0.012 0.52 0.300016 -0.0120026 0.520025 0.659588 -0.985677 -0.483261 -2.55342 -0.406824 1.64112 0.369007
15.744 0.3 -0.012 0.52 0.300016 -0.0120026 0.520025 0.659588 -0.985677 -0.483261 -2.55342 -0.406824 1.64112 0.36901
15.745 0.3 -0.012 0.52 0.300016 -0.0120026 0.520025 0.659588 -0.985677 -0.483261 -2.55342 -0.406824 1.64112 0.369013
15.746 0.3 -0.012 0.52 0.300016 -0.0120026 0.520025 0.659588 -0.985677 -0.483261 -2.55342 -0.406824 1.64112 0.369016
15.747 0.3 -0.012 0.52 0.300016 -0.0120026 0.520025 0.659588 -0.985676 -0.483261 -2.55342 -0.406824 1.64112 0.369018
15.748 0.3 -0.012 0.52 0.300016 -0.0120026 0.520025 0.659588 -0.985676 -0.483261 -2.55342 -0.406824 1.64112 0.369021
15.749 0.3 -0.012 0.52 0.300016 -0.0120026 0.520025 0.659588 -0.985676 -0.483261 -2.55342 -0.406824 1.64112 0.369024
15.75 0.3 -0.012 0.52 0.300016 -0.0120026 0.520025 0.659588 -0.985676 -0.483261 -2.55342 -0.406824 1.64112 0.369027
15.751 0.3 -0.012 0.52 0.300016 -0.0120026 0.520025 0.659588 -0.985676 -0.483261 -2.55342 -0.406824 1.64112 0.369029
15.752 0.3 -0.012 0.52 0.300016 -0.0120026 0.520025 0.659588 -0.985676 -0.483261 -2.55342 -0.406824 1.64112 0.369032
15.753 0.3 -0.012 0.52 0.300016 -0.0120026 0.520025 0.659588 -0.985676 -0.483261 -2.55342 -0.406824 1.64112 0.369035
15.754 0.3 -0.012 0.52 0.300016 -0.0120026 0.520025 0.659588 -0.985676 -0.483261 -2.55342 -0.406824 1.64112 0.369038
15.755 0.3 -0.012 0.52 0.300016 -0.0120026 0.520025 0.659588 -0.985676 -0.483261 -2.55342 -0.406824 1.64112 0.369041
15.756 0.3 -0.012 0.52 0.300016 -0.0120026 0.520025 0.659588 -0.985676 -0.483261 -2.55342 -0.406824 1.64112 0.369043
15.757 0.3 -0.012 0.52 0.300016 -0.0120026 0.520025 0.659588 -0.985676 -0.483261 -2.55342 -0.406824 1.64112 0.369046
15.758 0.3 -0.012 0.52 0.300016 -0.0120026 0.520025 0.659588 -0.985676 -0.483261 -2.55342 -0.406824 1.64112 0.369049
15.759 0.3 -0.012 0.52 0.300016 -0.0120026 0.520025 0.659588 -0.985676 -0.483261 -2.55342 -0.406824 1.64112 0.369052
15.76 0.3 -0.012 0.52 0.300016 -0.0120026 0.520025 0.659588 -0.985676 -0.483261 -2.55342 -0.406824 1.64112 0.369054
15.761 0.3 -0.012 0.52 0.300016 -0.0120026 0.520025 0.659588 -0.985676 -0.483261 -2.55342 -0.406824 1.64112 0.369057
15.762 0.3 -0.012 0.52 0.300016 -0.0120026 0.520025 0.659588 -0.985676 -0.483261 -2.55342 -0.406824 1.64112 0.36906
15.763 0.3 -0.012 0.52 0.300016 -0.0120026 0.520025 0.659588 -0.985676 -0.483261 -2.55342 -0.406824 1.64112 0.369063
15.764 0.3 -0.012 0.52 0.300016 -0.0120026 0.520025 0.659588 -0.985676 -0.483261 -2.55342 -0.406824 1.64112 0.369065
15.765 0.3 -0.012 0.52 0.300016 -0.0120026 0.520025 0.659588 -0.985676 -0.483261 -2.55342 -0.406824 1.64112 0.369068
15.766 0.3 -0.012 0.52 0.300016 -0.0120026 0.520025 0.659588 -0.985676 -0.483261 -2.55342 -0.406824 1.64112 0.369071
15.767 0.3 -0.012 0.52 0.300016 -0.0120026 0.520025 0.659588 -0.985676 -0.483261 -2.55342 -0.406824 1.64112 0.369074
15.768 0.3 -0.012 0.52 0.300016 -0.0120026 0.520025 0.659588 -0.985676 -0.483261 -2.55342 -0.406824 1.64112 0.369077
15.769 0.3 -0.012 0.52 0.300016 -0.0120026 0.520025 0.659588 -0.985676 -0.483261 -2.55342 -0.406824 1.64112 0.369079
15.77 0.3 -0.012 0.52 0.300016 -0.0120026 0.520025 0.659588 -0.985676 -0.483261 -2.55342 -0.406824 1.64112 0.369082
15.771 0.3 -0.012 0.52 0.300016 -0.0120026 0.520025 0.659588 -0.985676 -0.483261 -2.55342 -0.406824 1.64112 0.369085
15.772 0.3 -0.012 0.52 0.300016 -0.0120026 0.520025 0.659588 -0.985676 -0.483261 -2.55342 -0.406824 1.64112 0.369088
15.773 0.3 -0.012 0.52 0.300016 -0.0120026 0.520025 0.659588 -0.985676 -0.483261 -2.55342 -0.406824 1.64112 0.36909
15.774 0.3 -0.012 0.52 0.300016 -0.0120026 0.520025 0.659588 -0.985676 -0.483261 -2.55342 -0.406824 1.64112 0.369093
15.775 0.3 -0.012 0.52 0.300016 -0.0120026 0.520025 0.659588 -0.985676 -0.483261 -2.55342 -0.406824 1.64112 0.369096
15.776 0.3 -0.012 0.52 0.300016 -0.0120026 0.520025 0.659588 -0.985676 -0.483261 -2.55342 -0.406824 1.64112 0.369099
15.777 0.3 -0.012 0.52 0.300016 -0.0120026 0.520025 0.659588 -0.985676 -0.483261 -2.55342 -0.406824 1.64112 0.369102
15.778 0.3 -0.012 0.52 0.300016 -0.0120026 0.520025 0.659588 -0.985676 -0.483261 -2.55342 -0.406824 1.64112 0.369104
15.779 0.3 -0.012 0.52 0.300016 -0.0120026 0.520025 0.659588 -0.985676 -0.483261 -2.55342 -0.406824 1.64112 0.369107
15.78 0.3 -0.012 0.52 0.300016 -0.0120026 0.520025 0.659588 -0.985676 -0.483261 -2.55342 -0.406824 1.64112 0.36911
15.781 0.3 -0.012 0.52 0.300016 -0.0120026 0.520025 0.659588 -0.985676 -0.483261 -2.55342 -0.406824 1.64112 0.369113
15.782 0.3 -0.012 0.52 0.300016 -0.0120026 0.520025 0.659588 -0.985676 -0.483261 -2.55342 -0.406824 1.64112 0.369115
15.783 0.3 -0.012 0.52 0.300016 -0.0120026 0.520025 0.659588 -0.985676 -0.483261 -2.55342 -0.406824 1.64112 0.369118
15.784 0.3 -0.012 0.52 0.300016 -0.0120026 0.520025 0.659588 -0.985676 -0.483261 -2.55342 -0.406824 1.64112 0.369121
15.785 0.3 -0.012 0.52 0.300016 -0.0120026 0.520025 0.659588 -0.985676 -0.483261 -2.55342 -0.406824 1.64112 0.369124
15.786 0.3 -0.012 0.52 0.300016 -0.0120026 0.520025 0.659588 -0.985676 -0.483261 -2.55342 -0.406824 1.64112 0.369127
15.787 0.3 -0.012 0.52 0.300016 -0.0120026 0.520025 0.659588 -0.985676 -0.483261 -2.55342 -0.406824 1.64112 0.369129
15.788 0.3 -0.012 0.52 0.300016 -0.0120026 0.520025 0.659588 -0.985676 -0.483261 -2.55342 -0.406824 1.64112 0.369132
15.789 0.3 -0.012 0.52 0.300016 -0.0120026 0.520025 0.659588 -0.985676 -0.483261 -2.55342 -0.406824 1.64112 0.369135
15.79 0.3 -0.012 0.52 0.300016 -0.0120026 0.520025 0.659588 -0.985676 -0.483261 -2.55342 -0.406825 1.64112 0.369138
15.791 0.3 -0.012 0.52 0.300016 -0.0120026 0.520025 0.659589 -0.985676 -0.483261 -2.55342 -0.406825 1.64112 0.36914
15.792 0.3 -0.012 0.52 0.300016 -0.0120026 0.520025 0.659589 -0.985676 -0.483261 -2.55342 -0.406825 1.64112 0.369143
15.793 0.3 -0.012 0.52 0.300016 -0.0120026 0.520025 0.659589 -0.985676 -0.483261 -2.55342 -0.406825 1.64112 0.369146
15.794 0.3 -0.012 0.52 0.300016 -0.0120026 0.520025 0.659589 -0.985676 -0.483261 -2.55342 -0.406825 1.64112 0.369149
15.795 0.3 -0.012 0.52 0.300016 -0.0120026 0.520025 0.659589 -0.985676 -0.483261 -2.55342 -0.406825 1.64112 0.369151
15.796 0.3 -0.012 0.52 0.300016 -0.0120026 0.520025 0.659589 -0.985676 -0.483261 -2.55342 -0.406825 1.64112 0.369154
15.797 0.3 -0.012 0.52 0.300016 -0.0120026 0.520025 0.659589 -0.985676 -0.483261 -2.55342 -0.406825 1.64112 0.369157
15.798 0.3 -0.012 0.52 0.300016 -0.0120026 0.520025 0.659589 -0.985676 -0.483261 -2.55342 -0.406825 1.64112 0.36916
15.799 0.3 -0.012 0.52 0.300016 -0.0120026 0.520025 0.659589 -0.985676 -0.483261 -2.55342 -0.406825 1.64112 0.369163
15.8 0.3 -0.012 0.52 0.300016 -0.0120026 0.520025 0.659589 -0.985676 -0.483261 -2.55342 -0.406825 1.64112 0.369165
15.801 0.3 -0.012 0.52 0.300016 -0.0120026 0.520025 0.659589 -0.985676 -0.483261 -2.55342 -0.406825 1.64112 0.369168
15.802 0.3 -0.012 0.52 0.300016 -0.0120026 0.520025 0.659589 -0.985676 -0.483261 -2.55342 -0.406825 1.64112 0.369171
15.803 0.3 -0.012 0.52 0.300016 -0.0120026 0.520025 0.659589 -0.985676 -0.483261 -2.55342 -0.406825 1.64112 0.369174
15.804 0.3 -0.012 0.52 0.300016 -0.0120026 0.520025 0.659589 -0.985676 -0.483261 -2.55342 -0.406825 1.64112 0.369176
15.805 0.3 -0.012 0.52 0.300016 -0.0120026 0.520025 0.659589 -0.985676 -0.483261 -2.55342 -0.406825 1.64112 0.369179
15.806 0.3 -0.012 0.52 0.300016 -0.0120026 0.520025 0.659589 -0.985676 -0.483261 -2.55342 -0.406825 1.64112 0.369182
15.807 0.3 -0.012 0.52 0.300016 -0.0120026 0.520025 0.659589 -0.985676 -0.483261 -2.55342 -0.406825 1.64112 0.369185
15.808 0.3 -0.012 0.52 0.300016 -0.0120026 0.520025 0.659589 -0.985676 -0.483261 -2.55342 -0.406825 1.64112 0.369187
15.809 0.3 -0.012 0.52 0.300016 -0.0120026 0.520025 0.659589 -0.985676 -0.483261 -2.55342 -0.406825 1.64112 0.36919
15.81 0.3 -0.012 0.52 0.300016 -0.0120026 0.520025 0.659589 -0.985676 -0.483261 -2.55342 -0.406825 1.64112 0.369193
15.811 0.3 -0.012 0.52 0.300016 -0.0120026 0.520025 0.659589 -0.985676 -0.483261 -2.55342 -0.406825 1.64112 0.369196
15.812 0.3 -0.012 0.52 0.300016 -0.0120026 0.520025 0.659589 -0.985676 -0.483261 -2.55342 -0.406825 1.64112 0.369199
15.813 0.3 -0.012 0.52 0.300016 -0.0120026 0.520025 0.659589 -0.985676 -0.483261 -2.55342 -0.406825 1.64112 0.369201
15.814 0.3 -0.012 0.52 0.300016 -0.0120026 0.520025 0.659589 -0.985676 -0.483261 -2.55342 -0.406825 1.64112 0.369204
15.815 0.3 -0.012 0.52 0.300016 -0.0120026 0.520025 0.659589 -0.985676 -0.483261 -2.55342 -0.406825 1.64112 0.369207
15.816 0.3 -0.012 0.52 0.300016 -0.0120026 0.520025 0.659589 -0.985676 -0.483261 -2.55342 -0.406825 1.64112 0.36921
15.817 0.3 -0.012 0.52 0.300016 -0.0120026 0.520025 0.659589 -0.985676 -0.483261 -2.55342 -0.406825 1.64112 0.369212
15.818 0.3 -0.012 0.52 0.300016 -0.0120026 0.520025 0.659589 -0.985676 -0.483261 -2.55342 -0.406825 1.64112 0.369215
15.819 0.3 -0.012 0.52 0.300016 -0.0120026 0.520025 0.659589 -0.985676 -0.483261 -2.55342 -0.406825 1.64112 0.369218
15.82 0.3 -0.012 0.52 0.300016 -0.0120026 0.520025 0.659589 -0.985676 -0.483261 -2.55342 -0.406825 1.64112 0.369221
15.821 0.3 -0.012 0.52 0.300016 -0.0120026 0.520025 0.659589 -0.985676 -0.483261 -2.55342 -0.406825 1.64112 0.369223
15.822 0.3 -0.012 0.52 0.300016 -0.0120026 0.520025 0.659589 -0.985676 -0.483261 -2.55342 -0.406825 1.64112 0.369226
15.823 0.3 -0.012 0.52 0.300016 -0.0120026 0.520025 0.659589 -0.985676 -0.483261 -2.55342 -0.406825 1.64112 0.369229
15.824 0.3 -0.012 0.52 0.300016 -0.0120026 0.520025 0.659589 -0.985676 -0.483261 -2.55342 -0.406825 1.64112 0.369232
15.825 0.3 -0.012 0.52 0.300016 -0.0120026 0.520025 0.659589 -0.985676 -0.483261 -2.55342 -0.406825 1.64112 0.369234
15.826 0.3 -0.012 0.52 0.300016 -0.0120026 0.520025 0.659589 -0.985676 -0.483261 -2.55342 -0.406825 1.64112 0.369237
15.827 0.3 -0.012 0.52 0.300016 -0.0120026 0.520025 0.659589 -0.985676 -0.483261 -2.55342 -0.406825 1.64112 0.36924
15.828 0.3 -0.012 0.52 0.300016 -0.0120026 0.520025 0.659589 -0.985676 -0.483261 -2.55342 -0.406825 1.64112 0.369243
15.829 0.3 -0.012 0.52 0.300016 -0.0120026 0.520025 0.659589 -0.985676 -0.483261 -2.55342 -0.406825 1.64112 0.369246
15.83 0.3 -0.012 0.52 0.300016 -0.0120026 0.520025 0.659589 -0.985676 -0.483261 -2.55342 -0.406825 1.64112 0.369248
15.831 0.3 -0.012 0.52 0.300016 -0.0120026 0.520025 0.659589 -0.985676 -0.483261 -2.55342 -0.406825 1.64112 0.369251
15.832 0.3 -0.012 0.52 0.300016 -0.0120026 0.520025 0.659589 -0.985676 -0.483261 -2.55342 -0.406825 1.64112 0.369254
15.833 0.3 -0.012 0.52 0.300016 -0.0120026 0.520025 0.659589 -0.985676 -0.483261 -2.55342 -0.406825 1.64112 0.369257
15.834 0.3 -0.012 0.52 0.300016 -0.0120026 0.520025 0.659589 -0.985676 -0.483261 -2.55342 -0.406825 1.64112 0.369259
15.835 0.3 -0.012 0.52 0.300016 -0.0120026 0.520025 0.659589 -0.985676 -0.483261 -2.55342 -0.406825 1.64112 0.369262
15.836 0.3 -0.012 0.52 0.300016 -0.0120026 0.520025 0.659589 -0.985676 -0.483261 -2.55342 -0.406825 1.64112 0.369265
15.837 0.3 -0.012 0.52 0.300016 -0.0120026 0.520025 0.659589 -0.985676 -0.483261 -2.55342 -0.406825 1.64112 0.369268
15.838 0.3 -0.012 0.52 0.300016 -0.0120026 0.520025 0.659589 -0.985676 -0.483261 -2.55342 -0.406825 1.64112 0.36927
15.839 0.3 -0.012 0.52 0.300016 -0.0120026 0.520025 0.659589 -0.985676 -0.483261 -2.55342 -0.406825 1.64112 0.369273
15.84 0.3 -0.012 0.52 0.300016 -0.0120026 0.520025 0.659589 -0.985676 -0.483261 -2.55342 -0.406825 1.64112 0.369276
15.841 0.3 -0.012 0.52 0.300016 -0.0120026 0.520025 0.659589 -0.985676 -0.483261 -2.55342 -0.406825 1.64112 0.369279
15.842 0.3 -0.012 0.52 0.300016 -0.0120026 0.520025 0.659589 -0.985676 -0.483261 -2.55342 -0.406825 1.64112 0.369281
15.843 0.3 -0.012 0.52 0.300016 -0.0120026 0.520025 0.659589 -0.985676 -0.483261 -2.55342 -0.406825 1.64112 0.369284
15.844 0.3 -0.012 0.52 0.300016 -0.0120026 0.520025 0.659589 -0.985676 -0.483261 -2.55342 -0.406825 1.64112 0.369287
15.845 0.3 -0.012 0.52 0.300016 -0.0120026 0.520025 0.659589 -0.985676 -0.483261 -2.55342 -0.406825 1.64112 0.36929
15.846 0.3 -0.012 0.52 0.300016 -0.0120026 0.520025 0.659589 -0.985676 -0.483261 -2.55342 -0.406825 1.64112 0.369293
15.847 0.3 -0.012 0.52 0.300016 -0.0120026 0.520025 0.659589 -0.985676 -0.483261 -2.55342 -0.406825 1.64112 0.369295
15.848 0.3 -0.012 0.52 0.300016 -0.0120026 0.520025 0.659589 -0.985676 -0.483261 -2.55342 -0.406825 1.64112 0.369298
15.849 0.3 -0.012 0.52 0.300016 -0.0120026 0.520025 0.659589 -0.985676 -0.483261 -2.55342 -0.406825 1.64112 0.369301
15.85 0.3 -0.012 0.52 0.300016 -0.0120026 0.520025 0.659589 -0.985676 -0.483261 -2.55342 -0.406825 1.64112 0.369304
15.851 0.3 -0.012 0.52 0.300016 -0.0120026 0.520025 0.659589 -0.985676 -0.483261 -2.55342 -0.406825 1.64112 0.369306
15.852 0.3 -0.012 0.52 0.300016 -0.0120026 0.520025 0.659589 -0.985676 -0.483261 -2.55342 -0.406825 1.64112 0.369309
15.853 0.3 -0.012 0.52 0.300016 -0.0120026 0.520025 0.659589 -0.985676 -0.483261 -2.55342 -0.406825 1.64112 0.369312
15.854 0.3 -0.012 0.52 0.300016 -0.0120026 0.520025 0.659589 -0.985676 -0.483261 -2.55342 -0.406825 1.64112 0.369315
15.855 0.3 -0.012 0.52 0.300016 -0.0120026 0.520025 0.659589 -0.985676 -0.483261 -2.55342 -0.406825 1.64112 0.369317
15.856 0.3 -0.012 0.52 0.300016 -0.0120026 0.520025 0.659589 -0.985676 -0.483261 -2.55342 -0.406825 1.64112 0.36932
15.857 0.3 -0.012 0.52 0.300016 -0.0120026 0.520025 0.659589 -0.985676 -0.483261 -2.55342 -0.406825 1.64112 0.369323
15.858 0.3 -0.012 0.52 0.300016 -0.0120026 0.520025 0.659589 -0.985676 -0.483261 -2.55342 -0.406825 1.64112 0.369326
15.859 0.3 -0.012 0.52 0.300016 -0.0120026 0.520025 0.659589 -0.985676 -0.483261 -2.55342 -0.406825 1.64112 0.369328
15.86 0.3 -0.012 0.52 0.300016 -0.0120026 0.520025 0.659589 -0.985676 -0.483261 -2.55342 -0.406825 1.64112 0.369331
15.861 0.3 -0.012 0.52 0.300016 -0.0120026 0.520025 0.659589 -0.985676 -0.483261 -2.55342 -0.406825 1.64112 0.369334
15.862 0.3 -0.012 0.52 0.300016 -0.0120026 0.520025 0.659589 -0.985676 -0.483261 -2.55342 -0.406825 1.64112 0.369337
15.863 0.3 -0.012 0.52 0.300016 -0.0120026 0.520025 0.659589 -0.985676 -0.483261 -2.55342 -0.406825 1.64112 0.369339
15.864 0.3 -0.012 0.52 0.300016 -0.0120026 0.520025 0.659589 -0.985676 -0.483261 -2.55342 -0.406825 1.64112 0.369342
15.865 0.3 -0.012 0.52 0.300016 -0.0120026 0.520025 0.659589 -0.985676 -0.483261 -2.55342 -0.406825 1.64112 0.369345
15.866 0.3 -0.012 0.52 0.300016 -0.0120026 0.520025 0.659589 -0.985676 -0.483261 -2.55342 -0.406825 1.64112 0.369348
15.867 0.3 -0.012 0.52 0.300016 -0.0120026 0.520025 0.659589 -0.985676 -0.483261 -2.55342 -0.406825 1.64112 0.369351
15.868 0.3 -0.012 0.52 0.300016 -0.0120026 0.520025 0.659589 -0.985676 -0.483261 -2.55342 -0.406825 1.64112 0.369353
15.869 0.3 -0.012 0.52 0.300016 -0.0120026 0.520025 0.659589 -0.985676 -0.483261 -2.55342 -0.406825 1.64112 0.369356
15.87 0.3 -0.012 0.52 0.300016 -0.0120026 0.520025 0.659589 -0.985676 -0.483261 -2.55342 -0.406825 1.64112 0.369359
15.871 0.3 -0.012 0.52 0.300016 -0.0120026 0.520025 0.659589 -0.985676 -0.483261 -2.55342 -0.406825 1.64112 0.369362
15.872 0.3 -0.012 0.52 0.300016 -0.0120026 0.520025 0.659589 -0.985676 -0.483261 -2.55342 -0.406825 1.64112 0.369364
15.873 0.3 -0.012 0.52 0.300016 -0.0120026 0.520025 0.659589 -0.985676 -0.483261 -2.55342 -0.406825 1.64112 0.369367
15.874 0.3 -0.012 0.52 0.300016 -0.0120026 0.520025 0.659589 -0.985676 -0.483261 -2.55342 -0.406825 1.64112 0.36937
15.875 0.3 -0.012 0.52 0.300016 -0.0120026 0.520025 0.659589 -0.985676 -0.483261 -2.55342 -0.406825 1.64112 0.369373
15.876 0.3 -0.012 0.52 0.300016 -0.0120026 0.520025 0.659589 -0.985676 -0.483261 -2.55342 -0.406825 1.64112 0.369375
15.877 0.3 -0.012 0.52 0.300016 -0.0120026 0.520025 0.659589 -0.985676 -0.483261 -2.55342 -0.406825 1.64112 0.369378
15.878 0.3 -0.012 0.52 0.300016 -0.0120026 0.520025 0.659589 -0.985676 -0.483261 -2.55342 -0.406825 1.64112 0.369381
15.879 0.3 -0.012 0.52 0.300016 -0.0120026 0.520025 0.659589 -0.985676 -0.483261 -2.55342 -0.406825 1.64112 0.369384
15.88 0.3 -0.012 0.52 0.300016 -0.0120026 0.520025 0.659589 -0.985676 -0.483261 -2.55342 -0.406825 1.64112 0.369386
15.881 0.3 -0.012 0.52 0.300016 -0.0120026 0.520025 0.659589 -0.985676 -0.483261 -2.55342 -0.406825 1.64112 0.369389
15.882 0.3 -0.012 0.52 0.300016 -0.0120026 0.520025 0.659589 -0.985676 -0.483261 -2.55342 -0.406825 1.64112 0.369392
15.883 0.3 -0.012 0.52 0.300016 -0.0120026 0.520025 0.659589 -0.985676 -0.483261 -2.55342 -0.406825 1.64112 0.369395
15.884 0.3 -0.012 0.52 0.300016 -0.0120026 0.520025 0.659589 -0.985676 -0.483261 -2.55342 -0.406825 1.64112 0.369397
15.885 0.3 -0.012 0.52 0.300016 -0.0120026 0.520025 0.659589 -0.985676 -0.483261 -2.55342 -0.406825 1.64112 0.3694
15.886 0.3 -0.012 0.52 0.300016 -0.0120026 0.520025 0.659589 -0.985676 -0.483261 -2.55342 -0.406825 1.64112 0.369403
15.887 0.3 -0.012 0.52 0.300016 -0.0120026 0.520025 0.659589 -0.985676 -0.483261 -2.55342 -0.406825 1.64112 0.369406
15.888 0.3 -0.012 0.52 0.300016 -0.0120026 0.520025 0.659589 -0.985676 -0.483261 -2.55342 -0.406825 1.64112 0.369408
15.889 0.3 -0.012 0.52 0.300016 -0.0120026 0.520025 0.659589 -0.985676 -0.483261 -2.55342 -0.406825 1.64112 0.369411
15.89 0.3 -0.012 0.52 0.300016 -0.0120026 0.520025 0.659589 -0.985676 -0.483261 -2.55342 -0.406825 1.64112 0.369414
15.891 0.3 -0.012 0.52 0.300016 -0.0120026 0.520025 0.659589 -0.985676 -0.483261 -2.55342 -0.406825 1.64112 0.369417
15.892 0.3 -0.012 0.52 0.300016 -0.0120026 0.520025 0.659589 -0.985676 -0.483261 -2.55342 -0.406825 1.64112 0.369419
15.893 0.3 -0.012 0.52 0.300016 -0.0120026 0.520025 0.659589 -0.985676 -0.483261 -2.55342 -0.406825 1.64112 0.369422
15.894 0.3 -0.012 0.52 0.300016 -0.0120026 0.520025 0.659589 -0.985676 -0.483261 -2.55342 -0.406825 1.64112 0.369425
15.895 0.3 -0.012 0.52 0.300016 -0.0120026 0.520025 0.659589 -0.985676 -0.483261 -2.55342 -0.406825 1.64112 0.369428
15.896 0.3 -0.012 0.52 0.300016 -0.0120026 0.520025 0.659589 -0.985676 -0.483261 -2.55342 -0.406825 1.64112 0.36943
15.897 0.3 -0.012 0.52 0.300016 -0.0120026 0.520025 0.659589 -0.985676 -0.483261 -2.55342 -0.406825 1.64112 0.369433
15.898 0.3 -0.012 0.52 0.300016 -0.0120026 0.520025 0.659589 -0.985676 -0.483261 -2.55342 -0.406825 1.64112 0.369436
15.899 0.3 -0.012 0.52 0.300016 -0.0120026 0.520025 0.659589 -0.985676 -0.483261 -2.55342 -0.406825 1.64112 0.369439
15.9 0.3 -0.012 0.52 0.300016 -0.0120026 0.520025 0.659589 -0.985676 -0.483261 -2.55342 -0.406825 1.64112 0.369441
15.901 0.3 -0.012 0.52 0.300016 -0.0120026 0.520025 0.659589 -0.985676 -0.483261 -2.55342 -0.406825 1.64112 0.369444
15.902 0.3 -0.012 0.52 0.300016 -0.0120026 0.520025 0.659589 -0.985676 -0.483261 -2.55342 -0.406825 1.64112 0.369447
15.903 0.3 -0.012 0.52 0.300016 -0.0120026 0.520025 0.659589 -0.985676 -0.483261 -2.55342 -0.406825 1.64112 0.36945
15.904 0.3 -0.012 0.52 0.300016 -0.0120026 0.520025 0.659589 -0.985676 -0.483261 -2.55342 -0.406825 1.64112 0.369452
15.905 0.3 -0.012 0.52 0.300016 -0.0120026 0.520025 0.659589 -0.985676 -0.483261 -2.55342 -0.406825 1.64112 0.369455
15.906 0.3 -0.012 0.52 0.300016 -0.0120026 0.520025 0.659589 -0.985676 -0.483261 -2.55342 -0.406825 1.64112 0.369458
15.907 0.3 -0.012 0.52 0.300016 -0.0120026 0.520025 0.659589 -0.985676 -0.483261 -2.55342 -0.406825 1.64112 0.369461
15.908 0.3 -0.012 0.52 0.300016 -0.0120026 0.520025 0.659589 -0.985676 -0.483261 -2.55342 -0.406825 1.64112 0.369464
15.909 0.3 -0.012 0.52 0.300016 -0.0120026 0.520025 0.659589 -0.985676 -0.483261 -2.55342 -0.406825 1.64112 0.369466
15.91 0.3 -0.012 0.52 0.300016 -0.0120026 0.520025 0.659589 -0.985676 -0.483261 -2.55342 -0.406825 1.64112 0.369469
15.911 0.3 -0.012 0.52 0.300016 -0.0120026 0.520025 0.659589 -0.985676 -0.483261 -2.55342 -0.406825 1.64112 0.369472
15.912 0.3 -0.012 0.52 0.300016 -0.0120026 0.520025 0.659589 -0.985676 -0.483261 -2.55342 -0.406825 1.64112 0.369475
15.913 0.3 -0.012 0.52 0.300016 -0.0120026 0.520025 0.659589 -0.985676 -0.483261 -2.55342 -0.406825 1.64112 0.369477
15.914 0.3 -0.012 0.52 0.300016 -0.0120026 0.520025 0.659589 -0.985676 -0.483261 -2.55342 -0.406825 1.64112 0.36948
15.915 0.3 -0.012 0.52 0.300016 -0.0120026 0.520025 0.659589 -0.985676 -0.483261 -2.55342 -0.406825 1.64112 0.369483
15.916 0.3 -0.012 0.52 0.300016 -0.0120026 0.520025 0.659589 -0.985676 -0.483261 -2.55342 -0.406825 1.64112 0.369486
15.917 0.3 -0.012 0.52 0.300016 -0.0120026 0.520025 0.659589 -0.985676 -0.483261 -2.55342 -0.406825 1.64112 0.369488
15.918 0.3 -0.012 0.52 0.300016 -0.0120026 0.520025 0.659589 -0.985676 -0.483261 -2.55342 -0.406825 1.64112 0.369491
15.919 0.3 -0.012 0.52 0.300016 -0.0120026 0.520025 0.659589 -0.985676 -0.483261 -2.55342 -0.406825 1.64112 0.369494
15.92 0.3 -0.012 0.52 0.300016 -0.0120026 0.520025 0.659589 -0.985676 -0.483261 -2.55342 -0.406825 1.64112 0.369497
15.921 0.3 -0.012 0.52 0.300016 -0.0120026 0.520025 0.659589 -0.985676 -0.483261 -2.55342 -0.406825 1.64112 0.369499
15.922 0.3 -0.012 0.52 0.300016 -0.0120026 0.520025 0.659589 -0.985676 -0.483261 -2.55342 -0.406825 1.64112 0.369502
15.923 0.3 -0.012 0.52 0.300016 -0.0120026 0.520025 0.659589 -0.985676 -0.483261 -2.55342 -0.406825 1.64112 0.369505
15.924 0.3 -0.012 0.52 0.300016 -0.0120026 0.520025 0.659589 -0.985676 -0.483261 -2.55342 -0.406825 1.64112 0.369508
15.925 0.3 -0.012 0.52 0.300016 -0.0120026 0.520025 0.659589 -0.985676 -0.483261 -2.55342 -0.406825 1.64112 0.36951
15.926 0.3 -0.012 0.52 0.300016 -0.0120026 0.520025 0.659589 -0.985676 -0.483261 -2.55342 -0.406825 1.64112 0.369513
15.927 0.3 -0.012 0.52 0.300016 -0.0120026 0.520025 0.659589 -0.985676 -0.483261 -2.55342 -0.406825 1.64112 0.369516
15.928 0.3 -0.012 0.52 0.300016 -0.0120026 0.520025 0.659589 -0.985676 -0.483261 -2.55342 -0.406825 1.64112 0.369519
15.929 0.3 -0.012 0.52 0.300016 -0.0120026 0.520025 0.659589 -0.985676 -0.483261 -2.55342 -0.406825 1.64112 0.369521
15.93 0.3 -0.012 0.52 0.300016 -0.0120026 0.520025 0.659589 -0.985676 -0.483261 -2.55342 -0.406825 1.64112 0.369524
15.931 0.3 -0.012 0.52 0.300016 -0.0120026 0.520025 0.659589 -0.985676 -0.483261 -2.55342 -0.406825 1.64112 0.369527
15.932 0.3 -0.012 0.52 0.300016 -0.0120026 0.520025 0.659589 -0.985676 -0.483261 -2.55342 -0.406825 1.64112 0.36953
15.933 0.3 -0.012 0.52 0.300016 -0.0120026 0.520025 0.659589 -0.985676 -0.483261 -2.55342 -0.406825 1.64112 0.369532
15.934 0.3 -0.012 0.52 0.300016 -0.0120026 0.520025 0.659589 -0.985676 -0.483261 -2.55342 -0.406825 1.64112 0.369535
