playtime q_target_4 q_joint_4 q_error_4 tau_desired_4 q_joint_1 q_joint_2 q_joint_3 q_joint_4 q_joint_5 q_joint_6 q_joint_7
23.165 -0.523583 -0.523583 0 5.65462 -9.88364e-08 8.05487e-06 -4.65338e-06 -0.523583 8.88224e-06 1.57079 -0.00200638
23.166 -0.523584 -0.523584 -2.16686e-08 5.65108 -1.00384e-07 7.93101e-06 -4.67145e-06 -0.523584 8.96114e-06 1.57079 -0.00200628
23.167 -0.523584 -0.523584 -3.84093e-07 5.64764 -1.02233e-07 7.80529e-06 -4.68814e-06 -0.523584 9.03272e-06 1.57079 -0.00200619
23.168 -0.523585 -0.523584 -1.07441e-06 5.64429 -1.04409e-07 7.67206e-06 -4.70379e-06 -0.523584 9.09742e-06 1.57079 -0.00200611
23.169 -0.523586 -0.523584 -2.08029e-06 5.64104 -1.06944e-07 7.5259e-06 -4.7187e-06 -0.523584 9.15563e-06 1.57079 -0.00200603
23.17 -0.523588 -0.523584 -3.38988e-06 5.63787 -1.09877e-07 7.36164e-06 -4.73314e-06 -0.523584 9.20774e-06 1.57079 -0.00200597
23.171 -0.52359 -0.523585 -4.99182e-06 5.63479 -1.1325e-07 7.17435e-06 -4.74737e-06 -0.523585 9.25411e-06 1.57079 -0.00200591
23.172 -0.523592 -0.523585 -6.87518e-06 5.63179 -1.1711e-07 6.95928e-06 -4.76161e-06 -0.523585 9.29509e-06 1.57079 -0.00200586
23.173 -0.523595 -0.523586 -9.02951e-06 5.62887 -1.21506e-07 6.71192e-06 -4.77607e-06 -0.523586 9.331e-06 1.57079 -0.00200581
23.174 -0.523598 -0.523586 -1.14447e-05 5.62603 -1.26488e-07 6.42796e-06 -4.79095e-06 -0.523586 9.36217e-06 1.57079 -0.00200577
23.175 -0.523601 -0.523587 -1.41112e-05 5.62326 -1.32109e-07 6.10327e-06 -4.80641e-06 -0.523587 9.38888e-06 1.57079 -0.00200573
23.176 -0.523605 -0.523588 -1.70197e-05 5.62056 -1.38422e-07 5.73392e-06 -4.82261e-06 -0.523588 9.41143e-06 1.57079 -0.00200569
23.177 -0.523609 -0.523588 -2.01612e-05 5.61792 -1.4548e-07 5.31615e-06 -4.8397e-06 -0.523588 9.43009e-06 1.57079 -0.00200566
23.178 -0.523613 -0.523589 -2.35273e-05 5.61535 -1.53336e-07 4.84637e-06 -4.85779e-06 -0.523589 9.4451e-06 1.57079 -0.00200563
23.179 -0.523618 -0.52359 -2.71097e-05 5.61284 -1.62041e-07 4.32116e-06 -4.877e-06 -0.52359 9.45674e-06 1.57079 -0.0020056
23.18 -0.523623 -0.523592 -3.09006e-05 5.61039 -1.71648e-07 3.73726e-06 -4.89743e-06 -0.523592 9.46521e-06 1.57079 -0.00200558
23.181 -0.523628 -0.523593 -3.48924e-05 5.608 -1.82205e-07 3.09155e-06 -4.91918e-06 -0.523593 9.47076e-06 1.57079 -0.00200555
23.182 -0.523634 -0.523595 -3.90778e-05 5.60566 -1.93761e-07 2.38109e-06 -4.94233e-06 -0.523595 9.47359e-06 1.57079 -0.00200553
23.183 -0.52364 -0.523596 -4.34498e-05 5.60337 -2.06362e-07 1.60303e-06 -4.96693e-06 -0.523596 9.4739e-06 1.57079 -0.00200551
23.184 -0.523646 -0.523598 -4.80018e-05 5.60114 -2.20052e-07 7.54704e-07 -4.99307e-06 -0.523598 9.4719e-06 1.57079 -0.00200548
23.185 -0.523653 -0.5236 -5.27273e-05 5.59895 -2.34875e-07 -1.66454e-07 -5.02078e-06 -0.5236 9.46776e-06 1.57079 -0.00200546
23.186 -0.52366 -0.523602 -5.76202e-05 5.59681 -2.50869e-07 -1.16287e-06 -5.05012e-06 -0.523602 9.46166e-06 1.57079 -0.00200544
23.187 -0.523668 -0.523605 -6.26745e-05 5.59472 -2.68073e-07 -2.23687e-06 -5.08113e-06 -0.523605 9.45378e-06 1.57079 -0.00200542
23.188 -0.523675 -0.523607 -6.78844e-05 5.59267 -2.8652e-07 -3.39063e-06 -5.11384e-06 -0.523607 9.44426e-06 1.57079 -0.0020054
23.189 -0.523683 -0.52361 -7.32447e-05 5.59066 -3.06246e-07 -4.62624e-06 -5.14827e-06 -0.52361 9.43327e-06 1.57079 -0.00200537
23.19 -0.523692 -0.523613 -7.87499e-05 5.58869 -3.27278e-07 -5.94568e-06 -5.18445e-06 -0.523613 9.42095e-06 1.57079 -0.00200535
23.191 -0.523701 -0.523616 -8.4395e-05 5.58676 -3.49645e-07 -7.35083e-06 -5.2224e-06 -0.523616 9.40743e-06 1.57079 -0.00200533
23.192 -0.52371 -0.52362 -9.01752e-05 5.58487 -3.73373e-07 -8.84345e-06 -5.26211e-06 -0.52362 9.39286e-06 1.57079 -0.0020053
23.193 -0.523719 -0.523623 -9.60858e-05 5.58301 -3.98483e-07 -1.04252e-05 -5.30361e-06 -0.523623 9.37736e-06 1.57079 -0.00200528
23.194 -0.523729 -0.523627 -0.000102122 5.58119 -4.24995e-07 -1.20978e-05 -5.34689e-06 -0.523627 9.36105e-06 1.57079 -0.00200526
23.195 -0.52374 -0.523631 -0.000108281 5.5794 -4.52927e-07 -1.38625e-05 -5.39196e-06 -0.523631 9.34404e-06 1.57079 -0.00200523
23.196 -0.52375 -0.523635 -0.000114556 5.57764 -4.82293e-07 -1.5721e-05 -5.4388e-06 -0.523635 9.32645e-06 1.57079 -0.0020052
23.197 -0.523761 -0.52364 -0.000120946 5.57592 -5.13107e-07 -1.76744e-05 -5.48741e-06 -0.52364 9.30838e-06 1.57079 -0.00200518
23.198 -0.523772 -0.523645 -0.000127445 5.57422 -5.45378e-07 -1.97241e-05 -5.53778e-06 -0.523645 9.28994e-06 1.57079 -0.00200515
23.199 -0.523784 -0.52365 -0.00013405 5.57255 -5.79114e-07 -2.18712e-05 -5.58989e-06 -0.52365 9.27121e-06 1.57079 -0.00200512
23.2 -0.523796 -0.523655 -0.000140758 5.57091 -6.1432e-07 -2.41169e-05 -5.64373e-06 -0.523655 9.25229e-06 1.57079 -0.00200509
23.201 -0.523808 -0.52366 -0.000147564 5.56929 -6.50999e-07 -2.64621e-05 -5.69928e-06 -0.52366 9.23326e-06 1.57079 -0.00200505
23.202 -0.52382 -0.523666 -0.000154467 5.56771 -6.89153e-07 -2.8908e-05 -5.75652e-06 -0.523666 9.21422e-06 1.57079 -0.00200502
23.203 -0.523833 -0.523672 -0.000161463 5.56614 -7.2878e-07 -3.14552e-05 -5.81542e-06 -0.523672 9.19523e-06 1.5708 -0.00200499
23.204 -0.523847 -0.523678 -0.000168549 5.5646 -7.69877e-07 -3.41048e-05 -5.87596e-06 -0.523678 9.17638e-06 1.5708 -0.00200495
23.205 -0.52386 -0.523685 -0.000175721 5.56308 -8.12439e-07 -3.68574e-05 -5.93811e-06 -0.523685 9.15774e-06 1.5708 -0.00200491
23.206 -0.523874 -0.523691 -0.000182978 5.56159 -8.56458e-07 -3.97139e-05 -6.00184e-06 -0.523691 9.13937e-06 1.5708 -0.00200488
23.207 -0.523888 -0.523698 -0.000190317 5.56011 -9.01925e-07 -4.26749e-05 -6.06713e-06 -0.523698 9.12135e-06 1.5708 -0.00200484
23.208 -0.523903 -0.523705 -0.000197734 5.55866 -9.4883e-07 -4.5741e-05 -6.13394e-06 -0.523705 9.10373e-06 1.5708 -0.0020048
23.209 -0.523918 -0.523713 -0.000205228 5.55722 -9.9716e-07 -4.89128e-05 -6.20224e-06 -0.523713 9.08657e-06 1.5708 -0.00200476
23.21 -0.523933 -0.523721 -0.000212796 5.55581 -1.0469e-06 -5.21908e-05 -6.27199e-06 -0.523721 9.06994e-06 1.5708 -0.00200471
23.211 -0.523949 -0.523729 -0.000220437 5.55441 -1.09804e-06 -5.55754e-05 -6.34316e-06 -0.523729 9.05389e-06 1.5708 -0.00200467
23.212 -0.523965 -0.523737 -0.000228147 5.55303 -1.15055e-06 -5.90672e-05 -6.41571e-06 -0.523737 9.03846e-06 1.5708 -0.00200462
23.213 -0.523981 -0.523745 -0.000235925 5.55167 -1.20442e-06 -6.26664e-05 -6.48961e-06 -0.523745 9.02371e-06 1.5708 -0.00200458
23.214 -0.523998 -0.523754 -0.000243768 5.55032 -1.25963e-06 -6.63735e-05 -6.56482e-06 -0.523754 9.00969e-06 1.5708 -0.00200453
23.215 -0.524015 -0.523763 -0.000251675 5.54899 -1.31616e-06 -7.01888e-05 -6.64129e-06 -0.523763 8.99644e-06 1.5708 -0.00200448
23.216 -0.524032 -0.523773 -0.000259645 5.54768 -1.37398e-06 -7.41124e-05 -6.719e-06 -0.523773 8.984e-06 1.5708 -0.00200443
23.217 -0.52405 -0.523782 -0.000267674 5.54638 -1.43307e-06 -7.81446e-05 -6.7979e-06 -0.523782 8.97242e-06 1.5708 -0.00200437
23.218 -0.524068 -0.523792 -0.000275762 5.54509 -1.49341e-06 -8.22857e-05 -6.87795e-06 -0.523792 8.96172e-06 1.57081 -0.00200432
23.219 -0.524086 -0.523802 -0.000283907 5.54382 -1.55497e-06 -8.65357e-05 -6.95912e-06 -0.523802 8.95196e-06 1.57081 -0.00200427
23.22 -0.524105 -0.523813 -0.000292108 5.54256 -1.61771e-06 -9.08949e-05 -7.04134e-06 -0.523813 8.94316e-06 1.57081 -0.00200421
23.221 -0.524124 -0.523824 -0.000300361 5.54132 -1.68162e-06 -9.53632e-05 -7.1246e-06 -0.523824 8.93536e-06 1.57081 -0.00200415
23.222 -0.524143 -0.523835 -0.000308668 5.54009 -1.74667e-06 -9.99408e-05 -7.20885e-06 -0.523835 8.92859e-06 1.57081 -0.00200409
23.223 -0.524163 -0.523846 -0.000317025 5.53887 -1.81282e-06 -0.000104628 -7.29403e-06 -0.523846 8.92289e-06 1.57081 -0.00200403
23.224 -0.524183 -0.523858 -0.000325432 5.53766 -1.88004e-06 -0.000109424 -7.38012e-06 -0.523858 8.91827e-06 1.57081 -0.00200397
23.225 -0.524203 -0.52387 -0.000333887 5.53646 -1.9483e-06 -0.000114329 -7.46707e-06 -0.52387 8.91476e-06 1.57081 -0.00200391
23.226 -0.524224 -0.523882 -0.000342389 5.53527 -2.01758e-06 -0.000119344 -7.55483e-06 -0.523882 8.9124e-06 1.57081 -0.00200384
23.227 -0.524245 -0.523894 -0.000350937 5.5341 -2.08783e-06 -0.000124467 -7.64336e-06 -0.523894 8.9112e-06 1.57081 -0.00200378
23.228 -0.524267 -0.523907 -0.00035953 5.53293 -2.15902e-06 -0.0001297 -7.73263e-06 -0.523907 8.9112e-06 1.57081 -0.00200371
23.229 -0.524288 -0.52392 -0.000368166 5.53178 -2.23113e-06 -0.000135042 -7.82258e-06 -0.52392 8.9124e-06 1.57081 -0.00200364
23.23 -0.52431 -0.523933 -0.000376845 5.53063 -2.30411e-06 -0.000140492 -7.91318e-06 -0.523933 8.91484e-06 1.57081 -0.00200357
23.231 -0.524333 -0.523947 -0.000385566 5.52949 -2.37793e-06 -0.000146051 -8.00438e-06 -0.523947 8.91853e-06 1.57081 -0.0020035
23.232 -0.524355 -0.523961 -0.000394327 5.52837 -2.45255e-06 -0.000151719 -8.09614e-06 -0.523961 8.92349e-06 1.57082 -0.00200343
23.233 -0.524378 -0.523975 -0.000403128 5.52725 -2.52794e-06 -0.000157494 -8.18842e-06 -0.523975 8.92974e-06 1.57082 -0.00200335
23.234 -0.524402 -0.52399 -0.000411967 5.52614 -2.60406e-06 -0.000163378 -8.28117e-06 -0.52399 8.93729e-06 1.57082 -0.00200328
23.235 -0.524425 -0.524005 -0.000420845 5.52504 -2.68088e-06 -0.000169369 -8.37436e-06 -0.524005 8.94616e-06 1.57082 -0.0020032
23.236 -0.524449 -0.52402 -0.000429759 5.52394 -2.75836e-06 -0.000175468 -8.46793e-06 -0.52402 8.95637e-06 1.57082 -0.00200312
23.237 -0.524474 -0.524035 -0.00043871 5.52286 -2.83646e-06 -0.000181674 -8.56185e-06 -0.524035 8.96792e-06 1.57082 -0.00200304
23.238 -0.524498 -0.524051 -0.000447696 5.52178 -2.91515e-06 -0.000187986 -8.65607e-06 -0.524051 8.98084e-06 1.57082 -0.00200296
23.239 -0.524524 -0.524067 -0.000456717 5.52071 -2.99438e-06 -0.000194406 -8.75056e-06 -0.524067 8.99513e-06 1.57082 -0.00200288
23.24 -0.524549 -0.524083 -0.000465772 5.51965 -3.07412e-06 -0.000200931 -8.84527e-06 -0.524083 9.0108e-06 1.57082 -0.00200279
23.241 -0.524575 -0.5241 -0.00047486 5.51859 -3.15434e-06 -0.000207563 -8.94016e-06 -0.5241 9.02787e-06 1.57082 -0.00200271
23.242 -0.524601 -0.524117 -0.00048398 5.51755 -3.23499e-06 -0.0002143 -9.0352e-06 -0.524117 9.04634e-06 1.57082 -0.00200262
23.243 -0.524627 -0.524134 -0.000493133 5.5165 -3.31603e-06 -0.000221142 -9.13033e-06 -0.524134 9.06622e-06 1.57082 -0.00200254
23.244 -0.524654 -0.524151 -0.000502317 5.51547 -3.39744e-06 -0.00022809 -9.22552e-06 -0.524151 9.08753e-06 1.57083 -0.00200245
23.245 -0.524681 -0.524169 -0.000511532 5.51444 -3.47916e-06 -0.000235141 -9.32072e-06 -0.524169 9.11026e-06 1.57083 -0.00200236
23.246 -0.524708 -0.524187 -0.000520778 5.51342 -3.56117e-06 -0.000242297 -9.41591e-06 -0.524187 9.13444e-06 1.57083 -0.00200226
23.247 -0.524736 -0.524206 -0.000530052 5.5124 -3.64342e-06 -0.000249556 -9.51104e-06 -0.524206 9.16005e-06 1.57083 -0.00200217
23.248 -0.524764 -0.524224 -0.000539356 5.51139 -3.72588e-06 -0.000256918 -9.60606e-06 -0.524224 9.18712e-06 1.57083 -0.00200208
23.249 -0.524792 -0.524243 -0.000548689 5.51039 -3.80851e-06 -0.000264383 -9.70095e-06 -0.524243 9.21563e-06 1.57083 -0.00200198
23.25 -0.524821 -0.524263 -0.00055805 5.50939 -3.89128e-06 -0.00027195 -9.79566e-06 -0.524263 9.24561e-06 1.57083 -0.00200188
23.251 -0.52485 -0.524282 -0.000567438 5.5084 -3.97413e-06 -0.000279619 -9.89016e-06 -0.524282 9.27705e-06 1.57083 -0.00200178
23.252 -0.524879 -0.524302 -0.000576854 5.50741 -4.05705e-06 -0.00028739 -9.9844e-06 -0.524302 9.30996e-06 1.57083 -0.00200168
23.253 -0.524909 -0.524322 -0.000586296 5.50643 -4.13999e-06 -0.000295261 -1.00784e-05 -0.524322 9.34434e-06 1.57083 -0.00200158
23.254 -0.524939 -0.524343 -0.000595765 5.50546 -4.22291e-06 -0.000303233 -1.0172e-05 -0.524343 9.38019e-06 1.57083 -0.00200148
23.255 -0.524969 -0.524364 -0.000605259 5.50449 -4.30577e-06 -0.000311305 -1.02652e-05 -0.524364 9.41752e-06 1.57083 -0.00200138
23.256 -0.525 -0.524385 -0.000614779 5.50352 -4.38855e-06 -0.000319476 -1.03581e-05 -0.524385 9.45632e-06 1.57083 -0.00200127
23.257 -0.525031 -0.524406 -0.000624324 5.50256 -4.4712e-06 -0.000327746 -1.04505e-05 -0.524406 9.49661e-06 1.57084 -0.00200117
23.258 -0.525062 -0.524428 -0.000633894 5.50161 -4.55369e-06 -0.000336115 -1.05425e-05 -0.524428 9.53837e-06 1.57084 -0.00200106
23.259 -0.525093 -0.52445 -0.000643488 5.50066 -4.63598e-06 -0.000344581 -1.06339e-05 -0.52445 9.58162e-06 1.57084 -0.00200095
23.26 -0.525125 -0.524472 -0.000653107 5.49971 -4.71804e-06 -0.000353145 -1.07248e-05 -0.524472 9.62634e-06 1.57084 -0.00200084
23.261 -0.525158 -0.524495 -0.000662749 5.49877 -4.79983e-06 -0.000361805 -1.08152e-05 -0.524495 9.67255e-06 1.57084 -0.00200073
23.262 -0.52519 -0.524518 -0.000672414 5.49784 -4.88131e-06 -0.000370562 -1.09049e-05 -0.524518 9.72025e-06 1.57084 -0.00200061
23.263 -0.525223 -0.524541 -0.000682102 5.49691 -4.96246e-06 -0.000379415 -1.0994e-05 -0.524541 9.76942e-06 1.57084 -0.0020005
23.264 -0.525256 -0.524565 -0.000691813 5.49598 -5.04324e-06 -0.000388363 -1.10824e-05 -0.524565 9.82007e-06 1.57084 -0.00200038
23.265 -0.52529 -0.524589 -0.000701546 5.49506 -5.12361e-06 -0.000397405 -1.11701e-05 -0.524589 9.8722e-06 1.57084 -0.00200027
23.266 -0.525324 -0.524613 -0.000711302 5.49415 -5.20354e-06 -0.000406542 -1.12571e-05 -0.524613 9.92581e-06 1.57084 -0.00200015
23.267 -0.525358 -0.524637 -0.000721079 5.49324 -5.28299e-06 -0.000415772 -1.13433e-05 -0.524637 9.9809e-06 1.57084 -0.00200003
23.268 -0.525393 -0.524662 -0.000730878 5.49233 -5.36194e-06 -0.000425095 -1.14287e-05 -0.524662 1.00375e-05 1.57084 -0.00199991
23.269 -0.525428 -0.524687 -0.000740698 5.49143 -5.44035e-06 -0.00043451 -1.15133e-05 -0.524687 1.00955e-05 1.57085 -0.00199978
23.27 -0.525463 -0.524712 -0.000750539 5.49053 -5.51819e-06 -0.000444017 -1.1597e-05 -0.524712 1.0155e-05 1.57085 -0.00199966
23.271 -0.525498 -0.524738 -0.0007604 5.48964 -5.59543e-06 -0.000453616 -1.16798e-05 -0.524738 1.0216e-05 1.57085 -0.00199954
23.272 -0.525534 -0.524764 -0.000770283 5.48875 -5.67203e-06 -0.000463305 -1.17617e-05 -0.524764 1.02784e-05 1.57085 -0.00199941
23.273 -0.52557 -0.52479 -0.000780185 5.48786 -5.74797e-06 -0.000473084 -1.18427e-05 -0.52479 1.03423e-05 1.57085 -0.00199928
23.274 -0.525607 -0.524817 -0.000790108 5.48698 -5.82321e-06 -0.000482953 -1.19226e-05 -0.524817 1.04076e-05 1.57085 -0.00199915
23.275 -0.525644 -0.524844 -0.00080005 5.48611 -5.89772e-06 -0.00049291 -1.20016e-05 -0.524844 1.04744e-05 1.57085 -0.00199902
23.276 -0.525681 -0.524871 -0.000810012 5.48524 -5.97148e-06 -0.000502956 -1.20796e-05 -0.524871 1.05427e-05 1.57085 -0.00199889
23.277 -0.525718 -0.524898 -0.000819993 5.48437 -6.04445e-06 -0.00051309 -1.21564e-05 -0.524898 1.06124e-05 1.57085 -0.00199876
23.278 -0.525756 -0.524926 -0.000829993 5.48351 -6.11661e-06 -0.00052331 -1.22322e-05 -0.524926 1.06835e-05 1.57085 -0.00199862
23.279 -0.525794 -0.524954 -0.000840012 5.48265 -6.18792e-06 -0.000533617 -1.23069e-05 -0.524954 1.07561e-05 1.57085 -0.00199849
23.28 -0.525833 -0.524983 -0.000850049 5.4818 -6.25836e-06 -0.00054401 -1.23805e-05 -0.524983 1.08301e-05 1.57085 -0.00199835
23.281 -0.525872 -0.525011 -0.000860106 5.48095 -6.3279e-06 -0.000554488 -1.24529e-05 -0.525011 1.09055e-05 1.57086 -0.00199821
23.282 -0.525911 -0.52504 -0.00087018 5.4801 -6.39652e-06 -0.000565051 -1.25241e-05 -0.52504 1.09823e-05 1.57086 -0.00199808
23.283 -0.52595 -0.52507 -0.000880272 5.47926 -6.46418e-06 -0.000575698 -1.25941e-05 -0.52507 1.10606e-05 1.57086 -0.00199793
23.284 -0.52599 -0.525099 -0.000890383 5.47842 -6.53086e-06 -0.000586428 -1.26629e-05 -0.525099 1.11403e-05 1.57086 -0.00199779
23.285 -0.52603 -0.525129 -0.000900511 5.47759 -6.59653e-06 -0.000597241 -1.27304e-05 -0.525129 1.12214e-05 1.57086 -0.00199765
23.286 -0.52607 -0.52516 -0.000910656 5.47676 -6.66117e-06 -0.000608136 -1.27967e-05 -0.52516 1.13039e-05 1.57086 -0.00199751
23.287 -0.526111 -0.52519 -0.000920819 5.47594 -6.72475e-06 -0.000619113 -1.28616e-05 -0.52519 1.13877e-05 1.57086 -0.00199736
23.288 -0.526152 -0.525221 -0.000930998 5.47512 -6.78726e-06 -0.00063017 -1.29253e-05 -0.525221 1.1473e-05 1.57086 -0.00199721
23.289 -0.526193 -0.525252 -0.000941195 5.47431 -6.84865e-06 -0.000641308 -1.29875e-05 -0.525252 1.15597e-05 1.57086 -0.00199706
23.29 -0.526235 -0.525283 -0.000951409 5.4735 -6.90892e-06 -0.000652526 -1.30485e-05 -0.525283 1.16477e-05 1.57086 -0.00199691
23.291 -0.526277 -0.525315 -0.000961638 5.47269 -6.96803e-06 -0.000663823 -1.3108e-05 -0.525315 1.17371e-05 1.57086 -0.00199676
23.292 -0.526319 -0.525347 -0.000971885 5.47189 -7.02596e-06 -0.000675198 -1.31661e-05 -0.525347 1.18279e-05 1.57086 -0.00199661
23.293 -0.526362 -0.52538 -0.000982147 5.47109 -7.08269e-06 -0.000686651 -1.32228e-05 -0.52538 1.192e-05 1.57087 -0.00199646
23.294 -0.526405 -0.525412 -0.000992426 5.4703 -7.13821e-06 -0.000698181 -1.32781e-05 -0.525412 1.20135e-05 1.57087 -0.0019963
23.295 -0.526448 -0.525445 -0.00100272 5.46951 -7.19248e-06 -0.000709787 -1.33319e-05 -0.525445 1.21083e-05 1.57087 -0.00199615
23.296 -0.526492 -0.525478 -0.00101303 5.46872 -7.24548e-06 -0.00072147 -1.33843e-05 -0.525478 1.22045e-05 1.57087 -0.00199599
23.297 -0.526535 -0.525512 -0.00102336 5.46794 -7.2972e-06 -0.000733227 -1.34351e-05 -0.525512 1.2302e-05 1.57087 -0.00199583
23.298 -0.52658 -0.525546 -0.0010337 5.46717 -7.34762e-06 -0.00074506 -1.34844e-05 -0.525546 1.24008e-05 1.57087 -0.00199567
23.299 -0.526624 -0.52558 -0.00104405 5.4664 -7.39671e-06 -0.000756966 -1.35322e-05 -0.52558 1.25009e-05 1.57087 -0.00199551
23.3 -0.526669 -0.525615 -0.00105442 5.46563 -7.44445e-06 -0.000768946 -1.35785e-05 -0.525615 1.26024e-05 1.57087 -0.00199535
23.301 -0.526714 -0.525649 -0.00106481 5.46487 -7.49084e-06 -0.000780998 -1.36232e-05 -0.525649 1.27051e-05 1.57087 -0.00199519
23.302 -0.52676 -0.525684 -0.00107521 5.46411 -7.53584e-06 -0.000793123 -1.36663e-05 -0.525684 1.28092e-05 1.57087 -0.00199502
23.303 -0.526805 -0.52572 -0.00108562 5.46336 -7.57944e-06 -0.000805319 -1.37078e-05 -0.52572 1.29145e-05 1.57087 -0.00199486
23.304 -0.526852 -0.525756 -0.00109605 5.46261 -7.62162e-06 -0.000817585 -1.37477e-05 -0.525756 1.30212e-05 1.57087 -0.00199469
23.305 -0.526898 -0.525791 -0.0011065 5.46186 -7.66236e-06 -0.000829922 -1.3786e-05 -0.525791 1.31291e-05 1.57088 -0.00199452
23.306 -0.526945 -0.525828 -0.00111695 5.46112 -7.70166e-06 -0.000842329 -1.38227e-05 -0.525828 1.32382e-05 1.57088 -0.00199435
23.307 -0.526992 -0.525864 -0.00112743 5.46039 -7.73948e-06 -0.000854804 -1.38577e-05 -0.525864 1.33486e-05 1.57088 -0.00199418
23.308 -0.527039 -0.525901 -0.00113791 5.45966 -7.77582e-06 -0.000867348 -1.3891e-05 -0.525901 1.34603e-05 1.57088 -0.00199401
23.309 -0.527087 -0.525938 -0.00114841 5.45893 -7.81067e-06 -0.000879959 -1.39227e-05 -0.525938 1.35732e-05 1.57088 -0.00199383
23.31 -0.527135 -0.525976 -0.00115892 5.45821 -7.84399e-06 -0.000892637 -1.39527e-05 -0.525976 1.36874e-05 1.57088 -0.00199366
23.311 -0.527183 -0.526014 -0.00116945 5.45749 -7.87579e-06 -0.000905382 -1.3981e-05 -0.526014 1.38028e-05 1.57088 -0.00199348
23.312 -0.527232 -0.526052 -0.00117999 5.45678 -7.90604e-06 -0.000918192 -1.40076e-05 -0.526052 1.39194e-05 1.57088 -0.0019933
23.313 -0.527281 -0.52609 -0.00119054 5.45607 -7.93474e-06 -0.000931068 -1.40325e-05 -0.52609 1.40372e-05 1.57088 -0.00199313
23.314 -0.52733 -0.526129 -0.0012011 5.45537 -7.96186e-06 -0.000944008 -1.40556e-05 -0.526129 1.41563e-05 1.57088 -0.00199295
23.315 -0.52738 -0.526168 -0.00121168 5.45467 -7.9874e-06 -0.000957011 -1.4077e-05 -0.526168 1.42765e-05 1.57088 -0.00199277
23.316 -0.52743 -0.526207 -0.00122226 5.45398 -8.01135e-06 -0.000970078 -1.40967e-05 -0.526207 1.43979e-05 1.57088 -0.00199258
23.317 -0.52748 -0.526247 -0.00123287 5.45329 -8.03368e-06 -0.000983207 -1.41146e-05 -0.526247 1.45205e-05 1.57089 -0.0019924
23.318 -0.52753 -0.526287 -0.00124348 5.45261 -8.0544e-06 -0.000996399 -1.41307e-05 -0.526287 1.46443e-05 1.57089 -0.00199221
23.319 -0.527581 -0.526327 -0.0012541 5.45193 -8.07348e-06 -0.00100965 -1.41451e-05 -0.526327 1.47692e-05 1.57089 -0.00199203
23.32 -0.527632 -0.526368 -0.00126474 5.45126 -8.09092e-06 -0.00102296 -1.41577e-05 -0.526368 1.48953e-05 1.57089 -0.00199184
23.321 -0.527684 -0.526408 -0.00127539 5.45059 -8.10671e-06 -0.00103634 -1.41684e-05 -0.526408 1.50225e-05 1.57089 -0.00199165
23.322 -0.527736 -0.52645 -0.00128605 5.44993 -8.12083e-06 -0.00104977 -1.41774e-05 -0.52645 1.51509e-05 1.57089 -0.00199146
23.323 -0.527788 -0.526491 -0.00129672 5.44927 -8.13328e-06 -0.00106326 -1.41846e-05 -0.526491 1.52804e-05 1.57089 -0.00199127
23.324 -0.52784 -0.526533 -0.0013074 5.44862 -8.14405e-06 -0.00107681 -1.419e-05 -0.526533 1.54111e-05 1.57089 -0.00199108
23.325 -0.527893 -0.526575 -0.00131809 5.44797 -8.15313e-06 -0.00109042 -1.41935e-05 -0.526575 1.55428e-05 1.57089 -0.00199089
23.326 -0.527946 -0.526617 -0.0013288 5.44733 -8.1605e-06 -0.00110408 -1.41952e-05 -0.526617 1.56757e-05 1.57089 -0.00199069
23.327 -0.527999 -0.52666 -0.00133951 5.44669 -8.16617e-06 -0.0011178 -1.41951e-05 -0.52666 1.58096e-05 1.57089 -0.0019905
23.328 -0.528053 -0.526703 -0.00135024 5.44606 -8.17012e-06 -0.00113158 -1.41932e-05 -0.526703 1.59446e-05 1.57089 -0.0019903
23.329 -0.528107 -0.526746 -0.00136097 5.44543 -8.17235e-06 -0.00114541 -1.41894e-05 -0.526746 1.60808e-05 1.5709 -0.0019901
23.33 -0.528161 -0.526789 -0.00137172 5.44481 -8.17285e-06 -0.00115929 -1.41838e-05 -0.526789 1.6218e-05 1.5709 -0.0019899
23.331 -0.528216 -0.526833 -0.00138247 5.44419 -8.17161e-06 -0.00117323 -1.41763e-05 -0.526833 1.63562e-05 1.5709 -0.0019897
23.332 -0.528271 -0.526877 -0.00139324 5.44358 -8.16863e-06 -0.00118722 -1.4167e-05 -0.526877 1.64955e-05 1.5709 -0.0019895
23.333 -0.528326 -0.526922 -0.00140401 5.44297 -8.1639e-06 -0.00120126 -1.41558e-05 -0.526922 1.66359e-05 1.5709 -0.00198929
23.334 -0.528381 -0.526966 -0.0014148 5.44237 -8.15741e-06 -0.00121536 -1.41427e-05 -0.526966 1.67773e-05 1.5709 -0.00198909
23.335 -0.528437 -0.527011 -0.00142559 5.44177 -8.14917e-06 -0.0012295 -1.41278e-05 -0.527011 1.69197e-05 1.5709 -0.00198888
23.336 -0.528493 -0.527057 -0.00143639 5.44118 -8.13916e-06 -0.0012437 -1.41111e-05 -0.527057 1.70631e-05 1.5709 -0.00198868
23.337 -0.52855 -0.527102 -0.00144721 5.4406 -8.12737e-06 -0.00125795 -1.40924e-05 -0.527102 1.72076e-05 1.5709 -0.00198847
23.338 -0.528606 -0.527148 -0.00145803 5.44002 -8.11382e-06 -0.00127224 -1.40719e-05 -0.527148 1.73531e-05 1.5709 -0.00198826
23.339 -0.528663 -0.527195 -0.00146886 5.43945 -8.09849e-06 -0.00128659 -1.40495e-05 -0.527195 1.74995e-05 1.5709 -0.00198805
23.34 -0.528721 -0.527241 -0.00147969 5.43888 -8.08137e-06 -0.00130098 -1.40253e-05 -0.527241 1.76469e-05 1.5709 -0.00198784
23.341 -0.528779 -0.527288 -0.00149054 5.43832 -8.06247e-06 -0.00131542 -1.39992e-05 -0.527288 1.77954e-05 1.57091 -0.00198763
23.342 -0.528836 -0.527335 -0.00150139 5.43776 -8.04179e-06 -0.00132991 -1.39712e-05 -0.527335 1.79447e-05 1.57091 -0.00198741
23.343 -0.528895 -0.527383 -0.00151225 5.43721 -8.01931e-06 -0.00134444 -1.39413e-05 -0.527383 1.80951e-05 1.57091 -0.0019872
23.344 -0.528953 -0.52743 -0.00152312 5.43666 -7.99504e-06 -0.00135902 -1.39095e-05 -0.52743 1.82463e-05 1.57091 -0.00198698
23.345 -0.529012 -0.527478 -0.001534 5.43612 -7.96898e-06 -0.00137364 -1.38759e-05 -0.527478 1.83986e-05 1.57091 -0.00198676
23.346 -0.529072 -0.527527 -0.00154489 5.43559 -7.94112e-06 -0.00138831 -1.38404e-05 -0.527527 1.85517e-05 1.57091 -0.00198654
23.347 -0.529131 -0.527575 -0.00155578 5.43506 -7.91147e-06 -0.00140302 -1.38031e-05 -0.527575 1.87058e-05 1.57091 -0.00198632
23.348 -0.529191 -0.527624 -0.00156668 5.43454 -7.88002e-06 -0.00141778 -1.37638e-05 -0.527624 1.88608e-05 1.57091 -0.0019861
23.349 -0.529251 -0.527673 -0.00157758 5.43402 -7.84677e-06 -0.00143257 -1.37227e-05 -0.527673 1.90167e-05 1.57091 -0.00198588
23.35 -0.529311 -0.527723 -0.0015885 5.43351 -7.81172e-06 -0.00144741 -1.36798e-05 -0.527723 1.91735e-05 1.57091 -0.00198565
23.351 -0.529372 -0.527773 -0.00159941 5.433 -7.77487e-06 -0.00146229 -1.36349e-05 -0.527773 1.93312e-05 1.57091 -0.00198543
23.352 -0.529433 -0.527823 -0.00161034 5.4325 -7.73622e-06 -0.00147721 -1.35882e-05 -0.527823 1.94897e-05 1.57091 -0.0019852
23.353 -0.529495 -0.527873 -0.00162127 5.43201 -7.69578e-06 -0.00149217 -1.35396e-05 -0.527873 1.96492e-05 1.57092 -0.00198498
23.354 -0.529556 -0.527924 -0.00163221 5.43152 -7.65354e-06 -0.00150717 -1.34892e-05 -0.527924 1.98094e-05 1.57092 -0.00198475
23.355 -0.529618 -0.527975 -0.00164315 5.43104 -7.6095e-06 -0.00152221 -1.34369e-05 -0.527975 1.99706e-05 1.57092 -0.00198452
23.356 -0.529681 -0.528026 -0.0016541 5.43057 -7.56367e-06 -0.00153729 -1.33828e-05 -0.528026 2.01326e-05 1.57092 -0.00198429
23.357 -0.529743 -0.528078 -0.00166506 5.4301 -7.51605e-06 -0.0015524 -1.33268e-05 -0.528078 2.02954e-05 1.57092 -0.00198405
23.358 -0.529806 -0.52813 -0.00167602 5.42964 -7.46663e-06 -0.00156756 -1.3269e-05 -0.52813 2.0459e-05 1.57092 -0.00198382
23.359 -0.529869 -0.528182 -0.00168698 5.42918 -7.41543e-06 -0.00158274 -1.32093e-05 -0.528182 2.06235e-05 1.57092 -0.00198359
23.36 -0.529933 -0.528235 -0.00169795 5.42873 -7.36244e-06 -0.00159797 -1.31478e-05 -0.528235 2.07887e-05 1.57092 -0.00198335
23.361 -0.529996 -0.528288 -0.00170893 5.42828 -7.30767e-06 -0.00161323 -1.30845e-05 -0.528288 2.09548e-05 1.57092 -0.00198311
23.362 -0.530061 -0.528341 -0.00171991 5.42785 -7.25112e-06 -0.00162852 -1.30193e-05 -0.528341 2.11216e-05 1.57092 -0.00198287
23.363 -0.530125 -0.528394 -0.00173089 5.42741 -7.19279e-06 -0.00164385 -1.29523e-05 -0.528394 2.12892e-05 1.57092 -0.00198264
23.364 -0.53019 -0.528448 -0.00174188 5.42699 -7.13269e-06 -0.00165921 -1.28835e-05 -0.528448 2.14576e-05 1.57092 -0.00198239
23.365 -0.530255 -0.528502 -0.00175287 5.42657 -7.07082e-06 -0.0016746 -1.28129e-05 -0.528502 2.16268e-05 1.57092 -0.00198215
23.366 -0.53032 -0.528556 -0.00176387 5.42616 -7.00719e-06 -0.00169003 -1.27405e-05 -0.528556 2.17967e-05 1.57093 -0.00198191
23.367 -0.530386 -0.528611 -0.00177487 5.42575 -6.94179e-06 -0.00170548 -1.26662e-05 -0.528611 2.19673e-05 1.57093 -0.00198167
23.368 -0.530452 -0.528666 -0.00178587 5.42535 -6.87463e-06 -0.00172097 -1.25902e-05 -0.528666 2.21387e-05 1.57093 -0.00198142
23.369 -0.530518 -0.528721 -0.00179688 5.42496 -6.80573e-06 -0.00173649 -1.25124e-05 -0.528721 2.23108e-05 1.57093 -0.00198117
23.37 -0.530584 -0.528776 -0.00180789 5.42457 -6.73508e-06 -0.00175204 -1.24328e-05 -0.528776 2.24836e-05 1.57093 -0.00198093
23.371 -0.530651 -0.528832 -0.0018189 5.42419 -6.66268e-06 -0.00176762 -1.23514e-05 -0.528832 2.26571e-05 1.57093 -0.00198068
23.372 -0.530718 -0.528888 -0.00182992 5.42382 -6.58855e-06 -0.00178322 -1.22683e-05 -0.528888 2.28313e-05 1.57093 -0.00198043
23.373 -0.530786 -0.528945 -0.00184094 5.42345 -6.51269e-06 -0.00179886 -1.21834e-05 -0.528945 2.30062e-05 1.57093 -0.00198018
23.374 -0.530853 -0.529001 -0.00185196 5.42309 -6.43511e-06 -0.00181452 -1.20967e-05 -0.529001 2.31818e-05 1.57093 -0.00197992
23.375 -0.530921 -0.529058 -0.00186298 5.42274 -6.3558e-06 -0.00183021 -1.20083e-05 -0.529058 2.33581e-05 1.57093 -0.00197967
23.376 -0.53099 -0.529116 -0.00187401 5.42239 -6.27479e-06 -0.00184592 -1.19181e-05 -0.529116 2.3535e-05 1.57093 -0.00197942
23.377 -0.531058 -0.529173 -0.00188503 5.42205 -6.19207e-06 -0.00186166 -1.18263e-05 -0.529173 2.37126e-05 1.57093 -0.00197916
23.378 -0.531127 -0.529231 -0.00189606 5.42172 -6.10765e-06 -0.00187743 -1.17327e-05 -0.529231 2.38908e-05 1.57094 -0.0019789
23.379 -0.531196 -0.529289 -0.00190709 5.42139 -6.02154e-06 -0.00189322 -1.16373e-05 -0.529289 2.40696e-05 1.57094 -0.00197865
23.38 -0.531266 -0.529348 -0.00191812 5.42107 -5.93374e-06 -0.00190903 -1.15403e-05 -0.529348 2.42491e-05 1.57094 -0.00197839
23.381 -0.531336 -0.529407 -0.00192916 5.42076 -5.84427e-06 -0.00192487 -1.14416e-05 -0.529407 2.44292e-05 1.57094 -0.00197813
23.382 -0.531406 -0.529466 -0.00194019 5.42045 -5.75312e-06 -0.00194073 -1.13412e-05 -0.529466 2.46099e-05 1.57094 -0.00197786
23.383 -0.531476 -0.529525 -0.00195122 5.42015 -5.66032e-06 -0.00195661 -1.12391e-05 -0.529525 2.47912e-05 1.57094 -0.0019776
23.384 -0.531547 -0.529585 -0.00196226 5.41986 -5.56586e-06 -0.00197252 -1.11353e-05 -0.529585 2.4973e-05 1.57094 -0.00197734
23.385 -0.531618 -0.529645 -0.00197329 5.41958 -5.46975e-06 -0.00198844 -1.10298e-05 -0.529645 2.51555e-05 1.57094 -0.00197707
23.386 -0.531689 -0.529705 -0.00198433 5.4193 -5.37201e-06 -0.00200439 -1.09228e-05 -0.529705 2.53385e-05 1.57094 -0.00197681
23.387 -0.531761 -0.529766 -0.00199536 5.41903 -5.27263e-06 -0.00202035 -1.0814e-05 -0.529766 2.55221e-05 1.57094 -0.00197654
23.388 -0.531833 -0.529827 -0.0020064 5.41876 -5.17164e-06 -0.00203634 -1.07036e-05 -0.529827 2.57063e-05 1.57094 -0.00197627
23.389 -0.531905 -0.529888 -0.00201743 5.41851 -5.06903e-06 -0.00205234 -1.05916e-05 -0.529888 2.5891e-05 1.57094 -0.001976
23.39 -0.531978 -0.529949 -0.00202847 5.41826 -4.96482e-06 -0.00206836 -1.0478e-05 -0.529949 2.60762e-05 1.57095 -0.00197573
23.391 -0.53205 -0.530011 -0.0020395 5.41802 -4.85902e-06 -0.0020844 -1.03628e-05 -0.530011 2.62619e-05 1.57095 -0.00197546
23.392 -0.532124 -0.530073 -0.00205053 5.41778 -4.75163e-06 -0.00210046 -1.0246e-05 -0.530073 2.64482e-05 1.57095 -0.00197518
23.393 -0.532197 -0.530135 -0.00206156 5.41755 -4.64266e-06 -0.00211653 -1.01276e-05 -0.530135 2.6635e-05 1.57095 -0.00197491
23.394 -0.532271 -0.530198 -0.00207259 5.41733 -4.53213e-06 -0.00213262 -1.00076e-05 -0.530198 2.68223e-05 1.57095 -0.00197463
23.395 -0.532345 -0.530261 -0.00208362 5.41712 -4.42005e-06 -0.00214873 -9.8861e-06 -0.530261 2.701e-05 1.57095 -0.00197436
23.396 -0.532419 -0.530324 -0.00209465 5.41691 -4.30642e-06 -0.00216485 -9.76301e-06 -0.530324 2.71983e-05 1.57095 -0.00197408
23.397 -0.532493 -0.530388 -0.00210567 5.41672 -4.19125e-06 -0.00218098 -9.63838e-06 -0.530388 2.7387e-05 1.57095 -0.0019738
23.398 -0.532568 -0.530452 -0.0021167 5.41652 -4.07455e-06 -0.00219713 -9.51222e-06 -0.530452 2.75762e-05 1.57095 -0.00197352
23.399 -0.532644 -0.530516 -0.00212772 5.41634 -3.95634e-06 -0.00221329 -9.38454e-06 -0.530516 2.77659e-05 1.57095 -0.00197324
23.4 -0.532719 -0.53058 -0.00213873 5.41616 -3.83663e-06 -0.00222946 -9.25535e-06 -0.53058 2.79559e-05 1.57095 -0.00197296
23.401 -0.532795 -0.530645 -0.00214975 5.416 -3.71542e-06 -0.00224565 -9.12467e-06 -0.530645 2.81465e-05 1.57095 -0.00197267
23.402 -0.532871 -0.53071 -0.00216076 5.41583 -3.59272e-06 -0.00226185 -8.99249e-06 -0.53071 2.83374e-05 1.57095 -0.00197239
23.403 -0.532947 -0.530775 -0.00217177 5.41568 -3.46856e-06 -0.00227805 -8.85885e-06 -0.530775 2.85288e-05 1.57096 -0.0019721
23.404 -0.533024 -0.530841 -0.00218277 5.41553 -3.34293e-06 -0.00229427 -8.72374e-06 -0.530841 2.87206e-05 1.57096 -0.00197182
23.405 -0.533101 -0.530907 -0.00219378 5.4154 -3.21585e-06 -0.0023105 -8.58718e-06 -0.530907 2.89128e-05 1.57096 -0.00197153
23.406 -0.533178 -0.530973 -0.00220478 5.41526 -3.08732e-06 -0.00232674 -8.44918e-06 -0.530973 2.91054e-05 1.57096 -0.00197124
23.407 -0.533255 -0.53104 -0.00221577 5.41514 -2.95737e-06 -0.00234299 -8.30975e-06 -0.53104 2.92984e-05 1.57096 -0.00197095
23.408 -0.533333 -0.531106 -0.00222676 5.41503 -2.82601e-06 -0.00235924 -8.16891e-06 -0.531106 2.94917e-05 1.57096 -0.00197066
23.409 -0.533411 -0.531174 -0.00223775 5.41492 -2.69324e-06 -0.00237551 -8.02667e-06 -0.531174 2.96854e-05 1.57096 -0.00197036
23.41 -0.53349 -0.531241 -0.00224873 5.41482 -2.55907e-06 -0.00239178 -7.88303e-06 -0.531241 2.98795e-05 1.57096 -0.00197007
23.411 -0.533568 -0.531309 -0.00225971 5.41473 -2.42352e-06 -0.00240805 -7.73802e-06 -0.531309 3.00739e-05 1.57096 -0.00196978
23.412 -0.533647 -0.531377 -0.00227068 5.41464 -2.2866e-06 -0.00242434 -7.59164e-06 -0.531377 3.02687e-05 1.57096 -0.00196948
23.413 -0.533727 -0.531445 -0.00228165 5.41456 -2.14832e-06 -0.00244062 -7.44392e-06 -0.531445 3.04638e-05 1.57096 -0.00196918
23.414 -0.533806 -0.531514 -0.00229261 5.4145 -2.0087e-06 -0.00245692 -7.29485e-06 -0.531514 3.06592e-05 1.57096 -0.00196888
23.415 -0.533886 -0.531582 -0.00230357 5.41443 -1.86774e-06 -0.00247322 -7.14445e-06 -0.531582 3.0855e-05 1.57097 -0.00196858
23.416 -0.533966 -0.531652 -0.00231452 5.41438 -1.72546e-06 -0.00248952 -6.99273e-06 -0.531652 3.1051e-05 1.57097 -0.00196828
23.417 -0.534047 -0.531721 -0.00232546 5.41434 -1.58186e-06 -0.00250583 -6.83972e-06 -0.531721 3.12474e-05 1.57097 -0.00196798
23.418 -0.534127 -0.531791 -0.0023364 5.4143 -1.43697e-06 -0.00252214 -6.68542e-06 -0.531791 3.1444e-05 1.57097 -0.00196768
23.419 -0.534208 -0.531861 -0.00234734 5.41427 -1.2908e-06 -0.00253845 -6.52984e-06 -0.531861 3.1641e-05 1.57097 -0.00196738
23.42 -0.53429 -0.531931 -0.00235827 5.41425 -1.14335e-06 -0.00255476 -6.37299e-06 -0.531931 3.18382e-05 1.57097 -0.00196707
23.421 -0.534371 -0.532002 -0.00236919 5.41424 -9.94648e-07 -0.00257108 -6.2149e-06 -0.532002 3.20356e-05 1.57097 -0.00196676
23.422 -0.534453 -0.532073 -0.0023801 5.41423 -8.44694e-07 -0.00258739 -6.05557e-06 -0.532073 3.22333e-05 1.57097 -0.00196646
23.423 -0.534535 -0.532144 -0.00239101 5.41423 -6.93506e-07 -0.00260371 -5.89502e-06 -0.532144 3.24313e-05 1.57097 -0.00196615
23.424 -0.534618 -0.532216 -0.00240191 5.41424 -5.41097e-07 -0.00262003 -5.73326e-06 -0.532216 3.26295e-05 1.57097 -0.00196584
23.425 -0.534701 -0.532288 -0.0024128 5.41426 -3.87479e-07 -0.00263634 -5.5703e-06 -0.532288 3.2828e-05 1.57097 -0.00196553
23.426 -0.534784 -0.53236 -0.00242369 5.41429 -2.32666e-07 -0.00265266 -5.40616e-06 -0.53236 3.30266e-05 1.57097 -0.00196522
23.427 -0.534867 -0.532432 -0.00243456 5.41433 -7.667e-08 -0.00266897 -5.24085e-06 -0.532432 3.32255e-05 1.57097 -0.0019649
23.428 -0.534951 -0.532505 -0.00244543 5.41437 8.04953e-08 -0.00268528 -5.07438e-06 -0.532505 3.34246e-05 1.57098 -0.00196459
23.429 -0.535034 -0.532578 -0.0024563 5.41442 2.38817e-07 -0.00270159 -4.90677e-06 -0.532578 3.36239e-05 1.57098 -0.00196428
23.43 -0.535119 -0.532651 -0.00246715 5.41448 3.98281e-07 -0.0027179 -4.73803e-06 -0.532651 3.38234e-05 1.57098 -0.00196396
23.431 -0.535203 -0.532725 -0.002478 5.41455 5.58875e-07 -0.0027342 -4.56817e-06 -0.532725 3.4023e-05 1.57098 -0.00196364
23.432 -0.535288 -0.532799 -0.00248883 5.41463 7.20585e-07 -0.0027505 -4.39722e-06 -0.532799 3.42228e-05 1.57098 -0.00196332
23.433 -0.535373 -0.532873 -0.00249966 5.41471 8.83398e-07 -0.00276679 -4.22517e-06 -0.532873 3.44228e-05 1.57098 -0.001963
23.434 -0.535458 -0.532948 -0.00251048 5.41481 1.0473e-06 -0.00278308 -4.05205e-06 -0.532948 3.4623e-05 1.57098 -0.00196268
23.435 -0.535544 -0.533023 -0.00252129 5.41491 1.21228e-06 -0.00279936 -3.87788e-06 -0.533023 3.48233e-05 1.57098 -0.00196236
23.436 -0.53563 -0.533098 -0.00253209 5.41502 1.37832e-06 -0.00281564 -3.70265e-06 -0.533098 3.50237e-05 1.57098 -0.00196204
23.437 -0.535716 -0.533173 -0.00254288 5.41514 1.54541e-06 -0.00283191 -3.52639e-06 -0.533173 3.52243e-05 1.57098 -0.00196172
23.438 -0.535802 -0.533249 -0.00255366 5.41527 1.71353e-06 -0.00284817 -3.34912e-06 -0.533249 3.5425e-05 1.57098 -0.00196139
23.439 -0.535889 -0.533325 -0.00256443 5.4154 1.88268e-06 -0.00286443 -3.17084e-06 -0.533325 3.56258e-05 1.57098 -0.00196106
23.44 -0.535976 -0.533401 -0.00257519 5.41555 2.05283e-06 -0.00288067 -2.99157e-06 -0.533401 3.58267e-05 1.57098 -0.00196074
23.441 -0.536064 -0.533478 -0.00258594 5.4157 2.22398e-06 -0.00289691 -2.81132e-06 -0.533478 3.60278e-05 1.57099 -0.00196041
23.442 -0.536151 -0.533555 -0.00259668 5.41586 2.39611e-06 -0.00291314 -2.63011e-06 -0.533555 3.62289e-05 1.57099 -0.00196008
23.443 -0.536239 -0.533632 -0.00260741 5.41603 2.56921e-06 -0.00292936 -2.44795e-06 -0.533632 3.64301e-05 1.57099 -0.00195975
23.444 -0.536327 -0.533709 -0.00261813 5.41621 2.74325e-06 -0.00294557 -2.26486e-06 -0.533709 3.66314e-05 1.57099 -0.00195942
23.445 -0.536416 -0.533787 -0.00262884 5.4164 2.91824e-06 -0.00296177 -2.08085e-06 -0.533787 3.68327e-05 1.57099 -0.00195909
23.446 -0.536505 -0.533865 -0.00263954 5.41659 3.09415e-06 -0.00297796 -1.89593e-06 -0.533865 3.70341e-05 1.57099 -0.00195875
23.447 -0.536594 -0.533943 -0.00265022 5.4168 3.27097e-06 -0.00299414 -1.71012e-06 -0.533943 3.72356e-05 1.57099 -0.00195842
23.448 -0.536683 -0.534022 -0.0026609 5.41701 3.44869e-06 -0.0030103 -1.52343e-06 -0.534022 3.74371e-05 1.57099 -0.00195808
23.449 -0.536773 -0.534101 -0.00267156 5.41723 3.6273e-06 -0.00302646 -1.33588e-06 -0.534101 3.76386e-05 1.57099 -0.00195774
23.45 -0.536862 -0.53418 -0.00268221 5.41747 3.80677e-06 -0.0030426 -1.14748e-06 -0.53418 3.78402e-05 1.57099 -0.00195741
23.451 -0.536953 -0.53426 -0.00269284 5.4177 3.9871e-06 -0.00305872 -9.58242e-07 -0.53426 3.80418e-05 1.57099 -0.00195707
23.452 -0.537043 -0.53434 -0.00270347 5.41795 4.16827e-06 -0.00307484 -7.68184e-07 -0.53434 3.82434e-05 1.57099 -0.00195673
23.453 -0.537134 -0.53442 -0.00271408 5.41821 4.35026e-06 -0.00309094 -5.7732e-07 -0.53442 3.8445e-05 1.57099 -0.00195638
23.454 -0.537225 -0.5345 -0.00272468 5.41848 4.53307e-06 -0.00310702 -3.85662e-07 -0.5345 3.86466e-05 1.571 -0.00195604
23.455 -0.537316 -0.534581 -0.00273527 5.41875 4.71668e-06 -0.00312309 -1.93226e-07 -0.534581 3.88483e-05 1.571 -0.0019557
23.456 -0.537408 -0.534662 -0.00274584 5.41904 4.90107e-06 -0.00313914 -2.5808e-11 -0.534662 3.90498e-05 1.571 -0.00195535
23.457 -0.5375 -0.534743 -0.0027564 5.41933 5.08624e-06 -0.00315518 1.93925e-07 -0.534743 3.92514e-05 1.571 -0.00195501
23.458 -0.537592 -0.534825 -0.00276695 5.41963 5.27216e-06 -0.0031712 3.88611e-07 -0.534825 3.94529e-05 1.571 -0.00195466
23.459 -0.537684 -0.534907 -0.00277749 5.41994 5.45883e-06 -0.00318721 5.8402e-07 -0.534907 3.96544e-05 1.571 -0.00195431
23.46 -0.537777 -0.534989 -0.00278801 5.42026 5.64622e-06 -0.0032032 7.80136e-07 -0.534989 3.98559e-05 1.571 -0.00195397
23.461 -0.53787 -0.535071 -0.00279851 5.42059 5.83433e-06 -0.00321916 9.76946e-07 -0.535071 4.00573e-05 1.571 -0.00195362
23.462 -0.537963 -0.535154 -0.002809 5.42093 6.02314e-06 -0.00323512 1.17443e-06 -0.535154 4.02586e-05 1.571 -0.00195326
23.463 -0.538057 -0.535237 -0.00281948 5.42127 6.21264e-06 -0.00325105 1.37259e-06 -0.535237 4.04599e-05 1.571 -0.00195291
23.464 -0.538151 -0.535321 -0.00282995 5.42163 6.40281e-06 -0.00326696 1.57139e-06 -0.535321 4.0661e-05 1.571 -0.00195256
23.465 -0.538245 -0.535404 -0.00284039 5.42199 6.59364e-06 -0.00328285 1.77084e-06 -0.535404 4.08621e-05 1.571 -0.0019522
23.466 -0.538339 -0.535488 -0.00285083 5.42237 6.78512e-06 -0.00329873 1.9709e-06 -0.535488 4.10632e-05 1.571 -0.00195185
23.467 -0.538434 -0.535572 -0.00286125 5.42275 6.97723e-06 -0.00331458 2.17157e-06 -0.535572 4.12641e-05 1.57101 -0.00195149
23.468 -0.538529 -0.535657 -0.00287165 5.42314 7.16995e-06 -0.00333041 2.37284e-06 -0.535657 4.14649e-05 1.57101 -0.00195114
23.469 -0.538624 -0.535742 -0.00288204 5.42354 7.36328e-06 -0.00334622 2.57469e-06 -0.535742 4.16656e-05 1.57101 -0.00195078
23.47 -0.538719 -0.535827 -0.00289241 5.42395 7.55719e-06 -0.00336201 2.77711e-06 -0.535827 4.18661e-05 1.57101 -0.00195042
23.471 -0.538815 -0.535912 -0.00290277 5.42437 7.75168e-06 -0.00337778 2.98008e-06 -0.535912 4.20666e-05 1.57101 -0.00195006
23.472 -0.538911 -0.535998 -0.00291311 5.4248 7.94674e-06 -0.00339352 3.18358e-06 -0.535998 4.22669e-05 1.57101 -0.0019497
23.473 -0.539008 -0.536084 -0.00292343 5.42524 8.14234e-06 -0.00340924 3.38761e-06 -0.536084 4.2467e-05 1.57101 -0.00194933
23.474 -0.539104 -0.53617 -0.00293374 5.42569 8.33847e-06 -0.00342494 3.59215e-06 -0.53617 4.26671e-05 1.57101 -0.00194897
23.475 -0.539201 -0.536257 -0.00294404 5.42614 8.53513e-06 -0.00344061 3.79719e-06 -0.536257 4.28669e-05 1.57101 -0.0019486
23.476 -0.539298 -0.536344 -0.00295431 5.42661 8.73229e-06 -0.00345626 4.00271e-06 -0.536344 4.30666e-05 1.57101 -0.00194824
23.477 -0.539396 -0.536431 -0.00296457 5.42708 8.92994e-06 -0.00347188 4.2087e-06 -0.536431 4.32661e-05 1.57101 -0.00194787
23.478 -0.539493 -0.536519 -0.00297481 5.42757 9.12807e-06 -0.00348748 4.41515e-06 -0.536519 4.34655e-05 1.57101 -0.0019475
23.479 -0.539591 -0.536606 -0.00298504 5.42806 9.32666e-06 -0.00350306 4.62204e-06 -0.536606 4.36647e-05 1.57101 -0.00194713
23.48 -0.53969 -0.536694 -0.00299524 5.42856 9.52571e-06 -0.0035186 4.82935e-06 -0.536694 4.38636e-05 1.57101 -0.00194676
23.481 -0.539788 -0.536783 -0.00300543 5.42908 9.72519e-06 -0.00353412 5.03708e-06 -0.536783 4.40624e-05 1.57102 -0.00194639
23.482 -0.539887 -0.536871 -0.00301561 5.4296 9.9251e-06 -0.00354962 5.24521e-06 -0.536871 4.4261e-05 1.57102 -0.00194602
23.483 -0.539986 -0.53696 -0.00302576 5.43013 1.01254e-05 -0.00356509 5.45372e-06 -0.53696 4.44593e-05 1.57102 -0.00194565
23.484 -0.540086 -0.53705 -0.0030359 5.43067 1.03261e-05 -0.00358052 5.66261e-06 -0.53705 4.46575e-05 1.57102 -0.00194527
23.485 -0.540185 -0.537139 -0.00304602 5.43122 1.05272e-05 -0.00359594 5.87186e-06 -0.537139 4.48554e-05 1.57102 -0.0019449
23.486 -0.540285 -0.537229 -0.00305612 5.43178 1.07287e-05 -0.00361132 6.08145e-06 -0.537229 4.50531e-05 1.57102 -0.00194452
23.487 -0.540385 -0.537319 -0.0030662 5.43235 1.09305e-05 -0.00362667 6.29137e-06 -0.537319 4.52505e-05 1.57102 -0.00194414
23.488 -0.540486 -0.53741 -0.00307626 5.43292 1.11327e-05 -0.003642 6.50162e-06 -0.53741 4.54477e-05 1.57102 -0.00194376
23.489 -0.540587 -0.5375 -0.00308631 5.43351 1.13352e-05 -0.00365729 6.71216e-06 -0.5375 4.56447e-05 1.57102 -0.00194338
23.49 -0.540688 -0.537591 -0.00309633 5.43411 1.1538e-05 -0.00367256 6.923e-06 -0.537591 4.58414e-05 1.57102 -0.001943
23.491 -0.540789 -0.537683 -0.00310634 5.43472 1.17411e-05 -0.00368779 7.13412e-06 -0.537683 4.60378e-05 1.57102 -0.00194262
23.492 -0.54089 -0.537774 -0.00311633 5.43533 1.19445e-05 -0.00370299 7.34551e-06 -0.537774 4.62339e-05 1.57102 -0.00194224
23.493 -0.540992 -0.537866 -0.0031263 5.43596 1.21481e-05 -0.00371817 7.55714e-06 -0.537866 4.64298e-05 1.57102 -0.00194186
23.494 -0.541094 -0.537958 -0.00313625 5.43659 1.23521e-05 -0.00373331 7.76901e-06 -0.537958 4.66254e-05 1.57102 -0.00194147
23.495 -0.541197 -0.538051 -0.00314617 5.43724 1.25563e-05 -0.00374842 7.98111e-06 -0.538051 4.68207e-05 1.57103 -0.00194108
23.496 -0.541299 -0.538143 -0.00315608 5.43789 1.27607e-05 -0.00376349 8.19342e-06 -0.538143 4.70157e-05 1.57103 -0.0019407
23.497 -0.541402 -0.538236 -0.00316597 5.43856 1.29653e-05 -0.00377854 8.40594e-06 -0.538236 4.72104e-05 1.57103 -0.00194031
23.498 -0.541506 -0.53833 -0.00317584 5.43923 1.31702e-05 -0.00379355 8.61863e-06 -0.53833 4.74048e-05 1.57103 -0.00193992
23.499 -0.541609 -0.538423 -0.00318569 5.43991 1.33752e-05 -0.00380852 8.8315e-06 -0.538423 4.75988e-05 1.57103 -0.00193953
23.5 -0.541713 -0.538517 -0.00319552 5.44061 1.35805e-05 -0.00382347 9.04453e-06 -0.538517 4.77926e-05 1.57103 -0.00193914
23.501 -0.541817 -0.538612 -0.00320532 5.44131 1.37859e-05 -0.00383837 9.25771e-06 -0.538612 4.7986e-05 1.57103 -0.00193875
23.502 -0.541921 -0.538706 -0.00321511 5.44202 1.39914e-05 -0.00385325 9.47102e-06 -0.538706 4.81791e-05 1.57103 -0.00193835
23.503 -0.542026 -0.538801 -0.00322487 5.44274 1.41971e-05 -0.00386809 9.68446e-06 -0.538801 4.83718e-05 1.57103 -0.00193796
23.504 -0.542131 -0.538896 -0.00323462 5.44348 1.4403e-05 -0.00388289 9.898e-06 -0.538896 4.85642e-05 1.57103 -0.00193756
23.505 -0.542236 -0.538991 -0.00324434 5.44422 1.4609e-05 -0.00389766 1.01116e-05 -0.538991 4.87563e-05 1.57103 -0.00193717
23.506 -0.542341 -0.539087 -0.00325404 5.44497 1.4815e-05 -0.00391239 1.03254e-05 -0.539087 4.89479e-05 1.57103 -0.00193677
23.507 -0.542447 -0.539183 -0.00326372 5.44573 1.50212e-05 -0.00392709 1.05392e-05 -0.539183 4.91393e-05 1.57103 -0.00193637
23.508 -0.542553 -0.539279 -0.00327338 5.4465 1.52274e-05 -0.00394175 1.0753e-05 -0.539279 4.93302e-05 1.57103 -0.00193597
23.509 -0.542659 -0.539376 -0.00328302 5.44728 1.54337e-05 -0.00395637 1.09669e-05 -0.539376 4.95208e-05 1.57103 -0.00193557
23.51 -0.542765 -0.539473 -0.00329263 5.44807 1.56401e-05 -0.00397095 1.11808e-05 -0.539473 4.97109e-05 1.57104 -0.00193517
23.511 -0.542872 -0.53957 -0.00330222 5.44887 1.58465e-05 -0.0039855 1.13948e-05 -0.53957 4.99007e-05 1.57104 -0.00193477
23.512 -0.542979 -0.539667 -0.00331179 5.44968 1.6053e-05 -0.004 1.16088e-05 -0.539667 5.00901e-05 1.57104 -0.00193437
23.513 -0.543086 -0.539765 -0.00332134 5.4505 1.62595e-05 -0.00401447 1.18227e-05 -0.539765 5.02791e-05 1.57104 -0.00193396
23.514 -0.543194 -0.539863 -0.00333086 5.45133 1.64659e-05 -0.0040289 1.20367e-05 -0.539863 5.04677e-05 1.57104 -0.00193356
23.515 -0.543301 -0.539961 -0.00334036 5.45217 1.66724e-05 -0.0040433 1.22506e-05 -0.539961 5.06559e-05 1.57104 -0.00193315
23.516 -0.543409 -0.54006 -0.00334984 5.45302 1.68789e-05 -0.00405765 1.24645e-05 -0.54006 5.08436e-05 1.57104 -0.00193274
23.517 -0.543518 -0.540159 -0.0033593 5.45388 1.70853e-05 -0.00407196 1.26783e-05 -0.540159 5.1031e-05 1.57104 -0.00193233
23.518 -0.543626 -0.540258 -0.00336873 5.45475 1.72917e-05 -0.00408623 1.2892e-05 -0.540258 5.12179e-05 1.57104 -0.00193192
23.519 -0.543735 -0.540357 -0.00337814 5.45563 1.7498e-05 -0.00410046 1.31057e-05 -0.540357 5.14043e-05 1.57104 -0.00193151
23.52 -0.543844 -0.540457 -0.00338752 5.45652 1.77043e-05 -0.00411465 1.33193e-05 -0.540457 5.15903e-05 1.57104 -0.0019311
23.521 -0.543954 -0.540557 -0.00339688 5.45742 1.79105e-05 -0.0041288 1.35328e-05 -0.540557 5.17759e-05 1.57104 -0.00193069
23.522 -0.544063 -0.540657 -0.00340622 5.45832 1.81166e-05 -0.0041429 1.37462e-05 -0.540657 5.1961e-05 1.57104 -0.00193028
23.523 -0.544173 -0.540758 -0.00341554 5.45924 1.83226e-05 -0.00415697 1.39595e-05 -0.540758 5.21457e-05 1.57104 -0.00192986
23.524 -0.544284 -0.540859 -0.00342483 5.46017 1.85285e-05 -0.00417099 1.41726e-05 -0.540859 5.23299e-05 1.57104 -0.00192945
23.525 -0.544394 -0.54096 -0.00343409 5.46111 1.87343e-05 -0.00418497 1.43856e-05 -0.54096 5.25136e-05 1.57104 -0.00192903
23.526 -0.544505 -0.541061 -0.00344333 5.46206 1.894e-05 -0.00419891 1.45985e-05 -0.541061 5.26969e-05 1.57105 -0.00192861
23.527 -0.544616 -0.541163 -0.00345255 5.46302 1.91455e-05 -0.0042128 1.48111e-05 -0.541163 5.28797e-05 1.57105 -0.00192819
23.528 -0.544727 -0.541265 -0.00346174 5.46399 1.93508e-05 -0.00422665 1.50236e-05 -0.541265 5.3062e-05 1.57105 -0.00192777
23.529 -0.544838 -0.541368 -0.00347091 5.46496 1.9556e-05 -0.00424046 1.52359e-05 -0.541368 5.32438e-05 1.57105 -0.00192735
23.53 -0.54495 -0.54147 -0.00348005 5.46595 1.9761e-05 -0.00425422 1.5448e-05 -0.54147 5.34251e-05 1.57105 -0.00192693
23.531 -0.545062 -0.541573 -0.00348917 5.46695 1.99658e-05 -0.00426794 1.56599e-05 -0.541573 5.36059e-05 1.57105 -0.00192651
23.532 -0.545175 -0.541676 -0.00349826 5.46796 2.01704e-05 -0.00428161 1.58716e-05 -0.541676 5.37862e-05 1.57105 -0.00192609
23.533 -0.545287 -0.54178 -0.00350733 5.46898 2.03748e-05 -0.00429524 1.6083e-05 -0.54178 5.3966e-05 1.57105 -0.00192566
23.534 -0.5454 -0.541884 -0.00351637 5.47001 2.0579e-05 -0.00430882 1.62942e-05 -0.541884 5.41453e-05 1.57105 -0.00192524
23.535 -0.545513 -0.541988 -0.00352538 5.47105 2.0783e-05 -0.00432236 1.65051e-05 -0.541988 5.4324e-05 1.57105 -0.00192481
23.536 -0.545626 -0.542092 -0.00353437 5.47209 2.09867e-05 -0.00433585 1.67157e-05 -0.542092 5.45022e-05 1.57105 -0.00192438
23.537 -0.54574 -0.542197 -0.00354334 5.47315 2.11901e-05 -0.00434929 1.69261e-05 -0.542197 5.46799e-05 1.57105 -0.00192395
23.538 -0.545854 -0.542302 -0.00355227 5.47422 2.13933e-05 -0.00436269 1.71362e-05 -0.542302 5.48571e-05 1.57105 -0.00192352
23.539 -0.545968 -0.542407 -0.00356119 5.4753 2.15962e-05 -0.00437604 1.7346e-05 -0.542407 5.50337e-05 1.57105 -0.00192309
23.54 -0.546083 -0.542512 -0.00357007 5.47639 2.17988e-05 -0.00438934 1.75555e-05 -0.542512 5.52098e-05 1.57105 -0.00192266
23.541 -0.546197 -0.542618 -0.00357893 5.47749 2.20011e-05 -0.00440259 1.77647e-05 -0.542618 5.53853e-05 1.57105 -0.00192223
23.542 -0.546312 -0.542724 -0.00358776 5.4786 2.22032e-05 -0.0044158 1.79735e-05 -0.542724 5.55603e-05 1.57106 -0.00192179
23.543 -0.546427 -0.542831 -0.00359657 5.47972 2.24048e-05 -0.00442896 1.8182e-05 -0.542831 5.57347e-05 1.57106 -0.00192136
23.544 -0.546543 -0.542937 -0.00360535 5.48085 2.26062e-05 -0.00444207 1.83901e-05 -0.542937 5.59085e-05 1.57106 -0.00192092
23.545 -0.546658 -0.543044 -0.0036141 5.48199 2.28072e-05 -0.00445513 1.85979e-05 -0.543044 5.60818e-05 1.57106 -0.00192049
23.546 -0.546774 -0.543152 -0.00362283 5.48314 2.30079e-05 -0.00446815 1.88053e-05 -0.543152 5.62545e-05 1.57106 -0.00192005
23.547 -0.546891 -0.543259 -0.00363153 5.4843 2.32083e-05 -0.00448111 1.90124e-05 -0.543259 5.64266e-05 1.57106 -0.00191961
23.548 -0.547007 -0.543367 -0.0036402 5.48547 2.34082e-05 -0.00449403 1.9219e-05 -0.543367 5.65982e-05 1.57106 -0.00191917
23.549 -0.547124 -0.543475 -0.00364884 5.48665 2.36078e-05 -0.00450689 1.94253e-05 -0.543475 5.67691e-05 1.57106 -0.00191873
23.55 -0.547241 -0.543584 -0.00365746 5.48784 2.3807e-05 -0.0045197 1.96311e-05 -0.543584 5.69394e-05 1.57106 -0.00191829
23.551 -0.547358 -0.543692 -0.00366605 5.48904 2.40058e-05 -0.00453247 1.98365e-05 -0.543692 5.71092e-05 1.57106 -0.00191785
23.552 -0.547476 -0.543801 -0.00367461 5.49025 2.42042e-05 -0.00454518 2.00415e-05 -0.543801 5.72784e-05 1.57106 -0.0019174
23.553 -0.547594 -0.54391 -0.00368315 5.49147 2.44021e-05 -0.00455784 2.0246e-05 -0.54391 5.74469e-05 1.57106 -0.00191696
23.554 -0.547712 -0.54402 -0.00369165 5.4927 2.45997e-05 -0.00457046 2.04501e-05 -0.54402 5.76148e-05 1.57106 -0.00191652
23.555 -0.54783 -0.54413 -0.00370013 5.49394 2.47968e-05 -0.00458302 2.06538e-05 -0.54413 5.77822e-05 1.57106 -0.00191607
23.556 -0.547949 -0.54424 -0.00370858 5.49519 2.49935e-05 -0.00459552 2.0857e-05 -0.54424 5.79489e-05 1.57106 -0.00191562
23.557 -0.548067 -0.54435 -0.003717 5.49645 2.51897e-05 -0.00460798 2.10597e-05 -0.54435 5.81149e-05 1.57106 -0.00191517
23.558 -0.548186 -0.544461 -0.00372539 5.49772 2.53854e-05 -0.00462038 2.12619e-05 -0.544461 5.82804e-05 1.57106 -0.00191472
23.559 -0.548306 -0.544572 -0.00373376 5.49901 2.55807e-05 -0.00463274 2.14636e-05 -0.544572 5.84452e-05 1.57107 -0.00191427
23.56 -0.548425 -0.544683 -0.00374209 5.5003 2.57755e-05 -0.00464504 2.16648e-05 -0.544683 5.86094e-05 1.57107 -0.00191382
23.561 -0.548545 -0.544795 -0.0037504 5.5016 2.59698e-05 -0.00465728 2.18655e-05 -0.544795 5.87729e-05 1.57107 -0.00191337
23.562 -0.548665 -0.544907 -0.00375868 5.50291 2.61636e-05 -0.00466947 2.20657e-05 -0.544907 5.89358e-05 1.57107 -0.00191292
23.563 -0.548786 -0.545019 -0.00376693 5.50424 2.63569e-05 -0.00468161 2.22654e-05 -0.545019 5.9098e-05 1.57107 -0.00191246
23.564 -0.548906 -0.545131 -0.00377515 5.50557 2.65497e-05 -0.0046937 2.24645e-05 -0.545131 5.92596e-05 1.57107 -0.00191201
23.565 -0.549027 -0.545244 -0.00378334 5.50691 2.67419e-05 -0.00470573 2.26631e-05 -0.545244 5.94206e-05 1.57107 -0.00191155
23.566 -0.549148 -0.545357 -0.0037915 5.50827 2.69336e-05 -0.00471771 2.28611e-05 -0.545357 5.95808e-05 1.57107 -0.00191109
23.567 -0.54927 -0.54547 -0.00379964 5.50963 2.71248e-05 -0.00472963 2.30585e-05 -0.54547 5.97404e-05 1.57107 -0.00191064
23.568 -0.549391 -0.545584 -0.00380774 5.511 2.73155e-05 -0.0047415 2.32554e-05 -0.545584 5.98994e-05 1.57107 -0.00191018
23.569 -0.549513 -0.545698 -0.00381581 5.51239 2.75055e-05 -0.00475331 2.34517e-05 -0.545698 6.00576e-05 1.57107 -0.00190972
23.57 -0.549635 -0.545812 -0.00382386 5.51378 2.7695e-05 -0.00476507 2.36474e-05 -0.545812 6.02152e-05 1.57107 -0.00190926
23.571 -0.549758 -0.545926 -0.00383187 5.51519 2.78839e-05 -0.00477677 2.38425e-05 -0.545926 6.03721e-05 1.57107 -0.0019088
23.572 -0.549881 -0.546041 -0.00383986 5.5166 2.80723e-05 -0.00478842 2.4037e-05 -0.546041 6.05284e-05 1.57107 -0.00190833
23.573 -0.550004 -0.546156 -0.00384781 5.51803 2.826e-05 -0.00480001 2.42309e-05 -0.546156 6.06839e-05 1.57107 -0.00190787
23.574 -0.550127 -0.546271 -0.00385574 5.51946 2.84472e-05 -0.00481155 2.44242e-05 -0.546271 6.08387e-05 1.57107 -0.0019074
23.575 -0.55025 -0.546386 -0.00386363 5.52091 2.86337e-05 -0.00482302 2.46168e-05 -0.546386 6.09929e-05 1.57107 -0.00190694
23.576 -0.550374 -0.546502 -0.00387149 5.52236 2.88196e-05 -0.00483445 2.48088e-05 -0.546502 6.11463e-05 1.57107 -0.00190647
23.577 -0.550498 -0.546618 -0.00387933 5.52383 2.90049e-05 -0.00484581 2.50002e-05 -0.546618 6.12991e-05 1.57107 -0.001906
23.578 -0.550622 -0.546735 -0.00388713 5.52531 2.91896e-05 -0.00485712 2.51909e-05 -0.546735 6.14511e-05 1.57108 -0.00190554
23.579 -0.550746 -0.546851 -0.0038949 5.52679 2.93736e-05 -0.00486837 2.53809e-05 -0.546851 6.16025e-05 1.57108 -0.00190507
23.58 -0.550871 -0.546968 -0.00390265 5.52829 2.9557e-05 -0.00487957 2.55703e-05 -0.546968 6.17531e-05 1.57108 -0.0019046
23.581 -0.550996 -0.547086 -0.00391036 5.5298 2.97398e-05 -0.0048907 2.5759e-05 -0.547086 6.1903e-05 1.57108 -0.00190412
23.582 -0.551121 -0.547203 -0.00391804 5.53131 2.99218e-05 -0.00490178 2.5947e-05 -0.547203 6.20522e-05 1.57108 -0.00190365
23.583 -0.551247 -0.547321 -0.00392569 5.53284 3.01032e-05 -0.0049128 2.61344e-05 -0.547321 6.22006e-05 1.57108 -0.00190318
23.584 -0.551372 -0.547439 -0.00393331 5.53438 3.02839e-05 -0.00492376 2.6321e-05 -0.547439 6.23483e-05 1.57108 -0.0019027
23.585 -0.551498 -0.547557 -0.00394089 5.53593 3.0464e-05 -0.00493467 2.65069e-05 -0.547557 6.24953e-05 1.57108 -0.00190223
23.586 -0.551625 -0.547676 -0.00394845 5.53749 3.06433e-05 -0.00494551 2.66922e-05 -0.547676 6.26416e-05 1.57108 -0.00190175
23.587 -0.551751 -0.547795 -0.00395598 5.53906 3.0822e-05 -0.0049563 2.68767e-05 -0.547795 6.27871e-05 1.57108 -0.00190128
23.588 -0.551878 -0.547914 -0.00396347 5.54064 3.09999e-05 -0.00496703 2.70604e-05 -0.547914 6.29319e-05 1.57108 -0.0019008
23.589 -0.552005 -0.548034 -0.00397093 5.54222 3.11772e-05 -0.0049777 2.72435e-05 -0.548034 6.3076e-05 1.57108 -0.00190032
23.59 -0.552132 -0.548154 -0.00397836 5.54382 3.13537e-05 -0.0049883 2.74258e-05 -0.548154 6.32193e-05 1.57108 -0.00189984
23.591 -0.552259 -0.548274 -0.00398576 5.54543 3.15295e-05 -0.00499885 2.76073e-05 -0.548274 6.33618e-05 1.57108 -0.00189936
23.592 -0.552387 -0.548394 -0.00399313 5.54705 3.17045e-05 -0.00500934 2.77882e-05 -0.548394 6.35036e-05 1.57108 -0.00189888
23.593 -0.552515 -0.548515 -0.00400047 5.54868 3.18789e-05 -0.00501977 2.79682e-05 -0.548515 6.36447e-05 1.57108 -0.00189839
23.594 -0.552643 -0.548636 -0.00400777 5.55033 3.20525e-05 -0.00503014 2.81475e-05 -0.548636 6.37849e-05 1.57108 -0.00189791
23.595 -0.552772 -0.548757 -0.00401504 5.55198 3.22253e-05 -0.00504045 2.8326e-05 -0.548757 6.39245e-05 1.57108 -0.00189742
23.596 -0.5529 -0.548878 -0.00402228 5.55364 3.23974e-05 -0.0050507 2.85037e-05 -0.548878 6.40632e-05 1.57108 -0.00189694
23.597 -0.553029 -0.549 -0.00402949 5.55531 3.25687e-05 -0.00506089 2.86807e-05 -0.549 6.42012e-05 1.57108 -0.00189645
23.598 -0.553159 -0.549122 -0.00403667 5.55699 3.27392e-05 -0.00507101 2.88568e-05 -0.549122 6.43384e-05 1.57108 -0.00189597
23.599 -0.553288 -0.549244 -0.00404381 5.55868 3.2909e-05 -0.00508108 2.90322e-05 -0.549244 6.44749e-05 1.57108 -0.00189548
23.6 -0.553418 -0.549367 -0.00405092 5.56039 3.30779e-05 -0.00509109 2.92068e-05 -0.549367 6.46106e-05 1.57109 -0.00189499
23.601 -0.553548 -0.54949 -0.004058 5.5621 3.32461e-05 -0.00510103 2.93805e-05 -0.54949 6.47454e-05 1.57109 -0.0018945
23.602 -0.553678 -0.549613 -0.00406505 5.56382 3.34135e-05 -0.00511091 2.95534e-05 -0.549613 6.48796e-05 1.57109 -0.00189401
23.603 -0.553808 -0.549736 -0.00407206 5.56555 3.35801e-05 -0.00512073 2.97256e-05 -0.549736 6.50129e-05 1.57109 -0.00189351
23.604 -0.553939 -0.54986 -0.00407904 5.5673 3.37459e-05 -0.00513049 2.98968e-05 -0.54986 6.51454e-05 1.57109 -0.00189302
23.605 -0.55407 -0.549984 -0.00408599 5.56905 3.39109e-05 -0.00514018 3.00673e-05 -0.549984 6.52772e-05 1.57109 -0.00189253
23.606 -0.554201 -0.550108 -0.00409291 5.57081 3.40751e-05 -0.00514982 3.02369e-05 -0.550108 6.54081e-05 1.57109 -0.00189203
23.607 -0.554333 -0.550233 -0.00409979 5.57259 3.42384e-05 -0.00515939 3.04057e-05 -0.550233 6.55383e-05 1.57109 -0.00189154
23.608 -0.554464 -0.550358 -0.00410664 5.57437 3.44009e-05 -0.0051689 3.05736e-05 -0.550358 6.56676e-05 1.57109 -0.00189104
23.609 -0.554596 -0.550483 -0.00411346 5.57617 3.45626e-05 -0.00517834 3.07407e-05 -0.550483 6.57962e-05 1.57109 -0.00189054
23.61 -0.554728 -0.550608 -0.00412024 5.57797 3.47234e-05 -0.00518773 3.09069e-05 -0.550608 6.5924e-05 1.57109 -0.00189004
23.611 -0.554861 -0.550734 -0.00412699 5.57979 3.48834e-05 -0.00519705 3.10723e-05 -0.550734 6.60509e-05 1.57109 -0.00188954
23.612 -0.554994 -0.55086 -0.00413371 5.58161 3.50426e-05 -0.0052063 3.12367e-05 -0.55086 6.61771e-05 1.57109 -0.00188904
23.613 -0.555126 -0.550986 -0.00414039 5.58345 3.52009e-05 -0.0052155 3.14003e-05 -0.550986 6.63024e-05 1.57109 -0.00188854
23.614 -0.55526 -0.551113 -0.00414705 5.58529 3.53583e-05 -0.00522463 3.15631e-05 -0.551113 6.6427e-05 1.57109 -0.00188804
23.615 -0.555393 -0.551239 -0.00415366 5.58715 3.55149e-05 -0.0052337 3.17249e-05 -0.551239 6.65507e-05 1.57109 -0.00188754
23.616 -0.555527 -0.551366 -0.00416025 5.58901 3.56706e-05 -0.0052427 3.18858e-05 -0.551366 6.66736e-05 1.57109 -0.00188703
23.617 -0.555661 -0.551494 -0.0041668 5.59089 3.58254e-05 -0.00525164 3.20459e-05 -0.551494 6.67956e-05 1.57109 -0.00188653
23.618 -0.555795 -0.551621 -0.00417332 5.59278 3.59793e-05 -0.00526051 3.22051e-05 -0.551621 6.69169e-05 1.57109 -0.00188602
23.619 -0.555929 -0.551749 -0.0041798 5.59467 3.61324e-05 -0.00526932 3.23633e-05 -0.551749 6.70373e-05 1.57109 -0.00188551
23.62 -0.556064 -0.551877 -0.00418625 5.59658 3.62845e-05 -0.00527807 3.25206e-05 -0.551877 6.71569e-05 1.57109 -0.00188501
23.621 -0.556199 -0.552006 -0.00419267 5.5985 3.64358e-05 -0.00528675 3.26771e-05 -0.552006 6.72757e-05 1.57109 -0.0018845
23.622 -0.556334 -0.552135 -0.00419905 5.60043 3.65862e-05 -0.00529537 3.28326e-05 -0.552135 6.73937e-05 1.57109 -0.00188399
23.623 -0.556469 -0.552264 -0.0042054 5.60236 3.67357e-05 -0.00530392 3.29872e-05 -0.552264 6.75108e-05 1.57109 -0.00188348
23.624 -0.556605 -0.552393 -0.00421172 5.60431 3.68842e-05 -0.00531241 3.31408e-05 -0.552393 6.76271e-05 1.5711 -0.00188297
23.625 -0.55674 -0.552522 -0.004218 5.60627 3.70319e-05 -0.00532084 3.32935e-05 -0.552522 6.77425e-05 1.5711 -0.00188245
23.626 -0.556876 -0.552652 -0.00422424 5.60824 3.71786e-05 -0.00532919 3.34453e-05 -0.552652 6.78571e-05 1.5711 -0.00188194
23.627 -0.557013 -0.552782 -0.00423046 5.61021 3.73245e-05 -0.00533749 3.35962e-05 -0.552782 6.79709e-05 1.5711 -0.00188143
23.628 -0.557149 -0.552913 -0.00423664 5.6122 3.74694e-05 -0.00534572 3.37461e-05 -0.552913 6.80838e-05 1.5711 -0.00188091
23.629 -0.557286 -0.553043 -0.00424278 5.6142 3.76133e-05 -0.00535388 3.3895e-05 -0.553043 6.81959e-05 1.5711 -0.0018804
23.63 -0.557423 -0.553174 -0.00424889 5.61621 3.77564e-05 -0.00536197 3.4043e-05 -0.553174 6.83072e-05 1.5711 -0.00187988
23.631 -0.55756 -0.553306 -0.00425497 5.61823 3.78985e-05 -0.00537001 3.41901e-05 -0.553306 6.84176e-05 1.5711 -0.00187936
23.632 -0.557698 -0.553437 -0.00426101 5.62026 3.80396e-05 -0.00537797 3.43362e-05 -0.553437 6.85271e-05 1.5711 -0.00187884
23.633 -0.557836 -0.553569 -0.00426702 5.6223 3.81798e-05 -0.00538587 3.44813e-05 -0.553569 6.86358e-05 1.5711 -0.00187832
23.634 -0.557974 -0.553701 -0.00427299 5.62434 3.83191e-05 -0.00539371 3.46255e-05 -0.553701 6.87436e-05 1.5711 -0.0018778
23.635 -0.558112 -0.553833 -0.00427893 5.6264 3.84574e-05 -0.00540147 3.47686e-05 -0.553833 6.88506e-05 1.5711 -0.00187728
23.636 -0.558251 -0.553966 -0.00428484 5.62847 3.85948e-05 -0.00540918 3.49109e-05 -0.553966 6.89568e-05 1.5711 -0.00187676
23.637 -0.558389 -0.554099 -0.00429071 5.63055 3.87312e-05 -0.00541681 3.50521e-05 -0.554099 6.9062e-05 1.5711 -0.00187624
23.638 -0.558528 -0.554232 -0.00429654 5.63264 3.88667e-05 -0.00542438 3.51923e-05 -0.554232 6.91665e-05 1.5711 -0.00187571
23.639 -0.558667 -0.554365 -0.00430235 5.63474 3.90011e-05 -0.00543188 3.53316e-05 -0.554365 6.927e-05 1.5711 -0.00187519
23.64 -0.558807 -0.554499 -0.00430811 5.63685 3.91347e-05 -0.00543932 3.54699e-05 -0.554499 6.93727e-05 1.5711 -0.00187466
23.641 -0.558946 -0.554633 -0.00431384 5.63897 3.92672e-05 -0.00544669 3.56072e-05 -0.554633 6.94745e-05 1.5711 -0.00187413
23.642 -0.559086 -0.554767 -0.00431954 5.6411 3.93988e-05 -0.00545399 3.57434e-05 -0.554767 6.95755e-05 1.5711 -0.00187361
23.643 -0.559227 -0.554901 -0.0043252 5.64324 3.95293e-05 -0.00546123 3.58787e-05 -0.554901 6.96756e-05 1.5711 -0.00187308
23.644 -0.559367 -0.555036 -0.00433083 5.64539 3.96589e-05 -0.0054684 3.6013e-05 -0.555036 6.97748e-05 1.5711 -0.00187255
23.645 -0.559508 -0.555171 -0.00433643 5.64755 3.97876e-05 -0.0054755 3.61463e-05 -0.555171 6.98732e-05 1.5711 -0.00187202
23.646 -0.559648 -0.555306 -0.00434198 5.64972 3.99152e-05 -0.00548254 3.62786e-05 -0.555306 6.99707e-05 1.5711 -0.00187149
23.647 -0.55979 -0.555442 -0.00434751 5.6519 4.00418e-05 -0.00548951 3.64098e-05 -0.555442 7.00673e-05 1.5711 -0.00187095
23.648 -0.559931 -0.555578 -0.00435299 5.65409 4.01675e-05 -0.00549641 3.65401e-05 -0.555578 7.01631e-05 1.5711 -0.00187042
23.649 -0.560072 -0.555714 -0.00435845 5.65629 4.02922e-05 -0.00550324 3.66693e-05 -0.555714 7.02579e-05 1.5711 -0.00186989
23.65 -0.560214 -0.55585 -0.00436387 5.6585 4.04158e-05 -0.00551001 3.67975e-05 -0.55585 7.03519e-05 1.5711 -0.00186935
23.651 -0.560356 -0.555987 -0.00436925 5.66072 4.05385e-05 -0.00551671 3.69247e-05 -0.555987 7.04451e-05 1.5711 -0.00186882
23.652 -0.560499 -0.556124 -0.0043746 5.66295 4.06601e-05 -0.00552334 3.70509e-05 -0.556124 7.05373e-05 1.5711 -0.00186828
23.653 -0.560641 -0.556261 -0.00437991 5.66519 4.07808e-05 -0.0055299 3.71761e-05 -0.556261 7.06287e-05 1.5711 -0.00186774
23.654 -0.560784 -0.556399 -0.00438519 5.66744 4.09004e-05 -0.0055364 3.73002e-05 -0.556399 7.07191e-05 1.5711 -0.0018672
23.655 -0.560927 -0.556536 -0.00439043 5.6697 4.1019e-05 -0.00554283 3.74232e-05 -0.556536 7.08087e-05 1.57111 -0.00186667
23.656 -0.56107 -0.556674 -0.00439564 5.67197 4.11366e-05 -0.00554919 3.75453e-05 -0.556674 7.08975e-05 1.57111 -0.00186612
23.657 -0.561214 -0.556813 -0.00440081 5.67425 4.12532e-05 -0.00555548 3.76663e-05 -0.556813 7.09853e-05 1.57111 -0.00186558
23.658 -0.561357 -0.556951 -0.00440595 5.67654 4.13688e-05 -0.0055617 3.77863e-05 -0.556951 7.10722e-05 1.57111 -0.00186504
23.659 -0.561501 -0.55709 -0.00441105 5.67884 4.14833e-05 -0.00556786 3.79052e-05 -0.55709 7.11583e-05 1.57111 -0.0018645
23.66 -0.561645 -0.557229 -0.00441612 5.68115 4.15969e-05 -0.00557395 3.80231e-05 -0.557229 7.12435e-05 1.57111 -0.00186396
23.661 -0.56179 -0.557369 -0.00442115 5.68346 4.17094e-05 -0.00557997 3.81399e-05 -0.557369 7.13278e-05 1.57111 -0.00186341
23.662 -0.561934 -0.557508 -0.00442615 5.68579 4.18209e-05 -0.00558592 3.82557e-05 -0.557508 7.14112e-05 1.57111 -0.00186287
23.663 -0.562079 -0.557648 -0.00443111 5.68813 4.19313e-05 -0.00559181 3.83705e-05 -0.557648 7.14937e-05 1.57111 -0.00186232
23.664 -0.562224 -0.557788 -0.00443603 5.69048 4.20407e-05 -0.00559763 3.84842e-05 -0.557788 7.15753e-05 1.57111 -0.00186177
23.665 -0.56237 -0.557929 -0.00444092 5.69284 4.21491e-05 -0.00560337 3.85968e-05 -0.557929 7.16561e-05 1.57111 -0.00186122
23.666 -0.562515 -0.558069 -0.00444578 5.69521 4.22564e-05 -0.00560905 3.87084e-05 -0.558069 7.17359e-05 1.57111 -0.00186068
23.667 -0.562661 -0.55821 -0.0044506 5.69759 4.23628e-05 -0.00561467 3.88189e-05 -0.55821 7.18149e-05 1.57111 -0.00186013
23.668 -0.562807 -0.558352 -0.00445538 5.69998 4.2468e-05 -0.00562021 3.89284e-05 -0.558352 7.18929e-05 1.57111 -0.00185958
23.669 -0.562953 -0.558493 -0.00446013 5.70237 4.25723e-05 -0.00562568 3.90368e-05 -0.558493 7.19701e-05 1.57111 -0.00185902
23.67 -0.5631 -0.558635 -0.00446485 5.70478 4.26755e-05 -0.00563109 3.91441e-05 -0.558635 7.20464e-05 1.57111 -0.00185847
23.671 -0.563247 -0.558777 -0.00446952 5.7072 4.27776e-05 -0.00563643 3.92504e-05 -0.558777 7.21217e-05 1.57111 -0.00185792
23.672 -0.563394 -0.558919 -0.00447417 5.70963 4.28787e-05 -0.0056417 3.93556e-05 -0.558919 7.21962e-05 1.57111 -0.00185736
23.673 -0.563541 -0.559062 -0.00447877 5.71206 4.29788e-05 -0.0056469 3.94598e-05 -0.559062 7.22698e-05 1.57111 -0.00185681
23.674 -0.563688 -0.559205 -0.00448334 5.71451 4.30778e-05 -0.00565203 3.95629e-05 -0.559205 7.23425e-05 1.57111 -0.00185625
23.675 -0.563836 -0.559348 -0.00448788 5.71697 4.31757e-05 -0.00565709 3.96649e-05 -0.559348 7.24143e-05 1.57111 -0.0018557
23.676 -0.563984 -0.559491 -0.00449238 5.71943 4.32727e-05 -0.00566209 3.97658e-05 -0.559491 7.24852e-05 1.57111 -0.00185514
23.677 -0.564132 -0.559635 -0.00449684 5.72191 4.33685e-05 -0.00566701 3.98657e-05 -0.559635 7.25552e-05 1.57111 -0.00185458
23.678 -0.56428 -0.559779 -0.00450127 5.7244 4.34633e-05 -0.00567187 3.99645e-05 -0.559779 7.26243e-05 1.57111 -0.00185402
23.679 -0.564429 -0.559923 -0.00450567 5.72689 4.35571e-05 -0.00567666 4.00622e-05 -0.559923 7.26925e-05 1.57111 -0.00185346
23.68 -0.564577 -0.560067 -0.00451003 5.7294 4.36498e-05 -0.00568138 4.01589e-05 -0.560067 7.27598e-05 1.57111 -0.0018529
23.681 -0.564727 -0.560212 -0.00451435 5.73191 4.37414e-05 -0.00568603 4.02544e-05 -0.560212 7.28262e-05 1.57111 -0.00185234
23.682 -0.564876 -0.560357 -0.00451864 5.73444 4.3832e-05 -0.00569061 4.03489e-05 -0.560357 7.28917e-05 1.57111 -0.00185178
23.683 -0.565025 -0.560502 -0.00452289 5.73697 4.39215e-05 -0.00569513 4.04423e-05 -0.560502 7.29563e-05 1.57111 -0.00185121
23.684 -0.565175 -0.560648 -0.0045271 5.73951 4.401e-05 -0.00569957 4.05347e-05 -0.560648 7.302e-05 1.57111 -0.00185065
23.685 -0.565325 -0.560794 -0.00453128 5.74207 4.40974e-05 -0.00570395 4.06259e-05 -0.560794 7.30828e-05 1.57111 -0.00185008
23.686 -0.565475 -0.56094 -0.00453543 5.74463 4.41838e-05 -0.00570825 4.07161e-05 -0.56094 7.31447e-05 1.57111 -0.00184952
23.687 -0.565625 -0.561086 -0.00453954 5.7472 4.4269e-05 -0.00571249 4.08052e-05 -0.561086 7.32057e-05 1.57111 -0.00184895
23.688 -0.565776 -0.561232 -0.00454361 5.74978 4.43533e-05 -0.00571666 4.08932e-05 -0.561232 7.32658e-05 1.57111 -0.00184838
23.689 -0.565927 -0.561379 -0.00454765 5.75238 4.44364e-05 -0.00572076 4.09801e-05 -0.561379 7.3325e-05 1.57111 -0.00184781
23.69 -0.566078 -0.561526 -0.00455165 5.75498 4.45185e-05 -0.00572479 4.1066e-05 -0.561526 7.33833e-05 1.57111 -0.00184724
23.691 -0.566229 -0.561674 -0.00455562 5.75759 4.45996e-05 -0.00572876 4.11507e-05 -0.561674 7.34407e-05 1.57111 -0.00184667
23.692 -0.566381 -0.561821 -0.00455955 5.76021 4.46795e-05 -0.00573265 4.12344e-05 -0.561821 7.34971e-05 1.57111 -0.0018461
23.693 -0.566533 -0.561969 -0.00456345 5.76284 4.47584e-05 -0.00573648 4.1317e-05 -0.561969 7.35527e-05 1.57111 -0.00184553
23.694 -0.566685 -0.562117 -0.00456731 5.76548 4.48363e-05 -0.00574023 4.13985e-05 -0.562117 7.36074e-05 1.57111 -0.00184496
23.695 -0.566837 -0.562266 -0.00457113 5.76813 4.49131e-05 -0.00574392 4.14789e-05 -0.562266 7.36612e-05 1.57111 -0.00184438
23.696 -0.566989 -0.562414 -0.00457492 5.77078 4.49888e-05 -0.00574754 4.15583e-05 -0.562414 7.37141e-05 1.57111 -0.00184381
23.697 -0.567142 -0.562563 -0.00457867 5.77345 4.50634e-05 -0.00575109 4.16365e-05 -0.562563 7.37661e-05 1.57111 -0.00184323
23.698 -0.567295 -0.562712 -0.00458239 5.77613 4.5137e-05 -0.00575457 4.17137e-05 -0.562712 7.38172e-05 1.57111 -0.00184266
23.699 -0.567448 -0.562862 -0.00458607 5.77882 4.52095e-05 -0.00575798 4.17897e-05 -0.562862 7.38673e-05 1.57111 -0.00184208
23.7 -0.567601 -0.563012 -0.00458972 5.78151 4.52809e-05 -0.00576132 4.18647e-05 -0.563012 7.39166e-05 1.57111 -0.0018415
23.701 -0.567755 -0.563161 -0.00459333 5.78422 4.53513e-05 -0.0057646 4.19386e-05 -0.563161 7.3965e-05 1.57111 -0.00184092
23.702 -0.567909 -0.563312 -0.00459691 5.78693 4.54206e-05 -0.0057678 4.20114e-05 -0.563312 7.40125e-05 1.57111 -0.00184034
23.703 -0.568063 -0.563462 -0.00460045 5.78966 4.54889e-05 -0.00577094 4.20831e-05 -0.563462 7.4059e-05 1.57111 -0.00183976
23.704 -0.568217 -0.563613 -0.00460395 5.79239 4.55561e-05 -0.00577401 4.21538e-05 -0.563613 7.41047e-05 1.57111 -0.00183918
23.705 -0.568371 -0.563764 -0.00460742 5.79513 4.56222e-05 -0.00577701 4.22233e-05 -0.563764 7.41495e-05 1.57111 -0.0018386
23.706 -0.568526 -0.563915 -0.00461086 5.79788 4.56872e-05 -0.00577994 4.22918e-05 -0.563915 7.41934e-05 1.57112 -0.00183802
23.707 -0.568681 -0.564067 -0.00461426 5.80065 4.57512e-05 -0.0057828 4.23592e-05 -0.564067 7.42364e-05 1.57112 -0.00183743
23.708 -0.568836 -0.564218 -0.00461762 5.80342 4.58141e-05 -0.00578559 4.24254e-05 -0.564218 7.42784e-05 1.57112 -0.00183685
23.709 -0.568991 -0.56437 -0.00462095 5.8062 4.58759e-05 -0.00578832 4.24906e-05 -0.56437 7.43196e-05 1.57112 -0.00183626
23.71 -0.569147 -0.564523 -0.00462424 5.80899 4.59367e-05 -0.00579097 4.25547e-05 -0.564523 7.43599e-05 1.57112 -0.00183568
23.711 -0.569303 -0.564675 -0.0046275 5.81178 4.59964e-05 -0.00579356 4.26178e-05 -0.564675 7.43993e-05 1.57112 -0.00183509
23.712 -0.569459 -0.564828 -0.00463072 5.81459 4.60551e-05 -0.00579608 4.26797e-05 -0.564828 7.44378e-05 1.57112 -0.0018345
23.713 -0.569615 -0.564981 -0.00463391 5.81741 4.61126e-05 -0.00579853 4.27406e-05 -0.564981 7.44753e-05 1.57112 -0.00183391
23.714 -0.569771 -0.565134 -0.00463706 5.82024 4.61692e-05 -0.00580091 4.28003e-05 -0.565134 7.4512e-05 1.57112 -0.00183332
23.715 -0.569928 -0.565288 -0.00464017 5.82307 4.62246e-05 -0.00580323 4.2859e-05 -0.565288 7.45478e-05 1.57112 -0.00183273
23.716 -0.570085 -0.565442 -0.00464325 5.82592 4.6279e-05 -0.00580547 4.29166e-05 -0.565442 7.45827e-05 1.57112 -0.00183214
23.717 -0.570242 -0.565596 -0.0046463 5.82877 4.63323e-05 -0.00580765 4.29731e-05 -0.565596 7.46167e-05 1.57112 -0.00183155
23.718 -0.5704 -0.56575 -0.00464931 5.83163 4.63846e-05 -0.00580976 4.30286e-05 -0.56575 7.46498e-05 1.57112 -0.00183096
23.719 -0.570557 -0.565905 -0.00465228 5.8345 4.64358e-05 -0.0058118 4.30829e-05 -0.565905 7.4682e-05 1.57112 -0.00183036
23.72 -0.570715 -0.56606 -0.00465522 5.83738 4.64859e-05 -0.00581377 4.31362e-05 -0.56606 7.47134e-05 1.57112 -0.00182977
23.721 -0.570873 -0.566215 -0.00465813 5.84027 4.6535e-05 -0.00581568 4.31884e-05 -0.566215 7.47438e-05 1.57112 -0.00182917
23.722 -0.571031 -0.56637 -0.004661 5.84317 4.6583e-05 -0.00581751 4.32395e-05 -0.56637 7.47733e-05 1.57112 -0.00182858
23.723 -0.57119 -0.566526 -0.00466383 5.84608 4.663e-05 -0.00581928 4.32895e-05 -0.566526 7.4802e-05 1.57112 -0.00182798
23.724 -0.571348 -0.566682 -0.00466663 5.849 4.66759e-05 -0.00582098 4.33385e-05 -0.566682 7.48297e-05 1.57112 -0.00182738
23.725 -0.571507 -0.566838 -0.0046694 5.85193 4.67208e-05 -0.00582262 4.33863e-05 -0.566838 7.48566e-05 1.57112 -0.00182678
23.726 -0.571666 -0.566994 -0.00467212 5.85486 4.67646e-05 -0.00582418 4.34331e-05 -0.566994 7.48826e-05 1.57112 -0.00182618
23.727 -0.571826 -0.567151 -0.00467482 5.85781 4.68073e-05 -0.00582568 4.34788e-05 -0.567151 7.49077e-05 1.57112 -0.00182558
23.728 -0.571985 -0.567308 -0.00467748 5.86076 4.6849e-05 -0.00582711 4.35235e-05 -0.567308 7.49319e-05 1.57112 -0.00182498
23.729 -0.572145 -0.567465 -0.0046801 5.86372 4.68896e-05 -0.00582847 4.35671e-05 -0.567465 7.49552e-05 1.57112 -0.00182438
23.73 -0.572305 -0.567622 -0.00468269 5.86669 4.69292e-05 -0.00582976 4.36096e-05 -0.567622 7.49776e-05 1.57112 -0.00182378
23.731 -0.572465 -0.56778 -0.00468525 5.86967 4.69677e-05 -0.00583099 4.3651e-05 -0.56778 7.49991e-05 1.57112 -0.00182317
23.732 -0.572625 -0.567938 -0.00468777 5.87266 4.70052e-05 -0.00583215 4.36913e-05 -0.567938 7.50198e-05 1.57112 -0.00182257
23.733 -0.572786 -0.568096 -0.00469025 5.87566 4.70416e-05 -0.00583324 4.37306e-05 -0.568096 7.50396e-05 1.57112 -0.00182196
23.734 -0.572947 -0.568254 -0.0046927 5.87867 4.7077e-05 -0.00583426 4.37688e-05 -0.568254 7.50584e-05 1.57112 -0.00182136
23.735 -0.573108 -0.568413 -0.00469512 5.88168 4.71113e-05 -0.00583522 4.3806e-05 -0.568413 7.50765e-05 1.57112 -0.00182075
23.736 -0.573269 -0.568572 -0.0046975 5.88471 4.71446e-05 -0.00583611 4.38421e-05 -0.568572 7.50936e-05 1.57112 -0.00182014
23.737 -0.573431 -0.568731 -0.00469984 5.88774 4.71768e-05 -0.00583693 4.38771e-05 -0.568731 7.51098e-05 1.57112 -0.00181953
23.738 -0.573592 -0.56889 -0.00470216 5.89078 4.7208e-05 -0.00583769 4.3911e-05 -0.56889 7.51252e-05 1.57112 -0.00181892
23.739 -0.573754 -0.56905 -0.00470443 5.89383 4.72382e-05 -0.00583837 4.39439e-05 -0.56905 7.51397e-05 1.57112 -0.00181831
23.74 -0.573916 -0.56921 -0.00470668 5.89689 4.72673e-05 -0.00583899 4.39758e-05 -0.56921 7.51533e-05 1.57112 -0.0018177
23.741 -0.574079 -0.56937 -0.00470888 5.89996 4.72954e-05 -0.00583955 4.40065e-05 -0.56937 7.5166e-05 1.57112 -0.00181709
23.742 -0.574241 -0.56953 -0.00471106 5.90304 4.73224e-05 -0.00584004 4.40363e-05 -0.56953 7.51779e-05 1.57112 -0.00181648
23.743 -0.574404 -0.569691 -0.0047132 5.90612 4.73484e-05 -0.00584046 4.40649e-05 -0.569691 7.51889e-05 1.57112 -0.00181587
23.744 -0.574567 -0.569852 -0.0047153 5.90922 4.73734e-05 -0.00584081 4.40925e-05 -0.569852 7.5199e-05 1.57112 -0.00181525
23.745 -0.57473 -0.570013 -0.00471737 5.91232 4.73974e-05 -0.0058411 4.41191e-05 -0.570013 7.52083e-05 1.57112 -0.00181464
23.746 -0.574894 -0.570174 -0.00471941 5.91543 4.74203e-05 -0.00584132 4.41446e-05 -0.570174 7.52166e-05 1.57112 -0.00181402
23.747 -0.575057 -0.570336 -0.00472141 5.91855 4.74421e-05 -0.00584148 4.4169e-05 -0.570336 7.52242e-05 1.57112 -0.00181341
23.748 -0.575221 -0.570498 -0.00472338 5.92168 4.7463e-05 -0.00584156 4.41924e-05 -0.570498 7.52308e-05 1.57112 -0.00181279
23.749 -0.575385 -0.57066 -0.00472531 5.92482 4.74828e-05 -0.00584159 4.42148e-05 -0.57066 7.52366e-05 1.57112 -0.00181217
23.75 -0.57555 -0.570822 -0.00472721 5.92796 4.75016e-05 -0.00584154 4.42361e-05 -0.570822 7.52415e-05 1.57112 -0.00181155
23.751 -0.575714 -0.570985 -0.00472908 5.93112 4.75194e-05 -0.00584143 4.42563e-05 -0.570985 7.52455e-05 1.57112 -0.00181093
23.752 -0.575879 -0.571148 -0.00473091 5.93428 4.75361e-05 -0.00584126 4.42756e-05 -0.571148 7.52487e-05 1.57112 -0.00181031
23.753 -0.576044 -0.571311 -0.0047327 5.93745 4.75519e-05 -0.00584102 4.42937e-05 -0.571311 7.5251e-05 1.57112 -0.00180969
23.754 -0.576209 -0.571474 -0.00473447 5.94063 4.75666e-05 -0.00584071 4.43109e-05 -0.571474 7.52525e-05 1.57112 -0.00180907
23.755 -0.576374 -0.571638 -0.0047362 5.94382 4.75803e-05 -0.00584034 4.4327e-05 -0.571638 7.52531e-05 1.57112 -0.00180844
23.756 -0.57654 -0.571802 -0.00473789 5.94702 4.7593e-05 -0.0058399 4.43421e-05 -0.571802 7.52529e-05 1.57112 -0.00180782
23.757 -0.576706 -0.571966 -0.00473955 5.95023 4.76046e-05 -0.0058394 4.43561e-05 -0.571966 7.52517e-05 1.57112 -0.0018072
23.758 -0.576872 -0.57213 -0.00474118 5.95344 4.76153e-05 -0.00583883 4.43691e-05 -0.57213 7.52498e-05 1.57112 -0.00180657
23.759 -0.577038 -0.572295 -0.00474278 5.95666 4.7625e-05 -0.00583819 4.43811e-05 -0.572295 7.5247e-05 1.57112 -0.00180594
23.76 -0.577204 -0.57246 -0.00474434 5.95989 4.76336e-05 -0.0058375 4.4392e-05 -0.57246 7.52433e-05 1.57112 -0.00180532
23.761 -0.577371 -0.572625 -0.00474586 5.96313 4.76412e-05 -0.00583673 4.4402e-05 -0.572625 7.52388e-05 1.57112 -0.00180469
23.762 -0.577538 -0.57279 -0.00474736 5.96638 4.76479e-05 -0.0058359 4.44109e-05 -0.57279 7.52334e-05 1.57112 -0.00180406
23.763 -0.577705 -0.572956 -0.00474882 5.96964 4.76535e-05 -0.00583501 4.44188e-05 -0.572956 7.52272e-05 1.57112 -0.00180343
23.764 -0.577872 -0.573122 -0.00475025 5.9729 4.76582e-05 -0.00583405 4.44256e-05 -0.573122 7.52201e-05 1.57112 -0.0018028
23.765 -0.578039 -0.573288 -0.00475164 5.97617 4.76618e-05 -0.00583303 4.44315e-05 -0.573288 7.52122e-05 1.57112 -0.00180217
23.766 -0.578207 -0.573454 -0.004753 5.97945 4.76645e-05 -0.00583194 4.44363e-05 -0.573454 7.52035e-05 1.57112 -0.00180154
23.767 -0.578375 -0.573621 -0.00475433 5.98274 4.76661e-05 -0.00583079 4.44401e-05 -0.573621 7.51939e-05 1.57112 -0.00180091
23.768 -0.578543 -0.573787 -0.00475562 5.98604 4.76668e-05 -0.00582957 4.44429e-05 -0.573787 7.51835e-05 1.57112 -0.00180027
23.769 -0.578711 -0.573954 -0.00475688 5.98934 4.76665e-05 -0.00582829 4.44447e-05 -0.573954 7.51722e-05 1.57112 -0.00179964
23.77 -0.57888 -0.574122 -0.00475811 5.99266 4.76652e-05 -0.00582695 4.44455e-05 -0.574122 7.51601e-05 1.57112 -0.00179901
23.771 -0.579048 -0.574289 -0.0047593 5.99598 4.76629e-05 -0.00582554 4.44453e-05 -0.574289 7.51472e-05 1.57112 -0.00179837
23.772 -0.579217 -0.574457 -0.00476046 5.99931 4.76596e-05 -0.00582407 4.44441e-05 -0.574457 7.51334e-05 1.57112 -0.00179773
23.773 -0.579386 -0.574625 -0.00476159 6.00265 4.76553e-05 -0.00582253 4.44419e-05 -0.574625 7.51188e-05 1.57112 -0.0017971
23.774 -0.579556 -0.574793 -0.00476269 6.00599 4.76501e-05 -0.00582094 4.44387e-05 -0.574793 7.51034e-05 1.57112 -0.00179646
23.775 -0.579725 -0.574962 -0.00476375 6.00935 4.76439e-05 -0.00581927 4.44345e-05 -0.574962 7.50871e-05 1.57112 -0.00179582
23.776 -0.579895 -0.57513 -0.00476478 6.01271 4.76367e-05 -0.00581755 4.44293e-05 -0.57513 7.507e-05 1.57112 -0.00179518
23.777 -0.580065 -0.575299 -0.00476578 6.01608 4.76286e-05 -0.00581576 4.44231e-05 -0.575299 7.50521e-05 1.57112 -0.00179454
23.778 -0.580235 -0.575468 -0.00476674 6.01946 4.76195e-05 -0.00581391 4.4416e-05 -0.575468 7.50334e-05 1.57112 -0.0017939
23.779 -0.580406 -0.575638 -0.00476768 6.02284 4.76094e-05 -0.00581199 4.44078e-05 -0.575638 7.50139e-05 1.57112 -0.00179326
23.78 -0.580576 -0.575808 -0.00476858 6.02624 4.75984e-05 -0.00581002 4.43987e-05 -0.575808 7.49935e-05 1.57112 -0.00179262
23.781 -0.580747 -0.575977 -0.00476944 6.02964 4.75864e-05 -0.00580798 4.43886e-05 -0.575977 7.49723e-05 1.57112 -0.00179197
23.782 -0.580918 -0.576148 -0.00477028 6.03305 4.75734e-05 -0.00580587 4.43775e-05 -0.576148 7.49503e-05 1.57112 -0.00179133
23.783 -0.581089 -0.576318 -0.00477108 6.03647 4.75595e-05 -0.00580371 4.43654e-05 -0.576318 7.49275e-05 1.57112 -0.00179068
23.784 -0.58126 -0.576489 -0.00477185 6.03989 4.75447e-05 -0.00580148 4.43524e-05 -0.576489 7.49038e-05 1.57111 -0.00179004
23.785 -0.581432 -0.576659 -0.00477259 6.04333 4.75288e-05 -0.00579919 4.43383e-05 -0.576659 7.48794e-05 1.57111 -0.00178939
23.786 -0.581604 -0.576831 -0.0047733 6.04677 4.75121e-05 -0.00579684 4.43234e-05 -0.576831 7.48541e-05 1.57111 -0.00178874
23.787 -0.581776 -0.577002 -0.00477397 6.05022 4.74944e-05 -0.00579443 4.43074e-05 -0.577002 7.48281e-05 1.57111 -0.0017881
23.788 -0.581948 -0.577173 -0.00477461 6.05367 4.74757e-05 -0.00579196 4.42905e-05 -0.577173 7.48012e-05 1.57111 -0.00178745
23.789 -0.58212 -0.577345 -0.00477522 6.05714 4.74562e-05 -0.00578942 4.42727e-05 -0.577345 7.47736e-05 1.57111 -0.0017868
23.79 -0.582293 -0.577517 -0.0047758 6.06061 4.74356e-05 -0.00578682 4.42538e-05 -0.577517 7.47451e-05 1.57111 -0.00178615
23.791 -0.582466 -0.57769 -0.00477635 6.06409 4.74142e-05 -0.00578417 4.42341e-05 -0.57769 7.47158e-05 1.57111 -0.0017855
23.792 -0.582639 -0.577862 -0.00477687 6.06758 4.73918e-05 -0.00578145 4.42133e-05 -0.577862 7.46858e-05 1.57111 -0.00178485
23.793 -0.582812 -0.578035 -0.00477735 6.07108 4.73685e-05 -0.00577867 4.41917e-05 -0.578035 7.46549e-05 1.57111 -0.00178419
23.794 -0.582986 -0.578208 -0.0047778 6.07458 4.73442e-05 -0.00577583 4.4169e-05 -0.578208 7.46233e-05 1.57111 -0.00178354
23.795 -0.583159 -0.578381 -0.00477822 6.07809 4.73191e-05 -0.00577292 4.41455e-05 -0.578381 7.45909e-05 1.57111 -0.00178289
23.796 -0.583333 -0.578554 -0.00477861 6.08161 4.7293e-05 -0.00576996 4.4121e-05 -0.578554 7.45576e-05 1.57111 -0.00178223
23.797 -0.583507 -0.578728 -0.00477897 6.08514 4.7266e-05 -0.00576694 4.40955e-05 -0.578728 7.45236e-05 1.57111 -0.00178158
23.798 -0.583681 -0.578902 -0.0047793 6.08867 4.7238e-05 -0.00576386 4.40692e-05 -0.578902 7.44888e-05 1.57111 -0.00178092
23.799 -0.583856 -0.579076 -0.00477959 6.09221 4.72092e-05 -0.00576071 4.40418e-05 -0.579076 7.44532e-05 1.57111 -0.00178026
23.8 -0.58403 -0.579251 -0.00477986 6.09576 4.71795e-05 -0.00575751 4.40136e-05 -0.579251 7.44169e-05 1.57111 -0.00177961
23.801 -0.584205 -0.579425 -0.00478009 6.09932 4.71488e-05 -0.00575425 4.39844e-05 -0.579425 7.43797e-05 1.57111 -0.00177895
23.802 -0.58438 -0.5796 -0.00478029 6.10288 4.71173e-05 -0.00575093 4.39544e-05 -0.5796 7.43418e-05 1.57111 -0.00177829
23.803 -0.584556 -0.579775 -0.00478047 6.10645 4.70848e-05 -0.00574754 4.39234e-05 -0.579775 7.43031e-05 1.57111 -0.00177763
23.804 -0.584731 -0.57995 -0.00478061 6.11003 4.70515e-05 -0.0057441 4.38914e-05 -0.57995 7.42637e-05 1.57111 -0.00177697
23.805 -0.584907 -0.580126 -0.00478072 6.11362 4.70172e-05 -0.0057406 4.38586e-05 -0.580126 7.42234e-05 1.57111 -0.00177631
23.806 -0.585083 -0.580302 -0.0047808 6.11721 4.69821e-05 -0.00573704 4.38248e-05 -0.580302 7.41824e-05 1.57111 -0.00177564
23.807 -0.585259 -0.580478 -0.00478085 6.12081 4.6946e-05 -0.00573343 4.37902e-05 -0.580478 7.41407e-05 1.57111 -0.00177498
23.808 -0.585435 -0.580654 -0.00478086 6.12442 4.69091e-05 -0.00572975 4.37546e-05 -0.580654 7.40982e-05 1.57111 -0.00177432
23.809 -0.585611 -0.58083 -0.00478085 6.12804 4.68713e-05 -0.00572602 4.37182e-05 -0.58083 7.40549e-05 1.57111 -0.00177365
23.81 -0.585788 -0.581007 -0.00478081 6.13166 4.68327e-05 -0.00572222 4.36808e-05 -0.581007 7.40108e-05 1.57111 -0.00177299
23.811 -0.585965 -0.581184 -0.00478074 6.13529 4.67931e-05 -0.00571837 4.36425e-05 -0.581184 7.3966e-05 1.57111 -0.00177232
23.812 -0.586142 -0.581361 -0.00478064 6.13893 4.67527e-05 -0.00571446 4.36034e-05 -0.581361 7.39205e-05 1.57111 -0.00177165
23.813 -0.586319 -0.581539 -0.0047805 6.14257 4.67114e-05 -0.00571049 4.35633e-05 -0.581539 7.38741e-05 1.57111 -0.00177099
23.814 -0.586496 -0.581716 -0.00478034 6.14623 4.66692e-05 -0.00570647 4.35224e-05 -0.581716 7.38271e-05 1.57111 -0.00177032
23.815 -0.586674 -0.581894 -0.00478015 6.14989 4.66262e-05 -0.00570239 4.34806e-05 -0.581894 7.37793e-05 1.57111 -0.00176965
23.816 -0.586852 -0.582072 -0.00477993 6.15355 4.65823e-05 -0.00569825 4.34379e-05 -0.582072 7.37307e-05 1.57111 -0.00176898
23.817 -0.58703 -0.58225 -0.00477967 6.15723 4.65375e-05 -0.00569405 4.33943e-05 -0.58225 7.36814e-05 1.57111 -0.00176831
23.818 -0.587208 -0.582429 -0.00477939 6.16091 4.64919e-05 -0.0056898 4.33498e-05 -0.582429 7.36314e-05 1.57111 -0.00176764
23.819 -0.587387 -0.582608 -0.00477908 6.16459 4.64454e-05 -0.00568549 4.33045e-05 -0.582608 7.35806e-05 1.57111 -0.00176697
23.82 -0.587565 -0.582787 -0.00477874 6.16829 4.63981e-05 -0.00568112 4.32583e-05 -0.582787 7.35291e-05 1.57111 -0.00176629
23.821 -0.587744 -0.582966 -0.00477837 6.17199 4.635e-05 -0.0056767 4.32113e-05 -0.582966 7.34769e-05 1.57111 -0.00176562
23.822 -0.587923 -0.583145 -0.00477797 6.1757 4.63009e-05 -0.00567222 4.31633e-05 -0.583145 7.34239e-05 1.57111 -0.00176494
23.823 -0.588102 -0.583325 -0.00477754 6.17942 4.62511e-05 -0.00566768 4.31146e-05 -0.583325 7.33702e-05 1.57111 -0.00176427
23.824 -0.588282 -0.583505 -0.00477708 6.18314 4.62004e-05 -0.00566309 4.30649e-05 -0.583505 7.33157e-05 1.57111 -0.00176359
23.825 -0.588461 -0.583685 -0.00477659 6.18687 4.61489e-05 -0.00565844 4.30144e-05 -0.583685 7.32606e-05 1.57111 -0.00176292
23.826 -0.588641 -0.583865 -0.00477608 6.19061 4.60966e-05 -0.00565374 4.29631e-05 -0.583865 7.32047e-05 1.57111 -0.00176224
23.827 -0.588821 -0.584046 -0.00477553 6.19435 4.60434e-05 -0.00564898 4.29109e-05 -0.584046 7.31481e-05 1.57111 -0.00176156
23.828 -0.589001 -0.584226 -0.00477496 6.1981 4.59894e-05 -0.00564416 4.28579e-05 -0.584226 7.30908e-05 1.57111 -0.00176088
23.829 -0.589182 -0.584407 -0.00477436 6.20186 4.59346e-05 -0.0056393 4.2804e-05 -0.584407 7.30328e-05 1.57111 -0.0017602
23.83 -0.589362 -0.584589 -0.00477373 6.20563 4.58789e-05 -0.00563437 4.27493e-05 -0.584589 7.2974e-05 1.57111 -0.00175952
23.831 -0.589543 -0.58477 -0.00477307 6.2094 4.58225e-05 -0.00562939 4.26938e-05 -0.58477 7.29146e-05 1.57111 -0.00175884
23.832 -0.589724 -0.584952 -0.00477238 6.21318 4.57652e-05 -0.00562436 4.26374e-05 -0.584952 7.28544e-05 1.57111 -0.00175816
23.833 -0.589905 -0.585134 -0.00477166 6.21696 4.57071e-05 -0.00561927 4.25802e-05 -0.585134 7.27935e-05 1.57111 -0.00175748
23.834 -0.590087 -0.585316 -0.00477092 6.22075 4.56483e-05 -0.00561413 4.25222e-05 -0.585316 7.2732e-05 1.57111 -0.0017568
23.835 -0.590268 -0.585498 -0.00477014 6.22455 4.55886e-05 -0.00560894 4.24634e-05 -0.585498 7.26697e-05 1.57111 -0.00175611
23.836 -0.59045 -0.585681 -0.00476934 6.22836 4.55281e-05 -0.00560369 4.24038e-05 -0.585681 7.26067e-05 1.57111 -0.00175543
23.837 -0.590632 -0.585863 -0.00476851 6.23217 4.54668e-05 -0.00559838 4.23433e-05 -0.585863 7.25431e-05 1.57111 -0.00175474
23.838 -0.590814 -0.586046 -0.00476765 6.23599 4.54048e-05 -0.00559303 4.2282e-05 -0.586046 7.24787e-05 1.5711 -0.00175406
23.839 -0.590996 -0.586229 -0.00476677 6.23981 4.53419e-05 -0.00558762 4.22199e-05 -0.586229 7.24137e-05 1.5711 -0.00175337
23.84 -0.591179 -0.586413 -0.00476586 6.24364 4.52783e-05 -0.00558216 4.21571e-05 -0.586413 7.2348e-05 1.5711 -0.00175268
23.841 -0.591361 -0.586597 -0.00476492 6.24748 4.52139e-05 -0.00557664 4.20934e-05 -0.586597 7.22816e-05 1.5711 -0.001752
23.842 -0.591544 -0.58678 -0.00476395 6.25133 4.51487e-05 -0.00557107 4.20289e-05 -0.58678 7.22145e-05 1.5711 -0.00175131
23.843 -0.591727 -0.586965 -0.00476295 6.25518 4.50827e-05 -0.00556545 4.19637e-05 -0.586965 7.21467e-05 1.5711 -0.00175062
23.844 -0.591911 -0.587149 -0.00476193 6.25904 4.5016e-05 -0.00555978 4.18976e-05 -0.587149 7.20783e-05 1.5711 -0.00174993
23.845 -0.592094 -0.587333 -0.00476088 6.2629 4.49485e-05 -0.00555406 4.18308e-05 -0.587333 7.20091e-05 1.5711 -0.00174924
23.846 -0.592278 -0.587518 -0.0047598 6.26677 4.48802e-05 -0.00554828 4.17631e-05 -0.587518 7.19393e-05 1.5711 -0.00174854
23.847 -0.592462 -0.587703 -0.0047587 6.27065 4.48112e-05 -0.00554245 4.16947e-05 -0.587703 7.18689e-05 1.5711 -0.00174785
23.848 -0.592646 -0.587888 -0.00475757 6.27454 4.47414e-05 -0.00553657 4.16256e-05 -0.587888 7.17977e-05 1.5711 -0.00174716
23.849 -0.59283 -0.588074 -0.00475641 6.27843 4.46708e-05 -0.00553064 4.15556e-05 -0.588074 7.1726e-05 1.5711 -0.00174647
23.85 -0.593014 -0.588259 -0.00475522 6.28232 4.45995e-05 -0.00552466 4.14849e-05 -0.588259 7.16535e-05 1.5711 -0.00174577
23.851 -0.593199 -0.588445 -0.00475401 6.28623 4.45275e-05 -0.00551863 4.14134e-05 -0.588445 7.15804e-05 1.5711 -0.00174508
23.852 -0.593384 -0.588631 -0.00475277 6.29014 4.44547e-05 -0.00551255 4.13412e-05 -0.588631 7.15066e-05 1.5711 -0.00174438
23.853 -0.593569 -0.588817 -0.00475151 6.29405 4.43812e-05 -0.00550641 4.12682e-05 -0.588817 7.14322e-05 1.5711 -0.00174368
23.854 -0.593754 -0.589004 -0.00475022 6.29798 4.43069e-05 -0.00550023 4.11944e-05 -0.589004 7.13571e-05 1.5711 -0.00174299
23.855 -0.593939 -0.589191 -0.0047489 6.3019 4.42319e-05 -0.005494 4.11199e-05 -0.589191 7.12814e-05 1.5711 -0.00174229
23.856 -0.594125 -0.589377 -0.00474755 6.30584 4.41562e-05 -0.00548771 4.10447e-05 -0.589377 7.12051e-05 1.5711 -0.00174159
23.857 -0.594311 -0.589565 -0.00474618 6.30978 4.40798e-05 -0.00548138 4.09687e-05 -0.589565 7.11281e-05 1.5711 -0.00174089
23.858 -0.594497 -0.589752 -0.00474479 6.31373 4.40026e-05 -0.005475 4.0892e-05 -0.589752 7.10504e-05 1.5711 -0.00174019
23.859 -0.594683 -0.589939 -0.00474336 6.31768 4.39247e-05 -0.00546856 4.08145e-05 -0.589939 7.09721e-05 1.5711 -0.00173949
23.86 -0.594869 -0.590127 -0.00474192 6.32164 4.38461e-05 -0.00546208 4.07363e-05 -0.590127 7.08932e-05 1.5711 -0.00173879
23.861 -0.595056 -0.590315 -0.00474044 6.32561 4.37668e-05 -0.00545555 4.06574e-05 -0.590315 7.08137e-05 1.5711 -0.00173808
23.862 -0.595242 -0.590503 -0.00473894 6.32958 4.36867e-05 -0.00544897 4.05777e-05 -0.590503 7.07335e-05 1.5711 -0.00173738
23.863 -0.595429 -0.590692 -0.00473742 6.33356 4.3606e-05 -0.00544235 4.04974e-05 -0.590692 7.06527e-05 1.5711 -0.00173668
23.864 -0.595616 -0.59088 -0.00473587 6.33754 4.35246e-05 -0.00543567 4.04163e-05 -0.59088 7.05713e-05 1.5711 -0.00173597
23.865 -0.595803 -0.591069 -0.00473429 6.34153 4.34424e-05 -0.00542895 4.03345e-05 -0.591069 7.04893e-05 1.5711 -0.00173527
23.866 -0.595991 -0.591258 -0.00473269 6.34552 4.33596e-05 -0.00542218 4.02519e-05 -0.591258 7.04066e-05 1.5711 -0.00173456
23.867 -0.596178 -0.591447 -0.00473107 6.34953 4.32761e-05 -0.00541536 4.01687e-05 -0.591447 7.03233e-05 1.5711 -0.00173385
23.868 -0.596366 -0.591637 -0.00472941 6.35353 4.31919e-05 -0.00540849 4.00848e-05 -0.591637 7.02394e-05 1.5711 -0.00173315
23.869 -0.596554 -0.591827 -0.00472774 6.35755 4.3107e-05 -0.00540158 4.00002e-05 -0.591827 7.0155e-05 1.5711 -0.00173244
23.87 -0.596742 -0.592016 -0.00472604 6.36157 4.30214e-05 -0.00539462 3.99148e-05 -0.592016 7.00699e-05 1.5711 -0.00173173
23.871 -0.596931 -0.592206 -0.00472431 6.36559 4.29352e-05 -0.00538761 3.98288e-05 -0.592206 6.99842e-05 1.5711 -0.00173102
23.872 -0.597119 -0.592397 -0.00472256 6.36963 4.28483e-05 -0.00538056 3.97421e-05 -0.592397 6.98979e-05 1.57109 -0.00173031
23.873 -0.597308 -0.592587 -0.00472079 6.37366 4.27607e-05 -0.00537346 3.96547e-05 -0.592587 6.9811e-05 1.57109 -0.0017296
23.874 -0.597497 -0.592778 -0.00471899 6.37771 4.26724e-05 -0.00536631 3.95667e-05 -0.592778 6.97235e-05 1.57109 -0.00172889
23.875 -0.597686 -0.592969 -0.00471716 6.38175 4.25835e-05 -0.00535912 3.94779e-05 -0.592969 6.96354e-05 1.57109 -0.00172818
23.876 -0.597875 -0.59316 -0.00471532 6.38581 4.2494e-05 -0.00535188 3.93885e-05 -0.59316 6.95467e-05 1.57109 -0.00172746
23.877 -0.598065 -0.593351 -0.00471345 6.38987 4.24037e-05 -0.0053446 3.92984e-05 -0.593351 6.94574e-05 1.57109 -0.00172675
23.878 -0.598254 -0.593543 -0.00471155 6.39394 4.23129e-05 -0.00533727 3.92076e-05 -0.593543 6.93676e-05 1.57109 -0.00172604
23.879 -0.598444 -0.593735 -0.00470963 6.39801 4.22213e-05 -0.0053299 3.91162e-05 -0.593735 6.92772e-05 1.57109 -0.00172532
23.88 -0.598634 -0.593927 -0.00470769 6.40208 4.21292e-05 -0.00532248 3.90241e-05 -0.593927 6.91862e-05 1.57109 -0.00172461
23.881 -0.598824 -0.594119 -0.00470572 6.40617 4.20364e-05 -0.00531502 3.89314e-05 -0.594119 6.90946e-05 1.57109 -0.00172389
23.882 -0.599015 -0.594311 -0.00470373 6.41026 4.19429e-05 -0.00530751 3.8838e-05 -0.594311 6.90025e-05 1.57109 -0.00172317
23.883 -0.599205 -0.594504 -0.00470171 6.41435 4.18488e-05 -0.00529996 3.8744e-05 -0.594504 6.89097e-05 1.57109 -0.00172245
23.884 -0.599396 -0.594697 -0.00469968 6.41845 4.17541e-05 -0.00529237 3.86493e-05 -0.594697 6.88165e-05 1.57109 -0.00172174
23.885 -0.599587 -0.594889 -0.00469761 6.42256 4.16588e-05 -0.00528473 3.8554e-05 -0.594889 6.87226e-05 1.57109 -0.00172102
23.886 -0.599778 -0.595083 -0.00469553 6.42667 4.15628e-05 -0.00527704 3.8458e-05 -0.595083 6.86282e-05 1.57109 -0.0017203
23.887 -0.599969 -0.595276 -0.00469342 6.43078 4.14663e-05 -0.00526932 3.83614e-05 -0.595276 6.85333e-05 1.57109 -0.00171958
23.888 -0.600161 -0.59547 -0.00469129 6.4349 4.13691e-05 -0.00526155 3.82642e-05 -0.59547 6.84377e-05 1.57109 -0.00171886
23.889 -0.600353 -0.595663 -0.00468914 6.43903 4.12713e-05 -0.00525374 3.81663e-05 -0.595663 6.83417e-05 1.57109 -0.00171813
23.89 -0.600544 -0.595857 -0.00468696 6.44316 4.11729e-05 -0.00524588 3.80679e-05 -0.595857 6.82451e-05 1.57109 -0.00171741
23.891 -0.600736 -0.596052 -0.00468477 6.4473 4.10739e-05 -0.00523799 3.79688e-05 -0.596052 6.81479e-05 1.57109 -0.00171669
23.892 -0.600929 -0.596246 -0.00468254 6.45145 4.09743e-05 -0.00523005 3.78691e-05 -0.596246 6.80502e-05 1.57109 -0.00171596
23.893 -0.601121 -0.596441 -0.0046803 6.4556 4.08741e-05 -0.00522207 3.77688e-05 -0.596441 6.79519e-05 1.57109 -0.00171524
23.894 -0.601314 -0.596636 -0.00467804 6.45975 4.07733e-05 -0.00521405 3.76678e-05 -0.596636 6.78532e-05 1.57109 -0.00171451
23.895 -0.601506 -0.596831 -0.00467575 6.46391 4.06719e-05 -0.00520598 3.75663e-05 -0.596831 6.77539e-05 1.57109 -0.00171379
23.896 -0.601699 -0.597026 -0.00467344 6.46807 4.05699e-05 -0.00519788 3.74642e-05 -0.597026 6.7654e-05 1.57109 -0.00171306
23.897 -0.601892 -0.597221 -0.00467111 6.47224 4.04674e-05 -0.00518973 3.73615e-05 -0.597221 6.75536e-05 1.57109 -0.00171233
23.898 -0.602086 -0.597417 -0.00466875 6.47642 4.03642e-05 -0.00518154 3.72582e-05 -0.597417 6.74528e-05 1.57109 -0.00171161
23.899 -0.602279 -0.597613 -0.00466638 6.4806 4.02605e-05 -0.00517332 3.71543e-05 -0.597613 6.73513e-05 1.57109 -0.00171088
23.9 -0.602473 -0.597809 -0.00466398 6.48478 4.01562e-05 -0.00516505 3.70498e-05 -0.597809 6.72494e-05 1.57108 -0.00171015
23.901 -0.602666 -0.598005 -0.00466156 6.48898 4.00514e-05 -0.00515674 3.69447e-05 -0.598005 6.71469e-05 1.57108 -0.00170942
23.902 -0.60286 -0.598201 -0.00465912 6.49317 3.9946e-05 -0.00514839 3.68391e-05 -0.598201 6.7044e-05 1.57108 -0.00170869
23.903 -0.603055 -0.598398 -0.00465666 6.49737 3.984e-05 -0.00514 3.67329e-05 -0.598398 6.69405e-05 1.57108 -0.00170796
23.904 -0.603249 -0.598595 -0.00465417 6.50158 3.97335e-05 -0.00513157 3.66261e-05 -0.598595 6.68365e-05 1.57108 -0.00170722
23.905 -0.603443 -0.598792 -0.00465167 6.50579 3.96265e-05 -0.00512311 3.65187e-05 -0.598792 6.67321e-05 1.57108 -0.00170649
23.906 -0.603638 -0.598989 -0.00464915 6.51001 3.95188e-05 -0.0051146 3.64108e-05 -0.598989 6.66271e-05 1.57108 -0.00170576
23.907 -0.603833 -0.599186 -0.0046466 6.51423 3.94107e-05 -0.00510606 3.63023e-05 -0.599186 6.65216e-05 1.57108 -0.00170502
23.908 -0.604028 -0.599384 -0.00464403 6.51845 3.9302e-05 -0.00509747 3.61933e-05 -0.599384 6.64156e-05 1.57108 -0.00170429
23.909 -0.604223 -0.599582 -0.00464144 6.52268 3.91927e-05 -0.00508885 3.60837e-05 -0.599582 6.63091e-05 1.57108 -0.00170355
23.91 -0.604419 -0.59978 -0.00463884 6.52692 3.9083e-05 -0.00508019 3.59736e-05 -0.59978 6.62022e-05 1.57108 -0.00170282
23.911 -0.604614 -0.599978 -0.00463621 6.53116 3.89727e-05 -0.00507149 3.5863e-05 -0.599978 6.60947e-05 1.57108 -0.00170208
23.912 -0.60481 -0.600176 -0.00463356 6.53541 3.88618e-05 -0.00506276 3.57518e-05 -0.600176 6.59868e-05 1.57108 -0.00170134
23.913 -0.605006 -0.600375 -0.00463089 6.53966 3.87505e-05 -0.00505399 3.564e-05 -0.600375 6.58784e-05 1.57108 -0.00170061
23.914 -0.605202 -0.600574 -0.0046282 6.54391 3.86386e-05 -0.00504518 3.55278e-05 -0.600574 6.57695e-05 1.57108 -0.00169987
23.915 -0.605398 -0.600773 -0.00462549 6.54817 3.85262e-05 -0.00503633 3.5415e-05 -0.600773 6.56602e-05 1.57108 -0.00169913
23.916 -0.605595 -0.600972 -0.00462276 6.55244 3.84133e-05 -0.00502745 3.53016e-05 -0.600972 6.55504e-05 1.57108 -0.00169839
23.917 -0.605791 -0.601171 -0.00462001 6.55671 3.82999e-05 -0.00501853 3.51878e-05 -0.601171 6.54401e-05 1.57108 -0.00169765
23.918 -0.605988 -0.601371 -0.00461724 6.56098 3.8186e-05 -0.00500957 3.50734e-05 -0.601371 6.53293e-05 1.57108 -0.00169691
23.919 -0.606185 -0.601571 -0.00461446 6.56526 3.80716e-05 -0.00500058 3.49586e-05 -0.601571 6.52181e-05 1.57108 -0.00169616
23.92 -0.606382 -0.60177 -0.00461165 6.56955 3.79567e-05 -0.00499155 3.48432e-05 -0.60177 6.51064e-05 1.57108 -0.00169542
23.921 -0.606579 -0.601971 -0.00460882 6.57384 3.78413e-05 -0.00498249 3.47273e-05 -0.601971 6.49943e-05 1.57108 -0.00169468
23.922 -0.606777 -0.602171 -0.00460597 6.57813 3.77255e-05 -0.00497339 3.46109e-05 -0.602171 6.48817e-05 1.57108 -0.00169393
23.923 -0.606975 -0.602371 -0.00460311 6.58243 3.76091e-05 -0.00496425 3.4494e-05 -0.602371 6.47687e-05 1.57108 -0.00169319
23.924 -0.607172 -0.602572 -0.00460022 6.58673 3.74923e-05 -0.00495508 3.43767e-05 -0.602572 6.46552e-05 1.57107 -0.00169244
23.925 -0.60737 -0.602773 -0.00459732 6.59104 3.73749e-05 -0.00494588 3.42588e-05 -0.602773 6.45413e-05 1.57107 -0.0016917
23.926 -0.607569 -0.602974 -0.0045944 6.59535 3.72571e-05 -0.00493664 3.41405e-05 -0.602974 6.44269e-05 1.57107 -0.00169095
23.927 -0.607767 -0.603175 -0.00459146 6.59967 3.71389e-05 -0.00492737 3.40216e-05 -0.603175 6.43122e-05 1.57107 -0.0016902
23.928 -0.607965 -0.603377 -0.0045885 6.60399 3.70201e-05 -0.00491806 3.39023e-05 -0.603377 6.41969e-05 1.57107 -0.00168946
23.929 -0.608164 -0.603579 -0.00458552 6.60831 3.69009e-05 -0.00490872 3.37825e-05 -0.603579 6.40813e-05 1.57107 -0.00168871
23.93 -0.608363 -0.60378 -0.00458252 6.61264 3.67813e-05 -0.00489935 3.36623e-05 -0.60378 6.39652e-05 1.57107 -0.00168796
23.931 -0.608562 -0.603983 -0.00457951 6.61698 3.66612e-05 -0.00488994 3.35416e-05 -0.603983 6.38487e-05 1.57107 -0.00168721
23.932 -0.608761 -0.604185 -0.00457648 6.62132 3.65406e-05 -0.0048805 3.34204e-05 -0.604185 6.37317e-05 1.57107 -0.00168646
23.933 -0.608961 -0.604387 -0.00457343 6.62566 3.64196e-05 -0.00487103 3.32987e-05 -0.604387 6.36144e-05 1.57107 -0.00168571
23.934 -0.60916 -0.60459 -0.00457036 6.63001 3.62982e-05 -0.00486152 3.31766e-05 -0.60459 6.34966e-05 1.57107 -0.00168495
23.935 -0.60936 -0.604793 -0.00456727 6.63436 3.61763e-05 -0.00485199 3.30541e-05 -0.604793 6.33785e-05 1.57107 -0.0016842
23.936 -0.60956 -0.604996 -0.00456417 6.63871 3.60539e-05 -0.00484242 3.29311e-05 -0.604996 6.32599e-05 1.57107 -0.00168345
23.937 -0.60976 -0.605199 -0.00456105 6.64307 3.59312e-05 -0.00483282 3.28076e-05 -0.605199 6.31409e-05 1.57107 -0.00168269
23.938 -0.60996 -0.605402 -0.00455791 6.64744 3.5808e-05 -0.00482318 3.26837e-05 -0.605402 6.30215e-05 1.57107 -0.00168194
23.939 -0.61016 -0.605606 -0.00455475 6.65181 3.56844e-05 -0.00481352 3.25594e-05 -0.605606 6.29017e-05 1.57107 -0.00168119
23.94 -0.610361 -0.605809 -0.00455158 6.65618 3.55603e-05 -0.00480382 3.24347e-05 -0.605809 6.27815e-05 1.57107 -0.00168043
23.941 -0.610562 -0.606013 -0.00454839 6.66056 3.54359e-05 -0.0047941 3.23095e-05 -0.606013 6.26609e-05 1.57107 -0.00167967
23.942 -0.610763 -0.606217 -0.00454518 6.66494 3.5311e-05 -0.00478434 3.21839e-05 -0.606217 6.254e-05 1.57107 -0.00167892
23.943 -0.610964 -0.606422 -0.00454195 6.66933 3.51857e-05 -0.00477455 3.20579e-05 -0.606422 6.24186e-05 1.57107 -0.00167816
23.944 -0.611165 -0.606626 -0.00453871 6.67371 3.506e-05 -0.00476474 3.19314e-05 -0.606626 6.22968e-05 1.57107 -0.0016774
23.945 -0.611366 -0.606831 -0.00453546 6.67811 3.49339e-05 -0.00475489 3.18045e-05 -0.606831 6.21747e-05 1.57107 -0.00167664
23.946 -0.611568 -0.607036 -0.00453218 6.68251 3.48074e-05 -0.00474501 3.16773e-05 -0.607036 6.20522e-05 1.57107 -0.00167588
23.947 -0.61177 -0.607241 -0.00452889 6.68691 3.46806e-05 -0.0047351 3.15496e-05 -0.607241 6.19293e-05 1.57106 -0.00167512
23.948 -0.611972 -0.607446 -0.00452558 6.69131 3.45533e-05 -0.00472517 3.14215e-05 -0.607446 6.18061e-05 1.57106 -0.00167436
23.949 -0.612174 -0.607651 -0.00452226 6.69572 3.44256e-05 -0.0047152 3.1293e-05 -0.607651 6.16825e-05 1.57106 -0.0016736
23.95 -0.612376 -0.607857 -0.00451892 6.70014 3.42976e-05 -0.00470521 3.11642e-05 -0.607857 6.15585e-05 1.57106 -0.00167284
23.951 -0.612578 -0.608063 -0.00451556 6.70456 3.41691e-05 -0.00469519 3.10349e-05 -0.608063 6.14341e-05 1.57106 -0.00167207
23.952 -0.612781 -0.608269 -0.00451219 6.70898 3.40403e-05 -0.00468514 3.09053e-05 -0.608269 6.13094e-05 1.57106 -0.00167131
23.953 -0.612984 -0.608475 -0.00450881 6.7134 3.39111e-05 -0.00467506 3.07752e-05 -0.608475 6.11844e-05 1.57106 -0.00167055
23.954 -0.613186 -0.608681 -0.0045054 6.71783 3.37816e-05 -0.00466495 3.06448e-05 -0.608681 6.1059e-05 1.57106 -0.00166978
23.955 -0.61339 -0.608888 -0.00450199 6.72227 3.36516e-05 -0.00465482 3.0514e-05 -0.608888 6.09332e-05 1.57106 -0.00166902
23.956 -0.613593 -0.609094 -0.00449855 6.7267 3.35214e-05 -0.00464466 3.03828e-05 -0.609094 6.08071e-05 1.57106 -0.00166825
23.957 -0.613796 -0.609301 -0.0044951 6.73115 3.33907e-05 -0.00463447 3.02513e-05 -0.609301 6.06806e-05 1.57106 -0.00166748
23.958 -0.614 -0.609508 -0.00449164 6.73559 3.32597e-05 -0.00462425 3.01194e-05 -0.609508 6.05538e-05 1.57106 -0.00166672
23.959 -0.614203 -0.609715 -0.00448816 6.74004 3.31284e-05 -0.00461401 2.99871e-05 -0.609715 6.04267e-05 1.57106 -0.00166595
23.96 -0.614407 -0.609923 -0.00448467 6.74449 3.29967e-05 -0.00460374 2.98545e-05 -0.609923 6.02992e-05 1.57106 -0.00166518
23.961 -0.614611 -0.61013 -0.00448116 6.74895 3.28646e-05 -0.00459345 2.97216e-05 -0.61013 6.01714e-05 1.57106 -0.00166441
23.962 -0.614816 -0.610338 -0.00447763 6.75341 3.27322e-05 -0.00458313 2.95882e-05 -0.610338 6.00433e-05 1.57106 -0.00166364
23.963 -0.61502 -0.610546 -0.0044741 6.75787 3.25995e-05 -0.00457278 2.94546e-05 -0.610546 5.99149e-05 1.57106 -0.00166287
23.964 -0.615225 -0.610754 -0.00447054 6.76234 3.24664e-05 -0.00456241 2.93206e-05 -0.610754 5.97861e-05 1.57106 -0.0016621
23.965 -0.615429 -0.610962 -0.00446698 6.76681 3.23331e-05 -0.00455201 2.91862e-05 -0.610962 5.9657e-05 1.57106 -0.00166133
23.966 -0.615634 -0.611171 -0.00446339 6.77128 3.21993e-05 -0.00454159 2.90515e-05 -0.611171 5.95276e-05 1.57106 -0.00166056
23.967 -0.615839 -0.611379 -0.0044598 6.77576 3.20653e-05 -0.00453115 2.89165e-05 -0.611379 5.93979e-05 1.57106 -0.00165978
23.968 -0.616044 -0.611588 -0.00445619 6.78024 3.1931e-05 -0.00452068 2.87811e-05 -0.611588 5.92678e-05 1.57105 -0.00165901
23.969 -0.61625 -0.611797 -0.00445257 6.78473 3.17963e-05 -0.00451018 2.86455e-05 -0.611797 5.91375e-05 1.57105 -0.00165824
23.97 -0.616455 -0.612006 -0.00444893 6.78922 3.16613e-05 -0.00449966 2.85095e-05 -0.612006 5.90069e-05 1.57105 -0.00165746
23.971 -0.616661 -0.612216 -0.00444528 6.79371 3.1526e-05 -0.00448912 2.83732e-05 -0.612216 5.88759e-05 1.57105 -0.00165669
23.972 -0.616867 -0.612425 -0.00444161 6.79821 3.13904e-05 -0.00447855 2.82366e-05 -0.612425 5.87447e-05 1.57105 -0.00165591
23.973 -0.617073 -0.612635 -0.00443794 6.80271 3.12545e-05 -0.00446796 2.80996e-05 -0.612635 5.86131e-05 1.57105 -0.00165513
23.974 -0.617279 -0.612845 -0.00443425 6.80721 3.11183e-05 -0.00445735 2.79624e-05 -0.612845 5.84813e-05 1.57105 -0.00165436
23.975 -0.617485 -0.613055 -0.00443054 6.81171 3.09818e-05 -0.00444671 2.78249e-05 -0.613055 5.83492e-05 1.57105 -0.00165358
23.976 -0.617692 -0.613265 -0.00442682 6.81622 3.0845e-05 -0.00443606 2.7687e-05 -0.613265 5.82168e-05 1.57105 -0.0016528
23.977 -0.617898 -0.613475 -0.00442309 6.82074 3.0708e-05 -0.00442538 2.75489e-05 -0.613475 5.80841e-05 1.57105 -0.00165202
23.978 -0.618105 -0.613686 -0.00441935 6.82525 3.05706e-05 -0.00441467 2.74105e-05 -0.613686 5.79512e-05 1.57105 -0.00165124
23.979 -0.618312 -0.613897 -0.00441559 6.82977 3.0433e-05 -0.00440395 2.72718e-05 -0.613897 5.78179e-05 1.57105 -0.00165046
23.98 -0.618519 -0.614107 -0.00441182 6.83429 3.02951e-05 -0.0043932 2.71328e-05 -0.614107 5.76844e-05 1.57105 -0.00164968
23.981 -0.618727 -0.614319 -0.00440804 6.83882 3.01569e-05 -0.00438243 2.69935e-05 -0.614319 5.75506e-05 1.57105 -0.0016489
23.982 -0.618934 -0.61453 -0.00440425 6.84335 3.00185e-05 -0.00437164 2.68539e-05 -0.61453 5.74166e-05 1.57105 -0.00164812
23.983 -0.619142 -0.614741 -0.00440044 6.84788 2.98798e-05 -0.00436084 2.67141e-05 -0.614741 5.72823e-05 1.57105 -0.00164733
23.984 -0.619349 -0.614953 -0.00439662 6.85242 2.97408e-05 -0.00435 2.6574e-05 -0.614953 5.71477e-05 1.57105 -0.00164655
23.985 -0.619557 -0.615165 -0.00439279 6.85696 2.96015e-05 -0.00433915 2.64337e-05 -0.615165 5.70129e-05 1.57105 -0.00164577
23.986 -0.619765 -0.615376 -0.00438895 6.8615 2.94621e-05 -0.00432828 2.6293e-05 -0.615376 5.68778e-05 1.57105 -0.00164498
23.987 -0.619974 -0.615589 -0.0043851 6.86604 2.93223e-05 -0.00431739 2.61522e-05 -0.615589 5.67425e-05 1.57105 -0.0016442
23.988 -0.620182 -0.615801 -0.00438123 6.87059 2.91823e-05 -0.00430648 2.6011e-05 -0.615801 5.66069e-05 1.57104 -0.00164341
23.989 -0.620391 -0.616013 -0.00437735 6.87514 2.90421e-05 -0.00429555 2.58697e-05 -0.616013 5.64711e-05 1.57104 -0.00164262
23.99 -0.620599 -0.616226 -0.00437346 6.8797 2.89016e-05 -0.0042846 2.5728e-05 -0.616226 5.6335e-05 1.57104 -0.00164184
23.991 -0.620808 -0.616439 -0.00436956 6.88426 2.87609e-05 -0.00427363 2.55861e-05 -0.616439 5.61987e-05 1.57104 -0.00164105
23.992 -0.621017 -0.616652 -0.00436565 6.88882 2.862e-05 -0.00426264 2.5444e-05 -0.616652 5.60622e-05 1.57104 -0.00164026
23.993 -0.621226 -0.616865 -0.00436173 6.89338 2.84788e-05 -0.00425164 2.53017e-05 -0.616865 5.59254e-05 1.57104 -0.00163947
23.994 -0.621436 -0.617078 -0.00435779 6.89795 2.83374e-05 -0.00424061 2.51591e-05 -0.617078 5.57884e-05 1.57104 -0.00163868
23.995 -0.621645 -0.617291 -0.00435385 6.90252 2.81958e-05 -0.00422957 2.50163e-05 -0.617291 5.56512e-05 1.57104 -0.00163789
23.996 -0.621855 -0.617505 -0.00434989 6.90709 2.80539e-05 -0.00421851 2.48732e-05 -0.617505 5.55137e-05 1.57104 -0.0016371
23.997 -0.622065 -0.617719 -0.00434593 6.91166 2.79119e-05 -0.00420743 2.473e-05 -0.617719 5.5376e-05 1.57104 -0.00163631
23.998 -0.622275 -0.617933 -0.00434195 6.91624 2.77696e-05 -0.00419634 2.45865e-05 -0.617933 5.52381e-05 1.57104 -0.00163552
23.999 -0.622485 -0.618147 -0.00433796 6.92082 2.76271e-05 -0.00418522 2.44428e-05 -0.618147 5.51e-05 1.57104 -0.00163473
24 -0.622695 -0.618361 -0.00433396 6.92541 2.74844e-05 -0.00417409 2.42989e-05 -0.618361 5.49617e-05 1.57104 -0.00163393
24.001 -0.622905 -0.618576 -0.00432995 6.92999 2.73415e-05 -0.00416295 2.41548e-05 -0.618576 5.48232e-05 1.57104 -0.00163314
24.002 -0.623116 -0.61879 -0.00432593 6.93458 2.71984e-05 -0.00415178 2.40104e-05 -0.61879 5.46844e-05 1.57104 -0.00163235
24.003 -0.623327 -0.619005 -0.00432191 6.93917 2.70551e-05 -0.0041406 2.38659e-05 -0.619005 5.45455e-05 1.57104 -0.00163155
24.004 -0.623538 -0.61922 -0.00431787 6.94377 2.69117e-05 -0.00412941 2.37212e-05 -0.61922 5.44064e-05 1.57104 -0.00163076
24.005 -0.623749 -0.619435 -0.00431382 6.94837 2.6768e-05 -0.0041182 2.35763e-05 -0.619435 5.4267e-05 1.57104 -0.00162996
24.006 -0.62396 -0.61965 -0.00430976 6.95297 2.66241e-05 -0.00410697 2.34312e-05 -0.61965 5.41275e-05 1.57104 -0.00162916
24.007 -0.624171 -0.619866 -0.00430569 6.95757 2.64801e-05 -0.00409573 2.32859e-05 -0.619866 5.39878e-05 1.57104 -0.00162837
24.008 -0.624383 -0.620081 -0.00430161 6.96218 2.63359e-05 -0.00408447 2.31404e-05 -0.620081 5.38479e-05 1.57103 -0.00162757
24.009 -0.624594 -0.620297 -0.00429753 6.96679 2.61915e-05 -0.0040732 2.29947e-05 -0.620297 5.37078e-05 1.57103 -0.00162677
24.01 -0.624806 -0.620513 -0.00429343 6.9714 2.60469e-05 -0.00406191 2.28489e-05 -0.620513 5.35675e-05 1.57103 -0.00162597
24.011 -0.625018 -0.620729 -0.00428932 6.97601 2.59022e-05 -0.00405061 2.27029e-05 -0.620729 5.34271e-05 1.57103 -0.00162517
24.012 -0.62523 -0.620945 -0.00428521 6.98063 2.57573e-05 -0.0040393 2.25567e-05 -0.620945 5.32864e-05 1.57103 -0.00162437
24.013 -0.625443 -0.621162 -0.00428109 6.98525 2.56122e-05 -0.00402797 2.24104e-05 -0.621162 5.31456e-05 1.57103 -0.00162357
24.014 -0.625655 -0.621378 -0.00427695 6.98987 2.5467e-05 -0.00401663 2.22638e-05 -0.621378 5.30047e-05 1.57103 -0.00162277
24.015 -0.625868 -0.621595 -0.00427281 6.99449 2.53217e-05 -0.00400527 2.21172e-05 -0.621595 5.28635e-05 1.57103 -0.00162197
24.016 -0.62608 -0.621812 -0.00426866 6.99912 2.51761e-05 -0.0039939 2.19703e-05 -0.621812 5.27222e-05 1.57103 -0.00162117
24.017 -0.626293 -0.622029 -0.00426451 7.00375 2.50305e-05 -0.00398252 2.18234e-05 -0.622029 5.25808e-05 1.57103 -0.00162036
24.018 -0.626506 -0.622246 -0.00426034 7.00838 2.48846e-05 -0.00397112 2.16762e-05 -0.622246 5.24391e-05 1.57103 -0.00161956
24.019 -0.626719 -0.622463 -0.00425616 7.01301 2.47387e-05 -0.00395971 2.1529e-05 -0.622463 5.22974e-05 1.57103 -0.00161876
24.02 -0.626933 -0.622681 -0.00425198 7.01765 2.45926e-05 -0.00394829 2.13816e-05 -0.622681 5.21554e-05 1.57103 -0.00161795
24.021 -0.627146 -0.622898 -0.00424779 7.02229 2.44464e-05 -0.00393686 2.1234e-05 -0.622898 5.20134e-05 1.57103 -0.00161715
24.022 -0.62736 -0.623116 -0.00424359 7.02693 2.43e-05 -0.00392542 2.10863e-05 -0.623116 5.18711e-05 1.57103 -0.00161634
24.023 -0.627574 -0.623334 -0.00423938 7.03157 2.41535e-05 -0.00391396 2.09385e-05 -0.623334 5.17288e-05 1.57103 -0.00161553
24.024 -0.627788 -0.623552 -0.00423517 7.03622 2.40069e-05 -0.0039025 2.07905e-05 -0.623552 5.15863e-05 1.57103 -0.00161473
24.025 -0.628002 -0.623771 -0.00423094 7.04087 2.38602e-05 -0.00389102 2.06425e-05 -0.623771 5.14436e-05 1.57103 -0.00161392
24.026 -0.628216 -0.623989 -0.00422671 7.04552 2.37133e-05 -0.00387953 2.04943e-05 -0.623989 5.13008e-05 1.57103 -0.00161311
24.027 -0.62843 -0.624208 -0.00422248 7.05017 2.35663e-05 -0.00386803 2.0346e-05 -0.624208 5.11579e-05 1.57102 -0.0016123
24.028 -0.628645 -0.624426 -0.00421823 7.05483 2.34193e-05 -0.00385652 2.01975e-05 -0.624426 5.10149e-05 1.57102 -0.00161149
24.029 -0.628859 -0.624645 -0.00421398 7.05948 2.32721e-05 -0.003845 2.0049e-05 -0.624645 5.08717e-05 1.57102 -0.00161068
24.03 -0.629074 -0.624864 -0.00420972 7.06414 2.31248e-05 -0.00383346 1.99003e-05 -0.624864 5.07284e-05 1.57102 -0.00160987
24.031 -0.629289 -0.625084 -0.00420545 7.0688 2.29774e-05 -0.00382192 1.97516e-05 -0.625084 5.0585e-05 1.57102 -0.00160906
24.032 -0.629504 -0.625303 -0.00420118 7.07347 2.28299e-05 -0.00381037 1.96027e-05 -0.625303 5.04415e-05 1.57102 -0.00160825
24.033 -0.62972 -0.625523 -0.0041969 7.07813 2.26823e-05 -0.00379881 1.94538e-05 -0.625523 5.02979e-05 1.57102 -0.00160744
24.034 -0.629935 -0.625742 -0.00419262 7.0828 2.25346e-05 -0.00378724 1.93047e-05 -0.625742 5.01541e-05 1.57102 -0.00160662
24.035 -0.63015 -0.625962 -0.00418832 7.08747 2.23868e-05 -0.00377567 1.91556e-05 -0.625962 5.00102e-05 1.57102 -0.00160581
24.036 -0.630366 -0.626182 -0.00418402 7.09214 2.2239e-05 -0.00376408 1.90063e-05 -0.626182 4.98663e-05 1.57102 -0.001605
24.037 -0.630582 -0.626402 -0.00417972 7.09682 2.2091e-05 -0.00375248 1.8857e-05 -0.626402 4.97222e-05 1.57102 -0.00160418
24.038 -0.630798 -0.626623 -0.0041754 7.1015 2.1943e-05 -0.00374088 1.87076e-05 -0.626623 4.9578e-05 1.57102 -0.00160337
24.039 -0.631014 -0.626843 -0.00417109 7.10617 2.17949e-05 -0.00372927 1.85581e-05 -0.626843 4.94338e-05 1.57102 -0.00160255
24.04 -0.63123 -0.627064 -0.00416676 7.11086 2.16467e-05 -0.00371765 1.84086e-05 -0.627064 4.92894e-05 1.57102 -0.00160173
24.041 -0.631447 -0.627284 -0.00416243 7.11554 2.14985e-05 -0.00370602 1.8259e-05 -0.627284 4.9145e-05 1.57102 -0.00160092
24.042 -0.631663 -0.627505 -0.00415809 7.12022 2.13502e-05 -0.00369439 1.81093e-05 -0.627505 4.90004e-05 1.57102 -0.0016001
24.043 -0.63188 -0.627726 -0.00415375 7.12491 2.12018e-05 -0.00368275 1.79595e-05 -0.627726 4.88558e-05 1.57102 -0.00159928
24.044 -0.632097 -0.627948 -0.00414941 7.1296 2.10533e-05 -0.0036711 1.78097e-05 -0.627948 4.87111e-05 1.57102 -0.00159846
24.045 -0.632314 -0.628169 -0.00414505 7.13429 2.09049e-05 -0.00365944 1.76598e-05 -0.628169 4.85663e-05 1.57101 -0.00159764
24.046 -0.632531 -0.62839 -0.00414069 7.13898 2.07563e-05 -0.00364778 1.75098e-05 -0.62839 4.84214e-05 1.57101 -0.00159682
24.047 -0.632748 -0.628612 -0.00413633 7.14367 2.06077e-05 -0.00363611 1.73598e-05 -0.628612 4.82765e-05 1.57101 -0.001596
24.048 -0.632966 -0.628834 -0.00413196 7.14837 2.04591e-05 -0.00362444 1.72098e-05 -0.628834 4.81315e-05 1.57101 -0.00159518
24.049 -0.633183 -0.629056 -0.00412759 7.15307 2.03104e-05 -0.00361276 1.70597e-05 -0.629056 4.79864e-05 1.57101 -0.00159436
24.05 -0.633401 -0.629278 -0.00412321 7.15777 2.01616e-05 -0.00360107 1.69096e-05 -0.629278 4.78412e-05 1.57101 -0.00159354
24.051 -0.633619 -0.6295 -0.00411882 7.16247 2.00129e-05 -0.00358938 1.67594e-05 -0.6295 4.7696e-05 1.57101 -0.00159272
24.052 -0.633837 -0.629723 -0.00411444 7.16717 1.9864e-05 -0.00357768 1.66092e-05 -0.629723 4.75507e-05 1.57101 -0.00159189
24.053 -0.634055 -0.629945 -0.00411004 7.17188 1.97152e-05 -0.00356598 1.64589e-05 -0.629945 4.74054e-05 1.57101 -0.00159107
24.054 -0.634274 -0.630168 -0.00410564 7.17658 1.95663e-05 -0.00355427 1.63087e-05 -0.630168 4.726e-05 1.57101 -0.00159025
24.055 -0.634492 -0.630391 -0.00410124 7.18129 1.94174e-05 -0.00354256 1.61584e-05 -0.630391 4.71146e-05 1.57101 -0.00158942
24.056 -0.634711 -0.630614 -0.00409683 7.186 1.92685e-05 -0.00353085 1.6008e-05 -0.630614 4.69691e-05 1.57101 -0.0015886
24.057 -0.634929 -0.630837 -0.00409242 7.19072 1.91196e-05 -0.00351913 1.58577e-05 -0.630837 4.68236e-05 1.57101 -0.00158777
24.058 -0.635148 -0.63106 -0.00408801 7.19543 1.89706e-05 -0.0035074 1.57073e-05 -0.63106 4.6678e-05 1.57101 -0.00158694
24.059 -0.635367 -0.631284 -0.00408359 7.20014 1.88216e-05 -0.00349568 1.55569e-05 -0.631284 4.65324e-05 1.57101 -0.00158612
24.06 -0.635586 -0.631507 -0.00407916 7.20486 1.86726e-05 -0.00348395 1.54065e-05 -0.631507 4.63867e-05 1.57101 -0.00158529
24.061 -0.635806 -0.631731 -0.00407474 7.20958 1.85236e-05 -0.00347221 1.52561e-05 -0.631731 4.6241e-05 1.57101 -0.00158446
24.062 -0.636025 -0.631955 -0.00407031 7.2143 1.83746e-05 -0.00346048 1.51057e-05 -0.631955 4.60953e-05 1.57101 -0.00158363
24.063 -0.636245 -0.632179 -0.00406587 7.21902 1.82256e-05 -0.00344873 1.49553e-05 -0.632179 4.59495e-05 1.57101 -0.0015828
24.064 -0.636464 -0.632403 -0.00406143 7.22374 1.80766e-05 -0.00343699 1.48049e-05 -0.632403 4.58037e-05 1.571 -0.00158198
24.065 -0.636684 -0.632627 -0.00405699 7.22847 1.79276e-05 -0.00342525 1.46545e-05 -0.632627 4.56579e-05 1.571 -0.00158115
24.066 -0.636904 -0.632852 -0.00405255 7.2332 1.77786e-05 -0.0034135 1.45041e-05 -0.632852 4.55121e-05 1.571 -0.00158031
24.067 -0.637124 -0.633076 -0.0040481 7.23792 1.76297e-05 -0.00340175 1.43537e-05 -0.633076 4.53662e-05 1.571 -0.00157948
24.068 -0.637344 -0.633301 -0.00404365 7.24265 1.74807e-05 -0.00339 1.42033e-05 -0.633301 4.52203e-05 1.571 -0.00157865
24.069 -0.637565 -0.633526 -0.00403919 7.24738 1.73317e-05 -0.00337825 1.40529e-05 -0.633526 4.50744e-05 1.571 -0.00157782
24.07 -0.637785 -0.633751 -0.00403474 7.25212 1.71828e-05 -0.00336649 1.39026e-05 -0.633751 4.49285e-05 1.571 -0.00157699
24.071 -0.638006 -0.633976 -0.00403027 7.25685 1.70339e-05 -0.00335474 1.37523e-05 -0.633976 4.47826e-05 1.571 -0.00157615
24.072 -0.638227 -0.634201 -0.00402581 7.26158 1.6885e-05 -0.00334298 1.36019e-05 -0.634201 4.46367e-05 1.571 -0.00157532
24.073 -0.638448 -0.634427 -0.00402135 7.26632 1.67361e-05 -0.00333122 1.34517e-05 -0.634427 4.44908e-05 1.571 -0.00157448
24.074 -0.638669 -0.634652 -0.00401688 7.27106 1.65873e-05 -0.00331946 1.33014e-05 -0.634652 4.43449e-05 1.571 -0.00157365
24.075 -0.63889 -0.634878 -0.00401241 7.2758 1.64385e-05 -0.00330771 1.31512e-05 -0.634878 4.41989e-05 1.571 -0.00157281
24.076 -0.639112 -0.635104 -0.00400793 7.28054 1.62897e-05 -0.00329595 1.3001e-05 -0.635104 4.4053e-05 1.571 -0.00157198
24.077 -0.639333 -0.63533 -0.00400346 7.28528 1.6141e-05 -0.00328419 1.28509e-05 -0.63533 4.39071e-05 1.571 -0.00157114
24.078 -0.639555 -0.635556 -0.00399898 7.29002 1.59923e-05 -0.00327243 1.27008e-05 -0.635556 4.37612e-05 1.571 -0.0015703
24.079 -0.639777 -0.635782 -0.0039945 7.29477 1.58436e-05 -0.00326067 1.25507e-05 -0.635782 4.36153e-05 1.571 -0.00156947
24.08 -0.639998 -0.636008 -0.00399002 7.29951 1.5695e-05 -0.00324891 1.24007e-05 -0.636008 4.34694e-05 1.571 -0.00156863
24.081 -0.640221 -0.636235 -0.00398553 7.30426 1.55465e-05 -0.00323716 1.22508e-05 -0.636235 4.33236e-05 1.571 -0.00156779
24.082 -0.640443 -0.636462 -0.00398105 7.30901 1.5398e-05 -0.0032254 1.21009e-05 -0.636462 4.31777e-05 1.57099 -0.00156695
24.083 -0.640665 -0.636688 -0.00397656 7.31376 1.52495e-05 -0.00321365 1.1951e-05 -0.636688 4.30319e-05 1.57099 -0.00156611
24.084 -0.640887 -0.636915 -0.00397207 7.31851 1.51011e-05 -0.00320189 1.18013e-05 -0.636915 4.28861e-05 1.57099 -0.00156527
24.085 -0.64111 -0.637143 -0.00396758 7.32326 1.49528e-05 -0.00319014 1.16515e-05 -0.637143 4.27403e-05 1.57099 -0.00156443
24.086 -0.641333 -0.63737 -0.00396309 7.32801 1.48045e-05 -0.00317839 1.15019e-05 -0.63737 4.25946e-05 1.57099 -0.00156359
24.087 -0.641556 -0.637597 -0.0039586 7.33277 1.46564e-05 -0.00316665 1.13523e-05 -0.637597 4.24489e-05 1.57099 -0.00156274
24.088 -0.641779 -0.637825 -0.0039541 7.33752 1.45082e-05 -0.0031549 1.12028e-05 -0.637825 4.23032e-05 1.57099 -0.0015619
24.089 -0.642002 -0.638052 -0.00394961 7.34228 1.43602e-05 -0.00314316 1.10533e-05 -0.638052 4.21575e-05 1.57099 -0.00156106
24.09 -0.642225 -0.63828 -0.00394511 7.34704 1.42122e-05 -0.00313142 1.0904e-05 -0.63828 4.20119e-05 1.57099 -0.00156022
24.091 -0.642448 -0.638508 -0.00394062 7.3518 1.40643e-05 -0.00311968 1.07547e-05 -0.638508 4.18664e-05 1.57099 -0.00155937
24.092 -0.642672 -0.638736 -0.00393612 7.35656 1.39165e-05 -0.00310795 1.06055e-05 -0.638736 4.17209e-05 1.57099 -0.00155853
24.093 -0.642896 -0.638964 -0.00393162 7.36132 1.37687e-05 -0.00309621 1.04563e-05 -0.638964 4.15754e-05 1.57099 -0.00155768
24.094 -0.64312 -0.639192 -0.00392712 7.36608 1.36211e-05 -0.00308449 1.03073e-05 -0.639192 4.143e-05 1.57099 -0.00155684
24.095 -0.643343 -0.639421 -0.00392262 7.37084 1.34735e-05 -0.00307276 1.01584e-05 -0.639421 4.12846e-05 1.57099 -0.00155599
24.096 -0.643568 -0.639649 -0.00391812 7.3756 1.3326e-05 -0.00306104 1.00095e-05 -0.639649 4.11393e-05 1.57099 -0.00155514
24.097 -0.643792 -0.639878 -0.00391362 7.38037 1.31786e-05 -0.00304932 9.86075e-06 -0.639878 4.0994e-05 1.57099 -0.0015543
24.098 -0.644016 -0.640107 -0.00390911 7.38513 1.30313e-05 -0.00303761 9.7121e-06 -0.640107 4.08489e-05 1.57099 -0.00155345
24.099 -0.644241 -0.640336 -0.00390461 7.3899 1.28841e-05 -0.0030259 9.56354e-06 -0.640336 4.07037e-05 1.57099 -0.0015526
24.1 -0.644465 -0.640565 -0.00390011 7.39467 1.27371e-05 -0.0030142 9.41509e-06 -0.640565 4.05586e-05 1.57098 -0.00155175
24.101 -0.64469 -0.640794 -0.00389561 7.39944 1.25901e-05 -0.0030025 9.26674e-06 -0.640794 4.04136e-05 1.57098 -0.0015509
24.102 -0.644915 -0.641024 -0.00389111 7.40421 1.24432e-05 -0.00299081 9.1185e-06 -0.641024 4.02687e-05 1.57098 -0.00155005
24.103 -0.64514 -0.641253 -0.00388661 7.40898 1.22964e-05 -0.00297912 8.97038e-06 -0.641253 4.01238e-05 1.57098 -0.0015492
24.104 -0.645365 -0.641483 -0.00388211 7.41375 1.21498e-05 -0.00296743 8.82237e-06 -0.641483 3.9979e-05 1.57098 -0.00154835
24.105 -0.64559 -0.641712 -0.0038776 7.41852 1.20032e-05 -0.00295576 8.67447e-06 -0.641712 3.98343e-05 1.57098 -0.0015475
24.106 -0.645815 -0.641942 -0.0038731 7.42329 1.18568e-05 -0.00294408 8.5267e-06 -0.641942 3.96897e-05 1.57098 -0.00154665
24.107 -0.646041 -0.642172 -0.0038686 7.42807 1.17105e-05 -0.00293242 8.37905e-06 -0.642172 3.95451e-05 1.57098 -0.00154579
24.108 -0.646267 -0.642402 -0.0038641 7.43284 1.15643e-05 -0.00292076 8.23152e-06 -0.642402 3.94006e-05 1.57098 -0.00154494
24.109 -0.646492 -0.642633 -0.00385961 7.43762 1.14182e-05 -0.0029091 8.08412e-06 -0.642633 3.92562e-05 1.57098 -0.00154409
24.11 -0.646718 -0.642863 -0.00385511 7.44239 1.12723e-05 -0.00289745 7.93685e-06 -0.642863 3.91119e-05 1.57098 -0.00154323
24.111 -0.646944 -0.643094 -0.00385061 7.44717 1.11265e-05 -0.00288581 7.78972e-06 -0.643094 3.89677e-05 1.57098 -0.00154238
24.112 -0.64717 -0.643324 -0.00384611 7.45195 1.09808e-05 -0.00287418 7.64272e-06 -0.643324 3.88236e-05 1.57098 -0.00154153
24.113 -0.647397 -0.643555 -0.00384162 7.45673 1.08353e-05 -0.00286255 7.49586e-06 -0.643555 3.86796e-05 1.57098 -0.00154067
24.114 -0.647623 -0.643786 -0.00383713 7.4615 1.06899e-05 -0.00285093 7.34914e-06 -0.643786 3.85356e-05 1.57098 -0.00153981
24.115 -0.64785 -0.644017 -0.00383263 7.46628 1.05446e-05 -0.00283931 7.20256e-06 -0.644017 3.83918e-05 1.57098 -0.00153896
24.116 -0.648076 -0.644248 -0.00382814 7.47106 1.03995e-05 -0.00282771 7.05613e-06 -0.644248 3.82481e-05 1.57098 -0.0015381
24.117 -0.648303 -0.64448 -0.00382365 7.47585 1.02545e-05 -0.00281611 6.90985e-06 -0.64448 3.81045e-05 1.57098 -0.00153724
24.118 -0.64853 -0.644711 -0.00381916 7.48063 1.01097e-05 -0.00280452 6.76371e-06 -0.644711 3.79609e-05 1.57098 -0.00153638
24.119 -0.648757 -0.644942 -0.00381468 7.48541 9.96498e-06 -0.00279294 6.61774e-06 -0.644942 3.78175e-05 1.57097 -0.00153553
24.12 -0.648984 -0.645174 -0.00381019 7.49019 9.82045e-06 -0.00278136 6.47191e-06 -0.645174 3.76742e-05 1.57097 -0.00153467
24.121 -0.649212 -0.645406 -0.00380571 7.49498 9.67608e-06 -0.0027698 6.32625e-06 -0.645406 3.7531e-05 1.57097 -0.00153381
24.122 -0.649439 -0.645638 -0.00380122 7.49976 9.53186e-06 -0.00275824 6.18074e-06 -0.645638 3.73879e-05 1.57097 -0.00153295
24.123 -0.649667 -0.64587 -0.00379674 7.50455 9.3878e-06 -0.00274669 6.0354e-06 -0.64587 3.7245e-05 1.57097 -0.00153209
24.124 -0.649894 -0.646102 -0.00379227 7.50933 9.2439e-06 -0.00273515 5.89023e-06 -0.646102 3.71021e-05 1.57097 -0.00153123
24.125 -0.650122 -0.646334 -0.00378779 7.51412 9.10016e-06 -0.00272362 5.74522e-06 -0.646334 3.69594e-05 1.57097 -0.00153036
24.126 -0.65035 -0.646567 -0.00378332 7.5189 8.95659e-06 -0.0027121 5.60038e-06 -0.646567 3.68168e-05 1.57097 -0.0015295
24.127 -0.650578 -0.646799 -0.00377885 7.52369 8.81319e-06 -0.00270058 5.45572e-06 -0.646799 3.66744e-05 1.57097 -0.00152864
24.128 -0.650806 -0.647032 -0.00377438 7.52848 8.66995e-06 -0.00268908 5.31123e-06 -0.647032 3.6532e-05 1.57097 -0.00152778
24.129 -0.651035 -0.647265 -0.00376991 7.53327 8.5269e-06 -0.00267759 5.16692e-06 -0.647265 3.63898e-05 1.57097 -0.00152691
24.13 -0.651263 -0.647498 -0.00376544 7.53805 8.38401e-06 -0.00266611 5.02279e-06 -0.647498 3.62477e-05 1.57097 -0.00152605
24.131 -0.651492 -0.647731 -0.00376098 7.54284 8.24131e-06 -0.00265463 4.87885e-06 -0.647731 3.61058e-05 1.57097 -0.00152519
24.132 -0.65172 -0.647964 -0.00375652 7.54763 8.09878e-06 -0.00264317 4.73509e-06 -0.647964 3.5964e-05 1.57097 -0.00152432
24.133 -0.651949 -0.648197 -0.00375207 7.55242 7.95644e-06 -0.00263172 4.59151e-06 -0.648197 3.58223e-05 1.57097 -0.00152345
24.134 -0.652178 -0.64843 -0.00374761 7.55721 7.81428e-06 -0.00262028 4.44813e-06 -0.64843 3.56807e-05 1.57097 -0.00152259
24.135 -0.652407 -0.648664 -0.00374316 7.562 7.6723e-06 -0.00260884 4.30493e-06 -0.648664 3.55394e-05 1.57097 -0.00152172
24.136 -0.652636 -0.648898 -0.00373871 7.56679 7.53052e-06 -0.00259742 4.16194e-06 -0.648898 3.53981e-05 1.57097 -0.00152086
24.137 -0.652866 -0.649131 -0.00373427 7.57159 7.38893e-06 -0.00258602 4.01913e-06 -0.649131 3.5257e-05 1.57097 -0.00151999
24.138 -0.653095 -0.649365 -0.00372983 7.57638 7.24753e-06 -0.00257462 3.87653e-06 -0.649365 3.51161e-05 1.57096 -0.00151912
24.139 -0.653325 -0.649599 -0.00372539 7.58117 7.10633e-06 -0.00256323 3.73413e-06 -0.649599 3.49753e-05 1.57096 -0.00151825
24.14 -0.653554 -0.649833 -0.00372095 7.58596 6.96532e-06 -0.00255186 3.59193e-06 -0.649833 3.48346e-05 1.57096 -0.00151738
24.141 -0.653784 -0.650068 -0.00371652 7.59075 6.82452e-06 -0.00254049 3.44994e-06 -0.650068 3.46941e-05 1.57096 -0.00151651
24.142 -0.654014 -0.650302 -0.00371209 7.59555 6.68391e-06 -0.00252914 3.30816e-06 -0.650302 3.45538e-05 1.57096 -0.00151564
24.143 -0.654244 -0.650536 -0.00370767 7.60034 6.54351e-06 -0.0025178 3.16658e-06 -0.650536 3.44136e-05 1.57096 -0.00151477
24.144 -0.654474 -0.650771 -0.00370325 7.60513 6.40332e-06 -0.00250648 3.02522e-06 -0.650771 3.42736e-05 1.57096 -0.0015139
24.145 -0.654705 -0.651006 -0.00369883 7.60993 6.26334e-06 -0.00249516 2.88408e-06 -0.651006 3.41338e-05 1.57096 -0.00151303
24.146 -0.654935 -0.65124 -0.00369441 7.61472 6.12357e-06 -0.00248386 2.74315e-06 -0.65124 3.39941e-05 1.57096 -0.00151216
24.147 -0.655165 -0.651475 -0.00369 7.61952 5.98401e-06 -0.00247257 2.60244e-06 -0.651475 3.38546e-05 1.57096 -0.00151129
24.148 -0.655396 -0.65171 -0.0036856 7.62431 5.84466e-06 -0.00246129 2.46195e-06 -0.65171 3.37152e-05 1.57096 -0.00151041
24.149 -0.655627 -0.651946 -0.00368119 7.62911 5.70554e-06 -0.00245003 2.32168e-06 -0.651946 3.3576e-05 1.57096 -0.00150954
24.15 -0.655858 -0.652181 -0.00367679 7.6339 5.56663e-06 -0.00243878 2.18164e-06 -0.652181 3.3437e-05 1.57096 -0.00150867
24.151 -0.656089 -0.652416 -0.0036724 7.6387 5.42794e-06 -0.00242754 2.04183e-06 -0.652416 3.32982e-05 1.57096 -0.00150779
24.152 -0.65632 -0.652652 -0.00366801 7.64349 5.28948e-06 -0.00241632 1.90225e-06 -0.652652 3.31596e-05 1.57096 -0.00150692
24.153 -0.656551 -0.652887 -0.00366362 7.64829 5.15125e-06 -0.00240511 1.7629e-06 -0.652887 3.30211e-05 1.57096 -0.00150604
24.154 -0.656782 -0.653123 -0.00365924 7.65308 5.01324e-06 -0.00239391 1.62379e-06 -0.653123 3.28828e-05 1.57096 -0.00150517
24.155 -0.657014 -0.653359 -0.00365486 7.65788 4.87546e-06 -0.00238273 1.48491e-06 -0.653359 3.27447e-05 1.57096 -0.00150429
24.156 -0.657246 -0.653595 -0.00365049 7.66268 4.73791e-06 -0.00237156 1.34627e-06 -0.653595 3.26068e-05 1.57096 -0.00150342
24.157 -0.657477 -0.653831 -0.00364612 7.66747 4.6006e-06 -0.00236041 1.20787e-06 -0.653831 3.2469e-05 1.57095 -0.00150254
24.158 -0.657709 -0.654067 -0.00364176 7.67227 4.46352e-06 -0.00234927 1.06971e-06 -0.654067 3.23315e-05 1.57095 -0.00150166
24.159 -0.657941 -0.654304 -0.0036374 7.67706 4.32668e-06 -0.00233814 9.31803e-07 -0.654304 3.21941e-05 1.57095 -0.00150078
24.16 -0.658173 -0.65454 -0.00363304 7.68186 4.19008e-06 -0.00232703 7.94139e-07 -0.65454 3.20569e-05 1.57095 -0.0014999
24.161 -0.658405 -0.654777 -0.00362869 7.68666 4.05373e-06 -0.00231594 6.56723e-07 -0.654777 3.192e-05 1.57095 -0.00149903
24.162 -0.658638 -0.655013 -0.00362435 7.69145 3.91761e-06 -0.00230486 5.19558e-07 -0.655013 3.17832e-05 1.57095 -0.00149815
24.163 -0.65887 -0.65525 -0.00362001 7.69625 3.78174e-06 -0.00229379 3.82646e-07 -0.65525 3.16466e-05 1.57095 -0.00149727
24.164 -0.659103 -0.655487 -0.00361567 7.70105 3.64612e-06 -0.00228274 2.45989e-07 -0.655487 3.15102e-05 1.57095 -0.00149639
24.165 -0.659335 -0.655724 -0.00361135 7.70584 3.51075e-06 -0.00227171 1.0959e-07 -0.655724 3.1374e-05 1.57095 -0.00149551
24.166 -0.659568 -0.655961 -0.00360702 7.71064 3.37563e-06 -0.00226069 -2.65514e-08 -0.655961 3.12381e-05 1.57095 -0.00149462
24.167 -0.659801 -0.656198 -0.0036027 7.71544 3.24077e-06 -0.00224968 -1.62431e-07 -0.656198 3.11023e-05 1.57095 -0.00149374
24.168 -0.660034 -0.656436 -0.00359839 7.72023 3.10616e-06 -0.0022387 -2.98049e-07 -0.656436 3.09667e-05 1.57095 -0.00149286
24.169 -0.660267 -0.656673 -0.00359408 7.72503 2.9718e-06 -0.00222772 -4.33401e-07 -0.656673 3.08314e-05 1.57095 -0.00149198
24.17 -0.6605 -0.656911 -0.00358977 7.72983 2.83771e-06 -0.00221677 -5.68487e-07 -0.656911 3.06962e-05 1.57095 -0.00149109
24.171 -0.660734 -0.657148 -0.00358548 7.73462 2.70388e-06 -0.00220583 -7.03303e-07 -0.657148 3.05613e-05 1.57095 -0.00149021
24.172 -0.660967 -0.657386 -0.00358118 7.73942 2.57031e-06 -0.00219491 -8.3785e-07 -0.657386 3.04266e-05 1.57095 -0.00148933
24.173 -0.661201 -0.657624 -0.0035769 7.74422 2.437e-06 -0.002184 -9.72123e-07 -0.657624 3.0292e-05 1.57095 -0.00148844
24.174 -0.661434 -0.657862 -0.00357262 7.74901 2.30396e-06 -0.00217311 -1.10612e-06 -0.657862 3.01578e-05 1.57095 -0.00148756
24.175 -0.661668 -0.6581 -0.00356834 7.75381 2.17119e-06 -0.00216224 -1.23985e-06 -0.6581 3.00237e-05 1.57095 -0.00148667
24.176 -0.661902 -0.658338 -0.00356407 7.7586 2.0387e-06 -0.00215138 -1.37329e-06 -0.658338 2.98898e-05 1.57094 -0.00148579
24.177 -0.662136 -0.658576 -0.00355981 7.7634 1.90647e-06 -0.00214054 -1.50645e-06 -0.658576 2.97562e-05 1.57094 -0.0014849
24.178 -0.66237 -0.658815 -0.00355555 7.7682 1.77451e-06 -0.00212972 -1.63934e-06 -0.658815 2.96228e-05 1.57094 -0.00148401
24.179 -0.662605 -0.659053 -0.0035513 7.77299 1.64284e-06 -0.00211891 -1.77194e-06 -0.659053 2.94896e-05 1.57094 -0.00148313
24.18 -0.662839 -0.659292 -0.00354705 7.77779 1.51143e-06 -0.00210813 -1.90425e-06 -0.659292 2.93567e-05 1.57094 -0.00148224
24.181 -0.663073 -0.659531 -0.00354281 7.78258 1.38031e-06 -0.00209736 -2.03628e-06 -0.659531 2.92239e-05 1.57094 -0.00148135
24.182 -0.663308 -0.65977 -0.00353858 7.78738 1.24947e-06 -0.0020866 -2.16801e-06 -0.65977 2.90914e-05 1.57094 -0.00148046
24.183 -0.663543 -0.660008 -0.00353435 7.79217 1.11891e-06 -0.00207587 -2.29946e-06 -0.660008 2.89592e-05 1.57094 -0.00147957
24.184 -0.663778 -0.660248 -0.00353013 7.79697 9.88641e-07 -0.00206515 -2.43061e-06 -0.660248 2.88272e-05 1.57094 -0.00147868
24.185 -0.664013 -0.660487 -0.00352592 7.80176 8.58653e-07 -0.00205446 -2.56147e-06 -0.660487 2.86954e-05 1.57094 -0.00147779
24.186 -0.664248 -0.660726 -0.00352171 7.80656 7.28953e-07 -0.00204378 -2.69203e-06 -0.660726 2.85638e-05 1.57094 -0.0014769
24.187 -0.664483 -0.660965 -0.00351751 7.81135 5.99543e-07 -0.00203312 -2.8223e-06 -0.660965 2.84325e-05 1.57094 -0.00147601
24.188 -0.664718 -0.661205 -0.00351332 7.81615 4.70424e-07 -0.00202247 -2.95226e-06 -0.661205 2.83014e-05 1.57094 -0.00147512
24.189 -0.664953 -0.661444 -0.00350913 7.82094 3.41597e-07 -0.00201185 -3.08192e-06 -0.661444 2.81706e-05 1.57094 -0.00147423
24.19 -0.665189 -0.661684 -0.00350495 7.82573 2.13065e-07 -0.00200124 -3.21128e-06 -0.661684 2.804e-05 1.57094 -0.00147334
24.191 -0.665425 -0.661924 -0.00350077 7.83053 8.48296e-08 -0.00199066 -3.34034e-06 -0.661924 2.79096e-05 1.57094 -0.00147245
24.192 -0.66566 -0.662164 -0.0034966 7.83532 -4.31084e-08 -0.00198009 -3.46909e-06 -0.662164 2.77795e-05 1.57094 -0.00147155
24.193 -0.665896 -0.662404 -0.00349244 7.84011 -1.70747e-07 -0.00196954 -3.59753e-06 -0.662404 2.76497e-05 1.57094 -0.00147066
24.194 -0.666132 -0.662644 -0.00348829 7.8449 -2.98085e-07 -0.00195901 -3.72566e-06 -0.662644 2.75201e-05 1.57094 -0.00146976
24.195 -0.666368 -0.662884 -0.00348414 7.8497 -4.2512e-07 -0.0019485 -3.85348e-06 -0.662884 2.73907e-05 1.57094 -0.00146887
24.196 -0.666604 -0.663124 -0.00348 7.85449 -5.51851e-07 -0.00193801 -3.98098e-06 -0.663124 2.72616e-05 1.57093 -0.00146798
24.197 -0.666841 -0.663365 -0.00347587 7.85928 -6.78276e-07 -0.00192754 -4.10817e-06 -0.663365 2.71328e-05 1.57093 -0.00146708
24.198 -0.667077 -0.663605 -0.00347174 7.86407 -8.04394e-07 -0.00191709 -4.23505e-06 -0.663605 2.70042e-05 1.57093 -0.00146618
24.199 -0.667313 -0.663846 -0.00346762 7.86886 -9.30202e-07 -0.00190666 -4.3616e-06 -0.663846 2.68758e-05 1.57093 -0.00146529
24.2 -0.66755 -0.664086 -0.00346351 7.87365 -1.0557e-06 -0.00189624 -4.48784e-06 -0.664086 2.67477e-05 1.57093 -0.00146439
24.201 -0.667787 -0.664327 -0.00345941 7.87844 -1.18089e-06 -0.00188585 -4.61375e-06 -0.664327 2.66199e-05 1.57093 -0.0014635
24.202 -0.668023 -0.664568 -0.00345531 7.88323 -1.30576e-06 -0.00187548 -4.73935e-06 -0.664568 2.64924e-05 1.57093 -0.0014626
24.203 -0.66826 -0.664809 -0.00345122 7.88802 -1.43032e-06 -0.00186513 -4.86461e-06 -0.664809 2.63651e-05 1.57093 -0.0014617
24.204 -0.668497 -0.66505 -0.00344714 7.89281 -1.55456e-06 -0.0018548 -4.98956e-06 -0.66505 2.6238e-05 1.57093 -0.0014608
24.205 -0.668735 -0.665292 -0.00344307 7.8976 -1.67848e-06 -0.00184449 -5.11417e-06 -0.665292 2.61113e-05 1.57093 -0.0014599
24.206 -0.668972 -0.665533 -0.003439 7.90238 -1.80209e-06 -0.0018342 -5.23846e-06 -0.665533 2.59848e-05 1.57093 -0.001459
24.207 -0.669209 -0.665774 -0.00343494 7.90717 -1.92537e-06 -0.00182393 -5.36241e-06 -0.665774 2.58585e-05 1.57093 -0.0014581
24.208 -0.669447 -0.666016 -0.00343089 7.91196 -2.04833e-06 -0.00181368 -5.48603e-06 -0.666016 2.57326e-05 1.57093 -0.0014572
24.209 -0.669684 -0.666257 -0.00342685 7.91675 -2.17097e-06 -0.00180346 -5.60932e-06 -0.666257 2.56069e-05 1.57093 -0.0014563
24.21 -0.669922 -0.666499 -0.00342281 7.92153 -2.29328e-06 -0.00179325 -5.73228e-06 -0.666499 2.54814e-05 1.57093 -0.0014554
24.211 -0.67016 -0.666741 -0.00341878 7.92632 -2.41527e-06 -0.00178306 -5.8549e-06 -0.666741 2.53563e-05 1.57093 -0.0014545
24.212 -0.670397 -0.666983 -0.00341476 7.9311 -2.53692e-06 -0.0017729 -5.97718e-06 -0.666983 2.52314e-05 1.57093 -0.0014536
24.213 -0.670635 -0.667225 -0.00341075 7.93589 -2.65825e-06 -0.00176276 -6.09912e-06 -0.667225 2.51068e-05 1.57093 -0.0014527
24.214 -0.670874 -0.667467 -0.00340675 7.94067 -2.77925e-06 -0.00175264 -6.22072e-06 -0.667467 2.49825e-05 1.57093 -0.0014518
24.215 -0.671112 -0.667709 -0.00340275 7.94546 -2.89991e-06 -0.00174254 -6.34197e-06 -0.667709 2.48585e-05 1.57093 -0.00145089
24.216 -0.67135 -0.667951 -0.00339876 7.95024 -3.02024e-06 -0.00173246 -6.46289e-06 -0.667951 2.47347e-05 1.57093 -0.00144999
24.217 -0.671588 -0.668194 -0.00339478 7.95502 -3.14024e-06 -0.00172241 -6.58346e-06 -0.668194 2.46112e-05 1.57092 -0.00144909
24.218 -0.671827 -0.668436 -0.00339081 7.9598 -3.2599e-06 -0.00171237 -6.70368e-06 -0.668436 2.4488e-05 1.57092 -0.00144818
24.219 -0.672066 -0.668679 -0.00338685 7.96459 -3.37922e-06 -0.00170236 -6.82356e-06 -0.668679 2.43651e-05 1.57092 -0.00144728
24.22 -0.672304 -0.668921 -0.00338289 7.96937 -3.4982e-06 -0.00169237 -6.94308e-06 -0.668921 2.42425e-05 1.57092 -0.00144637
24.221 -0.672543 -0.669164 -0.00337895 7.97415 -3.61684e-06 -0.0016824 -7.06226e-06 -0.669164 2.41201e-05 1.57092 -0.00144547
24.222 -0.672782 -0.669407 -0.00337501 7.97893 -3.73515e-06 -0.00167246 -7.18108e-06 -0.669407 2.39981e-05 1.57092 -0.00144456
24.223 -0.673021 -0.66965 -0.00337108 7.98371 -3.8531e-06 -0.00166253 -7.29955e-06 -0.66965 2.38763e-05 1.57092 -0.00144365
24.224 -0.67326 -0.669893 -0.00336716 7.98849 -3.97072e-06 -0.00165263 -7.41767e-06 -0.669893 2.37548e-05 1.57092 -0.00144275
24.225 -0.673499 -0.670136 -0.00336324 7.99326 -4.08799e-06 -0.00164276 -7.53543e-06 -0.670136 2.36336e-05 1.57092 -0.00144184
24.226 -0.673739 -0.670379 -0.00335934 7.99804 -4.20491e-06 -0.0016329 -7.65283e-06 -0.670379 2.35127e-05 1.57092 -0.00144093
24.227 -0.673978 -0.670623 -0.00335544 8.00282 -4.32148e-06 -0.00162307 -7.76988e-06 -0.670623 2.33921e-05 1.57092 -0.00144002
24.228 -0.674218 -0.670866 -0.00335156 8.0076 -4.43771e-06 -0.00161326 -7.88656e-06 -0.670866 2.32718e-05 1.57092 -0.00143912
24.229 -0.674457 -0.67111 -0.00334768 8.01237 -4.55358e-06 -0.00160347 -8.00289e-06 -0.67111 2.31518e-05 1.57092 -0.00143821
24.23 -0.674697 -0.671353 -0.00334381 8.01715 -4.66911e-06 -0.00159371 -8.11885e-06 -0.671353 2.30321e-05 1.57092 -0.0014373
24.231 -0.674937 -0.671597 -0.00333995 8.02192 -4.78428e-06 -0.00158397 -8.23445e-06 -0.671597 2.29126e-05 1.57092 -0.00143639
24.232 -0.675177 -0.671841 -0.00333609 8.0267 -4.8991e-06 -0.00157425 -8.34969e-06 -0.671841 2.27935e-05 1.57092 -0.00143548
24.233 -0.675417 -0.672085 -0.00333225 8.03147 -5.01356e-06 -0.00156456 -8.46456e-06 -0.672085 2.26747e-05 1.57092 -0.00143457
24.234 -0.675657 -0.672329 -0.00332842 8.03624 -5.12766e-06 -0.00155489 -8.57906e-06 -0.672329 2.25562e-05 1.57092 -0.00143366
24.235 -0.675897 -0.672573 -0.00332459 8.04102 -5.24141e-06 -0.00154524 -8.69319e-06 -0.672573 2.2438e-05 1.57092 -0.00143275
24.236 -0.676138 -0.672817 -0.00332077 8.04579 -5.3548e-06 -0.00153562 -8.80696e-06 -0.672817 2.232e-05 1.57092 -0.00143183
24.237 -0.676378 -0.673061 -0.00331697 8.05056 -5.46783e-06 -0.00152602 -8.92035e-06 -0.673061 2.22024e-05 1.57092 -0.00143092
24.238 -0.676619 -0.673305 -0.00331317 8.05533 -5.5805e-06 -0.00151644 -9.03337e-06 -0.673305 2.20851e-05 1.57091 -0.00143001
24.239 -0.676859 -0.67355 -0.00330938 8.0601 -5.69281e-06 -0.00150689 -9.14602e-06 -0.67355 2.19681e-05 1.57091 -0.0014291
24.24 -0.6771 -0.673794 -0.0033056 8.06487 -5.80476e-06 -0.00149736 -9.2583e-06 -0.673794 2.18514e-05 1.57091 -0.00142818
24.241 -0.677341 -0.674039 -0.00330183 8.06963 -5.91634e-06 -0.00148785 -9.3702e-06 -0.674039 2.1735e-05 1.57091 -0.00142727
24.242 -0.677582 -0.674284 -0.00329807 8.0744 -6.02755e-06 -0.00147837 -9.48173e-06 -0.674284 2.1619e-05 1.57091 -0.00142636
24.243 -0.677823 -0.674528 -0.00329432 8.07917 -6.1384e-06 -0.00146892 -9.59287e-06 -0.674528 2.15032e-05 1.57091 -0.00142544
24.244 -0.678064 -0.674773 -0.00329057 8.08393 -6.24888e-06 -0.00145949 -9.70364e-06 -0.674773 2.13877e-05 1.57091 -0.00142453
24.245 -0.678305 -0.675018 -0.00328684 8.0887 -6.359e-06 -0.00145008 -9.81403e-06 -0.675018 2.12726e-05 1.57091 -0.00142361
24.246 -0.678546 -0.675263 -0.00328311 8.09346 -6.46874e-06 -0.0014407 -9.92404e-06 -0.675263 2.11578e-05 1.57091 -0.00142269
24.247 -0.678788 -0.675509 -0.0032794 8.09823 -6.57812e-06 -0.00143134 -1.00337e-05 -0.675509 2.10433e-05 1.57091 -0.00142178
24.248 -0.679029 -0.675754 -0.00327569 8.10299 -6.68712e-06 -0.001422 -1.01429e-05 -0.675754 2.09291e-05 1.57091 -0.00142086
24.249 -0.679271 -0.675999 -0.003272 8.10775 -6.79575e-06 -0.00141269 -1.02518e-05 -0.675999 2.08152e-05 1.57091 -0.00141995
24.25 -0.679513 -0.676244 -0.00326831 8.11252 -6.90401e-06 -0.00140341 -1.03603e-05 -0.676244 2.07016e-05 1.57091 -0.00141903
24.251 -0.679755 -0.67649 -0.00326464 8.11728 -7.0119e-06 -0.00139415 -1.04684e-05 -0.67649 2.05884e-05 1.57091 -0.00141811
24.252 -0.679996 -0.676736 -0.00326097 8.12204 -7.1194e-06 -0.00138491 -1.05761e-05 -0.676736 2.04754e-05 1.57091 -0.00141719
24.253 -0.680239 -0.676981 -0.00325731 8.1268 -7.22654e-06 -0.0013757 -1.06834e-05 -0.676981 2.03628e-05 1.57091 -0.00141627
24.254 -0.680481 -0.677227 -0.00325366 8.13155 -7.33329e-06 -0.00136652 -1.07903e-05 -0.677227 2.02505e-05 1.57091 -0.00141536
24.255 -0.680723 -0.677473 -0.00325003 8.13631 -7.43967e-06 -0.00135736 -1.08968e-05 -0.677473 2.01386e-05 1.57091 -0.00141444
24.256 -0.680965 -0.677719 -0.0032464 8.14107 -7.54567e-06 -0.00134822 -1.1003e-05 -0.677719 2.00269e-05 1.57091 -0.00141352
24.257 -0.681207 -0.677965 -0.00324278 8.14582 -7.65129e-06 -0.00133911 -1.11088e-05 -0.677965 1.99156e-05 1.57091 -0.0014126
24.258 -0.68145 -0.678211 -0.00323917 8.15058 -7.75653e-06 -0.00133003 -1.12141e-05 -0.678211 1.98046e-05 1.57091 -0.00141168
24.259 -0.681693 -0.678457 -0.00323557 8.15533 -7.86138e-06 -0.00132097 -1.13191e-05 -0.678457 1.96939e-05 1.57091 -0.00141076
24.26 -0.681935 -0.678703 -0.00323198 8.16009 -7.96586e-06 -0.00131194 -1.14237e-05 -0.678703 1.95836e-05 1.57091 -0.00140983
24.261 -0.682178 -0.67895 -0.0032284 8.16484 -8.06995e-06 -0.00130293 -1.15279e-05 -0.67895 1.94736e-05 1.5709 -0.00140891
24.262 -0.682421 -0.679196 -0.00322483 8.16959 -8.17365e-06 -0.00129395 -1.16316e-05 -0.679196 1.93639e-05 1.5709 -0.00140799
24.263 -0.682664 -0.679443 -0.00322127 8.17434 -8.27698e-06 -0.00128499 -1.1735e-05 -0.679443 1.92545e-05 1.5709 -0.00140707
24.264 -0.682907 -0.679689 -0.00321772 8.17909 -8.37991e-06 -0.00127606 -1.1838e-05 -0.679689 1.91455e-05 1.5709 -0.00140615
24.265 -0.68315 -0.679936 -0.00321419 8.18384 -8.48246e-06 -0.00126715 -1.19406e-05 -0.679936 1.90367e-05 1.5709 -0.00140522
24.266 -0.683393 -0.680183 -0.00321066 8.18859 -8.58462e-06 -0.00125827 -1.20428e-05 -0.680183 1.89284e-05 1.5709 -0.0014043
24.267 -0.683637 -0.680429 -0.00320714 8.19334 -8.6864e-06 -0.00124942 -1.21446e-05 -0.680429 1.88203e-05 1.5709 -0.00140338
24.268 -0.68388 -0.680676 -0.00320363 8.19809 -8.78778e-06 -0.00124059 -1.2246e-05 -0.680676 1.87126e-05 1.5709 -0.00140245
24.269 -0.684124 -0.680923 -0.00320013 8.20283 -8.88878e-06 -0.00123179 -1.2347e-05 -0.680923 1.86052e-05 1.5709 -0.00140153
24.27 -0.684367 -0.68117 -0.00319664 8.20758 -8.98938e-06 -0.00122301 -1.24476e-05 -0.68117 1.84982e-05 1.5709 -0.0014006
24.271 -0.684611 -0.681418 -0.00319316 8.21232 -9.08959e-06 -0.00121426 -1.25478e-05 -0.681418 1.83915e-05 1.5709 -0.00139968
24.272 -0.684855 -0.681665 -0.00318969 8.21707 -9.18941e-06 -0.00120554 -1.26476e-05 -0.681665 1.82851e-05 1.5709 -0.00139875
24.273 -0.685098 -0.681912 -0.00318624 8.22181 -9.28884e-06 -0.00119684 -1.2747e-05 -0.681912 1.8179e-05 1.5709 -0.00139782
24.274 -0.685342 -0.68216 -0.00318279 8.22655 -9.38788e-06 -0.00118817 -1.28459e-05 -0.68216 1.80733e-05 1.5709 -0.0013969
24.275 -0.685587 -0.682407 -0.00317935 8.23129 -9.48652e-06 -0.00117952 -1.29445e-05 -0.682407 1.79679e-05 1.5709 -0.00139597
24.276 -0.685831 -0.682655 -0.00317592 8.23603 -9.58476e-06 -0.0011709 -1.30427e-05 -0.682655 1.78629e-05 1.5709 -0.00139504
24.277 -0.686075 -0.682902 -0.00317251 8.24077 -9.68261e-06 -0.00116231 -1.31404e-05 -0.682902 1.77582e-05 1.5709 -0.00139412
24.278 -0.686319 -0.68315 -0.0031691 8.24551 -9.78007e-06 -0.00115375 -1.32378e-05 -0.68315 1.76539e-05 1.5709 -0.00139319
24.279 -0.686564 -0.683398 -0.00316571 8.25024 -9.87713e-06 -0.00114521 -1.33347e-05 -0.683398 1.75498e-05 1.5709 -0.00139226
24.28 -0.686808 -0.683646 -0.00316232 8.25498 -9.97379e-06 -0.00113669 -1.34312e-05 -0.683646 1.74462e-05 1.5709 -0.00139133
24.281 -0.687053 -0.683894 -0.00315894 8.25972 -1.007e-05 -0.00112821 -1.35273e-05 -0.683894 1.73428e-05 1.5709 -0.0013904
24.282 -0.687297 -0.684142 -0.00315558 8.26445 -1.01659e-05 -0.00111975 -1.3623e-05 -0.684142 1.72398e-05 1.5709 -0.00138947
24.283 -0.687542 -0.68439 -0.00315223 8.26918 -1.02614e-05 -0.00111132 -1.37183e-05 -0.68439 1.71372e-05 1.5709 -0.00138854
24.284 -0.687787 -0.684638 -0.00314888 8.27392 -1.03564e-05 -0.00110291 -1.38132e-05 -0.684638 1.70348e-05 1.5709 -0.00138761
24.285 -0.688032 -0.684887 -0.00314555 8.27865 -1.04511e-05 -0.00109453 -1.39077e-05 -0.684887 1.69329e-05 1.57089 -0.00138668
24.286 -0.688277 -0.685135 -0.00314223 8.28338 -1.05454e-05 -0.00108618 -1.40017e-05 -0.685135 1.68312e-05 1.57089 -0.00138575
24.287 -0.688522 -0.685383 -0.00313892 8.28811 -1.06392e-05 -0.00107785 -1.40954e-05 -0.685383 1.67299e-05 1.57089 -0.00138482
24.288 -0.688768 -0.685632 -0.00313561 8.29284 -1.07327e-05 -0.00106956 -1.41886e-05 -0.685632 1.6629e-05 1.57089 -0.00138389
24.289 -0.689013 -0.685881 -0.00313232 8.29756 -1.08257e-05 -0.00106128 -1.42814e-05 -0.685881 1.65284e-05 1.57089 -0.00138296
24.29 -0.689258 -0.686129 -0.00312904 8.30229 -1.09184e-05 -0.00105304 -1.43738e-05 -0.686129 1.64282e-05 1.57089 -0.00138202
24.291 -0.689504 -0.686378 -0.00312577 8.30702 -1.10106e-05 -0.00104482 -1.44658e-05 -0.686378 1.63283e-05 1.57089 -0.00138109
24.292 -0.689749 -0.686627 -0.00312252 8.31174 -1.11025e-05 -0.00103663 -1.45574e-05 -0.686627 1.62287e-05 1.57089 -0.00138016
24.293 -0.689995 -0.686876 -0.00311927 8.31647 -1.11939e-05 -0.00102847 -1.46485e-05 -0.686876 1.61295e-05 1.57089 -0.00137923
24.294 -0.690241 -0.687125 -0.00311603 8.32119 -1.12849e-05 -0.00102034 -1.47392e-05 -0.687125 1.60306e-05 1.57089 -0.00137829
24.295 -0.690487 -0.687374 -0.00311281 8.32591 -1.13756e-05 -0.00101223 -1.48295e-05 -0.687374 1.59321e-05 1.57089 -0.00137736
24.296 -0.690732 -0.687623 -0.00310959 8.33063 -1.14658e-05 -0.00100415 -1.49194e-05 -0.687623 1.58339e-05 1.57089 -0.00137642
24.297 -0.690978 -0.687872 -0.00310639 8.33535 -1.15556e-05 -0.000996093 -1.50089e-05 -0.687872 1.57361e-05 1.57089 -0.00137549
24.298 -0.691225 -0.688121 -0.00310319 8.34007 -1.1645e-05 -0.000988067 -1.5098e-05 -0.688121 1.56386e-05 1.57089 -0.00137455
24.299 -0.691471 -0.688371 -0.00310001 8.34479 -1.1734e-05 -0.000980068 -1.51866e-05 -0.688371 1.55415e-05 1.57089 -0.00137362
24.3 -0.691717 -0.68862 -0.00309684 8.3495 -1.18226e-05 -0.000972097 -1.52748e-05 -0.68862 1.54447e-05 1.57089 -0.00137268
24.301 -0.691963 -0.68887 -0.00309367 8.35422 -1.19108e-05 -0.000964153 -1.53626e-05 -0.68887 1.53483e-05 1.57089 -0.00137175
24.302 -0.69221 -0.689119 -0.00309052 8.35893 -1.19985e-05 -0.000956237 -1.54499e-05 -0.689119 1.52523e-05 1.57089 -0.00137081
24.303 -0.692456 -0.689369 -0.00308738 8.36365 -1.20859e-05 -0.000948348 -1.55369e-05 -0.689369 1.51565e-05 1.57089 -0.00136987
24.304 -0.692703 -0.689619 -0.00308426 8.36836 -1.21728e-05 -0.000940486 -1.56234e-05 -0.689619 1.50612e-05 1.57089 -0.00136894
24.305 -0.69295 -0.689868 -0.00308114 8.37307 -1.22594e-05 -0.000932653 -1.57095e-05 -0.689868 1.49661e-05 1.57089 -0.001368
24.306 -0.693196 -0.690118 -0.00307803 8.37778 -1.23455e-05 -0.000924847 -1.57952e-05 -0.690118 1.48715e-05 1.57089 -0.00136706
24.307 -0.693443 -0.690368 -0.00307493 8.38249 -1.24312e-05 -0.000917069 -1.58804e-05 -0.690368 1.47772e-05 1.57089 -0.00136612
24.308 -0.69369 -0.690618 -0.00307185 8.3872 -1.25165e-05 -0.000909318 -1.59653e-05 -0.690618 1.46832e-05 1.57089 -0.00136518
24.309 -0.693937 -0.690868 -0.00306878 8.39191 -1.26014e-05 -0.000901595 -1.60497e-05 -0.690868 1.45896e-05 1.57089 -0.00136424
24.31 -0.694184 -0.691119 -0.00306571 8.39662 -1.26859e-05 -0.0008939 -1.61336e-05 -0.691119 1.44964e-05 1.57089 -0.0013633
24.311 -0.694431 -0.691369 -0.00306266 8.40132 -1.277e-05 -0.000886233 -1.62172e-05 -0.691369 1.44035e-05 1.57088 -0.00136236
24.312 -0.694679 -0.691619 -0.00305962 8.40603 -1.28536e-05 -0.000878593 -1.63003e-05 -0.691619 1.43109e-05 1.57088 -0.00136142
24.313 -0.694926 -0.691869 -0.00305659 8.41073 -1.29369e-05 -0.000870981 -1.6383e-05 -0.691869 1.42187e-05 1.57088 -0.00136048
24.314 -0.695173 -0.69212 -0.00305357 8.41543 -1.30197e-05 -0.000863398 -1.64653e-05 -0.69212 1.41269e-05 1.57088 -0.00135954
24.315 -0.695421 -0.69237 -0.00305056 8.42013 -1.31021e-05 -0.000855842 -1.65472e-05 -0.69237 1.40354e-05 1.57088 -0.0013586
24.316 -0.695669 -0.692621 -0.00304757 8.42483 -1.31841e-05 -0.000848313 -1.66286e-05 -0.692621 1.39443e-05 1.57088 -0.00135766
24.317 -0.695916 -0.692872 -0.00304458 8.42953 -1.32657e-05 -0.000840813 -1.67096e-05 -0.692872 1.38535e-05 1.57088 -0.00135672
24.318 -0.696164 -0.693122 -0.00304161 8.43423 -1.33469e-05 -0.000833341 -1.67901e-05 -0.693122 1.37631e-05 1.57088 -0.00135578
24.319 -0.696412 -0.693373 -0.00303864 8.43893 -1.34277e-05 -0.000825897 -1.68703e-05 -0.693373 1.3673e-05 1.57088 -0.00135484
24.32 -0.69666 -0.693624 -0.00303569 8.44362 -1.3508e-05 -0.000818481 -1.695e-05 -0.693624 1.35833e-05 1.57088 -0.00135389
24.321 -0.696908 -0.693875 -0.00303275 8.44832 -1.35879e-05 -0.000811093 -1.70293e-05 -0.693875 1.3494e-05 1.57088 -0.00135295
24.322 -0.697156 -0.694126 -0.00302982 8.45301 -1.36674e-05 -0.000803732 -1.71081e-05 -0.694126 1.3405e-05 1.57088 -0.00135201
24.323 -0.697404 -0.694377 -0.0030269 8.45771 -1.37465e-05 -0.0007964 -1.71866e-05 -0.694377 1.33164e-05 1.57088 -0.00135106
24.324 -0.697652 -0.694628 -0.00302399 8.4624 -1.38252e-05 -0.000789096 -1.72646e-05 -0.694628 1.32281e-05 1.57088 -0.00135012
24.325 -0.697901 -0.694879 -0.00302109 8.46709 -1.39035e-05 -0.00078182 -1.73421e-05 -0.694879 1.31402e-05 1.57088 -0.00134917
24.326 -0.698149 -0.695131 -0.00301821 8.47178 -1.39813e-05 -0.000774572 -1.74193e-05 -0.695131 1.30526e-05 1.57088 -0.00134823
24.327 -0.698397 -0.695382 -0.00301533 8.47647 -1.40588e-05 -0.000767353 -1.7496e-05 -0.695382 1.29654e-05 1.57088 -0.00134729
24.328 -0.698646 -0.695634 -0.00301247 8.48115 -1.41358e-05 -0.000760161 -1.75723e-05 -0.695634 1.28785e-05 1.57088 -0.00134634
24.329 -0.698895 -0.695885 -0.00300962 8.48584 -1.42124e-05 -0.000752997 -1.76481e-05 -0.695885 1.27921e-05 1.57088 -0.00134539
24.33 -0.699143 -0.696137 -0.00300678 8.49053 -1.42886e-05 -0.000745862 -1.77235e-05 -0.696137 1.27059e-05 1.57088 -0.00134445
24.331 -0.699392 -0.696388 -0.00300395 8.49521 -1.43643e-05 -0.000738755 -1.77985e-05 -0.696388 1.26201e-05 1.57088 -0.0013435
24.332 -0.699641 -0.69664 -0.00300113 8.49989 -1.44397e-05 -0.000731676 -1.78731e-05 -0.69664 1.25347e-05 1.57088 -0.00134256
24.333 -0.69989 -0.696892 -0.00299832 8.50458 -1.45146e-05 -0.000724625 -1.79472e-05 -0.696892 1.24497e-05 1.57088 -0.00134161
24.334 -0.700139 -0.697143 -0.00299552 8.50926 -1.45891e-05 -0.000717602 -1.80209e-05 -0.697143 1.2365e-05 1.57088 -0.00134066
24.335 -0.700388 -0.697395 -0.00299274 8.51394 -1.46632e-05 -0.000710608 -1.80942e-05 -0.697395 1.22806e-05 1.57088 -0.00133971
24.336 -0.700637 -0.697647 -0.00298996 8.51862 -1.47369e-05 -0.000703642 -1.81671e-05 -0.697647 1.21966e-05 1.57088 -0.00133877
24.337 -0.700886 -0.697899 -0.0029872 8.52329 -1.48102e-05 -0.000696704 -1.82395e-05 -0.697899 1.2113e-05 1.57088 -0.00133782
24.338 -0.701136 -0.698151 -0.00298445 8.52797 -1.4883e-05 -0.000689794 -1.83115e-05 -0.698151 1.20297e-05 1.57088 -0.00133687
24.339 -0.701385 -0.698403 -0.00298171 8.53265 -1.49554e-05 -0.000682912 -1.8383e-05 -0.698403 1.19468e-05 1.57087 -0.00133592
24.34 -0.701635 -0.698656 -0.00297898 8.53732 -1.50275e-05 -0.000676059 -1.84541e-05 -0.698656 1.18643e-05 1.57087 -0.00133497
24.341 -0.701884 -0.698908 -0.00297626 8.54199 -1.50991e-05 -0.000669234 -1.85248e-05 -0.698908 1.17821e-05 1.57087 -0.00133402
24.342 -0.702134 -0.69916 -0.00297356 8.54667 -1.51702e-05 -0.000662437 -1.85951e-05 -0.69916 1.17003e-05 1.57087 -0.00133307
24.343 -0.702384 -0.699413 -0.00297086 8.55134 -1.5241e-05 -0.000655668 -1.86649e-05 -0.699413 1.16188e-05 1.57087 -0.00133212
24.344 -0.702633 -0.699665 -0.00296818 8.55601 -1.53113e-05 -0.000648928 -1.87343e-05 -0.699665 1.15377e-05 1.57087 -0.00133117
24.345 -0.702883 -0.699918 -0.0029655 8.56067 -1.53812e-05 -0.000642216 -1.88033e-05 -0.699918 1.14569e-05 1.57087 -0.00133022
24.346 -0.703133 -0.70017 -0.00296284 8.56534 -1.54507e-05 -0.000635532 -1.88718e-05 -0.70017 1.13765e-05 1.57087 -0.00132927
24.347 -0.703383 -0.700423 -0.00296019 8.57001 -1.55198e-05 -0.000628877 -1.89399e-05 -0.700423 1.12965e-05 1.57087 -0.00132832
24.348 -0.703633 -0.700676 -0.00295755 8.57467 -1.55885e-05 -0.000622249 -1.90076e-05 -0.700676 1.12168e-05 1.57087 -0.00132737
24.349 -0.703883 -0.700928 -0.00295492 8.57934 -1.56567e-05 -0.00061565 -1.90748e-05 -0.700928 1.11375e-05 1.57087 -0.00132641
24.35 -0.704134 -0.701181 -0.00295231 8.584 -1.57246e-05 -0.000609079 -1.91417e-05 -0.701181 1.10585e-05 1.57087 -0.00132546
24.351 -0.704384 -0.701434 -0.0029497 8.58866 -1.5792e-05 -0.000602537 -1.9208e-05 -0.701434 1.09799e-05 1.57087 -0.00132451
24.352 -0.704634 -0.701687 -0.00294711 8.59333 -1.5859e-05 -0.000596023 -1.9274e-05 -0.701687 1.09016e-05 1.57087 -0.00132356
24.353 -0.704885 -0.70194 -0.00294452 8.59799 -1.59256e-05 -0.000589536 -1.93395e-05 -0.70194 1.08237e-05 1.57087 -0.0013226
24.354 -0.705135 -0.702193 -0.00294195 8.60264 -1.59917e-05 -0.000583079 -1.94046e-05 -0.702193 1.07462e-05 1.57087 -0.00132165
24.355 -0.705386 -0.702446 -0.00293939 8.6073 -1.60575e-05 -0.000576649 -1.94693e-05 -0.702446 1.0669e-05 1.57087 -0.0013207
24.356 -0.705636 -0.7027 -0.00293684 8.61196 -1.61228e-05 -0.000570248 -1.95335e-05 -0.7027 1.05922e-05 1.57087 -0.00131974
24.357 -0.705887 -0.702953 -0.0029343 8.61661 -1.61877e-05 -0.000563875 -1.95973e-05 -0.702953 1.05157e-05 1.57087 -0.00131879
24.358 -0.706138 -0.703206 -0.00293178 8.62127 -1.62522e-05 -0.00055753 -1.96607e-05 -0.703206 1.04396e-05 1.57087 -0.00131783
24.359 -0.706389 -0.70346 -0.00292926 8.62592 -1.63163e-05 -0.000551213 -1.97236e-05 -0.70346 1.03639e-05 1.57087 -0.00131688
24.36 -0.70664 -0.703713 -0.00292675 8.63057 -1.63799e-05 -0.000544924 -1.97862e-05 -0.703713 1.02885e-05 1.57087 -0.00131592
24.361 -0.706891 -0.703967 -0.00292426 8.63522 -1.64432e-05 -0.000538664 -1.98483e-05 -0.703967 1.02135e-05 1.57087 -0.00131497
24.362 -0.707142 -0.70422 -0.00292178 8.63987 -1.6506e-05 -0.000532432 -1.99099e-05 -0.70422 1.01388e-05 1.57087 -0.00131401
24.363 -0.707393 -0.704474 -0.00291931 8.64452 -1.65684e-05 -0.000526228 -1.99711e-05 -0.704474 1.00645e-05 1.57087 -0.00131306
24.364 -0.707644 -0.704727 -0.00291685 8.64917 -1.66304e-05 -0.000520052 -2.00319e-05 -0.704727 9.9905e-06 1.57087 -0.0013121
24.365 -0.707896 -0.704981 -0.0029144 8.65382 -1.6692e-05 -0.000513904 -2.00923e-05 -0.704981 9.9169e-06 1.57087 -0.00131114
24.366 -0.708147 -0.705235 -0.00291196 8.65846 -1.67532e-05 -0.000507785 -2.01523e-05 -0.705235 9.84364e-06 1.57087 -0.00131019
24.367 -0.708398 -0.705489 -0.00290953 8.66311 -1.68139e-05 -0.000501693 -2.02118e-05 -0.705489 9.77075e-06 1.57087 -0.00130923
24.368 -0.70865 -0.705743 -0.00290712 8.66775 -1.68742e-05 -0.00049563 -2.02709e-05 -0.705743 9.69821e-06 1.57087 -0.00130827
24.369 -0.708902 -0.705997 -0.00290471 8.67239 -1.69342e-05 -0.000489595 -2.03295e-05 -0.705997 9.62603e-06 1.57087 -0.00130731
24.37 -0.709153 -0.706251 -0.00290232 8.67703 -1.69937e-05 -0.000483588 -2.03878e-05 -0.706251 9.5542e-06 1.57086 -0.00130636
24.371 -0.709405 -0.706505 -0.00289994 8.68167 -1.70528e-05 -0.000477609 -2.04456e-05 -0.706505 9.48272e-06 1.57086 -0.0013054
24.372 -0.709657 -0.706759 -0.00289757 8.68631 -1.71114e-05 -0.000471658 -2.05029e-05 -0.706759 9.4116e-06 1.57086 -0.00130444
24.373 -0.709909 -0.707013 -0.00289521 8.69095 -1.71697e-05 -0.000465735 -2.05599e-05 -0.707013 9.34084e-06 1.57086 -0.00130348
24.374 -0.71016 -0.707268 -0.00289286 8.69558 -1.72275e-05 -0.00045984 -2.06164e-05 -0.707268 9.27043e-06 1.57086 -0.00130252
24.375 -0.710412 -0.707522 -0.00289052 8.70022 -1.7285e-05 -0.000453973 -2.06725e-05 -0.707522 9.20037e-06 1.57086 -0.00130156
24.376 -0.710664 -0.707776 -0.00288819 8.70485 -1.7342e-05 -0.000448134 -2.07282e-05 -0.707776 9.13067e-06 1.57086 -0.0013006
24.377 -0.710917 -0.708031 -0.00288588 8.70949 -1.73986e-05 -0.000442323 -2.07834e-05 -0.708031 9.06132e-06 1.57086 -0.00129964
24.378 -0.711169 -0.708285 -0.00288357 8.71412 -1.74548e-05 -0.000436539 -2.08383e-05 -0.708285 8.99233e-06 1.57086 -0.00129868
24.379 -0.711421 -0.70854 -0.00288128 8.71875 -1.75106e-05 -0.000430784 -2.08927e-05 -0.70854 8.92368e-06 1.57086 -0.00129772
24.38 -0.711673 -0.708794 -0.002879 8.72338 -1.7566e-05 -0.000425057 -2.09466e-05 -0.708794 8.85539e-06 1.57086 -0.00129676
24.381 -0.711926 -0.709049 -0.00287673 8.72801 -1.76209e-05 -0.000419357 -2.10002e-05 -0.709049 8.78745e-06 1.57086 -0.0012958
24.382 -0.712178 -0.709304 -0.00287447 8.73263 -1.76755e-05 -0.000413686 -2.10533e-05 -0.709304 8.71987e-06 1.57086 -0.00129484
24.383 -0.712431 -0.709559 -0.00287222 8.73726 -1.77296e-05 -0.000408042 -2.1106e-05 -0.709559 8.65263e-06 1.57086 -0.00129387
24.384 -0.712683 -0.709813 -0.00286998 8.74188 -1.77833e-05 -0.000402426 -2.11583e-05 -0.709813 8.58575e-06 1.57086 -0.00129291
24.385 -0.712936 -0.710068 -0.00286775 8.74651 -1.78367e-05 -0.000396838 -2.12101e-05 -0.710068 8.51921e-06 1.57086 -0.00129195
24.386 -0.713189 -0.710323 -0.00286553 8.75113 -1.78896e-05 -0.000391277 -2.12616e-05 -0.710323 8.45303e-06 1.57086 -0.00129099
24.387 -0.713441 -0.710578 -0.00286333 8.75575 -1.79421e-05 -0.000385744 -2.13126e-05 -0.710578 8.3872e-06 1.57086 -0.00129002
24.388 -0.713694 -0.710833 -0.00286113 8.76037 -1.79941e-05 -0.000380239 -2.13632e-05 -0.710833 8.32171e-06 1.57086 -0.00128906
24.389 -0.713947 -0.711088 -0.00285895 8.76499 -1.80458e-05 -0.000374762 -2.14133e-05 -0.711088 8.25658e-06 1.57086 -0.0012881
24.39 -0.7142 -0.711343 -0.00285678 8.76961 -1.80971e-05 -0.000369312 -2.14631e-05 -0.711343 8.1918e-06 1.57086 -0.00128713
24.391 -0.714453 -0.711599 -0.00285462 8.77423 -1.8148e-05 -0.00036389 -2.15124e-05 -0.711599 8.12736e-06 1.57086 -0.00128617
24.392 -0.714706 -0.711854 -0.00285246 8.77884 -1.81984e-05 -0.000358495 -2.15613e-05 -0.711854 8.06327e-06 1.57086 -0.0012852
24.393 -0.71496 -0.712109 -0.00285032 8.78346 -1.82485e-05 -0.000353128 -2.16098e-05 -0.712109 7.99953e-06 1.57086 -0.00128424
24.394 -0.715213 -0.712365 -0.0028482 8.78807 -1.82981e-05 -0.000347789 -2.16579e-05 -0.712365 7.93614e-06 1.57086 -0.00128328
24.395 -0.715466 -0.71262 -0.00284608 8.79268 -1.83473e-05 -0.000342477 -2.17055e-05 -0.71262 7.87309e-06 1.57086 -0.00128231
24.396 -0.715719 -0.712875 -0.00284397 8.7973 -1.83962e-05 -0.000337192 -2.17528e-05 -0.712875 7.81039e-06 1.57086 -0.00128134
24.397 -0.715973 -0.713131 -0.00284187 8.80191 -1.84446e-05 -0.000331935 -2.17996e-05 -0.713131 7.74804e-06 1.57086 -0.00128038
24.398 -0.716226 -0.713387 -0.00283979 8.80651 -1.84926e-05 -0.000326705 -2.1846e-05 -0.713387 7.68603e-06 1.57086 -0.00127941
24.399 -0.71648 -0.713642 -0.00283771 8.81112 -1.85402e-05 -0.000321503 -2.18919e-05 -0.713642 7.62437e-06 1.57086 -0.00127845
24.4 -0.716733 -0.713898 -0.00283565 8.81573 -1.85875e-05 -0.000316328 -2.19375e-05 -0.713898 7.56305e-06 1.57086 -0.00127748
24.401 -0.716987 -0.714154 -0.00283359 8.82034 -1.86343e-05 -0.00031118 -2.19827e-05 -0.714154 7.50207e-06 1.57086 -0.00127651
24.402 -0.717241 -0.714409 -0.00283155 8.82494 -1.86807e-05 -0.00030606 -2.20274e-05 -0.714409 7.44144e-06 1.57086 -0.00127555
24.403 -0.717495 -0.714665 -0.00282952 8.82954 -1.87267e-05 -0.000300966 -2.20717e-05 -0.714665 7.38116e-06 1.57086 -0.00127458
24.404 -0.717748 -0.714921 -0.0028275 8.83415 -1.87723e-05 -0.0002959 -2.21156e-05 -0.714921 7.32121e-06 1.57086 -0.00127361
24.405 -0.718002 -0.715177 -0.00282549 8.83875 -1.88175e-05 -0.000290861 -2.21591e-05 -0.715177 7.26161e-06 1.57086 -0.00127264
24.406 -0.718256 -0.715433 -0.00282349 8.84335 -1.88623e-05 -0.000285849 -2.22022e-05 -0.715433 7.20235e-06 1.57085 -0.00127168
24.407 -0.71851 -0.715689 -0.0028215 8.84795 -1.89067e-05 -0.000280865 -2.22448e-05 -0.715689 7.14343e-06 1.57085 -0.00127071
24.408 -0.718764 -0.715945 -0.00281952 8.85255 -1.89507e-05 -0.000275907 -2.22871e-05 -0.715945 7.08485e-06 1.57085 -0.00126974
24.409 -0.719019 -0.716201 -0.00281755 8.85714 -1.89943e-05 -0.000270976 -2.23289e-05 -0.716201 7.02661e-06 1.57085 -0.00126877
24.41 -0.719273 -0.716457 -0.00281559 8.86174 -1.90375e-05 -0.000266072 -2.23704e-05 -0.716457 6.96871e-06 1.57085 -0.0012678
24.411 -0.719527 -0.716713 -0.00281365 8.86633 -1.90803e-05 -0.000261195 -2.24114e-05 -0.716713 6.91115e-06 1.57085 -0.00126683
24.412 -0.719781 -0.71697 -0.00281171 8.87093 -1.91227e-05 -0.000256346 -2.2452e-05 -0.71697 6.85393e-06 1.57085 -0.00126586
24.413 -0.720036 -0.717226 -0.00280978 8.87552 -1.91647e-05 -0.000251522 -2.24922e-05 -0.717226 6.79705e-06 1.57085 -0.00126489
24.414 -0.72029 -0.717482 -0.00280787 8.88011 -1.92063e-05 -0.000246726 -2.2532e-05 -0.717482 6.7405e-06 1.57085 -0.00126392
24.415 -0.720545 -0.717739 -0.00280596 8.8847 -1.92475e-05 -0.000241956 -2.25713e-05 -0.717739 6.68429e-06 1.57085 -0.00126295
24.416 -0.720799 -0.717995 -0.00280407 8.88929 -1.92883e-05 -0.000237214 -2.26103e-05 -0.717995 6.62842e-06 1.57085 -0.00126198
24.417 -0.721054 -0.718252 -0.00280218 8.89388 -1.93288e-05 -0.000232497 -2.26489e-05 -0.718252 6.57288e-06 1.57085 -0.00126101
24.418 -0.721309 -0.718508 -0.00280031 8.89846 -1.93688e-05 -0.000227808 -2.26871e-05 -0.718508 6.51768e-06 1.57085 -0.00126004
24.419 -0.721563 -0.718765 -0.00279845 8.90305 -1.94084e-05 -0.000223145 -2.27248e-05 -0.718765 6.46281e-06 1.57085 -0.00125907
24.42 -0.721818 -0.719022 -0.00279659 8.90764 -1.94477e-05 -0.000218508 -2.27622e-05 -0.719022 6.40827e-06 1.57085 -0.0012581
24.421 -0.722073 -0.719278 -0.00279475 8.91222 -1.94865e-05 -0.000213898 -2.27991e-05 -0.719278 6.35407e-06 1.57085 -0.00125713
24.422 -0.722328 -0.719535 -0.00279292 8.9168 -1.9525e-05 -0.000209315 -2.28357e-05 -0.719535 6.3002e-06 1.57085 -0.00125616
24.423 -0.722583 -0.719792 -0.0027911 8.92138 -1.95631e-05 -0.000204757 -2.28718e-05 -0.719792 6.24667e-06 1.57085 -0.00125518
24.424 -0.722838 -0.720049 -0.00278928 8.92596 -1.96007e-05 -0.000200227 -2.29075e-05 -0.720049 6.19346e-06 1.57085 -0.00125421
24.425 -0.723093 -0.720306 -0.00278748 8.93054 -1.9638e-05 -0.000195722 -2.29429e-05 -0.720306 6.14059e-06 1.57085 -0.00125324
24.426 -0.723348 -0.720562 -0.00278569 8.93512 -1.96749e-05 -0.000191244 -2.29778e-05 -0.720562 6.08804e-06 1.57085 -0.00125227
24.427 -0.723603 -0.720819 -0.00278391 8.9397 -1.97115e-05 -0.000186792 -2.30123e-05 -0.720819 6.03583e-06 1.57085 -0.00125129
24.428 -0.723859 -0.721076 -0.00278214 8.94427 -1.97476e-05 -0.000182366 -2.30465e-05 -0.721076 5.98394e-06 1.57085 -0.00125032
24.429 -0.724114 -0.721333 -0.00278038 8.94885 -1.97833e-05 -0.000177966 -2.30802e-05 -0.721333 5.93239e-06 1.57085 -0.00124935
24.43 -0.724369 -0.721591 -0.00277863 8.95342 -1.98187e-05 -0.000173592 -2.31136e-05 -0.721591 5.88115e-06 1.57085 -0.00124837
24.431 -0.724625 -0.721848 -0.00277689 8.958 -1.98536e-05 -0.000169244 -2.31465e-05 -0.721848 5.83025e-06 1.57085 -0.0012474
24.432 -0.72488 -0.722105 -0.00277516 8.96257 -1.98882e-05 -0.000164922 -2.31791e-05 -0.722105 5.77967e-06 1.57085 -0.00124642
24.433 -0.725136 -0.722362 -0.00277344 8.96714 -1.99224e-05 -0.000160626 -2.32112e-05 -0.722362 5.72942e-06 1.57085 -0.00124545
24.434 -0.725391 -0.722619 -0.00277173 8.97171 -1.99562e-05 -0.000156356 -2.3243e-05 -0.722619 5.67949e-06 1.57085 -0.00124448
24.435 -0.725647 -0.722877 -0.00277003 8.97628 -1.99897e-05 -0.000152112 -2.32743e-05 -0.722877 5.62989e-06 1.57085 -0.0012435
24.436 -0.725902 -0.723134 -0.00276834 8.98084 -2.00227e-05 -0.000147893 -2.33053e-05 -0.723134 5.58061e-06 1.57085 -0.00124252
24.437 -0.726158 -0.723392 -0.00276666 8.98541 -2.00554e-05 -0.000143701 -2.33359e-05 -0.723392 5.53165e-06 1.57085 -0.00124155
24.438 -0.726414 -0.723649 -0.00276499 8.98998 -2.00877e-05 -0.000139533 -2.3366e-05 -0.723649 5.48301e-06 1.57085 -0.00124057
24.439 -0.72667 -0.723907 -0.00276333 8.99454 -2.01196e-05 -0.000135392 -2.33958e-05 -0.723907 5.4347e-06 1.57085 -0.0012396
24.44 -0.726926 -0.724164 -0.00276168 8.9991 -2.01511e-05 -0.000131275 -2.34252e-05 -0.724164 5.38671e-06 1.57085 -0.00123862
24.441 -0.727182 -0.724422 -0.00276004 9.00367 -2.01823e-05 -0.000127185 -2.34542e-05 -0.724422 5.33903e-06 1.57085 -0.00123765
24.442 -0.727438 -0.724679 -0.00275841 9.00823 -2.0213e-05 -0.000123119 -2.34829e-05 -0.724679 5.29167e-06 1.57085 -0.00123667
24.443 -0.727694 -0.724937 -0.00275679 9.01279 -2.02434e-05 -0.000119079 -2.35111e-05 -0.724937 5.24464e-06 1.57085 -0.00123569
24.444 -0.72795 -0.725195 -0.00275517 9.01735 -2.02735e-05 -0.000115065 -2.3539e-05 -0.725195 5.19792e-06 1.57085 -0.00123472
24.445 -0.728206 -0.725452 -0.00275357 9.0219 -2.03031e-05 -0.000111075 -2.35664e-05 -0.725452 5.15151e-06 1.57085 -0.00123374
24.446 -0.728462 -0.72571 -0.00275198 9.02646 -2.03324e-05 -0.000107111 -2.35935e-05 -0.72571 5.10543e-06 1.57085 -0.00123276
24.447 -0.728718 -0.725968 -0.0027504 9.03102 -2.03613e-05 -0.000103172 -2.36202e-05 -0.725968 5.05965e-06 1.57085 -0.00123178
24.448 -0.728975 -0.726226 -0.00274883 9.03557 -2.03898e-05 -9.9258e-05 -2.36465e-05 -0.726226 5.01419e-06 1.57084 -0.00123081
24.449 -0.729231 -0.726484 -0.00274726 9.04013 -2.0418e-05 -9.53689e-05 -2.36724e-05 -0.726484 4.96905e-06 1.57084 -0.00122983
24.45 -0.729487 -0.726742 -0.00274571 9.04468 -2.04458e-05 -9.15048e-05 -2.36979e-05 -0.726742 4.92422e-06 1.57084 -0.00122885
24.451 -0.729744 -0.727 -0.00274417 9.04923 -2.04732e-05 -8.76656e-05 -2.37231e-05 -0.727 4.8797e-06 1.57084 -0.00122787
24.452 -0.73 -0.727258 -0.00274263 9.05378 -2.05002e-05 -8.38511e-05 -2.37479e-05 -0.727258 4.83549e-06 1.57084 -0.00122689
24.453 -0.730257 -0.727516 -0.00274111 9.05833 -2.05269e-05 -8.00615e-05 -2.37723e-05 -0.727516 4.79159e-06 1.57084 -0.00122591
24.454 -0.730514 -0.727774 -0.0027396 9.06288 -2.05532e-05 -7.62965e-05 -2.37963e-05 -0.727774 4.748e-06 1.57084 -0.00122493
24.455 -0.73077 -0.728032 -0.00273809 9.06743 -2.05791e-05 -7.25562e-05 -2.38199e-05 -0.728032 4.70472e-06 1.57084 -0.00122395
24.456 -0.731027 -0.72829 -0.00273659 9.07197 -2.06047e-05 -6.88404e-05 -2.38432e-05 -0.72829 4.66175e-06 1.57084 -0.00122298
24.457 -0.731284 -0.728549 -0.00273511 9.07652 -2.06299e-05 -6.51492e-05 -2.38661e-05 -0.728549 4.61908e-06 1.57084 -0.001222
24.458 -0.73154 -0.728807 -0.00273363 9.08106 -2.06548e-05 -6.14824e-05 -2.38886e-05 -0.728807 4.57672e-06 1.57084 -0.00122102
24.459 -0.731797 -0.729065 -0.00273216 9.08561 -2.06793e-05 -5.78399e-05 -2.39108e-05 -0.729065 4.53467e-06 1.57084 -0.00122004
24.46 -0.732054 -0.729324 -0.0027307 9.09015 -2.07034e-05 -5.42218e-05 -2.39325e-05 -0.729324 4.49292e-06 1.57084 -0.00121905
24.461 -0.732311 -0.729582 -0.00272925 9.09469 -2.07271e-05 -5.06279e-05 -2.39539e-05 -0.729582 4.45147e-06 1.57084 -0.00121807
24.462 -0.732568 -0.72984 -0.00272781 9.09923 -2.07505e-05 -4.70583e-05 -2.39749e-05 -0.72984 4.41033e-06 1.57084 -0.00121709
24.463 -0.732825 -0.730099 -0.00272638 9.10377 -2.07736e-05 -4.35127e-05 -2.39956e-05 -0.730099 4.36949e-06 1.57084 -0.00121611
24.464 -0.733082 -0.730357 -0.00272496 9.10831 -2.07963e-05 -3.99912e-05 -2.40159e-05 -0.730357 4.32895e-06 1.57084 -0.00121513
24.465 -0.733339 -0.730616 -0.00272355 9.11285 -2.08186e-05 -3.64937e-05 -2.40358e-05 -0.730616 4.28871e-06 1.57084 -0.00121415
24.466 -0.733597 -0.730874 -0.00272215 9.11738 -2.08405e-05 -3.30201e-05 -2.40553e-05 -0.730874 4.24877e-06 1.57084 -0.00121317
24.467 -0.733854 -0.731133 -0.00272075 9.12192 -2.08621e-05 -2.95703e-05 -2.40745e-05 -0.731133 4.20913e-06 1.57084 -0.00121219
24.468 -0.734111 -0.731392 -0.00271937 9.12645 -2.08834e-05 -2.61444e-05 -2.40933e-05 -0.731392 4.16978e-06 1.57084 -0.0012112
24.469 -0.734368 -0.73165 -0.00271799 9.13099 -2.09043e-05 -2.27421e-05 -2.41117e-05 -0.73165 4.13073e-06 1.57084 -0.00121022
24.47 -0.734626 -0.731909 -0.00271662 9.13552 -2.09248e-05 -1.93635e-05 -2.41298e-05 -0.731909 4.09198e-06 1.57084 -0.00120924
24.471 -0.734883 -0.732168 -0.00271526 9.14005 -2.0945e-05 -1.60085e-05 -2.41475e-05 -0.732168 4.05352e-06 1.57084 -0.00120826
24.472 -0.735141 -0.732427 -0.00271392 9.14458 -2.09649e-05 -1.2677e-05 -2.41649e-05 -0.732427 4.01536e-06 1.57084 -0.00120727
24.473 -0.735398 -0.732686 -0.00271257 9.14911 -2.09844e-05 -9.36893e-06 -2.41819e-05 -0.732686 3.97749e-06 1.57084 -0.00120629
24.474 -0.735656 -0.732944 -0.00271124 9.15364 -2.10035e-05 -6.08423e-06 -2.41985e-05 -0.732944 3.93991e-06 1.57084 -0.00120531
24.475 -0.735913 -0.733203 -0.00270992 9.15817 -2.10223e-05 -2.82282e-06 -2.42148e-05 -0.733203 3.90263e-06 1.57084 -0.00120433
24.476 -0.736171 -0.733462 -0.00270861 9.16269 -2.10407e-05 4.15349e-07 -2.42307e-05 -0.733462 3.86563e-06 1.57084 -0.00120334
24.477 -0.736429 -0.733721 -0.0027073 9.16722 -2.10588e-05 3.63037e-06 -2.42463e-05 -0.733721 3.82892e-06 1.57084 -0.00120236
24.478 -0.736686 -0.73398 -0.002706 9.17174 -2.10766e-05 6.8223e-06 -2.42615e-05 -0.73398 3.79251e-06 1.57084 -0.00120137
24.479 -0.736944 -0.734239 -0.00270472 9.17627 -2.1094e-05 9.99122e-06 -2.42763e-05 -0.734239 3.75637e-06 1.57084 -0.00120039
24.48 -0.737202 -0.734498 -0.00270344 9.18079 -2.11111e-05 1.31372e-05 -2.42908e-05 -0.734498 3.72053e-06 1.57084 -0.00119941
24.481 -0.73746 -0.734757 -0.00270217 9.18531 -2.11278e-05 1.62603e-05 -2.4305e-05 -0.734757 3.68497e-06 1.57084 -0.00119842
24.482 -0.737718 -0.735017 -0.0027009 9.18983 -2.11442e-05 1.93606e-05 -2.43188e-05 -0.735017 3.6497e-06 1.57084 -0.00119744
24.483 -0.737975 -0.735276 -0.00269965 9.19435 -2.11602e-05 2.24382e-05 -2.43322e-05 -0.735276 3.61471e-06 1.57084 -0.00119645
24.484 -0.738233 -0.735535 -0.00269841 9.19887 -2.11759e-05 2.54932e-05 -2.43453e-05 -0.735535 3.58e-06 1.57084 -0.00119547
24.485 -0.738491 -0.735794 -0.00269717 9.20339 -2.11913e-05 2.85256e-05 -2.4358e-05 -0.735794 3.54557e-06 1.57084 -0.00119448
24.486 -0.73875 -0.736054 -0.00269594 9.2079 -2.12063e-05 3.15354e-05 -2.43704e-05 -0.736054 3.51143e-06 1.57084 -0.0011935
24.487 -0.739008 -0.736313 -0.00269472 9.21242 -2.1221e-05 3.45229e-05 -2.43825e-05 -0.736313 3.47756e-06 1.57084 -0.00119251
24.488 -0.739266 -0.736572 -0.00269351 9.21694 -2.12353e-05 3.7488e-05 -2.43941e-05 -0.736572 3.44398e-06 1.57084 -0.00119153
24.489 -0.739524 -0.736832 -0.00269231 9.22145 -2.12493e-05 4.04309e-05 -2.44055e-05 -0.736832 3.41067e-06 1.57084 -0.00119054
24.49 -0.739782 -0.737091 -0.00269111 9.22596 -2.1263e-05 4.33515e-05 -2.44165e-05 -0.737091 3.37763e-06 1.57084 -0.00118955
24.491 -0.74004 -0.73735 -0.00268993 9.23048 -2.12764e-05 4.625e-05 -2.44272e-05 -0.73735 3.34488e-06 1.57084 -0.00118857
24.492 -0.740299 -0.73761 -0.00268875 9.23499 -2.12894e-05 4.91265e-05 -2.44375e-05 -0.73761 3.3124e-06 1.57084 -0.00118758
24.493 -0.740557 -0.737869 -0.00268758 9.2395 -2.13021e-05 5.1981e-05 -2.44475e-05 -0.737869 3.28019e-06 1.57084 -0.00118659
24.494 -0.740815 -0.738129 -0.00268641 9.24401 -2.13144e-05 5.48137e-05 -2.44571e-05 -0.738129 3.24826e-06 1.57084 -0.00118561
24.495 -0.741074 -0.738389 -0.00268526 9.24852 -2.13264e-05 5.76245e-05 -2.44664e-05 -0.738389 3.21659e-06 1.57084 -0.00118462
24.496 -0.741332 -0.738648 -0.00268412 9.25302 -2.13381e-05 6.04136e-05 -2.44754e-05 -0.738648 3.1852e-06 1.57084 -0.00118363
24.497 -0.741591 -0.738908 -0.00268298 9.25753 -2.13495e-05 6.3181e-05 -2.4484e-05 -0.738908 3.15408e-06 1.57084 -0.00118265
24.498 -0.741849 -0.739168 -0.00268185 9.26204 -2.13606e-05 6.59269e-05 -2.44923e-05 -0.739168 3.12323e-06 1.57084 -0.00118166
24.499 -0.742108 -0.739427 -0.00268073 9.26654 -2.13713e-05 6.86513e-05 -2.45003e-05 -0.739427 3.09264e-06 1.57084 -0.00118067
24.5 -0.742367 -0.739687 -0.00267961 9.27104 -2.13817e-05 7.13542e-05 -2.45079e-05 -0.739687 3.06232e-06 1.57084 -0.00117968
24.501 -0.742625 -0.739947 -0.00267851 9.27555 -2.13918e-05 7.40358e-05 -2.45152e-05 -0.739947 3.03227e-06 1.57084 -0.00117869
24.502 -0.742884 -0.740207 -0.00267741 9.28005 -2.14015e-05 7.66962e-05 -2.45222e-05 -0.740207 3.00248e-06 1.57084 -0.00117771
24.503 -0.743143 -0.740466 -0.00267632 9.28455 -2.14109e-05 7.93354e-05 -2.45288e-05 -0.740466 2.97296e-06 1.57083 -0.00117672
24.504 -0.743401 -0.740726 -0.00267523 9.28905 -2.14201e-05 8.19535e-05 -2.45351e-05 -0.740726 2.94369e-06 1.57083 -0.00117573
24.505 -0.74366 -0.740986 -0.00267416 9.29355 -2.14289e-05 8.45505e-05 -2.45411e-05 -0.740986 2.91469e-06 1.57083 -0.00117474
24.506 -0.743919 -0.741246 -0.00267309 9.29805 -2.14373e-05 8.71267e-05 -2.45468e-05 -0.741246 2.88595e-06 1.57083 -0.00117375
24.507 -0.744178 -0.741506 -0.00267203 9.30255 -2.14455e-05 8.9682e-05 -2.45521e-05 -0.741506 2.85747e-06 1.57083 -0.00117276
24.508 -0.744437 -0.741766 -0.00267098 9.30704 -2.14534e-05 9.22165e-05 -2.45571e-05 -0.741766 2.82925e-06 1.57083 -0.00117177
24.509 -0.744696 -0.742026 -0.00266993 9.31154 -2.14609e-05 9.47303e-05 -2.45618e-05 -0.742026 2.80129e-06 1.57083 -0.00117078
24.51 -0.744955 -0.742286 -0.0026689 9.31604 -2.14681e-05 9.72235e-05 -2.45661e-05 -0.742286 2.77358e-06 1.57083 -0.00116979
24.511 -0.745214 -0.742546 -0.00266787 9.32053 -2.1475e-05 9.96963e-05 -2.45702e-05 -0.742546 2.74613e-06 1.57083 -0.00116881
24.512 -0.745473 -0.742806 -0.00266685 9.32502 -2.14817e-05 0.000102149 -2.45739e-05 -0.742806 2.71893e-06 1.57083 -0.00116782
24.513 -0.745732 -0.743066 -0.00266583 9.32952 -2.14879e-05 0.00010458 -2.45773e-05 -0.743066 2.69198e-06 1.57083 -0.00116683
24.514 -0.745991 -0.743326 -0.00266482 9.33401 -2.14939e-05 0.000106992 -2.45804e-05 -0.743326 2.66529e-06 1.57083 -0.00116584
24.515 -0.74625 -0.743587 -0.00266382 9.3385 -2.14996e-05 0.000109384 -2.45832e-05 -0.743587 2.63884e-06 1.57083 -0.00116485
24.516 -0.74651 -0.743847 -0.00266283 9.34299 -2.1505e-05 0.000111755 -2.45856e-05 -0.743847 2.61265e-06 1.57083 -0.00116385
24.517 -0.746769 -0.744107 -0.00266184 9.34748 -2.15101e-05 0.000114106 -2.45878e-05 -0.744107 2.5867e-06 1.57083 -0.00116286
24.518 -0.747028 -0.744367 -0.00266087 9.35197 -2.15148e-05 0.000116438 -2.45896e-05 -0.744367 2.56101e-06 1.57083 -0.00116187
24.519 -0.747287 -0.744627 -0.00265989 9.35645 -2.15193e-05 0.000118749 -2.45911e-05 -0.744627 2.53556e-06 1.57083 -0.00116088
24.52 -0.747547 -0.744888 -0.00265893 9.36094 -2.15235e-05 0.000121041 -2.45923e-05 -0.744888 2.51035e-06 1.57083 -0.00115989
24.521 -0.747806 -0.745148 -0.00265797 9.36542 -2.15273e-05 0.000123313 -2.45932e-05 -0.745148 2.48539e-06 1.57083 -0.0011589
24.522 -0.748066 -0.745409 -0.00265702 9.36991 -2.15309e-05 0.000125565 -2.45938e-05 -0.745409 2.46067e-06 1.57083 -0.00115791
24.523 -0.748325 -0.745669 -0.00265608 9.37439 -2.15342e-05 0.000127798 -2.45941e-05 -0.745669 2.43619e-06 1.57083 -0.00115692
24.524 -0.748584 -0.745929 -0.00265514 9.37888 -2.15371e-05 0.000130012 -2.45941e-05 -0.745929 2.41196e-06 1.57083 -0.00115593
24.525 -0.748844 -0.74619 -0.00265421 9.38336 -2.15398e-05 0.000132206 -2.45938e-05 -0.74619 2.38797e-06 1.57083 -0.00115493
24.526 -0.749103 -0.74645 -0.00265329 9.38784 -2.15422e-05 0.000134381 -2.45931e-05 -0.74645 2.36421e-06 1.57083 -0.00115394
24.527 -0.749363 -0.746711 -0.00265238 9.39232 -2.15443e-05 0.000136537 -2.45922e-05 -0.746711 2.34069e-06 1.57083 -0.00115295
24.528 -0.749623 -0.746971 -0.00265147 9.3968 -2.15461e-05 0.000138674 -2.4591e-05 -0.746971 2.31741e-06 1.57083 -0.00115196
24.529 -0.749882 -0.747232 -0.00265057 9.40128 -2.15476e-05 0.000140792 -2.45895e-05 -0.747232 2.29436e-06 1.57083 -0.00115097
24.53 -0.750142 -0.747492 -0.00264967 9.40576 -2.15488e-05 0.00014289 -2.45876e-05 -0.747492 2.27155e-06 1.57083 -0.00114997
24.531 -0.750402 -0.747753 -0.00264878 9.41024 -2.15497e-05 0.00014497 -2.45855e-05 -0.747753 2.24897e-06 1.57083 -0.00114898
24.532 -0.750661 -0.748014 -0.0026479 9.41471 -2.15504e-05 0.000147032 -2.45831e-05 -0.748014 2.22662e-06 1.57083 -0.00114799
24.533 -0.750921 -0.748274 -0.00264702 9.41919 -2.15507e-05 0.000149074 -2.45804e-05 -0.748274 2.20451e-06 1.57083 -0.001147
24.534 -0.751181 -0.748535 -0.00264615 9.42366 -2.15508e-05 0.000151099 -2.45774e-05 -0.748535 2.18262e-06 1.57083 -0.001146
24.535 -0.751441 -0.748796 -0.00264529 9.42814 -2.15506e-05 0.000153104 -2.45741e-05 -0.748796 2.16096e-06 1.57083 -0.00114501
24.536 -0.751701 -0.749056 -0.00264444 9.43261 -2.15501e-05 0.000155092 -2.45705e-05 -0.749056 2.13953e-06 1.57083 -0.00114402
24.537 -0.751961 -0.749317 -0.00264359 9.43708 -2.15493e-05 0.000157061 -2.45666e-05 -0.749317 2.11833e-06 1.57083 -0.00114302
24.538 -0.75222 -0.749578 -0.00264274 9.44156 -2.15483e-05 0.000159011 -2.45625e-05 -0.749578 2.09735e-06 1.57083 -0.00114203
24.539 -0.75248 -0.749839 -0.00264191 9.44603 -2.1547e-05 0.000160944 -2.4558e-05 -0.749839 2.07659e-06 1.57083 -0.00114104
24.54 -0.75274 -0.750099 -0.00264107 9.4505 -2.15453e-05 0.000162859 -2.45533e-05 -0.750099 2.05606e-06 1.57083 -0.00114004
24.541 -0.753 -0.75036 -0.00264025 9.45497 -2.15435e-05 0.000164756 -2.45483e-05 -0.75036 2.03575e-06 1.57083 -0.00113905
24.542 -0.75326 -0.750621 -0.00263943 9.45944 -2.15413e-05 0.000166635 -2.4543e-05 -0.750621 2.01566e-06 1.57083 -0.00113805
24.543 -0.75352 -0.750882 -0.00263862 9.4639 -2.15389e-05 0.000168496 -2.45374e-05 -0.750882 1.99579e-06 1.57083 -0.00113706
24.544 -0.753781 -0.751143 -0.00263781 9.46837 -2.15362e-05 0.000170339 -2.45315e-05 -0.751143 1.97613e-06 1.57083 -0.00113606
24.545 -0.754041 -0.751404 -0.00263701 9.47284 -2.15332e-05 0.000172165 -2.45254e-05 -0.751404 1.9567e-06 1.57083 -0.00113507
24.546 -0.754301 -0.751665 -0.00263622 9.4773 -2.15299e-05 0.000173974 -2.45189e-05 -0.751665 1.93748e-06 1.57083 -0.00113408
24.547 -0.754561 -0.751926 -0.00263543 9.48177 -2.15264e-05 0.000175765 -2.45122e-05 -0.751926 1.91847e-06 1.57083 -0.00113308
24.548 -0.754821 -0.752187 -0.00263465 9.48623 -2.15226e-05 0.000177539 -2.45053e-05 -0.752187 1.89968e-06 1.57083 -0.00113209
24.549 -0.755081 -0.752448 -0.00263387 9.4907 -2.15186e-05 0.000179296 -2.4498e-05 -0.752448 1.8811e-06 1.57083 -0.00113109
24.55 -0.755342 -0.752709 -0.0026331 9.49516 -2.15143e-05 0.000181035 -2.44905e-05 -0.752709 1.86273e-06 1.57083 -0.0011301
24.551 -0.755602 -0.75297 -0.00263234 9.49962 -2.15097e-05 0.000182758 -2.44827e-05 -0.75297 1.84457e-06 1.57083 -0.0011291
24.552 -0.755862 -0.753231 -0.00263158 9.50408 -2.15048e-05 0.000184463 -2.44746e-05 -0.753231 1.82662e-06 1.57083 -0.00112811
24.553 -0.756123 -0.753492 -0.00263082 9.50854 -2.14997e-05 0.000186152 -2.44663e-05 -0.753492 1.80888e-06 1.57083 -0.00112711
24.554 -0.756383 -0.753753 -0.00263008 9.513 -2.14944e-05 0.000187824 -2.44577e-05 -0.753753 1.79135e-06 1.57083 -0.00112611
24.555 -0.756643 -0.754014 -0.00262933 9.51746 -2.14887e-05 0.00018948 -2.44488e-05 -0.754014 1.77402e-06 1.57083 -0.00112512
24.556 -0.756904 -0.754275 -0.0026286 9.52192 -2.14828e-05 0.000191119 -2.44397e-05 -0.754275 1.75689e-06 1.57083 -0.00112412
24.557 -0.757164 -0.754536 -0.00262786 9.52638 -2.14767e-05 0.000192741 -2.44303e-05 -0.754536 1.73997e-06 1.57083 -0.00112313
24.558 -0.757425 -0.754798 -0.00262714 9.53084 -2.14703e-05 0.000194347 -2.44206e-05 -0.754798 1.72324e-06 1.57083 -0.00112213
24.559 -0.757685 -0.755059 -0.00262642 9.53529 -2.14637e-05 0.000195937 -2.44107e-05 -0.755059 1.70672e-06 1.57083 -0.00112113
24.56 -0.757946 -0.75532 -0.0026257 9.53975 -2.14568e-05 0.000197511 -2.44005e-05 -0.75532 1.6904e-06 1.57083 -0.00112014
24.561 -0.758206 -0.755581 -0.00262499 9.5442 -2.14496e-05 0.000199068 -2.43901e-05 -0.755581 1.67428e-06 1.57083 -0.00111914
24.562 -0.758467 -0.755842 -0.00262429 9.54866 -2.14422e-05 0.00020061 -2.43794e-05 -0.755842 1.65835e-06 1.57083 -0.00111815
24.563 -0.758727 -0.756104 -0.00262359 9.55311 -2.14345e-05 0.000202135 -2.43684e-05 -0.756104 1.64262e-06 1.57083 -0.00111715
24.564 -0.758988 -0.756365 -0.0026229 9.55756 -2.14266e-05 0.000203645 -2.43572e-05 -0.756365 1.62708e-06 1.57083 -0.00111615
24.565 -0.759249 -0.756626 -0.00262221 9.56201 -2.14185e-05 0.000205139 -2.43457e-05 -0.756626 1.61174e-06 1.57083 -0.00111516
24.566 -0.759509 -0.756888 -0.00262153 9.56647 -2.14101e-05 0.000206618 -2.4334e-05 -0.756888 1.59659e-06 1.57083 -0.00111416
24.567 -0.75977 -0.757149 -0.00262085 9.57092 -2.14015e-05 0.000208081 -2.43221e-05 -0.757149 1.58163e-06 1.57083 -0.00111316
24.568 -0.760031 -0.75741 -0.00262017 9.57537 -2.13926e-05 0.000209528 -2.43098e-05 -0.75741 1.56685e-06 1.57083 -0.00111216
24.569 -0.760291 -0.757672 -0.0026195 9.57982 -2.13835e-05 0.000210961 -2.42974e-05 -0.757672 1.55227e-06 1.57083 -0.00111117
24.57 -0.760552 -0.757933 -0.00261884 9.58426 -2.13741e-05 0.000212378 -2.42847e-05 -0.757933 1.53788e-06 1.57083 -0.00111017
24.571 -0.760813 -0.758195 -0.00261818 9.58871 -2.13645e-05 0.00021378 -2.42717e-05 -0.758195 1.52367e-06 1.57083 -0.00110917
24.572 -0.761074 -0.758456 -0.00261753 9.59316 -2.13547e-05 0.000215166 -2.42585e-05 -0.758456 1.50964e-06 1.57083 -0.00110818
24.573 -0.761334 -0.758718 -0.00261688 9.59761 -2.13446e-05 0.000216538 -2.42451e-05 -0.758718 1.4958e-06 1.57083 -0.00110718
24.574 -0.761595 -0.758979 -0.00261623 9.60205 -2.13343e-05 0.000217895 -2.42314e-05 -0.758979 1.48214e-06 1.57083 -0.00110618
24.575 -0.761856 -0.759241 -0.00261559 9.6065 -2.13237e-05 0.000219238 -2.42174e-05 -0.759241 1.46867e-06 1.57083 -0.00110518
24.576 -0.762117 -0.759502 -0.00261496 9.61094 -2.1313e-05 0.000220565 -2.42033e-05 -0.759502 1.45537e-06 1.57083 -0.00110418
24.577 -0.762378 -0.759764 -0.00261433 9.61539 -2.13019e-05 0.000221878 -2.41889e-05 -0.759764 1.44225e-06 1.57083 -0.00110319
24.578 -0.762639 -0.760025 -0.0026137 9.61983 -2.12907e-05 0.000223177 -2.41742e-05 -0.760025 1.42931e-06 1.57083 -0.00110219
24.579 -0.7629 -0.760287 -0.00261308 9.62427 -2.12792e-05 0.000224461 -2.41594e-05 -0.760287 1.41654e-06 1.57083 -0.00110119
24.58 -0.763161 -0.760548 -0.00261246 9.62871 -2.12675e-05 0.000225731 -2.41442e-05 -0.760548 1.40395e-06 1.57083 -0.00110019
24.581 -0.763422 -0.76081 -0.00261185 9.63316 -2.12556e-05 0.000226986 -2.41289e-05 -0.76081 1.39154e-06 1.57083 -0.00109919
24.582 -0.763683 -0.761071 -0.00261124 9.6376 -2.12435e-05 0.000228228 -2.41133e-05 -0.761071 1.3793e-06 1.57082 -0.00109819
24.583 -0.763944 -0.761333 -0.00261064 9.64204 -2.12311e-05 0.000229456 -2.40975e-05 -0.761333 1.36722e-06 1.57082 -0.0010972
24.584 -0.764205 -0.761595 -0.00261004 9.64648 -2.12185e-05 0.000230669 -2.40815e-05 -0.761595 1.35532e-06 1.57082 -0.0010962
24.585 -0.764466 -0.761856 -0.00260945 9.65091 -2.12057e-05 0.000231869 -2.40652e-05 -0.761856 1.34359e-06 1.57082 -0.0010952
24.586 -0.764727 -0.762118 -0.00260885 9.65535 -2.11927e-05 0.000233055 -2.40487e-05 -0.762118 1.33202e-06 1.57082 -0.0010942
24.587 -0.764988 -0.76238 -0.00260827 9.65979 -2.11794e-05 0.000234228 -2.4032e-05 -0.76238 1.32063e-06 1.57082 -0.0010932
24.588 -0.765249 -0.762641 -0.00260768 9.66423 -2.1166e-05 0.000235387 -2.40151e-05 -0.762641 1.30939e-06 1.57082 -0.0010922
24.589 -0.76551 -0.762903 -0.00260711 9.66866 -2.11523e-05 0.000236533 -2.39979e-05 -0.762903 1.29832e-06 1.57082 -0.0010912
24.59 -0.765771 -0.763165 -0.00260653 9.6731 -2.11384e-05 0.000237665 -2.39806e-05 -0.763165 1.28742e-06 1.57082 -0.0010902
24.591 -0.766033 -0.763427 -0.00260596 9.67753 -2.11243e-05 0.000238784 -2.3963e-05 -0.763427 1.27667e-06 1.57082 -0.0010892
24.592 -0.766294 -0.763688 -0.00260539 9.68197 -2.11099e-05 0.00023989 -2.39452e-05 -0.763688 1.26609e-06 1.57082 -0.0010882
24.593 -0.766555 -0.76395 -0.00260483 9.6864 -2.10954e-05 0.000240983 -2.39271e-05 -0.76395 1.25566e-06 1.57082 -0.0010872
24.594 -0.766816 -0.764212 -0.00260427 9.69084 -2.10806e-05 0.000242063 -2.39089e-05 -0.764212 1.24539e-06 1.57082 -0.00108621
24.595 -0.767077 -0.764474 -0.00260371 9.69527 -2.10657e-05 0.00024313 -2.38904e-05 -0.764474 1.23528e-06 1.57082 -0.00108521
24.596 -0.767339 -0.764735 -0.00260316 9.6997 -2.10505e-05 0.000244184 -2.38717e-05 -0.764735 1.22533e-06 1.57082 -0.00108421
24.597 -0.7676 -0.764997 -0.00260261 9.70413 -2.10352e-05 0.000245226 -2.38529e-05 -0.764997 1.21552e-06 1.57082 -0.00108321
24.598 -0.767861 -0.765259 -0.00260207 9.70856 -2.10196e-05 0.000246255 -2.38338e-05 -0.765259 1.20588e-06 1.57082 -0.00108221
24.599 -0.768122 -0.765521 -0.00260153 9.71299 -2.10038e-05 0.000247272 -2.38145e-05 -0.765521 1.19638e-06 1.57082 -0.00108121
24.6 -0.768384 -0.765783 -0.00260099 9.71742 -2.09879e-05 0.000248276 -2.37949e-05 -0.765783 1.18703e-06 1.57082 -0.00108021
24.601 -0.768645 -0.766045 -0.00260046 9.72185 -2.09717e-05 0.000249268 -2.37752e-05 -0.766045 1.17784e-06 1.57082 -0.00107921
24.602 -0.768906 -0.766306 -0.00259993 9.72628 -2.09553e-05 0.000250248 -2.37553e-05 -0.766306 1.16879e-06 1.57082 -0.00107821
24.603 -0.769168 -0.766568 -0.0025994 9.73071 -2.09387e-05 0.000251216 -2.37352e-05 -0.766568 1.15988e-06 1.57082 -0.00107721
24.604 -0.769429 -0.76683 -0.00259887 9.73514 -2.0922e-05 0.000252172 -2.37149e-05 -0.76683 1.15113e-06 1.57082 -0.00107621
24.605 -0.76969 -0.767092 -0.00259835 9.73956 -2.0905e-05 0.000253116 -2.36943e-05 -0.767092 1.14251e-06 1.57082 -0.00107521
24.606 -0.769952 -0.767354 -0.00259784 9.74399 -2.08878e-05 0.000254049 -2.36736e-05 -0.767354 1.13404e-06 1.57082 -0.0010742
24.607 -0.770213 -0.767616 -0.00259732 9.74842 -2.08705e-05 0.000254969 -2.36527e-05 -0.767616 1.12572e-06 1.57082 -0.0010732
24.608 -0.770475 -0.767878 -0.00259681 9.75284 -2.08529e-05 0.000255878 -2.36316e-05 -0.767878 1.11753e-06 1.57082 -0.0010722
24.609 -0.770736 -0.76814 -0.0025963 9.75727 -2.08352e-05 0.000256776 -2.36103e-05 -0.76814 1.10948e-06 1.57082 -0.0010712
24.61 -0.770998 -0.768402 -0.0025958 9.76169 -2.08173e-05 0.000257662 -2.35888e-05 -0.768402 1.10157e-06 1.57082 -0.0010702
24.611 -0.771259 -0.768664 -0.0025953 9.76611 -2.07992e-05 0.000258537 -2.35671e-05 -0.768664 1.0938e-06 1.57082 -0.0010692
24.612 -0.771521 -0.768926 -0.0025948 9.77054 -2.07809e-05 0.000259401 -2.35452e-05 -0.768926 1.08616e-06 1.57082 -0.0010682
24.613 -0.771782 -0.769188 -0.0025943 9.77496 -2.07624e-05 0.000260253 -2.35231e-05 -0.769188 1.07866e-06 1.57082 -0.0010672
24.614 -0.772043 -0.76945 -0.00259381 9.77938 -2.07438e-05 0.000261095 -2.35008e-05 -0.76945 1.07129e-06 1.57082 -0.0010662
24.615 -0.772305 -0.769712 -0.00259332 9.7838 -2.07249e-05 0.000261926 -2.34784e-05 -0.769712 1.06405e-06 1.57082 -0.0010652
24.616 -0.772567 -0.769974 -0.00259283 9.78822 -2.07059e-05 0.000262746 -2.34557e-05 -0.769974 1.05694e-06 1.57082 -0.0010642
24.617 -0.772828 -0.770236 -0.00259235 9.79264 -2.06867e-05 0.000263555 -2.34329e-05 -0.770236 1.04996e-06 1.57082 -0.0010632
24.618 -0.77309 -0.770498 -0.00259186 9.79706 -2.06673e-05 0.000264353 -2.34099e-05 -0.770498 1.04311e-06 1.57082 -0.00106219
24.619 -0.773351 -0.77076 -0.00259138 9.80148 -2.06477e-05 0.000265142 -2.33867e-05 -0.77076 1.03639e-06 1.57082 -0.00106119
24.62 -0.773613 -0.771022 -0.00259091 9.8059 -2.0628e-05 0.000265919 -2.33633e-05 -0.771022 1.02979e-06 1.57082 -0.00106019
24.621 -0.773874 -0.771284 -0.00259043 9.81032 -2.06081e-05 0.000266687 -2.33398e-05 -0.771284 1.02332e-06 1.57082 -0.00105919
24.622 -0.774136 -0.771546 -0.00258996 9.81474 -2.0588e-05 0.000267444 -2.3316e-05 -0.771546 1.01697e-06 1.57082 -0.00105819
24.623 -0.774397 -0.771808 -0.00258949 9.81916 -2.05677e-05 0.000268191 -2.32921e-05 -0.771808 1.01074e-06 1.57082 -0.00105719
24.624 -0.774659 -0.77207 -0.00258902 9.82357 -2.05473e-05 0.000268928 -2.3268e-05 -0.77207 1.00463e-06 1.57082 -0.00105619
24.625 -0.774921 -0.772332 -0.00258856 9.82799 -2.05267e-05 0.000269655 -2.32438e-05 -0.772332 9.98647e-07 1.57082 -0.00105518
24.626 -0.775182 -0.772594 -0.0025881 9.8324 -2.0506e-05 0.000270372 -2.32194e-05 -0.772594 9.92778e-07 1.57082 -0.00105418
24.627 -0.775444 -0.772856 -0.00258764 9.83682 -2.0485e-05 0.00027108 -2.31948e-05 -0.772856 9.87025e-07 1.57082 -0.00105318
24.628 -0.775706 -0.773118 -0.00258718 9.84123 -2.04639e-05 0.000271778 -2.317e-05 -0.773118 9.81389e-07 1.57082 -0.00105218
24.629 -0.775967 -0.773381 -0.00258672 9.84565 -2.04427e-05 0.000272466 -2.31451e-05 -0.773381 9.75867e-07 1.57082 -0.00105118
24.63 -0.776229 -0.773643 -0.00258627 9.85006 -2.04213e-05 0.000273145 -2.312e-05 -0.773643 9.70459e-07 1.57082 -0.00105018
24.631 -0.776491 -0.773905 -0.00258582 9.85448 -2.03997e-05 0.000273815 -2.30947e-05 -0.773905 9.65163e-07 1.57082 -0.00104917
24.632 -0.776752 -0.774167 -0.00258537 9.85889 -2.03779e-05 0.000274475 -2.30693e-05 -0.774167 9.59977e-07 1.57082 -0.00104817
24.633 -0.777014 -0.774429 -0.00258492 9.8633 -2.0356e-05 0.000275126 -2.30437e-05 -0.774429 9.54902e-07 1.57082 -0.00104717
24.634 -0.777276 -0.774691 -0.00258447 9.86771 -2.0334e-05 0.000275769 -2.30179e-05 -0.774691 9.49934e-07 1.57082 -0.00104617
24.635 -0.777537 -0.774953 -0.00258403 9.87212 -2.03117e-05 0.000276402 -2.2992e-05 -0.774953 9.45074e-07 1.57082 -0.00104517
24.636 -0.777799 -0.775215 -0.00258359 9.87653 -2.02894e-05 0.000277026 -2.29659e-05 -0.775215 9.4032e-07 1.57082 -0.00104416
24.637 -0.778061 -0.775478 -0.00258315 9.88095 -2.02668e-05 0.000277642 -2.29397e-05 -0.775478 9.35671e-07 1.57082 -0.00104316
24.638 -0.778322 -0.77574 -0.00258271 9.88536 -2.02442e-05 0.000278249 -2.29133e-05 -0.77574 9.31125e-07 1.57082 -0.00104216
24.639 -0.778584 -0.776002 -0.00258227 9.88976 -2.02213e-05 0.000278847 -2.28868e-05 -0.776002 9.26681e-07 1.57082 -0.00104116
24.64 -0.778846 -0.776264 -0.00258184 9.89417 -2.01984e-05 0.000279437 -2.28601e-05 -0.776264 9.22338e-07 1.57082 -0.00104016
24.641 -0.779108 -0.776526 -0.00258141 9.89858 -2.01752e-05 0.000280019 -2.28332e-05 -0.776526 9.18096e-07 1.57082 -0.00103915
24.642 -0.779369 -0.776788 -0.00258097 9.90299 -2.0152e-05 0.000280592 -2.28062e-05 -0.776788 9.13952e-07 1.57082 -0.00103815
24.643 -0.779631 -0.777051 -0.00258054 9.9074 -2.01285e-05 0.000281157 -2.27791e-05 -0.777051 9.09905e-07 1.57082 -0.00103715
24.644 -0.779893 -0.777313 -0.00258011 9.91181 -2.0105e-05 0.000281714 -2.27518e-05 -0.777313 9.05954e-07 1.57082 -0.00103615
24.645 -0.780155 -0.777575 -0.00257969 9.91621 -2.00813e-05 0.000282263 -2.27243e-05 -0.777575 9.02099e-07 1.57082 -0.00103514
24.646 -0.780416 -0.777837 -0.00257926 9.92062 -2.00574e-05 0.000282804 -2.26968e-05 -0.777837 8.98337e-07 1.57082 -0.00103414
24.647 -0.780678 -0.778099 -0.00257883 9.92502 -2.00334e-05 0.000283338 -2.2669e-05 -0.778099 8.94667e-07 1.57082 -0.00103314
24.648 -0.78094 -0.778362 -0.00257841 9.92943 -2.00093e-05 0.000283863 -2.26411e-05 -0.778362 8.91089e-07 1.57082 -0.00103214
24.649 -0.781202 -0.778624 -0.00257799 9.93383 -1.9985e-05 0.000284381 -2.26131e-05 -0.778624 8.87601e-07 1.57082 -0.00103113
24.65 -0.781464 -0.778886 -0.00257757 9.93824 -1.99606e-05 0.000284892 -2.2585e-05 -0.778886 8.84202e-07 1.57082 -0.00103013
24.651 -0.781725 -0.779148 -0.00257715 9.94264 -1.99361e-05 0.000285395 -2.25567e-05 -0.779148 8.80891e-07 1.57082 -0.00102913
24.652 -0.781987 -0.77941 -0.00257673 9.94705 -1.99114e-05 0.000285891 -2.25282e-05 -0.77941 8.77665e-07 1.57082 -0.00102813
24.653 -0.782249 -0.779673 -0.00257631 9.95145 -1.98866e-05 0.00028638 -2.24997e-05 -0.779673 8.74526e-07 1.57082 -0.00102712
24.654 -0.782511 -0.779935 -0.00257589 9.95585 -1.98617e-05 0.000286861 -2.2471e-05 -0.779935 8.7147e-07 1.57082 -0.00102612
24.655 -0.782772 -0.780197 -0.00257548 9.96025 -1.98366e-05 0.000287336 -2.24421e-05 -0.780197 8.68497e-07 1.57082 -0.00102512
24.656 -0.783034 -0.780459 -0.00257506 9.96466 -1.98114e-05 0.000287803 -2.24132e-05 -0.780459 8.65605e-07 1.57082 -0.00102411
24.657 -0.783296 -0.780721 -0.00257465 9.96906 -1.97861e-05 0.000288264 -2.23841e-05 -0.780721 8.62794e-07 1.57082 -0.00102311
24.658 -0.783558 -0.780984 -0.00257423 9.97346 -1.97606e-05 0.000288718 -2.23548e-05 -0.780984 8.60062e-07 1.57082 -0.00102211
24.659 -0.78382 -0.781246 -0.00257382 9.97786 -1.9735e-05 0.000289165 -2.23255e-05 -0.781246 8.57408e-07 1.57082 -0.00102111
24.66 -0.784081 -0.781508 -0.00257341 9.98226 -1.97093e-05 0.000289606 -2.2296e-05 -0.781508 8.54831e-07 1.57082 -0.0010201
24.661 -0.784343 -0.78177 -0.002573 9.98666 -1.96835e-05 0.00029004 -2.22664e-05 -0.78177 8.52329e-07 1.57082 -0.0010191
24.662 -0.784605 -0.782033 -0.00257259 9.99106 -1.96575e-05 0.000290468 -2.22366e-05 -0.782033 8.49902e-07 1.57082 -0.0010181
24.663 -0.784867 -0.782295 -0.00257218 9.99546 -1.96315e-05 0.00029089 -2.22068e-05 -0.782295 8.47548e-07 1.57082 -0.0010171
24.664 -0.785129 -0.782557 -0.00257177 9.99986 -1.96053e-05 0.000291305 -2.21768e-05 -0.782557 8.45266e-07 1.57082 -0.00101609
24.665 -0.785391 -0.782819 -0.00257136 10.0043 -1.9579e-05 0.000291715 -2.21467e-05 -0.782819 8.43055e-07 1.57082 -0.00101509
24.666 -0.785652 -0.783081 -0.00257095 10.0087 -1.95525e-05 0.000292118 -2.21165e-05 -0.783081 8.40913e-07 1.57082 -0.00101409
24.667 -0.785914 -0.783344 -0.00257054 10.0131 -1.9526e-05 0.000292516 -2.20861e-05 -0.783344 8.3884e-07 1.57082 -0.00101308
24.668 -0.786176 -0.783606 -0.00257013 10.0174 -1.94994e-05 0.000292908 -2.20557e-05 -0.783606 8.36833e-07 1.57082 -0.00101208
24.669 -0.786438 -0.783868 -0.00256973 10.0218 -1.94726e-05 0.000293294 -2.20251e-05 -0.783868 8.34893e-07 1.57082 -0.00101108
24.67 -0.7867 -0.78413 -0.00256932 10.0262 -1.94457e-05 0.000293674 -2.19944e-05 -0.78413 8.33018e-07 1.57082 -0.00101007
24.671 -0.786961 -0.784392 -0.00256891 10.0306 -1.94187e-05 0.000294049 -2.19636e-05 -0.784392 8.31206e-07 1.57082 -0.00100907
24.672 -0.787223 -0.784655 -0.0025685 10.035 -1.93916e-05 0.000294419 -2.19327e-05 -0.784655 8.29457e-07 1.57082 -0.00100807
24.673 -0.787485 -0.784917 -0.0025681 10.0394 -1.93644e-05 0.000294783 -2.19017e-05 -0.784917 8.27769e-07 1.57082 -0.00100707
24.674 -0.787747 -0.785179 -0.00256769 10.0438 -1.93371e-05 0.000295142 -2.18706e-05 -0.785179 8.26142e-07 1.57082 -0.00100606
24.675 -0.788009 -0.785441 -0.00256728 10.0482 -1.93097e-05 0.000295496 -2.18393e-05 -0.785441 8.24573e-07 1.57082 -0.00100506
24.676 -0.78827 -0.785703 -0.00256688 10.0526 -1.92822e-05 0.000295845 -2.1808e-05 -0.785703 8.23062e-07 1.57082 -0.00100406
24.677 -0.788532 -0.785966 -0.00256647 10.057 -1.92545e-05 0.000296189 -2.17765e-05 -0.785966 8.21607e-07 1.57082 -0.00100305
24.678 -0.788794 -0.786228 -0.00256606 10.0614 -1.92268e-05 0.000296528 -2.1745e-05 -0.786228 8.20208e-07 1.57082 -0.00100205
24.679 -0.789056 -0.78649 -0.00256566 10.0658 -1.9199e-05 0.000296862 -2.17133e-05 -0.78649 8.18863e-07 1.57082 -0.00100105
24.68 -0.789317 -0.786752 -0.00256525 10.0702 -1.91711e-05 0.000297192 -2.16816e-05 -0.786752 8.17571e-07 1.57082 -0.00100004
24.681 -0.789579 -0.787014 -0.00256484 10.0746 -1.9143e-05 0.000297517 -2.16497e-05 -0.787014 8.16331e-07 1.57082 -0.000999042
24.682 -0.789841 -0.787277 -0.00256443 10.079 -1.91149e-05 0.000297837 -2.16178e-05 -0.787277 8.15142e-07 1.57082 -0.000998039
24.683 -0.790103 -0.787539 -0.00256402 10.0834 -1.90867e-05 0.000298153 -2.15857e-05 -0.787539 8.14002e-07 1.57082 -0.000997036
24.684 -0.790365 -0.787801 -0.00256362 10.0877 -1.90584e-05 0.000298465 -2.15536e-05 -0.787801 8.12911e-07 1.57082 -0.000996033
24.685 -0.790626 -0.788063 -0.00256321 10.0921 -1.903e-05 0.000298773 -2.15214e-05 -0.788063 8.11866e-07 1.57082 -0.00099503
24.686 -0.790888 -0.788325 -0.0025628 10.0965 -1.90015e-05 0.000299076 -2.1489e-05 -0.788325 8.10869e-07 1.57082 -0.000994027
24.687 -0.79115 -0.788587 -0.00256239 10.1009 -1.89729e-05 0.000299376 -2.14566e-05 -0.788587 8.09915e-07 1.57082 -0.000993024
24.688 -0.791412 -0.78885 -0.00256198 10.1053 -1.89443e-05 0.000299671 -2.14241e-05 -0.78885 8.09006e-07 1.57082 -0.000992021
24.689 -0.791673 -0.789112 -0.00256157 10.1097 -1.89155e-05 0.000299963 -2.13915e-05 -0.789112 8.08139e-07 1.57082 -0.000991018
24.69 -0.791935 -0.789374 -0.00256115 10.1141 -1.88866e-05 0.000300251 -2.13588e-05 -0.789374 8.07314e-07 1.57082 -0.000990015
24.691 -0.792197 -0.789636 -0.00256074 10.1185 -1.88577e-05 0.000300535 -2.1326e-05 -0.789636 8.06529e-07 1.57082 -0.000989012
24.692 -0.792459 -0.789898 -0.00256033 10.1229 -1.88287e-05 0.000300816 -2.12931e-05 -0.789898 8.05784e-07 1.57082 -0.000988009
24.693 -0.79272 -0.79016 -0.00255991 10.1273 -1.87996e-05 0.000301093 -2.12602e-05 -0.79016 8.05076e-07 1.57082 -0.000987006
24.694 -0.792982 -0.790422 -0.0025595 10.1316 -1.87704e-05 0.000301367 -2.12272e-05 -0.790422 8.04405e-07 1.57082 -0.000986003
24.695 -0.793244 -0.790685 -0.00255908 10.136 -1.87411e-05 0.000301638 -2.1194e-05 -0.790685 8.0377e-07 1.57082 -0.000985
24.696 -0.793505 -0.790947 -0.00255867 10.1404 -1.87118e-05 0.000301905 -2.11608e-05 -0.790947 8.0317e-07 1.57082 -0.000983998
24.697 -0.793767 -0.791209 -0.00255825 10.1448 -1.86824e-05 0.000302169 -2.11276e-05 -0.791209 8.02603e-07 1.57082 -0.000982995
24.698 -0.794029 -0.791471 -0.00255783 10.1492 -1.86529e-05 0.00030243 -2.10942e-05 -0.791471 8.02069e-07 1.57082 -0.000981992
24.699 -0.79429 -0.791733 -0.00255741 10.1536 -1.86233e-05 0.000302689 -2.10608e-05 -0.791733 8.01566e-07 1.57082 -0.000980989
24.7 -0.794552 -0.791995 -0.00255699 10.158 -1.85936e-05 0.000302944 -2.10273e-05 -0.791995 8.01093e-07 1.57082 -0.000979986
24.701 -0.794814 -0.792257 -0.00255657 10.1623 -1.85639e-05 0.000303197 -2.09937e-05 -0.792257 8.00648e-07 1.57082 -0.000978983
24.702 -0.795075 -0.792519 -0.00255615 10.1667 -1.85341e-05 0.000303447 -2.096e-05 -0.792519 8.00232e-07 1.57082 -0.000977981
24.703 -0.795337 -0.792781 -0.00255572 10.1711 -1.85042e-05 0.000303694 -2.09263e-05 -0.792781 7.99843e-07 1.57082 -0.000976978
24.704 -0.795599 -0.793043 -0.0025553 10.1755 -1.84743e-05 0.000303939 -2.08925e-05 -0.793043 7.99479e-07 1.57082 -0.000975975
24.705 -0.79586 -0.793305 -0.00255487 10.1799 -1.84443e-05 0.000304181 -2.08586e-05 -0.793305 7.9914e-07 1.57082 -0.000974972
24.706 -0.796122 -0.793567 -0.00255444 10.1843 -1.84142e-05 0.000304422 -2.08247e-05 -0.793567 7.98824e-07 1.57082 -0.00097397
24.707 -0.796384 -0.79383 -0.00255401 10.1886 -1.83841e-05 0.000304659 -2.07907e-05 -0.79383 7.9853e-07 1.57082 -0.000972967
24.708 -0.796645 -0.794092 -0.00255358 10.193 -1.83539e-05 0.000304895 -2.07566e-05 -0.794092 7.98258e-07 1.57082 -0.000971964
24.709 -0.796907 -0.794354 -0.00255315 10.1974 -1.83236e-05 0.000305129 -2.07225e-05 -0.794354 7.98005e-07 1.57082 -0.000970962
24.71 -0.797168 -0.794616 -0.00255272 10.2018 -1.82933e-05 0.000305361 -2.06883e-05 -0.794616 7.97772e-07 1.57082 -0.000969959
24.711 -0.79743 -0.794878 -0.00255228 10.2062 -1.82629e-05 0.000305591 -2.0654e-05 -0.794878 7.97557e-07 1.57082 -0.000968957
24.712 -0.797691 -0.79514 -0.00255184 10.2106 -1.82324e-05 0.000305819 -2.06197e-05 -0.79514 7.97358e-07 1.57082 -0.000967954
24.713 -0.797953 -0.795402 -0.0025514 10.2149 -1.82019e-05 0.000306045 -2.05853e-05 -0.795402 7.97175e-07 1.57082 -0.000966952
24.714 -0.798214 -0.795664 -0.00255096 10.2193 -1.81713e-05 0.00030627 -2.05509e-05 -0.795664 7.97007e-07 1.57082 -0.000965949
24.715 -0.798476 -0.795925 -0.00255052 10.2237 -1.81407e-05 0.000306493 -2.05164e-05 -0.795925 7.96852e-07 1.57082 -0.000964947
24.716 -0.798738 -0.796187 -0.00255008 10.2281 -1.811e-05 0.000306715 -2.04818e-05 -0.796187 7.9671e-07 1.57082 -0.000963944
24.717 -0.798999 -0.796449 -0.00254963 10.2325 -1.80792e-05 0.000306935 -2.04472e-05 -0.796449 7.96579e-07 1.57082 -0.000962942
24.718 -0.799261 -0.796711 -0.00254919 10.2368 -1.80484e-05 0.000307155 -2.04126e-05 -0.796711 7.96458e-07 1.57082 -0.00096194
24.719 -0.799522 -0.796973 -0.00254874 10.2412 -1.80176e-05 0.000307373 -2.03778e-05 -0.796973 7.96347e-07 1.57082 -0.000960937
24.72 -0.799783 -0.797235 -0.00254829 10.2456 -1.79867e-05 0.00030759 -2.03431e-05 -0.797235 7.96243e-07 1.57082 -0.000959935
24.721 -0.800045 -0.797497 -0.00254783 10.25 -1.79557e-05 0.000307805 -2.03082e-05 -0.797497 7.96147e-07 1.57082 -0.000958933
24.722 -0.800306 -0.797759 -0.00254738 10.2544 -1.79247e-05 0.00030802 -2.02734e-05 -0.797759 7.96057e-07 1.57081 -0.000957931
24.723 -0.800568 -0.798021 -0.00254692 10.2587 -1.78937e-05 0.000308234 -2.02385e-05 -0.798021 7.95972e-07 1.57081 -0.000956929
24.724 -0.800829 -0.798283 -0.00254646 10.2631 -1.78626e-05 0.000308448 -2.02035e-05 -0.798283 7.9589e-07 1.57081 -0.000955926
24.725 -0.801091 -0.798545 -0.002546 10.2675 -1.78314e-05 0.00030866 -2.01685e-05 -0.798545 7.95812e-07 1.57081 -0.000954924
24.726 -0.801352 -0.798806 -0.00254554 10.2719 -1.78002e-05 0.000308872 -2.01334e-05 -0.798806 7.95735e-07 1.57081 -0.000953922
24.727 -0.801613 -0.799068 -0.00254507 10.2762 -1.7769e-05 0.000309084 -2.00983e-05 -0.799068 7.95659e-07 1.57081 -0.00095292
24.728 -0.801875 -0.79933 -0.0025446 10.2806 -1.77377e-05 0.000309295 -2.00632e-05 -0.79933 7.95582e-07 1.57081 -0.000951919
24.729 -0.802136 -0.799592 -0.00254413 10.285 -1.77064e-05 0.000309506 -2.0028e-05 -0.799592 7.95504e-07 1.57081 -0.000950917
24.73 -0.802397 -0.799854 -0.00254366 10.2894 -1.76751e-05 0.000309716 -1.99928e-05 -0.799854 7.95424e-07 1.57081 -0.000949915
24.731 -0.802659 -0.800115 -0.00254318 10.2937 -1.76437e-05 0.000309927 -1.99575e-05 -0.800115 7.9534e-07 1.57081 -0.000948913
24.732 -0.80292 -0.800377 -0.0025427 10.2981 -1.76122e-05 0.000310137 -1.99222e-05 -0.800377 7.95252e-07 1.57081 -0.000947911
24.733 -0.803181 -0.800639 -0.00254222 10.3025 -1.75808e-05 0.000310347 -1.98869e-05 -0.800639 7.95158e-07 1.57081 -0.00094691
24.734 -0.803442 -0.800901 -0.00254174 10.3069 -1.75493e-05 0.000310558 -1.98515e-05 -0.800901 7.95057e-07 1.57081 -0.000945908
24.735 -0.803704 -0.801162 -0.00254126 10.3112 -1.75177e-05 0.000310768 -1.98161e-05 -0.801162 7.94949e-07 1.57081 -0.000944906
24.736 -0.803965 -0.801424 -0.00254077 10.3156 -1.74861e-05 0.000310979 -1.97807e-05 -0.801424 7.94832e-07 1.57081 -0.000943905
24.737 -0.804226 -0.801686 -0.00254028 10.32 -1.74545e-05 0.00031119 -1.97452e-05 -0.801686 7.94706e-07 1.57081 -0.000942903
24.738 -0.804487 -0.801948 -0.00253979 10.3244 -1.74229e-05 0.000311401 -1.97097e-05 -0.801948 7.94569e-07 1.57081 -0.000941902
24.739 -0.804749 -0.802209 -0.00253929 10.3287 -1.73912e-05 0.000311613 -1.96742e-05 -0.802209 7.9442e-07 1.57081 -0.000940901
24.74 -0.80501 -0.802471 -0.00253879 10.3331 -1.73595e-05 0.000311826 -1.96386e-05 -0.802471 7.94259e-07 1.57081 -0.000939899
24.741 -0.805271 -0.802733 -0.00253829 10.3375 -1.73278e-05 0.000312039 -1.9603e-05 -0.802733 7.94083e-07 1.57081 -0.000938898
24.742 -0.805532 -0.802994 -0.00253779 10.3419 -1.7296e-05 0.000312253 -1.95674e-05 -0.802994 7.93893e-07 1.57081 -0.000937897
24.743 -0.805793 -0.803256 -0.00253728 10.3462 -1.72643e-05 0.000312467 -1.95318e-05 -0.803256 7.93688e-07 1.57081 -0.000936896
24.744 -0.806054 -0.803517 -0.00253677 10.3506 -1.72325e-05 0.000312683 -1.94961e-05 -0.803517 7.93465e-07 1.57081 -0.000935894
24.745 -0.806315 -0.803779 -0.00253626 10.355 -1.72006e-05 0.000312899 -1.94604e-05 -0.803779 7.93225e-07 1.57081 -0.000934893
24.746 -0.806576 -0.804041 -0.00253574 10.3593 -1.71688e-05 0.000313117 -1.94247e-05 -0.804041 7.92966e-07 1.57081 -0.000933892
24.747 -0.806837 -0.804302 -0.00253522 10.3637 -1.71369e-05 0.000313335 -1.9389e-05 -0.804302 7.92687e-07 1.57081 -0.000932892
24.748 -0.807098 -0.804564 -0.0025347 10.3681 -1.7105e-05 0.000313555 -1.93532e-05 -0.804564 7.92388e-07 1.57081 -0.000931891
24.749 -0.807359 -0.804825 -0.00253418 10.3725 -1.70731e-05 0.000313776 -1.93175e-05 -0.804825 7.92067e-07 1.57081 -0.00093089
24.75 -0.80762 -0.805087 -0.00253365 10.3768 -1.70411e-05 0.000313999 -1.92817e-05 -0.805087 7.91723e-07 1.57081 -0.000929889
24.751 -0.807881 -0.805348 -0.00253312 10.3812 -1.70092e-05 0.000314223 -1.92459e-05 -0.805348 7.91356e-07 1.57081 -0.000928889
24.752 -0.808142 -0.80561 -0.00253258 10.3856 -1.69772e-05 0.000314448 -1.921e-05 -0.80561 7.90964e-07 1.57081 -0.000927888
24.753 -0.808403 -0.805871 -0.00253205 10.3899 -1.69452e-05 0.000314675 -1.91742e-05 -0.805871 7.90546e-07 1.57081 -0.000926887
24.754 -0.808664 -0.806132 -0.0025315 10.3943 -1.69132e-05 0.000314904 -1.91384e-05 -0.806132 7.90102e-07 1.57081 -0.000925887
24.755 -0.808925 -0.806394 -0.00253096 10.3987 -1.68812e-05 0.000315134 -1.91025e-05 -0.806394 7.8963e-07 1.57081 -0.000924887
24.756 -0.809186 -0.806655 -0.00253041 10.403 -1.68492e-05 0.000315367 -1.90666e-05 -0.806655 7.8913e-07 1.57081 -0.000923886
24.757 -0.809447 -0.806917 -0.00252986 10.4074 -1.68172e-05 0.000315601 -1.90308e-05 -0.806917 7.88601e-07 1.57081 -0.000922886
24.758 -0.809707 -0.807178 -0.00252931 10.4118 -1.67851e-05 0.000315837 -1.89949e-05 -0.807178 7.88041e-07 1.57081 -0.000921886
24.759 -0.809968 -0.807439 -0.00252875 10.4162 -1.67531e-05 0.000316075 -1.8959e-05 -0.807439 7.87449e-07 1.57081 -0.000920886
24.76 -0.810229 -0.807701 -0.00252819 10.4205 -1.6721e-05 0.000316315 -1.89231e-05 -0.807701 7.86825e-07 1.57081 -0.000919886
24.761 -0.81049 -0.807962 -0.00252762 10.4249 -1.66889e-05 0.000316558 -1.88871e-05 -0.807962 7.86169e-07 1.57081 -0.000918886
24.762 -0.81075 -0.808223 -0.00252705 10.4293 -1.66568e-05 0.000316803 -1.88512e-05 -0.808223 7.85477e-07 1.57081 -0.000917886
24.763 -0.811011 -0.808485 -0.00252648 10.4336 -1.66248e-05 0.00031705 -1.88153e-05 -0.808485 7.84751e-07 1.57081 -0.000916886
24.764 -0.811272 -0.808746 -0.00252591 10.438 -1.65927e-05 0.000317299 -1.87794e-05 -0.808746 7.83989e-07 1.57081 -0.000915886
24.765 -0.811532 -0.809007 -0.00252533 10.4424 -1.65606e-05 0.000317551 -1.87435e-05 -0.809007 7.8319e-07 1.57081 -0.000914887
24.766 -0.811793 -0.809268 -0.00252474 10.4467 -1.65285e-05 0.000317806 -1.87075e-05 -0.809268 7.82353e-07 1.57081 -0.000913887
24.767 -0.812054 -0.80953 -0.00252416 10.4511 -1.64964e-05 0.000318063 -1.86716e-05 -0.80953 7.81477e-07 1.57081 -0.000912888
24.768 -0.812314 -0.809791 -0.00252357 10.4555 -1.64643e-05 0.000318323 -1.86357e-05 -0.809791 7.80561e-07 1.57081 -0.000911888
24.769 -0.812575 -0.810052 -0.00252297 10.4598 -1.64322e-05 0.000318586 -1.85998e-05 -0.810052 7.79605e-07 1.57081 -0.000910889
24.77 -0.812835 -0.810313 -0.00252237 10.4642 -1.64001e-05 0.000318852 -1.85638e-05 -0.810313 7.78607e-07 1.57081 -0.00090989
24.771 -0.813096 -0.810574 -0.00252177 10.4685 -1.6368e-05 0.000319121 -1.85279e-05 -0.810574 7.77566e-07 1.57081 -0.000908891
24.772 -0.813356 -0.810835 -0.00252117 10.4729 -1.63359e-05 0.000319392 -1.8492e-05 -0.810835 7.76483e-07 1.57081 -0.000907892
24.773 -0.813617 -0.811096 -0.00252056 10.4773 -1.63038e-05 0.000319667 -1.84561e-05 -0.811096 7.75355e-07 1.57081 -0.000906893
24.774 -0.813877 -0.811357 -0.00251994 10.4816 -1.62717e-05 0.000319945 -1.84202e-05 -0.811357 7.74181e-07 1.57081 -0.000905894
24.775 -0.814138 -0.811618 -0.00251932 10.486 -1.62397e-05 0.000320226 -1.83843e-05 -0.811618 7.72962e-07 1.57081 -0.000904895
24.776 -0.814398 -0.811879 -0.0025187 10.4904 -1.62076e-05 0.00032051 -1.83484e-05 -0.811879 7.71696e-07 1.57081 -0.000903896
24.777 -0.814658 -0.81214 -0.00251807 10.4947 -1.61755e-05 0.000320798 -1.83126e-05 -0.81214 7.70382e-07 1.57081 -0.000902898
24.778 -0.814919 -0.812401 -0.00251744 10.4991 -1.61435e-05 0.000321089 -1.82767e-05 -0.812401 7.69019e-07 1.57081 -0.000901899
24.779 -0.815179 -0.812662 -0.00251681 10.5035 -1.61114e-05 0.000321384 -1.82409e-05 -0.812662 7.67606e-07 1.57081 -0.000900901
24.78 -0.815439 -0.812923 -0.00251617 10.5078 -1.60794e-05 0.000321682 -1.8205e-05 -0.812923 7.66143e-07 1.57081 -0.000899902
24.781 -0.8157 -0.813184 -0.00251553 10.5122 -1.60474e-05 0.000321984 -1.81692e-05 -0.813184 7.64629e-07 1.57081 -0.000898904
24.782 -0.81596 -0.813445 -0.00251488 10.5165 -1.60154e-05 0.00032229 -1.81334e-05 -0.813445 7.63063e-07 1.57081 -0.000897906
24.783 -0.81622 -0.813706 -0.00251423 10.5209 -1.59834e-05 0.0003226 -1.80976e-05 -0.813706 7.61443e-07 1.57081 -0.000896908
24.784 -0.81648 -0.813967 -0.00251357 10.5253 -1.59514e-05 0.000322913 -1.80619e-05 -0.813967 7.5977e-07 1.57081 -0.00089591
24.785 -0.81674 -0.814227 -0.00251291 10.5296 -1.59195e-05 0.00032323 -1.80261e-05 -0.814227 7.58041e-07 1.57081 -0.000894912
24.786 -0.817 -0.814488 -0.00251224 10.534 -1.58875e-05 0.000323551 -1.79904e-05 -0.814488 7.56257e-07 1.57081 -0.000893914
24.787 -0.817261 -0.814749 -0.00251158 10.5383 -1.58556e-05 0.000323877 -1.79547e-05 -0.814749 7.54417e-07 1.57081 -0.000892917
24.788 -0.817521 -0.81501 -0.0025109 10.5427 -1.58237e-05 0.000324206 -1.7919e-05 -0.81501 7.52519e-07 1.57081 -0.000891919
24.789 -0.817781 -0.81527 -0.00251022 10.5471 -1.57918e-05 0.00032454 -1.78833e-05 -0.81527 7.50563e-07 1.57081 -0.000890921
24.79 -0.818041 -0.815531 -0.00250954 10.5514 -1.57599e-05 0.000324878 -1.78477e-05 -0.815531 7.48548e-07 1.57081 -0.000889924
24.791 -0.818301 -0.815792 -0.00250885 10.5558 -1.57281e-05 0.00032522 -1.7812e-05 -0.815792 7.46474e-07 1.57081 -0.000888927
24.792 -0.818561 -0.816052 -0.00250816 10.5601 -1.56962e-05 0.000325567 -1.77764e-05 -0.816052 7.44338e-07 1.57081 -0.00088793
24.793 -0.81882 -0.816313 -0.00250746 10.5645 -1.56644e-05 0.000325918 -1.77408e-05 -0.816313 7.42141e-07 1.57081 -0.000886933
24.794 -0.81908 -0.816574 -0.00250676 10.5689 -1.56327e-05 0.000326274 -1.77053e-05 -0.816574 7.39882e-07 1.57081 -0.000885936
24.795 -0.81934 -0.816834 -0.00250606 10.5732 -1.56009e-05 0.000326634 -1.76698e-05 -0.816834 7.3756e-07 1.57081 -0.000884939
24.796 -0.8196 -0.817095 -0.00250534 10.5776 -1.55692e-05 0.000326999 -1.76343e-05 -0.817095 7.35173e-07 1.57081 -0.000883942
24.797 -0.81986 -0.817355 -0.00250463 10.5819 -1.55375e-05 0.000327369 -1.75988e-05 -0.817355 7.32722e-07 1.57081 -0.000882945
24.798 -0.82012 -0.817616 -0.00250391 10.5863 -1.55058e-05 0.000327743 -1.75634e-05 -0.817616 7.30206e-07 1.57081 -0.000881949
24.799 -0.820379 -0.817876 -0.00250318 10.5906 -1.54741e-05 0.000328123 -1.7528e-05 -0.817876 7.27623e-07 1.57081 -0.000880952
24.8 -0.820639 -0.818137 -0.00250245 10.595 -1.54425e-05 0.000328507 -1.74926e-05 -0.818137 7.24973e-07 1.57081 -0.000879956
24.801 -0.820899 -0.818397 -0.00250172 10.5994 -1.54109e-05 0.000328896 -1.74573e-05 -0.818397 7.22255e-07 1.57081 -0.00087896
24.802 -0.821158 -0.818657 -0.00250098 10.6037 -1.53794e-05 0.00032929 -1.7422e-05 -0.818657 7.19468e-07 1.57081 -0.000877964
24.803 -0.821418 -0.818918 -0.00250023 10.6081 -1.53478e-05 0.00032969 -1.73867e-05 -0.818918 7.16611e-07 1.57081 -0.000876968
24.804 -0.821678 -0.819178 -0.00249948 10.6124 -1.53163e-05 0.000330094 -1.73514e-05 -0.819178 7.13685e-07 1.57081 -0.000875972
24.805 -0.821937 -0.819438 -0.00249873 10.6168 -1.52849e-05 0.000330504 -1.73162e-05 -0.819438 7.10687e-07 1.57081 -0.000874976
24.806 -0.822197 -0.819699 -0.00249797 10.6211 -1.52534e-05 0.000330919 -1.72811e-05 -0.819699 7.07617e-07 1.57081 -0.000873981
24.807 -0.822456 -0.819959 -0.0024972 10.6255 -1.5222e-05 0.00033134 -1.7246e-05 -0.819959 7.04475e-07 1.57081 -0.000872985
24.808 -0.822715 -0.820219 -0.00249643 10.6298 -1.51907e-05 0.000331766 -1.72109e-05 -0.820219 7.0126e-07 1.57081 -0.00087199
24.809 -0.822975 -0.820479 -0.00249566 10.6342 -1.51594e-05 0.000332197 -1.71758e-05 -0.820479 6.9797e-07 1.57081 -0.000870995
24.81 -0.823234 -0.820739 -0.00249487 10.6386 -1.51281e-05 0.000332634 -1.71408e-05 -0.820739 6.94605e-07 1.57081 -0.000869999
24.811 -0.823494 -0.821 -0.00249409 10.6429 -1.50968e-05 0.000333077 -1.71058e-05 -0.821 6.91165e-07 1.57081 -0.000869004
24.812 -0.823753 -0.82126 -0.0024933 10.6473 -1.50656e-05 0.000333525 -1.70709e-05 -0.82126 6.87648e-07 1.57081 -0.00086801
24.813 -0.824012 -0.82152 -0.0024925 10.6516 -1.50344e-05 0.000333979 -1.7036e-05 -0.82152 6.84055e-07 1.57081 -0.000867015
24.814 -0.824271 -0.82178 -0.0024917 10.656 -1.50033e-05 0.000334439 -1.70012e-05 -0.82178 6.80383e-07 1.57081 -0.00086602
24.815 -0.824531 -0.82204 -0.00249089 10.6603 -1.49722e-05 0.000334904 -1.69664e-05 -0.82204 6.76633e-07 1.57081 -0.000865026
24.816 -0.82479 -0.8223 -0.00249008 10.6647 -1.49412e-05 0.000335376 -1.69317e-05 -0.8223 6.72803e-07 1.57081 -0.000864031
24.817 -0.825049 -0.82256 -0.00248926 10.669 -1.49102e-05 0.000335853 -1.6897e-05 -0.82256 6.68893e-07 1.57081 -0.000863037
24.818 -0.825308 -0.82282 -0.00248844 10.6734 -1.48792e-05 0.000336337 -1.68623e-05 -0.82282 6.64903e-07 1.57081 -0.000862043
24.819 -0.825567 -0.82308 -0.00248761 10.6777 -1.48483e-05 0.000336826 -1.68277e-05 -0.82308 6.60831e-07 1.57081 -0.000861049
24.82 -0.825826 -0.823339 -0.00248678 10.6821 -1.48174e-05 0.000337322 -1.67931e-05 -0.823339 6.56676e-07 1.57081 -0.000860055
24.821 -0.826085 -0.823599 -0.00248594 10.6864 -1.47866e-05 0.000337824 -1.67586e-05 -0.823599 6.52439e-07 1.57081 -0.000859061
24.822 -0.826344 -0.823859 -0.00248509 10.6908 -1.47558e-05 0.000338332 -1.67242e-05 -0.823859 6.48118e-07 1.57081 -0.000858067
24.823 -0.826603 -0.824119 -0.00248424 10.6951 -1.47251e-05 0.000338847 -1.66898e-05 -0.824119 6.43713e-07 1.57081 -0.000857074
24.824 -0.826862 -0.824379 -0.00248339 10.6995 -1.46944e-05 0.000339368 -1.66554e-05 -0.824379 6.39222e-07 1.57081 -0.000856081
24.825 -0.827121 -0.824638 -0.00248252 10.7038 -1.46638e-05 0.000339895 -1.66211e-05 -0.824638 6.34646e-07 1.57081 -0.000855087
24.826 -0.82738 -0.824898 -0.00248166 10.7082 -1.46332e-05 0.000340429 -1.65868e-05 -0.824898 6.29984e-07 1.57081 -0.000854094
24.827 -0.827638 -0.825158 -0.00248078 10.7125 -1.46027e-05 0.000340969 -1.65527e-05 -0.825158 6.25234e-07 1.57081 -0.000853101
24.828 -0.827897 -0.825417 -0.0024799 10.7169 -1.45722e-05 0.000341516 -1.65185e-05 -0.825417 6.20397e-07 1.57081 -0.000852108
24.829 -0.828156 -0.825677 -0.00247902 10.7212 -1.45418e-05 0.000342069 -1.64844e-05 -0.825677 6.15471e-07 1.57081 -0.000851116
24.83 -0.828414 -0.825936 -0.00247813 10.7256 -1.45114e-05 0.00034263 -1.64504e-05 -0.825936 6.10455e-07 1.57081 -0.000850123
24.831 -0.828673 -0.826196 -0.00247723 10.7299 -1.4481e-05 0.000343197 -1.64164e-05 -0.826196 6.0535e-07 1.57081 -0.000849131
24.832 -0.828932 -0.826455 -0.00247633 10.7343 -1.44508e-05 0.00034377 -1.63825e-05 -0.826455 6.00155e-07 1.57081 -0.000848139
24.833 -0.82919 -0.826715 -0.00247542 10.7386 -1.44206e-05 0.000344351 -1.63486e-05 -0.826715 5.94868e-07 1.57081 -0.000847146
24.834 -0.829449 -0.826974 -0.00247451 10.743 -1.43904e-05 0.000344938 -1.63149e-05 -0.826974 5.8949e-07 1.57081 -0.000846154
24.835 -0.829707 -0.827234 -0.00247359 10.7473 -1.43603e-05 0.000345533 -1.62811e-05 -0.827234 5.84019e-07 1.57081 -0.000845163
24.836 -0.829966 -0.827493 -0.00247266 10.7516 -1.43302e-05 0.000346135 -1.62474e-05 -0.827493 5.78455e-07 1.57081 -0.000844171
24.837 -0.830224 -0.827752 -0.00247173 10.756 -1.43003e-05 0.000346743 -1.62138e-05 -0.827752 5.72797e-07 1.57081 -0.000843179
24.838 -0.830482 -0.828012 -0.0024708 10.7603 -1.42703e-05 0.000347359 -1.61803e-05 -0.828012 5.67045e-07 1.57081 -0.000842188
24.839 -0.830741 -0.828271 -0.00246985 10.7647 -1.42405e-05 0.000347982 -1.61468e-05 -0.828271 5.61197e-07 1.57081 -0.000841197
24.84 -0.830999 -0.82853 -0.0024689 10.769 -1.42106e-05 0.000348612 -1.61134e-05 -0.82853 5.55254e-07 1.57081 -0.000840206
24.841 -0.831257 -0.828789 -0.00246795 10.7734 -1.41809e-05 0.000349249 -1.608e-05 -0.828789 5.49215e-07 1.57081 -0.000839215
24.842 -0.831515 -0.829048 -0.00246699 10.7777 -1.41512e-05 0.000349894 -1.60467e-05 -0.829048 5.43079e-07 1.57081 -0.000838224
24.843 -0.831773 -0.829307 -0.00246602 10.7821 -1.41216e-05 0.000350546 -1.60135e-05 -0.829307 5.36845e-07 1.57081 -0.000837233
24.844 -0.832032 -0.829566 -0.00246505 10.7864 -1.4092e-05 0.000351206 -1.59803e-05 -0.829566 5.30513e-07 1.57081 -0.000836243
24.845 -0.83229 -0.829826 -0.00246407 10.7907 -1.40625e-05 0.000351873 -1.59472e-05 -0.829826 5.24083e-07 1.57081 -0.000835252
24.846 -0.832548 -0.830085 -0.00246308 10.7951 -1.4033e-05 0.000352547 -1.59142e-05 -0.830085 5.17553e-07 1.57081 -0.000834262
24.847 -0.832806 -0.830343 -0.00246209 10.7994 -1.40037e-05 0.000353229 -1.58812e-05 -0.830343 5.10923e-07 1.57081 -0.000833272
24.848 -0.833063 -0.830602 -0.00246109 10.8038 -1.39744e-05 0.000353919 -1.58483e-05 -0.830602 5.04192e-07 1.57081 -0.000832282
24.849 -0.833321 -0.830861 -0.00246009 10.8081 -1.39451e-05 0.000354616 -1.58155e-05 -0.830861 4.9736e-07 1.57081 -0.000831292
24.85 -0.833579 -0.83112 -0.00245908 10.8124 -1.39159e-05 0.000355322 -1.57828e-05 -0.83112 4.90427e-07 1.57081 -0.000830303
24.851 -0.833837 -0.831379 -0.00245806 10.8168 -1.38868e-05 0.000356034 -1.57501e-05 -0.831379 4.83391e-07 1.57081 -0.000829313
24.852 -0.834095 -0.831638 -0.00245704 10.8211 -1.38578e-05 0.000356755 -1.57175e-05 -0.831638 4.76252e-07 1.57081 -0.000828324
24.853 -0.834353 -0.831897 -0.00245601 10.8255 -1.38288e-05 0.000357484 -1.56849e-05 -0.831897 4.6901e-07 1.57081 -0.000827335
24.854 -0.83461 -0.832155 -0.00245497 10.8298 -1.37999e-05 0.00035822 -1.56525e-05 -0.832155 4.61664e-07 1.57081 -0.000826346
24.855 -0.834868 -0.832414 -0.00245393 10.8341 -1.3771e-05 0.000358964 -1.56201e-05 -0.832414 4.54213e-07 1.57081 -0.000825357
24.856 -0.835125 -0.832673 -0.00245288 10.8385 -1.37423e-05 0.000359717 -1.55878e-05 -0.832673 4.46657e-07 1.57081 -0.000824369
24.857 -0.835383 -0.832931 -0.00245183 10.8428 -1.37136e-05 0.000360477 -1.55555e-05 -0.832931 4.38995e-07 1.57081 -0.00082338
24.858 -0.83564 -0.83319 -0.00245076 10.8472 -1.36849e-05 0.000361246 -1.55234e-05 -0.83319 4.31227e-07 1.57081 -0.000822392
24.859 -0.835898 -0.833448 -0.0024497 10.8515 -1.36564e-05 0.000362023 -1.54913e-05 -0.833448 4.23352e-07 1.57081 -0.000821404
24.86 -0.836155 -0.833707 -0.00244862 10.8558 -1.36279e-05 0.000362807 -1.54593e-05 -0.833707 4.15369e-07 1.57081 -0.000820416
24.861 -0.836413 -0.833965 -0.00244754 10.8602 -1.35995e-05 0.0003636 -1.54273e-05 -0.833965 4.07279e-07 1.57081 -0.000819428
24.862 -0.83667 -0.834224 -0.00244645 10.8645 -1.35712e-05 0.000364402 -1.53955e-05 -0.834224 3.9908e-07 1.57081 -0.00081844
24.863 -0.836927 -0.834482 -0.00244536 10.8688 -1.35429e-05 0.000365211 -1.53637e-05 -0.834482 3.90772e-07 1.57081 -0.000817453
24.864 -0.837184 -0.83474 -0.00244426 10.8732 -1.35147e-05 0.000366029 -1.5332e-05 -0.83474 3.82355e-07 1.5708 -0.000816465
24.865 -0.837442 -0.834998 -0.00244315 10.8775 -1.34866e-05 0.000366856 -1.53004e-05 -0.834998 3.73827e-07 1.5708 -0.000815478
24.866 -0.837699 -0.835257 -0.00244204 10.8819 -1.34586e-05 0.000367691 -1.52689e-05 -0.835257 3.65189e-07 1.5708 -0.000814491
24.867 -0.837956 -0.835515 -0.00244092 10.8862 -1.34306e-05 0.000368534 -1.52374e-05 -0.835515 3.5644e-07 1.5708 -0.000813505
24.868 -0.838213 -0.835773 -0.00243979 10.8905 -1.34027e-05 0.000369386 -1.5206e-05 -0.835773 3.47579e-07 1.5708 -0.000812518
24.869 -0.83847 -0.836031 -0.00243866 10.8949 -1.33749e-05 0.000370246 -1.51748e-05 -0.836031 3.38606e-07 1.5708 -0.000811532
24.87 -0.838727 -0.836289 -0.00243752 10.8992 -1.33472e-05 0.000371115 -1.51435e-05 -0.836289 3.2952e-07 1.5708 -0.000810545
24.871 -0.838984 -0.836547 -0.00243637 10.9035 -1.33195e-05 0.000371993 -1.51124e-05 -0.836547 3.20322e-07 1.5708 -0.000809559
24.872 -0.839241 -0.836805 -0.00243522 10.9079 -1.3292e-05 0.000372879 -1.50814e-05 -0.836805 3.11009e-07 1.5708 -0.000808573
24.873 -0.839497 -0.837063 -0.00243406 10.9122 -1.32645e-05 0.000373774 -1.50504e-05 -0.837063 3.01583e-07 1.5708 -0.000807588
24.874 -0.839754 -0.837321 -0.00243289 10.9165 -1.32371e-05 0.000374678 -1.50196e-05 -0.837321 2.92042e-07 1.5708 -0.000806602
24.875 -0.840011 -0.837579 -0.00243172 10.9209 -1.32097e-05 0.00037559 -1.49888e-05 -0.837579 2.82386e-07 1.5708 -0.000805617
24.876 -0.840267 -0.837837 -0.00243054 10.9252 -1.31825e-05 0.000376512 -1.49581e-05 -0.837837 2.72614e-07 1.5708 -0.000804631
24.877 -0.840524 -0.838095 -0.00242935 10.9295 -1.31553e-05 0.000377442 -1.49275e-05 -0.838095 2.62727e-07 1.5708 -0.000803646
24.878 -0.840781 -0.838352 -0.00242815 10.9338 -1.31282e-05 0.000378381 -1.48969e-05 -0.838352 2.52723e-07 1.5708 -0.000802662
24.879 -0.841037 -0.83861 -0.00242695 10.9382 -1.31012e-05 0.000379329 -1.48665e-05 -0.83861 2.42602e-07 1.5708 -0.000801677
24.88 -0.841294 -0.838868 -0.00242574 10.9425 -1.30743e-05 0.000380286 -1.48362e-05 -0.838868 2.32363e-07 1.5708 -0.000800693
24.881 -0.84155 -0.839125 -0.00242453 10.9468 -1.30475e-05 0.000381253 -1.48059e-05 -0.839125 2.22007e-07 1.5708 -0.000799708
24.882 -0.841806 -0.839383 -0.00242331 10.9512 -1.30207e-05 0.000382228 -1.47757e-05 -0.839383 2.11532e-07 1.5708 -0.000798724
24.883 -0.842063 -0.839641 -0.00242208 10.9555 -1.29941e-05 0.000383212 -1.47457e-05 -0.839641 2.00939e-07 1.5708 -0.00079774
24.884 -0.842319 -0.839898 -0.00242084 10.9598 -1.29675e-05 0.000384206 -1.47157e-05 -0.839898 1.90226e-07 1.5708 -0.000796757
24.885 -0.842575 -0.840155 -0.0024196 10.9641 -1.2941e-05 0.000385208 -1.46858e-05 -0.840155 1.79394e-07 1.5708 -0.000795773
24.886 -0.842831 -0.840413 -0.00241835 10.9685 -1.29146e-05 0.00038622 -1.4656e-05 -0.840413 1.68442e-07 1.5708 -0.00079479
24.887 -0.843087 -0.84067 -0.00241709 10.9728 -1.28883e-05 0.000387241 -1.46263e-05 -0.84067 1.57369e-07 1.5708 -0.000793807
24.888 -0.843343 -0.840928 -0.00241583 10.9771 -1.2862e-05 0.000388272 -1.45966e-05 -0.840928 1.46175e-07 1.5708 -0.000792824
24.889 -0.843599 -0.841185 -0.00241456 10.9815 -1.28359e-05 0.000389311 -1.45671e-05 -0.841185 1.3486e-07 1.5708 -0.000791841
24.89 -0.843855 -0.841442 -0.00241328 10.9858 -1.28098e-05 0.00039036 -1.45377e-05 -0.841442 1.23423e-07 1.5708 -0.000790858
24.891 -0.844111 -0.841699 -0.002412 10.9901 -1.27839e-05 0.000391419 -1.45083e-05 -0.841699 1.11864e-07 1.5708 -0.000789876
24.892 -0.844367 -0.841956 -0.0024107 10.9944 -1.2758e-05 0.000392487 -1.44791e-05 -0.841956 1.00182e-07 1.5708 -0.000788894
24.893 -0.844623 -0.842213 -0.00240941 10.9988 -1.27322e-05 0.000393564 -1.44499e-05 -0.842213 8.83777e-08 1.5708 -0.000787912
24.894 -0.844879 -0.84247 -0.0024081 11.0031 -1.27065e-05 0.000394651 -1.44209e-05 -0.84247 7.64498e-08 1.5708 -0.00078693
24.895 -0.845134 -0.842727 -0.00240679 11.0074 -1.26809e-05 0.000395747 -1.43919e-05 -0.842727 6.4398e-08 1.5708 -0.000785948
24.896 -0.84539 -0.842984 -0.00240547 11.0117 -1.26554e-05 0.000396853 -1.43631e-05 -0.842984 5.22221e-08 1.5708 -0.000784967
24.897 -0.845645 -0.843241 -0.00240414 11.016 -1.26299e-05 0.000397968 -1.43343e-05 -0.843241 3.99216e-08 1.5708 -0.000783986
24.898 -0.845901 -0.843498 -0.0024028 11.0204 -1.26046e-05 0.000399093 -1.43056e-05 -0.843498 2.74962e-08 1.5708 -0.000783005
24.899 -0.846156 -0.843755 -0.00240146 11.0247 -1.25794e-05 0.000400228 -1.4277e-05 -0.843755 1.49455e-08 1.5708 -0.000782024
24.9 -0.846412 -0.844012 -0.00240011 11.029 -1.25542e-05 0.000401372 -1.42486e-05 -0.844012 2.26909e-09 1.5708 -0.000781043
24.901 -0.846667 -0.844268 -0.00239875 11.0333 -1.25291e-05 0.000402526 -1.42202e-05 -0.844268 -1.05333e-08 1.5708 -0.000780063
24.902 -0.846922 -0.844525 -0.00239739 11.0376 -1.25042e-05 0.00040369 -1.41919e-05 -0.844525 -2.34622e-08 1.5708 -0.000779083
24.903 -0.847178 -0.844782 -0.00239602 11.042 -1.24793e-05 0.000404864 -1.41637e-05 -0.844782 -3.65178e-08 1.5708 -0.000778103
24.904 -0.847433 -0.845038 -0.00239464 11.0463 -1.24545e-05 0.000406047 -1.41357e-05 -0.845038 -4.97006e-08 1.5708 -0.000777123
24.905 -0.847688 -0.845295 -0.00239326 11.0506 -1.24299e-05 0.00040724 -1.41077e-05 -0.845295 -6.30108e-08 1.5708 -0.000776143
24.906 -0.847943 -0.845551 -0.00239186 11.0549 -1.24053e-05 0.000408443 -1.40798e-05 -0.845551 -7.64489e-08 1.5708 -0.000775164
24.907 -0.848198 -0.845808 -0.00239046 11.0592 -1.23808e-05 0.000409656 -1.4052e-05 -0.845808 -9.00151e-08 1.5708 -0.000774185
24.908 -0.848453 -0.846064 -0.00238905 11.0636 -1.23564e-05 0.000410878 -1.40244e-05 -0.846064 -1.0371e-07 1.5708 -0.000773206
24.909 -0.848708 -0.84632 -0.00238764 11.0679 -1.23321e-05 0.000412111 -1.39968e-05 -0.84632 -1.17533e-07 1.5708 -0.000772227
24.91 -0.848963 -0.846577 -0.00238622 11.0722 -1.23079e-05 0.000413354 -1.39693e-05 -0.846577 -1.31486e-07 1.5708 -0.000771249
24.911 -0.849218 -0.846833 -0.00238479 11.0765 -1.22838e-05 0.000414606 -1.39419e-05 -0.846833 -1.45568e-07 1.5708 -0.000770271
24.912 -0.849472 -0.847089 -0.00238335 11.0808 -1.22598e-05 0.000415869 -1.39147e-05 -0.847089 -1.5978e-07 1.5708 -0.000769292
24.913 -0.849727 -0.847345 -0.00238191 11.0851 -1.22358e-05 0.000417141 -1.38875e-05 -0.847345 -1.74123e-07 1.5708 -0.000768315
24.914 -0.849982 -0.847601 -0.00238045 11.0894 -1.2212e-05 0.000418424 -1.38604e-05 -0.847601 -1.88595e-07 1.5708 -0.000767337
24.915 -0.850236 -0.847857 -0.00237899 11.0938 -1.21883e-05 0.000419717 -1.38335e-05 -0.847857 -2.03199e-07 1.5708 -0.000766359
24.916 -0.850491 -0.848113 -0.00237753 11.0981 -1.21647e-05 0.00042102 -1.38066e-05 -0.848113 -2.17933e-07 1.5708 -0.000765382
24.917 -0.850745 -0.848369 -0.00237605 11.1024 -1.21412e-05 0.000422333 -1.37799e-05 -0.848369 -2.32799e-07 1.5708 -0.000764405
24.918 -0.851 -0.848625 -0.00237457 11.1067 -1.21178e-05 0.000423656 -1.37532e-05 -0.848625 -2.47796e-07 1.5708 -0.000763428
24.919 -0.851254 -0.848881 -0.00237308 11.111 -1.20944e-05 0.000424989 -1.37267e-05 -0.848881 -2.62926e-07 1.5708 -0.000762452
24.92 -0.851508 -0.849137 -0.00237159 11.1153 -1.20712e-05 0.000426333 -1.37003e-05 -0.849137 -2.78187e-07 1.5708 -0.000761475
24.921 -0.851762 -0.849392 -0.00237008 11.1196 -1.20481e-05 0.000427687 -1.3674e-05 -0.849392 -2.93581e-07 1.5708 -0.000760499
24.922 -0.852017 -0.849648 -0.00236857 11.1239 -1.20251e-05 0.000429051 -1.36477e-05 -0.849648 -3.09108e-07 1.5708 -0.000759523
24.923 -0.852271 -0.849904 -0.00236705 11.1282 -1.20022e-05 0.000430425 -1.36216e-05 -0.849904 -3.24768e-07 1.5708 -0.000758548
24.924 -0.852525 -0.850159 -0.00236552 11.1326 -1.19793e-05 0.00043181 -1.35956e-05 -0.850159 -3.40562e-07 1.5708 -0.000757572
24.925 -0.852779 -0.850415 -0.00236399 11.1369 -1.19566e-05 0.000433205 -1.35697e-05 -0.850415 -3.56488e-07 1.5708 -0.000756597
24.926 -0.853033 -0.85067 -0.00236245 11.1412 -1.1934e-05 0.00043461 -1.35439e-05 -0.85067 -3.72549e-07 1.5708 -0.000755622
24.927 -0.853286 -0.850925 -0.0023609 11.1455 -1.19115e-05 0.000436026 -1.35182e-05 -0.850925 -3.88744e-07 1.5708 -0.000754647
24.928 -0.85354 -0.851181 -0.00235934 11.1498 -1.18891e-05 0.000437452 -1.34927e-05 -0.851181 -4.05073e-07 1.5708 -0.000753673
24.929 -0.853794 -0.851436 -0.00235778 11.1541 -1.18668e-05 0.000438888 -1.34672e-05 -0.851436 -4.21537e-07 1.5708 -0.000752698
24.93 -0.854048 -0.851691 -0.0023562 11.1584 -1.18446e-05 0.000440335 -1.34419e-05 -0.851691 -4.38136e-07 1.5708 -0.000751724
24.931 -0.854301 -0.851947 -0.00235463 11.1627 -1.18225e-05 0.000441792 -1.34166e-05 -0.851947 -4.5487e-07 1.5708 -0.00075075
24.932 -0.854555 -0.852202 -0.00235304 11.167 -1.18005e-05 0.00044326 -1.33915e-05 -0.852202 -4.71739e-07 1.5708 -0.000749777
24.933 -0.854808 -0.852457 -0.00235144 11.1713 -1.17786e-05 0.000444738 -1.33664e-05 -0.852457 -4.88744e-07 1.5708 -0.000748803
24.934 -0.855062 -0.852712 -0.00234984 11.1756 -1.17568e-05 0.000446227 -1.33415e-05 -0.852712 -5.05884e-07 1.5708 -0.00074783
24.935 -0.855315 -0.852967 -0.00234823 11.1799 -1.17351e-05 0.000447726 -1.33167e-05 -0.852967 -5.23161e-07 1.5708 -0.000746857
24.936 -0.855568 -0.853222 -0.00234661 11.1842 -1.17135e-05 0.000449236 -1.3292e-05 -0.853222 -5.40573e-07 1.5708 -0.000745885
24.937 -0.855822 -0.853477 -0.00234499 11.1885 -1.16921e-05 0.000450757 -1.32674e-05 -0.853477 -5.58123e-07 1.5708 -0.000744912
24.938 -0.856075 -0.853731 -0.00234335 11.1928 -1.16707e-05 0.000452288 -1.32429e-05 -0.853731 -5.75809e-07 1.5708 -0.00074394
24.939 -0.856328 -0.853986 -0.00234171 11.1971 -1.16494e-05 0.000453829 -1.32186e-05 -0.853986 -5.93631e-07 1.5708 -0.000742968
24.94 -0.856581 -0.854241 -0.00234006 11.2014 -1.16283e-05 0.000455381 -1.31943e-05 -0.854241 -6.11591e-07 1.5708 -0.000741996
24.941 -0.856834 -0.854495 -0.00233841 11.2057 -1.16072e-05 0.000456944 -1.31702e-05 -0.854495 -6.29688e-07 1.5708 -0.000741025
24.942 -0.857087 -0.85475 -0.00233674 11.21 -1.15863e-05 0.000458518 -1.31462e-05 -0.85475 -6.47923e-07 1.5708 -0.000740053
24.943 -0.85734 -0.855004 -0.00233507 11.2143 -1.15654e-05 0.000460102 -1.31222e-05 -0.855004 -6.66295e-07 1.5708 -0.000739082
24.944 -0.857592 -0.855259 -0.00233339 11.2186 -1.15447e-05 0.000461697 -1.30984e-05 -0.855259 -6.84805e-07 1.5708 -0.000738111
24.945 -0.857845 -0.855513 -0.0023317 11.2229 -1.15241e-05 0.000463302 -1.30747e-05 -0.855513 -7.03453e-07 1.5708 -0.000737141
24.946 -0.858098 -0.855768 -0.00233001 11.2272 -1.15035e-05 0.000464918 -1.30512e-05 -0.855768 -7.2224e-07 1.5708 -0.000736171
24.947 -0.85835 -0.856022 -0.00232831 11.2315 -1.14831e-05 0.000466545 -1.30277e-05 -0.856022 -7.41165e-07 1.5708 -0.000735201
24.948 -0.858603 -0.856276 -0.00232659 11.2358 -1.14628e-05 0.000468183 -1.30043e-05 -0.856276 -7.60228e-07 1.5708 -0.000734231
24.949 -0.858855 -0.85653 -0.00232488 11.2401 -1.14426e-05 0.000469831 -1.29811e-05 -0.85653 -7.7943e-07 1.5708 -0.000733261
24.95 -0.859108 -0.856785 -0.00232315 11.2444 -1.14225e-05 0.00047149 -1.2958e-05 -0.856785 -7.98771e-07 1.5708 -0.000732292
24.951 -0.85936 -0.857039 -0.00232142 11.2487 -1.14025e-05 0.00047316 -1.2935e-05 -0.857039 -8.18251e-07 1.5708 -0.000731323
24.952 -0.859612 -0.857293 -0.00231967 11.253 -1.13827e-05 0.000474841 -1.29121e-05 -0.857293 -8.3787e-07 1.57079 -0.000730354
24.953 -0.859864 -0.857546 -0.00231792 11.2572 -1.13629e-05 0.000476533 -1.28893e-05 -0.857546 -8.57628e-07 1.57079 -0.000729385
24.954 -0.860117 -0.8578 -0.00231617 11.2615 -1.13432e-05 0.000478235 -1.28666e-05 -0.8578 -8.77526e-07 1.57079 -0.000728417
24.955 -0.860369 -0.858054 -0.0023144 11.2658 -1.13237e-05 0.000479948 -1.28441e-05 -0.858054 -8.97564e-07 1.57079 -0.000727449
24.956 -0.860621 -0.858308 -0.00231263 11.2701 -1.13042e-05 0.000481672 -1.28216e-05 -0.858308 -9.17741e-07 1.57079 -0.000726481
24.957 -0.860873 -0.858562 -0.00231085 11.2744 -1.12849e-05 0.000483407 -1.27993e-05 -0.858562 -9.38058e-07 1.57079 -0.000725514
24.958 -0.861124 -0.858815 -0.00230906 11.2787 -1.12657e-05 0.000485153 -1.27771e-05 -0.858815 -9.58515e-07 1.57079 -0.000724546
24.959 -0.861376 -0.859069 -0.00230726 11.283 -1.12466e-05 0.000486909 -1.2755e-05 -0.859069 -9.79113e-07 1.57079 -0.000723579
24.96 -0.861628 -0.859322 -0.00230546 11.2873 -1.12275e-05 0.000488677 -1.2733e-05 -0.859322 -9.9985e-07 1.57079 -0.000722612
24.961 -0.86188 -0.859576 -0.00230365 11.2915 -1.12086e-05 0.000490455 -1.27112e-05 -0.859576 -1.02073e-06 1.57079 -0.000721646
24.962 -0.862131 -0.859829 -0.00230183 11.2958 -1.11899e-05 0.000492245 -1.26894e-05 -0.859829 -1.04175e-06 1.57079 -0.00072068
24.963 -0.862383 -0.860083 -0.0023 11.3001 -1.11712e-05 0.000494045 -1.26678e-05 -0.860083 -1.06291e-06 1.57079 -0.000719714
24.964 -0.862634 -0.860336 -0.00229816 11.3044 -1.11526e-05 0.000495856 -1.26463e-05 -0.860336 -1.08421e-06 1.57079 -0.000718748
24.965 -0.862885 -0.860589 -0.00229632 11.3087 -1.11342e-05 0.000497678 -1.26249e-05 -0.860589 -1.10565e-06 1.57079 -0.000717782
24.966 -0.863137 -0.860842 -0.00229447 11.313 -1.11158e-05 0.000499511 -1.26036e-05 -0.860842 -1.12723e-06 1.57079 -0.000716817
24.967 -0.863388 -0.861095 -0.00229261 11.3172 -1.10976e-05 0.000501355 -1.25824e-05 -0.861095 -1.14895e-06 1.57079 -0.000715852
24.968 -0.863639 -0.861348 -0.00229074 11.3215 -1.10794e-05 0.00050321 -1.25614e-05 -0.861348 -1.17081e-06 1.57079 -0.000714887
24.969 -0.86389 -0.861601 -0.00228887 11.3258 -1.10614e-05 0.000505075 -1.25405e-05 -0.861601 -1.19282e-06 1.57079 -0.000713923
24.97 -0.864141 -0.861854 -0.00228698 11.3301 -1.10435e-05 0.000506952 -1.25197e-05 -0.861854 -1.21496e-06 1.57079 -0.000712959
24.971 -0.864392 -0.862107 -0.00228509 11.3344 -1.10257e-05 0.00050884 -1.2499e-05 -0.862107 -1.23725e-06 1.57079 -0.000711995
24.972 -0.864643 -0.86236 -0.00228319 11.3386 -1.1008e-05 0.000510739 -1.24784e-05 -0.86236 -1.25968e-06 1.57079 -0.000711031
24.973 -0.864894 -0.862613 -0.00228129 11.3429 -1.09905e-05 0.000512649 -1.24579e-05 -0.862613 -1.28225e-06 1.57079 -0.000710068
24.974 -0.865145 -0.862865 -0.00227937 11.3472 -1.0973e-05 0.000514569 -1.24376e-05 -0.862865 -1.30496e-06 1.57079 -0.000709105
24.975 -0.865395 -0.863118 -0.00227745 11.3515 -1.09556e-05 0.000516501 -1.24173e-05 -0.863118 -1.32782e-06 1.57079 -0.000708142
24.976 -0.865646 -0.86337 -0.00227552 11.3557 -1.09384e-05 0.000518444 -1.23972e-05 -0.86337 -1.35081e-06 1.57079 -0.000707179
24.977 -0.865896 -0.863623 -0.00227358 11.36 -1.09213e-05 0.000520398 -1.23772e-05 -0.863623 -1.37395e-06 1.57079 -0.000706217
24.978 -0.866147 -0.863875 -0.00227163 11.3643 -1.09042e-05 0.000522362 -1.23574e-05 -0.863875 -1.39723e-06 1.57079 -0.000705255
24.979 -0.866397 -0.864127 -0.00226968 11.3686 -1.08873e-05 0.000524338 -1.23376e-05 -0.864127 -1.42065e-06 1.57079 -0.000704293
24.98 -0.866647 -0.86438 -0.00226772 11.3728 -1.08705e-05 0.000526325 -1.2318e-05 -0.86438 -1.44421e-06 1.57079 -0.000703332
24.981 -0.866898 -0.864632 -0.00226575 11.3771 -1.08539e-05 0.000528323 -1.22985e-05 -0.864632 -1.46791e-06 1.57079 -0.00070237
24.982 -0.867148 -0.864884 -0.00226377 11.3814 -1.08373e-05 0.000530332 -1.2279e-05 -0.864884 -1.49176e-06 1.57079 -0.000701409
24.983 -0.867398 -0.865136 -0.00226178 11.3856 -1.08208e-05 0.000532352 -1.22598e-05 -0.865136 -1.51575e-06 1.57079 -0.000700449
24.984 -0.867648 -0.865388 -0.00225979 11.3899 -1.08045e-05 0.000534383 -1.22406e-05 -0.865388 -1.53988e-06 1.57079 -0.000699488
24.985 -0.867898 -0.86564 -0.00225779 11.3942 -1.07882e-05 0.000536425 -1.22216e-05 -0.86564 -1.56415e-06 1.57079 -0.000698528
24.986 -0.868148 -0.865892 -0.00225578 11.3984 -1.07721e-05 0.000538478 -1.22026e-05 -0.865892 -1.58856e-06 1.57079 -0.000697568
24.987 -0.868397 -0.866144 -0.00225376 11.4027 -1.07561e-05 0.000540542 -1.21838e-05 -0.866144 -1.61312e-06 1.57079 -0.000696609
24.988 -0.868647 -0.866395 -0.00225174 11.407 -1.07402e-05 0.000542617 -1.21651e-05 -0.866395 -1.63782e-06 1.57079 -0.00069565
24.989 -0.868897 -0.866647 -0.0022497 11.4112 -1.07244e-05 0.000544703 -1.21465e-05 -0.866647 -1.66266e-06 1.57079 -0.000694691
24.99 -0.869146 -0.866899 -0.00224766 11.4155 -1.07087e-05 0.0005468 -1.21281e-05 -0.866899 -1.68764e-06 1.57079 -0.000693732
24.991 -0.869396 -0.86715 -0.00224561 11.4198 -1.06932e-05 0.000548909 -1.21097e-05 -0.86715 -1.71277e-06 1.57079 -0.000692773
24.992 -0.869645 -0.867402 -0.00224355 11.424 -1.06777e-05 0.000551028 -1.20915e-05 -0.867402 -1.73803e-06 1.57079 -0.000691815
24.993 -0.869895 -0.867653 -0.00224149 11.4283 -1.06624e-05 0.000553158 -1.20734e-05 -0.867653 -1.76344e-06 1.57079 -0.000690858
24.994 -0.870144 -0.867904 -0.00223942 11.4325 -1.06471e-05 0.0005553 -1.20554e-05 -0.867904 -1.78899e-06 1.57079 -0.0006899
24.995 -0.870393 -0.868156 -0.00223734 11.4368 -1.0632e-05 0.000557452 -1.20376e-05 -0.868156 -1.81469e-06 1.57079 -0.000688943
24.996 -0.870642 -0.868407 -0.00223525 11.4411 -1.0617e-05 0.000559616 -1.20198e-05 -0.868407 -1.84052e-06 1.57079 -0.000687986
24.997 -0.870891 -0.868658 -0.00223315 11.4453 -1.06021e-05 0.00056179 -1.20022e-05 -0.868658 -1.8665e-06 1.57079 -0.000687029
24.998 -0.87114 -0.868909 -0.00223104 11.4496 -1.05873e-05 0.000563976 -1.19847e-05 -0.868909 -1.89262e-06 1.57079 -0.000686073
24.999 -0.871389 -0.86916 -0.00222893 11.4538 -1.05727e-05 0.000566173 -1.19673e-05 -0.86916 -1.91888e-06 1.57079 -0.000685116
25 -0.871638 -0.869411 -0.00222681 11.4581 -1.05581e-05 0.00056838 -1.195e-05 -0.869411 -1.94528e-06 1.57079 -0.000684161
25.001 -0.871886 -0.869662 -0.00222468 11.4623 -1.05437e-05 0.000570599 -1.19329e-05 -0.869662 -1.97182e-06 1.57079 -0.000683205
25.002 -0.872135 -0.869912 -0.00222254 11.4666 -1.05293e-05 0.000572829 -1.19158e-05 -0.869912 -1.99851e-06 1.57079 -0.00068225
25.003 -0.872384 -0.870163 -0.0022204 11.4708 -1.05151e-05 0.00057507 -1.18989e-05 -0.870163 -2.02534e-06 1.57079 -0.000681295
25.004 -0.872632 -0.870414 -0.00221825 11.4751 -1.0501e-05 0.000577322 -1.18821e-05 -0.870414 -2.05231e-06 1.57079 -0.00068034
25.005 -0.87288 -0.870664 -0.00221609 11.4793 -1.0487e-05 0.000579585 -1.18655e-05 -0.870664 -2.07942e-06 1.57079 -0.000679386
25.006 -0.873129 -0.870915 -0.00221392 11.4836 -1.04731e-05 0.000581858 -1.18489e-05 -0.870915 -2.10667e-06 1.57079 -0.000678432
25.007 -0.873377 -0.871165 -0.00221174 11.4878 -1.04593e-05 0.000584143 -1.18325e-05 -0.871165 -2.13407e-06 1.57079 -0.000677478
25.008 -0.873625 -0.871416 -0.00220956 11.4921 -1.04457e-05 0.000586439 -1.18161e-05 -0.871416 -2.1616e-06 1.57079 -0.000676525
25.009 -0.873873 -0.871666 -0.00220737 11.4963 -1.04321e-05 0.000588746 -1.17999e-05 -0.871666 -2.18928e-06 1.57079 -0.000675572
25.01 -0.874121 -0.871916 -0.00220516 11.5006 -1.04187e-05 0.000591064 -1.17838e-05 -0.871916 -2.2171e-06 1.57079 -0.000674619
25.011 -0.874369 -0.872166 -0.00220296 11.5048 -1.04054e-05 0.000593393 -1.17679e-05 -0.872166 -2.24506e-06 1.57079 -0.000673666
25.012 -0.874617 -0.872416 -0.00220074 11.5091 -1.03921e-05 0.000595733 -1.1752e-05 -0.872416 -2.27316e-06 1.57079 -0.000672714
25.013 -0.874865 -0.872666 -0.00219852 11.5133 -1.0379e-05 0.000598084 -1.17363e-05 -0.872666 -2.30141e-06 1.57079 -0.000671762
25.014 -0.875112 -0.872916 -0.00219628 11.5176 -1.0366e-05 0.000600446 -1.17207e-05 -0.872916 -2.32979e-06 1.57079 -0.00067081
25.015 -0.87536 -0.873166 -0.00219404 11.5218 -1.03532e-05 0.000602819 -1.17052e-05 -0.873166 -2.35832e-06 1.57079 -0.000669859
25.016 -0.875608 -0.873416 -0.0021918 11.526 -1.03404e-05 0.000605203 -1.16898e-05 -0.873416 -2.38698e-06 1.57079 -0.000668908
25.017 -0.875855 -0.873665 -0.00218954 11.5303 -1.03277e-05 0.000607598 -1.16745e-05 -0.873665 -2.41579e-06 1.57079 -0.000667957
25.018 -0.876102 -0.873915 -0.00218728 11.5345 -1.03152e-05 0.000610004 -1.16594e-05 -0.873915 -2.44474e-06 1.57078 -0.000667007
25.019 -0.87635 -0.874165 -0.00218501 11.5388 -1.03027e-05 0.00061242 -1.16444e-05 -0.874165 -2.47382e-06 1.57078 -0.000666057
25.02 -0.876597 -0.874414 -0.00218273 11.543 -1.02904e-05 0.000614848 -1.16294e-05 -0.874414 -2.50305e-06 1.57078 -0.000665107
25.021 -0.876844 -0.874663 -0.00218044 11.5472 -1.02782e-05 0.000617287 -1.16147e-05 -0.874663 -2.53242e-06 1.57078 -0.000664158
25.022 -0.877091 -0.874913 -0.00217814 11.5515 -1.02661e-05 0.000619736 -1.16e-05 -0.874913 -2.56193e-06 1.57078 -0.000663208
25.023 -0.877338 -0.875162 -0.00217584 11.5557 -1.02541e-05 0.000622197 -1.15854e-05 -0.875162 -2.59158e-06 1.57078 -0.000662259
25.024 -0.877585 -0.875411 -0.00217353 11.5599 -1.02422e-05 0.000624668 -1.1571e-05 -0.875411 -2.62137e-06 1.57078 -0.000661311
25.025 -0.877831 -0.87566 -0.00217121 11.5642 -1.02304e-05 0.000627151 -1.15567e-05 -0.87566 -2.6513e-06 1.57078 -0.000660363
25.026 -0.878078 -0.875909 -0.00216888 11.5684 -1.02188e-05 0.000629644 -1.15425e-05 -0.875909 -2.68137e-06 1.57078 -0.000659415
25.027 -0.878325 -0.876158 -0.00216655 11.5726 -1.02072e-05 0.000632148 -1.15284e-05 -0.876158 -2.71158e-06 1.57078 -0.000658467
25.028 -0.878571 -0.876407 -0.00216421 11.5768 -1.01958e-05 0.000634663 -1.15144e-05 -0.876407 -2.74193e-06 1.57078 -0.00065752
25.029 -0.878818 -0.876656 -0.00216186 11.5811 -1.01845e-05 0.000637189 -1.15005e-05 -0.876656 -2.77242e-06 1.57078 -0.000656573
25.03 -0.879064 -0.876905 -0.0021595 11.5853 -1.01732e-05 0.000639725 -1.14868e-05 -0.876905 -2.80304e-06 1.57078 -0.000655626
25.031 -0.87931 -0.877153 -0.00215713 11.5895 -1.01621e-05 0.000642273 -1.14732e-05 -0.877153 -2.83381e-06 1.57078 -0.00065468
25.032 -0.879556 -0.877402 -0.00215476 11.5937 -1.01511e-05 0.000644831 -1.14597e-05 -0.877402 -2.86472e-06 1.57078 -0.000653734
25.033 -0.879803 -0.87765 -0.00215238 11.598 -1.01402e-05 0.0006474 -1.14463e-05 -0.87765 -2.89576e-06 1.57078 -0.000652788
25.034 -0.880049 -0.877899 -0.00214999 11.6022 -1.01294e-05 0.00064998 -1.1433e-05 -0.877899 -2.92694e-06 1.57078 -0.000651843
25.035 -0.880294 -0.878147 -0.00214759 11.6064 -1.01188e-05 0.000652571 -1.14199e-05 -0.878147 -2.95827e-06 1.57078 -0.000650898
25.036 -0.88054 -0.878395 -0.00214518 11.6106 -1.01082e-05 0.000655173 -1.14068e-05 -0.878395 -2.98973e-06 1.57078 -0.000649953
25.037 -0.880786 -0.878643 -0.00214277 11.6149 -1.00977e-05 0.000657785 -1.13939e-05 -0.878643 -3.02133e-06 1.57078 -0.000649009
25.038 -0.881032 -0.878891 -0.00214035 11.6191 -1.00874e-05 0.000660408 -1.13811e-05 -0.878891 -3.05306e-06 1.57078 -0.000648065
25.039 -0.881277 -0.879139 -0.00213792 11.6233 -1.00772e-05 0.000663042 -1.13684e-05 -0.879139 -3.08494e-06 1.57078 -0.000647121
25.04 -0.881523 -0.879387 -0.00213548 11.6275 -1.0067e-05 0.000665687 -1.13558e-05 -0.879387 -3.11695e-06 1.57078 -0.000646178
25.041 -0.881768 -0.879635 -0.00213304 11.6317 -1.0057e-05 0.000668342 -1.13433e-05 -0.879635 -3.1491e-06 1.57078 -0.000645234
25.042 -0.882013 -0.879883 -0.00213059 11.6359 -1.00471e-05 0.000671008 -1.1331e-05 -0.879883 -3.18139e-06 1.57078 -0.000644292
25.043 -0.882259 -0.880131 -0.00212813 11.6401 -1.00373e-05 0.000673685 -1.13187e-05 -0.880131 -3.21381e-06 1.57078 -0.000643349
25.044 -0.882504 -0.880378 -0.00212566 11.6444 -1.00276e-05 0.000676372 -1.13066e-05 -0.880378 -3.24637e-06 1.57078 -0.000642407
25.045 -0.882749 -0.880626 -0.00212318 11.6486 -1.0018e-05 0.00067907 -1.12946e-05 -0.880626 -3.27907e-06 1.57078 -0.000641465
25.046 -0.882994 -0.880873 -0.0021207 11.6528 -1.00085e-05 0.000681779 -1.12827e-05 -0.880873 -3.31191e-06 1.57078 -0.000640524
25.047 -0.883239 -0.881121 -0.00211821 11.657 -9.99915e-06 0.000684498 -1.12709e-05 -0.881121 -3.34488e-06 1.57078 -0.000639583
25.048 -0.883484 -0.881368 -0.00211571 11.6612 -9.98988e-06 0.000687228 -1.12593e-05 -0.881368 -3.37799e-06 1.57078 -0.000638642
25.049 -0.883728 -0.881615 -0.0021132 11.6654 -9.98072e-06 0.000689969 -1.12477e-05 -0.881615 -3.41123e-06 1.57078 -0.000637702
25.05 -0.883973 -0.881862 -0.00211069 11.6696 -9.97167e-06 0.00069272 -1.12363e-05 -0.881862 -3.44461e-06 1.57078 -0.000636762
25.051 -0.884217 -0.882109 -0.00210816 11.6738 -9.96272e-06 0.000695481 -1.12249e-05 -0.882109 -3.47813e-06 1.57078 -0.000635822
25.052 -0.884462 -0.882356 -0.00210563 11.678 -9.95388e-06 0.000698254 -1.12137e-05 -0.882356 -3.51178e-06 1.57078 -0.000634883
25.053 -0.884706 -0.882603 -0.0021031 11.6822 -9.94515e-06 0.000701037 -1.12026e-05 -0.882603 -3.54557e-06 1.57078 -0.000633943
25.054 -0.88495 -0.88285 -0.00210055 11.6864 -9.93652e-06 0.00070383 -1.11916e-05 -0.88285 -3.57949e-06 1.57078 -0.000633005
25.055 -0.885194 -0.883097 -0.002098 11.6906 -9.928e-06 0.000706634 -1.11808e-05 -0.883097 -3.61355e-06 1.57078 -0.000632066
25.056 -0.885439 -0.883343 -0.00209544 11.6948 -9.91958e-06 0.000709448 -1.117e-05 -0.883343 -3.64774e-06 1.57078 -0.000631128
25.057 -0.885683 -0.88359 -0.00209287 11.699 -9.91127e-06 0.000712273 -1.11593e-05 -0.88359 -3.68206e-06 1.57078 -0.000630191
25.058 -0.885926 -0.883836 -0.00209029 11.7032 -9.90306e-06 0.000715108 -1.11488e-05 -0.883836 -3.71652e-06 1.57078 -0.000629253
25.059 -0.88617 -0.884082 -0.00208771 11.7074 -9.89496e-06 0.000717954 -1.11384e-05 -0.884082 -3.75112e-06 1.57078 -0.000628316
25.06 -0.886414 -0.884329 -0.00208511 11.7116 -9.88696e-06 0.00072081 -1.11281e-05 -0.884329 -3.78585e-06 1.57078 -0.000627379
25.061 -0.886658 -0.884575 -0.00208251 11.7158 -9.87907e-06 0.000723677 -1.11179e-05 -0.884575 -3.82071e-06 1.57078 -0.000626443
25.062 -0.886901 -0.884821 -0.00207991 11.72 -9.87128e-06 0.000726554 -1.11078e-05 -0.884821 -3.8557e-06 1.57078 -0.000625507
25.063 -0.887144 -0.885067 -0.00207729 11.7241 -9.8636e-06 0.000729441 -1.10978e-05 -0.885067 -3.89083e-06 1.57078 -0.000624572
25.064 -0.887388 -0.885313 -0.00207467 11.7283 -9.85602e-06 0.000732339 -1.10879e-05 -0.885313 -3.92609e-06 1.57078 -0.000623636
25.065 -0.887631 -0.885559 -0.00207204 11.7325 -9.84855e-06 0.000735247 -1.10781e-05 -0.885559 -3.96148e-06 1.57078 -0.000622701
25.066 -0.887874 -0.885805 -0.0020694 11.7367 -9.84117e-06 0.000738165 -1.10685e-05 -0.885805 -3.99701e-06 1.57078 -0.000621767
25.067 -0.888117 -0.88605 -0.00206676 11.7409 -9.8339e-06 0.000741094 -1.10589e-05 -0.88605 -4.03267e-06 1.57078 -0.000620833
25.068 -0.88836 -0.886296 -0.0020641 11.7451 -9.82674e-06 0.000744032 -1.10495e-05 -0.886296 -4.06846e-06 1.57078 -0.000619899
25.069 -0.888603 -0.886542 -0.00206144 11.7493 -9.81967e-06 0.000746981 -1.10402e-05 -0.886542 -4.10438e-06 1.57078 -0.000618965
25.07 -0.888846 -0.886787 -0.00205878 11.7534 -9.81271e-06 0.000749941 -1.10309e-05 -0.886787 -4.14043e-06 1.57078 -0.000618032
25.071 -0.889088 -0.887032 -0.0020561 11.7576 -9.80585e-06 0.00075291 -1.10218e-05 -0.887032 -4.17661e-06 1.57077 -0.000617099
25.072 -0.889331 -0.887278 -0.00205342 11.7618 -9.79909e-06 0.00075589 -1.10128e-05 -0.887278 -4.21293e-06 1.57077 -0.000616167
25.073 -0.889574 -0.887523 -0.00205073 11.766 -9.79244e-06 0.00075888 -1.10039e-05 -0.887523 -4.24937e-06 1.57077 -0.000615235
25.074 -0.889816 -0.887768 -0.00204803 11.7702 -9.78588e-06 0.00076188 -1.09952e-05 -0.887768 -4.28595e-06 1.57077 -0.000614303
25.075 -0.890058 -0.888013 -0.00204532 11.7743 -9.77943e-06 0.00076489 -1.09865e-05 -0.888013 -4.32265e-06 1.57077 -0.000613371
25.076 -0.8903 -0.888258 -0.00204261 11.7785 -9.77308e-06 0.000767911 -1.09779e-05 -0.888258 -4.35949e-06 1.57077 -0.00061244
25.077 -0.890543 -0.888503 -0.00203989 11.7827 -9.76682e-06 0.000770941 -1.09694e-05 -0.888503 -4.39645e-06 1.57077 -0.00061151
25.078 -0.890785 -0.888747 -0.00203716 11.7868 -9.76067e-06 0.000773981 -1.09611e-05 -0.888747 -4.43354e-06 1.57077 -0.000610579
25.079 -0.891026 -0.888992 -0.00203442 11.791 -9.75462e-06 0.000777032 -1.09528e-05 -0.888992 -4.47076e-06 1.57077 -0.000609649
25.08 -0.891268 -0.889237 -0.00203168 11.7952 -9.74867e-06 0.000780092 -1.09447e-05 -0.889237 -4.50811e-06 1.57077 -0.00060872
25.081 -0.89151 -0.889481 -0.00202893 11.7993 -9.74282e-06 0.000783163 -1.09366e-05 -0.889481 -4.54559e-06 1.57077 -0.000607791
25.082 -0.891752 -0.889725 -0.00202617 11.8035 -9.73706e-06 0.000786243 -1.09287e-05 -0.889725 -4.5832e-06 1.57077 -0.000606862
25.083 -0.891993 -0.88997 -0.0020234 11.8077 -9.73141e-06 0.000789334 -1.09209e-05 -0.88997 -4.62094e-06 1.57077 -0.000605933
25.084 -0.892235 -0.890214 -0.00202063 11.8118 -9.72585e-06 0.000792434 -1.09132e-05 -0.890214 -4.6588e-06 1.57077 -0.000605005
25.085 -0.892476 -0.890458 -0.00201785 11.816 -9.72039e-06 0.000795544 -1.09055e-05 -0.890458 -4.69679e-06 1.57077 -0.000604077
25.086 -0.892717 -0.890702 -0.00201506 11.8202 -9.71503e-06 0.000798664 -1.0898e-05 -0.890702 -4.7349e-06 1.57077 -0.00060315
25.087 -0.892958 -0.890946 -0.00201227 11.8243 -9.70977e-06 0.000801794 -1.08906e-05 -0.890946 -4.77314e-06 1.57077 -0.000602223
25.088 -0.893199 -0.89119 -0.00200946 11.8285 -9.70461e-06 0.000804934 -1.08833e-05 -0.89119 -4.81151e-06 1.57077 -0.000601296
25.089 -0.89344 -0.891434 -0.00200665 11.8326 -9.69954e-06 0.000808083 -1.08761e-05 -0.891434 -4.85001e-06 1.57077 -0.00060037
25.09 -0.893681 -0.891677 -0.00200383 11.8368 -9.69457e-06 0.000811243 -1.0869e-05 -0.891677 -4.88863e-06 1.57077 -0.000599444
25.091 -0.893922 -0.891921 -0.00200101 11.8409 -9.6897e-06 0.000814412 -1.0862e-05 -0.891921 -4.92737e-06 1.57077 -0.000598519
25.092 -0.894162 -0.892164 -0.00199818 11.8451 -9.68492e-06 0.000817591 -1.08551e-05 -0.892164 -4.96624e-06 1.57077 -0.000597593
25.093 -0.894403 -0.892408 -0.00199534 11.8492 -9.68024e-06 0.000820779 -1.08483e-05 -0.892408 -5.00524e-06 1.57077 -0.000596669
25.094 -0.894643 -0.892651 -0.00199249 11.8534 -9.67565e-06 0.000823978 -1.08416e-05 -0.892651 -5.04436e-06 1.57077 -0.000595744
25.095 -0.894884 -0.892894 -0.00198963 11.8575 -9.67116e-06 0.000827185 -1.0835e-05 -0.892894 -5.0836e-06 1.57077 -0.00059482
25.096 -0.895124 -0.893137 -0.00198677 11.8617 -9.66676e-06 0.000830403 -1.08286e-05 -0.893137 -5.12297e-06 1.57077 -0.000593897
25.097 -0.895364 -0.89338 -0.0019839 11.8658 -9.66246e-06 0.00083363 -1.08222e-05 -0.89338 -5.16246e-06 1.57077 -0.000592973
25.098 -0.895604 -0.893623 -0.00198103 11.87 -9.65825e-06 0.000836867 -1.08159e-05 -0.893623 -5.20207e-06 1.57077 -0.00059205
25.099 -0.895844 -0.893866 -0.00197814 11.8741 -9.65414e-06 0.000840113 -1.08097e-05 -0.893866 -5.24181e-06 1.57077 -0.000591128
25.1 -0.896084 -0.894109 -0.00197525 11.8783 -9.65012e-06 0.000843369 -1.08036e-05 -0.894109 -5.28167e-06 1.57077 -0.000590206
25.101 -0.896324 -0.894351 -0.00197235 11.8824 -9.6462e-06 0.000846634 -1.07976e-05 -0.894351 -5.32165e-06 1.57077 -0.000589284
25.102 -0.896563 -0.894594 -0.00196945 11.8865 -9.64236e-06 0.000849909 -1.07917e-05 -0.894594 -5.36175e-06 1.57077 -0.000588362
25.103 -0.896803 -0.894836 -0.00196653 11.8907 -9.63862e-06 0.000853193 -1.07859e-05 -0.894836 -5.40198e-06 1.57077 -0.000587441
25.104 -0.897042 -0.895079 -0.00196361 11.8948 -9.63497e-06 0.000856486 -1.07802e-05 -0.895079 -5.44232e-06 1.57077 -0.000586521
25.105 -0.897282 -0.895321 -0.00196069 11.8989 -9.63142e-06 0.000859789 -1.07747e-05 -0.895321 -5.48279e-06 1.57077 -0.000585601
25.106 -0.897521 -0.895563 -0.00195775 11.9031 -9.62795e-06 0.000863102 -1.07692e-05 -0.895563 -5.52337e-06 1.57077 -0.000584681
25.107 -0.89776 -0.895805 -0.00195481 11.9072 -9.62458e-06 0.000866423 -1.07638e-05 -0.895805 -5.56408e-06 1.57077 -0.000583761
25.108 -0.897999 -0.896047 -0.00195186 11.9113 -9.62129e-06 0.000869754 -1.07585e-05 -0.896047 -5.6049e-06 1.57077 -0.000582842
25.109 -0.898238 -0.896289 -0.00194891 11.9155 -9.6181e-06 0.000873095 -1.07533e-05 -0.896289 -5.64585e-06 1.57077 -0.000581924
25.11 -0.898477 -0.896531 -0.00194594 11.9196 -9.615e-06 0.000876444 -1.07481e-05 -0.896531 -5.68691e-06 1.57077 -0.000581005
25.111 -0.898715 -0.896772 -0.00194297 11.9237 -9.61199e-06 0.000879803 -1.07431e-05 -0.896772 -5.72809e-06 1.57077 -0.000580087
25.112 -0.898954 -0.897014 -0.00194 11.9278 -9.60906e-06 0.000883171 -1.07382e-05 -0.897014 -5.76939e-06 1.57077 -0.00057917
25.113 -0.899193 -0.897256 -0.00193701 11.9319 -9.60623e-06 0.000886548 -1.07334e-05 -0.897256 -5.81081e-06 1.57077 -0.000578253
25.114 -0.899431 -0.897497 -0.00193402 11.9361 -9.60349e-06 0.000889934 -1.07287e-05 -0.897497 -5.85235e-06 1.57077 -0.000577336
25.115 -0.899669 -0.897738 -0.00193102 11.9402 -9.60083e-06 0.000893329 -1.0724e-05 -0.897738 -5.894e-06 1.57077 -0.00057642
25.116 -0.899907 -0.897979 -0.00192802 11.9443 -9.59826e-06 0.000896734 -1.07195e-05 -0.897979 -5.93577e-06 1.57077 -0.000575504
25.117 -0.900146 -0.898221 -0.001925 11.9484 -9.59578e-06 0.000900147 -1.07151e-05 -0.898221 -5.97766e-06 1.57077 -0.000574588
25.118 -0.900384 -0.898462 -0.00192198 11.9525 -9.59339e-06 0.00090357 -1.07107e-05 -0.898462 -6.01966e-06 1.57077 -0.000573673
25.119 -0.900621 -0.898702 -0.00191896 11.9566 -9.59108e-06 0.000907001 -1.07064e-05 -0.898702 -6.06178e-06 1.57076 -0.000572758
25.12 -0.900859 -0.898943 -0.00191592 11.9608 -9.58886e-06 0.000910441 -1.07023e-05 -0.898943 -6.10401e-06 1.57076 -0.000571844
25.121 -0.901097 -0.899184 -0.00191288 11.9649 -9.58672e-06 0.000913891 -1.06982e-05 -0.899184 -6.14636e-06 1.57076 -0.00057093
25.122 -0.901334 -0.899425 -0.00190983 11.969 -9.58467e-06 0.000917349 -1.06942e-05 -0.899425 -6.18882e-06 1.57076 -0.000570016
25.123 -0.901572 -0.899665 -0.00190678 11.9731 -9.58271e-06 0.000920816 -1.06903e-05 -0.899665 -6.23139e-06 1.57076 -0.000569103
25.124 -0.901809 -0.899905 -0.00190372 11.9772 -9.58083e-06 0.000924292 -1.06865e-05 -0.899905 -6.27408e-06 1.57076 -0.000568191
25.125 -0.902046 -0.900146 -0.00190065 11.9813 -9.57904e-06 0.000927777 -1.06828e-05 -0.900146 -6.31689e-06 1.57076 -0.000567278
25.126 -0.902284 -0.900386 -0.00189757 11.9854 -9.57733e-06 0.00093127 -1.06792e-05 -0.900386 -6.3598e-06 1.57076 -0.000566366
25.127 -0.902521 -0.900626 -0.00189449 11.9895 -9.57571e-06 0.000934772 -1.06757e-05 -0.900626 -6.40283e-06 1.57076 -0.000565455
25.128 -0.902758 -0.900866 -0.0018914 11.9936 -9.57416e-06 0.000938283 -1.06722e-05 -0.900866 -6.44597e-06 1.57076 -0.000564544
25.129 -0.902994 -0.901106 -0.00188831 11.9977 -9.5727e-06 0.000941803 -1.06689e-05 -0.901106 -6.48922e-06 1.57076 -0.000563633
25.13 -0.903231 -0.901346 -0.0018852 12.0018 -9.57133e-06 0.000945331 -1.06656e-05 -0.901346 -6.53259e-06 1.57076 -0.000562723
25.131 -0.903468 -0.901586 -0.00188209 12.0059 -9.57003e-06 0.000948868 -1.06625e-05 -0.901586 -6.57606e-06 1.57076 -0.000561813
25.132 -0.903704 -0.901825 -0.00187898 12.01 -9.56882e-06 0.000952413 -1.06594e-05 -0.901825 -6.61965e-06 1.57076 -0.000560903
25.133 -0.90394 -0.902065 -0.00187585 12.0141 -9.56769e-06 0.000955967 -1.06564e-05 -0.902065 -6.66334e-06 1.57076 -0.000559994
25.134 -0.904177 -0.902304 -0.00187272 12.0181 -9.56664e-06 0.00095953 -1.06535e-05 -0.902304 -6.70715e-06 1.57076 -0.000559085
25.135 -0.904413 -0.902543 -0.00186959 12.0222 -9.56567e-06 0.000963101 -1.06506e-05 -0.902543 -6.75106e-06 1.57076 -0.000558177
25.136 -0.904649 -0.902783 -0.00186644 12.0263 -9.56478e-06 0.00096668 -1.06479e-05 -0.902783 -6.79509e-06 1.57076 -0.000557269
25.137 -0.904885 -0.903022 -0.00186329 12.0304 -9.56397e-06 0.000970268 -1.06452e-05 -0.903022 -6.83922e-06 1.57076 -0.000556362
25.138 -0.905121 -0.903261 -0.00186013 12.0345 -9.56324e-06 0.000973865 -1.06427e-05 -0.903261 -6.88346e-06 1.57076 -0.000555455
25.139 -0.905356 -0.903499 -0.00185697 12.0386 -9.56259e-06 0.000977469 -1.06402e-05 -0.903499 -6.92781e-06 1.57076 -0.000554548
25.14 -0.905592 -0.903738 -0.0018538 12.0426 -9.56202e-06 0.000981082 -1.06378e-05 -0.903738 -6.97226e-06 1.57076 -0.000553642
25.141 -0.905828 -0.903977 -0.00185062 12.0467 -9.56152e-06 0.000984703 -1.06355e-05 -0.903977 -7.01682e-06 1.57076 -0.000552736
25.142 -0.906063 -0.904216 -0.00184744 12.0508 -9.56111e-06 0.000988333 -1.06332e-05 -0.904216 -7.06149e-06 1.57076 -0.000551831
25.143 -0.906298 -0.904454 -0.00184425 12.0549 -9.56077e-06 0.00099197 -1.06311e-05 -0.904454 -7.10627e-06 1.57076 -0.000550926
25.144 -0.906533 -0.904692 -0.00184105 12.0589 -9.56051e-06 0.000995616 -1.0629e-05 -0.904692 -7.15115e-06 1.57076 -0.000550021
25.145 -0.906768 -0.904931 -0.00183785 12.063 -9.56032e-06 0.00099927 -1.0627e-05 -0.904931 -7.19613e-06 1.57076 -0.000549117
25.146 -0.907003 -0.905169 -0.00183464 12.0671 -9.56021e-06 0.00100293 -1.06251e-05 -0.905169 -7.24122e-06 1.57076 -0.000548213
25.147 -0.907238 -0.905407 -0.00183142 12.0712 -9.56017e-06 0.0010066 -1.06233e-05 -0.905407 -7.28642e-06 1.57076 -0.00054731
25.148 -0.907473 -0.905645 -0.00182819 12.0752 -9.56022e-06 0.00101028 -1.06216e-05 -0.905645 -7.33171e-06 1.57076 -0.000546407
25.149 -0.907708 -0.905883 -0.00182496 12.0793 -9.56033e-06 0.00101397 -1.06199e-05 -0.905883 -7.37712e-06 1.57076 -0.000545505
25.15 -0.907942 -0.90612 -0.00182173 12.0833 -9.56052e-06 0.00101766 -1.06183e-05 -0.90612 -7.42262e-06 1.57076 -0.000544603
25.151 -0.908176 -0.906358 -0.00181848 12.0874 -9.56078e-06 0.00102136 -1.06168e-05 -0.906358 -7.46823e-06 1.57076 -0.000543701
25.152 -0.908411 -0.906595 -0.00181523 12.0915 -9.56112e-06 0.00102507 -1.06154e-05 -0.906595 -7.51394e-06 1.57076 -0.0005428
25.153 -0.908645 -0.906833 -0.00181198 12.0955 -9.56153e-06 0.00102879 -1.06141e-05 -0.906833 -7.55975e-06 1.57076 -0.000541899
25.154 -0.908879 -0.90707 -0.00180871 12.0996 -9.56201e-06 0.00103252 -1.06128e-05 -0.90707 -7.60566e-06 1.57076 -0.000540999
25.155 -0.909113 -0.907307 -0.00180545 12.1036 -9.56257e-06 0.00103625 -1.06116e-05 -0.907307 -7.65167e-06 1.57076 -0.000540099
25.156 -0.909347 -0.907544 -0.00180217 12.1077 -9.56319e-06 0.00103999 -1.06105e-05 -0.907544 -7.69779e-06 1.57076 -0.0005392
25.157 -0.90958 -0.907781 -0.00179889 12.1117 -9.56389e-06 0.00104374 -1.06095e-05 -0.907781 -7.744e-06 1.57076 -0.000538301
25.158 -0.909814 -0.908018 -0.0017956 12.1158 -9.56466e-06 0.0010475 -1.06085e-05 -0.908018 -7.79032e-06 1.57076 -0.000537402
25.159 -0.910047 -0.908255 -0.0017923 12.1198 -9.5655e-06 0.00105126 -1.06076e-05 -0.908255 -7.83673e-06 1.57076 -0.000536504
25.16 -0.910281 -0.908492 -0.001789 12.1239 -9.5664e-06 0.00105504 -1.06068e-05 -0.908492 -7.88324e-06 1.57076 -0.000535606
25.161 -0.910514 -0.908728 -0.00178569 12.1279 -9.56738e-06 0.00105882 -1.06061e-05 -0.908728 -7.92985e-06 1.57076 -0.000534709
25.162 -0.910747 -0.908965 -0.00178238 12.132 -9.56843e-06 0.0010626 -1.06054e-05 -0.908965 -7.97656e-06 1.57075 -0.000533812
25.163 -0.91098 -0.909201 -0.00177906 12.136 -9.56954e-06 0.0010664 -1.06048e-05 -0.909201 -8.02336e-06 1.57075 -0.000532916
25.164 -0.911213 -0.909437 -0.00177573 12.14 -9.57073e-06 0.0010702 -1.06043e-05 -0.909437 -8.07026e-06 1.57075 -0.00053202
25.165 -0.911446 -0.909673 -0.0017724 12.1441 -9.57198e-06 0.00107401 -1.06039e-05 -0.909673 -8.11726e-06 1.57075 -0.000531124
25.166 -0.911678 -0.909909 -0.00176906 12.1481 -9.57329e-06 0.00107783 -1.06035e-05 -0.909909 -8.16435e-06 1.57075 -0.000530229
25.167 -0.911911 -0.910145 -0.00176572 12.1521 -9.57468e-06 0.00108165 -1.06032e-05 -0.910145 -8.21154e-06 1.57075 -0.000529334
25.168 -0.912143 -0.910381 -0.00176236 12.1562 -9.57613e-06 0.00108548 -1.0603e-05 -0.910381 -8.25883e-06 1.57075 -0.00052844
25.169 -0.912376 -0.910617 -0.00175901 12.1602 -9.57765e-06 0.00108932 -1.06029e-05 -0.910617 -8.30621e-06 1.57075 -0.000527546
25.17 -0.912608 -0.910852 -0.00175564 12.1642 -9.57923e-06 0.00109317 -1.06028e-05 -0.910852 -8.35368e-06 1.57075 -0.000526653
25.171 -0.91284 -0.911088 -0.00175227 12.1682 -9.58087e-06 0.00109702 -1.06028e-05 -0.911088 -8.40125e-06 1.57075 -0.00052576
25.172 -0.913072 -0.911323 -0.00174889 12.1723 -9.58258e-06 0.00110088 -1.06028e-05 -0.911323 -8.44891e-06 1.57075 -0.000524868
25.173 -0.913304 -0.911558 -0.00174551 12.1763 -9.58436e-06 0.00110475 -1.0603e-05 -0.911558 -8.49666e-06 1.57075 -0.000523976
25.174 -0.913535 -0.911793 -0.00174212 12.1803 -9.5862e-06 0.00110863 -1.06032e-05 -0.911793 -8.5445e-06 1.57075 -0.000523084
25.175 -0.913767 -0.912028 -0.00173873 12.1843 -9.5881e-06 0.00111251 -1.06034e-05 -0.912028 -8.59244e-06 1.57075 -0.000522193
25.176 -0.913999 -0.912263 -0.00173533 12.1883 -9.59006e-06 0.0011164 -1.06038e-05 -0.912263 -8.64047e-06 1.57075 -0.000521302
25.177 -0.91423 -0.912498 -0.00173192 12.1924 -9.59209e-06 0.0011203 -1.06042e-05 -0.912498 -8.68859e-06 1.57075 -0.000520412
25.178 -0.914461 -0.912733 -0.00172851 12.1964 -9.59417e-06 0.0011242 -1.06046e-05 -0.912733 -8.7368e-06 1.57075 -0.000519522
25.179 -0.914692 -0.912967 -0.00172509 12.2004 -9.59632e-06 0.00112811 -1.06052e-05 -0.912967 -8.78509e-06 1.57075 -0.000518633
25.18 -0.914923 -0.913202 -0.00172166 12.2044 -9.59853e-06 0.00113203 -1.06058e-05 -0.913202 -8.83348e-06 1.57075 -0.000517744
25.181 -0.915154 -0.913436 -0.00171823 12.2084 -9.6008e-06 0.00113595 -1.06064e-05 -0.913436 -8.88196e-06 1.57075 -0.000516856
25.182 -0.915385 -0.91367 -0.00171479 12.2124 -9.60313e-06 0.00113988 -1.06072e-05 -0.91367 -8.93053e-06 1.57075 -0.000515968
25.183 -0.915616 -0.913904 -0.00171135 12.2164 -9.60551e-06 0.00114382 -1.0608e-05 -0.913904 -8.97918e-06 1.57075 -0.00051508
25.184 -0.915846 -0.914138 -0.0017079 12.2204 -9.60796e-06 0.00114776 -1.06088e-05 -0.914138 -9.02792e-06 1.57075 -0.000514193
25.185 -0.916077 -0.914372 -0.00170444 12.2244 -9.61046e-06 0.00115171 -1.06098e-05 -0.914372 -9.07675e-06 1.57075 -0.000513307
25.186 -0.916307 -0.914606 -0.00170098 12.2284 -9.61302e-06 0.00115567 -1.06107e-05 -0.914606 -9.12567e-06 1.57075 -0.00051242
25.187 -0.916537 -0.914839 -0.00169752 12.2324 -9.61564e-06 0.00115964 -1.06118e-05 -0.914839 -9.17467e-06 1.57075 -0.000511535
25.188 -0.916767 -0.915073 -0.00169404 12.2364 -9.61832e-06 0.00116361 -1.06129e-05 -0.915073 -9.22376e-06 1.57075 -0.000510649
25.189 -0.916997 -0.915306 -0.00169056 12.2404 -9.62105e-06 0.00116758 -1.06141e-05 -0.915306 -9.27293e-06 1.57075 -0.000509765
25.19 -0.917227 -0.91554 -0.00168708 12.2444 -9.62384e-06 0.00117157 -1.06153e-05 -0.91554 -9.32218e-06 1.57075 -0.00050888
25.191 -0.917456 -0.915773 -0.00168359 12.2483 -9.62668e-06 0.00117556 -1.06166e-05 -0.915773 -9.37153e-06 1.57075 -0.000507997
25.192 -0.917686 -0.916006 -0.00168009 12.2523 -9.62958e-06 0.00117955 -1.06179e-05 -0.916006 -9.42095e-06 1.57075 -0.000507113
25.193 -0.917915 -0.916239 -0.00167659 12.2563 -9.63253e-06 0.00118356 -1.06194e-05 -0.916239 -9.47046e-06 1.57075 -0.00050623
25.194 -0.918145 -0.916472 -0.00167308 12.2603 -9.63554e-06 0.00118757 -1.06208e-05 -0.916472 -9.52005e-06 1.57075 -0.000505348
25.195 -0.918374 -0.916704 -0.00166957 12.2643 -9.63859e-06 0.00119158 -1.06224e-05 -0.916704 -9.56972e-06 1.57075 -0.000504466
25.196 -0.918603 -0.916937 -0.00166605 12.2682 -9.64171e-06 0.00119561 -1.06239e-05 -0.916937 -9.61948e-06 1.57075 -0.000503584
25.197 -0.918832 -0.917169 -0.00166252 12.2722 -9.64487e-06 0.00119963 -1.06256e-05 -0.917169 -9.66931e-06 1.57075 -0.000502703
25.198 -0.919061 -0.917402 -0.00165899 12.2762 -9.64809e-06 0.00120367 -1.06273e-05 -0.917402 -9.71923e-06 1.57075 -0.000501822
25.199 -0.919289 -0.917634 -0.00165546 12.2802 -9.65135e-06 0.00120771 -1.0629e-05 -0.917634 -9.76923e-06 1.57075 -0.000500942
25.2 -0.919518 -0.917866 -0.00165192 12.2841 -9.65467e-06 0.00121176 -1.06308e-05 -0.917866 -9.81931e-06 1.57075 -0.000500063
25.201 -0.919746 -0.918098 -0.00164837 12.2881 -9.65804e-06 0.00121581 -1.06327e-05 -0.918098 -9.86946e-06 1.57075 -0.000499183
25.202 -0.919975 -0.91833 -0.00164481 12.2921 -9.66146e-06 0.00121987 -1.06346e-05 -0.91833 -9.9197e-06 1.57074 -0.000498305
25.203 -0.920203 -0.918562 -0.00164126 12.296 -9.66492e-06 0.00122393 -1.06366e-05 -0.918562 -9.97001e-06 1.57074 -0.000497426
25.204 -0.920431 -0.918793 -0.00163769 12.3 -9.66844e-06 0.001228 -1.06386e-05 -0.918793 -1.00204e-05 1.57074 -0.000496549
25.205 -0.920659 -0.919025 -0.00163412 12.304 -9.672e-06 0.00123208 -1.06407e-05 -0.919025 -1.00709e-05 1.57074 -0.000495671
25.206 -0.920887 -0.919256 -0.00163054 12.3079 -9.67561e-06 0.00123616 -1.06429e-05 -0.919256 -1.01214e-05 1.57074 -0.000494794
25.207 -0.921114 -0.919487 -0.00162696 12.3119 -9.67927e-06 0.00124025 -1.0645e-05 -0.919487 -1.0172e-05 1.57074 -0.000493918
25.208 -0.921342 -0.919719 -0.00162338 12.3158 -9.68298e-06 0.00124435 -1.06473e-05 -0.919719 -1.02227e-05 1.57074 -0.000493042
25.209 -0.921569 -0.91995 -0.00161978 12.3198 -9.68673e-06 0.00124845 -1.06496e-05 -0.91995 -1.02735e-05 1.57074 -0.000492167
25.21 -0.921797 -0.92018 -0.00161619 12.3237 -9.69053e-06 0.00125255 -1.06519e-05 -0.92018 -1.03244e-05 1.57074 -0.000491292
25.211 -0.922024 -0.920411 -0.00161258 12.3277 -9.69437e-06 0.00125666 -1.06543e-05 -0.920411 -1.03753e-05 1.57074 -0.000490417
25.212 -0.922251 -0.920642 -0.00160898 12.3316 -9.69826e-06 0.00126078 -1.06567e-05 -0.920642 -1.04263e-05 1.57074 -0.000489543
25.213 -0.922478 -0.920872 -0.00160536 12.3355 -9.7022e-06 0.0012649 -1.06592e-05 -0.920872 -1.04773e-05 1.57074 -0.00048867
25.214 -0.922705 -0.921103 -0.00160174 12.3395 -9.70617e-06 0.00126903 -1.06618e-05 -0.921103 -1.05285e-05 1.57074 -0.000487797
25.215 -0.922931 -0.921333 -0.00159812 12.3434 -9.71019e-06 0.00127317 -1.06644e-05 -0.921333 -1.05797e-05 1.57074 -0.000486924
25.216 -0.923158 -0.921563 -0.00159449 12.3474 -9.71425e-06 0.0012773 -1.0667e-05 -0.921563 -1.0631e-05 1.57074 -0.000486052
25.217 -0.923384 -0.921793 -0.00159085 12.3513 -9.71836e-06 0.00128145 -1.06697e-05 -0.921793 -1.06824e-05 1.57074 -0.000485181
25.218 -0.923611 -0.922023 -0.00158721 12.3552 -9.7225e-06 0.0012856 -1.06724e-05 -0.922023 -1.07338e-05 1.57074 -0.000484309
25.219 -0.923837 -0.922253 -0.00158357 12.3592 -9.72669e-06 0.00128976 -1.06752e-05 -0.922253 -1.07853e-05 1.57074 -0.000483439
25.22 -0.924063 -0.922483 -0.00157991 12.3631 -9.73092e-06 0.00129392 -1.0678e-05 -0.922483 -1.08369e-05 1.57074 -0.000482569
25.221 -0.924289 -0.922712 -0.00157626 12.367 -9.73519e-06 0.00129808 -1.06808e-05 -0.922712 -1.08885e-05 1.57074 -0.000481699
25.222 -0.924514 -0.922942 -0.0015726 12.3709 -9.7395e-06 0.00130225 -1.06837e-05 -0.922942 -1.09402e-05 1.57074 -0.00048083
25.223 -0.92474 -0.923171 -0.00156893 12.3749 -9.74384e-06 0.00130643 -1.06867e-05 -0.923171 -1.0992e-05 1.57074 -0.000479961
25.224 -0.924966 -0.9234 -0.00156526 12.3788 -9.74823e-06 0.00131061 -1.06897e-05 -0.9234 -1.10438e-05 1.57074 -0.000479093
25.225 -0.925191 -0.923629 -0.00156158 12.3827 -9.75265e-06 0.0013148 -1.06927e-05 -0.923629 -1.10957e-05 1.57074 -0.000478225
25.226 -0.925416 -0.923858 -0.0015579 12.3866 -9.75711e-06 0.00131899 -1.06958e-05 -0.923858 -1.11477e-05 1.57074 -0.000477358
25.227 -0.925641 -0.924087 -0.00155421 12.3905 -9.76161e-06 0.00132319 -1.06989e-05 -0.924087 -1.11998e-05 1.57074 -0.000476491
25.228 -0.925866 -0.924316 -0.00155052 12.3944 -9.76615e-06 0.00132739 -1.07021e-05 -0.924316 -1.12519e-05 1.57074 -0.000475625
25.229 -0.926091 -0.924544 -0.00154682 12.3983 -9.77072e-06 0.0013316 -1.07053e-05 -0.924544 -1.1304e-05 1.57074 -0.000474759
25.23 -0.926316 -0.924773 -0.00154311 12.4022 -9.77533e-06 0.00133581 -1.07085e-05 -0.924773 -1.13563e-05 1.57074 -0.000473894
25.231 -0.926541 -0.925001 -0.00153941 12.4061 -9.77997e-06 0.00134002 -1.07118e-05 -0.925001 -1.14086e-05 1.57074 -0.000473029
25.232 -0.926765 -0.925229 -0.00153569 12.41 -9.78464e-06 0.00134425 -1.07151e-05 -0.925229 -1.1461e-05 1.57074 -0.000472165
25.233 -0.926989 -0.925457 -0.00153198 12.4139 -9.78936e-06 0.00134847 -1.07185e-05 -0.925457 -1.15134e-05 1.57074 -0.000471301
25.234 -0.927214 -0.925685 -0.00152825 12.4178 -9.7941e-06 0.0013527 -1.07219e-05 -0.925685 -1.15659e-05 1.57074 -0.000470438
25.235 -0.927438 -0.925913 -0.00152452 12.4217 -9.79888e-06 0.00135694 -1.07253e-05 -0.925913 -1.16184e-05 1.57074 -0.000469575
25.236 -0.927662 -0.926141 -0.00152079 12.4256 -9.80369e-06 0.00136118 -1.07288e-05 -0.926141 -1.16711e-05 1.57074 -0.000468713
25.237 -0.927885 -0.926368 -0.00151705 12.4295 -9.80853e-06 0.00136542 -1.07323e-05 -0.926368 -1.17237e-05 1.57074 -0.000467851
25.238 -0.928109 -0.926596 -0.00151331 12.4334 -9.8134e-06 0.00136967 -1.07358e-05 -0.926596 -1.17765e-05 1.57074 -0.00046699
25.239 -0.928333 -0.926823 -0.00150956 12.4373 -9.8183e-06 0.00137393 -1.07394e-05 -0.926823 -1.18293e-05 1.57074 -0.000466129
25.24 -0.928556 -0.92705 -0.00150581 12.4412 -9.82324e-06 0.00137818 -1.0743e-05 -0.92705 -1.18821e-05 1.57073 -0.000465269
25.241 -0.928779 -0.927277 -0.00150205 12.4451 -9.8282e-06 0.00138245 -1.07466e-05 -0.927277 -1.19351e-05 1.57073 -0.000464409
25.242 -0.929002 -0.927504 -0.00149829 12.4489 -9.8332e-06 0.00138672 -1.07503e-05 -0.927504 -1.1988e-05 1.57073 -0.00046355
25.243 -0.929225 -0.927731 -0.00149452 12.4528 -9.83822e-06 0.00139099 -1.0754e-05 -0.927731 -1.20411e-05 1.57073 -0.000462692
25.244 -0.929448 -0.927957 -0.00149075 12.4567 -9.84327e-06 0.00139526 -1.07578e-05 -0.927957 -1.20942e-05 1.57073 -0.000461833
25.245 -0.929671 -0.928184 -0.00148697 12.4606 -9.84835e-06 0.00139954 -1.07616e-05 -0.928184 -1.21473e-05 1.57073 -0.000460976
25.246 -0.929894 -0.92841 -0.00148319 12.4644 -9.85345e-06 0.00140383 -1.07654e-05 -0.92841 -1.22005e-05 1.57073 -0.000460118
25.247 -0.930116 -0.928637 -0.00147941 12.4683 -9.85859e-06 0.00140812 -1.07692e-05 -0.928637 -1.22538e-05 1.57073 -0.000459262
25.248 -0.930338 -0.928863 -0.00147561 12.4722 -9.86375e-06 0.00141241 -1.07731e-05 -0.928863 -1.23071e-05 1.57073 -0.000458405
25.249 -0.930561 -0.929089 -0.00147182 12.476 -9.86893e-06 0.00141671 -1.0777e-05 -0.929089 -1.23605e-05 1.57073 -0.00045755
25.25 -0.930783 -0.929315 -0.00146802 12.4799 -9.87414e-06 0.00142101 -1.07809e-05 -0.929315 -1.24139e-05 1.57073 -0.000456695
25.251 -0.931004 -0.92954 -0.00146421 12.4838 -9.87937e-06 0.00142531 -1.07849e-05 -0.92954 -1.24674e-05 1.57073 -0.00045584
25.252 -0.931226 -0.929766 -0.0014604 12.4876 -9.88463e-06 0.00142962 -1.07888e-05 -0.929766 -1.25209e-05 1.57073 -0.000454986
25.253 -0.931448 -0.929991 -0.00145659 12.4915 -9.88991e-06 0.00143394 -1.07928e-05 -0.929991 -1.25745e-05 1.57073 -0.000454132
25.254 -0.931669 -0.930217 -0.00145277 12.4953 -9.89522e-06 0.00143825 -1.07969e-05 -0.930217 -1.26282e-05 1.57073 -0.000453279
25.255 -0.931891 -0.930442 -0.00144895 12.4992 -9.90055e-06 0.00144257 -1.0801e-05 -0.930442 -1.26819e-05 1.57073 -0.000452426
25.256 -0.932112 -0.930667 -0.00144512 12.503 -9.9059e-06 0.0014469 -1.0805e-05 -0.930667 -1.27356e-05 1.57073 -0.000451574
25.257 -0.932333 -0.930892 -0.00144129 12.5069 -9.91127e-06 0.00145123 -1.08092e-05 -0.930892 -1.27894e-05 1.57073 -0.000450723
25.258 -0.932554 -0.931117 -0.00143745 12.5107 -9.91666e-06 0.00145556 -1.08133e-05 -0.931117 -1.28432e-05 1.57073 -0.000449872
25.259 -0.932775 -0.931341 -0.00143361 12.5145 -9.92208e-06 0.0014599 -1.08175e-05 -0.931341 -1.28971e-05 1.57073 -0.000449021
25.26 -0.932996 -0.931566 -0.00142976 12.5184 -9.92751e-06 0.00146423 -1.08217e-05 -0.931566 -1.29511e-05 1.57073 -0.000448171
25.261 -0.933216 -0.93179 -0.00142591 12.5222 -9.93296e-06 0.00146858 -1.08259e-05 -0.93179 -1.30051e-05 1.57073 -0.000447322
25.262 -0.933437 -0.932014 -0.00142205 12.526 -9.93843e-06 0.00147293 -1.08301e-05 -0.932014 -1.30591e-05 1.57073 -0.000446473
25.263 -0.933657 -0.932239 -0.0014182 12.5299 -9.94392e-06 0.00147728 -1.08344e-05 -0.932239 -1.31132e-05 1.57073 -0.000445624
25.264 -0.933877 -0.932463 -0.00141433 12.5337 -9.94943e-06 0.00148163 -1.08387e-05 -0.932463 -1.31674e-05 1.57073 -0.000444776
25.265 -0.934097 -0.932686 -0.00141046 12.5375 -9.95496e-06 0.00148599 -1.0843e-05 -0.932686 -1.32216e-05 1.57073 -0.000443929
25.266 -0.934317 -0.93291 -0.00140659 12.5414 -9.9605e-06 0.00149035 -1.08473e-05 -0.93291 -1.32758e-05 1.57073 -0.000443082
25.267 -0.934536 -0.933134 -0.00140271 12.5452 -9.96606e-06 0.00149471 -1.08516e-05 -0.933134 -1.33301e-05 1.57073 -0.000442236
25.268 -0.934756 -0.933357 -0.00139883 12.549 -9.97163e-06 0.00149908 -1.0856e-05 -0.933357 -1.33844e-05 1.57073 -0.00044139
25.269 -0.934975 -0.933581 -0.00139495 12.5528 -9.97722e-06 0.00150345 -1.08604e-05 -0.933581 -1.34388e-05 1.57073 -0.000440545
25.27 -0.935195 -0.933804 -0.00139106 12.5566 -9.98283e-06 0.00150782 -1.08648e-05 -0.933804 -1.34932e-05 1.57073 -0.0004397
25.271 -0.935414 -0.934027 -0.00138716 12.5604 -9.98845e-06 0.0015122 -1.08692e-05 -0.934027 -1.35476e-05 1.57073 -0.000438856
25.272 -0.935633 -0.93425 -0.00138326 12.5642 -9.99408e-06 0.00151658 -1.08736e-05 -0.93425 -1.36021e-05 1.57073 -0.000438012
25.273 -0.935852 -0.934472 -0.00137936 12.5681 -9.99973e-06 0.00152097 -1.08781e-05 -0.934472 -1.36567e-05 1.57073 -0.000437169
25.274 -0.93607 -0.934695 -0.00137545 12.5719 -1.00054e-05 0.00152535 -1.08825e-05 -0.934695 -1.37113e-05 1.57073 -0.000436326
25.275 -0.936289 -0.934918 -0.00137154 12.5757 -1.00111e-05 0.00152974 -1.0887e-05 -0.934918 -1.37659e-05 1.57073 -0.000435484
25.276 -0.936508 -0.93514 -0.00136763 12.5795 -1.00167e-05 0.00153413 -1.08915e-05 -0.93514 -1.38206e-05 1.57072 -0.000434643
25.277 -0.936726 -0.935362 -0.00136371 12.5833 -1.00224e-05 0.00153853 -1.0896e-05 -0.935362 -1.38753e-05 1.57072 -0.000433802
25.278 -0.936944 -0.935584 -0.00135978 12.5871 -1.00281e-05 0.00154293 -1.09006e-05 -0.935584 -1.393e-05 1.57072 -0.000432961
25.279 -0.937162 -0.935806 -0.00135586 12.5908 -1.00339e-05 0.00154733 -1.09051e-05 -0.935806 -1.39848e-05 1.57072 -0.000432121
25.28 -0.93738 -0.936028 -0.00135193 12.5946 -1.00396e-05 0.00155173 -1.09097e-05 -0.936028 -1.40396e-05 1.57072 -0.000431282
25.281 -0.937598 -0.93625 -0.00134799 12.5984 -1.00453e-05 0.00155614 -1.09142e-05 -0.93625 -1.40945e-05 1.57072 -0.000430443
25.282 -0.937815 -0.936471 -0.00134405 12.6022 -1.00511e-05 0.00156055 -1.09188e-05 -0.936471 -1.41494e-05 1.57072 -0.000429605
25.283 -0.938033 -0.936692 -0.00134011 12.606 -1.00568e-05 0.00156496 -1.09234e-05 -0.936692 -1.42043e-05 1.57072 -0.000428767
25.284 -0.93825 -0.936914 -0.00133616 12.6098 -1.00626e-05 0.00156938 -1.0928e-05 -0.936914 -1.42593e-05 1.57072 -0.00042793
25.285 -0.938467 -0.937135 -0.00133221 12.6135 -1.00683e-05 0.0015738 -1.09326e-05 -0.937135 -1.43143e-05 1.57072 -0.000427093
25.286 -0.938684 -0.937356 -0.00132825 12.6173 -1.00741e-05 0.00157822 -1.09372e-05 -0.937356 -1.43694e-05 1.57072 -0.000426257
25.287 -0.938901 -0.937577 -0.00132429 12.6211 -1.00799e-05 0.00158264 -1.09419e-05 -0.937577 -1.44245e-05 1.57072 -0.000425421
25.288 -0.939118 -0.937797 -0.00132033 12.6249 -1.00857e-05 0.00158707 -1.09465e-05 -0.937797 -1.44796e-05 1.57072 -0.000424586
25.289 -0.939334 -0.938018 -0.00131636 12.6286 -1.00915e-05 0.00159149 -1.09512e-05 -0.938018 -1.45348e-05 1.57072 -0.000423751
25.29 -0.939551 -0.938238 -0.00131239 12.6324 -1.00972e-05 0.00159592 -1.09558e-05 -0.938238 -1.459e-05 1.57072 -0.000422918
25.291 -0.939767 -0.938458 -0.00130841 12.6362 -1.0103e-05 0.00160036 -1.09605e-05 -0.938458 -1.46452e-05 1.57072 -0.000422084
25.292 -0.939983 -0.938679 -0.00130443 12.6399 -1.01088e-05 0.00160479 -1.09652e-05 -0.938679 -1.47004e-05 1.57072 -0.000421251
25.293 -0.940199 -0.938899 -0.00130045 12.6437 -1.01146e-05 0.00160923 -1.09698e-05 -0.938899 -1.47557e-05 1.57072 -0.000420419
25.294 -0.940415 -0.939118 -0.00129646 12.6474 -1.01205e-05 0.00161367 -1.09745e-05 -0.939118 -1.4811e-05 1.57072 -0.000419587
25.295 -0.940631 -0.939338 -0.00129247 12.6512 -1.01263e-05 0.00161811 -1.09792e-05 -0.939338 -1.48664e-05 1.57072 -0.000418756
25.296 -0.940846 -0.939558 -0.00128848 12.6549 -1.01321e-05 0.00162256 -1.09839e-05 -0.939558 -1.49218e-05 1.57072 -0.000417925
25.297 -0.941062 -0.939777 -0.00128448 12.6587 -1.01379e-05 0.001627 -1.09886e-05 -0.939777 -1.49772e-05 1.57072 -0.000417095
25.298 -0.941277 -0.939996 -0.00128048 12.6624 -1.01437e-05 0.00163145 -1.09933e-05 -0.939996 -1.50327e-05 1.57072 -0.000416265
25.299 -0.941492 -0.940215 -0.00127647 12.6662 -1.01495e-05 0.0016359 -1.0998e-05 -0.940215 -1.50881e-05 1.57072 -0.000415436
25.3 -0.941707 -0.940434 -0.00127246 12.6699 -1.01553e-05 0.00164035 -1.10027e-05 -0.940434 -1.51436e-05 1.57072 -0.000414608
25.301 -0.941922 -0.940653 -0.00126845 12.6736 -1.01611e-05 0.00164481 -1.10074e-05 -0.940653 -1.51992e-05 1.57072 -0.00041378
25.302 -0.942136 -0.940872 -0.00126443 12.6774 -1.01669e-05 0.00164926 -1.10122e-05 -0.940872 -1.52547e-05 1.57072 -0.000412953
25.303 -0.942351 -0.94109 -0.00126041 12.6811 -1.01727e-05 0.00165372 -1.10169e-05 -0.94109 -1.53103e-05 1.57072 -0.000412126
25.304 -0.942565 -0.941309 -0.00125639 12.6848 -1.01785e-05 0.00165818 -1.10216e-05 -0.941309 -1.53659e-05 1.57072 -0.0004113
25.305 -0.942779 -0.941527 -0.00125236 12.6886 -1.01843e-05 0.00166264 -1.10263e-05 -0.941527 -1.54216e-05 1.57072 -0.000410474
25.306 -0.942994 -0.941745 -0.00124833 12.6923 -1.01901e-05 0.00166711 -1.1031e-05 -0.941745 -1.54773e-05 1.57072 -0.000409649
25.307 -0.943207 -0.941963 -0.0012443 12.696 -1.01959e-05 0.00167157 -1.10357e-05 -0.941963 -1.55329e-05 1.57072 -0.000408824
25.308 -0.943421 -0.942181 -0.00124026 12.6997 -1.02017e-05 0.00167604 -1.10404e-05 -0.942181 -1.55887e-05 1.57072 -0.000408
25.309 -0.943635 -0.942399 -0.00123622 12.7034 -1.02075e-05 0.00168051 -1.10451e-05 -0.942399 -1.56444e-05 1.57072 -0.000407177
25.31 -0.943848 -0.942616 -0.00123217 12.7072 -1.02133e-05 0.00168498 -1.10498e-05 -0.942616 -1.57002e-05 1.57072 -0.000406354
25.311 -0.944062 -0.942834 -0.00122813 12.7109 -1.0219e-05 0.00168945 -1.10545e-05 -0.942834 -1.5756e-05 1.57072 -0.000405532
25.312 -0.944275 -0.943051 -0.00122407 12.7146 -1.02248e-05 0.00169393 -1.10592e-05 -0.943051 -1.58118e-05 1.57071 -0.00040471
25.313 -0.944488 -0.943268 -0.00122002 12.7183 -1.02306e-05 0.0016984 -1.10639e-05 -0.943268 -1.58676e-05 1.57071 -0.000403889
25.314 -0.944701 -0.943485 -0.00121596 12.722 -1.02363e-05 0.00170288 -1.10686e-05 -0.943485 -1.59235e-05 1.57071 -0.000403068
25.315 -0.944913 -0.943702 -0.0012119 12.7257 -1.02421e-05 0.00170736 -1.10733e-05 -0.943702 -1.59794e-05 1.57071 -0.000402248
25.316 -0.945126 -0.943918 -0.00120783 12.7294 -1.02478e-05 0.00171183 -1.1078e-05 -0.943918 -1.60353e-05 1.57071 -0.000401429
25.317 -0.945338 -0.944135 -0.00120376 12.7331 -1.02535e-05 0.00171632 -1.10827e-05 -0.944135 -1.60912e-05 1.57071 -0.00040061
25.318 -0.945551 -0.944351 -0.00119969 12.7368 -1.02592e-05 0.0017208 -1.10873e-05 -0.944351 -1.61471e-05 1.57071 -0.000399791
25.319 -0.945763 -0.944567 -0.00119561 12.7405 -1.02649e-05 0.00172528 -1.1092e-05 -0.944567 -1.62031e-05 1.57071 -0.000398974
25.32 -0.945975 -0.944783 -0.00119154 12.7442 -1.02706e-05 0.00172976 -1.10966e-05 -0.944783 -1.62591e-05 1.57071 -0.000398156
25.321 -0.946187 -0.944999 -0.00118745 12.7478 -1.02763e-05 0.00173425 -1.11013e-05 -0.944999 -1.63151e-05 1.57071 -0.00039734
25.322 -0.946398 -0.945215 -0.00118337 12.7515 -1.0282e-05 0.00173874 -1.11059e-05 -0.945215 -1.63711e-05 1.57071 -0.000396524
25.323 -0.94661 -0.94543 -0.00117928 12.7552 -1.02876e-05 0.00174322 -1.11105e-05 -0.94543 -1.64271e-05 1.57071 -0.000395708
25.324 -0.946821 -0.945646 -0.00117519 12.7589 -1.02933e-05 0.00174771 -1.11152e-05 -0.945646 -1.64832e-05 1.57071 -0.000394893
25.325 -0.947032 -0.945861 -0.00117109 12.7625 -1.02989e-05 0.0017522 -1.11198e-05 -0.945861 -1.65393e-05 1.57071 -0.000394079
25.326 -0.947243 -0.946076 -0.00116699 12.7662 -1.03045e-05 0.00175669 -1.11244e-05 -0.946076 -1.65954e-05 1.57071 -0.000393265
25.327 -0.947454 -0.946291 -0.00116289 12.7699 -1.03102e-05 0.00176119 -1.11289e-05 -0.946291 -1.66515e-05 1.57071 -0.000392452
25.328 -0.947665 -0.946506 -0.00115879 12.7736 -1.03157e-05 0.00176568 -1.11335e-05 -0.946506 -1.67076e-05 1.57071 -0.00039164
25.329 -0.947876 -0.946721 -0.00115468 12.7772 -1.03213e-05 0.00177017 -1.11381e-05 -0.946721 -1.67637e-05 1.57071 -0.000390828
25.33 -0.948086 -0.946935 -0.00115057 12.7809 -1.03269e-05 0.00177467 -1.11426e-05 -0.946935 -1.68199e-05 1.57071 -0.000390016
25.331 -0.948296 -0.94715 -0.00114646 12.7845 -1.03324e-05 0.00177916 -1.11471e-05 -0.94715 -1.6876e-05 1.57071 -0.000389206
25.332 -0.948506 -0.947364 -0.00114234 12.7882 -1.0338e-05 0.00178366 -1.11517e-05 -0.947364 -1.69322e-05 1.57071 -0.000388395
25.333 -0.948716 -0.947578 -0.00113822 12.7918 -1.03435e-05 0.00178815 -1.11562e-05 -0.947578 -1.69884e-05 1.57071 -0.000387586
25.334 -0.948926 -0.947792 -0.0011341 12.7955 -1.0349e-05 0.00179265 -1.11607e-05 -0.947792 -1.70446e-05 1.57071 -0.000386777
25.335 -0.949136 -0.948006 -0.00112997 12.7991 -1.03545e-05 0.00179715 -1.11651e-05 -0.948006 -1.71008e-05 1.57071 -0.000385968
25.336 -0.949345 -0.948219 -0.00112584 12.8028 -1.03599e-05 0.00180165 -1.11696e-05 -0.948219 -1.7157e-05 1.57071 -0.00038516
25.337 -0.949555 -0.948433 -0.00112171 12.8064 -1.03654e-05 0.00180615 -1.1174e-05 -0.948433 -1.72132e-05 1.57071 -0.000384353
25.338 -0.949764 -0.948646 -0.00111757 12.8101 -1.03708e-05 0.00181065 -1.11785e-05 -0.948646 -1.72695e-05 1.57071 -0.000383546
25.339 -0.949973 -0.948859 -0.00111344 12.8137 -1.03762e-05 0.00181515 -1.11829e-05 -0.948859 -1.73257e-05 1.57071 -0.00038274
25.34 -0.950182 -0.949072 -0.0011093 12.8173 -1.03816e-05 0.00181965 -1.11873e-05 -0.949072 -1.7382e-05 1.57071 -0.000381934
25.341 -0.95039 -0.949285 -0.00110515 12.821 -1.03869e-05 0.00182415 -1.11916e-05 -0.949285 -1.74383e-05 1.57071 -0.00038113
25.342 -0.950599 -0.949498 -0.00110101 12.8246 -1.03923e-05 0.00182865 -1.1196e-05 -0.949498 -1.74946e-05 1.57071 -0.000380325
25.343 -0.950807 -0.94971 -0.00109686 12.8282 -1.03976e-05 0.00183315 -1.12003e-05 -0.94971 -1.75509e-05 1.57071 -0.000379521
25.344 -0.951016 -0.949923 -0.0010927 12.8318 -1.04029e-05 0.00183765 -1.12046e-05 -0.949923 -1.76071e-05 1.57071 -0.000378718
25.345 -0.951224 -0.950135 -0.00108855 12.8355 -1.04082e-05 0.00184215 -1.12089e-05 -0.950135 -1.76635e-05 1.57071 -0.000377916
25.346 -0.951432 -0.950347 -0.00108439 12.8391 -1.04134e-05 0.00184666 -1.12132e-05 -0.950347 -1.77198e-05 1.57071 -0.000377114
25.347 -0.951639 -0.950559 -0.00108023 12.8427 -1.04186e-05 0.00185116 -1.12175e-05 -0.950559 -1.77761e-05 1.5707 -0.000376312
25.348 -0.951847 -0.950771 -0.00107607 12.8463 -1.04238e-05 0.00185566 -1.12217e-05 -0.950771 -1.78324e-05 1.5707 -0.000375512
25.349 -0.952054 -0.950983 -0.0010719 12.8499 -1.0429e-05 0.00186017 -1.12259e-05 -0.950983 -1.78887e-05 1.5707 -0.000374711
25.35 -0.952262 -0.951194 -0.00106773 12.8535 -1.04342e-05 0.00186467 -1.12301e-05 -0.951194 -1.79451e-05 1.5707 -0.000373912
25.351 -0.952469 -0.951405 -0.00106356 12.8571 -1.04393e-05 0.00186917 -1.12343e-05 -0.951405 -1.80014e-05 1.5707 -0.000373113
25.352 -0.952676 -0.951616 -0.00105938 12.8607 -1.04444e-05 0.00187367 -1.12384e-05 -0.951616 -1.80577e-05 1.5707 -0.000372314
25.353 -0.952883 -0.951827 -0.00105521 12.8643 -1.04495e-05 0.00187818 -1.12425e-05 -0.951827 -1.81141e-05 1.5707 -0.000371517
25.354 -0.953089 -0.952038 -0.00105103 12.8679 -1.04546e-05 0.00188268 -1.12466e-05 -0.952038 -1.81704e-05 1.5707 -0.000370719
25.355 -0.953296 -0.952249 -0.00104685 12.8715 -1.04596e-05 0.00188718 -1.12507e-05 -0.952249 -1.82268e-05 1.5707 -0.000369923
25.356 -0.953502 -0.952459 -0.00104266 12.8751 -1.04646e-05 0.00189168 -1.12547e-05 -0.952459 -1.82831e-05 1.5707 -0.000369127
25.357 -0.953708 -0.95267 -0.00103847 12.8787 -1.04695e-05 0.00189619 -1.12588e-05 -0.95267 -1.83395e-05 1.5707 -0.000368331
25.358 -0.953914 -0.95288 -0.00103428 12.8822 -1.04745e-05 0.00190069 -1.12628e-05 -0.95288 -1.83959e-05 1.5707 -0.000367537
25.359 -0.95412 -0.95309 -0.00103009 12.8858 -1.04794e-05 0.00190519 -1.12667e-05 -0.95309 -1.84522e-05 1.5707 -0.000366743
25.36 -0.954326 -0.9533 -0.00102589 12.8894 -1.04843e-05 0.00190969 -1.12707e-05 -0.9533 -1.85086e-05 1.5707 -0.000365949
25.361 -0.954531 -0.95351 -0.0010217 12.893 -1.04891e-05 0.00191419 -1.12746e-05 -0.95351 -1.85649e-05 1.5707 -0.000365156
25.362 -0.954737 -0.953719 -0.0010175 12.8966 -1.0494e-05 0.00191869 -1.12784e-05 -0.953719 -1.86213e-05 1.5707 -0.000364364
25.363 -0.954942 -0.953929 -0.00101329 12.9001 -1.04988e-05 0.00192319 -1.12823e-05 -0.953929 -1.86776e-05 1.5707 -0.000363572
25.364 -0.955147 -0.954138 -0.00100909 12.9037 -1.05035e-05 0.00192769 -1.12861e-05 -0.954138 -1.8734e-05 1.5707 -0.000362781
25.365 -0.955352 -0.954347 -0.00100488 12.9072 -1.05082e-05 0.00193219 -1.12899e-05 -0.954347 -1.87903e-05 1.5707 -0.00036199
25.366 -0.955556 -0.954556 -0.00100067 12.9108 -1.05129e-05 0.00193669 -1.12937e-05 -0.954556 -1.88467e-05 1.5707 -0.000361201
25.367 -0.955761 -0.954765 -0.000996458 12.9144 -1.05176e-05 0.00194119 -1.12974e-05 -0.954765 -1.8903e-05 1.5707 -0.000360411
25.368 -0.955965 -0.954973 -0.000992243 12.9179 -1.05222e-05 0.00194569 -1.13011e-05 -0.954973 -1.89594e-05 1.5707 -0.000359623
25.369 -0.95617 -0.955182 -0.000988025 12.9215 -1.05268e-05 0.00195018 -1.13048e-05 -0.955182 -1.90157e-05 1.5707 -0.000358835
25.37 -0.956374 -0.95539 -0.000983806 12.925 -1.05314e-05 0.00195468 -1.13084e-05 -0.95539 -1.90721e-05 1.5707 -0.000358047
25.371 -0.956578 -0.955598 -0.000979583 12.9286 -1.05359e-05 0.00195918 -1.1312e-05 -0.955598 -1.91284e-05 1.5707 -0.00035726
25.372 -0.956781 -0.955806 -0.000975359 12.9321 -1.05404e-05 0.00196367 -1.13156e-05 -0.955806 -1.91847e-05 1.5707 -0.000356474
25.373 -0.956985 -0.956014 -0.000971132 12.9356 -1.05449e-05 0.00196816 -1.13192e-05 -0.956014 -1.9241e-05 1.5707 -0.000355689
25.374 -0.957188 -0.956221 -0.000966903 12.9392 -1.05493e-05 0.00197266 -1.13227e-05 -0.956221 -1.92973e-05 1.5707 -0.000354904
25.375 -0.957391 -0.956429 -0.000962672 12.9427 -1.05537e-05 0.00197715 -1.13262e-05 -0.956429 -1.93537e-05 1.5707 -0.000354119
25.376 -0.957595 -0.956636 -0.000958438 12.9462 -1.05581e-05 0.00198164 -1.13296e-05 -0.956636 -1.941e-05 1.5707 -0.000353336
25.377 -0.957797 -0.956843 -0.000954202 12.9498 -1.05624e-05 0.00198613 -1.1333e-05 -0.956843 -1.94663e-05 1.5707 -0.000352553
25.378 -0.958 -0.95705 -0.000949964 12.9533 -1.05667e-05 0.00199062 -1.13364e-05 -0.95705 -1.95225e-05 1.5707 -0.00035177
25.379 -0.958203 -0.957257 -0.000945723 12.9568 -1.05709e-05 0.00199511 -1.13397e-05 -0.957257 -1.95788e-05 1.5707 -0.000350988
25.38 -0.958405 -0.957464 -0.000941481 12.9603 -1.05751e-05 0.0019996 -1.1343e-05 -0.957464 -1.96351e-05 1.5707 -0.000350207
25.381 -0.958607 -0.95767 -0.000937236 12.9639 -1.05793e-05 0.00200409 -1.13463e-05 -0.95767 -1.96913e-05 1.5707 -0.000349426
25.382 -0.958809 -0.957876 -0.000932989 12.9674 -1.05834e-05 0.00200857 -1.13495e-05 -0.957876 -1.97476e-05 1.57069 -0.000348646
25.383 -0.959011 -0.958083 -0.00092874 12.9709 -1.05875e-05 0.00201306 -1.13527e-05 -0.958083 -1.98038e-05 1.57069 -0.000347867
25.384 -0.959213 -0.958289 -0.000924489 12.9744 -1.05916e-05 0.00201754 -1.13558e-05 -0.958289 -1.98601e-05 1.57069 -0.000347088
25.385 -0.959415 -0.958494 -0.000920235 12.9779 -1.05956e-05 0.00202202 -1.13589e-05 -0.958494 -1.99163e-05 1.57069 -0.00034631
25.386 -0.959616 -0.9587 -0.00091598 12.9814 -1.05996e-05 0.0020265 -1.1362e-05 -0.9587 -1.99725e-05 1.57069 -0.000345533
25.387 -0.959817 -0.958906 -0.000911722 12.9849 -1.06035e-05 0.00203098 -1.13651e-05 -0.958906 -2.00287e-05 1.57069 -0.000344756
25.388 -0.960018 -0.959111 -0.000907463 12.9884 -1.06074e-05 0.00203546 -1.1368e-05 -0.959111 -2.00849e-05 1.57069 -0.00034398
25.389 -0.960219 -0.959316 -0.000903201 12.9919 -1.06112e-05 0.00203994 -1.1371e-05 -0.959316 -2.01411e-05 1.57069 -0.000343204
25.39 -0.96042 -0.959521 -0.000898937 12.9954 -1.0615e-05 0.00204441 -1.13739e-05 -0.959521 -2.01972e-05 1.57069 -0.00034243
25.391 -0.960621 -0.959726 -0.000894672 12.9989 -1.06188e-05 0.00204889 -1.13768e-05 -0.959726 -2.02534e-05 1.57069 -0.000341655
25.392 -0.960821 -0.959931 -0.000890404 13.0023 -1.06225e-05 0.00205336 -1.13796e-05 -0.959931 -2.03095e-05 1.57069 -0.000340882
25.393 -0.961021 -0.960135 -0.000886134 13.0058 -1.06262e-05 0.00205783 -1.13824e-05 -0.960135 -2.03656e-05 1.57069 -0.000340109
25.394 -0.961221 -0.960339 -0.000881863 13.0093 -1.06298e-05 0.0020623 -1.13852e-05 -0.960339 -2.04217e-05 1.57069 -0.000339336
25.395 -0.961421 -0.960544 -0.000877589 13.0128 -1.06334e-05 0.00206677 -1.13879e-05 -0.960544 -2.04778e-05 1.57069 -0.000338565
25.396 -0.961621 -0.960748 -0.000873313 13.0162 -1.06369e-05 0.00207124 -1.13905e-05 -0.960748 -2.05339e-05 1.57069 -0.000337793
25.397 -0.96182 -0.960951 -0.000869036 13.0197 -1.06404e-05 0.0020757 -1.13932e-05 -0.960951 -2.059e-05 1.57069 -0.000337023
25.398 -0.96202 -0.961155 -0.000864757 13.0232 -1.06439e-05 0.00208016 -1.13957e-05 -0.961155 -2.0646e-05 1.57069 -0.000336253
25.399 -0.962219 -0.961359 -0.000860475 13.0266 -1.06473e-05 0.00208463 -1.13983e-05 -0.961359 -2.0702e-05 1.57069 -0.000335484
25.4 -0.962418 -0.961562 -0.000856192 13.0301 -1.06507e-05 0.00208909 -1.14008e-05 -0.961562 -2.0758e-05 1.57069 -0.000334716
25.401 -0.962617 -0.961765 -0.000851907 13.0336 -1.0654e-05 0.00209355 -1.14032e-05 -0.961765 -2.0814e-05 1.57069 -0.000333948
25.402 -0.962816 -0.961968 -0.000847621 13.037 -1.06573e-05 0.002098 -1.14056e-05 -0.961968 -2.087e-05 1.57069 -0.00033318
25.403 -0.963014 -0.962171 -0.000843332 13.0405 -1.06605e-05 0.00210246 -1.14079e-05 -0.962171 -2.0926e-05 1.57069 -0.000332414
25.404 -0.963212 -0.962373 -0.000839041 13.0439 -1.06637e-05 0.00210691 -1.14102e-05 -0.962373 -2.09819e-05 1.57069 -0.000331648
25.405 -0.963411 -0.962576 -0.000834749 13.0474 -1.06668e-05 0.00211136 -1.14125e-05 -0.962576 -2.10378e-05 1.57069 -0.000330883
25.406 -0.963609 -0.962778 -0.000830455 13.0508 -1.06699e-05 0.00211581 -1.14147e-05 -0.962778 -2.10937e-05 1.57069 -0.000330118
25.407 -0.963806 -0.96298 -0.00082616 13.0542 -1.06729e-05 0.00212026 -1.14169e-05 -0.96298 -2.11496e-05 1.57069 -0.000329354
25.408 -0.964004 -0.963182 -0.000821862 13.0577 -1.06759e-05 0.0021247 -1.1419e-05 -0.963182 -2.12055e-05 1.57069 -0.000328591
25.409 -0.964202 -0.963384 -0.000817563 13.0611 -1.06788e-05 0.00212915 -1.14211e-05 -0.963384 -2.12613e-05 1.57069 -0.000327828
25.41 -0.964399 -0.963586 -0.000813262 13.0645 -1.06817e-05 0.00213359 -1.14231e-05 -0.963586 -2.13172e-05 1.57069 -0.000327066
25.411 -0.964596 -0.963787 -0.000808959 13.068 -1.06845e-05 0.00213803 -1.14251e-05 -0.963787 -2.1373e-05 1.57069 -0.000326305
25.412 -0.964793 -0.963988 -0.000804655 13.0714 -1.06873e-05 0.00214247 -1.1427e-05 -0.963988 -2.14287e-05 1.57069 -0.000325544
25.413 -0.96499 -0.964189 -0.000800349 13.0748 -1.069e-05 0.0021469 -1.14289e-05 -0.964189 -2.14845e-05 1.57069 -0.000324784
25.414 -0.965186 -0.96439 -0.000796041 13.0782 -1.06927e-05 0.00215134 -1.14307e-05 -0.96439 -2.15402e-05 1.57069 -0.000324024
25.415 -0.965383 -0.964591 -0.000791732 13.0816 -1.06953e-05 0.00215577 -1.14325e-05 -0.964591 -2.15959e-05 1.57069 -0.000323266
25.416 -0.965579 -0.964792 -0.000787421 13.085 -1.06979e-05 0.0021602 -1.14342e-05 -0.964792 -2.16516e-05 1.57068 -0.000322508
25.417 -0.965775 -0.964992 -0.000783109 13.0885 -1.07004e-05 0.00216462 -1.14359e-05 -0.964992 -2.17073e-05 1.57068 -0.00032175
25.418 -0.965971 -0.965192 -0.000778794 13.0919 -1.07029e-05 0.00216905 -1.14375e-05 -0.965192 -2.17629e-05 1.57068 -0.000320993
25.419 -0.966167 -0.965392 -0.000774479 13.0953 -1.07053e-05 0.00217347 -1.1439e-05 -0.965392 -2.18186e-05 1.57068 -0.000320237
25.42 -0.966362 -0.965592 -0.000770162 13.0987 -1.07077e-05 0.00217789 -1.14406e-05 -0.965592 -2.18742e-05 1.57068 -0.000319482
25.421 -0.966558 -0.965792 -0.000765843 13.1021 -1.071e-05 0.00218231 -1.1442e-05 -0.965792 -2.19297e-05 1.57068 -0.000318727
25.422 -0.966753 -0.965992 -0.000761522 13.1054 -1.07123e-05 0.00218672 -1.14434e-05 -0.965992 -2.19853e-05 1.57068 -0.000317973
25.423 -0.966948 -0.966191 -0.000757201 13.1088 -1.07145e-05 0.00219114 -1.14448e-05 -0.966191 -2.20408e-05 1.57068 -0.000317219
25.424 -0.967143 -0.96639 -0.000752877 13.1122 -1.07166e-05 0.00219555 -1.14461e-05 -0.96639 -2.20963e-05 1.57068 -0.000316466
25.425 -0.967338 -0.966589 -0.000748553 13.1156 -1.07187e-05 0.00219995 -1.14474e-05 -0.966589 -2.21518e-05 1.57068 -0.000315714
25.426 -0.967532 -0.966788 -0.000744226 13.119 -1.07207e-05 0.00220436 -1.14485e-05 -0.966788 -2.22072e-05 1.57068 -0.000314963
25.427 -0.967726 -0.966987 -0.000739899 13.1224 -1.07227e-05 0.00220876 -1.14497e-05 -0.966987 -2.22626e-05 1.57068 -0.000314212
25.428 -0.967921 -0.967185 -0.000735569 13.1257 -1.07247e-05 0.00221316 -1.14508e-05 -0.967185 -2.2318e-05 1.57068 -0.000313462
25.429 -0.968115 -0.967383 -0.000731239 13.1291 -1.07265e-05 0.00221756 -1.14518e-05 -0.967383 -2.23734e-05 1.57068 -0.000312712
25.43 -0.968308 -0.967582 -0.000726907 13.1325 -1.07283e-05 0.00222196 -1.14528e-05 -0.967582 -2.24287e-05 1.57068 -0.000311964
25.431 -0.968502 -0.967779 -0.000722573 13.1358 -1.07301e-05 0.00222635 -1.14537e-05 -0.967779 -2.2484e-05 1.57068 -0.000311215
25.432 -0.968695 -0.967977 -0.000718238 13.1392 -1.07318e-05 0.00223074 -1.14546e-05 -0.967977 -2.25393e-05 1.57068 -0.000310468
25.433 -0.968889 -0.968175 -0.000713902 13.1426 -1.07334e-05 0.00223513 -1.14554e-05 -0.968175 -2.25945e-05 1.57068 -0.000309721
25.434 -0.969082 -0.968372 -0.000709565 13.1459 -1.0735e-05 0.00223951 -1.14561e-05 -0.968372 -2.26497e-05 1.57068 -0.000308975
25.435 -0.969275 -0.96857 -0.000705226 13.1493 -1.07365e-05 0.00224389 -1.14568e-05 -0.96857 -2.27049e-05 1.57068 -0.00030823
25.436 -0.969467 -0.968767 -0.000700886 13.1526 -1.0738e-05 0.00224827 -1.14574e-05 -0.968767 -2.27601e-05 1.57068 -0.000307485
25.437 -0.96966 -0.968963 -0.000696544 13.156 -1.07394e-05 0.00225265 -1.1458e-05 -0.968963 -2.28152e-05 1.57068 -0.000306741
25.438 -0.969852 -0.96916 -0.000692201 13.1593 -1.07408e-05 0.00225702 -1.14585e-05 -0.96916 -2.28703e-05 1.57068 -0.000305997
25.439 -0.970045 -0.969357 -0.000687857 13.1626 -1.0742e-05 0.00226139 -1.1459e-05 -0.969357 -2.29253e-05 1.57068 -0.000305255
25.44 -0.970237 -0.969553 -0.000683512 13.166 -1.07433e-05 0.00226576 -1.14594e-05 -0.969553 -2.29804e-05 1.57068 -0.000304512
25.441 -0.970428 -0.969749 -0.000679165 13.1693 -1.07444e-05 0.00227012 -1.14597e-05 -0.969749 -2.30354e-05 1.57068 -0.000303771
25.442 -0.97062 -0.969945 -0.000674817 13.1726 -1.07455e-05 0.00227449 -1.146e-05 -0.969945 -2.30903e-05 1.57068 -0.00030303
25.443 -0.970812 -0.970141 -0.000670468 13.176 -1.07466e-05 0.00227885 -1.14602e-05 -0.970141 -2.31453e-05 1.57068 -0.00030229
25.444 -0.971003 -0.970337 -0.000666118 13.1793 -1.07476e-05 0.0022832 -1.14604e-05 -0.970337 -2.32002e-05 1.57068 -0.000301551
25.445 -0.971194 -0.970532 -0.000661766 13.1826 -1.07485e-05 0.00228755 -1.14605e-05 -0.970532 -2.3255e-05 1.57068 -0.000300812
25.446 -0.971385 -0.970727 -0.000657413 13.1859 -1.07494e-05 0.0022919 -1.14605e-05 -0.970727 -2.33099e-05 1.57068 -0.000300074
25.447 -0.971576 -0.970923 -0.000653059 13.1892 -1.07502e-05 0.00229625 -1.14605e-05 -0.970923 -2.33647e-05 1.57068 -0.000299337
25.448 -0.971766 -0.971117 -0.000648704 13.1925 -1.07509e-05 0.00230059 -1.14604e-05 -0.971117 -2.34194e-05 1.57068 -0.0002986
25.449 -0.971957 -0.971312 -0.000644348 13.1959 -1.07516e-05 0.00230494 -1.14603e-05 -0.971312 -2.34742e-05 1.57068 -0.000297865
25.45 -0.972147 -0.971507 -0.000639991 13.1992 -1.07522e-05 0.00230927 -1.14601e-05 -0.971507 -2.35288e-05 1.57068 -0.000297129
25.451 -0.972337 -0.971701 -0.000635632 13.2025 -1.07527e-05 0.00231361 -1.14598e-05 -0.971701 -2.35835e-05 1.57067 -0.000296395
25.452 -0.972527 -0.971895 -0.000631272 13.2058 -1.07532e-05 0.00231794 -1.14595e-05 -0.971895 -2.36381e-05 1.57067 -0.000295661
25.453 -0.972716 -0.972089 -0.000626912 13.2091 -1.07536e-05 0.00232227 -1.14591e-05 -0.972089 -2.36927e-05 1.57067 -0.000294928
25.454 -0.972906 -0.972283 -0.00062255 13.2123 -1.0754e-05 0.00232659 -1.14586e-05 -0.972283 -2.37473e-05 1.57067 -0.000294195
25.455 -0.973095 -0.972477 -0.000618187 13.2156 -1.07543e-05 0.00233091 -1.14581e-05 -0.972477 -2.38018e-05 1.57067 -0.000293463
25.456 -0.973284 -0.97267 -0.000613823 13.2189 -1.07545e-05 0.00233523 -1.14575e-05 -0.97267 -2.38563e-05 1.57067 -0.000292732
25.457 -0.973473 -0.972863 -0.000609458 13.2222 -1.07547e-05 0.00233955 -1.14568e-05 -0.972863 -2.39107e-05 1.57067 -0.000292002
25.458 -0.973662 -0.973057 -0.000605092 13.2255 -1.07548e-05 0.00234386 -1.14561e-05 -0.973057 -2.39651e-05 1.57067 -0.000291272
25.459 -0.97385 -0.97325 -0.000600725 13.2288 -1.07548e-05 0.00234817 -1.14553e-05 -0.97325 -2.40195e-05 1.57067 -0.000290543
25.46 -0.974039 -0.973442 -0.000596357 13.232 -1.07548e-05 0.00235247 -1.14545e-05 -0.973442 -2.40738e-05 1.57067 -0.000289815
25.461 -0.974227 -0.973635 -0.000591987 13.2353 -1.07546e-05 0.00235677 -1.14536e-05 -0.973635 -2.41281e-05 1.57067 -0.000289087
25.462 -0.974415 -0.973827 -0.000587617 13.2386 -1.07545e-05 0.00236107 -1.14526e-05 -0.973827 -2.41824e-05 1.57067 -0.00028836
25.463 -0.974603 -0.974019 -0.000583246 13.2418 -1.07542e-05 0.00236536 -1.14516e-05 -0.974019 -2.42366e-05 1.57067 -0.000287634
25.464 -0.97479 -0.974211 -0.000578874 13.2451 -1.07539e-05 0.00236966 -1.14504e-05 -0.974211 -2.42908e-05 1.57067 -0.000286909
25.465 -0.974978 -0.974403 -0.000574501 13.2483 -1.07536e-05 0.00237394 -1.14493e-05 -0.974403 -2.43449e-05 1.57067 -0.000286184
25.466 -0.975165 -0.974595 -0.000570127 13.2516 -1.07531e-05 0.00237823 -1.1448e-05 -0.974595 -2.4399e-05 1.57067 -0.00028546
25.467 -0.975352 -0.974786 -0.000565752 13.2548 -1.07526e-05 0.00238251 -1.14467e-05 -0.974786 -2.4453e-05 1.57067 -0.000284736
25.468 -0.975539 -0.974977 -0.000561377 13.2581 -1.07521e-05 0.00238678 -1.14453e-05 -0.974977 -2.45071e-05 1.57067 -0.000284014
25.469 -0.975725 -0.975168 -0.000557 13.2613 -1.07514e-05 0.00239106 -1.14439e-05 -0.975168 -2.4561e-05 1.57067 -0.000283291
25.47 -0.975912 -0.975359 -0.000552622 13.2646 -1.07507e-05 0.00239533 -1.14424e-05 -0.975359 -2.4615e-05 1.57067 -0.00028257
25.471 -0.976098 -0.97555 -0.000548244 13.2678 -1.07499e-05 0.00239959 -1.14408e-05 -0.97555 -2.46689e-05 1.57067 -0.00028185
25.472 -0.976284 -0.975741 -0.000543865 13.271 -1.07491e-05 0.00240385 -1.14391e-05 -0.975741 -2.47227e-05 1.57067 -0.00028113
25.473 -0.97647 -0.975931 -0.000539484 13.2743 -1.07482e-05 0.00240811 -1.14374e-05 -0.975931 -2.47765e-05 1.57067 -0.00028041
25.474 -0.976656 -0.976121 -0.000535103 13.2775 -1.07472e-05 0.00241237 -1.14356e-05 -0.976121 -2.48303e-05 1.57067 -0.000279692
25.475 -0.976842 -0.976311 -0.000530721 13.2807 -1.07461e-05 0.00241662 -1.14338e-05 -0.976311 -2.4884e-05 1.57067 -0.000278974
25.476 -0.977027 -0.976501 -0.000526339 13.2839 -1.0745e-05 0.00242087 -1.14318e-05 -0.976501 -2.49377e-05 1.57067 -0.000278257
25.477 -0.977212 -0.97669 -0.000521955 13.2872 -1.07438e-05 0.00242511 -1.14298e-05 -0.97669 -2.49913e-05 1.57067 -0.000277541
25.478 -0.977397 -0.97688 -0.000517571 13.2904 -1.07425e-05 0.00242935 -1.14278e-05 -0.97688 -2.50449e-05 1.57067 -0.000276825
25.479 -0.977582 -0.977069 -0.000513186 13.2936 -1.07412e-05 0.00243359 -1.14256e-05 -0.977069 -2.50985e-05 1.57067 -0.00027611
25.48 -0.977767 -0.977258 -0.0005088 13.2968 -1.07398e-05 0.00243782 -1.14234e-05 -0.977258 -2.5152e-05 1.57067 -0.000275396
25.481 -0.977951 -0.977447 -0.000504413 13.3 -1.07383e-05 0.00244205 -1.14211e-05 -0.977447 -2.52054e-05 1.57067 -0.000274683
25.482 -0.978135 -0.977635 -0.000500026 13.3032 -1.07368e-05 0.00244627 -1.14188e-05 -0.977635 -2.52589e-05 1.57067 -0.00027397
25.483 -0.978319 -0.977824 -0.000495638 13.3064 -1.07351e-05 0.00245049 -1.14164e-05 -0.977824 -2.53122e-05 1.57067 -0.000273258
25.484 -0.978503 -0.978012 -0.000491249 13.3096 -1.07335e-05 0.00245471 -1.14139e-05 -0.978012 -2.53656e-05 1.57067 -0.000272546
25.485 -0.978687 -0.9782 -0.000486859 13.3128 -1.07317e-05 0.00245892 -1.14113e-05 -0.9782 -2.54189e-05 1.57067 -0.000271836
25.486 -0.97887 -0.978388 -0.000482469 13.316 -1.07298e-05 0.00246313 -1.14087e-05 -0.978388 -2.54721e-05 1.57066 -0.000271126
25.487 -0.979054 -0.978575 -0.000478078 13.3192 -1.07279e-05 0.00246733 -1.14059e-05 -0.978575 -2.55253e-05 1.57066 -0.000270417
25.488 -0.979237 -0.978763 -0.000473686 13.3223 -1.0726e-05 0.00247153 -1.14032e-05 -0.978763 -2.55784e-05 1.57066 -0.000269708
25.489 -0.97942 -0.97895 -0.000469294 13.3255 -1.07239e-05 0.00247573 -1.14003e-05 -0.97895 -2.56315e-05 1.57066 -0.000269
25.49 -0.979602 -0.979137 -0.0004649 13.3287 -1.07218e-05 0.00247992 -1.13974e-05 -0.979137 -2.56846e-05 1.57066 -0.000268293
25.491 -0.979785 -0.979324 -0.000460507 13.3319 -1.07196e-05 0.00248411 -1.13944e-05 -0.979324 -2.57376e-05 1.57066 -0.000267587
25.492 -0.979967 -0.979511 -0.000456112 13.335 -1.07173e-05 0.0024883 -1.13913e-05 -0.979511 -2.57906e-05 1.57066 -0.000266882
25.493 -0.980149 -0.979697 -0.000451717 13.3382 -1.07149e-05 0.00249248 -1.13882e-05 -0.979697 -2.58435e-05 1.57066 -0.000266177
25.494 -0.980331 -0.979884 -0.000447322 13.3414 -1.07125e-05 0.00249665 -1.13849e-05 -0.979884 -2.58964e-05 1.57066 -0.000265473
25.495 -0.980513 -0.98007 -0.000442925 13.3445 -1.071e-05 0.00250082 -1.13816e-05 -0.98007 -2.59492e-05 1.57066 -0.000264769
25.496 -0.980694 -0.980256 -0.000438528 13.3477 -1.07074e-05 0.00250499 -1.13783e-05 -0.980256 -2.6002e-05 1.57066 -0.000264066
25.497 -0.980876 -0.980442 -0.000434131 13.3508 -1.07048e-05 0.00250916 -1.13748e-05 -0.980442 -2.60547e-05 1.57066 -0.000263365
25.498 -0.981057 -0.980627 -0.000429733 13.354 -1.07021e-05 0.00251331 -1.13713e-05 -0.980627 -2.61074e-05 1.57066 -0.000262663
25.499 -0.981238 -0.980813 -0.000425334 13.3571 -1.06993e-05 0.00251747 -1.13677e-05 -0.980813 -2.616e-05 1.57066 -0.000261963
25.5 -0.981419 -0.980998 -0.000420935 13.3602 -1.06964e-05 0.00252162 -1.1364e-05 -0.980998 -2.62126e-05 1.57066 -0.000261263
25.501 -0.981599 -0.981183 -0.000416535 13.3634 -1.06934e-05 0.00252577 -1.13603e-05 -0.981183 -2.62651e-05 1.57066 -0.000260564
25.502 -0.98178 -0.981368 -0.000412135 13.3665 -1.06904e-05 0.00252991 -1.13565e-05 -0.981368 -2.63176e-05 1.57066 -0.000259866
25.503 -0.98196 -0.981552 -0.000407734 13.3697 -1.06873e-05 0.00253405 -1.13526e-05 -0.981552 -2.637e-05 1.57066 -0.000259168
25.504 -0.98214 -0.981737 -0.000403332 13.3728 -1.06841e-05 0.00253818 -1.13486e-05 -0.981737 -2.64224e-05 1.57066 -0.000258471
25.505 -0.98232 -0.981921 -0.00039893 13.3759 -1.06809e-05 0.00254231 -1.13446e-05 -0.981921 -2.64747e-05 1.57066 -0.000257775
25.506 -0.982499 -0.982105 -0.000394528 13.379 -1.06776e-05 0.00254644 -1.13405e-05 -0.982105 -2.6527e-05 1.57066 -0.00025708
25.507 -0.982679 -0.982289 -0.000390125 13.3821 -1.06742e-05 0.00255056 -1.13363e-05 -0.982289 -2.65792e-05 1.57066 -0.000256385
25.508 -0.982858 -0.982472 -0.000385721 13.3853 -1.06707e-05 0.00255467 -1.1332e-05 -0.982472 -2.66314e-05 1.57066 -0.000255692
25.509 -0.983037 -0.982656 -0.000381317 13.3884 -1.06671e-05 0.00255878 -1.13276e-05 -0.982656 -2.66835e-05 1.57066 -0.000254998
25.51 -0.983216 -0.982839 -0.000376913 13.3915 -1.06635e-05 0.00256289 -1.13232e-05 -0.982839 -2.67356e-05 1.57066 -0.000254306
25.511 -0.983394 -0.983022 -0.000372508 13.3946 -1.06598e-05 0.002567 -1.13187e-05 -0.983022 -2.67876e-05 1.57066 -0.000253614
25.512 -0.983573 -0.983205 -0.000368102 13.3977 -1.0656e-05 0.00257109 -1.13141e-05 -0.983205 -2.68396e-05 1.57066 -0.000252923
25.513 -0.983751 -0.983387 -0.000363696 13.4008 -1.06521e-05 0.00257519 -1.13094e-05 -0.983387 -2.68916e-05 1.57066 -0.000252233
25.514 -0.983929 -0.98357 -0.00035929 13.4039 -1.06482e-05 0.00257928 -1.13047e-05 -0.98357 -2.69434e-05 1.57066 -0.000251544
25.515 -0.984107 -0.983752 -0.000354883 13.407 -1.06441e-05 0.00258336 -1.12999e-05 -0.983752 -2.69952e-05 1.57066 -0.000250855
25.516 -0.984285 -0.983934 -0.000350476 13.4101 -1.064e-05 0.00258744 -1.1295e-05 -0.983934 -2.7047e-05 1.57066 -0.000250167
25.517 -0.984462 -0.984116 -0.000346069 13.4131 -1.06358e-05 0.00259152 -1.129e-05 -0.984116 -2.70987e-05 1.57066 -0.00024948
25.518 -0.984639 -0.984298 -0.000341661 13.4162 -1.06316e-05 0.00259559 -1.1285e-05 -0.984298 -2.71504e-05 1.57066 -0.000248794
25.519 -0.984816 -0.984479 -0.000337252 13.4193 -1.06273e-05 0.00259966 -1.12798e-05 -0.984479 -2.7202e-05 1.57066 -0.000248108
25.52 -0.984993 -0.98466 -0.000332843 13.4224 -1.06228e-05 0.00260372 -1.12746e-05 -0.98466 -2.72536e-05 1.57066 -0.000247423
25.521 -0.98517 -0.984841 -0.000328434 13.4254 -1.06183e-05 0.00260778 -1.12694e-05 -0.984841 -2.73051e-05 1.57066 -0.000246739
25.522 -0.985346 -0.985022 -0.000324025 13.4285 -1.06138e-05 0.00261183 -1.1264e-05 -0.985022 -2.73565e-05 1.57065 -0.000246055
25.523 -0.985522 -0.985203 -0.000319615 13.4316 -1.06091e-05 0.00261588 -1.12585e-05 -0.985203 -2.74079e-05 1.57065 -0.000245373
25.524 -0.985699 -0.985383 -0.000315204 13.4346 -1.06044e-05 0.00261992 -1.1253e-05 -0.985383 -2.74593e-05 1.57065 -0.000244691
25.525 -0.985874 -0.985564 -0.000310794 13.4377 -1.05996e-05 0.00262396 -1.12474e-05 -0.985564 -2.75105e-05 1.57065 -0.00024401
25.526 -0.98605 -0.985744 -0.000306383 13.4407 -1.05947e-05 0.002628 -1.12417e-05 -0.985744 -2.75618e-05 1.57065 -0.000243329
25.527 -0.986225 -0.985923 -0.000301971 13.4438 -1.05897e-05 0.00263203 -1.1236e-05 -0.985923 -2.7613e-05 1.57065 -0.00024265
25.528 -0.986401 -0.986103 -0.00029756 13.4468 -1.05847e-05 0.00263605 -1.12301e-05 -0.986103 -2.76641e-05 1.57065 -0.000241971
25.529 -0.986576 -0.986283 -0.000293148 13.4499 -1.05795e-05 0.00264007 -1.12242e-05 -0.986283 -2.77152e-05 1.57065 -0.000241293
25.53 -0.986751 -0.986462 -0.000288735 13.4529 -1.05743e-05 0.00264409 -1.12182e-05 -0.986462 -2.77662e-05 1.57065 -0.000240615
25.531 -0.986925 -0.986641 -0.000284323 13.456 -1.0569e-05 0.0026481 -1.12121e-05 -0.986641 -2.78171e-05 1.57065 -0.000239938
25.532 -0.9871 -0.98682 -0.00027991 13.459 -1.05637e-05 0.00265211 -1.1206e-05 -0.98682 -2.7868e-05 1.57065 -0.000239263
25.533 -0.987274 -0.986998 -0.000275497 13.462 -1.05582e-05 0.00265611 -1.11997e-05 -0.986998 -2.79189e-05 1.57065 -0.000238588
25.534 -0.987448 -0.987177 -0.000271083 13.465 -1.05527e-05 0.0026601 -1.11934e-05 -0.987177 -2.79697e-05 1.57065 -0.000237913
25.535 -0.987622 -0.987355 -0.000266669 13.4681 -1.05471e-05 0.0026641 -1.1187e-05 -0.987355 -2.80204e-05 1.57065 -0.00023724
25.536 -0.987795 -0.987533 -0.000262255 13.4711 -1.05414e-05 0.00266808 -1.11805e-05 -0.987533 -2.80711e-05 1.57065 -0.000236567
25.537 -0.987969 -0.987711 -0.000257841 13.4741 -1.05356e-05 0.00267207 -1.1174e-05 -0.987711 -2.81217e-05 1.57065 -0.000235895
25.538 -0.988142 -0.987889 -0.000253426 13.4771 -1.05297e-05 0.00267604 -1.11673e-05 -0.987889 -2.81723e-05 1.57065 -0.000235223
25.539 -0.988315 -0.988066 -0.000249011 13.4801 -1.05238e-05 0.00268002 -1.11606e-05 -0.988066 -2.82228e-05 1.57065 -0.000234553
25.54 -0.988488 -0.988243 -0.000244596 13.4831 -1.05178e-05 0.00268398 -1.11538e-05 -0.988243 -2.82733e-05 1.57065 -0.000233883
25.541 -0.988661 -0.98842 -0.000240181 13.4861 -1.05117e-05 0.00268795 -1.11469e-05 -0.98842 -2.83237e-05 1.57065 -0.000233214
25.542 -0.988833 -0.988597 -0.000235765 13.4891 -1.05055e-05 0.0026919 -1.11399e-05 -0.988597 -2.8374e-05 1.57065 -0.000232546
25.543 -0.989005 -0.988774 -0.00023135 13.4921 -1.04993e-05 0.00269586 -1.11329e-05 -0.988774 -2.84243e-05 1.57065 -0.000231878
25.544 -0.989177 -0.98895 -0.000226934 13.4951 -1.04929e-05 0.00269981 -1.11257e-05 -0.98895 -2.84745e-05 1.57065 -0.000231212
25.545 -0.989349 -0.989126 -0.000222518 13.4981 -1.04865e-05 0.00270375 -1.11185e-05 -0.989126 -2.85247e-05 1.57065 -0.000230546
25.546 -0.989521 -0.989302 -0.000218101 13.5011 -1.048e-05 0.00270769 -1.11112e-05 -0.989302 -2.85748e-05 1.57065 -0.000229881
25.547 -0.989692 -0.989478 -0.000213685 13.5041 -1.04734e-05 0.00271162 -1.11038e-05 -0.989478 -2.86249e-05 1.57065 -0.000229216
25.548 -0.989863 -0.989654 -0.000209268 13.5071 -1.04667e-05 0.00271555 -1.10964e-05 -0.989654 -2.86748e-05 1.57065 -0.000228553
25.549 -0.990034 -0.989829 -0.000204851 13.51 -1.046e-05 0.00271947 -1.10888e-05 -0.989829 -2.87248e-05 1.57065 -0.00022789
25.55 -0.990205 -0.990004 -0.000200434 13.513 -1.04531e-05 0.00272339 -1.10812e-05 -0.990004 -2.87747e-05 1.57065 -0.000227228
25.551 -0.990375 -0.990179 -0.000196016 13.516 -1.04462e-05 0.0027273 -1.10735e-05 -0.990179 -2.88245e-05 1.57065 -0.000226567
25.552 -0.990546 -0.990354 -0.000191599 13.5189 -1.04392e-05 0.00273121 -1.10657e-05 -0.990354 -2.88743e-05 1.57065 -0.000225906
25.553 -0.990716 -0.990529 -0.000187181 13.5219 -1.04321e-05 0.00273512 -1.10578e-05 -0.990529 -2.8924e-05 1.57065 -0.000225246
25.554 -0.990886 -0.990703 -0.000182763 13.5249 -1.0425e-05 0.00273902 -1.10499e-05 -0.990703 -2.89736e-05 1.57065 -0.000224587
25.555 -0.991056 -0.990877 -0.000178345 13.5278 -1.04177e-05 0.00274291 -1.10418e-05 -0.990877 -2.90232e-05 1.57065 -0.000223929
25.556 -0.991225 -0.991051 -0.000173927 13.5308 -1.04104e-05 0.0027468 -1.10337e-05 -0.991051 -2.90727e-05 1.57065 -0.000223272
25.557 -0.991395 -0.991225 -0.000169509 13.5337 -1.0403e-05 0.00275068 -1.10255e-05 -0.991225 -2.91222e-05 1.57065 -0.000222615
25.558 -0.991564 -0.991399 -0.000165091 13.5367 -1.03955e-05 0.00275456 -1.10172e-05 -0.991399 -2.91716e-05 1.57064 -0.00022196
25.559 -0.991733 -0.991572 -0.000160672 13.5396 -1.03879e-05 0.00275843 -1.10088e-05 -0.991572 -2.9221e-05 1.57064 -0.000221305
25.56 -0.991901 -0.991745 -0.000156253 13.5425 -1.03802e-05 0.0027623 -1.10004e-05 -0.991745 -2.92702e-05 1.57064 -0.00022065
25.561 -0.99207 -0.991918 -0.000151835 13.5455 -1.03725e-05 0.00276616 -1.09918e-05 -0.991918 -2.93195e-05 1.57064 -0.000219997
25.562 -0.992238 -0.992091 -0.000147416 13.5484 -1.03647e-05 0.00277002 -1.09832e-05 -0.992091 -2.93686e-05 1.57064 -0.000219344
25.563 -0.992406 -0.992263 -0.000142997 13.5513 -1.03568e-05 0.00277387 -1.09745e-05 -0.992263 -2.94178e-05 1.57064 -0.000218692
25.564 -0.992574 -0.992435 -0.000138578 13.5542 -1.03488e-05 0.00277772 -1.09657e-05 -0.992435 -2.94668e-05 1.57064 -0.000218041
25.565 -0.992742 -0.992608 -0.000134159 13.5572 -1.03407e-05 0.00278156 -1.09568e-05 -0.992608 -2.95158e-05 1.57064 -0.000217391
25.566 -0.992909 -0.992779 -0.000129739 13.5601 -1.03325e-05 0.0027854 -1.09479e-05 -0.992779 -2.95647e-05 1.57064 -0.000216741
25.567 -0.993076 -0.992951 -0.00012532 13.563 -1.03243e-05 0.00278923 -1.09389e-05 -0.992951 -2.96136e-05 1.57064 -0.000216093
25.568 -0.993243 -0.993123 -0.0001209 13.5659 -1.0316e-05 0.00279306 -1.09297e-05 -0.993123 -2.96624e-05 1.57064 -0.000215445
25.569 -0.99341 -0.993294 -0.000116481 13.5688 -1.03076e-05 0.00279688 -1.09205e-05 -0.993294 -2.97112e-05 1.57064 -0.000214798
25.57 -0.993577 -0.993465 -0.000112061 13.5717 -1.02991e-05 0.0028007 -1.09112e-05 -0.993465 -2.97598e-05 1.57064 -0.000214151
25.571 -0.993743 -0.993636 -0.000107642 13.5746 -1.02905e-05 0.00280451 -1.09019e-05 -0.993636 -2.98085e-05 1.57064 -0.000213506
25.572 -0.993909 -0.993806 -0.000103222 13.5775 -1.02818e-05 0.00280832 -1.08924e-05 -0.993806 -2.9857e-05 1.57064 -0.000212861
25.573 -0.994075 -0.993977 -9.88022e-05 13.5804 -1.02731e-05 0.00281212 -1.08829e-05 -0.993977 -2.99055e-05 1.57064 -0.000212217
25.574 -0.994241 -0.994147 -9.43824e-05 13.5833 -1.02643e-05 0.00281592 -1.08732e-05 -0.994147 -2.9954e-05 1.57064 -0.000211574
25.575 -0.994407 -0.994317 -8.99625e-05 13.5862 -1.02553e-05 0.00281971 -1.08635e-05 -0.994317 -3.00024e-05 1.57064 -0.000210932
25.576 -0.994572 -0.994487 -8.55425e-05 13.589 -1.02463e-05 0.00282349 -1.08537e-05 -0.994487 -3.00507e-05 1.57064 -0.00021029
25.577 -0.994737 -0.994656 -8.11226e-05 13.5919 -1.02373e-05 0.00282728 -1.08439e-05 -0.994656 -3.0099e-05 1.57064 -0.000209649
25.578 -0.994902 -0.994825 -7.67026e-05 13.5948 -1.02281e-05 0.00283105 -1.08339e-05 -0.994825 -3.01471e-05 1.57064 -0.000209009
25.579 -0.995067 -0.994995 -7.22825e-05 13.5977 -1.02189e-05 0.00283482 -1.08239e-05 -0.994995 -3.01953e-05 1.57064 -0.00020837
25.58 -0.995231 -0.995163 -6.78624e-05 13.6005 -1.02095e-05 0.00283859 -1.08137e-05 -0.995163 -3.02434e-05 1.57064 -0.000207732
25.581 -0.995396 -0.995332 -6.34423e-05 13.6034 -1.02001e-05 0.00284235 -1.08035e-05 -0.995332 -3.02914e-05 1.57064 -0.000207094
25.582 -0.99556 -0.995501 -5.90222e-05 13.6063 -1.01906e-05 0.0028461 -1.07932e-05 -0.995501 -3.03393e-05 1.57064 -0.000206458
25.583 -0.995724 -0.995669 -5.46021e-05 13.6091 -1.0181e-05 0.00284985 -1.07829e-05 -0.995669 -3.03872e-05 1.57064 -0.000205822
25.584 -0.995887 -0.995837 -5.01819e-05 13.612 -1.01714e-05 0.00285359 -1.07724e-05 -0.995837 -3.0435e-05 1.57064 -0.000205187
25.585 -0.996051 -0.996005 -4.57617e-05 13.6148 -1.01616e-05 0.00285733 -1.07618e-05 -0.996005 -3.04828e-05 1.57064 -0.000204552
25.586 -0.996214 -0.996172 -4.13416e-05 13.6177 -1.01518e-05 0.00286107 -1.07512e-05 -0.996172 -3.05305e-05 1.57064 -0.000203919
25.587 -0.996377 -0.99634 -3.69214e-05 13.6205 -1.01419e-05 0.00286479 -1.07405e-05 -0.99634 -3.05782e-05 1.57064 -0.000203286
25.588 -0.99654 -0.996507 -3.25012e-05 13.6233 -1.01319e-05 0.00286852 -1.07297e-05 -0.996507 -3.06257e-05 1.57064 -0.000202654
25.589 -0.996702 -0.996674 -2.8081e-05 13.6262 -1.01218e-05 0.00287223 -1.07188e-05 -0.996674 -3.06732e-05 1.57064 -0.000202023
25.59 -0.996865 -0.996841 -2.36609e-05 13.629 -1.01116e-05 0.00287595 -1.07078e-05 -0.996841 -3.07207e-05 1.57064 -0.000201393
25.591 -0.997027 -0.997007 -1.92407e-05 13.6318 -1.01014e-05 0.00287965 -1.06968e-05 -0.997007 -3.07681e-05 1.57064 -0.000200763
25.592 -0.997189 -0.997174 -1.48206e-05 13.6347 -1.0091e-05 0.00288336 -1.06856e-05 -0.997174 -3.08154e-05 1.57064 -0.000200135
25.593 -0.99735 -0.99734 -1.04004e-05 13.6375 -1.00806e-05 0.00288705 -1.06744e-05 -0.99734 -3.08627e-05 1.57064 -0.000199507
25.594 -0.997512 -0.997506 -5.98032e-06 13.6403 -1.00701e-05 0.00289074 -1.06631e-05 -0.997506 -3.09099e-05 1.57064 -0.00019888
25.595 -0.997673 -0.997672 -1.56023e-06 13.6431 -1.00595e-05 0.00289443 -1.06517e-05 -0.997672 -3.0957e-05 1.57063 -0.000198254
25.596 -0.997834 -0.997837 2.85984e-06 13.6459 -1.00488e-05 0.00289811 -1.06403e-05 -0.997837 -3.10041e-05 1.57063 -0.000197628
25.597 -0.997995 -0.998002 7.27987e-06 13.6487 -1.00381e-05 0.00290179 -1.06287e-05 -0.998002 -3.10511e-05 1.57063 -0.000197004
25.598 -0.998156 -0.998167 1.16999e-05 13.6515 -1.00272e-05 0.00290546 -1.06171e-05 -0.998167 -3.10981e-05 1.57063 -0.00019638
25.599 -0.998316 -0.998332 1.61199e-05 13.6543 -1.00163e-05 0.00290912 -1.06053e-05 -0.998332 -3.11449e-05 1.57063 -0.000195757
25.6 -0.998476 -0.998497 2.05398e-05 13.6571 -1.00053e-05 0.00291278 -1.05935e-05 -0.998497 -3.11918e-05 1.57063 -0.000195135
25.601 -0.998636 -0.998661 2.49597e-05 13.6599 -9.99422e-06 0.00291643 -1.05816e-05 -0.998661 -3.12385e-05 1.57063 -0.000194514
25.602 -0.998796 -0.998825 2.93796e-05 13.6627 -9.98305e-06 0.00292008 -1.05696e-05 -0.998825 -3.12852e-05 1.57063 -0.000193893
25.603 -0.998955 -0.998989 3.37994e-05 13.6655 -9.97179e-06 0.00292373 -1.05576e-05 -0.998989 -3.13319e-05 1.57063 -0.000193274
25.604 -0.999115 -0.999153 3.82191e-05 13.6683 -9.96044e-06 0.00292736 -1.05454e-05 -0.999153 -3.13784e-05 1.57063 -0.000192655
25.605 -0.999274 -0.999317 4.26389e-05 13.6711 -9.94902e-06 0.002931 -1.05332e-05 -0.999317 -3.14249e-05 1.57063 -0.000192037
25.606 -0.999433 -0.99948 4.70585e-05 13.6738 -9.93751e-06 0.00293462 -1.05209e-05 -0.99948 -3.14714e-05 1.57063 -0.00019142
25.607 -0.999591 -0.999643 5.14782e-05 13.6766 -9.92591e-06 0.00293825 -1.05085e-05 -0.999643 -3.15178e-05 1.57063 -0.000190803
25.608 -0.99975 -0.999806 5.58977e-05 13.6794 -9.91424e-06 0.00294186 -1.0496e-05 -0.999806 -3.15641e-05 1.57063 -0.000190188
25.609 -0.999908 -0.999968 6.03172e-05 13.6822 -9.90248e-06 0.00294547 -1.04834e-05 -0.999968 -3.16103e-05 1.57063 -0.000189573
25.61 -1.00007 -1.00013 6.47367e-05 13.6849 -9.89063e-06 0.00294908 -1.04708e-05 -1.00013 -3.16565e-05 1.57063 -0.000188959
25.611 -1.00022 -1.00029 6.91561e-05 13.6877 -9.8787e-06 0.00295268 -1.04581e-05 -1.00029 -3.17026e-05 1.57063 -0.000188346
25.612 -1.00038 -1.00046 7.35754e-05 13.6904 -9.86669e-06 0.00295627 -1.04452e-05 -1.00046 -3.17487e-05 1.57063 -0.000187734
25.613 -1.00054 -1.00062 7.79947e-05 13.6932 -9.8546e-06 0.00295986 -1.04323e-05 -1.00062 -3.17947e-05 1.57063 -0.000187123
25.614 -1.0007 -1.00078 8.24139e-05 13.6959 -9.84242e-06 0.00296345 -1.04194e-05 -1.00078 -3.18406e-05 1.57063 -0.000186512
25.615 -1.00085 -1.00094 8.6833e-05 13.6987 -9.83016e-06 0.00296703 -1.04063e-05 -1.00094 -3.18865e-05 1.57063 -0.000185903
25.616 -1.00101 -1.0011 9.12521e-05 13.7014 -9.81781e-06 0.0029706 -1.03931e-05 -1.0011 -3.19323e-05 1.57063 -0.000185294
25.617 -1.00117 -1.00126 9.56711e-05 13.7041 -9.80539e-06 0.00297417 -1.03799e-05 -1.00126 -3.1978e-05 1.57063 -0.000184686
25.618 -1.00132 -1.00142 0.00010009 13.7069 -9.79288e-06 0.00297773 -1.03666e-05 -1.00142 -3.20237e-05 1.57063 -0.000184078
25.619 -1.00148 -1.00158 0.000104509 13.7096 -9.78028e-06 0.00298129 -1.03532e-05 -1.00158 -3.20693e-05 1.57063 -0.000183472
25.62 -1.00163 -1.00174 0.000108928 13.7123 -9.7676e-06 0.00298484 -1.03397e-05 -1.00174 -3.21149e-05 1.57063 -0.000182867
25.621 -1.00179 -1.0019 0.000113346 13.7151 -9.75484e-06 0.00298839 -1.03261e-05 -1.0019 -3.21604e-05 1.57063 -0.000182262
25.622 -1.00194 -1.00206 0.000117765 13.7178 -9.742e-06 0.00299193 -1.03125e-05 -1.00206 -3.22058e-05 1.57063 -0.000181658
25.623 -1.0021 -1.00222 0.000122184 13.7205 -9.72908e-06 0.00299547 -1.02987e-05 -1.00222 -3.22512e-05 1.57063 -0.000181055
25.624 -1.00226 -1.00238 0.000126602 13.7232 -9.71607e-06 0.002999 -1.02849e-05 -1.00238 -3.22964e-05 1.57063 -0.000180453
25.625 -1.00241 -1.00254 0.00013102 13.7259 -9.70298e-06 0.00300252 -1.0271e-05 -1.00254 -3.23417e-05 1.57063 -0.000179852
25.626 -1.00256 -1.0027 0.000135439 13.7286 -9.6898e-06 0.00300604 -1.0257e-05 -1.0027 -3.23868e-05 1.57063 -0.000179251
25.627 -1.00272 -1.00286 0.000139857 13.7313 -9.67654e-06 0.00300956 -1.0243e-05 -1.00286 -3.24319e-05 1.57063 -0.000178652
25.628 -1.00287 -1.00302 0.000144275 13.734 -9.66321e-06 0.00301307 -1.02288e-05 -1.00302 -3.2477e-05 1.57063 -0.000178053
25.629 -1.00303 -1.00317 0.000148693 13.7367 -9.64978e-06 0.00301657 -1.02146e-05 -1.00317 -3.2522e-05 1.57063 -0.000177455
25.63 -1.00318 -1.00333 0.000153111 13.7394 -9.63628e-06 0.00302007 -1.02003e-05 -1.00333 -3.25669e-05 1.57063 -0.000176858
25.631 -1.00333 -1.00349 0.000157529 13.7421 -9.62269e-06 0.00302356 -1.01859e-05 -1.00349 -3.26117e-05 1.57063 -0.000176262
25.632 -1.00349 -1.00365 0.000161947 13.7448 -9.60903e-06 0.00302705 -1.01714e-05 -1.00365 -3.26565e-05 1.57063 -0.000175666
25.633 -1.00364 -1.00381 0.000166365 13.7474 -9.59528e-06 0.00303053 -1.01568e-05 -1.00381 -3.27012e-05 1.57063 -0.000175072
25.634 -1.00379 -1.00396 0.000170782 13.7501 -9.58144e-06 0.00303401 -1.01422e-05 -1.00396 -3.27459e-05 1.57062 -0.000174478
25.635 -1.00394 -1.00412 0.0001752 13.7528 -9.56753e-06 0.00303748 -1.01274e-05 -1.00412 -3.27904e-05 1.57062 -0.000173885
25.636 -1.0041 -1.00428 0.000179617 13.7555 -9.55353e-06 0.00304095 -1.01126e-05 -1.00428 -3.2835e-05 1.57062 -0.000173294
25.637 -1.00425 -1.00443 0.000184035 13.7581 -9.53945e-06 0.00304441 -1.00977e-05 -1.00443 -3.28794e-05 1.57062 -0.000172702
25.638 -1.0044 -1.00459 0.000188452 13.7608 -9.52529e-06 0.00304787 -1.00828e-05 -1.00459 -3.29238e-05 1.57062 -0.000172112
25.639 -1.00455 -1.00474 0.000192869 13.7635 -9.51105e-06 0.00305132 -1.00677e-05 -1.00474 -3.29681e-05 1.57062 -0.000171523
25.64 -1.0047 -1.0049 0.000197286 13.7661 -9.49673e-06 0.00305476 -1.00526e-05 -1.0049 -3.30124e-05 1.57062 -0.000170934
25.641 -1.00485 -1.00506 0.000201703 13.7688 -9.48233e-06 0.0030582 -1.00373e-05 -1.00506 -3.30566e-05 1.57062 -0.000170347
25.642 -1.005 -1.00521 0.00020612 13.7714 -9.46784e-06 0.00306164 -1.0022e-05 -1.00521 -3.31008e-05 1.57062 -0.00016976
25.643 -1.00516 -1.00537 0.000210537 13.774 -9.45327e-06 0.00306507 -1.00067e-05 -1.00537 -3.31448e-05 1.57062 -0.000169174
25.644 -1.00531 -1.00552 0.000214954 13.7767 -9.43863e-06 0.00306849 -9.9912e-06 -1.00552 -3.31888e-05 1.57062 -0.000168589
25.645 -1.00546 -1.00568 0.000219371 13.7793 -9.4239e-06 0.00307191 -9.97565e-06 -1.00568 -3.32328e-05 1.57062 -0.000168004
25.646 -1.00561 -1.00583 0.000223787 13.782 -9.40909e-06 0.00307532 -9.96003e-06 -1.00583 -3.32767e-05 1.57062 -0.000167421
25.647 -1.00576 -1.00598 0.000228204 13.7846 -9.3942e-06 0.00307873 -9.94432e-06 -1.00598 -3.33205e-05 1.57062 -0.000166839
25.648 -1.00591 -1.00614 0.00023262 13.7872 -9.37923e-06 0.00308213 -9.92853e-06 -1.00614 -3.33642e-05 1.57062 -0.000166257
25.649 -1.00605 -1.00629 0.000237037 13.7898 -9.36418e-06 0.00308553 -9.91266e-06 -1.00629 -3.34079e-05 1.57062 -0.000165676
25.65 -1.0062 -1.00645 0.000241453 13.7925 -9.34904e-06 0.00308892 -9.89671e-06 -1.00645 -3.34516e-05 1.57062 -0.000165096
25.651 -1.00635 -1.0066 0.000245869 13.7951 -9.33383e-06 0.00309231 -9.88068e-06 -1.0066 -3.34951e-05 1.57062 -0.000164517
25.652 -1.0065 -1.00675 0.000250285 13.7977 -9.31854e-06 0.00309569 -9.86457e-06 -1.00675 -3.35386e-05 1.57062 -0.000163939
25.653 -1.00665 -1.0069 0.000254701 13.8003 -9.30317e-06 0.00309906 -9.84838e-06 -1.0069 -3.3582e-05 1.57062 -0.000163362
25.654 -1.0068 -1.00706 0.000259117 13.8029 -9.28772e-06 0.00310243 -9.83211e-06 -1.00706 -3.36254e-05 1.57062 -0.000162785
25.655 -1.00695 -1.00721 0.000263533 13.8055 -9.27218e-06 0.0031058 -9.81575e-06 -1.00721 -3.36687e-05 1.57062 -0.00016221
25.656 -1.00709 -1.00736 0.000267949 13.8081 -9.25657e-06 0.00310916 -9.79932e-06 -1.00736 -3.3712e-05 1.57062 -0.000161635
25.657 -1.00724 -1.00751 0.000272365 13.8107 -9.24088e-06 0.00311251 -9.78281e-06 -1.00751 -3.37551e-05 1.57062 -0.000161061
25.658 -1.00739 -1.00766 0.00027678 13.8133 -9.22511e-06 0.00311586 -9.76622e-06 -1.00766 -3.37983e-05 1.57062 -0.000160488
25.659 -1.00753 -1.00782 0.000281196 13.8159 -9.20926e-06 0.00311921 -9.74955e-06 -1.00782 -3.38413e-05 1.57062 -0.000159916
25.66 -1.00768 -1.00797 0.000285611 13.8184 -9.19333e-06 0.00312254 -9.7328e-06 -1.00797 -3.38843e-05 1.57062 -0.000159345
25.661 -1.00783 -1.00812 0.000290027 13.821 -9.17732e-06 0.00312588 -9.71597e-06 -1.00812 -3.39272e-05 1.57062 -0.000158775
25.662 -1.00797 -1.00827 0.000294442 13.8236 -9.16123e-06 0.00312921 -9.69906e-06 -1.00827 -3.39701e-05 1.57062 -0.000158205
25.663 -1.00812 -1.00842 0.000298857 13.8262 -9.14507e-06 0.00313253 -9.68207e-06 -1.00842 -3.40129e-05 1.57062 -0.000157637
25.664 -1.00827 -1.00857 0.000303273 13.8287 -9.12882e-06 0.00313585 -9.66501e-06 -1.00857 -3.40556e-05 1.57062 -0.000157069
25.665 -1.00841 -1.00872 0.000307688 13.8313 -9.1125e-06 0.00313916 -9.64786e-06 -1.00872 -3.40983e-05 1.57062 -0.000156502
25.666 -1.00856 -1.00887 0.000312103 13.8339 -9.0961e-06 0.00314247 -9.63064e-06 -1.00887 -3.41409e-05 1.57062 -0.000155936
25.667 -1.0087 -1.00902 0.000316518 13.8364 -9.07962e-06 0.00314577 -9.61333e-06 -1.00902 -3.41834e-05 1.57062 -0.000155371
25.668 -1.00885 -1.00917 0.000320933 13.839 -9.06306e-06 0.00314907 -9.59595e-06 -1.00917 -3.42259e-05 1.57062 -0.000154807
25.669 -1.00899 -1.00932 0.000325348 13.8415 -9.04643e-06 0.00315236 -9.5785e-06 -1.00932 -3.42683e-05 1.57062 -0.000154244
25.67 -1.00914 -1.00947 0.000329762 13.8441 -9.02971e-06 0.00315564 -9.56096e-06 -1.00947 -3.43107e-05 1.57062 -0.000153681
25.671 -1.00928 -1.00961 0.000334177 13.8466 -9.01292e-06 0.00315892 -9.54334e-06 -1.00961 -3.4353e-05 1.57062 -0.00015312
25.672 -1.00942 -1.00976 0.000338592 13.8492 -8.99605e-06 0.0031622 -9.52565e-06 -1.00976 -3.43952e-05 1.57062 -0.000152559
25.673 -1.00957 -1.00991 0.000343007 13.8517 -8.97911e-06 0.00316547 -9.50788e-06 -1.00991 -3.44373e-05 1.57061 -0.000151999
25.674 -1.00971 -1.01006 0.000347421 13.8542 -8.96208e-06 0.00316874 -9.49003e-06 -1.01006 -3.44794e-05 1.57061 -0.00015144
25.675 -1.00985 -1.01021 0.000351836 13.8567 -8.94499e-06 0.003172 -9.47211e-06 -1.01021 -3.45215e-05 1.57061 -0.000150882
25.676 -1.01 -1.01035 0.00035625 13.8593 -8.92781e-06 0.00317525 -9.45411e-06 -1.01035 -3.45634e-05 1.57061 -0.000150325
25.677 -1.01014 -1.0105 0.000360665 13.8618 -8.91056e-06 0.0031785 -9.43603e-06 -1.0105 -3.46054e-05 1.57061 -0.000149769
25.678 -1.01028 -1.01065 0.000365079 13.8643 -8.89323e-06 0.00318174 -9.41788e-06 -1.01065 -3.46472e-05 1.57061 -0.000149214
25.679 -1.01042 -1.01079 0.000369494 13.8668 -8.87582e-06 0.00318498 -9.39964e-06 -1.01079 -3.4689e-05 1.57061 -0.000148659
25.68 -1.01057 -1.01094 0.000373908 13.8693 -8.85834e-06 0.00318822 -9.38134e-06 -1.01094 -3.47307e-05 1.57061 -0.000148106
25.681 -1.01071 -1.01109 0.000378322 13.8718 -8.84078e-06 0.00319145 -9.36295e-06 -1.01109 -3.47724e-05 1.57061 -0.000147553
25.682 -1.01085 -1.01123 0.000382737 13.8743 -8.82314e-06 0.00319467 -9.34449e-06 -1.01123 -3.4814e-05 1.57061 -0.000147001
25.683 -1.01099 -1.01138 0.000387151 13.8768 -8.80544e-06 0.00319789 -9.32596e-06 -1.01138 -3.48555e-05 1.57061 -0.000146451
25.684 -1.01113 -1.01152 0.000391565 13.8793 -8.78765e-06 0.0032011 -9.30734e-06 -1.01152 -3.4897e-05 1.57061 -0.000145901
25.685 -1.01127 -1.01167 0.000395979 13.8818 -8.76979e-06 0.00320431 -9.28866e-06 -1.01167 -3.49384e-05 1.57061 -0.000145352
25.686 -1.01141 -1.01181 0.000400393 13.8843 -8.75185e-06 0.00320752 -9.26989e-06 -1.01181 -3.49797e-05 1.57061 -0.000144803
25.687 -1.01155 -1.01196 0.000404808 13.8868 -8.73384e-06 0.00321071 -9.25106e-06 -1.01196 -3.5021e-05 1.57061 -0.000144256
25.688 -1.01169 -1.0121 0.000409222 13.8893 -8.71576e-06 0.00321391 -9.23214e-06 -1.0121 -3.50622e-05 1.57061 -0.00014371
25.689 -1.01183 -1.01225 0.000413636 13.8918 -8.6976e-06 0.0032171 -9.21316e-06 -1.01225 -3.51034e-05 1.57061 -0.000143164
25.69 -1.01197 -1.01239 0.00041805 13.8942 -8.67936e-06 0.00322028 -9.1941e-06 -1.01239 -3.51445e-05 1.57061 -0.00014262
25.691 -1.01211 -1.01254 0.000422464 13.8967 -8.66106e-06 0.00322346 -9.17496e-06 -1.01254 -3.51855e-05 1.57061 -0.000142076
25.692 -1.01225 -1.01268 0.000426878 13.8992 -8.64267e-06 0.00322663 -9.15575e-06 -1.01268 -3.52265e-05 1.57061 -0.000141533
25.693 -1.01239 -1.01282 0.000431292 13.9016 -8.62422e-06 0.0032298 -9.13646e-06 -1.01282 -3.52674e-05 1.57061 -0.000140992
25.694 -1.01253 -1.01297 0.000435706 13.9041 -8.60569e-06 0.00323296 -9.11711e-06 -1.01297 -3.53083e-05 1.57061 -0.000140451
25.695 -1.01267 -1.01311 0.00044012 13.9066 -8.58708e-06 0.00323612 -9.09767e-06 -1.01311 -3.53491e-05 1.57061 -0.000139911
25.696 -1.01281 -1.01325 0.000444534 13.909 -8.56841e-06 0.00323927 -9.07817e-06 -1.01325 -3.53898e-05 1.57061 -0.000139372
25.697 -1.01295 -1.01339 0.000448949 13.9115 -8.54966e-06 0.00324242 -9.05859e-06 -1.01339 -3.54305e-05 1.57061 -0.000138833
25.698 -1.01308 -1.01354 0.000453363 13.9139 -8.53083e-06 0.00324556 -9.03894e-06 -1.01354 -3.54711e-05 1.57061 -0.000138296
25.699 -1.01322 -1.01368 0.000457777 13.9163 -8.51194e-06 0.0032487 -9.01921e-06 -1.01368 -3.55116e-05 1.57061 -0.00013776
25.7 -1.01336 -1.01382 0.000462191 13.9188 -8.49297e-06 0.00325183 -8.99942e-06 -1.01382 -3.55521e-05 1.57061 -0.000137224
25.701 -1.01349 -1.01396 0.000466605 13.9212 -8.47393e-06 0.00325496 -8.97955e-06 -1.01396 -3.55925e-05 1.57061 -0.00013669
25.702 -1.01363 -1.0141 0.000471019 13.9236 -8.45482e-06 0.00325808 -8.95961e-06 -1.0141 -3.56329e-05 1.57061 -0.000136156
25.703 -1.01377 -1.01424 0.000475434 13.9261 -8.43563e-06 0.0032612 -8.93959e-06 -1.01424 -3.56732e-05 1.57061 -0.000135623
25.704 -1.0139 -1.01438 0.000479848 13.9285 -8.41638e-06 0.00326431 -8.91951e-06 -1.01438 -3.57134e-05 1.57061 -0.000135091
25.705 -1.01404 -1.01452 0.000484262 13.9309 -8.39705e-06 0.00326742 -8.89935e-06 -1.01452 -3.57536e-05 1.57061 -0.00013456
25.706 -1.01418 -1.01467 0.000488677 13.9333 -8.37765e-06 0.00327052 -8.87912e-06 -1.01467 -3.57937e-05 1.57061 -0.00013403
25.707 -1.01431 -1.01481 0.000493091 13.9357 -8.35818e-06 0.00327362 -8.85882e-06 -1.01481 -3.58338e-05 1.57061 -0.000133501
25.708 -1.01445 -1.01494 0.000497505 13.9382 -8.33864e-06 0.00327671 -8.83845e-06 -1.01494 -3.58738e-05 1.57061 -0.000132973
25.709 -1.01458 -1.01508 0.00050192 13.9406 -8.31903e-06 0.0032798 -8.81801e-06 -1.01508 -3.59137e-05 1.57061 -0.000132446
25.71 -1.01472 -1.01522 0.000506334 13.943 -8.29935e-06 0.00328288 -8.7975e-06 -1.01522 -3.59536e-05 1.57061 -0.00013192
25.711 -1.01485 -1.01536 0.000510749 13.9454 -8.2796e-06 0.00328596 -8.77692e-06 -1.01536 -3.59934e-05 1.57061 -0.000131394
25.712 -1.01499 -1.0155 0.000515164 13.9477 -8.25977e-06 0.00328903 -8.75627e-06 -1.0155 -3.60332e-05 1.57061 -0.00013087
25.713 -1.01512 -1.01564 0.000519578 13.9501 -8.23988e-06 0.0032921 -8.73554e-06 -1.01564 -3.60729e-05 1.57061 -0.000130346
25.714 -1.01525 -1.01578 0.000523993 13.9525 -8.21992e-06 0.00329517 -8.71475e-06 -1.01578 -3.61125e-05 1.5706 -0.000129824
25.715 -1.01539 -1.01592 0.000528408 13.9549 -8.19989e-06 0.00329823 -8.69389e-06 -1.01592 -3.61521e-05 1.5706 -0.000129302
25.716 -1.01552 -1.01605 0.000532823 13.9573 -8.17979e-06 0.00330128 -8.67296e-06 -1.01605 -3.61916e-05 1.5706 -0.000128781
25.717 -1.01565 -1.01619 0.000537238 13.9597 -8.15962e-06 0.00330433 -8.65196e-06 -1.01619 -3.62311e-05 1.5706 -0.000128261
25.718 -1.01579 -1.01633 0.000541653 13.962 -8.13939e-06 0.00330737 -8.6309e-06 -1.01633 -3.62705e-05 1.5706 -0.000127742
25.719 -1.01592 -1.01647 0.000546068 13.9644 -8.11908e-06 0.00331041 -8.60976e-06 -1.01647 -3.63098e-05 1.5706 -0.000127224
25.72 -1.01605 -1.0166 0.000550484 13.9668 -8.09871e-06 0.00331345 -8.58856e-06 -1.0166 -3.63491e-05 1.5706 -0.000126707
25.721 -1.01618 -1.01674 0.000554899 13.9691 -8.07826e-06 0.00331648 -8.56728e-06 -1.01674 -3.63883e-05 1.5706 -0.000126191
25.722 -1.01632 -1.01688 0.000559315 13.9715 -8.05775e-06 0.0033195 -8.54594e-06 -1.01688 -3.64275e-05 1.5706 -0.000125676
25.723 -1.01645 -1.01701 0.00056373 13.9738 -8.03718e-06 0.00332252 -8.52454e-06 -1.01701 -3.64666e-05 1.5706 -0.000125162
25.724 -1.01658 -1.01715 0.000568146 13.9762 -8.01653e-06 0.00332554 -8.50306e-06 -1.01715 -3.65056e-05 1.5706 -0.000124648
25.725 -1.01671 -1.01728 0.000572562 13.9785 -7.99582e-06 0.00332855 -8.48152e-06 -1.01728 -3.65446e-05 1.5706 -0.000124136
25.726 -1.01684 -1.01742 0.000576978 13.9809 -7.97504e-06 0.00333155 -8.45991e-06 -1.01742 -3.65835e-05 1.5706 -0.000123624
25.727 -1.01697 -1.01755 0.000581394 13.9832 -7.9542e-06 0.00333456 -8.43823e-06 -1.01755 -3.66224e-05 1.5706 -0.000123114
25.728 -1.0171 -1.01769 0.00058581 13.9856 -7.93329e-06 0.00333755 -8.41649e-06 -1.01769 -3.66612e-05 1.5706 -0.000122604
25.729 -1.01723 -1.01782 0.000590227 13.9879 -7.91231e-06 0.00334054 -8.39469e-06 -1.01782 -3.67e-05 1.5706 -0.000122096
25.73 -1.01736 -1.01796 0.000594643 13.9902 -7.89127e-06 0.00334353 -8.37281e-06 -1.01796 -3.67387e-05 1.5706 -0.000121588
25.731 -1.01749 -1.01809 0.00059906 13.9925 -7.87016e-06 0.00334651 -8.35087e-06 -1.01809 -3.67773e-05 1.5706 -0.000121081
25.732 -1.01762 -1.01823 0.000603477 13.9949 -7.84898e-06 0.00334949 -8.32887e-06 -1.01823 -3.68159e-05 1.5706 -0.000120575
25.733 -1.01775 -1.01836 0.000607894 13.9972 -7.82775e-06 0.00335247 -8.3068e-06 -1.01836 -3.68544e-05 1.5706 -0.00012007
25.734 -1.01788 -1.01849 0.000612311 13.9995 -7.80644e-06 0.00335543 -8.28467e-06 -1.01849 -3.68929e-05 1.5706 -0.000119566
25.735 -1.01801 -1.01863 0.000616728 14.0018 -7.78507e-06 0.0033584 -8.26247e-06 -1.01863 -3.69313e-05 1.5706 -0.000119063
25.736 -1.01814 -1.01876 0.000621146 14.0041 -7.76364e-06 0.00336136 -8.2402e-06 -1.01876 -3.69696e-05 1.5706 -0.000118561
25.737 -1.01827 -1.01889 0.000625564 14.0064 -7.74214e-06 0.00336431 -8.21788e-06 -1.01889 -3.70079e-05 1.5706 -0.00011806
25.738 -1.01839 -1.01902 0.000629981 14.0087 -7.72058e-06 0.00336726 -8.19549e-06 -1.01902 -3.70462e-05 1.5706 -0.00011756
25.739 -1.01852 -1.01916 0.000634399 14.011 -7.69896e-06 0.00337021 -8.17303e-06 -1.01916 -3.70843e-05 1.5706 -0.000117061
25.74 -1.01865 -1.01929 0.000638818 14.0133 -7.67727e-06 0.00337315 -8.15051e-06 -1.01929 -3.71225e-05 1.5706 -0.000116562
25.741 -1.01878 -1.01942 0.000643236 14.0156 -7.65552e-06 0.00337609 -8.12793e-06 -1.01942 -3.71605e-05 1.5706 -0.000116065
25.742 -1.0189 -1.01955 0.000647655 14.0179 -7.6337e-06 0.00337902 -8.10529e-06 -1.01955 -3.71986e-05 1.5706 -0.000115569
25.743 -1.01903 -1.01968 0.000652074 14.0202 -7.61183e-06 0.00338195 -8.08258e-06 -1.01968 -3.72365e-05 1.5706 -0.000115073
25.744 -1.01916 -1.01981 0.000656493 14.0224 -7.58989e-06 0.00338487 -8.05982e-06 -1.01981 -3.72744e-05 1.5706 -0.000114579
25.745 -1.01928 -1.01994 0.000660912 14.0247 -7.56789e-06 0.00338779 -8.03699e-06 -1.01994 -3.73123e-05 1.5706 -0.000114085
25.746 -1.01941 -1.02007 0.000665331 14.027 -7.54582e-06 0.0033907 -8.01409e-06 -1.02007 -3.735e-05 1.5706 -0.000113592
25.747 -1.01953 -1.0202 0.000669751 14.0292 -7.5237e-06 0.00339361 -7.99114e-06 -1.0202 -3.73878e-05 1.5706 -0.000113101
25.748 -1.01966 -1.02033 0.000674171 14.0315 -7.50151e-06 0.00339652 -7.96813e-06 -1.02033 -3.74254e-05 1.5706 -0.00011261
25.749 -1.01978 -1.02046 0.000678591 14.0338 -7.47927e-06 0.00339942 -7.94505e-06 -1.02046 -3.74631e-05 1.5706 -0.00011212
25.75 -1.01991 -1.02059 0.000683012 14.036 -7.45696e-06 0.00340232 -7.92192e-06 -1.02059 -3.75006e-05 1.5706 -0.000111632
25.751 -1.02003 -1.02072 0.000687433 14.0383 -7.43459e-06 0.00340521 -7.89872e-06 -1.02072 -3.75381e-05 1.5706 -0.000111144
25.752 -1.02016 -1.02085 0.000691854 14.0405 -7.41216e-06 0.00340809 -7.87546e-06 -1.02085 -3.75756e-05 1.5706 -0.000110657
25.753 -1.02028 -1.02098 0.000696275 14.0428 -7.38967e-06 0.00341098 -7.85215e-06 -1.02098 -3.7613e-05 1.5706 -0.000110171
25.754 -1.02041 -1.02111 0.000700696 14.045 -7.36713e-06 0.00341386 -7.82877e-06 -1.02111 -3.76503e-05 1.5706 -0.000109686
25.755 -1.02053 -1.02124 0.000705118 14.0472 -7.34452e-06 0.00341673 -7.80534e-06 -1.02124 -3.76876e-05 1.5706 -0.000109202
25.756 -1.02065 -1.02136 0.00070954 14.0495 -7.32185e-06 0.0034196 -7.78185e-06 -1.02136 -3.77249e-05 1.57059 -0.000108719
25.757 -1.02078 -1.02149 0.000713962 14.0517 -7.29913e-06 0.00342247 -7.75829e-06 -1.02149 -3.77621e-05 1.57059 -0.000108237
25.758 -1.0209 -1.02162 0.000718385 14.0539 -7.27634e-06 0.00342533 -7.73468e-06 -1.02162 -3.77992e-05 1.57059 -0.000107756
25.759 -1.02102 -1.02175 0.000722808 14.0561 -7.2535e-06 0.00342819 -7.71101e-06 -1.02175 -3.78363e-05 1.57059 -0.000107276
25.76 -1.02115 -1.02187 0.000727231 14.0584 -7.2306e-06 0.00343104 -7.68729e-06 -1.02187 -3.78733e-05 1.57059 -0.000106797
25.761 -1.02127 -1.022 0.000731655 14.0606 -7.20764e-06 0.00343389 -7.6635e-06 -1.022 -3.79103e-05 1.57059 -0.000106318
25.762 -1.02139 -1.02213 0.000736079 14.0628 -7.18463e-06 0.00343673 -7.63966e-06 -1.02213 -3.79472e-05 1.57059 -0.000105841
25.763 -1.02151 -1.02225 0.000740503 14.065 -7.16155e-06 0.00343957 -7.61577e-06 -1.02225 -3.7984e-05 1.57059 -0.000105365
25.764 -1.02163 -1.02238 0.000744927 14.0672 -7.13843e-06 0.00344241 -7.59181e-06 -1.02238 -3.80208e-05 1.57059 -0.00010489
25.765 -1.02175 -1.0225 0.000749352 14.0694 -7.11524e-06 0.00344524 -7.5678e-06 -1.0225 -3.80576e-05 1.57059 -0.000104415
25.766 -1.02187 -1.02263 0.000753777 14.0716 -7.092e-06 0.00344807 -7.54373e-06 -1.02263 -3.80943e-05 1.57059 -0.000103942
25.767 -1.022 -1.02275 0.000758203 14.0738 -7.0687e-06 0.00345089 -7.51961e-06 -1.02275 -3.81309e-05 1.57059 -0.000103469
25.768 -1.02212 -1.02288 0.000762629 14.076 -7.04534e-06 0.00345371 -7.49543e-06 -1.02288 -3.81675e-05 1.57059 -0.000102998
25.769 -1.02224 -1.023 0.000767055 14.0782 -7.02193e-06 0.00345653 -7.4712e-06 -1.023 -3.82041e-05 1.57059 -0.000102528
25.77 -1.02236 -1.02313 0.000771482 14.0803 -6.99847e-06 0.00345934 -7.44691e-06 -1.02313 -3.82406e-05 1.57059 -0.000102058
25.771 -1.02248 -1.02325 0.000775909 14.0825 -6.97495e-06 0.00346214 -7.42257e-06 -1.02325 -3.8277e-05 1.57059 -0.00010159
25.772 -1.02259 -1.02337 0.000780336 14.0847 -6.95137e-06 0.00346495 -7.39817e-06 -1.02337 -3.83134e-05 1.57059 -0.000101122
25.773 -1.02271 -1.0235 0.000784764 14.0869 -6.92775e-06 0.00346775 -7.37372e-06 -1.0235 -3.83498e-05 1.57059 -0.000100656
25.774 -1.02283 -1.02362 0.000789192 14.089 -6.90406e-06 0.00347054 -7.34922e-06 -1.02362 -3.8386e-05 1.57059 -0.00010019
25.775 -1.02295 -1.02374 0.000793621 14.0912 -6.88033e-06 0.00347333 -7.32466e-06 -1.02374 -3.84223e-05 1.57059 -9.97254e-05
25.776 -1.02307 -1.02387 0.00079805 14.0934 -6.85654e-06 0.00347612 -7.30005e-06 -1.02387 -3.84585e-05 1.57059 -9.92618e-05
25.777 -1.02319 -1.02399 0.000802479 14.0955 -6.83269e-06 0.0034789 -7.27538e-06 -1.02399 -3.84946e-05 1.57059 -9.87992e-05
25.778 -1.02331 -1.02411 0.000806909 14.0977 -6.8088e-06 0.00348168 -7.25067e-06 -1.02411 -3.85307e-05 1.57059 -9.83376e-05
25.779 -1.02342 -1.02423 0.000811339 14.0998 -6.78485e-06 0.00348445 -7.2259e-06 -1.02423 -3.85667e-05 1.57059 -9.78769e-05
25.78 -1.02354 -1.02436 0.00081577 14.102 -6.76085e-06 0.00348723 -7.20108e-06 -1.02436 -3.86027e-05 1.57059 -9.74172e-05
25.781 -1.02366 -1.02448 0.000820201 14.1041 -6.73679e-06 0.00348999 -7.17621e-06 -1.02448 -3.86386e-05 1.57059 -9.69586e-05
25.782 -1.02377 -1.0246 0.000824632 14.1062 -6.71269e-06 0.00349275 -7.15129e-06 -1.0246 -3.86745e-05 1.57059 -9.65009e-05
25.783 -1.02389 -1.02472 0.000829064 14.1084 -6.68853e-06 0.00349551 -7.12631e-06 -1.02472 -3.87103e-05 1.57059 -9.60441e-05
25.784 -1.02401 -1.02484 0.000833497 14.1105 -6.66433e-06 0.00349827 -7.10129e-06 -1.02484 -3.87461e-05 1.57059 -9.55884e-05
25.785 -1.02412 -1.02496 0.000837929 14.1126 -6.64007e-06 0.00350102 -7.07621e-06 -1.02496 -3.87818e-05 1.57059 -9.51337e-05
25.786 -1.02424 -1.02508 0.000842363 14.1147 -6.61576e-06 0.00350377 -7.05109e-06 -1.02508 -3.88175e-05 1.57059 -9.46799e-05
25.787 -1.02435 -1.0252 0.000846797 14.1169 -6.5914e-06 0.00350651 -7.02591e-06 -1.0252 -3.88531e-05 1.57059 -9.42271e-05
25.788 -1.02447 -1.02532 0.000851231 14.119 -6.567e-06 0.00350925 -7.00069e-06 -1.02532 -3.88887e-05 1.57059 -9.37754e-05
25.789 -1.02458 -1.02544 0.000855666 14.1211 -6.54254e-06 0.00351199 -6.97542e-06 -1.02544 -3.89243e-05 1.57059 -9.33246e-05
25.79 -1.0247 -1.02556 0.000860101 14.1232 -6.51803e-06 0.00351472 -6.9501e-06 -1.02556 -3.89597e-05 1.57059 -9.28748e-05
25.791 -1.02481 -1.02568 0.000864537 14.1253 -6.49348e-06 0.00351745 -6.92473e-06 -1.02568 -3.89952e-05 1.57059 -9.2426e-05
25.792 -1.02493 -1.0258 0.000868973 14.1274 -6.46887e-06 0.00352017 -6.89931e-06 -1.0258 -3.90306e-05 1.57059 -9.19782e-05
25.793 -1.02504 -1.02591 0.00087341 14.1295 -6.44422e-06 0.00352289 -6.87384e-06 -1.02591 -3.90659e-05 1.57059 -9.15314e-05
25.794 -1.02515 -1.02603 0.000877848 14.1316 -6.41952e-06 0.00352561 -6.84833e-06 -1.02603 -3.91012e-05 1.57059 -9.10856e-05
25.795 -1.02527 -1.02615 0.000882285 14.1337 -6.39477e-06 0.00352832 -6.82277e-06 -1.02615 -3.91364e-05 1.57059 -9.06408e-05
25.796 -1.02538 -1.02627 0.000886724 14.1358 -6.36998e-06 0.00353103 -6.79716e-06 -1.02627 -3.91716e-05 1.57059 -9.0197e-05
25.797 -1.02549 -1.02639 0.000891163 14.1378 -6.34513e-06 0.00353374 -6.77151e-06 -1.02639 -3.92068e-05 1.57059 -8.97541e-05
25.798 -1.02561 -1.0265 0.000895602 14.1399 -6.32024e-06 0.00353644 -6.74581e-06 -1.0265 -3.92419e-05 1.57059 -8.93123e-05
25.799 -1.02572 -1.02662 0.000900043 14.142 -6.29531e-06 0.00353914 -6.72007e-06 -1.02662 -3.92769e-05 1.57059 -8.88715e-05
25.8 -1.02583 -1.02674 0.000904483 14.1441 -6.27033e-06 0.00354183 -6.69428e-06 -1.02674 -3.93119e-05 1.57058 -8.84317e-05
25.801 -1.02594 -1.02685 0.000908925 14.1461 -6.2453e-06 0.00354452 -6.66844e-06 -1.02685 -3.93469e-05 1.57058 -8.79929e-05
25.802 -1.02605 -1.02697 0.000913366 14.1482 -6.22023e-06 0.00354721 -6.64256e-06 -1.02697 -3.93818e-05 1.57058 -8.75551e-05
25.803 -1.02617 -1.02708 0.000917809 14.1503 -6.19511e-06 0.00354989 -6.61663e-06 -1.02708 -3.94167e-05 1.57058 -8.71183e-05
25.804 -1.02628 -1.0272 0.000922252 14.1523 -6.16995e-06 0.00355257 -6.59066e-06 -1.0272 -3.94515e-05 1.57058 -8.66825e-05
25.805 -1.02639 -1.02731 0.000926696 14.1544 -6.14474e-06 0.00355525 -6.56465e-06 -1.02731 -3.94863e-05 1.57058 -8.62477e-05
25.806 -1.0265 -1.02743 0.00093114 14.1564 -6.11949e-06 0.00355792 -6.53859e-06 -1.02743 -3.9521e-05 1.57058 -8.58139e-05
25.807 -1.02661 -1.02754 0.000935585 14.1585 -6.09419e-06 0.00356059 -6.51249e-06 -1.02754 -3.95557e-05 1.57058 -8.53811e-05
25.808 -1.02672 -1.02766 0.00094003 14.1605 -6.06885e-06 0.00356326 -6.48635e-06 -1.02766 -3.95903e-05 1.57058 -8.49493e-05
25.809 -1.02683 -1.02777 0.000944476 14.1625 -6.04347e-06 0.00356592 -6.46017e-06 -1.02777 -3.96249e-05 1.57058 -8.45186e-05
25.81 -1.02694 -1.02789 0.000948923 14.1646 -6.01805e-06 0.00356858 -6.43394e-06 -1.02789 -3.96594e-05 1.57058 -8.40888e-05
25.811 -1.02705 -1.028 0.000953371 14.1666 -5.99258e-06 0.00357124 -6.40767e-06 -1.028 -3.96939e-05 1.57058 -8.36601e-05
25.812 -1.02715 -1.02811 0.000957819 14.1686 -5.96707e-06 0.00357389 -6.38136e-06 -1.02811 -3.97284e-05 1.57058 -8.32324e-05
25.813 -1.02726 -1.02823 0.000962267 14.1706 -5.94152e-06 0.00357654 -6.35501e-06 -1.02823 -3.97628e-05 1.57058 -8.28057e-05
25.814 -1.02737 -1.02834 0.000966717 14.1727 -5.91593e-06 0.00357919 -6.32861e-06 -1.02834 -3.97972e-05 1.57058 -8.238e-05
25.815 -1.02748 -1.02845 0.000971167 14.1747 -5.89029e-06 0.00358183 -6.30218e-06 -1.02845 -3.98315e-05 1.57058 -8.19553e-05
25.816 -1.02759 -1.02856 0.000975618 14.1767 -5.86462e-06 0.00358447 -6.27571e-06 -1.02856 -3.98658e-05 1.57058 -8.15316e-05
25.817 -1.02769 -1.02867 0.000980069 14.1787 -5.8389e-06 0.0035871 -6.24919e-06 -1.02867 -3.99e-05 1.57058 -8.1109e-05
25.818 -1.0278 -1.02879 0.000984521 14.1807 -5.81315e-06 0.00358974 -6.22264e-06 -1.02879 -3.99342e-05 1.57058 -8.06873e-05
25.819 -1.02791 -1.0289 0.000988974 14.1827 -5.78735e-06 0.00359236 -6.19605e-06 -1.0289 -3.99683e-05 1.57058 -8.02667e-05
25.82 -1.02802 -1.02901 0.000993428 14.1847 -5.76151e-06 0.00359499 -6.16942e-06 -1.02901 -4.00024e-05 1.57058 -7.98471e-05
25.821 -1.02812 -1.02912 0.000997882 14.1867 -5.73564e-06 0.00359761 -6.14275e-06 -1.02912 -4.00365e-05 1.57058 -7.94286e-05
25.822 -1.02823 -1.02923 0.00100234 14.1887 -5.70973e-06 0.00360023 -6.11604e-06 -1.02923 -4.00705e-05 1.57058 -7.9011e-05
25.823 -1.02833 -1.02934 0.00100679 14.1907 -5.68377e-06 0.00360285 -6.0893e-06 -1.02934 -4.01045e-05 1.57058 -7.85945e-05
25.824 -1.02844 -1.02945 0.00101125 14.1926 -5.65778e-06 0.00360546 -6.06251e-06 -1.02945 -4.01384e-05 1.57058 -7.8179e-05
25.825 -1.02855 -1.02956 0.00101571 14.1946 -5.63176e-06 0.00360807 -6.03569e-06 -1.02956 -4.01723e-05 1.57058 -7.77645e-05
25.826 -1.02865 -1.02967 0.00102017 14.1966 -5.60569e-06 0.00361068 -6.00884e-06 -1.02967 -4.02062e-05 1.57058 -7.7351e-05
25.827 -1.02876 -1.02978 0.00102462 14.1986 -5.57959e-06 0.00361328 -5.98194e-06 -1.02978 -4.024e-05 1.57058 -7.69386e-05
25.828 -1.02886 -1.02989 0.00102908 14.2005 -5.55345e-06 0.00361588 -5.95502e-06 -1.02989 -4.02737e-05 1.57058 -7.65272e-05
25.829 -1.02896 -1.03 0.00103354 14.2025 -5.52727e-06 0.00361848 -5.92805e-06 -1.03 -4.03074e-05 1.57058 -7.61168e-05
25.83 -1.02907 -1.03011 0.00103801 14.2045 -5.50106e-06 0.00362107 -5.90105e-06 -1.03011 -4.03411e-05 1.57058 -7.57075e-05
25.831 -1.02917 -1.03021 0.00104247 14.2064 -5.47481e-06 0.00362366 -5.87402e-06 -1.03021 -4.03748e-05 1.57058 -7.52992e-05
25.832 -1.02928 -1.03032 0.00104693 14.2084 -5.44853e-06 0.00362625 -5.84695e-06 -1.03032 -4.04084e-05 1.57058 -7.48919e-05
25.833 -1.02938 -1.03043 0.00105139 14.2103 -5.42221e-06 0.00362883 -5.81984e-06 -1.03043 -4.04419e-05 1.57058 -7.44856e-05
25.834 -1.02948 -1.03054 0.00105586 14.2123 -5.39585e-06 0.00363142 -5.7927e-06 -1.03054 -4.04754e-05 1.57058 -7.40804e-05
25.835 -1.02958 -1.03064 0.00106032 14.2142 -5.36946e-06 0.003634 -5.76553e-06 -1.03064 -4.05089e-05 1.57058 -7.36762e-05
25.836 -1.02969 -1.03075 0.00106479 14.2161 -5.34304e-06 0.00363657 -5.73833e-06 -1.03075 -4.05424e-05 1.57058 -7.32731e-05
25.837 -1.02979 -1.03086 0.00106926 14.2181 -5.31658e-06 0.00363914 -5.71109e-06 -1.03086 -4.05758e-05 1.57058 -7.2871e-05
25.838 -1.02989 -1.03096 0.00107372 14.22 -5.29009e-06 0.00364171 -5.68382e-06 -1.03096 -4.06091e-05 1.57058 -7.24699e-05
25.839 -1.02999 -1.03107 0.00107819 14.2219 -5.26357e-06 0.00364428 -5.65652e-06 -1.03107 -4.06424e-05 1.57058 -7.20698e-05
25.84 -1.03009 -1.03118 0.00108266 14.2239 -5.23701e-06 0.00364684 -5.62919e-06 -1.03118 -4.06757e-05 1.57058 -7.16708e-05
25.841 -1.03019 -1.03128 0.00108713 14.2258 -5.21042e-06 0.00364941 -5.60182e-06 -1.03128 -4.07089e-05 1.57058 -7.12729e-05
25.842 -1.0303 -1.03139 0.00109161 14.2277 -5.1838e-06 0.00365196 -5.57442e-06 -1.03139 -4.07421e-05 1.57058 -7.08759e-05
25.843 -1.0304 -1.03149 0.00109608 14.2296 -5.15715e-06 0.00365452 -5.547e-06 -1.03149 -4.07753e-05 1.57058 -7.04801e-05
25.844 -1.0305 -1.0316 0.00110055 14.2315 -5.13047e-06 0.00365707 -5.51954e-06 -1.0316 -4.08084e-05 1.57058 -7.00852e-05
25.845 -1.0306 -1.0317 0.00110502 14.2334 -5.10375e-06 0.00365962 -5.49205e-06 -1.0317 -4.08415e-05 1.57057 -6.96914e-05
25.846 -1.0307 -1.0318 0.0011095 14.2353 -5.07701e-06 0.00366217 -5.46453e-06 -1.0318 -4.08746e-05 1.57057 -6.92987e-05
25.847 -1.03079 -1.03191 0.00111398 14.2372 -5.05023e-06 0.00366471 -5.43699e-06 -1.03191 -4.09076e-05 1.57057 -6.89069e-05
25.848 -1.03089 -1.03201 0.00111845 14.2391 -5.02342e-06 0.00366725 -5.40941e-06 -1.03201 -4.09405e-05 1.57057 -6.85163e-05
25.849 -1.03099 -1.03212 0.00112293 14.241 -4.99659e-06 0.00366979 -5.38181e-06 -1.03212 -4.09735e-05 1.57057 -6.81267e-05
25.85 -1.03109 -1.03222 0.00112741 14.2429 -4.96972e-06 0.00367233 -5.35417e-06 -1.03222 -4.10064e-05 1.57057 -6.77381e-05
25.851 -1.03119 -1.03232 0.00113189 14.2448 -4.94283e-06 0.00367486 -5.32651e-06 -1.03232 -4.10392e-05 1.57057 -6.73505e-05
25.852 -1.03129 -1.03242 0.00113637 14.2466 -4.91591e-06 0.00367739 -5.29882e-06 -1.03242 -4.1072e-05 1.57057 -6.69641e-05
25.853 -1.03139 -1.03253 0.00114085 14.2485 -4.88896e-06 0.00367992 -5.27111e-06 -1.03253 -4.11048e-05 1.57057 -6.65786e-05
25.854 -1.03148 -1.03263 0.00114533 14.2504 -4.86198e-06 0.00368245 -5.24337e-06 -1.03263 -4.11376e-05 1.57057 -6.61943e-05
25.855 -1.03158 -1.03273 0.00114982 14.2522 -4.83497e-06 0.00368497 -5.2156e-06 -1.03273 -4.11703e-05 1.57057 -6.58109e-05
25.856 -1.03168 -1.03283 0.0011543 14.2541 -4.80794e-06 0.00368749 -5.1878e-06 -1.03283 -4.1203e-05 1.57057 -6.54287e-05
25.857 -1.03177 -1.03293 0.00115879 14.256 -4.78087e-06 0.00369001 -5.15998e-06 -1.03293 -4.12356e-05 1.57057 -6.50474e-05
25.858 -1.03187 -1.03303 0.00116327 14.2578 -4.75379e-06 0.00369252 -5.13214e-06 -1.03303 -4.12682e-05 1.57057 -6.46673e-05
25.859 -1.03197 -1.03313 0.00116776 14.2597 -4.72667e-06 0.00369503 -5.10427e-06 -1.03313 -4.13008e-05 1.57057 -6.42882e-05
25.86 -1.03206 -1.03323 0.00117225 14.2615 -4.69953e-06 0.00369754 -5.07637e-06 -1.03323 -4.13333e-05 1.57057 -6.39101e-05
25.861 -1.03216 -1.03333 0.00117674 14.2634 -4.67237e-06 0.00370005 -5.04845e-06 -1.03333 -4.13658e-05 1.57057 -6.35331e-05
25.862 -1.03225 -1.03343 0.00118123 14.2652 -4.64518e-06 0.00370256 -5.02051e-06 -1.03343 -4.13983e-05 1.57057 -6.31572e-05
25.863 -1.03235 -1.03353 0.00118572 14.267 -4.61797e-06 0.00370506 -4.99254e-06 -1.03353 -4.14307e-05 1.57057 -6.27823e-05
25.864 -1.03244 -1.03363 0.00119022 14.2689 -4.59073e-06 0.00370756 -4.96455e-06 -1.03363 -4.14631e-05 1.57057 -6.24085e-05
25.865 -1.03254 -1.03373 0.00119471 14.2707 -4.56346e-06 0.00371006 -4.93654e-06 -1.03373 -4.14954e-05 1.57057 -6.20357e-05
25.866 -1.03263 -1.03383 0.00119921 14.2725 -4.53618e-06 0.00371255 -4.9085e-06 -1.03383 -4.15278e-05 1.57057 -6.1664e-05
25.867 -1.03272 -1.03393 0.0012037 14.2743 -4.50887e-06 0.00371504 -4.88044e-06 -1.03393 -4.15601e-05 1.57057 -6.12934e-05
25.868 -1.03282 -1.03403 0.0012082 14.2762 -4.48153e-06 0.00371753 -4.85236e-06 -1.03403 -4.15923e-05 1.57057 -6.09238e-05
25.869 -1.03291 -1.03412 0.0012127 14.278 -4.45418e-06 0.00372002 -4.82426e-06 -1.03412 -4.16245e-05 1.57057 -6.05553e-05
25.87 -1.033 -1.03422 0.0012172 14.2798 -4.4268e-06 0.00372251 -4.79614e-06 -1.03422 -4.16567e-05 1.57057 -6.01878e-05
25.871 -1.0331 -1.03432 0.0012217 14.2816 -4.3994e-06 0.00372499 -4.768e-06 -1.03432 -4.16889e-05 1.57057 -5.98215e-05
25.872 -1.03319 -1.03442 0.0012262 14.2834 -4.37198e-06 0.00372747 -4.73984e-06 -1.03442 -4.1721e-05 1.57057 -5.94562e-05
25.873 -1.03328 -1.03451 0.0012307 14.2852 -4.34453e-06 0.00372995 -4.71165e-06 -1.03451 -4.17531e-05 1.57057 -5.90919e-05
25.874 -1.03337 -1.03461 0.00123521 14.287 -4.31707e-06 0.00373243 -4.68345e-06 -1.03461 -4.17852e-05 1.57057 -5.87287e-05
25.875 -1.03346 -1.0347 0.00123971 14.2888 -4.28959e-06 0.0037349 -4.65523e-06 -1.0347 -4.18172e-05 1.57057 -5.83666e-05
25.876 -1.03356 -1.0348 0.00124422 14.2906 -4.26208e-06 0.00373737 -4.62699e-06 -1.0348 -4.18492e-05 1.57057 -5.80056e-05
25.877 -1.03365 -1.0349 0.00124873 14.2924 -4.23456e-06 0.00373984 -4.59873e-06 -1.0349 -4.18811e-05 1.57057 -5.76456e-05
25.878 -1.03374 -1.03499 0.00125324 14.2941 -4.20701e-06 0.00374231 -4.57046e-06 -1.03499 -4.19131e-05 1.57057 -5.72868e-05
25.879 -1.03383 -1.03509 0.00125775 14.2959 -4.17945e-06 0.00374478 -4.54216e-06 -1.03509 -4.1945e-05 1.57057 -5.69289e-05
25.88 -1.03392 -1.03518 0.00126226 14.2977 -4.15187e-06 0.00374724 -4.51385e-06 -1.03518 -4.19768e-05 1.57057 -5.65722e-05
25.881 -1.03401 -1.03528 0.00126677 14.2995 -4.12427e-06 0.0037497 -4.48552e-06 -1.03528 -4.20087e-05 1.57057 -5.62165e-05
25.882 -1.0341 -1.03537 0.00127128 14.3012 -4.09665e-06 0.00375216 -4.45718e-06 -1.03537 -4.20405e-05 1.57057 -5.5862e-05
25.883 -1.03419 -1.03546 0.0012758 14.303 -4.06902e-06 0.00375462 -4.42882e-06 -1.03546 -4.20723e-05 1.57057 -5.55084e-05
25.884 -1.03428 -1.03556 0.00128032 14.3047 -4.04137e-06 0.00375707 -4.40044e-06 -1.03556 -4.2104e-05 1.57057 -5.5156e-05
25.885 -1.03437 -1.03565 0.00128483 14.3065 -4.0137e-06 0.00375953 -4.37205e-06 -1.03565 -4.21357e-05 1.57057 -5.48047e-05
25.886 -1.03445 -1.03574 0.00128935 14.3082 -3.98601e-06 0.00376198 -4.34364e-06 -1.03574 -4.21674e-05 1.57057 -5.44544e-05
25.887 -1.03454 -1.03584 0.00129387 14.31 -3.95831e-06 0.00376443 -4.31522e-06 -1.03584 -4.21991e-05 1.57057 -5.41052e-05
25.888 -1.03463 -1.03593 0.00129839 14.3117 -3.93059e-06 0.00376687 -4.28678e-06 -1.03593 -4.22307e-05 1.57057 -5.37571e-05
25.889 -1.03472 -1.03602 0.00130292 14.3135 -3.90286e-06 0.00376932 -4.25833e-06 -1.03602 -4.22623e-05 1.57057 -5.341e-05
25.89 -1.0348 -1.03611 0.00130744 14.3152 -3.87511e-06 0.00377176 -4.22987e-06 -1.03611 -4.22939e-05 1.57057 -5.30641e-05
25.891 -1.03489 -1.0362 0.00131196 14.3169 -3.84735e-06 0.0037742 -4.20139e-06 -1.0362 -4.23254e-05 1.57057 -5.27192e-05
25.892 -1.03498 -1.0363 0.00131649 14.3187 -3.81957e-06 0.00377664 -4.1729e-06 -1.0363 -4.23569e-05 1.57056 -5.23755e-05
25.893 -1.03507 -1.03639 0.00132102 14.3204 -3.79178e-06 0.00377908 -4.1444e-06 -1.03639 -4.23884e-05 1.57056 -5.20328e-05
25.894 -1.03515 -1.03648 0.00132555 14.3221 -3.76397e-06 0.00378152 -4.11588e-06 -1.03648 -4.24198e-05 1.57056 -5.16912e-05
25.895 -1.03524 -1.03657 0.00133008 14.3238 -3.73616e-06 0.00378395 -4.08736e-06 -1.03657 -4.24513e-05 1.57056 -5.13506e-05
25.896 -1.03532 -1.03666 0.00133461 14.3255 -3.70832e-06 0.00378638 -4.05882e-06 -1.03666 -4.24827e-05 1.57056 -5.10112e-05
25.897 -1.03541 -1.03675 0.00133914 14.3272 -3.68048e-06 0.00378881 -4.03027e-06 -1.03675 -4.2514e-05 1.57056 -5.06729e-05
25.898 -1.03549 -1.03684 0.00134368 14.329 -3.65262e-06 0.00379124 -4.00171e-06 -1.03684 -4.25454e-05 1.57056 -5.03356e-05
25.899 -1.03558 -1.03693 0.00134821 14.3307 -3.62476e-06 0.00379367 -3.97314e-06 -1.03693 -4.25767e-05 1.57056 -4.99995e-05
25.9 -1.03566 -1.03702 0.00135275 14.3324 -3.59688e-06 0.00379609 -3.94457e-06 -1.03702 -4.2608e-05 1.57056 -4.96644e-05
25.901 -1.03575 -1.0371 0.00135729 14.334 -3.56899e-06 0.00379851 -3.91598e-06 -1.0371 -4.26392e-05 1.57056 -4.93305e-05
25.902 -1.03583 -1.03719 0.00136183 14.3357 -3.54109e-06 0.00380094 -3.88738e-06 -1.03719 -4.26705e-05 1.57056 -4.89976e-05
25.903 -1.03591 -1.03728 0.00136637 14.3374 -3.51317e-06 0.00380336 -3.85877e-06 -1.03728 -4.27017e-05 1.57056 -4.86658e-05
25.904 -1.036 -1.03737 0.00137091 14.3391 -3.48525e-06 0.00380577 -3.83016e-06 -1.03737 -4.27329e-05 1.57056 -4.83351e-05
25.905 -1.03608 -1.03746 0.00137546 14.3408 -3.45732e-06 0.00380819 -3.80154e-06 -1.03746 -4.2764e-05 1.57056 -4.80055e-05
25.906 -1.03616 -1.03754 0.00138 14.3425 -3.42938e-06 0.00381061 -3.7729e-06 -1.03754 -4.27952e-05 1.57056 -4.76771e-05
25.907 -1.03625 -1.03763 0.00138455 14.3441 -3.40143e-06 0.00381302 -3.74427e-06 -1.03763 -4.28263e-05 1.57056 -4.73497e-05
25.908 -1.03633 -1.03772 0.0013891 14.3458 -3.37347e-06 0.00381543 -3.71562e-06 -1.03772 -4.28573e-05 1.57056 -4.70234e-05
25.909 -1.03641 -1.0378 0.00139365 14.3475 -3.34551e-06 0.00381784 -3.68697e-06 -1.0378 -4.28884e-05 1.57056 -4.66982e-05
25.91 -1.03649 -1.03789 0.0013982 14.3491 -3.31753e-06 0.00382025 -3.65832e-06 -1.03789 -4.29194e-05 1.57056 -4.63741e-05
25.911 -1.03657 -1.03798 0.00140275 14.3508 -3.28955e-06 0.00382266 -3.62965e-06 -1.03798 -4.29504e-05 1.57056 -4.60511e-05
25.912 -1.03665 -1.03806 0.00140731 14.3524 -3.26156e-06 0.00382506 -3.60098e-06 -1.03806 -4.29814e-05 1.57056 -4.57292e-05
25.913 -1.03673 -1.03815 0.00141186 14.3541 -3.23357e-06 0.00382747 -3.57231e-06 -1.03815 -4.30124e-05 1.57056 -4.54085e-05
25.914 -1.03681 -1.03823 0.00141642 14.3557 -3.20557e-06 0.00382987 -3.54363e-06 -1.03823 -4.30433e-05 1.57056 -4.50888e-05
25.915 -1.03689 -1.03832 0.00142098 14.3574 -3.17756e-06 0.00383227 -3.51495e-06 -1.03832 -4.30742e-05 1.57056 -4.47702e-05
25.916 -1.03697 -1.0384 0.00142554 14.359 -3.14955e-06 0.00383467 -3.48627e-06 -1.0384 -4.31051e-05 1.57056 -4.44528e-05
25.917 -1.03705 -1.03848 0.0014301 14.3606 -3.12153e-06 0.00383707 -3.45758e-06 -1.03848 -4.3136e-05 1.57056 -4.41364e-05
25.918 -1.03713 -1.03857 0.00143466 14.3623 -3.09351e-06 0.00383947 -3.42889e-06 -1.03857 -4.31668e-05 1.57056 -4.38212e-05
25.919 -1.03721 -1.03865 0.00143923 14.3639 -3.06548e-06 0.00384186 -3.40019e-06 -1.03865 -4.31976e-05 1.57056 -4.35071e-05
25.92 -1.03729 -1.03874 0.0014438 14.3655 -3.03745e-06 0.00384426 -3.37149e-06 -1.03874 -4.32284e-05 1.57056 -4.31941e-05
25.921 -1.03737 -1.03882 0.00144836 14.3671 -3.00941e-06 0.00384665 -3.34279e-06 -1.03882 -4.32592e-05 1.57056 -4.28821e-05
25.922 -1.03745 -1.0389 0.00145293 14.3687 -2.98137e-06 0.00384904 -3.31409e-06 -1.0389 -4.32899e-05 1.57056 -4.25714e-05
25.923 -1.03753 -1.03898 0.0014575 14.3704 -2.95333e-06 0.00385143 -3.28539e-06 -1.03898 -4.33206e-05 1.57056 -4.22617e-05
25.924 -1.0376 -1.03907 0.00146208 14.372 -2.92528e-06 0.00385382 -3.25669e-06 -1.03907 -4.33514e-05 1.57056 -4.19531e-05
25.925 -1.03768 -1.03915 0.00146665 14.3736 -2.89723e-06 0.00385621 -3.22798e-06 -1.03915 -4.3382e-05 1.57056 -4.16457e-05
25.926 -1.03776 -1.03923 0.00147123 14.3752 -2.86919e-06 0.0038586 -3.19928e-06 -1.03923 -4.34127e-05 1.57056 -4.13393e-05
25.927 -1.03783 -1.03931 0.0014758 14.3768 -2.84113e-06 0.00386098 -3.17058e-06 -1.03931 -4.34433e-05 1.57056 -4.10341e-05
25.928 -1.03791 -1.03939 0.00148038 14.3784 -2.81308e-06 0.00386337 -3.14188e-06 -1.03939 -4.34739e-05 1.57056 -4.073e-05
25.929 -1.03799 -1.03947 0.00148496 14.3799 -2.78503e-06 0.00386575 -3.11317e-06 -1.03947 -4.35045e-05 1.57056 -4.0427e-05
25.93 -1.03806 -1.03955 0.00148955 14.3815 -2.75697e-06 0.00386813 -3.08447e-06 -1.03955 -4.35351e-05 1.57056 -4.01252e-05
25.931 -1.03814 -1.03963 0.00149413 14.3831 -2.72892e-06 0.00387051 -3.05578e-06 -1.03963 -4.35657e-05 1.57056 -3.98244e-05
25.932 -1.03821 -1.03971 0.00149872 14.3847 -2.70087e-06 0.00387289 -3.02708e-06 -1.03971 -4.35962e-05 1.57056 -3.95248e-05
25.933 -1.03829 -1.03979 0.0015033 14.3863 -2.67281e-06 0.00387527 -2.99839e-06 -1.03979 -4.36267e-05 1.57056 -3.92263e-05
25.934 -1.03836 -1.03987 0.00150789 14.3878 -2.64476e-06 0.00387765 -2.9697e-06 -1.03987 -4.36572e-05 1.57056 -3.89289e-05
25.935 -1.03844 -1.03995 0.00151248 14.3894 -2.61671e-06 0.00388003 -2.94101e-06 -1.03995 -4.36877e-05 1.57056 -3.86327e-05
25.936 -1.03851 -1.04003 0.00151707 14.391 -2.58866e-06 0.0038824 -2.91232e-06 -1.04003 -4.37181e-05 1.57056 -3.83376e-05
25.937 -1.03858 -1.04011 0.00152167 14.3925 -2.56061e-06 0.00388478 -2.88364e-06 -1.04011 -4.37486e-05 1.57056 -3.80436e-05
25.938 -1.03866 -1.04018 0.00152626 14.3941 -2.53257e-06 0.00388715 -2.85497e-06 -1.04018 -4.3779e-05 1.57056 -3.77507e-05
25.939 -1.03873 -1.04026 0.00153086 14.3956 -2.50452e-06 0.00388952 -2.8263e-06 -1.04026 -4.38094e-05 1.57056 -3.7459e-05
25.94 -1.0388 -1.04034 0.00153546 14.3972 -2.47649e-06 0.0038919 -2.79763e-06 -1.04034 -4.38398e-05 1.57055 -3.71684e-05
25.941 -1.03888 -1.04042 0.00154006 14.3987 -2.44845e-06 0.00389427 -2.76897e-06 -1.04042 -4.38701e-05 1.57055 -3.68789e-05
25.942 -1.03895 -1.04049 0.00154466 14.4002 -2.42042e-06 0.00389664 -2.74032e-06 -1.04049 -4.39005e-05 1.57055 -3.65905e-05
25.943 -1.03902 -1.04057 0.00154927 14.4018 -2.39239e-06 0.00389901 -2.71167e-06 -1.04057 -4.39308e-05 1.57055 -3.63033e-05
25.944 -1.03909 -1.04065 0.00155387 14.4033 -2.36437e-06 0.00390137 -2.68303e-06 -1.04065 -4.39611e-05 1.57055 -3.60172e-05
25.945 -1.03916 -1.04072 0.00155848 14.4048 -2.33635e-06 0.00390374 -2.6544e-06 -1.04072 -4.39914e-05 1.57055 -3.57323e-05
25.946 -1.03923 -1.0408 0.00156309 14.4064 -2.30833e-06 0.00390611 -2.62577e-06 -1.0408 -4.40217e-05 1.57055 -3.54485e-05
25.947 -1.0393 -1.04087 0.0015677 14.4079 -2.28033e-06 0.00390847 -2.59715e-06 -1.04087 -4.40519e-05 1.57055 -3.51658e-05
25.948 -1.03938 -1.04095 0.00157232 14.4094 -2.25233e-06 0.00391084 -2.56854e-06 -1.04095 -4.40822e-05 1.57055 -3.48842e-05
25.949 -1.03945 -1.04102 0.00157693 14.4109 -2.22433e-06 0.0039132 -2.53994e-06 -1.04102 -4.41124e-05 1.57055 -3.46038e-05
25.95 -1.03952 -1.0411 0.00158155 14.4124 -2.19634e-06 0.00391557 -2.51135e-06 -1.0411 -4.41426e-05 1.57055 -3.43246e-05
25.951 -1.03958 -1.04117 0.00158616 14.4139 -2.16836e-06 0.00391793 -2.48276e-06 -1.04117 -4.41728e-05 1.57055 -3.40464e-05
25.952 -1.03965 -1.04124 0.00159078 14.4154 -2.14039e-06 0.00392029 -2.45419e-06 -1.04124 -4.42029e-05 1.57055 -3.37694e-05
25.953 -1.03972 -1.04132 0.00159541 14.4169 -2.11242e-06 0.00392265 -2.42562e-06 -1.04132 -4.42331e-05 1.57055 -3.34936e-05
25.954 -1.03979 -1.04139 0.00160003 14.4184 -2.08446e-06 0.00392501 -2.39707e-06 -1.04139 -4.42632e-05 1.57055 -3.32189e-05
25.955 -1.03986 -1.04146 0.00160466 14.4199 -2.05651e-06 0.00392737 -2.36853e-06 -1.04146 -4.42933e-05 1.57055 -3.29453e-05
25.956 -1.03993 -1.04154 0.00160928 14.4214 -2.02857e-06 0.00392973 -2.33999e-06 -1.04154 -4.43235e-05 1.57055 -3.26729e-05
25.957 -1.04 -1.04161 0.00161391 14.4229 -2.00064e-06 0.00393209 -2.31147e-06 -1.04161 -4.43535e-05 1.57055 -3.24016e-05
25.958 -1.04006 -1.04168 0.00161854 14.4244 -1.97272e-06 0.00393445 -2.28296e-06 -1.04168 -4.43836e-05 1.57055 -3.21315e-05
25.959 -1.04013 -1.04175 0.00162318 14.4258 -1.94481e-06 0.00393681 -2.25447e-06 -1.04175 -4.44137e-05 1.57055 -3.18625e-05
25.96 -1.0402 -1.04182 0.00162781 14.4273 -1.9169e-06 0.00393916 -2.22598e-06 -1.04182 -4.44437e-05 1.57055 -3.15947e-05
25.961 -1.04026 -1.0419 0.00163245 14.4288 -1.88901e-06 0.00394152 -2.19751e-06 -1.0419 -4.44738e-05 1.57055 -3.1328e-05
25.962 -1.04033 -1.04197 0.00163709 14.4302 -1.86113e-06 0.00394388 -2.16905e-06 -1.04197 -4.45038e-05 1.57055 -3.10624e-05
25.963 -1.0404 -1.04204 0.00164173 14.4317 -1.83327e-06 0.00394623 -2.14061e-06 -1.04204 -4.45338e-05 1.57055 -3.0798e-05
25.964 -1.04046 -1.04211 0.00164637 14.4331 -1.80541e-06 0.00394859 -2.11218e-06 -1.04211 -4.45638e-05 1.57055 -3.05348e-05
25.965 -1.04053 -1.04218 0.00165102 14.4346 -1.77756e-06 0.00395094 -2.08376e-06 -1.04218 -4.45938e-05 1.57055 -3.02727e-05
25.966 -1.04059 -1.04225 0.00165566 14.436 -1.74973e-06 0.0039533 -2.05536e-06 -1.04225 -4.46237e-05 1.57055 -3.00118e-05
25.967 -1.04066 -1.04232 0.00166031 14.4375 -1.72191e-06 0.00395565 -2.02698e-06 -1.04232 -4.46537e-05 1.57055 -2.9752e-05
25.968 -1.04072 -1.04239 0.00166496 14.4389 -1.69411e-06 0.003958 -1.99861e-06 -1.04239 -4.46836e-05 1.57055 -2.94934e-05
25.969 -1.04078 -1.04245 0.00166961 14.4404 -1.66631e-06 0.00396036 -1.97025e-06 -1.04245 -4.47135e-05 1.57055 -2.92359e-05
25.97 -1.04085 -1.04252 0.00167427 14.4418 -1.63853e-06 0.00396271 -1.94192e-06 -1.04252 -4.47434e-05 1.57055 -2.89796e-05
25.971 -1.04091 -1.04259 0.00167892 14.4432 -1.61077e-06 0.00396506 -1.91359e-06 -1.04259 -4.47733e-05 1.57055 -2.87244e-05
25.972 -1.04098 -1.04266 0.00168358 14.4446 -1.58302e-06 0.00396741 -1.88529e-06 -1.04266 -4.48032e-05 1.57055 -2.84704e-05
25.973 -1.04104 -1.04273 0.00168824 14.4461 -1.55529e-06 0.00396977 -1.857e-06 -1.04273 -4.48331e-05 1.57055 -2.82176e-05
25.974 -1.0411 -1.04279 0.0016929 14.4475 -1.52757e-06 0.00397212 -1.82873e-06 -1.04279 -4.4863e-05 1.57055 -2.79659e-05
25.975 -1.04116 -1.04286 0.00169757 14.4489 -1.49986e-06 0.00397447 -1.80048e-06 -1.04286 -4.48928e-05 1.57055 -2.77154e-05
25.976 -1.04122 -1.04293 0.00170223 14.4503 -1.47217e-06 0.00397682 -1.77225e-06 -1.04293 -4.49226e-05 1.57055 -2.7466e-05
25.977 -1.04129 -1.04299 0.0017069 14.4517 -1.4445e-06 0.00397917 -1.74404e-06 -1.04299 -4.49525e-05 1.57055 -2.72178e-05
25.978 -1.04135 -1.04306 0.00171157 14.4531 -1.41685e-06 0.00398152 -1.71584e-06 -1.04306 -4.49823e-05 1.57055 -2.69708e-05
25.979 -1.04141 -1.04313 0.00171624 14.4545 -1.38921e-06 0.00398387 -1.68767e-06 -1.04313 -4.50121e-05 1.57055 -2.67249e-05
25.98 -1.04147 -1.04319 0.00172092 14.4559 -1.36159e-06 0.00398622 -1.65951e-06 -1.04319 -4.50419e-05 1.57055 -2.64802e-05
25.981 -1.04153 -1.04326 0.00172559 14.4573 -1.33399e-06 0.00398857 -1.63138e-06 -1.04326 -4.50717e-05 1.57055 -2.62367e-05
25.982 -1.04159 -1.04332 0.00173027 14.4587 -1.3064e-06 0.00399092 -1.60327e-06 -1.04332 -4.51015e-05 1.57055 -2.59943e-05
25.983 -1.04165 -1.04338 0.00173495 14.4601 -1.27884e-06 0.00399327 -1.57517e-06 -1.04338 -4.51312e-05 1.57055 -2.57531e-05
25.984 -1.04171 -1.04345 0.00173964 14.4614 -1.25129e-06 0.00399562 -1.5471e-06 -1.04345 -4.5161e-05 1.57055 -2.55131e-05
25.985 -1.04177 -1.04351 0.00174432 14.4628 -1.22376e-06 0.00399797 -1.51905e-06 -1.04351 -4.51907e-05 1.57055 -2.52742e-05
25.986 -1.04183 -1.04358 0.00174901 14.4642 -1.19625e-06 0.00400032 -1.49102e-06 -1.04358 -4.52204e-05 1.57055 -2.50365e-05
25.987 -1.04189 -1.04364 0.00175369 14.4656 -1.16876e-06 0.00400267 -1.46302e-06 -1.04364 -4.52502e-05 1.57055 -2.48e-05
25.988 -1.04194 -1.0437 0.00175839 14.4669 -1.1413e-06 0.00400502 -1.43504e-06 -1.0437 -4.52799e-05 1.57055 -2.45647e-05
25.989 -1.042 -1.04377 0.00176308 14.4683 -1.11385e-06 0.00400737 -1.40708e-06 -1.04377 -4.53096e-05 1.57054 -2.43305e-05
25.99 -1.04206 -1.04383 0.00176777 14.4696 -1.08642e-06 0.00400972 -1.37914e-06 -1.04383 -4.53393e-05 1.57054 -2.40975e-05
25.991 -1.04212 -1.04389 0.00177247 14.471 -1.05902e-06 0.00401206 -1.35123e-06 -1.04389 -4.5369e-05 1.57054 -2.38657e-05
25.992 -1.04217 -1.04395 0.00177717 14.4723 -1.03163e-06 0.00401441 -1.32334e-06 -1.04395 -4.53987e-05 1.57054 -2.3635e-05
25.993 -1.04223 -1.04401 0.00178187 14.4737 -1.00427e-06 0.00401676 -1.29548e-06 -1.04401 -4.54283e-05 1.57054 -2.34056e-05
25.994 -1.04229 -1.04407 0.00178657 14.475 -9.76932e-07 0.00401911 -1.26764e-06 -1.04407 -4.5458e-05 1.57054 -2.31773e-05
25.995 -1.04234 -1.04414 0.00179128 14.4764 -9.49616e-07 0.00402146 -1.23983e-06 -1.04414 -4.54877e-05 1.57054 -2.29502e-05
25.996 -1.0424 -1.0442 0.00179599 14.4777 -9.22322e-07 0.00402381 -1.21204e-06 -1.0442 -4.55173e-05 1.57054 -2.27242e-05
25.997 -1.04246 -1.04426 0.0018007 14.479 -8.95052e-07 0.00402616 -1.18428e-06 -1.04426 -4.55469e-05 1.57054 -2.24995e-05
25.998 -1.04251 -1.04432 0.00180541 14.4803 -8.67805e-07 0.00402851 -1.15655e-06 -1.04432 -4.55766e-05 1.57054 -2.22759e-05
25.999 -1.04257 -1.04438 0.00181012 14.4817 -8.40583e-07 0.00403086 -1.12884e-06 -1.04438 -4.56062e-05 1.57054 -2.20535e-05
26 -1.04262 -1.04443 0.00181484 14.483 -8.13385e-07 0.00403321 -1.10116e-06 -1.04443 -4.56358e-05 1.57054 -2.18323e-05
26.001 -1.04267 -1.04449 0.00181956 14.4843 -7.86212e-07 0.00403556 -1.07351e-06 -1.04449 -4.56654e-05 1.57054 -2.16123e-05
26.002 -1.04273 -1.04455 0.00182428 14.4856 -7.59064e-07 0.00403792 -1.04588e-06 -1.04455 -4.5695e-05 1.57054 -2.13935e-05
26.003 -1.04278 -1.04461 0.001829 14.4869 -7.31941e-07 0.00404027 -1.01829e-06 -1.04461 -4.57246e-05 1.57054 -2.11759e-05
26.004 -1.04284 -1.04467 0.00183373 14.4882 -7.04845e-07 0.00404262 -9.90719e-07 -1.04467 -4.57542e-05 1.57054 -2.09594e-05
26.005 -1.04289 -1.04473 0.00183846 14.4895 -6.77774e-07 0.00404497 -9.6318e-07 -1.04473 -4.57838e-05 1.57054 -2.07441e-05
26.006 -1.04294 -1.04478 0.00184319 14.4908 -6.5073e-07 0.00404732 -9.3567e-07 -1.04478 -4.58134e-05 1.57054 -2.053e-05
26.007 -1.04299 -1.04484 0.00184792 14.4921 -6.23713e-07 0.00404967 -9.0819e-07 -1.04484 -4.5843e-05 1.57054 -2.03172e-05
26.008 -1.04305 -1.0449 0.00185265 14.4934 -5.96723e-07 0.00405203 -8.80739e-07 -1.0449 -4.58726e-05 1.57054 -2.01055e-05
26.009 -1.0431 -1.04495 0.00185739 14.4947 -5.6976e-07 0.00405438 -8.53319e-07 -1.04495 -4.59021e-05 1.57054 -1.98949e-05
26.01 -1.04315 -1.04501 0.00186213 14.4959 -5.42825e-07 0.00405673 -8.2593e-07 -1.04501 -4.59317e-05 1.57054 -1.96856e-05
26.011 -1.0432 -1.04507 0.00186687 14.4972 -5.15919e-07 0.00405909 -7.98572e-07 -1.04507 -4.59612e-05 1.57054 -1.94775e-05
26.012 -1.04325 -1.04512 0.00187161 14.4985 -4.89041e-07 0.00406144 -7.71245e-07 -1.04512 -4.59908e-05 1.57054 -1.92706e-05
26.013 -1.0433 -1.04518 0.00187636 14.4997 -4.62192e-07 0.0040638 -7.4395e-07 -1.04518 -4.60203e-05 1.57054 -1.90649e-05
26.014 -1.04335 -1.04523 0.00188111 14.501 -4.35372e-07 0.00406615 -7.16687e-07 -1.04523 -4.60499e-05 1.57054 -1.88603e-05
26.015 -1.0434 -1.04529 0.00188586 14.5023 -4.08582e-07 0.00406851 -6.89456e-07 -1.04529 -4.60794e-05 1.57054 -1.8657e-05
26.016 -1.04345 -1.04534 0.00189061 14.5035 -3.81821e-07 0.00407086 -6.62259e-07 -1.04534 -4.61089e-05 1.57054 -1.84548e-05
26.017 -1.0435 -1.0454 0.00189536 14.5048 -3.55091e-07 0.00407322 -6.35094e-07 -1.0454 -4.61385e-05 1.57054 -1.82539e-05
26.018 -1.04355 -1.04545 0.00190012 14.506 -3.28392e-07 0.00407558 -6.07963e-07 -1.04545 -4.6168e-05 1.57054 -1.80542e-05
26.019 -1.0436 -1.0455 0.00190488 14.5073 -3.01723e-07 0.00407793 -5.80865e-07 -1.0455 -4.61975e-05 1.57054 -1.78556e-05
26.02 -1.04365 -1.04556 0.00190964 14.5085 -2.75085e-07 0.00408029 -5.53802e-07 -1.04556 -4.6227e-05 1.57054 -1.76583e-05
26.021 -1.04369 -1.04561 0.00191441 14.5097 -2.4848e-07 0.00408265 -5.26773e-07 -1.04561 -4.62565e-05 1.57054 -1.74622e-05
26.022 -1.04374 -1.04566 0.00191917 14.511 -2.21906e-07 0.00408501 -4.9978e-07 -1.04566 -4.62861e-05 1.57054 -1.72672e-05
26.023 -1.04379 -1.04571 0.00192394 14.5122 -1.95364e-07 0.00408737 -4.72821e-07 -1.04571 -4.63156e-05 1.57054 -1.70735e-05
26.024 -1.04384 -1.04576 0.00192871 14.5134 -1.68855e-07 0.00408973 -4.45898e-07 -1.04576 -4.63451e-05 1.57054 -1.6881e-05
26.025 -1.04388 -1.04582 0.00193349 14.5146 -1.42379e-07 0.00409209 -4.19011e-07 -1.04582 -4.63746e-05 1.57054 -1.66897e-05
26.026 -1.04393 -1.04587 0.00193826 14.5158 -1.15936e-07 0.00409445 -3.9216e-07 -1.04587 -4.64041e-05 1.57054 -1.64996e-05
26.027 -1.04398 -1.04592 0.00194304 14.5171 -8.95267e-08 0.00409682 -3.65345e-07 -1.04592 -4.64336e-05 1.57054 -1.63107e-05
26.028 -1.04402 -1.04597 0.00194782 14.5183 -6.31514e-08 0.00409918 -3.38568e-07 -1.04597 -4.64631e-05 1.57054 -1.6123e-05
26.029 -1.04407 -1.04602 0.0019526 14.5195 -3.68103e-08 0.00410154 -3.11828e-07 -1.04602 -4.64926e-05 1.57054 -1.59365e-05
26.03 -1.04411 -1.04607 0.00195739 14.5207 -1.05038e-08 0.00410391 -2.85125e-07 -1.04607 -4.65221e-05 1.57054 -1.57512e-05
26.031 -1.04416 -1.04612 0.00196218 14.5219 1.57678e-08 0.00410627 -2.58461e-07 -1.04612 -4.65516e-05 1.57054 -1.55672e-05
26.032 -1.0442 -1.04617 0.00196697 14.5231 4.20042e-08 0.00410864 -2.31834e-07 -1.04617 -4.6581e-05 1.57054 -1.53843e-05
26.033 -1.04425 -1.04622 0.00197176 14.5242 6.8205e-08 0.00411101 -2.05247e-07 -1.04622 -4.66105e-05 1.57054 -1.52027e-05
26.034 -1.04429 -1.04627 0.00197656 14.5254 9.43699e-08 0.00411337 -1.78698e-07 -1.04627 -4.664e-05 1.57054 -1.50223e-05
26.035 -1.04433 -1.04631 0.00198135 14.5266 1.20499e-07 0.00411574 -1.52188e-07 -1.04631 -4.66695e-05 1.57054 -1.48431e-05
26.036 -1.04438 -1.04636 0.00198615 14.5278 1.46591e-07 0.00411811 -1.25719e-07 -1.04636 -4.6699e-05 1.57054 -1.46651e-05
26.037 -1.04442 -1.04641 0.00199096 14.529 1.72646e-07 0.00412048 -9.92888e-08 -1.04641 -4.67285e-05 1.57054 -1.44883e-05
26.038 -1.04446 -1.04646 0.00199576 14.5301 1.98664e-07 0.00412285 -7.28993e-08 -1.04646 -4.6758e-05 1.57054 -1.43128e-05
26.039 -1.0445 -1.0465 0.00200057 14.5313 2.24644e-07 0.00412522 -4.65504e-08 -1.0465 -4.67874e-05 1.57053 -1.41385e-05
26.04 -1.04455 -1.04655 0.00200538 14.5325 2.50587e-07 0.0041276 -2.02426e-08 -1.04655 -4.68169e-05 1.57053 -1.39653e-05
26.041 -1.04459 -1.0466 0.00201019 14.5336 2.76491e-07 0.00412997 6.02396e-09 -1.0466 -4.68464e-05 1.57053 -1.37935e-05
26.042 -1.04463 -1.04664 0.00201501 14.5348 3.02357e-07 0.00413235 3.22488e-08 -1.04664 -4.68759e-05 1.57053 -1.36228e-05
26.043 -1.04467 -1.04669 0.00201982 14.5359 3.28184e-07 0.00413472 5.84317e-08 -1.04669 -4.69054e-05 1.57053 -1.34534e-05
26.044 -1.04471 -1.04674 0.00202464 14.5371 3.53972e-07 0.0041371 8.45723e-08 -1.04674 -4.69349e-05 1.57053 -1.32851e-05
26.045 -1.04475 -1.04678 0.00202947 14.5382 3.7972e-07 0.00413947 1.1067e-07 -1.04678 -4.69644e-05 1.57053 -1.31181e-05
26.046 -1.04479 -1.04683 0.00203429 14.5393 4.05429e-07 0.00414185 1.36725e-07 -1.04683 -4.69939e-05 1.57053 -1.29524e-05
26.047 -1.04483 -1.04687 0.00203912 14.5405 4.31097e-07 0.00414423 1.62737e-07 -1.04687 -4.70233e-05 1.57053 -1.27878e-05
26.048 -1.04487 -1.04691 0.00204395 14.5416 4.56725e-07 0.00414661 1.88705e-07 -1.04691 -4.70528e-05 1.57053 -1.26245e-05
26.049 -1.04491 -1.04696 0.00204878 14.5427 4.82313e-07 0.00414899 2.14629e-07 -1.04696 -4.70823e-05 1.57053 -1.24624e-05
26.05 -1.04495 -1.047 0.00205362 14.5438 5.07859e-07 0.00415138 2.40508e-07 -1.047 -4.71118e-05 1.57053 -1.23016e-05
26.051 -1.04499 -1.04705 0.00205845 14.545 5.33363e-07 0.00415376 2.66343e-07 -1.04705 -4.71413e-05 1.57053 -1.21419e-05
26.052 -1.04502 -1.04709 0.00206329 14.5461 5.58826e-07 0.00415614 2.92133e-07 -1.04709 -4.71708e-05 1.57053 -1.19835e-05
26.053 -1.04506 -1.04713 0.00206814 14.5472 5.84247e-07 0.00415853 3.17878e-07 -1.04713 -4.72003e-05 1.57053 -1.18264e-05
26.054 -1.0451 -1.04717 0.00207298 14.5483 6.09626e-07 0.00416092 3.43577e-07 -1.04717 -4.72298e-05 1.57053 -1.16704e-05
26.055 -1.04514 -1.04722 0.00207783 14.5494 6.34962e-07 0.00416331 3.69231e-07 -1.04722 -4.72593e-05 1.57053 -1.15157e-05
26.056 -1.04517 -1.04726 0.00208268 14.5505 6.60255e-07 0.00416569 3.94837e-07 -1.04726 -4.72888e-05 1.57053 -1.13623e-05
26.057 -1.04521 -1.0473 0.00208753 14.5516 6.85504e-07 0.00416808 4.20398e-07 -1.0473 -4.73183e-05 1.57053 -1.12101e-05
26.058 -1.04525 -1.04734 0.00209239 14.5527 7.1071e-07 0.00417048 4.45911e-07 -1.04734 -4.73478e-05 1.57053 -1.10591e-05
26.059 -1.04528 -1.04738 0.00209725 14.5538 7.35872e-07 0.00417287 4.71377e-07 -1.04738 -4.73774e-05 1.57053 -1.09093e-05
26.06 -1.04532 -1.04742 0.00210211 14.5548 7.6099e-07 0.00417526 4.96796e-07 -1.04742 -4.74069e-05 1.57053 -1.07608e-05
26.061 -1.04535 -1.04746 0.00210697 14.5559 7.86063e-07 0.00417766 5.22167e-07 -1.04746 -4.74364e-05 1.57053 -1.06135e-05
26.062 -1.04539 -1.0475 0.00211184 14.557 8.11092e-07 0.00418005 5.47489e-07 -1.0475 -4.74659e-05 1.57053 -1.04675e-05
26.063 -1.04542 -1.04754 0.00211671 14.5581 8.36075e-07 0.00418245 5.72763e-07 -1.04754 -4.74954e-05 1.57053 -1.03227e-05
26.064 -1.04546 -1.04758 0.00212158 14.5591 8.61012e-07 0.00418485 5.97988e-07 -1.04758 -4.7525e-05 1.57053 -1.01791e-05
26.065 -1.04549 -1.04762 0.00212645 14.5602 8.85904e-07 0.00418725 6.23164e-07 -1.04762 -4.75545e-05 1.57053 -1.00368e-05
26.066 -1.04552 -1.04766 0.00213133 14.5613 9.1075e-07 0.00418965 6.48291e-07 -1.04766 -4.75841e-05 1.57053 -9.89575e-06
26.067 -1.04556 -1.04769 0.00213621 14.5623 9.35549e-07 0.00419205 6.73368e-07 -1.04769 -4.76136e-05 1.57053 -9.75593e-06
26.068 -1.04559 -1.04773 0.00214109 14.5634 9.60302e-07 0.00419446 6.98394e-07 -1.04773 -4.76431e-05 1.57053 -9.61735e-06
26.069 -1.04562 -1.04777 0.00214597 14.5644 9.85007e-07 0.00419686 7.2337e-07 -1.04777 -4.76727e-05 1.57053 -9.48002e-06
26.07 -1.04566 -1.04781 0.00215086 14.5654 1.00967e-06 0.00419927 7.48296e-07 -1.04781 -4.77023e-05 1.57053 -9.34394e-06
26.071 -1.04569 -1.04784 0.00215575 14.5665 1.03428e-06 0.00420168 7.7317e-07 -1.04784 -4.77318e-05 1.57053 -9.2091e-06
26.072 -1.04572 -1.04788 0.00216064 14.5675 1.05884e-06 0.00420409 7.97993e-07 -1.04788 -4.77614e-05 1.57053 -9.07552e-06
26.073 -1.04575 -1.04792 0.00216554 14.5685 1.08335e-06 0.0042065 8.22764e-07 -1.04792 -4.7791e-05 1.57053 -8.94318e-06
26.074 -1.04578 -1.04795 0.00217044 14.5696 1.10782e-06 0.00420891 8.47483e-07 -1.04795 -4.78205e-05 1.57053 -8.81209e-06
26.075 -1.04581 -1.04799 0.00217534 14.5706 1.13224e-06 0.00421132 8.7215e-07 -1.04799 -4.78501e-05 1.57053 -8.68226e-06
26.076 -1.04584 -1.04802 0.00218024 14.5716 1.1566e-06 0.00421374 8.96764e-07 -1.04802 -4.78797e-05 1.57053 -8.55368e-06
26.077 -1.04587 -1.04806 0.00218515 14.5726 1.18092e-06 0.00421616 9.21326e-07 -1.04806 -4.79093e-05 1.57053 -8.42635e-06
26.078 -1.0459 -1.04809 0.00219006 14.5736 1.20519e-06 0.00421857 9.45834e-07 -1.04809 -4.79389e-05 1.57053 -8.30028e-06
26.079 -1.04593 -1.04813 0.00219497 14.5746 1.22941e-06 0.00422099 9.70288e-07 -1.04813 -4.79685e-05 1.57053 -8.17546e-06
26.08 -1.04596 -1.04816 0.00219988 14.5756 1.25358e-06 0.00422341 9.94689e-07 -1.04816 -4.79981e-05 1.57053 -8.0519e-06
26.081 -1.04599 -1.04819 0.0022048 14.5766 1.27769e-06 0.00422584 1.01904e-06 -1.04819 -4.80277e-05 1.57053 -7.9296e-06
26.082 -1.04602 -1.04823 0.00220972 14.5776 1.30176e-06 0.00422826 1.04333e-06 -1.04823 -4.80573e-05 1.57053 -7.80856e-06
26.083 -1.04605 -1.04826 0.00221464 14.5786 1.32577e-06 0.00423069 1.06756e-06 -1.04826 -4.8087e-05 1.57053 -7.68877e-06
26.084 -1.04607 -1.04829 0.00221956 14.5796 1.34974e-06 0.00423311 1.09175e-06 -1.04829 -4.81166e-05 1.57053 -7.57024e-06
26.085 -1.0461 -1.04832 0.00222449 14.5806 1.37365e-06 0.00423554 1.11587e-06 -1.04832 -4.81462e-05 1.57053 -7.45298e-06
26.086 -1.04613 -1.04836 0.00222942 14.5816 1.39751e-06 0.00423797 1.13994e-06 -1.04836 -4.81759e-05 1.57053 -7.33698e-06
26.087 -1.04615 -1.04839 0.00223436 14.5825 1.42131e-06 0.0042404 1.16396e-06 -1.04839 -4.82056e-05 1.57053 -7.22224e-06
26.088 -1.04618 -1.04842 0.00223929 14.5835 1.44507e-06 0.00424284 1.18792e-06 -1.04842 -4.82352e-05 1.57053 -7.10876e-06
26.089 -1.04621 -1.04845 0.00224423 14.5845 1.46877e-06 0.00424527 1.21182e-06 -1.04845 -4.82649e-05 1.57052 -6.99655e-06
26.09 -1.04623 -1.04848 0.00224917 14.5854 1.49242e-06 0.00424771 1.23566e-06 -1.04848 -4.82946e-05 1.57052 -6.8856e-06
26.091 -1.04626 -1.04851 0.00225412 14.5864 1.51601e-06 0.00425015 1.25945e-06 -1.04851 -4.83243e-05 1.57052 -6.77592e-06
26.092 -1.04628 -1.04854 0.00225906 14.5874 1.53955e-06 0.00425259 1.28318e-06 -1.04854 -4.83539e-05 1.57052 -6.66751e-06
26.093 -1.04631 -1.04857 0.00226401 14.5883 1.56304e-06 0.00425503 1.30685e-06 -1.04857 -4.83836e-05 1.57052 -6.56037e-06
26.094 -1.04633 -1.0486 0.00226897 14.5893 1.58647e-06 0.00425747 1.33047e-06 -1.0486 -4.84134e-05 1.57052 -6.45449e-06
26.095 -1.04636 -1.04863 0.00227392 14.5902 1.60985e-06 0.00425992 1.35402e-06 -1.04863 -4.84431e-05 1.57052 -6.34989e-06
26.096 -1.04638 -1.04866 0.00227888 14.5911 1.63317e-06 0.00426236 1.37752e-06 -1.04866 -4.84728e-05 1.57052 -6.24655e-06
26.097 -1.0464 -1.04869 0.00228384 14.5921 1.65643e-06 0.00426481 1.40096e-06 -1.04869 -4.85025e-05 1.57052 -6.14449e-06
26.098 -1.04643 -1.04871 0.00228881 14.593 1.67964e-06 0.00426726 1.42434e-06 -1.04871 -4.85323e-05 1.57052 -6.0437e-06
26.099 -1.04645 -1.04874 0.00229377 14.5939 1.7028e-06 0.00426972 1.44766e-06 -1.04874 -4.8562e-05 1.57052 -5.94419e-06
26.1 -1.04647 -1.04877 0.00229874 14.5948 1.7259e-06 0.00427217 1.47092e-06 -1.04877 -4.85918e-05 1.57052 -5.84594e-06
26.101 -1.04649 -1.0488 0.00230372 14.5958 1.74894e-06 0.00427463 1.49411e-06 -1.0488 -4.86215e-05 1.57052 -5.74898e-06
26.102 -1.04651 -1.04882 0.00230869 14.5967 1.77192e-06 0.00427708 1.51725e-06 -1.04882 -4.86513e-05 1.57052 -5.65329e-06
26.103 -1.04654 -1.04885 0.00231367 14.5976 1.79485e-06 0.00427954 1.54033e-06 -1.04885 -4.86811e-05 1.57052 -5.55888e-06
26.104 -1.04656 -1.04888 0.00231865 14.5985 1.81772e-06 0.004282 1.56335e-06 -1.04888 -4.87109e-05 1.57052 -5.46574e-06
26.105 -1.04658 -1.0489 0.00232364 14.5994 1.84053e-06 0.00428447 1.5863e-06 -1.0489 -4.87407e-05 1.57052 -5.37389e-06
26.106 -1.0466 -1.04893 0.00232862 14.6003 1.86329e-06 0.00428693 1.6092e-06 -1.04893 -4.87705e-05 1.57052 -5.28331e-06
26.107 -1.04662 -1.04895 0.00233361 14.6012 1.88598e-06 0.0042894 1.63203e-06 -1.04895 -4.88003e-05 1.57052 -5.19402e-06
26.108 -1.04664 -1.04898 0.0023386 14.6021 1.90862e-06 0.00429187 1.6548e-06 -1.04898 -4.88302e-05 1.57052 -5.10601e-06
26.109 -1.04666 -1.049 0.0023436 14.603 1.9312e-06 0.00429434 1.6775e-06 -1.049 -4.886e-05 1.57052 -5.01928e-06
26.11 -1.04668 -1.04902 0.0023486 14.6038 1.95372e-06 0.00429681 1.70015e-06 -1.04902 -4.88898e-05 1.57052 -4.93384e-06
26.111 -1.04669 -1.04905 0.0023536 14.6047 1.97618e-06 0.00429928 1.72273e-06 -1.04905 -4.89197e-05 1.57052 -4.84967e-06
26.112 -1.04671 -1.04907 0.0023586 14.6056 1.99858e-06 0.00430176 1.74525e-06 -1.04907 -4.89496e-05 1.57052 -4.7668e-06
26.113 -1.04673 -1.04909 0.00236361 14.6065 2.02092e-06 0.00430424 1.7677e-06 -1.04909 -4.89795e-05 1.57052 -4.68521e-06
26.114 -1.04675 -1.04912 0.00236862 14.6073 2.04321e-06 0.00430672 1.79009e-06 -1.04912 -4.90093e-05 1.57052 -4.60491e-06
26.115 -1.04677 -1.04914 0.00237363 14.6082 2.06543e-06 0.0043092 1.81242e-06 -1.04914 -4.90393e-05 1.57052 -4.5259e-06
26.116 -1.04678 -1.04916 0.00237865 14.609 2.08759e-06 0.00431168 1.83468e-06 -1.04916 -4.90692e-05 1.57052 -4.44817e-06
26.117 -1.0468 -1.04918 0.00238367 14.6099 2.10969e-06 0.00431417 1.85687e-06 -1.04918 -4.90991e-05 1.57052 -4.37174e-06
26.118 -1.04682 -1.0492 0.00238869 14.6107 2.13172e-06 0.00431666 1.879e-06 -1.0492 -4.9129e-05 1.57052 -4.29659e-06
26.119 -1.04683 -1.04923 0.00239371 14.6116 2.1537e-06 0.00431915 1.90107e-06 -1.04923 -4.9159e-05 1.57052 -4.22274e-06
26.12 -1.04685 -1.04925 0.00239874 14.6124 2.17561e-06 0.00432164 1.92307e-06 -1.04925 -4.91889e-05 1.57052 -4.15018e-06
26.121 -1.04686 -1.04927 0.00240377 14.6133 2.19747e-06 0.00432413 1.945e-06 -1.04927 -4.92189e-05 1.57052 -4.07892e-06
26.122 -1.04688 -1.04929 0.0024088 14.6141 2.21926e-06 0.00432663 1.96687e-06 -1.04929 -4.92489e-05 1.57052 -4.00895e-06
26.123 -1.04689 -1.04931 0.00241384 14.6149 2.24098e-06 0.00432913 1.98867e-06 -1.04931 -4.92788e-05 1.57052 -3.94027e-06
26.124 -1.04691 -1.04933 0.00241888 14.6157 2.26265e-06 0.00433163 2.01041e-06 -1.04933 -4.93088e-05 1.57052 -3.87289e-06
26.125 -1.04692 -1.04934 0.00242392 14.6166 2.28425e-06 0.00433413 2.03208e-06 -1.04934 -4.93389e-05 1.57052 -3.80681e-06
26.126 -1.04693 -1.04936 0.00242897 14.6174 2.30579e-06 0.00433664 2.05368e-06 -1.04936 -4.93689e-05 1.57052 -3.74203e-06
26.127 -1.04695 -1.04938 0.00243401 14.6182 2.32726e-06 0.00433914 2.07521e-06 -1.04938 -4.93989e-05 1.57052 -3.67855e-06
26.128 -1.04696 -1.0494 0.00243907 14.619 2.34867e-06 0.00434165 2.09668e-06 -1.0494 -4.9429e-05 1.57052 -3.61636e-06
26.129 -1.04697 -1.04942 0.00244412 14.6198 2.37002e-06 0.00434416 2.11807e-06 -1.04942 -4.9459e-05 1.57052 -3.55548e-06
26.13 -1.04699 -1.04943 0.00244918 14.6206 2.3913e-06 0.00434668 2.1394e-06 -1.04943 -4.94891e-05 1.57052 -3.4959e-06
26.131 -1.047 -1.04945 0.00245424 14.6214 2.41251e-06 0.00434919 2.16066e-06 -1.04945 -4.95192e-05 1.57052 -3.43762e-06
26.132 -1.04701 -1.04947 0.0024593 14.6222 2.43366e-06 0.00435171 2.18185e-06 -1.04947 -4.95493e-05 1.57052 -3.38064e-06
26.133 -1.04702 -1.04948 0.00246436 14.623 2.45475e-06 0.00435423 2.20297e-06 -1.04948 -4.95794e-05 1.57052 -3.32497e-06
26.134 -1.04703 -1.0495 0.00246943 14.6238 2.47577e-06 0.00435675 2.22403e-06 -1.0495 -4.96095e-05 1.57052 -3.27061e-06
26.135 -1.04704 -1.04952 0.00247451 14.6245 2.49673e-06 0.00435927 2.24501e-06 -1.04952 -4.96396e-05 1.57052 -3.21755e-06
26.136 -1.04705 -1.04953 0.00247958 14.6253 2.51762e-06 0.0043618 2.26592e-06 -1.04953 -4.96698e-05 1.57052 -3.1658e-06
26.137 -1.04706 -1.04955 0.00248466 14.6261 2.53844e-06 0.00436433 2.28676e-06 -1.04955 -4.96999e-05 1.57052 -3.11535e-06
26.138 -1.04707 -1.04956 0.00248974 14.6269 2.55919e-06 0.00436686 2.30754e-06 -1.04956 -4.97301e-05 1.57052 -3.06622e-06
26.139 -1.04708 -1.04958 0.00249482 14.6276 2.57988e-06 0.00436939 2.32824e-06 -1.04958 -4.97603e-05 1.57051 -3.0184e-06
26.14 -1.04709 -1.04959 0.00249991 14.6284 2.6005e-06 0.00437193 2.34887e-06 -1.04959 -4.97905e-05 1.57051 -2.97188e-06
26.141 -1.0471 -1.0496 0.002505 14.6291 2.62106e-06 0.00437446 2.36942e-06 -1.0496 -4.98207e-05 1.57051 -2.92668e-06
26.142 -1.04711 -1.04962 0.00251009 14.6299 2.64155e-06 0.004377 2.38991e-06 -1.04962 -4.98509e-05 1.57051 -2.88279e-06
26.143 -1.04711 -1.04963 0.00251519 14.6306 2.66197e-06 0.00437954 2.41033e-06 -1.04963 -4.98811e-05 1.57051 -2.84022e-06
26.144 -1.04712 -1.04964 0.00252029 14.6314 2.68232e-06 0.00438209 2.43067e-06 -1.04964 -4.99114e-05 1.57051 -2.79896e-06
26.145 -1.04713 -1.04965 0.00252539 14.6321 2.7026e-06 0.00438464 2.45094e-06 -1.04965 -4.99416e-05 1.57051 -2.75901e-06
26.146 -1.04713 -1.04967 0.00253049 14.6328 2.72281e-06 0.00438718 2.47114e-06 -1.04967 -4.99719e-05 1.57051 -2.72038e-06
26.147 -1.04714 -1.04968 0.0025356 14.6336 2.74296e-06 0.00438974 2.49126e-06 -1.04968 -5.00022e-05 1.57051 -2.68307e-06
26.148 -1.04715 -1.04969 0.00254071 14.6343 2.76304e-06 0.00439229 2.51131e-06 -1.04969 -5.00325e-05 1.57051 -2.64708e-06
26.149 -1.04715 -1.0497 0.00254583 14.635 2.78304e-06 0.00439484 2.53129e-06 -1.0497 -5.00628e-05 1.57051 -2.6124e-06
26.15 -1.04716 -1.04971 0.00255094 14.6357 2.80298e-06 0.0043974 2.5512e-06 -1.04971 -5.00932e-05 1.57051 -2.57905e-06
26.151 -1.04716 -1.04972 0.00255606 14.6364 2.82285e-06 0.00439996 2.57103e-06 -1.04972 -5.01235e-05 1.57051 -2.54701e-06
26.152 -1.04717 -1.04973 0.00256119 14.6371 2.84264e-06 0.00440253 2.59079e-06 -1.04973 -5.01539e-05 1.57051 -2.5163e-06
26.153 -1.04717 -1.04974 0.00256631 14.6378 2.86237e-06 0.00440509 2.61047e-06 -1.04974 -5.01842e-05 1.57051 -2.48691e-06
26.154 -1.04718 -1.04975 0.00257144 14.6385 2.88203e-06 0.00440766 2.63008e-06 -1.04975 -5.02146e-05 1.57051 -2.45885e-06
26.155 -1.04718 -1.04976 0.00257658 14.6392 2.90161e-06 0.00441023 2.64961e-06 -1.04976 -5.0245e-05 1.57051 -2.43211e-06
26.156 -1.04718 -1.04977 0.00258171 14.6399 2.92113e-06 0.0044128 2.66907e-06 -1.04977 -5.02754e-05 1.57051 -2.40669e-06
26.157 -1.04719 -1.04977 0.00258685 14.6406 2.94057e-06 0.00441538 2.68845e-06 -1.04977 -5.03059e-05 1.57051 -2.3826e-06
26.158 -1.04719 -1.04978 0.00259199 14.6413 2.95994e-06 0.00441795 2.70775e-06 -1.04978 -5.03363e-05 1.57051 -2.35984e-06
26.159 -1.04719 -1.04979 0.00259714 14.642 2.97924e-06 0.00442053 2.72698e-06 -1.04979 -5.03668e-05 1.57051 -2.3384e-06
26.16 -1.04719 -1.0498 0.00260228 14.6427 2.99847e-06 0.00442312 2.74614e-06 -1.0498 -5.03973e-05 1.57051 -2.3183e-06
26.161 -1.04719 -1.0498 0.00260743 14.6433 3.01762e-06 0.0044257 2.76522e-06 -1.0498 -5.04277e-05 1.57051 -2.29952e-06
26.162 -1.0472 -1.04981 0.00261259 14.644 3.0367e-06 0.00442829 2.78422e-06 -1.04981 -5.04582e-05 1.57051 -2.28208e-06
26.163 -1.0472 -1.04981 0.00261775 14.6447 3.05571e-06 0.00443088 2.80314e-06 -1.04981 -5.04888e-05 1.57051 -2.26597e-06
26.164 -1.0472 -1.04982 0.00262291 14.6453 3.07465e-06 0.00443347 2.82199e-06 -1.04982 -5.05193e-05 1.57051 -2.25119e-06
26.165 -1.0472 -1.04983 0.00262807 14.646 3.09351e-06 0.00443607 2.84076e-06 -1.04983 -5.05499e-05 1.57051 -2.23774e-06
26.166 -1.0472 -1.04983 0.00263306 14.6431 3.1123e-06 0.00443866 2.85945e-06 -1.04983 -5.05804e-05 1.57051 -2.22563e-06
26.167 -1.0472 -1.04984 0.00263772 14.6403 3.13099e-06 0.00444126 2.87791e-06 -1.04984 -5.06109e-05 1.57051 -2.21475e-06
26.168 -1.0472 -1.04984 0.00264205 14.6376 3.14955e-06 0.00444385 2.89601e-06 -1.04984 -5.06412e-05 1.57051 -2.20501e-06
26.169 -1.0472 -1.04984 0.00264607 14.635 3.16795e-06 0.00444642 2.9136e-06 -1.04984 -5.06713e-05 1.57051 -2.19633e-06
26.17 -1.0472 -1.04985 0.00264979 14.6324 3.18613e-06 0.00444898 2.93058e-06 -1.04985 -5.07011e-05 1.57051 -2.18861e-06
26.171 -1.0472 -1.04985 0.00265321 14.6299 3.20407e-06 0.00445152 2.94683e-06 -1.04985 -5.07305e-05 1.57051 -2.18181e-06
26.172 -1.0472 -1.04985 0.00265634 14.6274 3.22173e-06 0.00445404 2.96226e-06 -1.04985 -5.07594e-05 1.57051 -2.17583e-06
26.173 -1.0472 -1.04986 0.0026592 14.625 3.23905e-06 0.00445652 2.97677e-06 -1.04986 -5.07878e-05 1.57051 -2.17063e-06
26.174 -1.0472 -1.04986 0.0026618 14.6226 3.25599e-06 0.00445898 2.99028e-06 -1.04986 -5.08156e-05 1.57051 -2.16614e-06
26.175 -1.0472 -1.04986 0.00266413 14.6204 3.2725e-06 0.00446139 3.00271e-06 -1.04986 -5.08428e-05 1.57051 -2.16231e-06
26.176 -1.0472 -1.04986 0.00266622 14.6181 3.28854e-06 0.00446377 3.01399e-06 -1.04986 -5.08693e-05 1.57051 -2.15909e-06
26.177 -1.0472 -1.04987 0.00266806 14.6159 3.30405e-06 0.00446611 3.02405e-06 -1.04987 -5.08951e-05 1.57051 -2.15644e-06
26.178 -1.0472 -1.04987 0.00266966 14.6138 3.319e-06 0.0044684 3.03284e-06 -1.04987 -5.09201e-05 1.57051 -2.15432e-06
26.179 -1.0472 -1.04987 0.00267104 14.6117 3.33332e-06 0.00447064 3.0403e-06 -1.04987 -5.09443e-05 1.57051 -2.15267e-06
26.18 -1.0472 -1.04987 0.00267219 14.6096 3.34698e-06 0.00447283 3.04638e-06 -1.04987 -5.09677e-05 1.57051 -2.15148e-06
26.181 -1.0472 -1.04987 0.00267313 14.6076 3.35992e-06 0.00447496 3.05103e-06 -1.04987 -5.09901e-05 1.57051 -2.15071e-06
26.182 -1.0472 -1.04987 0.00267387 14.6057 3.37211e-06 0.00447704 3.05422e-06 -1.04987 -5.10116e-05 1.57051 -2.15031e-06
26.183 -1.0472 -1.04987 0.0026744 14.6037 3.38348e-06 0.00447906 3.05591e-06 -1.04987 -5.10322e-05 1.57051 -2.15027e-06
26.184 -1.0472 -1.04987 0.00267474 14.6018 3.394e-06 0.00448101 3.05605e-06 -1.04987 -5.10518e-05 1.57051 -2.15056e-06
26.185 -1.0472 -1.04987 0.00267488 14.6 3.40363e-06 0.0044829 3.05463e-06 -1.04987 -5.10703e-05 1.57051 -2.15115e-06
26.186 -1.0472 -1.04987 0.00267484 14.5982 3.41231e-06 0.00448472 3.05161e-06 -1.04987 -5.10879e-05 1.57051 -2.15202e-06
26.187 -1.0472 -1.04987 0.00267463 14.5964 3.42001e-06 0.00448646 3.04696e-06 -1.04987 -5.11044e-05 1.57051 -2.15315e-06
26.188 -1.0472 -1.04987 0.00267424 14.5946 3.4267e-06 0.00448814 3.04067e-06 -1.04987 -5.11198e-05 1.57051 -2.15451e-06
26.189 -1.0472 -1.04987 0.00267368 14.5929 3.43232e-06 0.00448974 3.03271e-06 -1.04987 -5.11341e-05 1.57051 -2.15609e-06
26.19 -1.0472 -1.04987 0.00267296 14.5912 3.43684e-06 0.00449127 3.02307e-06 -1.04987 -5.11473e-05 1.57051 -2.15787e-06
26.191 -1.0472 -1.04987 0.00267208 14.5895 3.44022e-06 0.00449272 3.01173e-06 -1.04987 -5.11594e-05 1.57051 -2.15983e-06
26.192 -1.0472 -1.04987 0.00267105 14.5879 3.44243e-06 0.00449408 2.99868e-06 -1.04987 -5.11703e-05 1.57051 -2.16195e-06
26.193 -1.0472 -1.04987 0.00266987 14.5863 3.44344e-06 0.00449537 2.9839e-06 -1.04987 -5.11801e-05 1.57051 -2.16423e-06
26.194 -1.0472 -1.04987 0.00266854 14.5847 3.4432e-06 0.00449657 2.96738e-06 -1.04987 -5.11887e-05 1.57051 -2.16664e-06
26.195 -1.0472 -1.04986 0.00266708 14.5832 3.4417e-06 0.00449768 2.94912e-06 -1.04986 -5.11962e-05 1.57051 -2.16918e-06
26.196 -1.0472 -1.04986 0.00266547 14.5816 3.43889e-06 0.00449871 2.92911e-06 -1.04986 -5.12024e-05 1.57051 -2.17183e-06
26.197 -1.0472 -1.04986 0.00266374 14.5801 3.43476e-06 0.00449965 2.90735e-06 -1.04986 -5.12075e-05 1.57051 -2.17458e-06
26.198 -1.0472 -1.04986 0.00266188 14.5786 3.42927e-06 0.0045005 2.88382e-06 -1.04986 -5.12114e-05 1.57051 -2.17742e-06
26.199 -1.0472 -1.04986 0.00265989 14.5772 3.4224e-06 0.00450126 2.85853e-06 -1.04986 -5.1214e-05 1.57051 -2.18034e-06
26.2 -1.0472 -1.04986 0.00265778 14.5757 3.41412e-06 0.00450193 2.83147e-06 -1.04986 -5.12155e-05 1.57051 -2.18334e-06
26.201 -1.0472 -1.04985 0.00265555 14.5743 3.40441e-06 0.0045025 2.80264e-06 -1.04985 -5.12157e-05 1.57051 -2.18639e-06
26.202 -1.0472 -1.04985 0.0026532 14.5729 3.39325e-06 0.00450298 2.77205e-06 -1.04985 -5.12148e-05 1.57051 -2.18949e-06
26.203 -1.0472 -1.04985 0.00265075 14.5715 3.38062e-06 0.00450336 2.7397e-06 -1.04985 -5.12126e-05 1.57051 -2.19264e-06
26.204 -1.0472 -1.04985 0.00264819 14.5701 3.3665e-06 0.00450364 2.70558e-06 -1.04985 -5.12091e-05 1.57052 -2.19583e-06
26.205 -1.0472 -1.04984 0.00264552 14.5688 3.35087e-06 0.00450383 2.6697e-06 -1.04984 -5.12045e-05 1.57052 -2.19904e-06
26.206 -1.0472 -1.04984 0.00264275 14.5674 3.33372e-06 0.00450391 2.63207e-06 -1.04984 -5.11986e-05 1.57052 -2.20228e-06
26.207 -1.0472 -1.04984 0.00263988 14.5661 3.31502e-06 0.0045039 2.59269e-06 -1.04984 -5.11915e-05 1.57052 -2.20554e-06
26.208 -1.0472 -1.04983 0.00263691 14.5648 3.29477e-06 0.00450378 2.55156e-06 -1.04983 -5.11831e-05 1.57052 -2.2088e-06
26.209 -1.0472 -1.04983 0.00263385 14.5635 3.27296e-06 0.00450357 2.5087e-06 -1.04983 -5.11735e-05 1.57052 -2.21207e-06
26.21 -1.0472 -1.04983 0.0026307 14.5622 3.24956e-06 0.00450325 2.46411e-06 -1.04983 -5.11627e-05 1.57052 -2.21534e-06
26.211 -1.0472 -1.04983 0.00262745 14.561 3.22457e-06 0.00450282 2.41779e-06 -1.04983 -5.11507e-05 1.57052 -2.2186e-06
26.212 -1.0472 -1.04982 0.00262413 14.5597 3.19798e-06 0.0045023 2.36976e-06 -1.04982 -5.11374e-05 1.57052 -2.22185e-06
26.213 -1.0472 -1.04982 0.00262071 14.5585 3.16979e-06 0.00450167 2.32002e-06 -1.04982 -5.11229e-05 1.57052 -2.22509e-06
26.214 -1.0472 -1.04981 0.00261722 14.5573 3.13997e-06 0.00450093 2.26858e-06 -1.04981 -5.11072e-05 1.57052 -2.2283e-06
26.215 -1.0472 -1.04981 0.00261364 14.556 3.10854e-06 0.00450009 2.21546e-06 -1.04981 -5.10902e-05 1.57052 -2.23149e-06
26.216 -1.0472 -1.04981 0.00260998 14.5548 3.07547e-06 0.00449914 2.16067e-06 -1.04981 -5.1072e-05 1.57052 -2.23466e-06
26.217 -1.0472 -1.0498 0.00260625 14.5536 3.04078e-06 0.00449808 2.10421e-06 -1.0498 -5.10526e-05 1.57052 -2.23779e-06
26.218 -1.0472 -1.0498 0.00260245 14.5524 3.00444e-06 0.00449692 2.04609e-06 -1.0498 -5.1032e-05 1.57052 -2.24088e-06
26.219 -1.0472 -1.0498 0.00259857 14.5513 2.96647e-06 0.00449565 1.98633e-06 -1.0498 -5.10101e-05 1.57052 -2.24394e-06
26.22 -1.0472 -1.04979 0.00259462 14.5501 2.92686e-06 0.00449427 1.92495e-06 -1.04979 -5.09871e-05 1.57053 -2.24695e-06
26.221 -1.0472 -1.04979 0.00259061 14.5489 2.88561e-06 0.00449278 1.86194e-06 -1.04979 -5.09628e-05 1.57053 -2.24992e-06
26.222 -1.0472 -1.04978 0.00258652 14.5478 2.84271e-06 0.00449118 1.79734e-06 -1.04978 -5.09373e-05 1.57053 -2.25284e-06
26.223 -1.0472 -1.04978 0.00258238 14.5466 2.79817e-06 0.00448947 1.73114e-06 -1.04978 -5.09106e-05 1.57053 -2.25571e-06
26.224 -1.0472 -1.04978 0.00257816 14.5455 2.752e-06 0.00448766 1.66337e-06 -1.04978 -5.08827e-05 1.57053 -2.25853e-06
26.225 -1.0472 -1.04977 0.00257389 14.5444 2.70419e-06 0.00448573 1.59403e-06 -1.04977 -5.08537e-05 1.57053 -2.26129e-06
26.226 -1.0472 -1.04977 0.00256955 14.5432 2.65474e-06 0.0044837 1.52314e-06 -1.04977 -5.08234e-05 1.57053 -2.26399e-06
26.227 -1.0472 -1.04976 0.00256516 14.5421 2.60366e-06 0.00448155 1.45073e-06 -1.04976 -5.07919e-05 1.57053 -2.26663e-06
26.228 -1.0472 -1.04976 0.0025607 14.541 2.55096e-06 0.00447929 1.37679e-06 -1.04976 -5.07592e-05 1.57053 -2.26921e-06
26.229 -1.0472 -1.04975 0.00255619 14.5399 2.49664e-06 0.00447693 1.30135e-06 -1.04975 -5.07254e-05 1.57053 -2.27172e-06
26.23 -1.0472 -1.04975 0.00255163 14.5388 2.4407e-06 0.00447445 1.22442e-06 -1.04975 -5.06904e-05 1.57053 -2.27417e-06
26.231 -1.0472 -1.04974 0.00254701 14.5377 2.38315e-06 0.00447186 1.14602e-06 -1.04974 -5.06542e-05 1.57053 -2.27655e-06
26.232 -1.0472 -1.04974 0.00254234 14.5366 2.32401e-06 0.00446916 1.06616e-06 -1.04974 -5.06168e-05 1.57053 -2.27886e-06
26.233 -1.0472 -1.04974 0.00253761 14.5355 2.26327e-06 0.00446635 9.84865e-07 -1.04974 -5.05782e-05 1.57053 -2.2811e-06
26.234 -1.0472 -1.04973 0.00253284 14.5344 2.20094e-06 0.00446343 9.02143e-07 -1.04973 -5.05385e-05 1.57054 -2.28326e-06
26.235 -1.0472 -1.04973 0.00252802 14.5333 2.13704e-06 0.0044604 8.18015e-07 -1.04973 -5.04976e-05 1.57054 -2.28535e-06
26.236 -1.0472 -1.04972 0.00252314 14.5323 2.07157e-06 0.00445725 7.32495e-07 -1.04972 -5.04556e-05 1.57054 -2.28737e-06
26.237 -1.0472 -1.04972 0.00251822 14.5312 2.00454e-06 0.004454 6.45602e-07 -1.04972 -5.04124e-05 1.57054 -2.28931e-06
26.238 -1.0472 -1.04971 0.00251326 14.5301 1.93597e-06 0.00445063 5.57352e-07 -1.04971 -5.03681e-05 1.57054 -2.29117e-06
26.239 -1.0472 -1.04971 0.00250825 14.529 1.86586e-06 0.00444716 4.67762e-07 -1.04971 -5.03226e-05 1.57054 -2.29295e-06
26.24 -1.0472 -1.0497 0.00250319 14.528 1.79423e-06 0.00444357 3.7685e-07 -1.0497 -5.0276e-05 1.57054 -2.29465e-06
26.241 -1.0472 -1.0497 0.00249809 14.5269 1.72108e-06 0.00443988 2.84634e-07 -1.0497 -5.02283e-05 1.57054 -2.29626e-06
26.242 -1.0472 -1.04969 0.00249295 14.5259 1.64643e-06 0.00443607 1.91131e-07 -1.04969 -5.01794e-05 1.57054 -2.2978e-06
26.243 -1.0472 -1.04969 0.00248776 14.5248 1.57029e-06 0.00443215 9.63586e-08 -1.04969 -5.01294e-05 1.57054 -2.29925e-06
26.244 -1.0472 -1.04968 0.00248254 14.5237 1.49268e-06 0.00442812 3.35112e-10 -1.04968 -5.00783e-05 1.57054 -2.30062e-06
26.245 -1.0472 -1.04967 0.00247727 14.5227 1.41361e-06 0.00442399 -9.69215e-08 -1.04967 -5.00261e-05 1.57054 -2.30191e-06
26.246 -1.0472 -1.04967 0.00247196 14.5216 1.33309e-06 0.00441974 -1.95393e-07 -1.04967 -4.99727e-05 1.57054 -2.30311e-06
26.247 -1.0472 -1.04966 0.00246662 14.5206 1.25113e-06 0.00441538 -2.95062e-07 -1.04966 -4.99183e-05 1.57055 -2.30422e-06
26.248 -1.0472 -1.04966 0.00246124 14.5195 1.16776e-06 0.00441092 -3.95908e-07 -1.04966 -4.98627e-05 1.57055 -2.30525e-06
26.249 -1.0472 -1.04965 0.00245582 14.5185 1.08298e-06 0.00440634 -4.97915e-07 -1.04965 -4.9806e-05 1.57055 -2.30619e-06
26.25 -1.0472 -1.04965 0.00245036 14.5174 9.9681e-07 0.00440166 -6.01064e-07 -1.04965 -4.97483e-05 1.57055 -2.30704e-06
26.251 -1.0472 -1.04964 0.00244486 14.5164 9.09266e-07 0.00439686 -7.05335e-07 -1.04964 -4.96894e-05 1.57055 -2.3078e-06
26.252 -1.0472 -1.04964 0.00243933 14.5153 8.20364e-07 0.00439196 -8.1071e-07 -1.04964 -4.96295e-05 1.57055 -2.30848e-06
26.253 -1.0472 -1.04963 0.00243377 14.5143 7.30118e-07 0.00438695 -9.17172e-07 -1.04963 -4.95685e-05 1.57055 -2.30906e-06
26.254 -1.0472 -1.04963 0.00242817 14.5132 6.38547e-07 0.00438183 -1.0247e-06 -1.04963 -4.95064e-05 1.57055 -2.30956e-06
26.255 -1.0472 -1.04962 0.00242254 14.5122 5.45665e-07 0.00437661 -1.13328e-06 -1.04962 -4.94432e-05 1.57055 -2.30997e-06
26.256 -1.0472 -1.04961 0.00241687 14.5111 4.5149e-07 0.00437128 -1.24288e-06 -1.04961 -4.9379e-05 1.57055 -2.31029e-06
26.257 -1.0472 -1.04961 0.00241117 14.5101 3.56038e-07 0.00436584 -1.35349e-06 -1.04961 -4.93137e-05 1.57055 -2.31052e-06
26.258 -1.0472 -1.0496 0.00240544 14.509 2.59327e-07 0.00436029 -1.4651e-06 -1.0496 -4.92474e-05 1.57055 -2.31065e-06
26.259 -1.0472 -1.0496 0.00239968 14.508 1.61375e-07 0.00435464 -1.57768e-06 -1.0496 -4.918e-05 1.57056 -2.3107e-06
26.26 -1.0472 -1.04959 0.00239388 14.5069 6.21973e-08 0.00434888 -1.69121e-06 -1.04959 -4.91115e-05 1.57056 -2.31066e-06
26.261 -1.0472 -1.04959 0.00238805 14.5059 -3.81867e-08 0.00434302 -1.80567e-06 -1.04959 -4.9042e-05 1.57056 -2.31053e-06
26.262 -1.0472 -1.04958 0.0023822 14.5049 -1.39759e-07 0.00433705 -1.92105e-06 -1.04958 -4.89715e-05 1.57056 -2.31031e-06
26.263 -1.0472 -1.04957 0.00237631 14.5038 -2.42503e-07 0.00433098 -2.03733e-06 -1.04957 -4.88999e-05 1.57056 -2.30999e-06
26.264 -1.0472 -1.04957 0.00237039 14.5028 -3.46399e-07 0.0043248 -2.15448e-06 -1.04957 -4.88273e-05 1.57056 -2.30959e-06
26.265 -1.0472 -1.04956 0.00236445 14.5017 -4.51429e-07 0.00431852 -2.27249e-06 -1.04956 -4.87537e-05 1.57056 -2.3091e-06
26.266 -1.0472 -1.04956 0.00235847 14.5007 -5.57574e-07 0.00431213 -2.39134e-06 -1.04956 -4.8679e-05 1.57056 -2.30851e-06
26.267 -1.0472 -1.04955 0.00235247 14.4996 -6.64817e-07 0.00430564 -2.51101e-06 -1.04955 -4.86034e-05 1.57056 -2.30784e-06
26.268 -1.0472 -1.04954 0.00234644 14.4985 -7.73137e-07 0.00429905 -2.63148e-06 -1.04954 -4.85267e-05 1.57056 -2.30707e-06
26.269 -1.0472 -1.04954 0.00234038 14.4975 -8.82517e-07 0.00429236 -2.75272e-06 -1.04954 -4.8449e-05 1.57056 -2.30622e-06
26.27 -1.0472 -1.04953 0.00233429 14.4964 -9.92936e-07 0.00428556 -2.87473e-06 -1.04953 -4.83703e-05 1.57056 -2.30527e-06
26.271 -1.0472 -1.04953 0.00232818 14.4954 -1.10438e-06 0.00427866 -2.99748e-06 -1.04953 -4.82906e-05 1.57057 -2.30424e-06
26.272 -1.0472 -1.04952 0.00232204 14.4943 -1.21682e-06 0.00427167 -3.12096e-06 -1.04952 -4.82099e-05 1.57057 -2.30312e-06
26.273 -1.0472 -1.04951 0.00231587 14.4933 -1.33024e-06 0.00426457 -3.24514e-06 -1.04951 -4.81282e-05 1.57057 -2.3019e-06
26.274 -1.0472 -1.04951 0.00230967 14.4922 -1.44463e-06 0.00425737 -3.37001e-06 -1.04951 -4.80456e-05 1.57057 -2.3006e-06
26.275 -1.0472 -1.0495 0.00230345 14.4911 -1.55996e-06 0.00425007 -3.49554e-06 -1.0495 -4.79619e-05 1.57057 -2.29921e-06
26.276 -1.0472 -1.04949 0.00229721 14.4901 -1.67622e-06 0.00424267 -3.62171e-06 -1.04949 -4.78773e-05 1.57057 -2.29773e-06
26.277 -1.0472 -1.04949 0.00229094 14.489 -1.79338e-06 0.00423517 -3.74852e-06 -1.04949 -4.77917e-05 1.57057 -2.29616e-06
26.278 -1.0472 -1.04948 0.00228464 14.488 -1.91142e-06 0.00422757 -3.87594e-06 -1.04948 -4.77051e-05 1.57057 -2.2945e-06
26.279 -1.0472 -1.04948 0.00227832 14.4869 -2.03033e-06 0.00421988 -4.00394e-06 -1.04948 -4.76176e-05 1.57057 -2.29276e-06
26.28 -1.0472 -1.04947 0.00227197 14.4858 -2.15009e-06 0.00421209 -4.13252e-06 -1.04947 -4.75291e-05 1.57057 -2.29093e-06
26.281 -1.0472 -1.04946 0.0022656 14.4847 -2.27067e-06 0.0042042 -4.26165e-06 -1.04946 -4.74397e-05 1.57057 -2.28901e-06
26.282 -1.0472 -1.04946 0.00225921 14.4837 -2.39206e-06 0.00419622 -4.39131e-06 -1.04946 -4.73493e-05 1.57057 -2.287e-06
26.283 -1.0472 -1.04945 0.00225279 14.4826 -2.51423e-06 0.00418814 -4.52148e-06 -1.04945 -4.7258e-05 1.57058 -2.28491e-06
26.284 -1.0472 -1.04944 0.00224635 14.4815 -2.63717e-06 0.00417996 -4.65216e-06 -1.04944 -4.71657e-05 1.57058 -2.28273e-06
26.285 -1.0472 -1.04944 0.00223988 14.4804 -2.76085e-06 0.00417169 -4.7833e-06 -1.04944 -4.70725e-05 1.57058 -2.28046e-06
26.286 -1.0472 -1.04943 0.00223339 14.4794 -2.88527e-06 0.00416332 -4.91491e-06 -1.04943 -4.69784e-05 1.57058 -2.27811e-06
26.287 -1.0472 -1.04942 0.00222688 14.4783 -3.01038e-06 0.00415486 -5.04696e-06 -1.04942 -4.68833e-05 1.57058 -2.27568e-06
26.288 -1.0472 -1.04942 0.00222035 14.4772 -3.13619e-06 0.00414631 -5.17943e-06 -1.04942 -4.67874e-05 1.57058 -2.27316e-06
26.289 -1.0472 -1.04941 0.00221379 14.4761 -3.26266e-06 0.00413767 -5.3123e-06 -1.04941 -4.66905e-05 1.57058 -2.27056e-06
26.29 -1.0472 -1.0494 0.00220721 14.475 -3.38978e-06 0.00412893 -5.44555e-06 -1.0494 -4.65927e-05 1.57058 -2.26787e-06
26.291 -1.0472 -1.0494 0.00220061 14.4739 -3.51752e-06 0.0041201 -5.57917e-06 -1.0494 -4.64939e-05 1.57058 -2.2651e-06
26.292 -1.0472 -1.04939 0.00219398 14.4729 -3.64587e-06 0.00411118 -5.71314e-06 -1.04939 -4.63943e-05 1.57058 -2.26224e-06
26.293 -1.0472 -1.04938 0.00218734 14.4718 -3.77481e-06 0.00410216 -5.84744e-06 -1.04938 -4.62938e-05 1.57058 -2.25931e-06
26.294 -1.0472 -1.04938 0.00218067 14.4707 -3.90432e-06 0.00409306 -5.98204e-06 -1.04938 -4.61924e-05 1.57058 -2.25629e-06
26.295 -1.0472 -1.04937 0.00217398 14.4696 -4.03437e-06 0.00408387 -6.11694e-06 -1.04937 -4.60901e-05 1.57059 -2.25319e-06
26.296 -1.0472 -1.04936 0.00216727 14.4685 -4.16495e-06 0.00407459 -6.25212e-06 -1.04936 -4.59869e-05 1.57059 -2.25001e-06
26.297 -1.0472 -1.04936 0.00216053 14.4674 -4.29604e-06 0.00406522 -6.38755e-06 -1.04936 -4.58829e-05 1.57059 -2.24675e-06
26.298 -1.0472 -1.04935 0.00215378 14.4663 -4.42762e-06 0.00405576 -6.52322e-06 -1.04935 -4.5778e-05 1.57059 -2.24341e-06
26.299 -1.0472 -1.04934 0.00214701 14.4652 -4.55966e-06 0.00404621 -6.65911e-06 -1.04934 -4.56722e-05 1.57059 -2.23999e-06
26.3 -1.0472 -1.04934 0.00214021 14.4641 -4.69216e-06 0.00403658 -6.7952e-06 -1.04934 -4.55655e-05 1.57059 -2.23649e-06
26.301 -1.0472 -1.04933 0.00213339 14.463 -4.82508e-06 0.00402686 -6.93148e-06 -1.04933 -4.5458e-05 1.57059 -2.23291e-06
26.302 -1.0472 -1.04932 0.00212656 14.4619 -4.95841e-06 0.00401706 -7.06792e-06 -1.04932 -4.53496e-05 1.57059 -2.22925e-06
26.303 -1.0472 -1.04932 0.0021197 14.4607 -5.09214e-06 0.00400717 -7.20452e-06 -1.04932 -4.52404e-05 1.57059 -2.22552e-06
26.304 -1.0472 -1.04931 0.00211283 14.4596 -5.22623e-06 0.00399719 -7.34125e-06 -1.04931 -4.51303e-05 1.57059 -2.22171e-06
26.305 -1.0472 -1.0493 0.00210593 14.4585 -5.36068e-06 0.00398713 -7.47809e-06 -1.0493 -4.50194e-05 1.57059 -2.21782e-06
26.306 -1.0472 -1.0493 0.00209901 14.4574 -5.49546e-06 0.00397699 -7.61503e-06 -1.0493 -4.49076e-05 1.57059 -2.21385e-06
26.307 -1.0472 -1.04929 0.00209208 14.4563 -5.63055e-06 0.00396676 -7.75205e-06 -1.04929 -4.47951e-05 1.5706 -2.20982e-06
26.308 -1.0472 -1.04928 0.00208512 14.4552 -5.76593e-06 0.00395645 -7.88914e-06 -1.04928 -4.46816e-05 1.5706 -2.2057e-06
26.309 -1.0472 -1.04928 0.00207815 14.454 -5.90159e-06 0.00394606 -8.02627e-06 -1.04928 -4.45674e-05 1.5706 -2.20151e-06
26.31 -1.0472 -1.04927 0.00207115 14.4529 -6.03751e-06 0.00393559 -8.16343e-06 -1.04927 -4.44524e-05 1.5706 -2.19725e-06
26.311 -1.0472 -1.04926 0.00206414 14.4518 -6.17366e-06 0.00392504 -8.3006e-06 -1.04926 -4.43365e-05 1.5706 -2.19291e-06
26.312 -1.0472 -1.04925 0.0020571 14.4507 -6.31003e-06 0.0039144 -8.43776e-06 -1.04925 -4.42198e-05 1.5706 -2.18851e-06
26.313 -1.0472 -1.04925 0.00205005 14.4495 -6.4466e-06 0.00390369 -8.57491e-06 -1.04925 -4.41024e-05 1.5706 -2.18402e-06
26.314 -1.0472 -1.04924 0.00204298 14.4484 -6.58335e-06 0.0038929 -8.71202e-06 -1.04924 -4.39841e-05 1.5706 -2.17947e-06
26.315 -1.0472 -1.04923 0.00203589 14.4473 -6.72026e-06 0.00388203 -8.84907e-06 -1.04923 -4.3865e-05 1.5706 -2.17485e-06
26.316 -1.0472 -1.04923 0.00202879 14.4461 -6.85731e-06 0.00387108 -8.98605e-06 -1.04923 -4.37452e-05 1.5706 -2.17015e-06
26.317 -1.0472 -1.04922 0.00202166 14.445 -6.99449e-06 0.00386005 -9.12294e-06 -1.04922 -4.36245e-05 1.5706 -2.16539e-06
26.318 -1.0472 -1.04921 0.00201452 14.4438 -7.13178e-06 0.00384895 -9.25973e-06 -1.04921 -4.35031e-05 1.5706 -2.16055e-06
26.319 -1.0472 -1.0492 0.00200735 14.4427 -7.26915e-06 0.00383777 -9.39641e-06 -1.0492 -4.33809e-05 1.57061 -2.15565e-06
26.32 -1.0472 -1.0492 0.00200017 14.4416 -7.40659e-06 0.00382651 -9.53294e-06 -1.0492 -4.3258e-05 1.57061 -2.15068e-06
26.321 -1.0472 -1.04919 0.00199298 14.4404 -7.54408e-06 0.00381518 -9.66932e-06 -1.04919 -4.31343e-05 1.57061 -2.14564e-06
26.322 -1.0472 -1.04918 0.00198576 14.4393 -7.68161e-06 0.00380377 -9.80554e-06 -1.04918 -4.30098e-05 1.57061 -2.14053e-06
26.323 -1.0472 -1.04918 0.00197853 14.4381 -7.81915e-06 0.00379229 -9.94157e-06 -1.04918 -4.28845e-05 1.57061 -2.13536e-06
26.324 -1.0472 -1.04917 0.00197128 14.437 -7.95669e-06 0.00378074 -1.00774e-05 -1.04917 -4.27586e-05 1.57061 -2.13012e-06
26.325 -1.0472 -1.04916 0.00196401 14.4358 -8.09421e-06 0.00376912 -1.0213e-05 -1.04916 -4.26318e-05 1.57061 -2.12481e-06
26.326 -1.0472 -1.04915 0.00195672 14.4347 -8.23169e-06 0.00375742 -1.03484e-05 -1.04915 -4.25044e-05 1.57061 -2.11944e-06
26.327 -1.0472 -1.04915 0.00194942 14.4335 -8.36912e-06 0.00374565 -1.04835e-05 -1.04915 -4.23761e-05 1.57061 -2.11401e-06
26.328 -1.0472 -1.04914 0.0019421 14.4324 -8.50647e-06 0.00373381 -1.06184e-05 -1.04914 -4.22472e-05 1.57061 -2.10851e-06
26.329 -1.0472 -1.04913 0.00193477 14.4312 -8.64374e-06 0.00372189 -1.0753e-05 -1.04913 -4.21175e-05 1.57061 -2.10295e-06
26.33 -1.0472 -1.04912 0.00192741 14.43 -8.78089e-06 0.00370991 -1.08873e-05 -1.04912 -4.19872e-05 1.57061 -2.09732e-06
26.331 -1.0472 -1.04912 0.00192004 14.4289 -8.91793e-06 0.00369786 -1.10213e-05 -1.04912 -4.18561e-05 1.57062 -2.09164e-06
26.332 -1.0472 -1.04911 0.00191266 14.4277 -9.05482e-06 0.00368574 -1.1155e-05 -1.04911 -4.17243e-05 1.57062 -2.08589e-06
26.333 -1.0472 -1.0491 0.00190525 14.4266 -9.19155e-06 0.00367355 -1.12884e-05 -1.0491 -4.15917e-05 1.57062 -2.08008e-06
26.334 -1.0472 -1.0491 0.00189784 14.4254 -9.32811e-06 0.00366129 -1.14214e-05 -1.0491 -4.14585e-05 1.57062 -2.07421e-06
26.335 -1.0472 -1.04909 0.0018904 14.4242 -9.46448e-06 0.00364897 -1.1554e-05 -1.04909 -4.13246e-05 1.57062 -2.06827e-06
26.336 -1.0472 -1.04908 0.00188295 14.4231 -9.60063e-06 0.00363658 -1.16863e-05 -1.04908 -4.119e-05 1.57062 -2.06228e-06
26.337 -1.0472 -1.04907 0.00187549 14.4219 -9.73657e-06 0.00362413 -1.18181e-05 -1.04907 -4.10547e-05 1.57062 -2.05623e-06
26.338 -1.0472 -1.04907 0.001868 14.4207 -9.87226e-06 0.0036116 -1.19496e-05 -1.04907 -4.09188e-05 1.57062 -2.05013e-06
26.339 -1.0472 -1.04906 0.00186051 14.4195 -1.00077e-05 0.00359902 -1.20806e-05 -1.04906 -4.07821e-05 1.57062 -2.04396e-06
26.34 -1.0472 -1.04905 0.00185299 14.4184 -1.01429e-05 0.00358637 -1.22112e-05 -1.04905 -4.06448e-05 1.57062 -2.03774e-06
26.341 -1.0472 -1.04904 0.00184546 14.4172 -1.02777e-05 0.00357365 -1.23414e-05 -1.04904 -4.05068e-05 1.57062 -2.03146e-06
26.342 -1.0472 -1.04904 0.00183792 14.416 -1.04123e-05 0.00356088 -1.2471e-05 -1.04904 -4.03682e-05 1.57062 -2.02513e-06
26.343 -1.0472 -1.04903 0.00183036 14.4148 -1.05465e-05 0.00354804 -1.26002e-05 -1.04903 -4.02289e-05 1.57062 -2.01873e-06
26.344 -1.0472 -1.04902 0.00182279 14.4137 -1.06804e-05 0.00353513 -1.27289e-05 -1.04902 -4.00889e-05 1.57063 -2.01229e-06
26.345 -1.0472 -1.04901 0.0018152 14.4125 -1.0814e-05 0.00352217 -1.28572e-05 -1.04901 -3.99483e-05 1.57063 -2.00579e-06
26.346 -1.0472 -1.04901 0.0018076 14.4113 -1.09472e-05 0.00350915 -1.29848e-05 -1.04901 -3.98071e-05 1.57063 -1.99923e-06
26.347 -1.0472 -1.049 0.00179998 14.4101 -1.108e-05 0.00349606 -1.3112e-05 -1.049 -3.96652e-05 1.57063 -1.99263e-06
26.348 -1.0472 -1.04899 0.00179235 14.4089 -1.12124e-05 0.00348292 -1.32386e-05 -1.04899 -3.95227e-05 1.57063 -1.98597e-06
26.349 -1.0472 -1.04898 0.0017847 14.4078 -1.13444e-05 0.00346972 -1.33647e-05 -1.04898 -3.93796e-05 1.57063 -1.97925e-06
26.35 -1.0472 -1.04897 0.00177704 14.4066 -1.1476e-05 0.00345646 -1.34902e-05 -1.04897 -3.92358e-05 1.57063 -1.97249e-06
26.351 -1.0472 -1.04897 0.00176937 14.4054 -1.16071e-05 0.00344314 -1.36151e-05 -1.04897 -3.90914e-05 1.57063 -1.96567e-06
26.352 -1.0472 -1.04896 0.00176168 14.4042 -1.17378e-05 0.00342976 -1.37394e-05 -1.04896 -3.89465e-05 1.57063 -1.95881e-06
26.353 -1.0472 -1.04895 0.00175398 14.403 -1.1868e-05 0.00341633 -1.38631e-05 -1.04895 -3.88009e-05 1.57063 -1.95189e-06
26.354 -1.0472 -1.04894 0.00174626 14.4018 -1.19977e-05 0.00340284 -1.39862e-05 -1.04894 -3.86547e-05 1.57063 -1.94492e-06
26.355 -1.0472 -1.04894 0.00173853 14.4006 -1.21269e-05 0.00338929 -1.41086e-05 -1.04894 -3.85079e-05 1.57063 -1.93791e-06
26.356 -1.0472 -1.04893 0.00173079 14.3994 -1.22556e-05 0.00337569 -1.42304e-05 -1.04893 -3.83605e-05 1.57064 -1.93085e-06
26.357 -1.0472 -1.04892 0.00172303 14.3982 -1.23837e-05 0.00336204 -1.43516e-05 -1.04892 -3.82126e-05 1.57064 -1.92373e-06
26.358 -1.0472 -1.04891 0.00171527 14.3971 -1.25114e-05 0.00334833 -1.44721e-05 -1.04891 -3.8064e-05 1.57064 -1.91658e-06
26.359 -1.0472 -1.04891 0.00170748 14.3959 -1.26384e-05 0.00333457 -1.45918e-05 -1.04891 -3.79149e-05 1.57064 -1.90937e-06
26.36 -1.0472 -1.0489 0.00169969 14.3947 -1.27649e-05 0.00332075 -1.4711e-05 -1.0489 -3.77652e-05 1.57064 -1.90212e-06
26.361 -1.0472 -1.04889 0.00169188 14.3935 -1.28908e-05 0.00330689 -1.48294e-05 -1.04889 -3.76149e-05 1.57064 -1.89482e-06
26.362 -1.0472 -1.04888 0.00168406 14.3923 -1.30162e-05 0.00329297 -1.4947e-05 -1.04888 -3.74641e-05 1.57064 -1.88748e-06
26.363 -1.0472 -1.04887 0.00167623 14.3911 -1.31409e-05 0.003279 -1.5064e-05 -1.04887 -3.73127e-05 1.57064 -1.88009e-06
26.364 -1.0472 -1.04887 0.00166839 14.3899 -1.32649e-05 0.00326498 -1.51802e-05 -1.04887 -3.71608e-05 1.57064 -1.87266e-06
26.365 -1.0472 -1.04886 0.00166053 14.3887 -1.33884e-05 0.00325091 -1.52957e-05 -1.04886 -3.70083e-05 1.57064 -1.86518e-06
26.366 -1.0472 -1.04885 0.00165266 14.3875 -1.35112e-05 0.00323679 -1.54104e-05 -1.04885 -3.68553e-05 1.57064 -1.85766e-06
26.367 -1.0472 -1.04884 0.00164478 14.3863 -1.36333e-05 0.00322262 -1.55244e-05 -1.04884 -3.67018e-05 1.57064 -1.8501e-06
26.368 -1.0472 -1.04883 0.00163689 14.3851 -1.37548e-05 0.00320841 -1.56375e-05 -1.04883 -3.65477e-05 1.57065 -1.8425e-06
26.369 -1.0472 -1.04883 0.00162899 14.3839 -1.38756e-05 0.00319414 -1.57499e-05 -1.04883 -3.63931e-05 1.57065 -1.83485e-06
26.37 -1.0472 -1.04882 0.00162107 14.3827 -1.39956e-05 0.00317983 -1.58615e-05 -1.04882 -3.6238e-05 1.57065 -1.82716e-06
26.371 -1.0472 -1.04881 0.00161315 14.3815 -1.4115e-05 0.00316547 -1.59722e-05 -1.04881 -3.60823e-05 1.57065 -1.81944e-06
26.372 -1.0472 -1.0488 0.00160521 14.3803 -1.42336e-05 0.00315107 -1.60821e-05 -1.0488 -3.59262e-05 1.57065 -1.81167e-06
26.373 -1.0472 -1.04879 0.00159726 14.3791 -1.43515e-05 0.00313662 -1.61912e-05 -1.04879 -3.57695e-05 1.57065 -1.80386e-06
26.374 -1.0472 -1.04879 0.0015893 14.3779 -1.44687e-05 0.00312213 -1.62995e-05 -1.04879 -3.56124e-05 1.57065 -1.79601e-06
26.375 -1.0472 -1.04878 0.00158134 14.3767 -1.45851e-05 0.00310759 -1.64069e-05 -1.04878 -3.54547e-05 1.57065 -1.78813e-06
26.376 -1.0472 -1.04877 0.00157336 14.3755 -1.47007e-05 0.00309301 -1.65134e-05 -1.04877 -3.52966e-05 1.57065 -1.78021e-06
26.377 -1.0472 -1.04876 0.00156537 14.3743 -1.48156e-05 0.00307838 -1.66191e-05 -1.04876 -3.51379e-05 1.57065 -1.77224e-06
26.378 -1.0472 -1.04875 0.00155737 14.3731 -1.49296e-05 0.00306372 -1.67239e-05 -1.04875 -3.49788e-05 1.57065 -1.76425e-06
26.379 -1.0472 -1.04875 0.00154936 14.3719 -1.50429e-05 0.00304901 -1.68278e-05 -1.04875 -3.48193e-05 1.57065 -1.75621e-06
26.38 -1.0472 -1.04874 0.00154133 14.3707 -1.51553e-05 0.00303425 -1.69307e-05 -1.04874 -3.46592e-05 1.57065 -1.74814e-06
26.381 -1.0472 -1.04873 0.0015333 14.3695 -1.52669e-05 0.00301946 -1.70328e-05 -1.04873 -3.44987e-05 1.57066 -1.74003e-06
26.382 -1.0472 -1.04872 0.00152527 14.3682 -1.53777e-05 0.00300463 -1.7134e-05 -1.04872 -3.43377e-05 1.57066 -1.73189e-06
26.383 -1.0472 -1.04871 0.00151722 14.367 -1.54876e-05 0.00298976 -1.72342e-05 -1.04871 -3.41763e-05 1.57066 -1.72372e-06
26.384 -1.0472 -1.04871 0.00150916 14.3658 -1.55967e-05 0.00297485 -1.73335e-05 -1.04871 -3.40144e-05 1.57066 -1.7155e-06
26.385 -1.0472 -1.0487 0.00150109 14.3646 -1.57049e-05 0.0029599 -1.74318e-05 -1.0487 -3.38521e-05 1.57066 -1.70726e-06
26.386 -1.0472 -1.04869 0.00149301 14.3634 -1.58122e-05 0.00294491 -1.75292e-05 -1.04869 -3.36893e-05 1.57066 -1.69898e-06
26.387 -1.0472 -1.04868 0.00148493 14.3622 -1.59186e-05 0.00292988 -1.76256e-05 -1.04868 -3.35261e-05 1.57066 -1.69067e-06
26.388 -1.0472 -1.04867 0.00147684 14.361 -1.60241e-05 0.00291482 -1.77211e-05 -1.04867 -3.33625e-05 1.57066 -1.68233e-06
26.389 -1.0472 -1.04867 0.00146873 14.3598 -1.61288e-05 0.00289972 -1.78155e-05 -1.04867 -3.31985e-05 1.57066 -1.67395e-06
26.39 -1.0472 -1.04866 0.00146062 14.3586 -1.62325e-05 0.00288458 -1.7909e-05 -1.04866 -3.3034e-05 1.57066 -1.66555e-06
26.391 -1.0472 -1.04865 0.0014525 14.3574 -1.63352e-05 0.00286941 -1.80015e-05 -1.04865 -3.28691e-05 1.57066 -1.65711e-06
26.392 -1.0472 -1.04864 0.00144438 14.3562 -1.64371e-05 0.0028542 -1.8093e-05 -1.04864 -3.27038e-05 1.57066 -1.64864e-06
26.393 -1.0472 -1.04863 0.00143624 14.355 -1.6538e-05 0.00283896 -1.81834e-05 -1.04863 -3.25381e-05 1.57066 -1.64015e-06
26.394 -1.0472 -1.04863 0.0014281 14.3538 -1.66379e-05 0.00282369 -1.82729e-05 -1.04863 -3.23721e-05 1.57067 -1.63162e-06
26.395 -1.0472 -1.04862 0.00141995 14.3526 -1.67369e-05 0.00280838 -1.83613e-05 -1.04862 -3.22056e-05 1.57067 -1.62306e-06
26.396 -1.0472 -1.04861 0.00141179 14.3514 -1.68349e-05 0.00279304 -1.84487e-05 -1.04861 -3.20387e-05 1.57067 -1.61448e-06
26.397 -1.0472 -1.0486 0.00140363 14.3502 -1.69319e-05 0.00277767 -1.8535e-05 -1.0486 -3.18715e-05 1.57067 -1.60587e-06
26.398 -1.0472 -1.04859 0.00139545 14.349 -1.70279e-05 0.00276226 -1.86203e-05 -1.04859 -3.17038e-05 1.57067 -1.59723e-06
26.399 -1.0472 -1.04858 0.00138728 14.3478 -1.71229e-05 0.00274683 -1.87045e-05 -1.04858 -3.15358e-05 1.57067 -1.58856e-06
26.4 -1.0472 -1.04858 0.00137909 14.3466 -1.72169e-05 0.00273136 -1.87877e-05 -1.04858 -3.13674e-05 1.57067 -1.57986e-06
26.401 -1.0472 -1.04857 0.0013709 14.3454 -1.73099e-05 0.00271586 -1.88698e-05 -1.04857 -3.11987e-05 1.57067 -1.57114e-06
26.402 -1.0472 -1.04856 0.0013627 14.3442 -1.74019e-05 0.00270034 -1.89508e-05 -1.04856 -3.10296e-05 1.57067 -1.5624e-06
26.403 -1.0472 -1.04855 0.0013545 14.343 -1.74928e-05 0.00268478 -1.90308e-05 -1.04855 -3.08602e-05 1.57067 -1.55362e-06
26.404 -1.0472 -1.04854 0.00134628 14.3418 -1.75827e-05 0.0026692 -1.91096e-05 -1.04854 -3.06904e-05 1.57067 -1.54483e-06
26.405 -1.0472 -1.04854 0.00133807 14.3406 -1.76716e-05 0.00265358 -1.91874e-05 -1.04854 -3.05203e-05 1.57067 -1.536e-06
26.406 -1.0472 -1.04853 0.00132984 14.3394 -1.77594e-05 0.00263795 -1.9264e-05 -1.04853 -3.03498e-05 1.57068 -1.52716e-06
26.407 -1.0472 -1.04852 0.00132162 14.3382 -1.78461e-05 0.00262228 -1.93396e-05 -1.04852 -3.0179e-05 1.57068 -1.51829e-06
26.408 -1.0472 -1.04851 0.00131338 14.337 -1.79318e-05 0.00260659 -1.9414e-05 -1.04851 -3.00079e-05 1.57068 -1.5094e-06
26.409 -1.0472 -1.0485 0.00130514 14.3358 -1.80163e-05 0.00259087 -1.94873e-05 -1.0485 -2.98364e-05 1.57068 -1.50048e-06
26.41 -1.0472 -1.04849 0.0012969 14.3346 -1.80998e-05 0.00257512 -1.95595e-05 -1.04849 -2.96646e-05 1.57068 -1.49154e-06
26.411 -1.0472 -1.04849 0.00128865 14.3334 -1.81823e-05 0.00255936 -1.96305e-05 -1.04849 -2.94926e-05 1.57068 -1.48258e-06
26.412 -1.0472 -1.04848 0.0012804 14.3322 -1.82636e-05 0.00254356 -1.97004e-05 -1.04848 -2.93202e-05 1.57068 -1.4736e-06
26.413 -1.0472 -1.04847 0.00127214 14.331 -1.83438e-05 0.00252775 -1.97692e-05 -1.04847 -2.91475e-05 1.57068 -1.4646e-06
26.414 -1.0472 -1.04846 0.00126388 14.3298 -1.84229e-05 0.00251191 -1.98368e-05 -1.04846 -2.89745e-05 1.57068 -1.45557e-06
26.415 -1.0472 -1.04845 0.00125561 14.3287 -1.85008e-05 0.00249604 -1.99032e-05 -1.04845 -2.88012e-05 1.57068 -1.44653e-06
26.416 -1.0472 -1.04844 0.00124734 14.3275 -1.85777e-05 0.00248016 -1.99685e-05 -1.04844 -2.86277e-05 1.57068 -1.43746e-06
26.417 -1.0472 -1.04844 0.00123906 14.3263 -1.86534e-05 0.00246425 -2.00326e-05 -1.04844 -2.84538e-05 1.57068 -1.42838e-06
26.418 -1.0472 -1.04843 0.00123078 14.3251 -1.8728e-05 0.00244832 -2.00956e-05 -1.04843 -2.82797e-05 1.57068 -1.41928e-06
26.419 -1.0472 -1.04842 0.0012225 14.3239 -1.88014e-05 0.00243237 -2.01574e-05 -1.04842 -2.81053e-05 1.57069 -1.41016e-06
26.42 -1.0472 -1.04841 0.00121422 14.3227 -1.88737e-05 0.00241641 -2.0218e-05 -1.04841 -2.79306e-05 1.57069 -1.40102e-06
26.421 -1.0472 -1.0484 0.00120593 14.3215 -1.89448e-05 0.00240042 -2.02774e-05 -1.0484 -2.77557e-05 1.57069 -1.39186e-06
26.422 -1.0472 -1.0484 0.00119763 14.3203 -1.90148e-05 0.00238441 -2.03357e-05 -1.0484 -2.75806e-05 1.57069 -1.38269e-06
26.423 -1.0472 -1.04839 0.00118934 14.3192 -1.90836e-05 0.00236838 -2.03927e-05 -1.04839 -2.74051e-05 1.57069 -1.37349e-06
26.424 -1.0472 -1.04838 0.00118104 14.318 -1.91512e-05 0.00235234 -2.04485e-05 -1.04838 -2.72295e-05 1.57069 -1.36429e-06
26.425 -1.0472 -1.04837 0.00117274 14.3168 -1.92177e-05 0.00233628 -2.05032e-05 -1.04837 -2.70535e-05 1.57069 -1.35506e-06
26.426 -1.0472 -1.04836 0.00116444 14.3156 -1.92829e-05 0.0023202 -2.05566e-05 -1.04836 -2.68774e-05 1.57069 -1.34582e-06
26.427 -1.0472 -1.04835 0.00115613 14.3144 -1.9347e-05 0.0023041 -2.06089e-05 -1.04835 -2.6701e-05 1.57069 -1.33657e-06
26.428 -1.0472 -1.04835 0.00114783 14.3133 -1.94099e-05 0.00228799 -2.06599e-05 -1.04835 -2.65244e-05 1.57069 -1.32729e-06
26.429 -1.0472 -1.04834 0.00113952 14.3121 -1.94716e-05 0.00227186 -2.07097e-05 -1.04834 -2.63476e-05 1.57069 -1.31801e-06
26.43 -1.0472 -1.04833 0.00113121 14.3109 -1.95321e-05 0.00225572 -2.07583e-05 -1.04833 -2.61705e-05 1.57069 -1.30871e-06
26.431 -1.0472 -1.04832 0.00112289 14.3097 -1.95914e-05 0.00223956 -2.08056e-05 -1.04832 -2.59933e-05 1.57069 -1.2994e-06
26.432 -1.0472 -1.04831 0.00111458 14.3086 -1.96495e-05 0.00222339 -2.08518e-05 -1.04831 -2.58158e-05 1.5707 -1.29007e-06
26.433 -1.0472 -1.0483 0.00110627 14.3074 -1.97064e-05 0.0022072 -2.08967e-05 -1.0483 -2.56382e-05 1.5707 -1.28073e-06
26.434 -1.0472 -1.0483 0.00109795 14.3062 -1.9762e-05 0.002191 -2.09403e-05 -1.0483 -2.54603e-05 1.5707 -1.27137e-06
26.435 -1.0472 -1.04829 0.00108963 14.3051 -1.98165e-05 0.00217479 -2.09828e-05 -1.04829 -2.52823e-05 1.5707 -1.26201e-06
26.436 -1.0472 -1.04828 0.00108132 14.3039 -1.98697e-05 0.00215857 -2.1024e-05 -1.04828 -2.5104e-05 1.5707 -1.25263e-06
26.437 -1.0472 -1.04827 0.001073 14.3027 -1.99216e-05 0.00214233 -2.10639e-05 -1.04827 -2.49256e-05 1.5707 -1.24324e-06
26.438 -1.0472 -1.04826 0.00106468 14.3016 -1.99724e-05 0.00212608 -2.11026e-05 -1.04826 -2.4747e-05 1.5707 -1.23384e-06
26.439 -1.0472 -1.04825 0.00105636 14.3004 -2.00219e-05 0.00210982 -2.11401e-05 -1.04825 -2.45682e-05 1.5707 -1.22443e-06
26.44 -1.0472 -1.04825 0.00104804 14.2993 -2.00702e-05 0.00209356 -2.11763e-05 -1.04825 -2.43893e-05 1.5707 -1.21501e-06
26.441 -1.0472 -1.04824 0.00103972 14.2981 -2.01172e-05 0.00207728 -2.12113e-05 -1.04824 -2.42102e-05 1.5707 -1.20558e-06
26.442 -1.0472 -1.04823 0.00103141 14.2969 -2.0163e-05 0.00206099 -2.1245e-05 -1.04823 -2.4031e-05 1.5707 -1.19613e-06
26.443 -1.0472 -1.04822 0.00102309 14.2958 -2.02075e-05 0.0020447 -2.12774e-05 -1.04822 -2.38516e-05 1.5707 -1.18668e-06
26.444 -1.0472 -1.04821 0.00101477 14.2946 -2.02508e-05 0.00202839 -2.13086e-05 -1.04821 -2.3672e-05 1.5707 -1.17722e-06
26.445 -1.0472 -1.0482 0.00100646 14.2935 -2.02928e-05 0.00201208 -2.13385e-05 -1.0482 -2.34923e-05 1.57071 -1.16775e-06
26.446 -1.0472 -1.0482 0.000998142 14.2923 -2.03335e-05 0.00199576 -2.13672e-05 -1.0482 -2.33125e-05 1.57071 -1.15828e-06
26.447 -1.0472 -1.04819 0.000989828 14.2912 -2.0373e-05 0.00197943 -2.13946e-05 -1.04819 -2.31326e-05 1.57071 -1.14879e-06
26.448 -1.0472 -1.04818 0.000981516 14.29 -2.04113e-05 0.0019631 -2.14208e-05 -1.04818 -2.29525e-05 1.57071 -1.1393e-06
26.449 -1.0472 -1.04817 0.000973205 14.2889 -2.04482e-05 0.00194676 -2.14456e-05 -1.04817 -2.27723e-05 1.57071 -1.1298e-06
26.45 -1.0472 -1.04816 0.000964897 14.2878 -2.04839e-05 0.00193042 -2.14692e-05 -1.04816 -2.2592e-05 1.57071 -1.12029e-06
26.451 -1.0472 -1.04815 0.00095659 14.2866 -2.05184e-05 0.00191407 -2.14916e-05 -1.04815 -2.24115e-05 1.57071 -1.11078e-06
26.452 -1.0472 -1.04815 0.000948285 14.2855 -2.05515e-05 0.00189771 -2.15126e-05 -1.04815 -2.2231e-05 1.57071 -1.10126e-06
26.453 -1.0472 -1.04814 0.000939982 14.2843 -2.05834e-05 0.00188135 -2.15324e-05 -1.04814 -2.20503e-05 1.57071 -1.09173e-06
26.454 -1.0472 -1.04813 0.000931682 14.2832 -2.0614e-05 0.00186499 -2.15509e-05 -1.04813 -2.18696e-05 1.57071 -1.0822e-06
26.455 -1.0472 -1.04812 0.000923384 14.2821 -2.06433e-05 0.00184863 -2.15682e-05 -1.04812 -2.16887e-05 1.57071 -1.07266e-06
26.456 -1.0472 -1.04811 0.00091509 14.281 -2.06714e-05 0.00183226 -2.15842e-05 -1.04811 -2.15078e-05 1.57071 -1.06312e-06
26.457 -1.0472 -1.0481 0.000906798 14.2798 -2.06982e-05 0.00181589 -2.15989e-05 -1.0481 -2.13268e-05 1.57071 -1.05357e-06
26.458 -1.0472 -1.0481 0.000898509 14.2787 -2.07236e-05 0.00179952 -2.16123e-05 -1.0481 -2.11457e-05 1.57072 -1.04402e-06
26.459 -1.0472 -1.04809 0.000890223 14.2776 -2.07478e-05 0.00178314 -2.16244e-05 -1.04809 -2.09646e-05 1.57072 -1.03447e-06
26.46 -1.0472 -1.04808 0.000881941 14.2765 -2.07708e-05 0.00176677 -2.16353e-05 -1.04808 -2.07833e-05 1.57072 -1.02491e-06
26.461 -1.0472 -1.04807 0.000873663 14.2753 -2.07924e-05 0.00175039 -2.16449e-05 -1.04807 -2.0602e-05 1.57072 -1.01535e-06
26.462 -1.0472 -1.04806 0.000865388 14.2742 -2.08127e-05 0.00173402 -2.16532e-05 -1.04806 -2.04207e-05 1.57072 -1.00579e-06
26.463 -1.0472 -1.04805 0.000857118 14.2731 -2.08318e-05 0.00171764 -2.16602e-05 -1.04805 -2.02393e-05 1.57072 -9.9622e-07
26.464 -1.0472 -1.04805 0.000848851 14.272 -2.08496e-05 0.00170127 -2.1666e-05 -1.04805 -2.00578e-05 1.57072 -9.86651e-07
26.465 -1.0472 -1.04804 0.000840589 14.2709 -2.08661e-05 0.0016849 -2.16704e-05 -1.04804 -1.98763e-05 1.57072 -9.77081e-07
26.466 -1.0472 -1.04803 0.000832332 14.2698 -2.08812e-05 0.00166853 -2.16736e-05 -1.04803 -1.96948e-05 1.57072 -9.67509e-07
26.467 -1.0472 -1.04802 0.000824079 14.2687 -2.08951e-05 0.00165216 -2.16755e-05 -1.04802 -1.95132e-05 1.57072 -9.57936e-07
26.468 -1.0472 -1.04801 0.000815831 14.2676 -2.09078e-05 0.00163579 -2.16762e-05 -1.04801 -1.93316e-05 1.57072 -9.48361e-07
26.469 -1.0472 -1.04801 0.000807587 14.2664 -2.09191e-05 0.00161943 -2.16755e-05 -1.04801 -1.91499e-05 1.57072 -9.38786e-07
26.47 -1.0472 -1.048 0.000799349 14.2653 -2.09291e-05 0.00160307 -2.16736e-05 -1.048 -1.89683e-05 1.57072 -9.29211e-07
26.471 -1.0472 -1.04799 0.000791117 14.2643 -2.09378e-05 0.00158672 -2.16704e-05 -1.04799 -1.87866e-05 1.57073 -9.19636e-07
26.472 -1.0472 -1.04798 0.00078289 14.2632 -2.09453e-05 0.00157037 -2.1666e-05 -1.04798 -1.86049e-05 1.57073 -9.10061e-07
26.473 -1.0472 -1.04797 0.000774668 14.2621 -2.09515e-05 0.00155402 -2.16602e-05 -1.04797 -1.84232e-05 1.57073 -9.00487e-07
26.474 -1.0472 -1.04796 0.000766453 14.261 -2.09563e-05 0.00153768 -2.16532e-05 -1.04796 -1.82415e-05 1.57073 -8.90914e-07
26.475 -1.0472 -1.04796 0.000758243 14.2599 -2.09599e-05 0.00152135 -2.16449e-05 -1.04796 -1.80598e-05 1.57073 -8.81342e-07
26.476 -1.0472 -1.04795 0.00075004 14.2588 -2.09622e-05 0.00150502 -2.16354e-05 -1.04795 -1.78781e-05 1.57073 -8.71771e-07
26.477 -1.0472 -1.04794 0.000741843 14.2577 -2.09632e-05 0.0014887 -2.16245e-05 -1.04794 -1.76965e-05 1.57073 -8.62202e-07
26.478 -1.0472 -1.04793 0.000733652 14.2566 -2.09629e-05 0.00147238 -2.16125e-05 -1.04793 -1.75148e-05 1.57073 -8.52636e-07
26.479 -1.0472 -1.04792 0.000725468 14.2556 -2.09613e-05 0.00145607 -2.15991e-05 -1.04792 -1.73332e-05 1.57073 -8.43072e-07
26.48 -1.0472 -1.04791 0.000717291 14.2545 -2.09585e-05 0.00143977 -2.15845e-05 -1.04791 -1.71515e-05 1.57073 -8.3351e-07
26.481 -1.0472 -1.04791 0.000709121 14.2534 -2.09543e-05 0.00142348 -2.15686e-05 -1.04791 -1.69699e-05 1.57073 -8.23952e-07
26.482 -1.0472 -1.0479 0.000700959 14.2523 -2.09489e-05 0.0014072 -2.15514e-05 -1.0479 -1.67884e-05 1.57073 -8.14397e-07
26.483 -1.0472 -1.04789 0.000692803 14.2513 -2.09422e-05 0.00139092 -2.1533e-05 -1.04789 -1.66069e-05 1.57073 -8.04846e-07
26.484 -1.0472 -1.04788 0.000684655 14.2502 -2.09342e-05 0.00137466 -2.15133e-05 -1.04788 -1.64254e-05 1.57073 -7.95298e-07
26.485 -1.0472 -1.04787 0.000676515 14.2491 -2.09249e-05 0.0013584 -2.14924e-05 -1.04787 -1.6244e-05 1.57074 -7.85755e-07
26.486 -1.0472 -1.04787 0.000668383 14.2481 -2.09143e-05 0.00134216 -2.14702e-05 -1.04787 -1.60626e-05 1.57074 -7.76216e-07
26.487 -1.0472 -1.04786 0.000660259 14.247 -2.09025e-05 0.00132593 -2.14467e-05 -1.04786 -1.58813e-05 1.57074 -7.66683e-07
26.488 -1.0472 -1.04785 0.000652143 14.246 -2.08894e-05 0.0013097 -2.1422e-05 -1.04785 -1.57e-05 1.57074 -7.57154e-07
26.489 -1.0472 -1.04784 0.000644035 14.2449 -2.0875e-05 0.00129349 -2.13961e-05 -1.04784 -1.55188e-05 1.57074 -7.4763e-07
26.49 -1.0472 -1.04783 0.000635936 14.2439 -2.08593e-05 0.00127729 -2.13689e-05 -1.04783 -1.53377e-05 1.57074 -7.38112e-07
26.491 -1.0472 -1.04783 0.000627845 14.2428 -2.08424e-05 0.00126111 -2.13404e-05 -1.04783 -1.51567e-05 1.57074 -7.286e-07
26.492 -1.0472 -1.04782 0.000619763 14.2418 -2.08242e-05 0.00124493 -2.13108e-05 -1.04782 -1.49757e-05 1.57074 -7.19095e-07
26.493 -1.0472 -1.04781 0.000611691 14.2407 -2.08047e-05 0.00122877 -2.12798e-05 -1.04781 -1.47948e-05 1.57074 -7.09595e-07
26.494 -1.0472 -1.0478 0.000603627 14.2397 -2.0784e-05 0.00121263 -2.12477e-05 -1.0478 -1.4614e-05 1.57074 -7.00103e-07
26.495 -1.0472 -1.04779 0.000595573 14.2387 -2.0762e-05 0.00119649 -2.12143e-05 -1.04779 -1.44333e-05 1.57074 -6.90617e-07
26.496 -1.0472 -1.04779 0.000587528 14.2376 -2.07387e-05 0.00118038 -2.11796e-05 -1.04779 -1.42527e-05 1.57074 -6.81139e-07
26.497 -1.0472 -1.04778 0.000579493 14.2366 -2.07142e-05 0.00116427 -2.11438e-05 -1.04778 -1.40722e-05 1.57074 -6.71668e-07
26.498 -1.0472 -1.04777 0.000571468 14.2356 -2.06884e-05 0.00114818 -2.11067e-05 -1.04777 -1.38918e-05 1.57075 -6.62205e-07
26.499 -1.0472 -1.04776 0.000563453 14.2346 -2.06614e-05 0.00113211 -2.10684e-05 -1.04776 -1.37115e-05 1.57075 -6.52751e-07
26.5 -1.0472 -1.04775 0.000555448 14.2335 -2.06332e-05 0.00111605 -2.10289e-05 -1.04775 -1.35314e-05 1.57075 -6.43304e-07
26.501 -1.0472 -1.04775 0.000547453 14.2325 -2.06036e-05 0.00110001 -2.09881e-05 -1.04775 -1.33513e-05 1.57075 -6.33867e-07
26.502 -1.0472 -1.04774 0.000539468 14.2315 -2.05729e-05 0.00108399 -2.09462e-05 -1.04774 -1.31714e-05 1.57075 -6.24438e-07
26.503 -1.0472 -1.04773 0.000531495 14.2305 -2.05409e-05 0.00106798 -2.0903e-05 -1.04773 -1.29916e-05 1.57075 -6.15018e-07
26.504 -1.0472 -1.04772 0.000523532 14.2295 -2.05076e-05 0.00105199 -2.08586e-05 -1.04772 -1.28119e-05 1.57075 -6.05608e-07
26.505 -1.0472 -1.04771 0.00051558 14.2285 -2.04731e-05 0.00103602 -2.0813e-05 -1.04771 -1.26324e-05 1.57075 -5.96207e-07
26.506 -1.0472 -1.04771 0.000507639 14.2275 -2.04374e-05 0.00102006 -2.07663e-05 -1.04771 -1.2453e-05 1.57075 -5.86816e-07
26.507 -1.0472 -1.0477 0.000499709 14.2265 -2.04005e-05 0.00100413 -2.07183e-05 -1.0477 -1.22737e-05 1.57075 -5.77436e-07
26.508 -1.0472 -1.04769 0.000491791 14.2255 -2.03623e-05 0.000988214 -2.06691e-05 -1.04769 -1.20946e-05 1.57075 -5.68066e-07
26.509 -1.0472 -1.04768 0.000483884 14.2245 -2.03229e-05 0.000972317 -2.06187e-05 -1.04768 -1.19157e-05 1.57075 -5.58706e-07
26.51 -1.0472 -1.04767 0.000475989 14.2235 -2.02823e-05 0.000956441 -2.05672e-05 -1.04767 -1.17369e-05 1.57075 -5.49358e-07
26.511 -1.0472 -1.04767 0.000468106 14.2225 -2.02405e-05 0.000940584 -2.05145e-05 -1.04767 -1.15582e-05 1.57075 -5.40021e-07
26.512 -1.0472 -1.04766 0.000460234 14.2215 -2.01975e-05 0.000924747 -2.04606e-05 -1.04766 -1.13798e-05 1.57076 -5.30695e-07
26.513 -1.0472 -1.04765 0.000452375 14.2206 -2.01532e-05 0.000908932 -2.04055e-05 -1.04765 -1.12015e-05 1.57076 -5.21381e-07
26.514 -1.0472 -1.04764 0.000444529 14.2196 -2.01078e-05 0.000893138 -2.03493e-05 -1.04764 -1.10233e-05 1.57076 -5.12079e-07
26.515 -1.0472 -1.04763 0.000436695 14.2186 -2.00611e-05 0.000877365 -2.02918e-05 -1.04763 -1.08454e-05 1.57076 -5.02788e-07
26.516 -1.0472 -1.04763 0.000428873 14.2176 -2.00133e-05 0.000861614 -2.02333e-05 -1.04763 -1.06676e-05 1.57076 -4.93511e-07
26.517 -1.0472 -1.04762 0.000421064 14.2167 -1.99642e-05 0.000845886 -2.01735e-05 -1.04762 -1.04901e-05 1.57076 -4.84246e-07
26.518 -1.0472 -1.04761 0.000413268 14.2157 -1.9914e-05 0.00083018 -2.01127e-05 -1.04761 -1.03127e-05 1.57076 -4.74994e-07
26.519 -1.0472 -1.0476 0.000405486 14.2147 -1.98626e-05 0.000814497 -2.00506e-05 -1.0476 -1.01355e-05 1.57076 -4.65755e-07
26.52 -1.0472 -1.0476 0.000397716 14.2138 -1.981e-05 0.000798838 -1.99875e-05 -1.0476 -9.9585e-06 1.57076 -4.56529e-07
26.521 -1.0472 -1.04759 0.00038996 14.2128 -1.97562e-05 0.000783202 -1.99232e-05 -1.04759 -9.78172e-06 1.57076 -4.47317e-07
26.522 -1.0472 -1.04758 0.000382217 14.2119 -1.97013e-05 0.00076759 -1.98577e-05 -1.04758 -9.60514e-06 1.57076 -4.38119e-07
26.523 -1.0472 -1.04757 0.000374488 14.2109 -1.96452e-05 0.000752003 -1.97911e-05 -1.04757 -9.42877e-06 1.57076 -4.28935e-07
26.524 -1.0472 -1.04756 0.000366773 14.21 -1.95879e-05 0.000736441 -1.97234e-05 -1.04756 -9.25261e-06 1.57076 -4.19765e-07
26.525 -1.0472 -1.04756 0.000359072 14.2091 -1.95295e-05 0.000720903 -1.96546e-05 -1.04756 -9.07668e-06 1.57076 -4.10609e-07
26.526 -1.0472 -1.04755 0.000351385 14.2081 -1.94699e-05 0.000705391 -1.95847e-05 -1.04755 -8.90097e-06 1.57076 -4.01469e-07
26.527 -1.0472 -1.04754 0.000343712 14.2072 -1.94092e-05 0.000689905 -1.95136e-05 -1.04754 -8.72548e-06 1.57077 -3.92343e-07
26.528 -1.0472 -1.04753 0.000336054 14.2063 -1.93473e-05 0.000674445 -1.94415e-05 -1.04753 -8.55023e-06 1.57077 -3.83233e-07
26.529 -1.0472 -1.04753 0.00032841 14.2053 -1.92843e-05 0.000659012 -1.93683e-05 -1.04753 -8.37521e-06 1.57077 -3.74138e-07
26.53 -1.0472 -1.04752 0.000320781 14.2044 -1.92201e-05 0.000643605 -1.92939e-05 -1.04752 -8.20043e-06 1.57077 -3.65058e-07
26.531 -1.0472 -1.04751 0.000313167 14.2035 -1.91549e-05 0.000628225 -1.92185e-05 -1.04751 -8.02589e-06 1.57077 -3.55995e-07
26.532 -1.0472 -1.0475 0.000305567 14.2026 -1.90884e-05 0.000612873 -1.9142e-05 -1.0475 -7.8516e-06 1.57077 -3.46947e-07
26.533 -1.0472 -1.0475 0.000297983 14.2017 -1.90209e-05 0.000597549 -1.90644e-05 -1.0475 -7.67756e-06 1.57077 -3.37916e-07
26.534 -1.0472 -1.04749 0.000290414 14.2007 -1.89523e-05 0.000582253 -1.89857e-05 -1.04749 -7.50378e-06 1.57077 -3.28902e-07
26.535 -1.0472 -1.04748 0.000282861 14.1998 -1.88825e-05 0.000566985 -1.8906e-05 -1.04748 -7.33025e-06 1.57077 -3.19904e-07
26.536 -1.0472 -1.04747 0.000275323 14.1989 -1.88117e-05 0.000551746 -1.88252e-05 -1.04747 -7.15699e-06 1.57077 -3.10923e-07
26.537 -1.0472 -1.04747 0.000267801 14.198 -1.87398e-05 0.000536537 -1.87433e-05 -1.04747 -6.98399e-06 1.57077 -3.01959e-07
26.538 -1.0472 -1.04746 0.000260294 14.1971 -1.86667e-05 0.000521357 -1.86604e-05 -1.04746 -6.81126e-06 1.57077 -2.93012e-07
26.539 -1.0472 -1.04745 0.000252804 14.1962 -1.85926e-05 0.000506206 -1.85764e-05 -1.04745 -6.63881e-06 1.57077 -2.84083e-07
26.54 -1.0472 -1.04744 0.00024533 14.1954 -1.85174e-05 0.000491086 -1.84915e-05 -1.04744 -6.46663e-06 1.57077 -2.75172e-07
26.541 -1.0472 -1.04744 0.000237871 14.1945 -1.84411e-05 0.000475996 -1.84054e-05 -1.04744 -6.29473e-06 1.57078 -2.66279e-07
26.542 -1.0472 -1.04743 0.00023043 14.1936 -1.83637e-05 0.000460936 -1.83184e-05 -1.04743 -6.12312e-06 1.57078 -2.57404e-07
26.543 -1.0472 -1.04742 0.000223005 14.1927 -1.82853e-05 0.000445908 -1.82303e-05 -1.04742 -5.9518e-06 1.57078 -2.48547e-07
26.544 -1.0472 -1.04741 0.000215596 14.1918 -1.82058e-05 0.000430911 -1.81412e-05 -1.04741 -5.78077e-06 1.57078 -2.39709e-07
26.545 -1.0472 -1.04741 0.000208204 14.191 -1.81253e-05 0.000415946 -1.80511e-05 -1.04741 -5.61004e-06 1.57078 -2.3089e-07
26.546 -1.0472 -1.0474 0.000200829 14.1901 -1.80437e-05 0.000401013 -1.796e-05 -1.0474 -5.43961e-06 1.57078 -2.22089e-07
26.547 -1.0472 -1.04739 0.000193472 14.1892 -1.79611e-05 0.000386112 -1.78679e-05 -1.04739 -5.26948e-06 1.57078 -2.13308e-07
26.548 -1.0472 -1.04738 0.000186131 14.1884 -1.78774e-05 0.000371243 -1.77748e-05 -1.04738 -5.09965e-06 1.57078 -2.04546e-07
26.549 -1.0472 -1.04738 0.000178808 14.1875 -1.77927e-05 0.000356408 -1.76807e-05 -1.04738 -4.93014e-06 1.57078 -1.95804e-07
26.55 -1.0472 -1.04737 0.000171502 14.1867 -1.7707e-05 0.000341606 -1.75856e-05 -1.04737 -4.76094e-06 1.57078 -1.87081e-07
26.551 -1.0472 -1.04736 0.000164214 14.1858 -1.76203e-05 0.000326837 -1.74896e-05 -1.04736 -4.59207e-06 1.57078 -1.78379e-07
26.552 -1.0472 -1.04735 0.000156943 14.185 -1.75326e-05 0.000312102 -1.73926e-05 -1.04735 -4.42351e-06 1.57078 -1.69697e-07
26.553 -1.0472 -1.04735 0.00014969 14.1841 -1.74438e-05 0.000297401 -1.72946e-05 -1.04735 -4.25528e-06 1.57078 -1.61034e-07
26.554 -1.0472 -1.04734 0.000142455 14.1833 -1.73541e-05 0.000282734 -1.71957e-05 -1.04734 -4.08737e-06 1.57078 -1.52393e-07
26.555 -1.0472 -1.04733 0.000135239 14.1825 -1.72633e-05 0.000268102 -1.70958e-05 -1.04733 -3.9198e-06 1.57078 -1.43772e-07
26.556 -1.0472 -1.04733 0.00012804 14.1817 -1.71716e-05 0.000253505 -1.6995e-05 -1.04733 -3.75257e-06 1.57078 -1.35172e-07
26.557 -1.0472 -1.04732 0.00012086 14.1808 -1.70789e-05 0.000238943 -1.68932e-05 -1.04732 -3.58567e-06 1.57079 -1.26593e-07
26.558 -1.0472 -1.04731 0.000113699 14.18 -1.69852e-05 0.000224417 -1.67905e-05 -1.04731 -3.41912e-06 1.57079 -1.18035e-07
26.559 -1.0472 -1.0473 0.000106555 14.1792 -1.68906e-05 0.000209927 -1.66869e-05 -1.0473 -3.25291e-06 1.57079 -1.09499e-07
26.56 -1.0472 -1.0473 9.94311e-05 14.1784 -1.6795e-05 0.000195472 -1.65824e-05 -1.0473 -3.08706e-06 1.57079 -1.00985e-07
26.561 -1.0472 -1.04729 9.23256e-05 14.1776 -1.66984e-05 0.000181054 -1.6477e-05 -1.04729 -2.92155e-06 1.57079 -9.24917e-08
26.562 -1.0472 -1.04728 8.5239e-05 14.1768 -1.66009e-05 0.000166673 -1.63706e-05 -1.04728 -2.75641e-06 1.57079 -8.40208e-08
26.563 -1.0472 -1.04728 7.81716e-05 14.176 -1.65025e-05 0.000152329 -1.62634e-05 -1.04728 -2.59162e-06 1.57079 -7.55721e-08
26.564 -1.0472 -1.04727 7.11233e-05 14.1752 -1.64031e-05 0.000138021 -1.61553e-05 -1.04727 -2.4272e-06 1.57079 -6.71456e-08
26.565 -1.0472 -1.04726 6.40944e-05 14.1744 -1.63028e-05 0.000123752 -1.60463e-05 -1.04726 -2.26314e-06 1.57079 -5.87417e-08
26.566 -1.0472 -1.04725 5.70849e-05 14.1736 -1.62015e-05 0.00010952 -1.59364e-05 -1.04725 -2.09945e-06 1.57079 -5.03604e-08
26.567 -1.0472 -1.04725 5.00949e-05 14.1728 -1.60994e-05 9.53258e-05 -1.58257e-05 -1.04725 -1.93614e-06 1.57079 -4.20019e-08
26.568 -1.0472 -1.04724 4.31247e-05 14.172 -1.59963e-05 8.11702e-05 -1.57141e-05 -1.04724 -1.77321e-06 1.57079 -3.36664e-08
26.569 -1.0472 -1.04723 3.61742e-05 14.1712 -1.58924e-05 6.70532e-05 -1.56017e-05 -1.04723 -1.61065e-06 1.57079 -2.53541e-08
26.57 -1.0472 -1.04723 2.92437e-05 14.1705 -1.57876e-05 5.29749e-05 -1.54884e-05 -1.04723 -1.44848e-06 1.57079 -1.7065e-08
26.571 -1.0472 -1.04722 2.23332e-05 14.1697 -1.56818e-05 3.89358e-05 -1.53742e-05 -1.04722 -1.28669e-06 1.57079 -8.79951e-09
26.572 -1.0472 -1.04721 1.54428e-05 14.1689 -1.55752e-05 2.4936e-05 -1.52593e-05 -1.04721 -1.1253e-06 1.57079 -5.57637e-10
26.573 -1.0472 -1.04721 8.57273e-06 14.1682 -1.54678e-05 1.09758e-05 -1.51435e-05 -1.04721 -9.64294e-07 1.5708 7.66043e-09
26.574 -1.0472 -1.0472 1.72301e-06 14.1674 -1.53594e-05 -2.94456e-06 -1.50268e-05 -1.0472 -8.03687e-07 1.5708 1.58545e-08
26.575 -1.0472 -1.04719 -5.10623e-06 14.1666 -1.52502e-05 -1.68248e-05 -1.49094e-05 -1.04719 -6.43481e-07 1.5708 2.40245e-08
26.576 -1.0472 -1.04719 -1.19149e-05 14.1659 -1.51402e-05 -3.06646e-05 -1.47912e-05 -1.04719 -4.83676e-07 1.5708 3.21701e-08
26.577 -1.0472 -1.04718 -1.87028e-05 14.1651 -1.50293e-05 -4.44638e-05 -1.46722e-05 -1.04718 -3.24278e-07 1.5708 4.02914e-08
26.578 -1.0472 -1.04717 -2.54699e-05 14.1644 -1.49176e-05 -5.82222e-05 -1.45523e-05 -1.04717 -1.65289e-07 1.5708 4.8388e-08
26.579 -1.0472 -1.04717 -3.22161e-05 14.1637 -1.4805e-05 -7.19394e-05 -1.44318e-05 -1.04717 -6.71156e-09 1.5708 5.64599e-08
26.58 -1.0472 -1.04716 -3.89412e-05 14.1629 -1.46916e-05 -8.56153e-05 -1.43104e-05 -1.04716 1.5145e-07 1.5708 6.45068e-08
26.581 -1.0472 -1.04715 -4.56452e-05 14.1622 -1.45774e-05 -9.92495e-05 -1.41882e-05 -1.04715 3.09194e-07 1.5708 7.25287e-08
26.582 -1.0472 -1.04715 -5.2328e-05 14.1615 -1.44625e-05 -0.000112842 -1.40654e-05 -1.04715 4.66517e-07 1.5708 8.05254e-08
26.583 -1.0472 -1.04714 -5.89893e-05 14.1607 -1.43467e-05 -0.000126392 -1.39417e-05 -1.04714 6.23415e-07 1.5708 8.84968e-08
26.584 -1.0472 -1.04713 -6.56293e-05 14.16 -1.42301e-05 -0.0001399 -1.38173e-05 -1.04713 7.79885e-07 1.5708 9.64426e-08
26.585 -1.0472 -1.04713 -7.22476e-05 14.1593 -1.41127e-05 -0.000153366 -1.36922e-05 -1.04713 9.35925e-07 1.5708 1.04363e-07
26.586 -1.0472 -1.04712 -7.88443e-05 14.1586 -1.39946e-05 -0.000166788 -1.35663e-05 -1.04712 1.09153e-06 1.5708 1.12257e-07
26.587 -1.0472 -1.04711 -8.54191e-05 14.1579 -1.38757e-05 -0.000180168 -1.34397e-05 -1.04711 1.2467e-06 1.5708 1.20126e-07
26.588 -1.0472 -1.04711 -9.19721e-05 14.1572 -1.3756e-05 -0.000193504 -1.33125e-05 -1.04711 1.40143e-06 1.5708 1.27968e-07
26.589 -1.0472 -1.0471 -9.85032e-05 14.1565 -1.36356e-05 -0.000206797 -1.31845e-05 -1.0471 1.55572e-06 1.5708 1.35784e-07
26.59 -1.0472 -1.04709 -0.000105012 14.1558 -1.35144e-05 -0.000220046 -1.30558e-05 -1.04709 1.70957e-06 1.57081 1.43574e-07
26.591 -1.0472 -1.04709 -0.000111499 14.1551 -1.33925e-05 -0.000233251 -1.29264e-05 -1.04709 1.86296e-06 1.57081 1.51337e-07
26.592 -1.0472 -1.04708 -0.000117963 14.1544 -1.32698e-05 -0.000246412 -1.27963e-05 -1.04708 2.01591e-06 1.57081 1.59074e-07
26.593 -1.0472 -1.04707 -0.000124405 14.1537 -1.31465e-05 -0.000259529 -1.26655e-05 -1.04707 2.1684e-06 1.57081 1.66784e-07
26.594 -1.0472 -1.04707 -0.000130825 14.1531 -1.30224e-05 -0.000272601 -1.25341e-05 -1.04707 2.32043e-06 1.57081 1.74467e-07
26.595 -1.0472 -1.04706 -0.000137222 14.1524 -1.28976e-05 -0.000285628 -1.2402e-05 -1.04706 2.47201e-06 1.57081 1.82123e-07
26.596 -1.0472 -1.04705 -0.000143596 14.1517 -1.27721e-05 -0.00029861 -1.22693e-05 -1.04705 2.62312e-06 1.57081 1.89751e-07
26.597 -1.0472 -1.04705 -0.000149948 14.1511 -1.2646e-05 -0.000311546 -1.21359e-05 -1.04705 2.77377e-06 1.57081 1.97353e-07
26.598 -1.0472 -1.04704 -0.000156277 14.1504 -1.25191e-05 -0.000324438 -1.20019e-05 -1.04704 2.92394e-06 1.57081 2.04927e-07
26.599 -1.0472 -1.04703 -0.000162582 14.1497 -1.23916e-05 -0.000337283 -1.18673e-05 -1.04703 3.07365e-06 1.57081 2.12473e-07
26.6 -1.0472 -1.04703 -0.000168865 14.1491 -1.22634e-05 -0.000350083 -1.1732e-05 -1.04703 3.22289e-06 1.57081 2.19992e-07
26.601 -1.0472 -1.04702 -0.000175124 14.1484 -1.21345e-05 -0.000362837 -1.15961e-05 -1.04702 3.37165e-06 1.57081 2.27483e-07
26.602 -1.0472 -1.04702 -0.000181361 14.1478 -1.2005e-05 -0.000375544 -1.14597e-05 -1.04702 3.51993e-06 1.57081 2.34946e-07
26.603 -1.0472 -1.04701 -0.000187574 14.1472 -1.18748e-05 -0.000388205 -1.13226e-05 -1.04701 3.66773e-06 1.57081 2.42381e-07
26.604 -1.0472 -1.047 -0.000193763 14.1465 -1.17441e-05 -0.000400819 -1.11849e-05 -1.047 3.81504e-06 1.57081 2.49788e-07
26.605 -1.0472 -1.047 -0.000199929 14.1459 -1.16126e-05 -0.000413386 -1.10467e-05 -1.047 3.96187e-06 1.57081 2.57167e-07
26.606 -1.0472 -1.04699 -0.000206072 14.1453 -1.14806e-05 -0.000425906 -1.09079e-05 -1.04699 4.10821e-06 1.57081 2.64517e-07
26.607 -1.0472 -1.04699 -0.00021219 14.1446 -1.13479e-05 -0.000438379 -1.07685e-05 -1.04699 4.25406e-06 1.57082 2.71838e-07
26.608 -1.0472 -1.04698 -0.000218285 14.144 -1.12147e-05 -0.000450804 -1.06285e-05 -1.04698 4.39941e-06 1.57082 2.79131e-07
26.609 -1.0472 -1.04697 -0.000224357 14.1434 -1.10808e-05 -0.000463182 -1.0488e-05 -1.04697 4.54427e-06 1.57082 2.86395e-07
26.61 -1.0472 -1.04697 -0.000230404 14.1428 -1.09464e-05 -0.000475511 -1.0347e-05 -1.04697 4.68863e-06 1.57082 2.9363e-07
26.611 -1.0472 -1.04696 -0.000236427 14.1422 -1.08114e-05 -0.000487793 -1.02054e-05 -1.04696 4.83248e-06 1.57082 3.00837e-07
26.612 -1.0472 -1.04696 -0.000242426 14.1416 -1.06758e-05 -0.000500026 -1.00633e-05 -1.04696 4.97583e-06 1.57082 3.08014e-07
26.613 -1.0472 -1.04695 -0.000248401 14.141 -1.05396e-05 -0.000512211 -9.92072e-06 -1.04695 5.11868e-06 1.57082 3.15162e-07
26.614 -1.0472 -1.04694 -0.000254351 14.1404 -1.04029e-05 -0.000524348 -9.7776e-06 -1.04694 5.26101e-06 1.57082 3.2228e-07
26.615 -1.0472 -1.04694 -0.000260278 14.1398 -1.02656e-05 -0.000536435 -9.63398e-06 -1.04694 5.40283e-06 1.57082 3.29369e-07
26.616 -1.0472 -1.04693 -0.000266179 14.1392 -1.01278e-05 -0.000548473 -9.48987e-06 -1.04693 5.54414e-06 1.57082 3.36429e-07
26.617 -1.0472 -1.04693 -0.000272057 14.1386 -9.98948e-06 -0.000560463 -9.34527e-06 -1.04693 5.68493e-06 1.57082 3.43459e-07
26.618 -1.0472 -1.04692 -0.000277909 14.1381 -9.85063e-06 -0.000572403 -9.20019e-06 -1.04692 5.8252e-06 1.57082 3.50459e-07
26.619 -1.0472 -1.04691 -0.000283737 14.1375 -9.71125e-06 -0.000584293 -9.05465e-06 -1.04691 5.96495e-06 1.57082 3.57429e-07
26.62 -1.0472 -1.04691 -0.00028954 14.1369 -9.57137e-06 -0.000596134 -8.90865e-06 -1.04691 6.10418e-06 1.57082 3.6437e-07
26.621 -1.0472 -1.0469 -0.000295319 14.1363 -9.431e-06 -0.000607925 -8.76219e-06 -1.0469 6.24288e-06 1.57082 3.7128e-07
26.622 -1.0472 -1.0469 -0.000301072 14.1358 -9.29013e-06 -0.000619666 -8.61529e-06 -1.0469 6.38105e-06 1.57082 3.7816e-07
26.623 -1.0472 -1.04689 -0.000306801 14.1352 -9.14878e-06 -0.000631357 -8.46795e-06 -1.04689 6.51869e-06 1.57082 3.8501e-07
26.624 -1.0472 -1.04689 -0.000312504 14.1347 -9.00695e-06 -0.000642997 -8.32019e-06 -1.04689 6.6558e-06 1.57082 3.9183e-07
26.625 -1.0472 -1.04688 -0.000318183 14.1341 -8.86466e-06 -0.000654587 -8.172e-06 -1.04688 6.79237e-06 1.57082 3.98619e-07
26.626 -1.0472 -1.04687 -0.000323836 14.1336 -8.72191e-06 -0.000666126 -8.02341e-06 -1.04687 6.92841e-06 1.57082 4.05377e-07
26.627 -1.0472 -1.04687 -0.000329464 14.133 -8.57872e-06 -0.000677614 -7.87441e-06 -1.04687 7.06391e-06 1.57083 4.12105e-07
26.628 -1.0472 -1.04686 -0.000335066 14.1325 -8.43508e-06 -0.000689051 -7.72501e-06 -1.04686 7.19886e-06 1.57083 4.18802e-07
26.629 -1.0472 -1.04686 -0.000340644 14.132 -8.291e-06 -0.000700438 -7.57523e-06 -1.04686 7.33327e-06 1.57083 4.25468e-07
26.63 -1.0472 -1.04685 -0.000346195 14.1315 -8.14651e-06 -0.000711772 -7.42507e-06 -1.04685 7.46713e-06 1.57083 4.32104e-07
26.631 -1.0472 -1.04685 -0.000351721 14.1309 -8.00159e-06 -0.000723056 -7.27454e-06 -1.04685 7.60045e-06 1.57083 4.38708e-07
26.632 -1.0472 -1.04684 -0.000357222 14.1304 -7.85627e-06 -0.000734288 -7.12365e-06 -1.04684 7.73322e-06 1.57083 4.45281e-07
26.633 -1.0472 -1.04683 -0.000362697 14.1299 -7.71055e-06 -0.000745468 -6.9724e-06 -1.04683 7.86543e-06 1.57083 4.51823e-07
26.634 -1.0472 -1.04683 -0.000368146 14.1294 -7.56444e-06 -0.000756596 -6.82081e-06 -1.04683 7.99709e-06 1.57083 4.58334e-07
26.635 -1.0472 -1.04682 -0.000373569 14.1289 -7.41794e-06 -0.000767672 -6.66888e-06 -1.04682 8.12819e-06 1.57083 4.64814e-07
26.636 -1.0472 -1.04682 -0.000378966 14.1284 -7.27107e-06 -0.000778696 -6.51662e-06 -1.04682 8.25873e-06 1.57083 4.71262e-07
26.637 -1.0472 -1.04681 -0.000384338 14.1279 -7.12383e-06 -0.000789667 -6.36403e-06 -1.04681 8.38872e-06 1.57083 4.77678e-07
26.638 -1.0472 -1.04681 -0.000389683 14.1274 -6.97623e-06 -0.000800586 -6.21114e-06 -1.04681 8.51814e-06 1.57083 4.84063e-07
26.639 -1.0472 -1.0468 -0.000395003 14.1269 -6.82829e-06 -0.000811453 -6.05794e-06 -1.0468 8.64699e-06 1.57083 4.90416e-07
26.64 -1.0472 -1.0468 -0.000400296 14.1264 -6.68e-06 -0.000822267 -5.90444e-06 -1.0468 8.77528e-06 1.57083 4.96738e-07
26.641 -1.0472 -1.04679 -0.000405563 14.1259 -6.53137e-06 -0.000833028 -5.75066e-06 -1.04679 8.903e-06 1.57083 5.03027e-07
26.642 -1.0472 -1.04679 -0.000410804 14.1255 -6.38242e-06 -0.000843735 -5.59659e-06 -1.04679 9.03015e-06 1.57083 5.09285e-07
26.643 -1.0472 -1.04678 -0.000416019 14.125 -6.23316e-06 -0.00085439 -5.44225e-06 -1.04678 9.15673e-06 1.57083 5.15511e-07
26.644 -1.0472 -1.04678 -0.000421207 14.1245 -6.08358e-06 -0.000864992 -5.28765e-06 -1.04678 9.28274e-06 1.57083 5.21704e-07
26.645 -1.0472 -1.04677 -0.000426369 14.1241 -5.9337e-06 -0.00087554 -5.13279e-06 -1.04677 9.40816e-06 1.57083 5.27866e-07
26.646 -1.0472 -1.04677 -0.000431504 14.1236 -5.78353e-06 -0.000886034 -4.97768e-06 -1.04677 9.53302e-06 1.57083 5.33995e-07
26.647 -1.0472 -1.04676 -0.000436613 14.1232 -5.63308e-06 -0.000896475 -4.82234e-06 -1.04676 9.65729e-06 1.57083 5.40092e-07
26.648 -1.0472 -1.04676 -0.000441695 14.1227 -5.48235e-06 -0.000906862 -4.66676e-06 -1.04676 9.78098e-06 1.57084 5.46157e-07
26.649 -1.0472 -1.04675 -0.000446751 14.1223 -5.33135e-06 -0.000917196 -4.51096e-06 -1.04675 9.90408e-06 1.57084 5.52189e-07
26.65 -1.0472 -1.04675 -0.00045178 14.1218 -5.18009e-06 -0.000927475 -4.35494e-06 -1.04675 1.00266e-05 1.57084 5.58189e-07
26.651 -1.0472 -1.04674 -0.000456782 14.1214 -5.02858e-06 -0.0009377 -4.19872e-06 -1.04674 1.01485e-05 1.57084 5.64156e-07
26.652 -1.0472 -1.04674 -0.000461758 14.121 -4.87683e-06 -0.000947871 -4.0423e-06 -1.04674 1.02699e-05 1.57084 5.70091e-07
26.653 -1.0472 -1.04673 -0.000466706 14.1205 -4.72484e-06 -0.000957988 -3.88569e-06 -1.04673 1.03906e-05 1.57084 5.75993e-07
26.654 -1.0472 -1.04673 -0.000471628 14.1201 -4.57263e-06 -0.00096805 -3.72889e-06 -1.04673 1.05108e-05 1.57084 5.81862e-07
26.655 -1.0472 -1.04672 -0.000476523 14.1197 -4.4202e-06 -0.000978057 -3.57192e-06 -1.04672 1.06304e-05 1.57084 5.87699e-07
26.656 -1.0472 -1.04672 -0.00048139 14.1193 -4.26755e-06 -0.00098801 -3.41479e-06 -1.04672 1.07494e-05 1.57084 5.93502e-07
26.657 -1.0472 -1.04671 -0.000486231 14.1189 -4.11471e-06 -0.000997908 -3.25749e-06 -1.04671 1.08677e-05 1.57084 5.99273e-07
26.658 -1.0472 -1.04671 -0.000491045 14.1185 -3.96167e-06 -0.00100775 -3.10005e-06 -1.04671 1.09855e-05 1.57084 6.0501e-07
26.659 -1.0472 -1.0467 -0.000495832 14.118 -3.80844e-06 -0.00101754 -2.94246e-06 -1.0467 1.11027e-05 1.57084 6.10715e-07
26.66 -1.0472 -1.0467 -0.000500591 14.1177 -3.65504e-06 -0.00102727 -2.78474e-06 -1.0467 1.12193e-05 1.57084 6.16387e-07
26.661 -1.0472 -1.04669 -0.000505323 14.1173 -3.50146e-06 -0.00103695 -2.62689e-06 -1.04669 1.13353e-05 1.57084 6.22025e-07
26.662 -1.0472 -1.04669 -0.000510028 14.1169 -3.34773e-06 -0.00104657 -2.46893e-06 -1.04669 1.14506e-05 1.57084 6.2763e-07
26.663 -1.0472 -1.04668 -0.000514706 14.1165 -3.19384e-06 -0.00105614 -2.31085e-06 -1.04668 1.15654e-05 1.57084 6.33202e-07
26.664 -1.0472 -1.04668 -0.000519356 14.1161 -3.03981e-06 -0.00106565 -2.15268e-06 -1.04668 1.16796e-05 1.57084 6.38741e-07
26.665 -1.0472 -1.04667 -0.000523979 14.1157 -2.88564e-06 -0.00107511 -1.9944e-06 -1.04667 1.17931e-05 1.57084 6.44246e-07
26.666 -1.0472 -1.04667 -0.000528575 14.1153 -2.73133e-06 -0.00108451 -1.83605e-06 -1.04667 1.19061e-05 1.57084 6.49718e-07
26.667 -1.0472 -1.04666 -0.000533143 14.115 -2.57691e-06 -0.00109386 -1.67761e-06 -1.04666 1.20184e-05 1.57084 6.55156e-07
26.668 -1.0472 -1.04666 -0.000537683 14.1146 -2.42238e-06 -0.00110314 -1.51911e-06 -1.04666 1.21301e-05 1.57084 6.60561e-07
26.669 -1.0472 -1.04666 -0.000542197 14.1143 -2.26774e-06 -0.00111238 -1.36054e-06 -1.04666 1.22412e-05 1.57084 6.65933e-07
26.67 -1.0472 -1.04665 -0.000546682 14.1139 -2.113e-06 -0.00112156 -1.20191e-06 -1.04665 1.23517e-05 1.57084 6.7127e-07
26.671 -1.0472 -1.04665 -0.00055114 14.1135 -1.95818e-06 -0.00113068 -1.04324e-06 -1.04665 1.24616e-05 1.57084 6.76575e-07
26.672 -1.0472 -1.04664 -0.00055557 14.1132 -1.80327e-06 -0.00113974 -8.84537e-07 -1.04664 1.25708e-05 1.57085 6.81845e-07
26.673 -1.0472 -1.04664 -0.000559973 14.1129 -1.64829e-06 -0.00114875 -7.25798e-07 -1.04664 1.26795e-05 1.57085 6.87082e-07
26.674 -1.0472 -1.04663 -0.000564348 14.1125 -1.49324e-06 -0.0011577 -5.67037e-07 -1.04663 1.27875e-05 1.57085 6.92285e-07
26.675 -1.0472 -1.04663 -0.000568695 14.1122 -1.33814e-06 -0.0011666 -4.0826e-07 -1.04663 1.28949e-05 1.57085 6.97454e-07
26.676 -1.0472 -1.04662 -0.000573015 14.1119 -1.18299e-06 -0.00117544 -2.49476e-07 -1.04662 1.30016e-05 1.57085 7.02589e-07
26.677 -1.0472 -1.04662 -0.000577306 14.1115 -1.02779e-06 -0.00118422 -9.06931e-08 -1.04662 1.31078e-05 1.57085 7.07691e-07
26.678 -1.0472 -1.04662 -0.00058157 14.1112 -8.72567e-07 -0.00119295 6.80818e-08 -1.04662 1.32133e-05 1.57085 7.12759e-07
26.679 -1.0472 -1.04661 -0.000585806 14.1109 -7.17314e-07 -0.00120162 2.26841e-07 -1.04661 1.33182e-05 1.57085 7.17792e-07
26.68 -1.0472 -1.04661 -0.000590014 14.1106 -5.62043e-07 -0.00121023 3.85576e-07 -1.04661 1.34224e-05 1.57085 7.22792e-07
26.681 -1.0472 -1.0466 -0.000594194 14.1103 -4.06763e-07 -0.00121879 5.44279e-07 -1.0466 1.35261e-05 1.57085 7.27757e-07
26.682 -1.0472 -1.0466 -0.000598347 14.11 -2.5148e-07 -0.00122729 7.02943e-07 -1.0466 1.36291e-05 1.57085 7.32689e-07
26.683 -1.0472 -1.0466 -0.000602471 14.1097 -9.62029e-08 -0.00123573 8.6156e-07 -1.0466 1.37314e-05 1.57085 7.37587e-07
26.684 -1.0472 -1.04659 -0.000606567 14.1094 5.90609e-08 -0.00124412 1.02012e-06 -1.04659 1.38332e-05 1.57085 7.4245e-07
26.685 -1.0472 -1.04659 -0.000610635 14.1091 2.14304e-07 -0.00125245 1.17862e-06 -1.04659 1.39343e-05 1.57085 7.47279e-07
26.686 -1.0472 -1.04658 -0.000614676 14.1088 3.69517e-07 -0.00126072 1.33705e-06 -1.04658 1.40348e-05 1.57085 7.52074e-07
26.687 -1.0472 -1.04658 -0.000618688 14.1085 5.24695e-07 -0.00126893 1.49541e-06 -1.04658 1.41346e-05 1.57085 7.56835e-07
26.688 -1.0472 -1.04657 -0.000622672 14.1082 6.79828e-07 -0.00127709 1.65368e-06 -1.04657 1.42338e-05 1.57085 7.61562e-07
26.689 -1.0472 -1.04657 -0.000626628 14.1079 8.34909e-07 -0.00128519 1.81185e-06 -1.04657 1.43324e-05 1.57085 7.66254e-07
26.69 -1.0472 -1.04657 -0.000630556 14.1077 9.8993e-07 -0.00129324 1.96993e-06 -1.04657 1.44303e-05 1.57085 7.70913e-07
26.691 -1.0472 -1.04656 -0.000634456 14.1074 1.14488e-06 -0.00130122 2.12789e-06 -1.04656 1.45276e-05 1.57085 7.75536e-07
26.692 -1.0472 -1.04656 -0.000638327 14.1071 1.29976e-06 -0.00130915 2.28575e-06 -1.04656 1.46242e-05 1.57085 7.80126e-07
26.693 -1.0472 -1.04656 -0.000642171 14.1069 1.45456e-06 -0.00131702 2.44348e-06 -1.04656 1.47202e-05 1.57085 7.84681e-07
26.694 -1.0472 -1.04655 -0.000645986 14.1066 1.60927e-06 -0.00132484 2.60108e-06 -1.04655 1.48156e-05 1.57085 7.89202e-07
26.695 -1.0472 -1.04655 -0.000649773 14.1064 1.76388e-06 -0.00133259 2.75854e-06 -1.04655 1.49103e-05 1.57085 7.93689e-07
26.696 -1.0472 -1.04654 -0.000653532 14.1061 1.91838e-06 -0.00134029 2.91586e-06 -1.04654 1.50043e-05 1.57085 7.98141e-07
26.697 -1.0472 -1.04654 -0.000657262 14.1059 2.07278e-06 -0.00134793 3.07302e-06 -1.04654 1.50978e-05 1.57085 8.02558e-07
26.698 -1.0472 -1.04654 -0.000660964 14.1056 2.22705e-06 -0.00135551 3.23003e-06 -1.04654 1.51906e-05 1.57085 8.06942e-07
26.699 -1.0472 -1.04653 -0.000664638 14.1054 2.3812e-06 -0.00136304 3.38687e-06 -1.04653 1.52827e-05 1.57085 8.1129e-07
26.7 -1.0472 -1.04653 -0.000668284 14.1052 2.53521e-06 -0.00137051 3.54354e-06 -1.04653 1.53742e-05 1.57086 8.15605e-07
26.701 -1.0472 -1.04653 -0.000671901 14.105 2.68908e-06 -0.00137792 3.70002e-06 -1.04653 1.5465e-05 1.57086 8.19885e-07
26.702 -1.0472 -1.04652 -0.000675491 14.1047 2.8428e-06 -0.00138527 3.85632e-06 -1.04652 1.55552e-05 1.57086 8.2413e-07
26.703 -1.0472 -1.04652 -0.000679051 14.1045 2.99636e-06 -0.00139257 4.01242e-06 -1.04652 1.56448e-05 1.57086 8.28341e-07
26.704 -1.0472 -1.04651 -0.000682584 14.1043 3.14976e-06 -0.0013998 4.16832e-06 -1.04651 1.57337e-05 1.57086 8.32517e-07
26.705 -1.0472 -1.04651 -0.000686088 14.1041 3.30299e-06 -0.00140698 4.324e-06 -1.04651 1.58219e-05 1.57086 8.36659e-07
26.706 -1.0472 -1.04651 -0.000689564 14.1039 3.45604e-06 -0.00141411 4.47948e-06 -1.04651 1.59095e-05 1.57086 8.40767e-07
26.707 -1.0472 -1.0465 -0.000693011 14.1037 3.6089e-06 -0.00142117 4.63472e-06 -1.0465 1.59964e-05 1.57086 8.4484e-07
26.708 -1.0472 -1.0465 -0.00069643 14.1035 3.76157e-06 -0.00142817 4.78974e-06 -1.0465 1.60827e-05 1.57086 8.48878e-07
26.709 -1.0472 -1.0465 -0.000699821 14.1033 3.91404e-06 -0.00143512 4.94451e-06 -1.0465 1.61683e-05 1.57086 8.52882e-07
26.71 -1.0472 -1.04649 -0.000703183 14.1031 4.06631e-06 -0.00144201 5.09905e-06 -1.04649 1.62533e-05 1.57086 8.56851e-07
26.711 -1.0472 -1.04649 -0.000706517 14.1029 4.21836e-06 -0.00144885 5.25333e-06 -1.04649 1.63377e-05 1.57086 8.60786e-07
26.712 -1.0472 -1.04649 -0.000709822 14.1027 4.37019e-06 -0.00145562 5.40735e-06 -1.04649 1.64213e-05 1.57086 8.64686e-07
26.713 -1.0472 -1.04648 -0.0007131 14.1026 4.52179e-06 -0.00146234 5.5611e-06 -1.04648 1.65043e-05 1.57086 8.68552e-07
26.714 -1.0472 -1.04648 -0.000716348 14.1024 4.67315e-06 -0.00146899 5.71458e-06 -1.04648 1.65867e-05 1.57086 8.72383e-07
26.715 -1.0472 -1.04648 -0.000719569 14.1022 4.82428e-06 -0.0014756 5.86778e-06 -1.04648 1.66684e-05 1.57086 8.76179e-07
26.716 -1.0472 -1.04647 -0.000722761 14.102 4.97515e-06 -0.00148214 6.0207e-06 -1.04647 1.67495e-05 1.57086 8.79941e-07
26.717 -1.0472 -1.04647 -0.000725924 14.1019 5.12577e-06 -0.00148862 6.17332e-06 -1.04647 1.68298e-05 1.57086 8.83669e-07
26.718 -1.0472 -1.04647 -0.00072906 14.1017 5.27612e-06 -0.00149505 6.32564e-06 -1.04647 1.69096e-05 1.57086 8.87362e-07
26.719 -1.0472 -1.04647 -0.000732166 14.1016 5.42621e-06 -0.00150142 6.47766e-06 -1.04647 1.69887e-05 1.57086 8.9102e-07
26.72 -1.0472 -1.04646 -0.000735245 14.1014 5.57602e-06 -0.00150773 6.62936e-06 -1.04646 1.70671e-05 1.57086 8.94644e-07
26.721 -1.0472 -1.04646 -0.000738295 14.1013 5.72554e-06 -0.00151398 6.78074e-06 -1.04646 1.71448e-05 1.57086 8.98233e-07
26.722 -1.0472 -1.04646 -0.000741317 14.1011 5.87478e-06 -0.00152018 6.93179e-06 -1.04646 1.72219e-05 1.57086 9.01788e-07
26.723 -1.0472 -1.04645 -0.00074431 14.101 6.02372e-06 -0.00152631 7.08251e-06 -1.04645 1.72984e-05 1.57086 9.05308e-07
26.724 -1.0472 -1.04645 -0.000747275 14.1009 6.17235e-06 -0.00153239 7.2329e-06 -1.04645 1.73742e-05 1.57086 9.08794e-07
26.725 -1.0472 -1.04645 -0.000750211 14.1007 6.32068e-06 -0.00153841 7.38293e-06 -1.04645 1.74493e-05 1.57086 9.12245e-07
26.726 -1.0472 -1.04644 -0.00075312 14.1006 6.46868e-06 -0.00154438 7.53261e-06 -1.04644 1.75237e-05 1.57086 9.15662e-07
26.727 -1.0472 -1.04644 -0.000755999 14.1005 6.61637e-06 -0.00155028 7.68193e-06 -1.04644 1.75975e-05 1.57086 9.19044e-07
26.728 -1.0472 -1.04644 -0.000758851 14.1004 6.76372e-06 -0.00155613 7.83089e-06 -1.04644 1.76707e-05 1.57086 9.22392e-07
26.729 -1.0472 -1.04644 -0.000761674 14.1003 6.91074e-06 -0.00156192 7.97947e-06 -1.04644 1.77432e-05 1.57086 9.25706e-07
26.73 -1.0472 -1.04643 -0.000764469 14.1001 7.05742e-06 -0.00156765 8.12768e-06 -1.04643 1.7815e-05 1.57086 9.28985e-07
26.731 -1.0472 -1.04643 -0.000767236 14.1 7.20374e-06 -0.00157332 8.2755e-06 -1.04643 1.78861e-05 1.57086 9.32229e-07
26.732 -1.0472 -1.04643 -0.000769974 14.0999 7.34971e-06 -0.00157894 8.42293e-06 -1.04643 1.79566e-05 1.57086 9.35439e-07
26.733 -1.0472 -1.04642 -0.000772684 14.0998 7.49532e-06 -0.0015845 8.56996e-06 -1.04642 1.80265e-05 1.57086 9.38615e-07
26.734 -1.0472 -1.04642 -0.000775365 14.0997 7.64056e-06 -0.00159 8.71659e-06 -1.04642 1.80956e-05 1.57086 9.41757e-07
26.735 -1.0472 -1.04642 -0.000778019 14.0996 7.78543e-06 -0.00159544 8.86281e-06 -1.04642 1.81641e-05 1.57086 9.44864e-07
26.736 -1.0472 -1.04642 -0.000780644 14.0996 7.92991e-06 -0.00160082 9.00861e-06 -1.04642 1.8232e-05 1.57087 9.47936e-07
26.737 -1.0472 -1.04641 -0.000783241 14.0995 8.07401e-06 -0.00160615 9.15399e-06 -1.04641 1.82992e-05 1.57087 9.50975e-07
26.738 -1.0472 -1.04641 -0.000785809 14.0994 8.21771e-06 -0.00161142 9.29895e-06 -1.04641 1.83657e-05 1.57087 9.53979e-07
26.739 -1.0472 -1.04641 -0.00078835 14.0993 8.36102e-06 -0.00161663 9.44346e-06 -1.04641 1.84316e-05 1.57087 9.56949e-07
26.74 -1.0472 -1.04641 -0.000790862 14.0992 8.50391e-06 -0.00162178 9.58754e-06 -1.04641 1.84968e-05 1.57087 9.59885e-07
26.741 -1.0472 -1.0464 -0.000793346 14.0992 8.6464e-06 -0.00162688 9.73117e-06 -1.0464 1.85613e-05 1.57087 9.62786e-07
26.742 -1.0472 -1.0464 -0.000795802 14.0991 8.78847e-06 -0.00163192 9.87436e-06 -1.0464 1.86252e-05 1.57087 9.65653e-07
26.743 -1.0472 -1.0464 -0.00079823 14.0991 8.93011e-06 -0.0016369 1.00171e-05 -1.0464 1.86884e-05 1.57087 9.68486e-07
26.744 -1.0472 -1.0464 -0.000800629 14.099 9.07133e-06 -0.00164182 1.01593e-05 -1.0464 1.87509e-05 1.57087 9.71285e-07
26.745 -1.0472 -1.04639 -0.000803001 14.0989 9.21211e-06 -0.00164669 1.03011e-05 -1.04639 1.88128e-05 1.57087 9.7405e-07
26.746 -1.0472 -1.04639 -0.000805344 14.0989 9.35245e-06 -0.0016515 1.04424e-05 -1.04639 1.88741e-05 1.57087 9.76781e-07
26.747 -1.0472 -1.04639 -0.00080766 14.0988 9.49233e-06 -0.00165625 1.05833e-05 -1.04639 1.89346e-05 1.57087 9.79478e-07
26.748 -1.0472 -1.04639 -0.000809947 14.0988 9.63177e-06 -0.00166094 1.07236e-05 -1.04639 1.89945e-05 1.57087 9.8214e-07
26.749 -1.0472 -1.04639 -0.000812206 14.0988 9.77075e-06 -0.00166558 1.08635e-05 -1.04639 1.90538e-05 1.57087 9.84769e-07
26.75 -1.0472 -1.04638 -0.000814438 14.0987 9.90926e-06 -0.00167016 1.10028e-05 -1.04638 1.91124e-05 1.57087 9.87364e-07
26.751 -1.0472 -1.04638 -0.000816641 14.0987 1.00473e-05 -0.00167468 1.11417e-05 -1.04638 1.91703e-05 1.57087 9.89925e-07
26.752 -1.0472 -1.04638 -0.000818817 14.0987 1.01849e-05 -0.00167914 1.128e-05 -1.04638 1.92275e-05 1.57087 9.92451e-07
26.753 -1.0472 -1.04638 -0.000820964 14.0987 1.0322e-05 -0.00168355 1.14179e-05 -1.04638 1.92842e-05 1.57087 9.94945e-07
26.754 -1.0472 -1.04637 -0.000823084 14.0986 1.04586e-05 -0.0016879 1.15552e-05 -1.04637 1.93401e-05 1.57087 9.97404e-07
26.755 -1.0472 -1.04637 -0.000825175 14.0986 1.05947e-05 -0.00169219 1.16919e-05 -1.04637 1.93954e-05 1.57087 9.99829e-07
26.756 -1.0472 -1.04637 -0.000827239 14.0986 1.07303e-05 -0.00169643 1.18282e-05 -1.04637 1.945e-05 1.57087 1.00222e-06
26.757 -1.0472 -1.04637 -0.000829275 14.0986 1.08654e-05 -0.00170061 1.19639e-05 -1.04637 1.9504e-05 1.57087 1.00458e-06
26.758 -1.0472 -1.04637 -0.000831283 14.0986 1.1e-05 -0.00170473 1.20991e-05 -1.04637 1.95573e-05 1.57087 1.0069e-06
26.759 -1.0472 -1.04636 -0.000833264 14.0986 1.1134e-05 -0.0017088 1.22337e-05 -1.04636 1.96099e-05 1.57087 1.00919e-06
26.76 -1.0472 -1.04636 -0.000835217 14.0986 1.12676e-05 -0.00171281 1.23678e-05 -1.04636 1.96619e-05 1.57087 1.01145e-06
26.761 -1.0472 -1.04636 -0.000837142 14.0986 1.14006e-05 -0.00171676 1.25013e-05 -1.04636 1.97132e-05 1.57087 1.01367e-06
26.762 -1.0472 -1.04636 -0.000839039 14.0986 1.15331e-05 -0.00172065 1.26343e-05 -1.04636 1.97639e-05 1.57087 1.01586e-06
26.763 -1.0472 -1.04636 -0.000840909 14.0986 1.16651e-05 -0.00172449 1.27667e-05 -1.04636 1.98139e-05 1.57087 1.01802e-06
26.764 -1.0472 -1.04635 -0.000842751 14.0986 1.17965e-05 -0.00172828 1.28985e-05 -1.04635 1.98632e-05 1.57087 1.02014e-06
26.765 -1.0472 -1.04635 -0.000844565 14.0987 1.19274e-05 -0.001732 1.30297e-05 -1.04635 1.99119e-05 1.57087 1.02223e-06
26.766 -1.0472 -1.04635 -0.000846352 14.0987 1.20577e-05 -0.00173567 1.31604e-05 -1.04635 1.996e-05 1.57087 1.02429e-06
26.767 -1.0472 -1.04635 -0.000848112 14.0987 1.21875e-05 -0.00173928 1.32905e-05 -1.04635 2.00074e-05 1.57087 1.02631e-06
26.768 -1.0472 -1.04635 -0.000849844 14.0987 1.23167e-05 -0.00174284 1.34199e-05 -1.04635 2.00541e-05 1.57087 1.0283e-06
26.769 -1.0472 -1.04635 -0.000851548 14.0988 1.24453e-05 -0.00174634 1.35488e-05 -1.04635 2.01002e-05 1.57087 1.03026e-06
26.77 -1.0472 -1.04634 -0.000853225 14.0988 1.25734e-05 -0.00174979 1.36771e-05 -1.04634 2.01456e-05 1.57087 1.03218e-06
26.771 -1.0472 -1.04634 -0.000854875 14.0989 1.27009e-05 -0.00175318 1.38048e-05 -1.04634 2.01903e-05 1.57087 1.03407e-06
26.772 -1.0472 -1.04634 -0.000856498 14.0989 1.28278e-05 -0.00175651 1.39318e-05 -1.04634 2.02345e-05 1.57087 1.03593e-06
26.773 -1.0472 -1.04634 -0.000858093 14.0989 1.29541e-05 -0.00175978 1.40583e-05 -1.04634 2.02779e-05 1.57087 1.03775e-06
26.774 -1.0472 -1.04634 -0.000859661 14.099 1.30799e-05 -0.00176301 1.41841e-05 -1.04634 2.03207e-05 1.57087 1.03954e-06
26.775 -1.0472 -1.04634 -0.000861201 14.0991 1.3205e-05 -0.00176617 1.43093e-05 -1.04634 2.03629e-05 1.57087 1.0413e-06
26.776 -1.0472 -1.04633 -0.000862715 14.0991 1.33296e-05 -0.00176928 1.44339e-05 -1.04633 2.04044e-05 1.57087 1.04303e-06
26.777 -1.0472 -1.04633 -0.000864201 14.0992 1.34535e-05 -0.00177233 1.45578e-05 -1.04633 2.04452e-05 1.57087 1.04472e-06
26.778 -1.0472 -1.04633 -0.00086566 14.0992 1.35768e-05 -0.00177533 1.46811e-05 -1.04633 2.04854e-05 1.57087 1.04638e-06
26.779 -1.0472 -1.04633 -0.000867093 14.0993 1.36995e-05 -0.00177827 1.48038e-05 -1.04633 2.0525e-05 1.57087 1.04801e-06
26.78 -1.0472 -1.04633 -0.000868498 14.0994 1.38216e-05 -0.00178116 1.49258e-05 -1.04633 2.05639e-05 1.57087 1.0496e-06
26.781 -1.0472 -1.04633 -0.000869876 14.0995 1.39431e-05 -0.00178399 1.50471e-05 -1.04633 2.06022e-05 1.57087 1.05116e-06
26.782 -1.0472 -1.04633 -0.000871227 14.0995 1.4064e-05 -0.00178677 1.51678e-05 -1.04633 2.06398e-05 1.57087 1.05269e-06
26.783 -1.0472 -1.04632 -0.000872552 14.0996 1.41842e-05 -0.00178949 1.52879e-05 -1.04632 2.06767e-05 1.57087 1.05419e-06
26.784 -1.0472 -1.04632 -0.000873849 14.0997 1.43037e-05 -0.00179216 1.54072e-05 -1.04632 2.07131e-05 1.57087 1.05565e-06
26.785 -1.0472 -1.04632 -0.00087512 14.0998 1.44227e-05 -0.00179477 1.55259e-05 -1.04632 2.07487e-05 1.57087 1.05708e-06
26.786 -1.0472 -1.04632 -0.000876364 14.0999 1.4541e-05 -0.00179733 1.5644e-05 -1.04632 2.07838e-05 1.57087 1.05848e-06
26.787 -1.0472 -1.04632 -0.000877581 14.1 1.46586e-05 -0.00179983 1.57613e-05 -1.04632 2.08182e-05 1.57087 1.05985e-06
26.788 -1.0472 -1.04632 -0.000878772 14.1001 1.47756e-05 -0.00180228 1.5878e-05 -1.04632 2.08519e-05 1.57087 1.06119e-06
26.789 -1.0472 -1.04632 -0.000879935 14.1002 1.48919e-05 -0.00180467 1.5994e-05 -1.04632 2.0885e-05 1.57087 1.06249e-06
26.79 -1.0472 -1.04632 -0.000881073 14.1003 1.50076e-05 -0.00180701 1.61093e-05 -1.04632 2.09175e-05 1.57087 1.06376e-06
26.791 -1.0472 -1.04632 -0.000882184 14.1004 1.51226e-05 -0.0018093 1.62239e-05 -1.04632 2.09493e-05 1.57087 1.065e-06
26.792 -1.0472 -1.04631 -0.000883268 14.1005 1.5237e-05 -0.00181153 1.63378e-05 -1.04631 2.09805e-05 1.57087 1.06621e-06
26.793 -1.0472 -1.04631 -0.000884326 14.1006 1.53506e-05 -0.0018137 1.6451e-05 -1.04631 2.1011e-05 1.57087 1.06738e-06
26.794 -1.0472 -1.04631 -0.000885358 14.1007 1.54636e-05 -0.00181582 1.65635e-05 -1.04631 2.10409e-05 1.57087 1.06853e-06
26.795 -1.0472 -1.04631 -0.000886363 14.1009 1.55759e-05 -0.00181789 1.66753e-05 -1.04631 2.10702e-05 1.57087 1.06964e-06
26.796 -1.0472 -1.04631 -0.000887342 14.101 1.56876e-05 -0.00181991 1.67864e-05 -1.04631 2.10988e-05 1.57087 1.07072e-06
26.797 -1.0472 -1.04631 -0.000888295 14.1011 1.57985e-05 -0.00182187 1.68968e-05 -1.04631 2.11268e-05 1.57087 1.07177e-06
26.798 -1.0472 -1.04631 -0.000889221 14.1012 1.59087e-05 -0.00182377 1.70064e-05 -1.04631 2.11542e-05 1.57087 1.07278e-06
26.799 -1.0472 -1.04631 -0.000890122 14.1014 1.60183e-05 -0.00182562 1.71154e-05 -1.04631 2.11809e-05 1.57087 1.07377e-06
26.8 -1.0472 -1.04631 -0.000890996 14.1015 1.61271e-05 -0.00182742 1.72236e-05 -1.04631 2.1207e-05 1.57087 1.07472e-06
26.801 -1.0472 -1.04631 -0.000891844 14.1017 1.62353e-05 -0.00182917 1.7331e-05 -1.04631 2.12325e-05 1.57087 1.07564e-06
26.802 -1.0472 -1.0463 -0.000892667 14.1018 1.63427e-05 -0.00183086 1.74378e-05 -1.0463 2.12573e-05 1.57087 1.07653e-06
26.803 -1.0472 -1.0463 -0.000893463 14.1019 1.64494e-05 -0.0018325 1.75438e-05 -1.0463 2.12816e-05 1.57087 1.07739e-06
26.804 -1.0472 -1.0463 -0.000894234 14.1021 1.65554e-05 -0.00183409 1.76491e-05 -1.0463 2.13051e-05 1.57088 1.07822e-06
26.805 -1.0472 -1.0463 -0.000894979 14.1022 1.66607e-05 -0.00183562 1.77536e-05 -1.0463 2.13281e-05 1.57088 1.07902e-06
26.806 -1.0472 -1.0463 -0.000895698 14.1024 1.67653e-05 -0.00183711 1.78573e-05 -1.0463 2.13504e-05 1.57088 1.07979e-06
26.807 -1.0472 -1.0463 -0.000896391 14.1026 1.68692e-05 -0.00183853 1.79604e-05 -1.0463 2.13721e-05 1.57088 1.08052e-06
26.808 -1.0472 -1.0463 -0.000897059 14.1027 1.69723e-05 -0.00183991 1.80626e-05 -1.0463 2.13932e-05 1.57088 1.08123e-06
26.809 -1.0472 -1.0463 -0.000897701 14.1029 1.70747e-05 -0.00184123 1.81642e-05 -1.0463 2.14137e-05 1.57088 1.0819e-06
26.81 -1.0472 -1.0463 -0.000898318 14.1031 1.71763e-05 -0.0018425 1.82649e-05 -1.0463 2.14335e-05 1.57088 1.08255e-06
26.811 -1.0472 -1.0463 -0.000898909 14.1032 1.72773e-05 -0.00184372 1.83649e-05 -1.0463 2.14527e-05 1.57088 1.08316e-06
26.812 -1.0472 -1.0463 -0.000899475 14.1034 1.73775e-05 -0.00184489 1.84642e-05 -1.0463 2.14713e-05 1.57088 1.08374e-06
26.813 -1.0472 -1.0463 -0.000900015 14.1036 1.74769e-05 -0.00184601 1.85626e-05 -1.0463 2.14893e-05 1.57088 1.08429e-06
26.814 -1.0472 -1.0463 -0.000900531 14.1038 1.75756e-05 -0.00184707 1.86603e-05 -1.0463 2.15067e-05 1.57088 1.08481e-06
26.815 -1.0472 -1.0463 -0.000901021 14.1039 1.76735e-05 -0.00184808 1.87572e-05 -1.0463 2.15234e-05 1.57088 1.0853e-06
26.816 -1.0472 -1.0463 -0.000901485 14.1041 1.77707e-05 -0.00184904 1.88534e-05 -1.0463 2.15396e-05 1.57088 1.08577e-06
26.817 -1.0472 -1.0463 -0.000901925 14.1043 1.78672e-05 -0.00184995 1.89487e-05 -1.0463 2.15551e-05 1.57088 1.0862e-06
26.818 -1.0472 -1.0463 -0.00090234 14.1045 1.79628e-05 -0.0018508 1.90433e-05 -1.0463 2.157e-05 1.57088 1.0866e-06
26.819 -1.0472 -1.04629 -0.000902729 14.1047 1.80578e-05 -0.00185161 1.91371e-05 -1.04629 2.15843e-05 1.57088 1.08697e-06
26.82 -1.0472 -1.04629 -0.000903094 14.1049 1.81519e-05 -0.00185236 1.92301e-05 -1.04629 2.1598e-05 1.57088 1.08731e-06
26.821 -1.0472 -1.04629 -0.000903434 14.1051 1.82453e-05 -0.00185307 1.93224e-05 -1.04629 2.16111e-05 1.57088 1.08762e-06
26.822 -1.0472 -1.04629 -0.000903749 14.1053 1.83379e-05 -0.00185372 1.94138e-05 -1.04629 2.16235e-05 1.57088 1.0879e-06
26.823 -1.0472 -1.04629 -0.00090404 14.1055 1.84298e-05 -0.00185432 1.95044e-05 -1.04629 2.16354e-05 1.57088 1.08815e-06
26.824 -1.0472 -1.04629 -0.000904306 14.1057 1.85209e-05 -0.00185487 1.95943e-05 -1.04629 2.16467e-05 1.57088 1.08837e-06
26.825 -1.0472 -1.04629 -0.000904547 14.1059 1.86112e-05 -0.00185538 1.96833e-05 -1.04629 2.16573e-05 1.57088 1.08856e-06
26.826 -1.0472 -1.04629 -0.000904764 14.1062 1.87007e-05 -0.00185583 1.97715e-05 -1.04629 2.16674e-05 1.57088 1.08873e-06
26.827 -1.0472 -1.04629 -0.000904956 14.1064 1.87894e-05 -0.00185623 1.9859e-05 -1.04629 2.16768e-05 1.57088 1.08886e-06
26.828 -1.0472 -1.04629 -0.000905124 14.1066 1.88774e-05 -0.00185658 1.99456e-05 -1.04629 2.16857e-05 1.57088 1.08896e-06
26.829 -1.0472 -1.04629 -0.000905267 14.1068 1.89646e-05 -0.00185688 2.00314e-05 -1.04629 2.1694e-05 1.57088 1.08904e-06
26.83 -1.0472 -1.04629 -0.000905386 14.107 1.9051e-05 -0.00185713 2.01164e-05 -1.04629 2.17016e-05 1.57088 1.08908e-06
26.831 -1.0472 -1.04629 -0.000905481 14.1073 1.91366e-05 -0.00185733 2.02006e-05 -1.04629 2.17087e-05 1.57088 1.0891e-06
26.832 -1.0472 -1.04629 -0.000905552 14.1075 1.92214e-05 -0.00185748 2.0284e-05 -1.04629 2.17152e-05 1.57088 1.08909e-06
26.833 -1.0472 -1.04629 -0.000905599 14.1077 1.93054e-05 -0.00185758 2.03665e-05 -1.04629 2.1721e-05 1.57088 1.08905e-06
26.834 -1.0472 -1.04629 -0.000905622 14.108 1.93886e-05 -0.00185764 2.04483e-05 -1.04629 2.17263e-05 1.57088 1.08898e-06
26.835 -1.0472 -1.04629 -0.000905621 14.1082 1.9471e-05 -0.00185764 2.05292e-05 -1.04629 2.1731e-05 1.57088 1.08888e-06
26.836 -1.0472 -1.04629 -0.000905596 14.1084 1.95526e-05 -0.00185759 2.06093e-05 -1.04629 2.17352e-05 1.57088 1.08875e-06
26.837 -1.0472 -1.04629 -0.000905547 14.1087 1.96334e-05 -0.0018575 2.06886e-05 -1.04629 2.17387e-05 1.57088 1.0886e-06
26.838 -1.0472 -1.04629 -0.000905475 14.1089 1.97134e-05 -0.00185736 2.0767e-05 -1.04629 2.17416e-05 1.57088 1.08841e-06
26.839 -1.0472 -1.04629 -0.000905379 14.1092 1.97926e-05 -0.00185717 2.08446e-05 -1.04629 2.1744e-05 1.57088 1.0882e-06
26.84 -1.0472 -1.04629 -0.000905259 14.1094 1.9871e-05 -0.00185693 2.09214e-05 -1.04629 2.17458e-05 1.57088 1.08796e-06
26.841 -1.0472 -1.04629 -0.000905116 14.1097 1.99485e-05 -0.00185664 2.09974e-05 -1.04629 2.1747e-05 1.57088 1.08769e-06
26.842 -1.0472 -1.04629 -0.00090495 14.11 2.00253e-05 -0.0018563 2.10725e-05 -1.04629 2.17476e-05 1.57088 1.08739e-06
26.843 -1.0472 -1.04629 -0.00090476 14.1102 2.01012e-05 -0.00185592 2.11468e-05 -1.04629 2.17476e-05 1.57088 1.08707e-06
26.844 -1.0472 -1.04629 -0.000904547 14.1105 2.01764e-05 -0.00185549 2.12202e-05 -1.04629 2.17471e-05 1.57088 1.08672e-06
26.845 -1.0472 -1.04629 -0.00090431 14.1107 2.02507e-05 -0.00185501 2.12928e-05 -1.04629 2.1746e-05 1.57088 1.08634e-06
26.846 -1.0472 -1.04629 -0.000904051 14.111 2.03242e-05 -0.00185448 2.13646e-05 -1.04629 2.17443e-05 1.57088 1.08593e-06
26.847 -1.0472 -1.04629 -0.000903768 14.1113 2.03968e-05 -0.00185391 2.14355e-05 -1.04629 2.17421e-05 1.57088 1.08549e-06
26.848 -1.0472 -1.04629 -0.000903463 14.1116 2.04687e-05 -0.00185329 2.15056e-05 -1.04629 2.17392e-05 1.57088 1.08503e-06
26.849 -1.0472 -1.04629 -0.000903134 14.1118 2.05397e-05 -0.00185262 2.15748e-05 -1.04629 2.17359e-05 1.57088 1.08454e-06
26.85 -1.0472 -1.04629 -0.000902783 14.1121 2.06099e-05 -0.00185191 2.16432e-05 -1.04629 2.17319e-05 1.57088 1.08402e-06
26.851 -1.0472 -1.0463 -0.000902409 14.1124 2.06793e-05 -0.00185114 2.17108e-05 -1.0463 2.17274e-05 1.57088 1.08348e-06
26.852 -1.0472 -1.0463 -0.000902013 14.1127 2.07478e-05 -0.00185034 2.17775e-05 -1.0463 2.17223e-05 1.57088 1.08291e-06
26.853 -1.0472 -1.0463 -0.000901593 14.113 2.08155e-05 -0.00184948 2.18433e-05 -1.0463 2.17167e-05 1.57088 1.08231e-06
26.854 -1.0472 -1.0463 -0.000901151 14.1132 2.08824e-05 -0.00184858 2.19083e-05 -1.0463 2.17105e-05 1.57088 1.08168e-06
26.855 -1.0472 -1.0463 -0.000900687 14.1135 2.09484e-05 -0.00184763 2.19725e-05 -1.0463 2.17037e-05 1.57088 1.08103e-06
26.856 -1.0472 -1.0463 -0.000900201 14.1138 2.10137e-05 -0.00184664 2.20357e-05 -1.0463 2.16964e-05 1.57088 1.08035e-06
26.857 -1.0472 -1.0463 -0.000899692 14.1141 2.1078e-05 -0.0018456 2.20982e-05 -1.0463 2.16885e-05 1.57088 1.07964e-06
26.858 -1.0472 -1.0463 -0.000899161 14.1144 2.11416e-05 -0.00184452 2.21598e-05 -1.0463 2.16801e-05 1.57088 1.07891e-06
26.859 -1.0472 -1.0463 -0.000898607 14.1147 2.12043e-05 -0.00184339 2.22205e-05 -1.0463 2.16711e-05 1.57088 1.07815e-06
26.86 -1.0472 -1.0463 -0.000898032 14.115 2.12662e-05 -0.00184221 2.22804e-05 -1.0463 2.16616e-05 1.57088 1.07737e-06
26.861 -1.0472 -1.0463 -0.000897435 14.1153 2.13272e-05 -0.00184099 2.23394e-05 -1.0463 2.16515e-05 1.57088 1.07655e-06
26.862 -1.0472 -1.0463 -0.000896815 14.1156 2.13874e-05 -0.00183973 2.23975e-05 -1.0463 2.16409e-05 1.57088 1.07572e-06
26.863 -1.0472 -1.0463 -0.000896174 14.1159 2.14467e-05 -0.00183842 2.24548e-05 -1.0463 2.16297e-05 1.57088 1.07485e-06
26.864 -1.0472 -1.0463 -0.000895512 14.1162 2.15052e-05 -0.00183707 2.25113e-05 -1.0463 2.1618e-05 1.57088 1.07396e-06
26.865 -1.0472 -1.0463 -0.000894827 14.1166 2.15629e-05 -0.00183567 2.25669e-05 -1.0463 2.16058e-05 1.57088 1.07305e-06
26.866 -1.0472 -1.0463 -0.000894121 14.1169 2.16197e-05 -0.00183422 2.26216e-05 -1.0463 2.1593e-05 1.57088 1.07211e-06
26.867 -1.0472 -1.0463 -0.000893394 14.1172 2.16757e-05 -0.00183274 2.26754e-05 -1.0463 2.15797e-05 1.57087 1.07114e-06
26.868 -1.0472 -1.0463 -0.000892645 14.1175 2.17308e-05 -0.0018312 2.27284e-05 -1.0463 2.15658e-05 1.57087 1.07015e-06
26.869 -1.0472 -1.04631 -0.000891875 14.1178 2.17851e-05 -0.00182963 2.27805e-05 -1.04631 2.15514e-05 1.57087 1.06913e-06
26.87 -1.0472 -1.04631 -0.000891083 14.1182 2.18386e-05 -0.00182801 2.28318e-05 -1.04631 2.15365e-05 1.57087 1.06809e-06
26.871 -1.0472 -1.04631 -0.000890271 14.1185 2.18912e-05 -0.00182635 2.28822e-05 -1.04631 2.1521e-05 1.57087 1.06702e-06
26.872 -1.0472 -1.04631 -0.000889437 14.1188 2.19429e-05 -0.00182464 2.29317e-05 -1.04631 2.15051e-05 1.57087 1.06593e-06
26.873 -1.0472 -1.04631 -0.000888582 14.1191 2.19938e-05 -0.00182289 2.29804e-05 -1.04631 2.14886e-05 1.57087 1.06481e-06
26.874 -1.0472 -1.04631 -0.000887706 14.1195 2.20439e-05 -0.0018211 2.30282e-05 -1.04631 2.14715e-05 1.57087 1.06366e-06
26.875 -1.0472 -1.04631 -0.00088681 14.1198 2.20931e-05 -0.00181927 2.30752e-05 -1.04631 2.1454e-05 1.57087 1.0625e-06
26.876 -1.0472 -1.04631 -0.000885893 14.1201 2.21414e-05 -0.00181739 2.31212e-05 -1.04631 2.14359e-05 1.57087 1.0613e-06
26.877 -1.0472 -1.04631 -0.000884955 14.1205 2.21889e-05 -0.00181547 2.31665e-05 -1.04631 2.14173e-05 1.57087 1.06009e-06
26.878 -1.0472 -1.04631 -0.000883996 14.1208 2.22356e-05 -0.00181351 2.32108e-05 -1.04631 2.13982e-05 1.57087 1.05885e-06
26.879 -1.0472 -1.04631 -0.000883017 14.1212 2.22814e-05 -0.00181151 2.32543e-05 -1.04631 2.13786e-05 1.57087 1.05758e-06
26.88 -1.0472 -1.04632 -0.000882018 14.1215 2.23264e-05 -0.00180946 2.32969e-05 -1.04632 2.13585e-05 1.57087 1.05629e-06
26.881 -1.0472 -1.04632 -0.000880998 14.1219 2.23705e-05 -0.00180737 2.33386e-05 -1.04632 2.13378e-05 1.57087 1.05497e-06
26.882 -1.0472 -1.04632 -0.000879958 14.1222 2.24137e-05 -0.00180525 2.33795e-05 -1.04632 2.13167e-05 1.57087 1.05364e-06
26.883 -1.0472 -1.04632 -0.000878898 14.1226 2.24562e-05 -0.00180308 2.34195e-05 -1.04632 2.1295e-05 1.57087 1.05227e-06
26.884 -1.0472 -1.04632 -0.000877818 14.1229 2.24977e-05 -0.00180086 2.34587e-05 -1.04632 2.12728e-05 1.57087 1.05089e-06
26.885 -1.0472 -1.04632 -0.000876718 14.1233 2.25384e-05 -0.00179861 2.3497e-05 -1.04632 2.12502e-05 1.57087 1.04948e-06
26.886 -1.0472 -1.04632 -0.000875598 14.1236 2.25783e-05 -0.00179632 2.35344e-05 -1.04632 2.1227e-05 1.57087 1.04804e-06
26.887 -1.0472 -1.04632 -0.000874458 14.124 2.26173e-05 -0.00179398 2.35709e-05 -1.04632 2.12033e-05 1.57087 1.04659e-06
26.888 -1.0472 -1.04632 -0.000873299 14.1243 2.26555e-05 -0.00179161 2.36066e-05 -1.04632 2.11791e-05 1.57087 1.04511e-06
26.889 -1.0472 -1.04633 -0.00087212 14.1247 2.26928e-05 -0.00178919 2.36415e-05 -1.04633 2.11545e-05 1.57087 1.0436e-06
26.89 -1.0472 -1.04633 -0.000870921 14.1251 2.27292e-05 -0.00178674 2.36754e-05 -1.04633 2.11293e-05 1.57087 1.04208e-06
26.891 -1.0472 -1.04633 -0.000869703 14.1254 2.27648e-05 -0.00178424 2.37085e-05 -1.04633 2.11037e-05 1.57087 1.04053e-06
26.892 -1.0472 -1.04633 -0.000868465 14.1258 2.27996e-05 -0.00178171 2.37407e-05 -1.04633 2.10775e-05 1.57087 1.03895e-06
26.893 -1.0472 -1.04633 -0.000867208 14.1262 2.28335e-05 -0.00177914 2.37721e-05 -1.04633 2.10509e-05 1.57087 1.03736e-06
26.894 -1.0472 -1.04633 -0.000865932 14.1265 2.28666e-05 -0.00177652 2.38026e-05 -1.04633 2.10238e-05 1.57087 1.03574e-06
26.895 -1.0472 -1.04633 -0.000864637 14.1269 2.28988e-05 -0.00177387 2.38322e-05 -1.04633 2.09962e-05 1.57087 1.0341e-06
26.896 -1.0472 -1.04633 -0.000863323 14.1273 2.29301e-05 -0.00177118 2.3861e-05 -1.04633 2.09681e-05 1.57087 1.03243e-06
26.897 -1.0472 -1.04634 -0.00086199 14.1277 2.29607e-05 -0.00176845 2.38889e-05 -1.04634 2.09396e-05 1.57087 1.03075e-06
26.898 -1.0472 -1.04634 -0.000860638 14.128 2.29903e-05 -0.00176568 2.3916e-05 -1.04634 2.09106e-05 1.57087 1.02904e-06
26.899 -1.0472 -1.04634 -0.000859268 14.1284 2.30192e-05 -0.00176287 2.39422e-05 -1.04634 2.08811e-05 1.57087 1.02731e-06
26.9 -1.0472 -1.04634 -0.000857879 14.1288 2.30471e-05 -0.00176002 2.39675e-05 -1.04634 2.08511e-05 1.57087 1.02556e-06
26.901 -1.0472 -1.04634 -0.000856471 14.1292 2.30743e-05 -0.00175714 2.3992e-05 -1.04634 2.08206e-05 1.57087 1.02378e-06
26.902 -1.0472 -1.04634 -0.000855045 14.1296 2.31006e-05 -0.00175421 2.40156e-05 -1.04634 2.07897e-05 1.57087 1.02198e-06
26.903 -1.0472 -1.04634 -0.0008536 14.13 2.3126e-05 -0.00175125 2.40384e-05 -1.04634 2.07583e-05 1.57087 1.02017e-06
26.904 -1.0472 -1.04635 -0.000852137 14.1304 2.31506e-05 -0.00174826 2.40603e-05 -1.04635 2.07265e-05 1.57087 1.01833e-06
26.905 -1.0472 -1.04635 -0.000850656 14.1307 2.31744e-05 -0.00174522 2.40813e-05 -1.04635 2.06942e-05 1.57087 1.01647e-06
26.906 -1.0472 -1.04635 -0.000849157 14.1311 2.31973e-05 -0.00174215 2.41015e-05 -1.04635 2.06614e-05 1.57087 1.01458e-06
26.907 -1.0472 -1.04635 -0.00084764 14.1315 2.32194e-05 -0.00173904 2.41208e-05 -1.04635 2.06282e-05 1.57087 1.01268e-06
26.908 -1.0472 -1.04635 -0.000846105 14.1319 2.32406e-05 -0.00173589 2.41393e-05 -1.04635 2.05945e-05 1.57087 1.01075e-06
26.909 -1.0472 -1.04635 -0.000844552 14.1323 2.3261e-05 -0.00173271 2.4157e-05 -1.04635 2.05604e-05 1.57087 1.00881e-06
26.91 -1.0472 -1.04635 -0.000842981 14.1327 2.32806e-05 -0.00172949 2.41737e-05 -1.04635 2.05258e-05 1.57087 1.00684e-06
26.911 -1.0472 -1.04636 -0.000841393 14.1331 2.32993e-05 -0.00172624 2.41897e-05 -1.04636 2.04908e-05 1.57087 1.00485e-06
26.912 -1.0472 -1.04636 -0.000839787 14.1335 2.33172e-05 -0.00172295 2.42048e-05 -1.04636 2.04553e-05 1.57087 1.00284e-06
26.913 -1.0472 -1.04636 -0.000838164 14.1339 2.33342e-05 -0.00171962 2.4219e-05 -1.04636 2.04194e-05 1.57087 1.00082e-06
26.914 -1.0472 -1.04636 -0.000836523 14.1343 2.33504e-05 -0.00171626 2.42324e-05 -1.04636 2.0383e-05 1.57087 9.98766e-07
26.915 -1.0472 -1.04636 -0.000834865 14.1347 2.33658e-05 -0.00171286 2.42449e-05 -1.04636 2.03462e-05 1.57087 9.96696e-07
26.916 -1.0472 -1.04636 -0.00083319 14.1351 2.33804e-05 -0.00170942 2.42566e-05 -1.04636 2.03089e-05 1.57087 9.94606e-07
26.917 -1.0472 -1.04637 -0.000831498 14.1356 2.33941e-05 -0.00170596 2.42675e-05 -1.04637 2.02712e-05 1.57087 9.92496e-07
26.918 -1.0472 -1.04637 -0.000829789 14.136 2.3407e-05 -0.00170245 2.42775e-05 -1.04637 2.02331e-05 1.57087 9.90365e-07
26.919 -1.0472 -1.04637 -0.000828063 14.1364 2.3419e-05 -0.00169891 2.42867e-05 -1.04637 2.01946e-05 1.57087 9.88215e-07
26.92 -1.0472 -1.04637 -0.00082632 14.1368 2.34303e-05 -0.00169534 2.4295e-05 -1.04637 2.01556e-05 1.57087 9.86045e-07
26.921 -1.0472 -1.04637 -0.00082456 14.1372 2.34407e-05 -0.00169173 2.43025e-05 -1.04637 2.01162e-05 1.57087 9.83855e-07
26.922 -1.0472 -1.04637 -0.000822784 14.1376 2.34503e-05 -0.00168809 2.43092e-05 -1.04637 2.00763e-05 1.57087 9.81646e-07
26.923 -1.0472 -1.04638 -0.000820992 14.138 2.3459e-05 -0.00168442 2.4315e-05 -1.04638 2.00361e-05 1.57087 9.79418e-07
26.924 -1.0472 -1.04638 -0.000819183 14.1385 2.3467e-05 -0.00168071 2.432e-05 -1.04638 1.99954e-05 1.57087 9.7717e-07
26.925 -1.0472 -1.04638 -0.000817357 14.1389 2.34741e-05 -0.00167697 2.43241e-05 -1.04638 1.99543e-05 1.57087 9.74903e-07
26.926 -1.0472 -1.04638 -0.000815516 14.1393 2.34804e-05 -0.00167319 2.43275e-05 -1.04638 1.99128e-05 1.57087 9.72616e-07
26.927 -1.0472 -1.04638 -0.000813658 14.1397 2.34859e-05 -0.00166938 2.433e-05 -1.04638 1.98709e-05 1.57087 9.70311e-07
26.928 -1.0472 -1.04639 -0.000811784 14.1401 2.34905e-05 -0.00166554 2.43317e-05 -1.04639 1.98285e-05 1.57087 9.67987e-07
26.929 -1.0472 -1.04639 -0.000809895 14.1406 2.34944e-05 -0.00166166 2.43325e-05 -1.04639 1.97858e-05 1.57087 9.65645e-07
26.93 -1.0472 -1.04639 -0.000807989 14.141 2.34974e-05 -0.00165776 2.43325e-05 -1.04639 1.97426e-05 1.57087 9.63283e-07
26.931 -1.0472 -1.04639 -0.000806068 14.1414 2.34996e-05 -0.00165382 2.43318e-05 -1.04639 1.96991e-05 1.57087 9.60904e-07
26.932 -1.0472 -1.04639 -0.000804131 14.1419 2.35011e-05 -0.00164985 2.43301e-05 -1.04639 1.96551e-05 1.57087 9.58505e-07
26.933 -1.0472 -1.0464 -0.000802178 14.1423 2.35017e-05 -0.00164584 2.43277e-05 -1.0464 1.96108e-05 1.57087 9.56089e-07
26.934 -1.0472 -1.0464 -0.00080021 14.1427 2.35015e-05 -0.00164181 2.43245e-05 -1.0464 1.9566e-05 1.57087 9.53655e-07
26.935 -1.0472 -1.0464 -0.000798227 14.1432 2.35005e-05 -0.00163774 2.43204e-05 -1.0464 1.95208e-05 1.57087 9.51202e-07
26.936 -1.0472 -1.0464 -0.000796229 14.1436 2.34987e-05 -0.00163364 2.43155e-05 -1.0464 1.94753e-05 1.57087 9.48732e-07
26.937 -1.0472 -1.0464 -0.000794215 14.144 2.3496e-05 -0.00162951 2.43099e-05 -1.0464 1.94294e-05 1.57087 9.46244e-07
26.938 -1.0472 -1.04641 -0.000792186 14.1445 2.34926e-05 -0.00162535 2.43034e-05 -1.04641 1.9383e-05 1.57087 9.43738e-07
26.939 -1.0472 -1.04641 -0.000790142 14.1449 2.34884e-05 -0.00162116 2.42961e-05 -1.04641 1.93363e-05 1.57087 9.41214e-07
26.94 -1.0472 -1.04641 -0.000788084 14.1453 2.34834e-05 -0.00161694 2.4288e-05 -1.04641 1.92892e-05 1.57087 9.38674e-07
26.941 -1.0472 -1.04641 -0.00078601 14.1458 2.34776e-05 -0.00161269 2.42791e-05 -1.04641 1.92417e-05 1.57087 9.36115e-07
26.942 -1.0472 -1.04641 -0.000783922 14.1462 2.34711e-05 -0.00160841 2.42694e-05 -1.04641 1.91939e-05 1.57087 9.3354e-07
26.943 -1.0472 -1.04642 -0.00078182 14.1467 2.34637e-05 -0.00160409 2.42588e-05 -1.04642 1.91456e-05 1.57087 9.30948e-07
26.944 -1.0472 -1.04642 -0.000779702 14.1471 2.34555e-05 -0.00159975 2.42475e-05 -1.04642 1.9097e-05 1.57086 9.28339e-07
26.945 -1.0472 -1.04642 -0.000777571 14.1475 2.34466e-05 -0.00159538 2.42355e-05 -1.04642 1.9048e-05 1.57086 9.25713e-07
26.946 -1.0472 -1.04642 -0.000775425 14.148 2.34368e-05 -0.00159098 2.42226e-05 -1.04642 1.89987e-05 1.57086 9.2307e-07
26.947 -1.0472 -1.04642 -0.000773265 14.1484 2.34263e-05 -0.00158655 2.42089e-05 -1.04642 1.8949e-05 1.57086 9.20411e-07
26.948 -1.0472 -1.04643 -0.000771091 14.1489 2.3415e-05 -0.00158209 2.41944e-05 -1.04643 1.88989e-05 1.57086 9.17735e-07
26.949 -1.0472 -1.04643 -0.000768903 14.1493 2.3403e-05 -0.0015776 2.41792e-05 -1.04643 1.88484e-05 1.57086 9.15043e-07
26.95 -1.0472 -1.04643 -0.000766701 14.1498 2.33901e-05 -0.00157309 2.41631e-05 -1.04643 1.87976e-05 1.57086 9.12334e-07
26.951 -1.0472 -1.04643 -0.000764485 14.1502 2.33765e-05 -0.00156854 2.41463e-05 -1.04643 1.87464e-05 1.57086 9.0961e-07
26.952 -1.0472 -1.04644 -0.000762256 14.1507 2.33621e-05 -0.00156397 2.41287e-05 -1.04644 1.86949e-05 1.57086 9.06869e-07
26.953 -1.0472 -1.04644 -0.000760012 14.1511 2.3347e-05 -0.00155937 2.41104e-05 -1.04644 1.8643e-05 1.57086 9.04113e-07
26.954 -1.0472 -1.04644 -0.000757756 14.1516 2.3331e-05 -0.00155474 2.40912e-05 -1.04644 1.85908e-05 1.57086 9.01341e-07
26.955 -1.0472 -1.04644 -0.000755486 14.152 2.33144e-05 -0.00155008 2.40713e-05 -1.04644 1.85382e-05 1.57086 8.98553e-07
26.956 -1.0472 -1.04644 -0.000753203 14.1525 2.32969e-05 -0.0015454 2.40506e-05 -1.04644 1.84853e-05 1.57086 8.9575e-07
26.957 -1.0472 -1.04645 -0.000750906 14.153 2.32787e-05 -0.00154069 2.40292e-05 -1.04645 1.8432e-05 1.57086 8.92932e-07
26.958 -1.0472 -1.04645 -0.000748596 14.1534 2.32597e-05 -0.00153595 2.4007e-05 -1.04645 1.83784e-05 1.57086 8.90098e-07
26.959 -1.0472 -1.04645 -0.000746274 14.1539 2.324e-05 -0.00153119 2.3984e-05 -1.04645 1.83245e-05 1.57086 8.87249e-07
26.96 -1.0472 -1.04645 -0.000743938 14.1543 2.32196e-05 -0.0015264 2.39603e-05 -1.04645 1.82702e-05 1.57086 8.84385e-07
26.961 -1.0472 -1.04646 -0.00074159 14.1548 2.31983e-05 -0.00152158 2.39358e-05 -1.04646 1.82155e-05 1.57086 8.81506e-07
26.962 -1.0472 -1.04646 -0.000739229 14.1552 2.31764e-05 -0.00151674 2.39105e-05 -1.04646 1.81606e-05 1.57086 8.78613e-07
26.963 -1.0472 -1.04646 -0.000736855 14.1557 2.31537e-05 -0.00151187 2.38845e-05 -1.04646 1.81053e-05 1.57086 8.75705e-07
26.964 -1.0472 -1.04646 -0.000734469 14.1562 2.31302e-05 -0.00150697 2.38578e-05 -1.04646 1.80497e-05 1.57086 8.72782e-07
26.965 -1.0472 -1.04647 -0.00073207 14.1566 2.3106e-05 -0.00150205 2.38303e-05 -1.04647 1.79937e-05 1.57086 8.69845e-07
26.966 -1.0472 -1.04647 -0.000729659 14.1571 2.30811e-05 -0.00149711 2.38021e-05 -1.04647 1.79375e-05 1.57086 8.66893e-07
26.967 -1.0472 -1.04647 -0.000727236 14.1576 2.30554e-05 -0.00149214 2.37731e-05 -1.04647 1.78809e-05 1.57086 8.63928e-07
26.968 -1.0472 -1.04647 -0.000724801 14.158 2.3029e-05 -0.00148714 2.37434e-05 -1.04647 1.7824e-05 1.57086 8.60948e-07
26.969 -1.0472 -1.04648 -0.000722354 14.1585 2.30019e-05 -0.00148212 2.3713e-05 -1.04648 1.77668e-05 1.57086 8.57954e-07
26.97 -1.0472 -1.04648 -0.000719894 14.1589 2.29741e-05 -0.00147707 2.36818e-05 -1.04648 1.77092e-05 1.57086 8.54947e-07
26.971 -1.0472 -1.04648 -0.000717423 14.1594 2.29455e-05 -0.001472 2.36499e-05 -1.04648 1.76514e-05 1.57086 8.51926e-07
26.972 -1.0472 -1.04648 -0.00071494 14.1599 2.29162e-05 -0.00146691 2.36173e-05 -1.04648 1.75933e-05 1.57086 8.48891e-07
26.973 -1.0472 -1.04649 -0.000712446 14.1603 2.28862e-05 -0.00146179 2.35839e-05 -1.04649 1.75348e-05 1.57086 8.45843e-07
26.974 -1.0472 -1.04649 -0.00070994 14.1608 2.28555e-05 -0.00145665 2.35498e-05 -1.04649 1.7476e-05 1.57086 8.42781e-07
26.975 -1.0472 -1.04649 -0.000707423 14.1613 2.2824e-05 -0.00145149 2.3515e-05 -1.04649 1.7417e-05 1.57086 8.39707e-07
26.976 -1.0472 -1.04649 -0.000704894 14.1618 2.27919e-05 -0.0014463 2.34795e-05 -1.04649 1.73576e-05 1.57086 8.36619e-07
26.977 -1.0472 -1.0465 -0.000702354 14.1622 2.2759e-05 -0.00144109 2.34433e-05 -1.0465 1.7298e-05 1.57086 8.33518e-07
26.978 -1.0472 -1.0465 -0.000699803 14.1627 2.27255e-05 -0.00143586 2.34064e-05 -1.0465 1.7238e-05 1.57086 8.30405e-07
26.979 -1.0472 -1.0465 -0.000697241 14.1632 2.26912e-05 -0.0014306 2.33688e-05 -1.0465 1.71778e-05 1.57086 8.27279e-07
26.98 -1.0472 -1.0465 -0.000694668 14.1636 2.26563e-05 -0.00142532 2.33304e-05 -1.0465 1.71173e-05 1.57086 8.2414e-07
26.981 -1.0472 -1.04651 -0.000692084 14.1641 2.26206e-05 -0.00142002 2.32914e-05 -1.04651 1.70564e-05 1.57086 8.20988e-07
26.982 -1.0472 -1.04651 -0.00068949 14.1646 2.25843e-05 -0.0014147 2.32517e-05 -1.04651 1.69953e-05 1.57086 8.17825e-07
26.983 -1.0472 -1.04651 -0.000686885 14.1651 2.25472e-05 -0.00140935 2.32112e-05 -1.04651 1.6934e-05 1.57086 8.14649e-07
26.984 -1.0472 -1.04651 -0.000684269 14.1655 2.25095e-05 -0.00140399 2.31701e-05 -1.04651 1.68723e-05 1.57086 8.11461e-07
26.985 -1.0472 -1.04652 -0.000681643 14.166 2.24711e-05 -0.0013986 2.31283e-05 -1.04652 1.68104e-05 1.57086 8.08261e-07
26.986 -1.0472 -1.04652 -0.000679006 14.1665 2.24321e-05 -0.00139319 2.30858e-05 -1.04652 1.67482e-05 1.57086 8.05049e-07
26.987 -1.0472 -1.04652 -0.00067636 14.167 2.23923e-05 -0.00138776 2.30427e-05 -1.04652 1.66857e-05 1.57086 8.01825e-07
26.988 -1.0472 -1.04652 -0.000673703 14.1674 2.23519e-05 -0.00138231 2.29988e-05 -1.04652 1.66229e-05 1.57086 7.9859e-07
26.989 -1.0472 -1.04653 -0.000671036 14.1679 2.23108e-05 -0.00137684 2.29543e-05 -1.04653 1.65599e-05 1.57086 7.95343e-07
26.99 -1.0472 -1.04653 -0.000668359 14.1684 2.2269e-05 -0.00137134 2.29091e-05 -1.04653 1.64966e-05 1.57086 7.92085e-07
26.991 -1.0472 -1.04653 -0.000665673 14.1689 2.22266e-05 -0.00136583 2.28632e-05 -1.04653 1.64331e-05 1.57085 7.88815e-07
26.992 -1.0472 -1.04653 -0.000662976 14.1693 2.21835e-05 -0.0013603 2.28167e-05 -1.04653 1.63693e-05 1.57085 7.85534e-07
26.993 -1.0472 -1.04654 -0.00066027 14.1698 2.21397e-05 -0.00135475 2.27695e-05 -1.04654 1.63052e-05 1.57085 7.82243e-07
26.994 -1.0472 -1.04654 -0.000657555 14.1703 2.20953e-05 -0.00134918 2.27217e-05 -1.04654 1.62409e-05 1.57085 7.7894e-07
26.995 -1.0472 -1.04654 -0.00065483 14.1708 2.20502e-05 -0.00134358 2.26732e-05 -1.04654 1.61763e-05 1.57085 7.75626e-07
26.996 -1.0472 -1.04655 -0.000652096 14.1712 2.20045e-05 -0.00133797 2.2624e-05 -1.04655 1.61115e-05 1.57085 7.72302e-07
26.997 -1.0472 -1.04655 -0.000649352 14.1717 2.19582e-05 -0.00133235 2.25742e-05 -1.04655 1.60464e-05 1.57085 7.68968e-07
26.998 -1.0472 -1.04655 -0.000646599 14.1722 2.19112e-05 -0.0013267 2.25238e-05 -1.04655 1.59811e-05 1.57085 7.65622e-07
26.999 -1.0472 -1.04655 -0.000643838 14.1727 2.18635e-05 -0.00132103 2.24727e-05 -1.04655 1.59156e-05 1.57085 7.62267e-07
27 -1.0472 -1.04656 -0.000641067 14.1732 2.18153e-05 -0.00131535 2.2421e-05 -1.04656 1.58498e-05 1.57085 7.58901e-07
27.001 -1.0472 -1.04656 -0.000638287 14.1736 2.17664e-05 -0.00130964 2.23686e-05 -1.04656 1.57837e-05 1.57085 7.55526e-07
27.002 -1.0472 -1.04656 -0.000635499 14.1741 2.17168e-05 -0.00130392 2.23156e-05 -1.04656 1.57175e-05 1.57085 7.5214e-07
27.003 -1.0472 -1.04656 -0.000632702 14.1746 2.16667e-05 -0.00129818 2.2262e-05 -1.04656 1.5651e-05 1.57085 7.48744e-07
27.004 -1.0472 -1.04657 -0.000629897 14.1751 2.16159e-05 -0.00129243 2.22077e-05 -1.04657 1.55842e-05 1.57085 7.45339e-07
27.005 -1.0472 -1.04657 -0.000627083 14.1756 2.15645e-05 -0.00128665 2.21529e-05 -1.04657 1.55173e-05 1.57085 7.41924e-07
27.006 -1.0472 -1.04657 -0.00062426 14.176 2.15125e-05 -0.00128086 2.20974e-05 -1.04657 1.54501e-05 1.57085 7.385e-07
27.007 -1.0472 -1.04658 -0.00062143 14.1765 2.14599e-05 -0.00127505 2.20413e-05 -1.04658 1.53827e-05 1.57085 7.35066e-07
27.008 -1.0472 -1.04658 -0.000618591 14.177 2.14066e-05 -0.00126923 2.19846e-05 -1.04658 1.5315e-05 1.57085 7.31623e-07
27.009 -1.0472 -1.04658 -0.000615744 14.1775 2.13528e-05 -0.00126339 2.19273e-05 -1.04658 1.52472e-05 1.57085 7.28171e-07
27.01 -1.0472 -1.04658 -0.00061289 14.178 2.12984e-05 -0.00125753 2.18693e-05 -1.04658 1.51791e-05 1.57085 7.2471e-07
27.011 -1.0472 -1.04659 -0.000610027 14.1785 2.12433e-05 -0.00125165 2.18108e-05 -1.04659 1.51108e-05 1.57085 7.2124e-07
27.012 -1.0472 -1.04659 -0.000607157 14.1789 2.11877e-05 -0.00124576 2.17517e-05 -1.04659 1.50424e-05 1.57085 7.17761e-07
27.013 -1.0472 -1.04659 -0.000604279 14.1794 2.11315e-05 -0.00123986 2.1692e-05 -1.04659 1.49737e-05 1.57085 7.14274e-07
27.014 -1.0472 -1.0466 -0.000601393 14.1799 2.10747e-05 -0.00123394 2.16317e-05 -1.0466 1.49048e-05 1.57085 7.10778e-07
27.015 -1.0472 -1.0466 -0.0005985 14.1804 2.10173e-05 -0.001228 2.15708e-05 -1.0466 1.48356e-05 1.57085 7.07273e-07
27.016 -1.0472 -1.0466 -0.0005956 14.1809 2.09593e-05 -0.00122205 2.15094e-05 -1.0466 1.47663e-05 1.57085 7.03761e-07
27.017 -1.0472 -1.0466 -0.000592692 14.1814 2.09007e-05 -0.00121608 2.14473e-05 -1.0466 1.46968e-05 1.57085 7.0024e-07
27.018 -1.0472 -1.04661 -0.000589777 14.1818 2.08416e-05 -0.0012101 2.13847e-05 -1.04661 1.46271e-05 1.57085 6.96711e-07
27.019 -1.0472 -1.04661 -0.000586855 14.1823 2.07819e-05 -0.00120411 2.13215e-05 -1.04661 1.45572e-05 1.57085 6.93174e-07
27.02 -1.0472 -1.04661 -0.000583926 14.1828 2.07217e-05 -0.00119809 2.12578e-05 -1.04661 1.44871e-05 1.57085 6.89629e-07
27.021 -1.0472 -1.04662 -0.000580991 14.1833 2.06608e-05 -0.00119207 2.11934e-05 -1.04662 1.44169e-05 1.57085 6.86076e-07
27.022 -1.0472 -1.04662 -0.000578048 14.1838 2.05994e-05 -0.00118603 2.11286e-05 -1.04662 1.43464e-05 1.57085 6.82516e-07
27.023 -1.0472 -1.04662 -0.000575099 14.1842 2.05375e-05 -0.00117998 2.10631e-05 -1.04662 1.42757e-05 1.57085 6.78949e-07
27.024 -1.0472 -1.04663 -0.000572143 14.1847 2.0475e-05 -0.00117391 2.09971e-05 -1.04663 1.42049e-05 1.57085 6.75374e-07
27.025 -1.0472 -1.04663 -0.000569181 14.1852 2.0412e-05 -0.00116784 2.09306e-05 -1.04663 1.41339e-05 1.57085 6.71792e-07
27.026 -1.0472 -1.04663 -0.000566212 14.1857 2.03484e-05 -0.00116174 2.08635e-05 -1.04663 1.40627e-05 1.57085 6.68202e-07
27.027 -1.0472 -1.04663 -0.000563237 14.1862 2.02843e-05 -0.00115564 2.07959e-05 -1.04663 1.39913e-05 1.57085 6.64606e-07
27.028 -1.0472 -1.04664 -0.000560255 14.1867 2.02196e-05 -0.00114952 2.07277e-05 -1.04664 1.39198e-05 1.57085 6.61002e-07
27.029 -1.0472 -1.04664 -0.000557268 14.1871 2.01544e-05 -0.00114339 2.06591e-05 -1.04664 1.38481e-05 1.57085 6.57392e-07
27.03 -1.0472 -1.04664 -0.000554275 14.1876 2.00887e-05 -0.00113725 2.05898e-05 -1.04664 1.37762e-05 1.57085 6.53776e-07
27.031 -1.0472 -1.04665 -0.000551275 14.1881 2.00225e-05 -0.00113109 2.05201e-05 -1.04665 1.37042e-05 1.57084 6.50152e-07
27.032 -1.0472 -1.04665 -0.00054827 14.1886 1.99557e-05 -0.00112492 2.04498e-05 -1.04665 1.3632e-05 1.57084 6.46522e-07
27.033 -1.0472 -1.04665 -0.000545259 14.1891 1.98884e-05 -0.00111875 2.0379e-05 -1.04665 1.35596e-05 1.57084 6.42886e-07
27.034 -1.0472 -1.04666 -0.000542243 14.1895 1.98206e-05 -0.00111256 2.03077e-05 -1.04666 1.34871e-05 1.57084 6.39244e-07
27.035 -1.0472 -1.04666 -0.000539221 14.19 1.97523e-05 -0.00110635 2.02359e-05 -1.04666 1.34144e-05 1.57084 6.35596e-07
27.036 -1.0472 -1.04666 -0.000536193 14.1905 1.96835e-05 -0.00110014 2.01636e-05 -1.04666 1.33416e-05 1.57084 6.31941e-07
27.037 -1.0472 -1.04666 -0.000533161 14.191 1.96141e-05 -0.00109392 2.00908e-05 -1.04666 1.32686e-05 1.57084 6.28281e-07
27.038 -1.0472 -1.04667 -0.000530123 14.1915 1.95443e-05 -0.00108768 2.00175e-05 -1.04667 1.31955e-05 1.57084 6.24615e-07
27.039 -1.0472 -1.04667 -0.000527079 14.1919 1.9474e-05 -0.00108144 1.99437e-05 -1.04667 1.31222e-05 1.57084 6.20943e-07
27.04 -1.0472 -1.04667 -0.000524031 14.1924 1.94032e-05 -0.00107518 1.98694e-05 -1.04667 1.30488e-05 1.57084 6.17266e-07
27.041 -1.0472 -1.04668 -0.000520978 14.1929 1.93319e-05 -0.00106892 1.97946e-05 -1.04668 1.29753e-05 1.57084 6.13583e-07
27.042 -1.0472 -1.04668 -0.00051792 14.1934 1.92601e-05 -0.00106264 1.97193e-05 -1.04668 1.29016e-05 1.57084 6.09895e-07
27.043 -1.0472 -1.04668 -0.000514857 14.1939 1.91878e-05 -0.00105635 1.96435e-05 -1.04668 1.28277e-05 1.57084 6.06202e-07
27.044 -1.0472 -1.04669 -0.000511789 14.1943 1.91151e-05 -0.00105006 1.95673e-05 -1.04669 1.27538e-05 1.57084 6.02504e-07
27.045 -1.0472 -1.04669 -0.000508717 14.1948 1.90419e-05 -0.00104375 1.94906e-05 -1.04669 1.26797e-05 1.57084 5.98801e-07
27.046 -1.0472 -1.04669 -0.000505641 14.1953 1.89682e-05 -0.00103744 1.94134e-05 -1.04669 1.26054e-05 1.57084 5.95093e-07
27.047 -1.0472 -1.04669 -0.000502559 14.1958 1.88941e-05 -0.00103112 1.93358e-05 -1.04669 1.25311e-05 1.57084 5.9138e-07
27.048 -1.0472 -1.0467 -0.000499474 14.1963 1.88195e-05 -0.00102479 1.92577e-05 -1.0467 1.24566e-05 1.57084 5.87662e-07
27.049 -1.0472 -1.0467 -0.000496385 14.1967 1.87444e-05 -0.00101845 1.91792e-05 -1.0467 1.2382e-05 1.57084 5.8394e-07
27.05 -1.0472 -1.0467 -0.000493291 14.1972 1.86689e-05 -0.0010121 1.91002e-05 -1.0467 1.23073e-05 1.57084 5.80214e-07
27.051 -1.0472 -1.04671 -0.000490193 14.1977 1.85929e-05 -0.00100574 1.90207e-05 -1.04671 1.22324e-05 1.57084 5.76483e-07
27.052 -1.0472 -1.04671 -0.000487092 14.1982 1.85165e-05 -0.000999374 1.89408e-05 -1.04671 1.21575e-05 1.57084 5.72749e-07
27.053 -1.0472 -1.04671 -0.000483986 14.1986 1.84397e-05 -0.000993001 1.88605e-05 -1.04671 1.20824e-05 1.57084 5.6901e-07
27.054 -1.0472 -1.04672 -0.000480877 14.1991 1.83624e-05 -0.00098662 1.87798e-05 -1.04672 1.20072e-05 1.57084 5.65267e-07
27.055 -1.0472 -1.04672 -0.000477764 14.1996 1.82847e-05 -0.000980232 1.86986e-05 -1.04672 1.19319e-05 1.57084 5.6152e-07
27.056 -1.0472 -1.04672 -0.000474648 14.2001 1.82065e-05 -0.000973836 1.86169e-05 -1.04672 1.18565e-05 1.57084 5.57769e-07
27.057 -1.0472 -1.04673 -0.000471528 14.2005 1.81279e-05 -0.000967434 1.85349e-05 -1.04673 1.1781e-05 1.57084 5.54015e-07
27.058 -1.0472 -1.04673 -0.000468405 14.201 1.80489e-05 -0.000961024 1.84524e-05 -1.04673 1.17055e-05 1.57084 5.50258e-07
27.059 -1.0472 -1.04673 -0.000465278 14.2015 1.79695e-05 -0.000954607 1.83696e-05 -1.04673 1.16298e-05 1.57084 5.46497e-07
27.06 -1.0472 -1.04674 -0.000462148 14.202 1.78897e-05 -0.000948184 1.82863e-05 -1.04674 1.1554e-05 1.57084 5.42732e-07
27.061 -1.0472 -1.04674 -0.000459016 14.2024 1.78095e-05 -0.000941755 1.82026e-05 -1.04674 1.14781e-05 1.57084 5.38965e-07
27.062 -1.0472 -1.04674 -0.00045588 14.2029 1.77288e-05 -0.000935319 1.81185e-05 -1.04674 1.14021e-05 1.57084 5.35194e-07
27.063 -1.0472 -1.04674 -0.000452741 14.2034 1.76478e-05 -0.000928878 1.8034e-05 -1.04674 1.1326e-05 1.57084 5.3142e-07
27.064 -1.0472 -1.04675 -0.000449599 14.2038 1.75663e-05 -0.000922431 1.79491e-05 -1.04675 1.12499e-05 1.57084 5.27644e-07
27.065 -1.0472 -1.04675 -0.000446455 14.2043 1.74845e-05 -0.000915978 1.78638e-05 -1.04675 1.11736e-05 1.57084 5.23864e-07
27.066 -1.0472 -1.04675 -0.000443308 14.2048 1.74023e-05 -0.000909519 1.77781e-05 -1.04675 1.10973e-05 1.57084 5.20082e-07
27.067 -1.0472 -1.04676 -0.000440159 14.2053 1.73197e-05 -0.000903055 1.76921e-05 -1.04676 1.10209e-05 1.57084 5.16298e-07
27.068 -1.0472 -1.04676 -0.000437007 14.2057 1.72367e-05 -0.000896587 1.76056e-05 -1.04676 1.09444e-05 1.57083 5.12511e-07
27.069 -1.0472 -1.04676 -0.000433852 14.2062 1.71533e-05 -0.000890113 1.75188e-05 -1.04676 1.08679e-05 1.57083 5.08722e-07
27.07 -1.0472 -1.04677 -0.000430696 14.2067 1.70696e-05 -0.000883635 1.74316e-05 -1.04677 1.07912e-05 1.57083 5.0493e-07
27.071 -1.0472 -1.04677 -0.000427537 14.2071 1.69854e-05 -0.000877152 1.73441e-05 -1.04677 1.07145e-05 1.57083 5.01136e-07
27.072 -1.0472 -1.04677 -0.000424376 14.2076 1.6901e-05 -0.000870665 1.72562e-05 -1.04677 1.06377e-05 1.57083 4.97341e-07
27.073 -1.0472 -1.04678 -0.000421213 14.2081 1.68161e-05 -0.000864174 1.71679e-05 -1.04678 1.05609e-05 1.57083 4.93543e-07
27.074 -1.0472 -1.04678 -0.000418048 14.2085 1.67309e-05 -0.000857678 1.70793e-05 -1.04678 1.0484e-05 1.57083 4.89744e-07
27.075 -1.0472 -1.04678 -0.000414882 14.209 1.66454e-05 -0.000851179 1.69903e-05 -1.04678 1.0407e-05 1.57083 4.85943e-07
27.076 -1.0472 -1.04679 -0.000411713 14.2094 1.65595e-05 -0.000844677 1.6901e-05 -1.04679 1.033e-05 1.57083 4.8214e-07
27.077 -1.0472 -1.04679 -0.000408543 14.2099 1.64732e-05 -0.000838171 1.68114e-05 -1.04679 1.02529e-05 1.57083 4.78336e-07
27.078 -1.0472 -1.04679 -0.000405371 14.2104 1.63866e-05 -0.000831661 1.67214e-05 -1.04679 1.01758e-05 1.57083 4.7453e-07
27.079 -1.0472 -1.0468 -0.000402198 14.2108 1.62997e-05 -0.000825149 1.6631e-05 -1.0468 1.00986e-05 1.57083 4.70723e-07
27.08 -1.0472 -1.0468 -0.000399024 14.2113 1.62124e-05 -0.000818634 1.65404e-05 -1.0468 1.00213e-05 1.57083 4.66915e-07
27.081 -1.0472 -1.0468 -0.000395848 14.2118 1.61248e-05 -0.000812116 1.64494e-05 -1.0468 9.94404e-06 1.57083 4.63106e-07
27.082 -1.0472 -1.0468 -0.000392671 14.2122 1.60369e-05 -0.000805596 1.63581e-05 -1.0468 9.8667e-06 1.57083 4.59296e-07
27.083 -1.0472 -1.04681 -0.000389492 14.2127 1.59487e-05 -0.000799073 1.62665e-05 -1.04681 9.78931e-06 1.57083 4.55485e-07
27.084 -1.0472 -1.04681 -0.000386313 14.2131 1.58601e-05 -0.000792548 1.61745e-05 -1.04681 9.71188e-06 1.57083 4.51673e-07
27.085 -1.0472 -1.04681 -0.000383133 14.2136 1.57713e-05 -0.000786021 1.60823e-05 -1.04681 9.63441e-06 1.57083 4.47861e-07
27.086 -1.0472 -1.04682 -0.000379952 14.214 1.56821e-05 -0.000779493 1.59897e-05 -1.04682 9.55691e-06 1.57083 4.44048e-07
27.087 -1.0472 -1.04682 -0.00037677 14.2145 1.55926e-05 -0.000772962 1.58969e-05 -1.04682 9.47937e-06 1.57083 4.40235e-07
27.088 -1.0472 -1.04682 -0.000373587 14.215 1.55028e-05 -0.000766431 1.58037e-05 -1.04682 9.40179e-06 1.57083 4.36421e-07
27.089 -1.0472 -1.04683 -0.000370404 14.2154 1.54127e-05 -0.000759898 1.57103e-05 -1.04683 9.32418e-06 1.57083 4.32607e-07
27.09 -1.0472 -1.04683 -0.00036722 14.2159 1.53224e-05 -0.000753364 1.56165e-05 -1.04683 9.24655e-06 1.57083 4.28793e-07
27.091 -1.0472 -1.04683 -0.000364036 14.2163 1.52317e-05 -0.000746829 1.55225e-05 -1.04683 9.16889e-06 1.57083 4.24978e-07
27.092 -1.0472 -1.04684 -0.000360852 14.2168 1.51407e-05 -0.000740293 1.54282e-05 -1.04684 9.0912e-06 1.57083 4.21164e-07
27.093 -1.0472 -1.04684 -0.000357667 14.2172 1.50495e-05 -0.000733757 1.53336e-05 -1.04684 9.01349e-06 1.57083 4.1735e-07
27.094 -1.0472 -1.04684 -0.000354482 14.2177 1.4958e-05 -0.00072722 1.52388e-05 -1.04684 8.93576e-06 1.57083 4.13536e-07
27.095 -1.0472 -1.04685 -0.000351297 14.2181 1.48662e-05 -0.000720683 1.51437e-05 -1.04685 8.85801e-06 1.57083 4.09723e-07
27.096 -1.0472 -1.04685 -0.000348112 14.2186 1.47742e-05 -0.000714146 1.50483e-05 -1.04685 8.78024e-06 1.57083 4.0591e-07
27.097 -1.0472 -1.04685 -0.000344926 14.219 1.46818e-05 -0.000707609 1.49527e-05 -1.04685 8.70246e-06 1.57083 4.02097e-07
27.098 -1.0472 -1.04686 -0.000341742 14.2195 1.45893e-05 -0.000701073 1.48568e-05 -1.04686 8.62467e-06 1.57083 3.98285e-07
27.099 -1.0472 -1.04686 -0.000338557 14.2199 1.44964e-05 -0.000694537 1.47606e-05 -1.04686 8.54687e-06 1.57083 3.94474e-07
27.1 -1.0472 -1.04686 -0.000335372 14.2204 1.44033e-05 -0.000688001 1.46642e-05 -1.04686 8.46906e-06 1.57083 3.90664e-07
27.101 -1.0472 -1.04687 -0.000332188 14.2208 1.431e-05 -0.000681467 1.45676e-05 -1.04687 8.39125e-06 1.57083 3.86855e-07
27.102 -1.0472 -1.04687 -0.000329005 14.2212 1.42164e-05 -0.000674933 1.44707e-05 -1.04687 8.31343e-06 1.57083 3.83046e-07
27.103 -1.0472 -1.04687 -0.000325822 14.2217 1.41226e-05 -0.000668401 1.43736e-05 -1.04687 8.23561e-06 1.57083 3.79239e-07
27.104 -1.0472 -1.04687 -0.00032264 14.2221 1.40285e-05 -0.00066187 1.42762e-05 -1.04687 8.15779e-06 1.57082 3.75433e-07
27.105 -1.0472 -1.04688 -0.000319458 14.2226 1.39342e-05 -0.00065534 1.41787e-05 -1.04688 8.07997e-06 1.57082 3.71628e-07
27.106 -1.0472 -1.04688 -0.000316277 14.223 1.38397e-05 -0.000648812 1.40809e-05 -1.04688 8.00216e-06 1.57082 3.67825e-07
27.107 -1.0472 -1.04688 -0.000313097 14.2235 1.3745e-05 -0.000642286 1.39829e-05 -1.04688 7.92436e-06 1.57082 3.64023e-07
27.108 -1.0472 -1.04689 -0.000309918 14.2239 1.365e-05 -0.000635762 1.38846e-05 -1.04689 7.84656e-06 1.57082 3.60223e-07
27.109 -1.0472 -1.04689 -0.00030674 14.2243 1.35548e-05 -0.00062924 1.37862e-05 -1.04689 7.76878e-06 1.57082 3.56425e-07
27.11 -1.0472 -1.04689 -0.000303564 14.2248 1.34594e-05 -0.00062272 1.36875e-05 -1.04689 7.69101e-06 1.57082 3.52628e-07
27.111 -1.0472 -1.0469 -0.000300388 14.2252 1.33638e-05 -0.000616203 1.35887e-05 -1.0469 7.61326e-06 1.57082 3.48833e-07
27.112 -1.0472 -1.0469 -0.000297214 14.2256 1.3268e-05 -0.000609688 1.34896e-05 -1.0469 7.53552e-06 1.57082 3.45041e-07
27.113 -1.0472 -1.0469 -0.000294041 14.2261 1.3172e-05 -0.000603176 1.33904e-05 -1.0469 7.4578e-06 1.57082 3.4125e-07
27.114 -1.0472 -1.04691 -0.000290869 14.2265 1.30758e-05 -0.000596667 1.32909e-05 -1.04691 7.3801e-06 1.57082 3.37461e-07
27.115 -1.0472 -1.04691 -0.0002877 14.2269 1.29794e-05 -0.000590162 1.31913e-05 -1.04691 7.30243e-06 1.57082 3.33675e-07
27.116 -1.0472 -1.04691 -0.000284531 14.2274 1.28828e-05 -0.000583659 1.30915e-05 -1.04691 7.22478e-06 1.57082 3.29891e-07
27.117 -1.0472 -1.04692 -0.000281365 14.2278 1.2786e-05 -0.00057716 1.29915e-05 -1.04692 7.14716e-06 1.57082 3.2611e-07
27.118 -1.0472 -1.04692 -0.0002782 14.2282 1.2689e-05 -0.000570665 1.28913e-05 -1.04692 7.06957e-06 1.57082 3.22331e-07
27.119 -1.0472 -1.04692 -0.000275037 14.2286 1.25919e-05 -0.000564174 1.2791e-05 -1.04692 6.99201e-06 1.57082 3.18555e-07
27.12 -1.0472 -1.04693 -0.000271876 14.2291 1.24946e-05 -0.000557686 1.26905e-05 -1.04693 6.91449e-06 1.57082 3.14781e-07
27.121 -1.0472 -1.04693 -0.000268717 14.2295 1.23971e-05 -0.000551203 1.25898e-05 -1.04693 6.837e-06 1.57082 3.1101e-07
27.122 -1.0472 -1.04693 -0.000265559 14.2299 1.22995e-05 -0.000544724 1.2489e-05 -1.04693 6.75954e-06 1.57082 3.07243e-07
27.123 -1.0472 -1.04694 -0.000262405 14.2303 1.22017e-05 -0.000538249 1.2388e-05 -1.04694 6.68213e-06 1.57082 3.03478e-07
27.124 -1.0472 -1.04694 -0.000259252 14.2308 1.21037e-05 -0.000531779 1.22869e-05 -1.04694 6.60476e-06 1.57082 2.99716e-07
27.125 -1.0472 -1.04694 -0.000256102 14.2312 1.20056e-05 -0.000525313 1.21856e-05 -1.04694 6.52743e-06 1.57082 2.95957e-07
27.126 -1.0472 -1.04694 -0.000252954 14.2316 1.19073e-05 -0.000518853 1.20842e-05 -1.04694 6.45015e-06 1.57082 2.92202e-07
27.127 -1.0472 -1.04695 -0.000249808 14.232 1.18089e-05 -0.000512397 1.19826e-05 -1.04695 6.37291e-06 1.57082 2.8845e-07
27.128 -1.0472 -1.04695 -0.000246665 14.2324 1.17103e-05 -0.000505947 1.18809e-05 -1.04695 6.29572e-06 1.57082 2.84702e-07
27.129 -1.0472 -1.04695 -0.000243525 14.2329 1.16116e-05 -0.000499502 1.17791e-05 -1.04695 6.21859e-06 1.57082 2.80957e-07
27.13 -1.0472 -1.04696 -0.000240387 14.2333 1.15128e-05 -0.000493062 1.16771e-05 -1.04696 6.14151e-06 1.57082 2.77215e-07
27.131 -1.0472 -1.04696 -0.000237252 14.2337 1.14138e-05 -0.000486629 1.15751e-05 -1.04696 6.06448e-06 1.57082 2.73478e-07
27.132 -1.0472 -1.04696 -0.00023412 14.2341 1.13148e-05 -0.000480201 1.14729e-05 -1.04696 5.98751e-06 1.57082 2.69744e-07
27.133 -1.0472 -1.04697 -0.000230991 14.2345 1.12155e-05 -0.000473779 1.13706e-05 -1.04697 5.9106e-06 1.57082 2.66014e-07
27.134 -1.0472 -1.04697 -0.000227865 14.2349 1.11162e-05 -0.000467363 1.12681e-05 -1.04697 5.83375e-06 1.57082 2.62288e-07
27.135 -1.0472 -1.04697 -0.000224742 14.2353 1.10168e-05 -0.000460953 1.11656e-05 -1.04697 5.75696e-06 1.57082 2.58566e-07
27.136 -1.0472 -1.04698 -0.000221622 14.2357 1.09172e-05 -0.00045455 1.1063e-05 -1.04698 5.68024e-06 1.57082 2.54848e-07
27.137 -1.0472 -1.04698 -0.000218505 14.2361 1.08176e-05 -0.000448154 1.09602e-05 -1.04698 5.60358e-06 1.57082 2.51134e-07
27.138 -1.0472 -1.04698 -0.000215391 14.2365 1.07178e-05 -0.000441764 1.08574e-05 -1.04698 5.527e-06 1.57082 2.47425e-07
27.139 -1.0472 -1.04699 -0.000212281 14.237 1.06179e-05 -0.000435381 1.07545e-05 -1.04699 5.45048e-06 1.57082 2.4372e-07
27.14 -1.0472 -1.04699 -0.000209174 14.2374 1.0518e-05 -0.000429005 1.06514e-05 -1.04699 5.37403e-06 1.57081 2.40019e-07
27.141 -1.0472 -1.04699 -0.000206071 14.2378 1.04179e-05 -0.000422636 1.05483e-05 -1.04699 5.29766e-06 1.57081 2.36323e-07
27.142 -1.0472 -1.04699 -0.000202971 14.2382 1.03178e-05 -0.000416275 1.04452e-05 -1.04699 5.22136e-06 1.57081 2.32632e-07
27.143 -1.0472 -1.047 -0.000199875 14.2386 1.02175e-05 -0.000409921 1.03419e-05 -1.047 5.14515e-06 1.57081 2.28946e-07
27.144 -1.0472 -1.047 -0.000196783 14.239 1.01172e-05 -0.000403575 1.02386e-05 -1.047 5.06901e-06 1.57081 2.25264e-07
27.145 -1.0472 -1.047 -0.000193694 14.2394 1.00169e-05 -0.000397236 1.01352e-05 -1.047 4.99295e-06 1.57081 2.21587e-07
27.146 -1.0472 -1.04701 -0.000190609 14.2397 9.91639e-06 -0.000390905 1.00317e-05 -1.04701 4.91698e-06 1.57081 2.17915e-07
27.147 -1.0472 -1.04701 -0.000187529 14.2401 9.81586e-06 -0.000384583 9.92817e-06 -1.04701 4.84109e-06 1.57081 2.14248e-07
27.148 -1.0472 -1.04701 -0.000184452 14.2405 9.71527e-06 -0.000378268 9.82458e-06 -1.04701 4.76529e-06 1.57081 2.10587e-07
27.149 -1.0472 -1.04702 -0.000181379 14.2409 9.61462e-06 -0.000371962 9.72094e-06 -1.04702 4.68957e-06 1.57081 2.0693e-07
27.15 -1.0472 -1.04702 -0.00017831 14.2413 9.5139e-06 -0.000365664 9.61725e-06 -1.04702 4.61395e-06 1.57081 2.03279e-07
27.151 -1.0472 -1.04702 -0.000175246 14.2417 9.41313e-06 -0.000359375 9.51351e-06 -1.04702 4.53842e-06 1.57081 1.99633e-07
27.152 -1.0472 -1.04703 -0.000172185 14.2421 9.31231e-06 -0.000353095 9.40972e-06 -1.04703 4.46298e-06 1.57081 1.95993e-07
27.153 -1.0472 -1.04703 -0.00016913 14.2425 9.21145e-06 -0.000346824 9.3059e-06 -1.04703 4.38764e-06 1.57081 1.92358e-07
27.154 -1.0472 -1.04703 -0.000166078 14.2429 9.11054e-06 -0.000340561 9.20205e-06 -1.04703 4.31239e-06 1.57081 1.88728e-07
27.155 -1.0472 -1.04703 -0.000163031 14.2433 9.00959e-06 -0.000334308 9.09816e-06 -1.04703 4.23725e-06 1.57081 1.85105e-07
27.156 -1.0472 -1.04704 -0.000159988 14.2436 8.9086e-06 -0.000328064 8.99424e-06 -1.04704 4.1622e-06 1.57081 1.81487e-07
27.157 -1.0472 -1.04704 -0.000156951 14.244 8.80758e-06 -0.00032183 8.8903e-06 -1.04704 4.08726e-06 1.57081 1.77875e-07
27.158 -1.0472 -1.04704 -0.000153917 14.2444 8.70654e-06 -0.000315605 8.78634e-06 -1.04704 4.01242e-06 1.57081 1.74269e-07
27.159 -1.0472 -1.04705 -0.000150889 14.2448 8.60546e-06 -0.00030939 8.68236e-06 -1.04705 3.93769e-06 1.57081 1.70669e-07
27.16 -1.0472 -1.04705 -0.000147865 14.2452 8.50437e-06 -0.000303184 8.57837e-06 -1.04705 3.86307e-06 1.57081 1.67075e-07
27.161 -1.0472 -1.04705 -0.000144846 14.2455 8.40326e-06 -0.000296989 8.47436e-06 -1.04705 3.78855e-06 1.57081 1.63487e-07
27.162 -1.0472 -1.04706 -0.000141832 14.2459 8.30213e-06 -0.000290804 8.37035e-06 -1.04706 3.71415e-06 1.57081 1.59906e-07
27.163 -1.0472 -1.04706 -0.000138823 14.2463 8.20099e-06 -0.000284629 8.26634e-06 -1.04706 3.63986e-06 1.57081 1.5633e-07
27.164 -1.0472 -1.04706 -0.00013582 14.2467 8.09984e-06 -0.000278464 8.16233e-06 -1.04706 3.56568e-06 1.57081 1.52762e-07
27.165 -1.0472 -1.04706 -0.000132821 14.247 7.9987e-06 -0.00027231 8.05833e-06 -1.04706 3.49163e-06 1.57081 1.49199e-07
27.166 -1.0472 -1.04707 -0.000129827 14.2474 7.89755e-06 -0.000266167 7.95433e-06 -1.04707 3.41768e-06 1.57081 1.45643e-07
27.167 -1.0472 -1.04707 -0.000126839 14.2478 7.7964e-06 -0.000260035 7.85035e-06 -1.04707 3.34386e-06 1.57081 1.42094e-07
27.168 -1.0472 -1.04707 -0.000123856 14.2481 7.69526e-06 -0.000253913 7.74638e-06 -1.04707 3.27016e-06 1.57081 1.38551e-07
27.169 -1.0472 -1.04708 -0.000120878 14.2485 7.59413e-06 -0.000247802 7.64243e-06 -1.04708 3.19658e-06 1.57081 1.35015e-07
27.17 -1.0472 -1.04708 -0.000117906 14.2489 7.49302e-06 -0.000241703 7.5385e-06 -1.04708 3.12313e-06 1.57081 1.31486e-07
27.171 -1.0472 -1.04708 -0.000114939 14.2492 7.39192e-06 -0.000235615 7.43459e-06 -1.04708 3.0498e-06 1.57081 1.27964e-07
27.172 -1.0472 -1.04709 -0.000111978 14.2496 7.29085e-06 -0.000229538 7.33072e-06 -1.04709 2.9766e-06 1.57081 1.24449e-07
27.173 -1.0472 -1.04709 -0.000109023 14.2499 7.18979e-06 -0.000223473 7.22688e-06 -1.04709 2.90353e-06 1.57081 1.20941e-07
27.174 -1.0472 -1.04709 -0.000106073 14.2503 7.08877e-06 -0.00021742 7.12308e-06 -1.04709 2.83059e-06 1.57081 1.17439e-07
27.175 -1.0472 -1.04709 -0.000103129 14.2507 6.98778e-06 -0.000211378 7.01932e-06 -1.04709 2.75779e-06 1.57081 1.13945e-07
27.176 -1.0472 -1.0471 -0.000100191 14.251 6.88682e-06 -0.000205348 6.9156e-06 -1.0471 2.68511e-06 1.57081 1.10459e-07
27.177 -1.0472 -1.0471 -9.72585e-05 14.2514 6.7859e-06 -0.000199331 6.81193e-06 -1.0471 2.61258e-06 1.5708 1.06979e-07
27.178 -1.0472 -1.0471 -9.43321e-05 14.2517 6.68502e-06 -0.000193325 6.7083e-06 -1.0471 2.54018e-06 1.5708 1.03507e-07
27.179 -1.0472 -1.04711 -9.14116e-05 14.2521 6.58419e-06 -0.000187332 6.60474e-06 -1.04711 2.46792e-06 1.5708 1.00043e-07
27.18 -1.0472 -1.04711 -8.84972e-05 14.2524 6.48341e-06 -0.000181352 6.50123e-06 -1.04711 2.3958e-06 1.5708 9.65858e-08
27.181 -1.0472 -1.04711 -8.5589e-05 14.2528 6.38267e-06 -0.000175383 6.39778e-06 -1.04711 2.32382e-06 1.5708 9.31364e-08
27.182 -1.0472 -1.04711 -8.26869e-05 14.2531 6.282e-06 -0.000169428 6.29439e-06 -1.04711 2.25198e-06 1.5708 8.96946e-08
27.183 -1.0472 -1.04712 -7.9791e-05 14.2535 6.18138e-06 -0.000163485 6.19107e-06 -1.04712 2.18029e-06 1.5708 8.62606e-08
27.184 -1.0472 -1.04712 -7.69014e-05 14.2538 6.08082e-06 -0.000157556 6.08783e-06 -1.04712 2.10875e-06 1.5708 8.28343e-08
27.185 -1.0472 -1.04712 -7.40181e-05 14.2541 5.98033e-06 -0.000151639 5.98465e-06 -1.04712 2.03735e-06 1.5708 7.94159e-08
27.186 -1.0472 -1.04713 -7.11413e-05 14.2545 5.8799e-06 -0.000145735 5.88156e-06 -1.04713 1.96611e-06 1.5708 7.60054e-08
27.187 -1.0472 -1.04713 -6.82709e-05 14.2548 5.77955e-06 -0.000139845 5.77854e-06 -1.04713 1.89501e-06 1.5708 7.2603e-08
27.188 -1.0472 -1.04713 -6.5407e-05 14.2552 5.67928e-06 -0.000133968 5.67561e-06 -1.04713 1.82407e-06 1.5708 6.92085e-08
27.189 -1.0472 -1.04714 -6.25497e-05 14.2555 5.57908e-06 -0.000128104 5.57277e-06 -1.04714 1.75328e-06 1.5708 6.58222e-08
27.19 -1.0472 -1.04714 -5.96991e-05 14.2558 5.47896e-06 -0.000122255 5.47002e-06 -1.04714 1.68265e-06 1.5708 6.24441e-08
27.191 -1.0472 -1.04714 -5.68551e-05 14.2562 5.37893e-06 -0.000116419 5.36736e-06 -1.04714 1.61217e-06 1.5708 5.90742e-08
27.192 -1.0472 -1.04714 -5.40178e-05 14.2565 5.27899e-06 -0.000110596 5.2648e-06 -1.04714 1.54185e-06 1.5708 5.57126e-08
27.193 -1.0472 -1.04715 -5.11874e-05 14.2568 5.17913e-06 -0.000104788 5.16235e-06 -1.04715 1.47169e-06 1.5708 5.23594e-08
27.194 -1.0472 -1.04715 -4.83638e-05 14.2572 5.07938e-06 -9.89938e-05 5.05999e-06 -1.04715 1.40169e-06 1.5708 4.90147e-08
27.195 -1.0472 -1.04715 -4.5547e-05 14.2575 4.97972e-06 -9.32137e-05 4.95774e-06 -1.04715 1.33186e-06 1.5708 4.56784e-08
27.196 -1.0472 -1.04715 -4.27373e-05 14.2578 4.88016e-06 -8.74479e-05 4.8556e-06 -1.04715 1.26219e-06 1.5708 4.23507e-08
27.197 -1.0472 -1.04716 -3.99346e-05 14.2581 4.7807e-06 -8.16966e-05 4.75358e-06 -1.04716 1.19268e-06 1.5708 3.90316e-08
27.198 -1.0472 -1.04716 -3.71389e-05 14.2585 4.68135e-06 -7.59597e-05 4.65167e-06 -1.04716 1.12335e-06 1.5708 3.57212e-08
27.199 -1.0472 -1.04716 -3.43503e-05 14.2588 4.58212e-06 -7.02375e-05 4.54989e-06 -1.04716 1.05418e-06 1.5708 3.24196e-08
27.2 -1.0472 -1.04717 -3.1569e-05 14.2591 4.48299e-06 -6.453e-05 4.44822e-06 -1.04717 9.85175e-07 1.5708 2.91268e-08
27.201 -1.0472 -1.04717 -2.87948e-05 14.2594 4.38399e-06 -5.88373e-05 4.34668e-06 -1.04717 9.16345e-07 1.5708 2.58428e-08
27.202 -1.0472 -1.04717 -2.60279e-05 14.2597 4.2851e-06 -5.31596e-05 4.24527e-06 -1.04717 8.47688e-07 1.5708 2.25678e-08
27.203 -1.0472 -1.04717 -2.32684e-05 14.2601 4.18633e-06 -4.74969e-05 4.144e-06 -1.04717 7.79204e-07 1.5708 1.93017e-08
27.204 -1.0472 -1.04718 -2.05162e-05 14.2604 4.08769e-06 -4.18494e-05 4.04285e-06 -1.04718 7.10896e-07 1.5708 1.60447e-08
27.205 -1.0472 -1.04718 -1.77715e-05 14.2607 3.98918e-06 -3.62172e-05 3.94185e-06 -1.04718 6.42763e-07 1.5708 1.27968e-08
27.206 -1.0472 -1.04718 -1.50342e-05 14.261 3.89081e-06 -3.06003e-05 3.84099e-06 -1.04718 5.74809e-07 1.5708 9.55804e-09
27.207 -1.0472 -1.04719 -1.23045e-05 14.2613 3.79256e-06 -2.49988e-05 3.74027e-06 -1.04719 5.07034e-07 1.5708 6.3285e-09
27.208 -1.0472 -1.04719 -9.58233e-06 14.2616 3.69446e-06 -1.9413e-05 3.6397e-06 -1.04719 4.39439e-07 1.5708 3.10825e-09
27.209 -1.0472 -1.04719 -6.86781e-06 14.2619 3.59649e-06 -1.38428e-05 3.53929e-06 -1.04719 3.72026e-07 1.5708 -1.02676e-10
27.21 -1.0472 -1.04719 -4.16097e-06 14.2622 3.49867e-06 -8.2884e-06 3.43902e-06 -1.04719 3.04795e-07 1.5708 -3.30421e-09
27.211 -1.0472 -1.0472 -1.46187e-06 14.2625 3.401e-06 -2.74987e-06 3.33891e-06 -1.0472 2.37749e-07 1.5708 -6.4963e-09
27.212 -1.0472 -1.0472 1.22946e-06 14.2628 3.30348e-06 2.77269e-06 3.23897e-06 -1.0472 1.70889e-07 1.5708 -9.6789e-09
27.213 -1.0472 -1.0472 3.91297e-06 14.2631 3.20611e-06 8.27917e-06 3.13918e-06 -1.0472 1.04215e-07 1.5708 -1.28519e-08
27.214 -1.0472 -1.0472 6.58859e-06 14.2634 3.10889e-06 1.37695e-05 3.03956e-06 -1.0472 3.77292e-08 1.5708 -1.60154e-08
27.215 -1.0472 -1.04721 9.2563e-06 14.2637 3.01183e-06 1.92435e-05 2.94011e-06 -1.04721 -2.85671e-08 1.5708 -1.91691e-08
27.216 -1.0472 -1.04721 1.1916e-05 14.264 2.91494e-06 2.47012e-05 2.84083e-06 -1.04721 -9.46729e-08 1.5708 -2.23132e-08
27.217 -1.0472 -1.04721 1.45678e-05 14.2643 2.81821e-06 3.01424e-05 2.74172e-06 -1.04721 -1.60587e-07 1.5708 -2.54475e-08
27.218 -1.0472 -1.04721 1.72114e-05 14.2646 2.72165e-06 3.55671e-05 2.64279e-06 -1.04721 -2.26308e-07 1.57079 -2.85719e-08
27.219 -1.0472 -1.04722 1.9847e-05 14.2649 2.62525e-06 4.09751e-05 2.54405e-06 -1.04722 -2.91835e-07 1.57079 -3.16865e-08
27.22 -1.0472 -1.04722 2.24743e-05 14.2652 2.52903e-06 4.63663e-05 2.44548e-06 -1.04722 -3.57166e-07 1.57079 -3.47911e-08
27.221 -1.0472 -1.04722 2.50935e-05 14.2655 2.43299e-06 5.17407e-05 2.3471e-06 -1.04722 -4.22301e-07 1.57079 -3.78858e-08
27.222 -1.0472 -1.04723 2.77045e-05 14.2657 2.33712e-06 5.70982e-05 2.24891e-06 -1.04723 -4.87237e-07 1.57079 -4.09704e-08
27.223 -1.0472 -1.04723 3.03071e-05 14.266 2.24144e-06 6.24386e-05 2.15091e-06 -1.04723 -5.51975e-07 1.57079 -4.4045e-08
27.224 -1.0472 -1.04723 3.29015e-05 14.2663 2.14593e-06 6.7762e-05 2.0531e-06 -1.04723 -6.16513e-07 1.57079 -4.71094e-08
27.225 -1.0472 -1.04723 3.54874e-05 14.2666 2.05062e-06 7.30681e-05 1.95549e-06 -1.04723 -6.80849e-07 1.57079 -5.01637e-08
27.226 -1.0472 -1.04724 3.80649e-05 14.2669 1.9555e-06 7.83569e-05 1.85808e-06 -1.04724 -7.44983e-07 1.57079 -5.32077e-08
27.227 -1.0472 -1.04724 4.0634e-05 14.2671 1.86056e-06 8.36283e-05 1.76088e-06 -1.04724 -8.08913e-07 1.57079 -5.62414e-08
27.228 -1.0472 -1.04724 4.31945e-05 14.2674 1.76583e-06 8.88823e-05 1.66387e-06 -1.04724 -8.72638e-07 1.57079 -5.92648e-08
27.229 -1.0472 -1.04724 4.57465e-05 14.2677 1.67129e-06 9.41187e-05 1.56708e-06 -1.04724 -9.36157e-07 1.57079 -6.22778e-08
27.23 -1.0472 -1.04725 4.82899e-05 14.268 1.57695e-06 9.93374e-05 1.47049e-06 -1.04725 -9.99469e-07 1.57079 -6.52804e-08
27.231 -1.0472 -1.04725 5.08246e-05 14.2682 1.48281e-06 0.000104538 1.37412e-06 -1.04725 -1.06257e-06 1.57079 -6.82725e-08
27.232 -1.0472 -1.04725 5.33507e-05 14.2685 1.38888e-06 0.000109722 1.27797e-06 -1.04725 -1.12547e-06 1.57079 -7.12541e-08
27.233 -1.0472 -1.04725 5.5868e-05 14.2688 1.29516e-06 0.000114887 1.18203e-06 -1.04725 -1.18815e-06 1.57079 -7.42251e-08
27.234 -1.0472 -1.04726 5.83766e-05 14.269 1.20164e-06 0.000120034 1.08632e-06 -1.04726 -1.25063e-06 1.57079 -7.71855e-08
27.235 -1.0472 -1.04726 6.08764e-05 14.2693 1.10835e-06 0.000125163 9.90823e-07 -1.04726 -1.31289e-06 1.57079 -8.01353e-08
27.236 -1.0472 -1.04726 6.33674e-05 14.2696 1.01526e-06 0.000130274 8.95557e-07 -1.04726 -1.37493e-06 1.57079 -8.30743e-08
27.237 -1.0472 -1.04726 6.58494e-05 14.2698 9.22399e-07 0.000135367 8.0052e-07 -1.04726 -1.43677e-06 1.57079 -8.60026e-08
27.238 -1.0472 -1.04727 6.83226e-05 14.2701 8.29756e-07 0.000140442 7.05714e-07 -1.04727 -1.49838e-06 1.57079 -8.89201e-08
27.239 -1.0472 -1.04727 7.07867e-05 14.2703 7.37336e-07 0.000145498 6.11142e-07 -1.04727 -1.55978e-06 1.57079 -9.18268e-08
27.24 -1.0472 -1.04727 7.32419e-05 14.2706 6.45143e-07 0.000150535 5.16807e-07 -1.04727 -1.62096e-06 1.57079 -9.47225e-08
27.241 -1.0472 -1.04727 7.5688e-05 14.2709 5.53178e-07 0.000155554 4.2271e-07 -1.04727 -1.68193e-06 1.57079 -9.76074e-08
27.242 -1.0472 -1.04728 7.81251e-05 14.2711 4.61444e-07 0.000160555 3.28855e-07 -1.04728 -1.74267e-06 1.57079 -1.00481e-07
27.243 -1.0472 -1.04728 8.0553e-05 14.2714 3.69944e-07 0.000165537 2.35243e-07 -1.04728 -1.80319e-06 1.57079 -1.03344e-07
27.244 -1.0472 -1.04728 8.29718e-05 14.2716 2.7868e-07 0.000170499 1.41878e-07 -1.04728 -1.86349e-06 1.57079 -1.06196e-07
27.245 -1.0472 -1.04728 8.53814e-05 14.2719 1.87654e-07 0.000175443 4.87619e-08 -1.04728 -1.92357e-06 1.57079 -1.09037e-07
27.246 -1.0472 -1.04729 8.77818e-05 14.2721 9.68689e-08 0.000180369 -4.41033e-08 -1.04729 -1.98343e-06 1.57079 -1.11866e-07
27.247 -1.0472 -1.04729 9.01729e-05 14.2723 6.32698e-09 0.000185275 -1.36715e-07 -1.04729 -2.04306e-06 1.57079 -1.14685e-07
27.248 -1.0472 -1.04729 9.25547e-05 14.2726 -8.39694e-08 0.000190162 -2.29071e-07 -1.04729 -2.10246e-06 1.57079 -1.17492e-07
27.249 -1.0472 -1.04729 9.49272e-05 14.2728 -1.74018e-07 0.000195029 -3.21168e-07 -1.04729 -2.16164e-06 1.57079 -1.20288e-07
27.25 -1.0472 -1.04729 9.72903e-05 14.2731 -2.63816e-07 0.000199878 -4.13005e-07 -1.04729 -2.22059e-06 1.57079 -1.23072e-07
27.251 -1.0472 -1.0473 9.9644e-05 14.2733 -3.53362e-07 0.000204707 -5.04579e-07 -1.0473 -2.27931e-06 1.57079 -1.25845e-07
27.252 -1.0472 -1.0473 0.000101988 14.2735 -4.42652e-07 0.000209517 -5.95887e-07 -1.0473 -2.3378e-06 1.57079 -1.28607e-07
27.253 -1.0472 -1.0473 0.000104323 14.2738 -5.31686e-07 0.000214307 -6.86928e-07 -1.0473 -2.39606e-06 1.57079 -1.31358e-07
27.254 -1.0472 -1.0473 0.000106648 14.274 -6.2046e-07 0.000219078 -7.77699e-07 -1.0473 -2.45409e-06 1.57079 -1.34097e-07
27.255 -1.0472 -1.04731 0.000108964 14.2742 -7.08972e-07 0.000223829 -8.68197e-07 -1.04731 -2.51189e-06 1.57079 -1.36824e-07
27.256 -1.0472 -1.04731 0.00011127 14.2745 -7.97221e-07 0.000228561 -9.58422e-07 -1.04731 -2.56945e-06 1.57079 -1.3954e-07
27.257 -1.0472 -1.04731 0.000113567 14.2747 -8.85203e-07 0.000233273 -1.04837e-06 -1.04731 -2.62679e-06 1.57079 -1.42245e-07
27.258 -1.0472 -1.04731 0.000115854 14.2749 -9.72917e-07 0.000237965 -1.13804e-06 -1.04731 -2.68388e-06 1.57079 -1.44938e-07
27.259 -1.0472 -1.04732 0.000118131 14.2751 -1.06036e-06 0.000242637 -1.22743e-06 -1.04732 -2.74074e-06 1.57079 -1.47619e-07
27.26 -1.0472 -1.04732 0.000120398 14.2754 -1.14753e-06 0.00024729 -1.31653e-06 -1.04732 -2.79737e-06 1.57079 -1.50288e-07
27.261 -1.0472 -1.04732 0.000122656 14.2756 -1.23443e-06 0.000251922 -1.40535e-06 -1.04732 -2.85375e-06 1.57079 -1.52946e-07
27.262 -1.0472 -1.04732 0.000124904 14.2758 -1.32105e-06 0.000256534 -1.49388e-06 -1.04732 -2.9099e-06 1.57079 -1.55592e-07
27.263 -1.0472 -1.04732 0.000127142 14.276 -1.40739e-06 0.000261126 -1.58212e-06 -1.04732 -2.96581e-06 1.57079 -1.58226e-07
27.264 -1.0472 -1.04733 0.000129371 14.2762 -1.49344e-06 0.000265698 -1.67007e-06 -1.04733 -3.02148e-06 1.57078 -1.60849e-07
27.265 -1.0472 -1.04733 0.000131589 14.2764 -1.57922e-06 0.00027025 -1.75773e-06 -1.04733 -3.07691e-06 1.57078 -1.63459e-07
27.266 -1.0472 -1.04733 0.000133798 14.2767 -1.66471e-06 0.000274781 -1.84509e-06 -1.04733 -3.1321e-06 1.57078 -1.66058e-07
27.267 -1.0472 -1.04733 0.000135997 14.2769 -1.74991e-06 0.000279292 -1.93215e-06 -1.04733 -3.18704e-06 1.57078 -1.68645e-07
27.268 -1.0472 -1.04734 0.000138185 14.2771 -1.83482e-06 0.000283783 -2.01891e-06 -1.04734 -3.24174e-06 1.57078 -1.7122e-07
27.269 -1.0472 -1.04734 0.000140364 14.2773 -1.91944e-06 0.000288253 -2.10537e-06 -1.04734 -3.2962e-06 1.57078 -1.73783e-07
27.27 -1.0472 -1.04734 0.000142533 14.2775 -2.00377e-06 0.000292703 -2.19153e-06 -1.04734 -3.35042e-06 1.57078 -1.76333e-07
27.271 -1.0472 -1.04734 0.000144692 14.2777 -2.0878e-06 0.000297131 -2.27738e-06 -1.04734 -3.40438e-06 1.57078 -1.78872e-07
27.272 -1.0472 -1.04734 0.00014684 14.2779 -2.17154e-06 0.00030154 -2.36292e-06 -1.04734 -3.45811e-06 1.57078 -1.81399e-07
27.273 -1.0472 -1.04735 0.000148979 14.2781 -2.25498e-06 0.000305927 -2.44815e-06 -1.04735 -3.51158e-06 1.57078 -1.83914e-07
27.274 -1.0472 -1.04735 0.000151107 14.2783 -2.33811e-06 0.000310294 -2.53307e-06 -1.04735 -3.56481e-06 1.57078 -1.86416e-07
27.275 -1.0472 -1.04735 0.000153226 14.2785 -2.42094e-06 0.00031464 -2.61768e-06 -1.04735 -3.61779e-06 1.57078 -1.88907e-07
27.276 -1.0472 -1.04735 0.000155334 14.2787 -2.50347e-06 0.000318965 -2.70197e-06 -1.04735 -3.67052e-06 1.57078 -1.91385e-07
27.277 -1.0472 -1.04735 0.000157432 14.2789 -2.58568e-06 0.000323269 -2.78594e-06 -1.04735 -3.723e-06 1.57078 -1.93851e-07
27.278 -1.0472 -1.04736 0.00015952 14.2791 -2.66759e-06 0.000327553 -2.8696e-06 -1.04736 -3.77523e-06 1.57078 -1.96304e-07
27.279 -1.0472 -1.04736 0.000161597 14.2793 -2.74919e-06 0.000331815 -2.95293e-06 -1.04736 -3.82721e-06 1.57078 -1.98746e-07
27.28 -1.0472 -1.04736 0.000163664 14.2794 -2.83048e-06 0.000336056 -3.03594e-06 -1.04736 -3.87894e-06 1.57078 -2.01175e-07
27.281 -1.0472 -1.04736 0.000165721 14.2796 -2.91145e-06 0.000340276 -3.11862e-06 -1.04736 -3.93042e-06 1.57078 -2.03592e-07
27.282 -1.0472 -1.04737 0.000167768 14.2798 -2.99211e-06 0.000344474 -3.20098e-06 -1.04737 -3.98164e-06 1.57078 -2.05996e-07
27.283 -1.0472 -1.04737 0.000169804 14.28 -3.07245e-06 0.000348652 -3.28301e-06 -1.04737 -4.03261e-06 1.57078 -2.08388e-07
27.284 -1.0472 -1.04737 0.00017183 14.2802 -3.15247e-06 0.000352808 -3.36471e-06 -1.04737 -4.08332e-06 1.57078 -2.10768e-07
27.285 -1.0472 -1.04737 0.000173845 14.2804 -3.23216e-06 0.000356943 -3.44607e-06 -1.04737 -4.13378e-06 1.57078 -2.13135e-07
27.286 -1.0472 -1.04737 0.00017585 14.2805 -3.31154e-06 0.000361056 -3.52711e-06 -1.04737 -4.18399e-06 1.57078 -2.1549e-07
27.287 -1.0472 -1.04738 0.000177845 14.2807 -3.39059e-06 0.000365149 -3.6078e-06 -1.04738 -4.23393e-06 1.57078 -2.17832e-07
27.288 -1.0472 -1.04738 0.000179829 14.2809 -3.46931e-06 0.000369219 -3.68816e-06 -1.04738 -4.28362e-06 1.57078 -2.20162e-07
27.289 -1.0472 -1.04738 0.000181803 14.2811 -3.5477e-06 0.000373268 -3.76818e-06 -1.04738 -4.33306e-06 1.57078 -2.22479e-07
27.29 -1.0472 -1.04738 0.000183766 14.2812 -3.62577e-06 0.000377296 -3.84786e-06 -1.04738 -4.38223e-06 1.57078 -2.24784e-07
27.291 -1.0472 -1.04738 0.000185719 14.2814 -3.7035e-06 0.000381302 -3.9272e-06 -1.04738 -4.43115e-06 1.57078 -2.27076e-07
27.292 -1.0472 -1.04739 0.000187661 14.2816 -3.7809e-06 0.000385286 -4.0062e-06 -1.04739 -4.47981e-06 1.57078 -2.29355e-07
27.293 -1.0472 -1.04739 0.000189592 14.2817 -3.85797e-06 0.000389248 -4.08485e-06 -1.04739 -4.52821e-06 1.57078 -2.31622e-07
27.294 -1.0472 -1.04739 0.000191513 14.2819 -3.93469e-06 0.000393189 -4.16315e-06 -1.04739 -4.57634e-06 1.57078 -2.33876e-07
27.295 -1.0472 -1.04739 0.000193424 14.2821 -4.01109e-06 0.000397108 -4.2411e-06 -1.04739 -4.62422e-06 1.57078 -2.36118e-07
27.296 -1.0472 -1.04739 0.000195323 14.2822 -4.08714e-06 0.000401005 -4.31871e-06 -1.04739 -4.67184e-06 1.57078 -2.38347e-07
27.297 -1.0472 -1.04739 0.000197213 14.2824 -4.16285e-06 0.000404881 -4.39596e-06 -1.04739 -4.71919e-06 1.57078 -2.40563e-07
27.298 -1.0472 -1.0474 0.000199091 14.2825 -4.23822e-06 0.000408734 -4.47286e-06 -1.0474 -4.76628e-06 1.57078 -2.42766e-07
27.299 -1.0472 -1.0474 0.000200959 14.2827 -4.31324e-06 0.000412566 -4.5494e-06 -1.0474 -4.81311e-06 1.57078 -2.44957e-07
27.3 -1.0472 -1.0474 0.000202816 14.2829 -4.38792e-06 0.000416375 -4.62559e-06 -1.0474 -4.85968e-06 1.57078 -2.47135e-07
27.301 -1.0472 -1.0474 0.000204662 14.283 -4.46225e-06 0.000420163 -4.70142e-06 -1.0474 -4.90598e-06 1.57078 -2.493e-07
27.302 -1.0472 -1.0474 0.000206498 14.2832 -4.53623e-06 0.000423928 -4.7769e-06 -1.0474 -4.95201e-06 1.57078 -2.51452e-07
27.303 -1.0472 -1.04741 0.000208322 14.2833 -4.60987e-06 0.000427672 -4.85201e-06 -1.04741 -4.99779e-06 1.57078 -2.53592e-07
27.304 -1.0472 -1.04741 0.000210136 14.2835 -4.68315e-06 0.000431393 -4.92676e-06 -1.04741 -5.04329e-06 1.57078 -2.55719e-07
27.305 -1.0472 -1.04741 0.00021194 14.2836 -4.75608e-06 0.000435092 -5.00114e-06 -1.04741 -5.08853e-06 1.57078 -2.57832e-07
27.306 -1.0472 -1.04741 0.000213732 14.2837 -4.82866e-06 0.000438769 -5.07517e-06 -1.04741 -5.13351e-06 1.57078 -2.59933e-07
27.307 -1.0472 -1.04741 0.000215514 14.2839 -4.90088e-06 0.000442424 -5.14882e-06 -1.04741 -5.17822e-06 1.57078 -2.62021e-07
27.308 -1.0472 -1.04741 0.000217284 14.284 -4.97274e-06 0.000446057 -5.22211e-06 -1.04741 -5.22266e-06 1.57078 -2.64096e-07
27.309 -1.0472 -1.04742 0.000219044 14.2842 -5.04425e-06 0.000449667 -5.29503e-06 -1.04742 -5.26683e-06 1.57078 -2.66158e-07
27.31 -1.0472 -1.04742 0.000220793 14.2843 -5.11539e-06 0.000453255 -5.36758e-06 -1.04742 -5.31074e-06 1.57078 -2.68208e-07
27.311 -1.0472 -1.04742 0.000222532 14.2844 -5.18618e-06 0.000456821 -5.43976e-06 -1.04742 -5.35437e-06 1.57078 -2.70244e-07
27.312 -1.0472 -1.04742 0.000224259 14.2846 -5.2566e-06 0.000460364 -5.51157e-06 -1.04742 -5.39774e-06 1.57078 -2.72267e-07
27.313 -1.0472 -1.04742 0.000225975 14.2847 -5.32667e-06 0.000463885 -5.583e-06 -1.04742 -5.44084e-06 1.57078 -2.74277e-07
27.314 -1.0472 -1.04743 0.000227681 14.2848 -5.39636e-06 0.000467383 -5.65406e-06 -1.04743 -5.48367e-06 1.57078 -2.76275e-07
27.315 -1.0472 -1.04743 0.000229375 14.285 -5.46569e-06 0.000470859 -5.72474e-06 -1.04743 -5.52623e-06 1.57078 -2.78259e-07
27.316 -1.0472 -1.04743 0.000231059 14.2851 -5.53466e-06 0.000474313 -5.79505e-06 -1.04743 -5.56852e-06 1.57078 -2.8023e-07
27.317 -1.0472 -1.04743 0.000232731 14.2852 -5.60326e-06 0.000477744 -5.86498e-06 -1.04743 -5.61054e-06 1.57078 -2.82188e-07
27.318 -1.0472 -1.04743 0.000234393 14.2853 -5.67148e-06 0.000481152 -5.93452e-06 -1.04743 -5.65229e-06 1.57078 -2.84133e-07
27.319 -1.0472 -1.04743 0.000236044 14.2855 -5.73934e-06 0.000484538 -6.00369e-06 -1.04743 -5.69376e-06 1.57078 -2.86065e-07
27.32 -1.0472 -1.04744 0.000237683 14.2856 -5.80683e-06 0.000487902 -6.07247e-06 -1.04744 -5.73497e-06 1.57078 -2.87984e-07
27.321 -1.0472 -1.04744 0.000239312 14.2857 -5.87394e-06 0.000491242 -6.14087e-06 -1.04744 -5.7759e-06 1.57078 -2.8989e-07
27.322 -1.0472 -1.04744 0.000240929 14.2858 -5.94068e-06 0.00049456 -6.20889e-06 -1.04744 -5.81656e-06 1.57078 -2.91783e-07
27.323 -1.0472 -1.04744 0.000242536 14.2859 -6.00704e-06 0.000497856 -6.27652e-06 -1.04744 -5.85695e-06 1.57078 -2.93663e-07
27.324 -1.0472 -1.04744 0.000244132 14.2861 -6.07303e-06 0.000501129 -6.34377e-06 -1.04744 -5.89706e-06 1.57077 -2.95529e-07
27.325 -1.0472 -1.04744 0.000245716 14.2862 -6.13865e-06 0.000504379 -6.41063e-06 -1.04744 -5.93691e-06 1.57077 -2.97382e-07
27.326 -1.0472 -1.04744 0.00024729 14.2863 -6.20388e-06 0.000507607 -6.47709e-06 -1.04744 -5.97648e-06 1.57077 -2.99223e-07
27.327 -1.0472 -1.04745 0.000248852 14.2864 -6.26874e-06 0.000510811 -6.54317e-06 -1.04745 -6.01577e-06 1.57077 -3.0105e-07
27.328 -1.0472 -1.04745 0.000250403 14.2865 -6.33321e-06 0.000513993 -6.60886e-06 -1.04745 -6.05479e-06 1.57077 -3.02864e-07
27.329 -1.0472 -1.04745 0.000251943 14.2866 -6.39731e-06 0.000517153 -6.67416e-06 -1.04745 -6.09354e-06 1.57077 -3.04664e-07
27.33 -1.0472 -1.04745 0.000253472 14.2867 -6.46102e-06 0.000520289 -6.73907e-06 -1.04745 -6.13201e-06 1.57077 -3.06452e-07
27.331 -1.0472 -1.04745 0.00025499 14.2868 -6.52435e-06 0.000523403 -6.80358e-06 -1.04745 -6.17021e-06 1.57077 -3.08226e-07
27.332 -1.0472 -1.04745 0.000256497 14.2869 -6.5873e-06 0.000526494 -6.8677e-06 -1.04745 -6.20813e-06 1.57077 -3.09987e-07
27.333 -1.0472 -1.04746 0.000257993 14.287 -6.64986e-06 0.000529562 -6.93142e-06 -1.04746 -6.24578e-06 1.57077 -3.11735e-07
27.334 -1.0472 -1.04746 0.000259478 14.2871 -6.71203e-06 0.000532607 -6.99475e-06 -1.04746 -6.28315e-06 1.57077 -3.1347e-07
27.335 -1.0472 -1.04746 0.000260951 14.2872 -6.77382e-06 0.000535629 -7.05768e-06 -1.04746 -6.32025e-06 1.57077 -3.15192e-07
27.336 -1.0472 -1.04746 0.000262413 14.2873 -6.83523e-06 0.000538629 -7.12022e-06 -1.04746 -6.35707e-06 1.57077 -3.169e-07
27.337 -1.0472 -1.04746 0.000263865 14.2874 -6.89624e-06 0.000541605 -7.18235e-06 -1.04746 -6.39361e-06 1.57077 -3.18595e-07
27.338 -1.0472 -1.04746 0.000265305 14.2875 -6.95687e-06 0.000544559 -7.24409e-06 -1.04746 -6.42988e-06 1.57077 -3.20277e-07
27.339 -1.0472 -1.04746 0.000266734 14.2876 -7.0171e-06 0.00054749 -7.30542e-06 -1.04746 -6.46587e-06 1.57077 -3.21946e-07
27.34 -1.0472 -1.04747 0.000268151 14.2877 -7.07695e-06 0.000550398 -7.36636e-06 -1.04747 -6.50159e-06 1.57077 -3.23601e-07
27.341 -1.0472 -1.04747 0.000269558 14.2877 -7.1364e-06 0.000553283 -7.42689e-06 -1.04747 -6.53702e-06 1.57077 -3.25243e-07
27.342 -1.0472 -1.04747 0.000270953 14.2878 -7.19546e-06 0.000556145 -7.48702e-06 -1.04747 -6.57219e-06 1.57077 -3.26872e-07
27.343 -1.0472 -1.04747 0.000272337 14.2879 -7.25413e-06 0.000558984 -7.54674e-06 -1.04747 -6.60707e-06 1.57077 -3.28487e-07
27.344 -1.0472 -1.04747 0.00027371 14.288 -7.31241e-06 0.0005618 -7.60607e-06 -1.04747 -6.64168e-06 1.57077 -3.3009e-07
27.345 -1.0472 -1.04747 0.000275072 14.2881 -7.37029e-06 0.000564593 -7.66498e-06 -1.04747 -6.67601e-06 1.57077 -3.31679e-07
27.346 -1.0472 -1.04747 0.000276423 14.2882 -7.42777e-06 0.000567364 -7.7235e-06 -1.04747 -6.71006e-06 1.57077 -3.33255e-07
27.347 -1.0472 -1.04748 0.000277762 14.2882 -7.48486e-06 0.000570111 -7.7816e-06 -1.04748 -6.74384e-06 1.57077 -3.34817e-07
27.348 -1.0472 -1.04748 0.00027909 14.2883 -7.54156e-06 0.000572835 -7.8393e-06 -1.04748 -6.77734e-06 1.57077 -3.36366e-07
27.349 -1.0472 -1.04748 0.000280407 14.2884 -7.59785e-06 0.000575536 -7.8966e-06 -1.04748 -6.81056e-06 1.57077 -3.37902e-07
27.35 -1.0472 -1.04748 0.000281713 14.2884 -7.65375e-06 0.000578215 -7.95348e-06 -1.04748 -6.8435e-06 1.57077 -3.39425e-07
27.351 -1.0472 -1.04748 0.000283008 14.2885 -7.70925e-06 0.00058087 -8.00996e-06 -1.04748 -6.87616e-06 1.57077 -3.40935e-07
27.352 -1.0472 -1.04748 0.000284291 14.2886 -7.76435e-06 0.000583502 -8.06602e-06 -1.04748 -6.90855e-06 1.57077 -3.42431e-07
27.353 -1.0472 -1.04748 0.000285564 14.2887 -7.81905e-06 0.000586112 -8.12168e-06 -1.04748 -6.94066e-06 1.57077 -3.43914e-07
27.354 -1.0472 -1.04748 0.000286825 14.2887 -7.87336e-06 0.000588698 -8.17693e-06 -1.04748 -6.97249e-06 1.57077 -3.45383e-07
27.355 -1.0472 -1.04749 0.000288074 14.2888 -7.92726e-06 0.000591261 -8.23176e-06 -1.04749 -7.00404e-06 1.57077 -3.4684e-07
27.356 -1.0472 -1.04749 0.000289313 14.2888 -7.98076e-06 0.000593802 -8.28619e-06 -1.04749 -7.03532e-06 1.57077 -3.48283e-07
27.357 -1.0472 -1.04749 0.00029054 14.2889 -8.03386e-06 0.000596319 -8.3402e-06 -1.04749 -7.06631e-06 1.57077 -3.49712e-07
27.358 -1.0472 -1.04749 0.000291757 14.289 -8.08655e-06 0.000598813 -8.3938e-06 -1.04749 -7.09703e-06 1.57077 -3.51129e-07
27.359 -1.0472 -1.04749 0.000292962 14.289 -8.13885e-06 0.000601285 -8.44699e-06 -1.04749 -7.12747e-06 1.57077 -3.52532e-07
27.36 -1.0472 -1.04749 0.000294155 14.2891 -8.19074e-06 0.000603733 -8.49976e-06 -1.04749 -7.15763e-06 1.57077 -3.53922e-07
27.361 -1.0472 -1.04749 0.000295338 14.2891 -8.24222e-06 0.000606159 -8.55212e-06 -1.04749 -7.18751e-06 1.57077 -3.55299e-07
27.362 -1.0472 -1.04749 0.000296509 14.2892 -8.29331e-06 0.000608561 -8.60407e-06 -1.04749 -7.21712e-06 1.57077 -3.56662e-07
27.363 -1.0472 -1.0475 0.000297669 14.2892 -8.34398e-06 0.00061094 -8.6556e-06 -1.0475 -7.24645e-06 1.57077 -3.58013e-07
27.364 -1.0472 -1.0475 0.000298818 14.2893 -8.39426e-06 0.000613297 -8.70672e-06 -1.0475 -7.27549e-06 1.57077 -3.5935e-07
27.365 -1.0472 -1.0475 0.000299956 14.2893 -8.44413e-06 0.00061563 -8.75742e-06 -1.0475 -7.30427e-06 1.57077 -3.60673e-07
27.366 -1.0472 -1.0475 0.000301083 14.2894 -8.49359e-06 0.00061794 -8.80771e-06 -1.0475 -7.33276e-06 1.57077 -3.61984e-07
27.367 -1.0472 -1.0475 0.000302198 14.2894 -8.54264e-06 0.000620228 -8.85758e-06 -1.0475 -7.36097e-06 1.57077 -3.63281e-07
27.368 -1.0472 -1.0475 0.000303302 14.2895 -8.59129e-06 0.000622492 -8.90703e-06 -1.0475 -7.38891e-06 1.57077 -3.64565e-07
27.369 -1.0472 -1.0475 0.000304395 14.2895 -8.63954e-06 0.000624734 -8.95606e-06 -1.0475 -7.41657e-06 1.57077 -3.65836e-07
27.37 -1.0472 -1.0475 0.000305477 14.2896 -8.68737e-06 0.000626952 -9.00468e-06 -1.0475 -7.44395e-06 1.57077 -3.67093e-07
27.371 -1.0472 -1.0475 0.000306547 14.2896 -8.7348e-06 0.000629148 -9.05289e-06 -1.0475 -7.47105e-06 1.57077 -3.68338e-07
27.372 -1.0472 -1.04751 0.000307607 14.2896 -8.78182e-06 0.000631321 -9.10067e-06 -1.04751 -7.49787e-06 1.57077 -3.69569e-07
27.373 -1.0472 -1.04751 0.000308655 14.2897 -8.82844e-06 0.00063347 -9.14804e-06 -1.04751 -7.52442e-06 1.57077 -3.70787e-07
27.374 -1.0472 -1.04751 0.000309692 14.2897 -8.87464e-06 0.000635597 -9.19498e-06 -1.04751 -7.55069e-06 1.57077 -3.71991e-07
27.375 -1.0472 -1.04751 0.000310718 14.2897 -8.92044e-06 0.000637701 -9.24151e-06 -1.04751 -7.57668e-06 1.57077 -3.73183e-07
27.376 -1.0472 -1.04751 0.000311733 14.2898 -8.96582e-06 0.000639782 -9.28762e-06 -1.04751 -7.60239e-06 1.57077 -3.74361e-07
27.377 -1.0472 -1.04751 0.000312737 14.2898 -9.0108e-06 0.000641841 -9.33332e-06 -1.04751 -7.62783e-06 1.57077 -3.75526e-07
27.378 -1.0472 -1.04751 0.000313729 14.2898 -9.05537e-06 0.000643876 -9.37859e-06 -1.04751 -7.65299e-06 1.57077 -3.76678e-07
27.379 -1.0472 -1.04751 0.00031471 14.2898 -9.09953e-06 0.000645888 -9.42344e-06 -1.04751 -7.67787e-06 1.57077 -3.77817e-07
27.38 -1.0472 -1.04751 0.000315681 14.2899 -9.14328e-06 0.000647878 -9.46788e-06 -1.04751 -7.70248e-06 1.57077 -3.78943e-07
27.381 -1.0472 -1.04751 0.00031664 14.2899 -9.18662e-06 0.000649845 -9.51189e-06 -1.04751 -7.72681e-06 1.57077 -3.80055e-07
27.382 -1.0472 -1.04752 0.000317588 14.2899 -9.22956e-06 0.000651789 -9.55549e-06 -1.04752 -7.75086e-06 1.57077 -3.81155e-07
27.383 -1.0472 -1.04752 0.000318524 14.2899 -9.27208e-06 0.00065371 -9.59867e-06 -1.04752 -7.77464e-06 1.57077 -3.82241e-07
27.384 -1.0472 -1.04752 0.00031945 14.29 -9.31419e-06 0.000655608 -9.64142e-06 -1.04752 -7.79814e-06 1.57077 -3.83314e-07
27.385 -1.0472 -1.04752 0.000320365 14.29 -9.35589e-06 0.000657484 -9.68376e-06 -1.04752 -7.82136e-06 1.57077 -3.84374e-07
27.386 -1.0472 -1.04752 0.000321268 14.29 -9.39718e-06 0.000659337 -9.72568e-06 -1.04752 -7.84431e-06 1.57077 -3.85421e-07
27.387 -1.0472 -1.04752 0.000322161 14.29 -9.43806e-06 0.000661167 -9.76717e-06 -1.04752 -7.86698e-06 1.57077 -3.86455e-07
27.388 -1.0472 -1.04752 0.000323042 14.29 -9.47853e-06 0.000662974 -9.80825e-06 -1.04752 -7.88938e-06 1.57077 -3.87476e-07
27.389 -1.0472 -1.04752 0.000323913 14.29 -9.51859e-06 0.000664759 -9.8489e-06 -1.04752 -7.9115e-06 1.57077 -3.88484e-07
27.39 -1.0472 -1.04752 0.000324772 14.29 -9.55824e-06 0.000666521 -9.88914e-06 -1.04752 -7.93334e-06 1.57077 -3.89478e-07
27.391 -1.0472 -1.04752 0.00032562 14.2901 -9.59748e-06 0.00066826 -9.92896e-06 -1.04752 -7.95491e-06 1.57077 -3.9046e-07
27.392 -1.0472 -1.04752 0.000326457 14.2901 -9.63631e-06 0.000669977 -9.96835e-06 -1.04752 -7.97621e-06 1.57077 -3.91429e-07
27.393 -1.0472 -1.04752 0.000327283 14.2901 -9.67473e-06 0.000671671 -1.00073e-05 -1.04752 -7.99723e-06 1.57077 -3.92384e-07
27.394 -1.0472 -1.04753 0.000328099 14.2901 -9.71274e-06 0.000673343 -1.00459e-05 -1.04753 -8.01798e-06 1.57077 -3.93327e-07
27.395 -1.0472 -1.04753 0.000328903 14.2901 -9.75034e-06 0.000674991 -1.0084e-05 -1.04753 -8.03845e-06 1.57077 -3.94256e-07
27.396 -1.0472 -1.04753 0.000329696 14.2901 -9.78753e-06 0.000676618 -1.01217e-05 -1.04753 -8.05865e-06 1.57077 -3.95173e-07
27.397 -1.0472 -1.04753 0.000330478 14.2901 -9.8243e-06 0.000678222 -1.0159e-05 -1.04753 -8.07858e-06 1.57077 -3.96077e-07
27.398 -1.0472 -1.04753 0.000331249 14.2901 -9.86067e-06 0.000679803 -1.01959e-05 -1.04753 -8.09823e-06 1.57077 -3.96968e-07
27.399 -1.0472 -1.04753 0.00033201 14.2901 -9.89663e-06 0.000681362 -1.02324e-05 -1.04753 -8.11761e-06 1.57077 -3.97845e-07
27.4 -1.0472 -1.04753 0.000332759 14.2901 -9.93218e-06 0.000682898 -1.02684e-05 -1.04753 -8.13671e-06 1.57077 -3.9871e-07
27.401 -1.0472 -1.04753 0.000333497 14.2901 -9.96732e-06 0.000684412 -1.0304e-05 -1.04753 -8.15555e-06 1.57077 -3.99562e-07
27.402 -1.0472 -1.04753 0.000334225 14.2901 -1.0002e-05 0.000685904 -1.03392e-05 -1.04753 -8.17411e-06 1.57077 -4.00402e-07
27.403 -1.0472 -1.04753 0.000334941 14.29 -1.00364e-05 0.000687373 -1.0374e-05 -1.04753 -8.1924e-06 1.57077 -4.01228e-07
27.404 -1.0472 -1.04753 0.000335647 14.29 -1.00703e-05 0.000688819 -1.04084e-05 -1.04753 -8.21042e-06 1.57077 -4.02041e-07
27.405 -1.0472 -1.04753 0.000336342 14.29 -1.01038e-05 0.000690244 -1.04423e-05 -1.04753 -8.22817e-06 1.57077 -4.02842e-07
27.406 -1.0472 -1.04753 0.000337025 14.29 -1.01369e-05 0.000691646 -1.04759e-05 -1.04753 -8.24564e-06 1.57077 -4.0363e-07
27.407 -1.0472 -1.04754 0.000337698 14.29 -1.01696e-05 0.000693026 -1.0509e-05 -1.04754 -8.26285e-06 1.57077 -4.04405e-07
27.408 -1.0472 -1.04754 0.000338361 14.29 -1.02018e-05 0.000694383 -1.05417e-05 -1.04754 -8.27979e-06 1.57077 -4.05167e-07
27.409 -1.0472 -1.04754 0.000339012 14.29 -1.02337e-05 0.000695719 -1.05739e-05 -1.04754 -8.29645e-06 1.57077 -4.05916e-07
27.41 -1.0472 -1.04754 0.000339652 14.2899 -1.02652e-05 0.000697032 -1.06058e-05 -1.04754 -8.31285e-06 1.57077 -4.06653e-07
27.411 -1.0472 -1.04754 0.000340282 14.2899 -1.02962e-05 0.000698323 -1.06372e-05 -1.04754 -8.32897e-06 1.57077 -4.07377e-07
27.412 -1.0472 -1.04754 0.000340901 14.2899 -1.03269e-05 0.000699592 -1.06682e-05 -1.04754 -8.34483e-06 1.57077 -4.08088e-07
27.413 -1.0472 -1.04754 0.000341509 14.2899 -1.03571e-05 0.000700839 -1.06988e-05 -1.04754 -8.36042e-06 1.57077 -4.08787e-07
27.414 -1.0472 -1.04754 0.000342107 14.2899 -1.03869e-05 0.000702063 -1.0729e-05 -1.04754 -8.37574e-06 1.57077 -4.09473e-07
27.415 -1.0472 -1.04754 0.000342693 14.2898 -1.04163e-05 0.000703266 -1.07588e-05 -1.04754 -8.39079e-06 1.57077 -4.10146e-07
27.416 -1.0472 -1.04754 0.000343269 14.2898 -1.04454e-05 0.000704447 -1.07882e-05 -1.04754 -8.40558e-06 1.57077 -4.10806e-07
27.417 -1.0472 -1.04754 0.000343834 14.2898 -1.0474e-05 0.000705605 -1.08171e-05 -1.04754 -8.4201e-06 1.57077 -4.11454e-07
27.418 -1.0472 -1.04754 0.000344389 14.2898 -1.05022e-05 0.000706742 -1.08456e-05 -1.04754 -8.43435e-06 1.57077 -4.1209e-07
27.419 -1.0472 -1.04754 0.000344933 14.2897 -1.053e-05 0.000707857 -1.08738e-05 -1.04754 -8.44833e-06 1.57077 -4.12712e-07
27.42 -1.0472 -1.04754 0.000345466 14.2897 -1.05574e-05 0.00070895 -1.09015e-05 -1.04754 -8.46205e-06 1.57077 -4.13323e-07
27.421 -1.0472 -1.04754 0.000345988 14.2897 -1.05844e-05 0.000710021 -1.09288e-05 -1.04754 -8.47551e-06 1.57077 -4.1392e-07
27.422 -1.0472 -1.04754 0.0003465 14.2896 -1.0611e-05 0.00071107 -1.09556e-05 -1.04754 -8.4887e-06 1.57077 -4.14506e-07
27.423 -1.0472 -1.04754 0.000347001 14.2896 -1.06371e-05 0.000712098 -1.09821e-05 -1.04754 -8.50162e-06 1.57077 -4.15078e-07
27.424 -1.0472 -1.04755 0.000347492 14.2896 -1.06629e-05 0.000713103 -1.10081e-05 -1.04755 -8.51428e-06 1.57077 -4.15638e-07
27.425 -1.0472 -1.04755 0.000347972 14.2895 -1.06883e-05 0.000714087 -1.10338e-05 -1.04755 -8.52668e-06 1.57077 -4.16186e-07
27.426 -1.0472 -1.04755 0.000348442 14.2895 -1.07133e-05 0.00071505 -1.1059e-05 -1.04755 -8.53881e-06 1.57077 -4.16721e-07
27.427 -1.0472 -1.04755 0.000348901 14.2894 -1.07379e-05 0.000715991 -1.10838e-05 -1.04755 -8.55068e-06 1.57077 -4.17244e-07
27.428 -1.0472 -1.04755 0.000349349 14.2894 -1.0762e-05 0.00071691 -1.11082e-05 -1.04755 -8.56228e-06 1.57077 -4.17755e-07
27.429 -1.0472 -1.04755 0.000349787 14.2894 -1.07858e-05 0.000717808 -1.11322e-05 -1.04755 -8.57363e-06 1.57077 -4.18253e-07
27.43 -1.0472 -1.04755 0.000350215 14.2893 -1.08092e-05 0.000718684 -1.11558e-05 -1.04755 -8.58471e-06 1.57077 -4.18739e-07
27.431 -1.0472 -1.04755 0.000350632 14.2893 -1.08322e-05 0.000719539 -1.1179e-05 -1.04755 -8.59553e-06 1.57077 -4.19212e-07
27.432 -1.0472 -1.04755 0.000351038 14.2892 -1.08547e-05 0.000720372 -1.12018e-05 -1.04755 -8.6061e-06 1.57077 -4.19674e-07
27.433 -1.0472 -1.04755 0.000351435 14.2892 -1.08769e-05 0.000721184 -1.12241e-05 -1.04755 -8.6164e-06 1.57077 -4.20123e-07
27.434 -1.0472 -1.04755 0.00035182 14.2891 -1.08987e-05 0.000721974 -1.12461e-05 -1.04755 -8.62644e-06 1.57077 -4.20559e-07
27.435 -1.0472 -1.04755 0.000352196 14.2891 -1.09201e-05 0.000722743 -1.12677e-05 -1.04755 -8.63622e-06 1.57077 -4.20984e-07
27.436 -1.0472 -1.04755 0.000352561 14.289 -1.09411e-05 0.000723491 -1.12888e-05 -1.04755 -8.64574e-06 1.57077 -4.21396e-07
27.437 -1.0472 -1.04755 0.000352915 14.289 -1.09616e-05 0.000724218 -1.13095e-05 -1.04755 -8.65501e-06 1.57077 -4.21796e-07
27.438 -1.0472 -1.04755 0.00035326 14.2889 -1.09818e-05 0.000724924 -1.13299e-05 -1.04755 -8.66402e-06 1.57077 -4.22184e-07
27.439 -1.0472 -1.04755 0.000353594 14.2888 -1.10016e-05 0.000725608 -1.13498e-05 -1.04755 -8.67277e-06 1.57077 -4.2256e-07
27.44 -1.0472 -1.04755 0.000353917 14.2888 -1.1021e-05 0.000726272 -1.13693e-05 -1.04755 -8.68126e-06 1.57077 -4.22924e-07
27.441 -1.0472 -1.04755 0.000354231 14.2887 -1.104e-05 0.000726914 -1.13885e-05 -1.04755 -8.6895e-06 1.57077 -4.23275e-07
27.442 -1.0472 -1.04755 0.000354534 14.2887 -1.10587e-05 0.000727535 -1.14072e-05 -1.04755 -8.69748e-06 1.57077 -4.23615e-07
27.443 -1.0472 -1.04755 0.000354827 14.2886 -1.10769e-05 0.000728135 -1.14255e-05 -1.04755 -8.70521e-06 1.57077 -4.23942e-07
27.444 -1.0472 -1.04755 0.00035511 14.2885 -1.10947e-05 0.000728715 -1.14434e-05 -1.04755 -8.71268e-06 1.57077 -4.24258e-07
27.445 -1.0472 -1.04755 0.000355383 14.2885 -1.11122e-05 0.000729273 -1.1461e-05 -1.04755 -8.7199e-06 1.57077 -4.24562e-07
27.446 -1.0472 -1.04755 0.000355645 14.2884 -1.11292e-05 0.000729811 -1.14781e-05 -1.04755 -8.72686e-06 1.57077 -4.24853e-07
27.447 -1.0472 -1.04755 0.000355898 14.2884 -1.11459e-05 0.000730328 -1.14948e-05 -1.04755 -8.73357e-06 1.57077 -4.25133e-07
27.448 -1.0472 -1.04755 0.00035614 14.2883 -1.11621e-05 0.000730824 -1.15112e-05 -1.04755 -8.74003e-06 1.57077 -4.25401e-07
27.449 -1.0472 -1.04755 0.000356372 14.2882 -1.1178e-05 0.0007313 -1.15271e-05 -1.04755 -8.74624e-06 1.57076 -4.25657e-07
27.45 -1.0472 -1.04755 0.000356594 14.2881 -1.11935e-05 0.000731754 -1.15426e-05 -1.04755 -8.7522e-06 1.57076 -4.25901e-07
27.451 -1.0472 -1.04755 0.000356806 14.2881 -1.12086e-05 0.000732189 -1.15578e-05 -1.04755 -8.7579e-06 1.57076 -4.26134e-07
27.452 -1.0472 -1.04755 0.000357008 14.288 -1.12233e-05 0.000732602 -1.15725e-05 -1.04755 -8.76336e-06 1.57076 -4.26354e-07
27.453 -1.0472 -1.04755 0.0003572 14.2879 -1.12377e-05 0.000732996 -1.15869e-05 -1.04755 -8.76856e-06 1.57076 -4.26563e-07
27.454 -1.0472 -1.04755 0.000357382 14.2879 -1.12516e-05 0.000733368 -1.16008e-05 -1.04755 -8.77352e-06 1.57076 -4.2676e-07
27.455 -1.0472 -1.04756 0.000357555 14.2878 -1.12652e-05 0.000733721 -1.16144e-05 -1.04756 -8.77823e-06 1.57076 -4.26946e-07
27.456 -1.0472 -1.04756 0.000357717 14.2877 -1.12784e-05 0.000734053 -1.16276e-05 -1.04756 -8.78269e-06 1.57076 -4.2712e-07
27.457 -1.0472 -1.04756 0.000357869 14.2876 -1.12912e-05 0.000734365 -1.16403e-05 -1.04756 -8.7869e-06 1.57076 -4.27282e-07
27.458 -1.0472 -1.04756 0.000358012 14.2876 -1.13036e-05 0.000734656 -1.16527e-05 -1.04756 -8.79087e-06 1.57076 -4.27433e-07
27.459 -1.0472 -1.04756 0.000358144 14.2875 -1.13156e-05 0.000734927 -1.16647e-05 -1.04756 -8.79459e-06 1.57076 -4.27572e-07
27.46 -1.0472 -1.04756 0.000358267 14.2874 -1.13273e-05 0.000735179 -1.16764e-05 -1.04756 -8.79806e-06 1.57076 -4.27699e-07
27.461 -1.0472 -1.04756 0.00035838 14.2873 -1.13386e-05 0.00073541 -1.16876e-05 -1.04756 -8.80129e-06 1.57076 -4.27815e-07
27.462 -1.0472 -1.04756 0.000358483 14.2872 -1.13495e-05 0.000735621 -1.16984e-05 -1.04756 -8.80428e-06 1.57076 -4.2792e-07
27.463 -1.0472 -1.04756 0.000358577 14.2871 -1.136e-05 0.000735812 -1.17089e-05 -1.04756 -8.80703e-06 1.57076 -4.28013e-07
27.464 -1.0472 -1.04756 0.000358661 14.2871 -1.13701e-05 0.000735983 -1.1719e-05 -1.04756 -8.80953e-06 1.57076 -4.28094e-07
27.465 -1.0472 -1.04756 0.000358735 14.287 -1.13799e-05 0.000736134 -1.17287e-05 -1.04756 -8.81178e-06 1.57076 -4.28164e-07
27.466 -1.0472 -1.04756 0.000358799 14.2869 -1.13893e-05 0.000736265 -1.1738e-05 -1.04756 -8.8138e-06 1.57076 -4.28223e-07
27.467 -1.0472 -1.04756 0.000358854 14.2868 -1.13983e-05 0.000736377 -1.17469e-05 -1.04756 -8.81558e-06 1.57076 -4.28271e-07
27.468 -1.0472 -1.04756 0.000358899 14.2867 -1.1407e-05 0.000736469 -1.17555e-05 -1.04756 -8.81711e-06 1.57076 -4.28307e-07
27.469 -1.0472 -1.04756 0.000358935 14.2866 -1.14153e-05 0.000736541 -1.17636e-05 -1.04756 -8.81841e-06 1.57076 -4.28332e-07
27.47 -1.0472 -1.04756 0.000358961 14.2865 -1.14232e-05 0.000736594 -1.17714e-05 -1.04756 -8.81947e-06 1.57076 -4.28346e-07
27.471 -1.0472 -1.04756 0.000358977 14.2864 -1.14307e-05 0.000736627 -1.17788e-05 -1.04756 -8.82029e-06 1.57076 -4.28348e-07
27.472 -1.0472 -1.04756 0.000358984 14.2863 -1.14379e-05 0.000736641 -1.17859e-05 -1.04756 -8.82087e-06 1.57076 -4.2834e-07
27.473 -1.0472 -1.04756 0.000358982 14.2862 -1.14447e-05 0.000736635 -1.17925e-05 -1.04756 -8.82121e-06 1.57076 -4.2832e-07
27.474 -1.0472 -1.04756 0.00035897 14.2861 -1.14511e-05 0.000736609 -1.17988e-05 -1.04756 -8.82132e-06 1.57076 -4.28289e-07
27.475 -1.0472 -1.04756 0.000358948 14.286 -1.14572e-05 0.000736565 -1.18047e-05 -1.04756 -8.82119e-06 1.57076 -4.28247e-07
27.476 -1.0472 -1.04756 0.000358918 14.2859 -1.14629e-05 0.000736501 -1.18102e-05 -1.04756 -8.82083e-06 1.57076 -4.28194e-07
27.477 -1.0472 -1.04756 0.000358878 14.2858 -1.14682e-05 0.000736418 -1.18154e-05 -1.04756 -8.82024e-06 1.57076 -4.2813e-07
27.478 -1.0472 -1.04756 0.000358828 14.2857 -1.14732e-05 0.000736316 -1.18202e-05 -1.04756 -8.81941e-06 1.57076 -4.28056e-07
27.479 -1.0472 -1.04756 0.000358769 14.2856 -1.14778e-05 0.000736194 -1.18246e-05 -1.04756 -8.81834e-06 1.57076 -4.2797e-07
27.48 -1.0472 -1.04756 0.000358701 14.2855 -1.14821e-05 0.000736054 -1.18287e-05 -1.04756 -8.81705e-06 1.57076 -4.27873e-07
27.481 -1.0472 -1.04756 0.000358624 14.2854 -1.1486e-05 0.000735895 -1.18324e-05 -1.04756 -8.81552e-06 1.57076 -4.27765e-07
27.482 -1.0472 -1.04756 0.000358537 14.2853 -1.14895e-05 0.000735717 -1.18357e-05 -1.04756 -8.81377e-06 1.57076 -4.27647e-07
27.483 -1.0472 -1.04756 0.000358442 14.2852 -1.14927e-05 0.000735519 -1.18386e-05 -1.04756 -8.81178e-06 1.57076 -4.27518e-07
27.484 -1.0472 -1.04756 0.000358337 14.2851 -1.14955e-05 0.000735304 -1.18412e-05 -1.04756 -8.80957e-06 1.57076 -4.27378e-07
27.485 -1.0472 -1.04756 0.000358223 14.285 -1.1498e-05 0.000735069 -1.18434e-05 -1.04756 -8.80712e-06 1.57076 -4.27227e-07
27.486 -1.0472 -1.04756 0.0003581 14.2849 -1.15001e-05 0.000734816 -1.18453e-05 -1.04756 -8.80445e-06 1.57076 -4.27065e-07
27.487 -1.0472 -1.04756 0.000357967 14.2848 -1.15018e-05 0.000734544 -1.18468e-05 -1.04756 -8.80156e-06 1.57076 -4.26893e-07
27.488 -1.0472 -1.04756 0.000357826 14.2847 -1.15032e-05 0.000734253 -1.18479e-05 -1.04756 -8.79843e-06 1.57076 -4.26711e-07
27.489 -1.0472 -1.04756 0.000357676 14.2846 -1.15043e-05 0.000733944 -1.18487e-05 -1.04756 -8.79508e-06 1.57076 -4.26517e-07
27.49 -1.0472 -1.04756 0.000357517 14.2845 -1.1505e-05 0.000733617 -1.18492e-05 -1.04756 -8.79151e-06 1.57076 -4.26313e-07
27.491 -1.0472 -1.04755 0.000357348 14.2844 -1.15053e-05 0.000733271 -1.18492e-05 -1.04755 -8.78771e-06 1.57076 -4.26099e-07
27.492 -1.0472 -1.04755 0.000357171 14.2842 -1.15053e-05 0.000732907 -1.18489e-05 -1.04755 -8.78369e-06 1.57076 -4.25874e-07
27.493 -1.0472 -1.04755 0.000356985 14.2841 -1.1505e-05 0.000732524 -1.18483e-05 -1.04755 -8.77944e-06 1.57076 -4.25639e-07
27.494 -1.0472 -1.04755 0.00035679 14.284 -1.15043e-05 0.000732124 -1.18473e-05 -1.04755 -8.77498e-06 1.57076 -4.25393e-07
27.495 -1.0472 -1.04755 0.000356587 14.2839 -1.15032e-05 0.000731705 -1.18459e-05 -1.04755 -8.77029e-06 1.57076 -4.25137e-07
27.496 -1.0472 -1.04755 0.000356374 14.2838 -1.15018e-05 0.000731268 -1.18442e-05 -1.04755 -8.76539e-06 1.57076 -4.24871e-07
27.497 -1.0472 -1.04755 0.000356153 14.2837 -1.15001e-05 0.000730814 -1.18422e-05 -1.04755 -8.76026e-06 1.57077 -4.24594e-07
27.498 -1.0472 -1.04755 0.000355923 14.2835 -1.14981e-05 0.000730341 -1.18398e-05 -1.04755 -8.75491e-06 1.57077 -4.24307e-07
27.499 -1.0472 -1.04755 0.000355684 14.2834 -1.14956e-05 0.000729851 -1.18371e-05 -1.04755 -8.74935e-06 1.57077 -4.2401e-07
27.5 -1.0472 -1.04755 0.000355436 14.2833 -1.14929e-05 0.000729342 -1.1834e-05 -1.04755 -8.74357e-06 1.57077 -4.23702e-07
27.501 -1.0472 -1.04755 0.00035518 14.2832 -1.14898e-05 0.000728816 -1.18305e-05 -1.04755 -8.73758e-06 1.57077 -4.23385e-07
27.502 -1.0472 -1.04755 0.000354915 14.283 -1.14864e-05 0.000728272 -1.18267e-05 -1.04755 -8.73137e-06 1.57077 -4.23057e-07
27.503 -1.0472 -1.04755 0.000354642 14.2829 -1.14826e-05 0.000727711 -1.18226e-05 -1.04755 -8.72494e-06 1.57077 -4.22719e-07
27.504 -1.0472 -1.04755 0.00035436 14.2828 -1.14786e-05 0.000727132 -1.18182e-05 -1.04755 -8.7183e-06 1.57077 -4.22372e-07
27.505 -1.0472 -1.04755 0.00035407 14.2827 -1.14741e-05 0.000726536 -1.18134e-05 -1.04755 -8.71145e-06 1.57077 -4.22014e-07
27.506 -1.0472 -1.04755 0.000353771 14.2825 -1.14694e-05 0.000725922 -1.18082e-05 -1.04755 -8.70438e-06 1.57077 -4.21646e-07
27.507 -1.0472 -1.04755 0.000353464 14.2824 -1.14643e-05 0.000725291 -1.18027e-05 -1.04755 -8.69711e-06 1.57077 -4.21268e-07
27.508 -1.0472 -1.04755 0.000353148 14.2823 -1.14589e-05 0.000724643 -1.17969e-05 -1.04755 -8.68962e-06 1.57077 -4.20881e-07
27.509 -1.0472 -1.04755 0.000352824 14.2822 -1.14531e-05 0.000723977 -1.17908e-05 -1.04755 -8.68192e-06 1.57077 -4.20483e-07
27.51 -1.0472 -1.04755 0.000352491 14.282 -1.14471e-05 0.000723294 -1.17843e-05 -1.04755 -8.67402e-06 1.57077 -4.20076e-07
27.511 -1.0472 -1.04755 0.000352151 14.2819 -1.14407e-05 0.000722594 -1.17775e-05 -1.04755 -8.6659e-06 1.57077 -4.19659e-07
27.512 -1.0472 -1.04755 0.000351801 14.2818 -1.14339e-05 0.000721878 -1.17703e-05 -1.04755 -8.65758e-06 1.57077 -4.19233e-07
27.513 -1.0472 -1.04755 0.000351444 14.2816 -1.14269e-05 0.000721144 -1.17628e-05 -1.04755 -8.64906e-06 1.57077 -4.18796e-07
27.514 -1.0472 -1.04755 0.000351079 14.2815 -1.14195e-05 0.000720393 -1.1755e-05 -1.04755 -8.64032e-06 1.57077 -4.1835e-07
27.515 -1.0472 -1.04755 0.000350705 14.2814 -1.14119e-05 0.000719626 -1.17469e-05 -1.04755 -8.63138e-06 1.57077 -4.17895e-07
27.516 -1.0472 -1.04755 0.000350323 14.2812 -1.14038e-05 0.000718842 -1.17384e-05 -1.04755 -8.62224e-06 1.57077 -4.17429e-07
27.517 -1.0472 -1.04755 0.000349933 14.2811 -1.13955e-05 0.000718041 -1.17296e-05 -1.04755 -8.6129e-06 1.57077 -4.16955e-07
27.518 -1.0472 -1.04755 0.000349535 14.281 -1.13869e-05 0.000717224 -1.17205e-05 -1.04755 -8.60335e-06 1.57077 -4.1647e-07
27.519 -1.0472 -1.04755 0.000349128 14.2808 -1.13779e-05 0.00071639 -1.17111e-05 -1.04755 -8.5936e-06 1.57077 -4.15977e-07
27.52 -1.0472 -1.04755 0.000348714 14.2807 -1.13687e-05 0.000715539 -1.17014e-05 -1.04755 -8.58365e-06 1.57077 -4.15474e-07
27.521 -1.0472 -1.04755 0.000348292 14.2805 -1.13591e-05 0.000714673 -1.16913e-05 -1.04755 -8.5735e-06 1.57077 -4.14961e-07
27.522 -1.0472 -1.04755 0.000347862 14.2804 -1.13492e-05 0.00071379 -1.16809e-05 -1.04755 -8.56315e-06 1.57077 -4.14439e-07
27.523 -1.0472 -1.04754 0.000347424 14.2803 -1.1339e-05 0.00071289 -1.16702e-05 -1.04754 -8.55261e-06 1.57077 -4.13908e-07
27.524 -1.0472 -1.04754 0.000346978 14.2801 -1.13285e-05 0.000711975 -1.16592e-05 -1.04754 -8.54186e-06 1.57077 -4.13368e-07
27.525 -1.0472 -1.04754 0.000346524 14.28 -1.13176e-05 0.000711043 -1.16478e-05 -1.04754 -8.53092e-06 1.57077 -4.12818e-07
27.526 -1.0472 -1.04754 0.000346062 14.2798 -1.13065e-05 0.000710096 -1.16362e-05 -1.04754 -8.51979e-06 1.57077 -4.1226e-07
27.527 -1.0472 -1.04754 0.000345593 14.2797 -1.12951e-05 0.000709132 -1.16242e-05 -1.04754 -8.50846e-06 1.57077 -4.11692e-07
27.528 -1.0472 -1.04754 0.000345116 14.2795 -1.12834e-05 0.000708153 -1.1612e-05 -1.04754 -8.49694e-06 1.57077 -4.11115e-07
27.529 -1.0472 -1.04754 0.000344631 14.2794 -1.12713e-05 0.000707158 -1.15994e-05 -1.04754 -8.48522e-06 1.57077 -4.10529e-07
27.53 -1.0472 -1.04754 0.000344138 14.2792 -1.1259e-05 0.000706147 -1.15865e-05 -1.04754 -8.47331e-06 1.57077 -4.09934e-07
27.531 -1.0472 -1.04754 0.000343638 14.2791 -1.12463e-05 0.00070512 -1.15733e-05 -1.04754 -8.46121e-06 1.57077 -4.0933e-07
27.532 -1.0472 -1.04754 0.000343131 14.279 -1.12334e-05 0.000704078 -1.15598e-05 -1.04754 -8.44892e-06 1.57077 -4.08717e-07
27.533 -1.0472 -1.04754 0.000342615 14.2788 -1.12202e-05 0.00070302 -1.1546e-05 -1.04754 -8.43644e-06 1.57077 -4.08095e-07
27.534 -1.0472 -1.04754 0.000342092 14.2787 -1.12066e-05 0.000701947 -1.15319e-05 -1.04754 -8.42378e-06 1.57077 -4.07465e-07
27.535 -1.0472 -1.04754 0.000341562 14.2785 -1.11928e-05 0.000700858 -1.15175e-05 -1.04754 -8.41092e-06 1.57077 -4.06825e-07
27.536 -1.0472 -1.04754 0.000341024 14.2784 -1.11787e-05 0.000699754 -1.15028e-05 -1.04754 -8.39788e-06 1.57077 -4.06177e-07
27.537 -1.0472 -1.04754 0.000340479 14.2782 -1.11643e-05 0.000698635 -1.14878e-05 -1.04754 -8.38465e-06 1.57077 -4.0552e-07
27.538 -1.0472 -1.04754 0.000339926 14.2781 -1.11496e-05 0.000697501 -1.14725e-05 -1.04754 -8.37124e-06 1.57077 -4.04855e-07
27.539 -1.0472 -1.04754 0.000339366 14.2779 -1.11346e-05 0.000696351 -1.14569e-05 -1.04754 -8.35764e-06 1.57077 -4.0418e-07
27.54 -1.0472 -1.04754 0.000338799 14.2777 -1.11194e-05 0.000695187 -1.14411e-05 -1.04754 -8.34386e-06 1.57077 -4.03498e-07
27.541 -1.0472 -1.04754 0.000338224 14.2776 -1.11038e-05 0.000694008 -1.14249e-05 -1.04754 -8.3299e-06 1.57077 -4.02806e-07
27.542 -1.0472 -1.04754 0.000337642 14.2774 -1.1088e-05 0.000692814 -1.14084e-05 -1.04754 -8.31576e-06 1.57077 -4.02107e-07
27.543 -1.0472 -1.04753 0.000337053 14.2773 -1.10718e-05 0.000691605 -1.13917e-05 -1.04753 -8.30144e-06 1.57077 -4.01398e-07
27.544 -1.0472 -1.04753 0.000336457 14.2771 -1.10554e-05 0.000690381 -1.13747e-05 -1.04753 -8.28694e-06 1.57077 -4.00682e-07
27.545 -1.0472 -1.04753 0.000335854 14.277 -1.10388e-05 0.000689143 -1.13573e-05 -1.04753 -8.27226e-06 1.57077 -3.99957e-07
27.546 -1.0472 -1.04753 0.000335243 14.2768 -1.10218e-05 0.00068789 -1.13397e-05 -1.04753 -8.2574e-06 1.57077 -3.99223e-07
27.547 -1.0472 -1.04753 0.000334626 14.2767 -1.10046e-05 0.000686622 -1.13218e-05 -1.04753 -8.24236e-06 1.57077 -3.98482e-07
27.548 -1.0472 -1.04753 0.000334001 14.2765 -1.0987e-05 0.000685341 -1.13037e-05 -1.04753 -8.22715e-06 1.57077 -3.97732e-07
27.549 -1.0472 -1.04753 0.00033337 14.2763 -1.09692e-05 0.000684044 -1.12852e-05 -1.04753 -8.21177e-06 1.57077 -3.96974e-07
27.55 -1.0472 -1.04753 0.000332731 14.2762 -1.09512e-05 0.000682734 -1.12665e-05 -1.04753 -8.19621e-06 1.57077 -3.96207e-07
27.551 -1.0472 -1.04753 0.000332086 14.276 -1.09329e-05 0.00068141 -1.12475e-05 -1.04753 -8.18047e-06 1.57077 -3.95433e-07
27.552 -1.0472 -1.04753 0.000331433 14.2759 -1.09143e-05 0.000680071 -1.12282e-05 -1.04753 -8.16457e-06 1.57077 -3.94651e-07
27.553 -1.0472 -1.04753 0.000330774 14.2757 -1.08954e-05 0.000678718 -1.12087e-05 -1.04753 -8.14849e-06 1.57077 -3.9386e-07
27.554 -1.0472 -1.04753 0.000330108 14.2755 -1.08762e-05 0.000677352 -1.11889e-05 -1.04753 -8.13225e-06 1.57077 -3.93062e-07
27.555 -1.0472 -1.04753 0.000329436 14.2754 -1.08568e-05 0.000675971 -1.11688e-05 -1.04753 -8.11583e-06 1.57077 -3.92255e-07
27.556 -1.0472 -1.04753 0.000328756 14.2752 -1.08372e-05 0.000674577 -1.11484e-05 -1.04753 -8.09925e-06 1.57077 -3.91441e-07
27.557 -1.0472 -1.04753 0.00032807 14.2751 -1.08173e-05 0.000673169 -1.11278e-05 -1.04753 -8.0825e-06 1.57077 -3.90619e-07
27.558 -1.0472 -1.04752 0.000327377 14.2749 -1.07971e-05 0.000671747 -1.11069e-05 -1.04752 -8.06558e-06 1.57077 -3.89789e-07
27.559 -1.0472 -1.04752 0.000326678 14.2747 -1.07766e-05 0.000670312 -1.10857e-05 -1.04752 -8.0485e-06 1.57077 -3.88951e-07
27.56 -1.0472 -1.04752 0.000325972 14.2746 -1.07559e-05 0.000668863 -1.10643e-05 -1.04752 -8.03125e-06 1.57077 -3.88106e-07
27.561 -1.0472 -1.04752 0.000325259 14.2744 -1.0735e-05 0.000667401 -1.10426e-05 -1.04752 -8.01384e-06 1.57077 -3.87253e-07
27.562 -1.0472 -1.04752 0.00032454 14.2742 -1.07137e-05 0.000665925 -1.10206e-05 -1.04752 -7.99627e-06 1.57077 -3.86392e-07
27.563 -1.0472 -1.04752 0.000323815 14.2741 -1.06923e-05 0.000664436 -1.09984e-05 -1.04752 -7.97853e-06 1.57077 -3.85523e-07
27.564 -1.0472 -1.04752 0.000323083 14.2739 -1.06705e-05 0.000662934 -1.0976e-05 -1.04752 -7.96064e-06 1.57077 -3.84648e-07
27.565 -1.0472 -1.04752 0.000322344 14.2737 -1.06486e-05 0.000661419 -1.09533e-05 -1.04752 -7.94258e-06 1.57077 -3.83764e-07
27.566 -1.0472 -1.04752 0.0003216 14.2736 -1.06263e-05 0.000659891 -1.09303e-05 -1.04752 -7.92437e-06 1.57077 -3.82873e-07
27.567 -1.0472 -1.04752 0.000320849 14.2734 -1.06039e-05 0.00065835 -1.09071e-05 -1.04752 -7.90599e-06 1.57077 -3.81975e-07
27.568 -1.0472 -1.04752 0.000320092 14.2732 -1.05812e-05 0.000656796 -1.08836e-05 -1.04752 -7.88746e-06 1.57077 -3.8107e-07
27.569 -1.0472 -1.04752 0.000319328 14.273 -1.05582e-05 0.000655229 -1.08599e-05 -1.04752 -7.86878e-06 1.57077 -3.80157e-07
27.57 -1.0472 -1.04752 0.000318558 14.2729 -1.0535e-05 0.00065365 -1.08359e-05 -1.04752 -7.84994e-06 1.57077 -3.79237e-07
27.571 -1.0472 -1.04752 0.000317782 14.2727 -1.05116e-05 0.000652058 -1.08117e-05 -1.04752 -7.83094e-06 1.57077 -3.78309e-07
27.572 -1.0472 -1.04751 0.000317001 14.2725 -1.04879e-05 0.000650453 -1.07872e-05 -1.04751 -7.81179e-06 1.57077 -3.77374e-07
27.573 -1.0472 -1.04751 0.000316212 14.2724 -1.0464e-05 0.000648836 -1.07625e-05 -1.04751 -7.79249e-06 1.57077 -3.76433e-07
27.574 -1.0472 -1.04751 0.000315418 14.2722 -1.04398e-05 0.000647207 -1.07375e-05 -1.04751 -7.77304e-06 1.57077 -3.75484e-07
27.575 -1.0472 -1.04751 0.000314618 14.272 -1.04154e-05 0.000645565 -1.07123e-05 -1.04751 -7.75344e-06 1.57077 -3.74528e-07
27.576 -1.0472 -1.04751 0.000313812 14.2718 -1.03908e-05 0.000643911 -1.06869e-05 -1.04751 -7.73369e-06 1.57077 -3.73565e-07
27.577 -1.0472 -1.04751 0.000313 14.2717 -1.03659e-05 0.000642244 -1.06613e-05 -1.04751 -7.71379e-06 1.57077 -3.72595e-07
27.578 -1.0472 -1.04751 0.000312182 14.2715 -1.03408e-05 0.000640566 -1.06354e-05 -1.04751 -7.69374e-06 1.57077 -3.71618e-07
27.579 -1.0472 -1.04751 0.000311358 14.2713 -1.03155e-05 0.000638876 -1.06092e-05 -1.04751 -7.67355e-06 1.57077 -3.70635e-07
27.58 -1.0472 -1.04751 0.000310529 14.2711 -1.029e-05 0.000637173 -1.05829e-05 -1.04751 -7.65321e-06 1.57077 -3.69644e-07
27.581 -1.0472 -1.04751 0.000309693 14.271 -1.02642e-05 0.000635459 -1.05563e-05 -1.04751 -7.63273e-06 1.57077 -3.68647e-07
27.582 -1.0472 -1.04751 0.000308852 14.2708 -1.02382e-05 0.000633733 -1.05294e-05 -1.04751 -7.6121e-06 1.57077 -3.67643e-07
27.583 -1.0472 -1.04751 0.000308005 14.2706 -1.0212e-05 0.000631996 -1.05024e-05 -1.04751 -7.59133e-06 1.57077 -3.66633e-07
27.584 -1.0472 -1.0475 0.000307153 14.2704 -1.01855e-05 0.000630247 -1.04751e-05 -1.0475 -7.57042e-06 1.57077 -3.65615e-07
27.585 -1.0472 -1.0475 0.000306295 14.2703 -1.01589e-05 0.000628486 -1.04476e-05 -1.0475 -7.54937e-06 1.57077 -3.64591e-07
27.586 -1.0472 -1.0475 0.000305431 14.2701 -1.0132e-05 0.000626714 -1.04199e-05 -1.0475 -7.52818e-06 1.57077 -3.63561e-07
27.587 -1.0472 -1.0475 0.000304562 14.2699 -1.01049e-05 0.00062493 -1.03919e-05 -1.0475 -7.50685e-06 1.57077 -3.62524e-07
27.588 -1.0472 -1.0475 0.000303687 14.2697 -1.00776e-05 0.000623135 -1.03637e-05 -1.0475 -7.48538e-06 1.57077 -3.6148e-07
27.589 -1.0472 -1.0475 0.000302807 14.2696 -1.00501e-05 0.000621329 -1.03354e-05 -1.0475 -7.46378e-06 1.57077 -3.60431e-07
27.59 -1.0472 -1.0475 0.000301921 14.2694 -1.00223e-05 0.000619512 -1.03068e-05 -1.0475 -7.44204e-06 1.57077 -3.59374e-07
27.591 -1.0472 -1.0475 0.00030103 14.2692 -9.99439e-06 0.000617684 -1.02779e-05 -1.0475 -7.42017e-06 1.57077 -3.58312e-07
27.592 -1.0472 -1.0475 0.000300134 14.269 -9.96623e-06 0.000615845 -1.02489e-05 -1.0475 -7.39816e-06 1.57077 -3.57243e-07
27.593 -1.0472 -1.0475 0.000299232 14.2688 -9.93787e-06 0.000613994 -1.02197e-05 -1.0475 -7.37602e-06 1.57077 -3.56168e-07
27.594 -1.0472 -1.0475 0.000298326 14.2687 -9.9093e-06 0.000612134 -1.01902e-05 -1.0475 -7.35374e-06 1.57077 -3.55087e-07
27.595 -1.0472 -1.04749 0.000297413 14.2685 -9.88052e-06 0.000610262 -1.01605e-05 -1.04749 -7.33134e-06 1.57077 -3.53999e-07
27.596 -1.0472 -1.04749 0.000296496 14.2683 -9.85155e-06 0.00060838 -1.01307e-05 -1.04749 -7.30881e-06 1.57077 -3.52906e-07
27.597 -1.0472 -1.04749 0.000295573 14.2681 -9.82237e-06 0.000606487 -1.01006e-05 -1.04749 -7.28615e-06 1.57077 -3.51807e-07
27.598 -1.0472 -1.04749 0.000294646 14.2679 -9.79299e-06 0.000604583 -1.00703e-05 -1.04749 -7.26336e-06 1.57077 -3.50701e-07
27.599 -1.0472 -1.04749 0.000293713 14.2678 -9.76342e-06 0.00060267 -1.00398e-05 -1.04749 -7.24044e-06 1.57077 -3.4959e-07
27.6 -1.0472 -1.04749 0.000292775 14.2676 -9.73365e-06 0.000600746 -1.00092e-05 -1.04749 -7.2174e-06 1.57077 -3.48472e-07
27.601 -1.0472 -1.04749 0.000291833 14.2674 -9.70368e-06 0.000598811 -9.97828e-06 -1.04749 -7.19423e-06 1.57077 -3.47349e-07
27.602 -1.0472 -1.04749 0.000290885 14.2672 -9.67352e-06 0.000596867 -9.9472e-06 -1.04749 -7.17094e-06 1.57077 -3.4622e-07
27.603 -1.0472 -1.04749 0.000289932 14.267 -9.64317e-06 0.000594912 -9.91593e-06 -1.04749 -7.14753e-06 1.57077 -3.45085e-07
27.604 -1.0472 -1.04749 0.000288975 14.2668 -9.61263e-06 0.000592948 -9.88446e-06 -1.04749 -7.12399e-06 1.57077 -3.43945e-07
27.605 -1.0472 -1.04749 0.000288013 14.2667 -9.5819e-06 0.000590973 -9.8528e-06 -1.04749 -7.10033e-06 1.57077 -3.42798e-07
27.606 -1.0472 -1.04748 0.000287046 14.2665 -9.55098e-06 0.000588989 -9.82095e-06 -1.04748 -7.07655e-06 1.57077 -3.41646e-07
27.607 -1.0472 -1.04748 0.000286074 14.2663 -9.51987e-06 0.000586995 -9.78891e-06 -1.04748 -7.05266e-06 1.57077 -3.40489e-07
27.608 -1.0472 -1.04748 0.000285097 14.2661 -9.48859e-06 0.000584991 -9.75668e-06 -1.04748 -7.02864e-06 1.57077 -3.39326e-07
27.609 -1.0472 -1.04748 0.000284116 14.2659 -9.45712e-06 0.000582978 -9.72427e-06 -1.04748 -7.00451e-06 1.57077 -3.38157e-07
27.61 -1.0472 -1.04748 0.00028313 14.2657 -9.42547e-06 0.000580955 -9.69167e-06 -1.04748 -6.98027e-06 1.57077 -3.36984e-07
27.611 -1.0472 -1.04748 0.000282139 14.2655 -9.39364e-06 0.000578922 -9.65889e-06 -1.04748 -6.9559e-06 1.57077 -3.35804e-07
27.612 -1.0472 -1.04748 0.000281144 14.2654 -9.36163e-06 0.000576881 -9.62592e-06 -1.04748 -6.93143e-06 1.57077 -3.3462e-07
27.613 -1.0472 -1.04748 0.000280145 14.2652 -9.32945e-06 0.00057483 -9.59278e-06 -1.04748 -6.90684e-06 1.57077 -3.3343e-07
27.614 -1.0472 -1.04748 0.000279141 14.265 -9.29709e-06 0.00057277 -9.55946e-06 -1.04748 -6.88214e-06 1.57077 -3.32234e-07
27.615 -1.0472 -1.04748 0.000278132 14.2648 -9.26456e-06 0.0005707 -9.52596e-06 -1.04748 -6.85733e-06 1.57077 -3.31034e-07
27.616 -1.0472 -1.04747 0.000277119 14.2646 -9.23186e-06 0.000568622 -9.49229e-06 -1.04747 -6.8324e-06 1.57077 -3.29828e-07
27.617 -1.0472 -1.04747 0.000276102 14.2644 -9.19899e-06 0.000566535 -9.45844e-06 -1.04747 -6.80737e-06 1.57077 -3.28617e-07
27.618 -1.0472 -1.04747 0.00027508 14.2642 -9.16595e-06 0.000564439 -9.42442e-06 -1.04747 -6.78223e-06 1.57077 -3.27401e-07
27.619 -1.0472 -1.04747 0.000274054 14.2641 -9.13274e-06 0.000562334 -9.39023e-06 -1.04747 -6.75699e-06 1.57077 -3.26181e-07
27.62 -1.0472 -1.04747 0.000273024 14.2639 -9.09937e-06 0.00056022 -9.35588e-06 -1.04747 -6.73163e-06 1.57077 -3.24955e-07
27.621 -1.0472 -1.04747 0.00027199 14.2637 -9.06583e-06 0.000558098 -9.32135e-06 -1.04747 -6.70618e-06 1.57077 -3.23724e-07
27.622 -1.0472 -1.04747 0.000270951 14.2635 -9.03213e-06 0.000555967 -9.28666e-06 -1.04747 -6.68061e-06 1.57077 -3.22488e-07
27.623 -1.0472 -1.04747 0.000269909 14.2633 -8.99828e-06 0.000553828 -9.25181e-06 -1.04747 -6.65495e-06 1.57077 -3.21248e-07
27.624 -1.0472 -1.04747 0.000268862 14.2631 -8.96426e-06 0.00055168 -9.21679e-06 -1.04747 -6.62918e-06 1.57077 -3.20002e-07
27.625 -1.0472 -1.04747 0.000267811 14.2629 -8.93009e-06 0.000549524 -9.18162e-06 -1.04747 -6.60331e-06 1.57077 -3.18752e-07
27.626 -1.0472 -1.04746 0.000266756 14.2627 -8.89576e-06 0.00054736 -9.14628e-06 -1.04746 -6.57734e-06 1.57077 -3.17497e-07
27.627 -1.0472 -1.04746 0.000265698 14.2625 -8.86127e-06 0.000545188 -9.11079e-06 -1.04746 -6.55127e-06 1.57077 -3.16238e-07
27.628 -1.0472 -1.04746 0.000264635 14.2624 -8.82664e-06 0.000543007 -9.07514e-06 -1.04746 -6.52511e-06 1.57077 -3.14974e-07
27.629 -1.0472 -1.04746 0.000263568 14.2622 -8.79185e-06 0.000540819 -9.03934e-06 -1.04746 -6.49884e-06 1.57077 -3.13705e-07
27.63 -1.0472 -1.04746 0.000262498 14.262 -8.75691e-06 0.000538622 -9.00338e-06 -1.04746 -6.47248e-06 1.57077 -3.12432e-07
27.631 -1.0472 -1.04746 0.000261423 14.2618 -8.72183e-06 0.000536418 -8.96728e-06 -1.04746 -6.44603e-06 1.57077 -3.11154e-07
27.632 -1.0472 -1.04746 0.000260345 14.2616 -8.6866e-06 0.000534206 -8.93102e-06 -1.04746 -6.41948e-06 1.57077 -3.09872e-07
27.633 -1.0472 -1.04746 0.000259264 14.2614 -8.65122e-06 0.000531987 -8.89462e-06 -1.04746 -6.39284e-06 1.57077 -3.08585e-07
27.634 -1.0472 -1.04746 0.000258178 14.2612 -8.6157e-06 0.00052976 -8.85807e-06 -1.04746 -6.3661e-06 1.57077 -3.07294e-07
27.635 -1.0472 -1.04745 0.000257089 14.261 -8.58004e-06 0.000527525 -8.82137e-06 -1.04745 -6.33928e-06 1.57077 -3.05999e-07
27.636 -1.0472 -1.04745 0.000255996 14.2608 -8.54424e-06 0.000525283 -8.78454e-06 -1.04745 -6.31236e-06 1.57077 -3.047e-07
27.637 -1.0472 -1.04745 0.0002549 14.2607 -8.5083e-06 0.000523034 -8.74756e-06 -1.04745 -6.28535e-06 1.57077 -3.03396e-07
27.638 -1.0472 -1.04745 0.0002538 14.2605 -8.47223e-06 0.000520777 -8.71044e-06 -1.04745 -6.25826e-06 1.57077 -3.02088e-07
27.639 -1.0472 -1.04745 0.000252697 14.2603 -8.43602e-06 0.000518514 -8.67318e-06 -1.04745 -6.23108e-06 1.57077 -3.00777e-07
27.64 -1.0472 -1.04745 0.00025159 14.2601 -8.39967e-06 0.000516243 -8.63579e-06 -1.04745 -6.20381e-06 1.57077 -2.99461e-07
27.641 -1.0472 -1.04745 0.00025048 14.2599 -8.36319e-06 0.000513965 -8.59826e-06 -1.04745 -6.17646e-06 1.57077 -2.98141e-07
27.642 -1.0472 -1.04745 0.000249366 14.2597 -8.32658e-06 0.00051168 -8.56059e-06 -1.04745 -6.14902e-06 1.57077 -2.96817e-07
27.643 -1.0472 -1.04745 0.000248249 14.2595 -8.28985e-06 0.000509388 -8.5228e-06 -1.04745 -6.1215e-06 1.57077 -2.95489e-07
27.644 -1.0472 -1.04744 0.000247129 14.2593 -8.25298e-06 0.00050709 -8.48488e-06 -1.04744 -6.09389e-06 1.57077 -2.94157e-07
27.645 -1.0472 -1.04744 0.000246005 14.2591 -8.21599e-06 0.000504785 -8.44682e-06 -1.04744 -6.06621e-06 1.57077 -2.92822e-07
27.646 -1.0472 -1.04744 0.000244879 14.2589 -8.17887e-06 0.000502473 -8.40864e-06 -1.04744 -6.03844e-06 1.57077 -2.91482e-07
27.647 -1.0472 -1.04744 0.000243749 14.2587 -8.14163e-06 0.000500155 -8.37033e-06 -1.04744 -6.01059e-06 1.57077 -2.90139e-07
27.648 -1.0472 -1.04744 0.000242616 14.2586 -8.10427e-06 0.00049783 -8.3319e-06 -1.04744 -5.98267e-06 1.57077 -2.88792e-07
27.649 -1.0472 -1.04744 0.00024148 14.2584 -8.06679e-06 0.000495499 -8.29335e-06 -1.04744 -5.95467e-06 1.57078 -2.87442e-07
27.65 -1.0472 -1.04744 0.00024034 14.2582 -8.02919e-06 0.000493161 -8.25467e-06 -1.04744 -5.92659e-06 1.57078 -2.86088e-07
27.651 -1.0472 -1.04744 0.000239198 14.258 -7.99148e-06 0.000490818 -8.21588e-06 -1.04744 -5.89843e-06 1.57078 -2.8473e-07
27.652 -1.0472 -1.04744 0.000238053 14.2578 -7.95365e-06 0.000488468 -8.17697e-06 -1.04744 -5.87021e-06 1.57078 -2.83369e-07
27.653 -1.0472 -1.04743 0.000236905 14.2576 -7.9157e-06 0.000486112 -8.13794e-06 -1.04743 -5.8419e-06 1.57078 -2.82004e-07
27.654 -1.0472 -1.04743 0.000235753 14.2574 -7.87765e-06 0.000483751 -8.0988e-06 -1.04743 -5.81353e-06 1.57078 -2.80636e-07
27.655 -1.0472 -1.04743 0.000234599 14.2572 -7.83948e-06 0.000481383 -8.05954e-06 -1.04743 -5.78508e-06 1.57078 -2.79265e-07
27.656 -1.0472 -1.04743 0.000233443 14.257 -7.8012e-06 0.000479009 -8.02017e-06 -1.04743 -5.75656e-06 1.57078 -2.7789e-07
27.657 -1.0472 -1.04743 0.000232283 14.2568 -7.76282e-06 0.00047663 -7.9807e-06 -1.04743 -5.72797e-06 1.57078 -2.76512e-07
27.658 -1.0472 -1.04743 0.00023112 14.2566 -7.72432e-06 0.000474245 -7.94111e-06 -1.04743 -5.69932e-06 1.57078 -2.75131e-07
27.659 -1.0472 -1.04743 0.000229955 14.2565 -7.68573e-06 0.000471855 -7.90142e-06 -1.04743 -5.67059e-06 1.57078 -2.73746e-07
27.66 -1.0472 -1.04743 0.000228788 14.2563 -7.64703e-06 0.000469459 -7.86162e-06 -1.04743 -5.6418e-06 1.57078 -2.72358e-07
27.661 -1.0472 -1.04743 0.000227617 14.2561 -7.60823e-06 0.000467057 -7.82172e-06 -1.04743 -5.61294e-06 1.57078 -2.70968e-07
27.662 -1.0472 -1.04742 0.000226444 14.2559 -7.56933e-06 0.000464651 -7.78171e-06 -1.04742 -5.58402e-06 1.57078 -2.69574e-07
27.663 -1.0472 -1.04742 0.000225268 14.2557 -7.53033e-06 0.000462239 -7.74161e-06 -1.04742 -5.55503e-06 1.57078 -2.68177e-07
27.664 -1.0472 -1.04742 0.00022409 14.2555 -7.49123e-06 0.000459821 -7.7014e-06 -1.04742 -5.52598e-06 1.57078 -2.66777e-07
27.665 -1.0472 -1.04742 0.00022291 14.2553 -7.45204e-06 0.000457399 -7.6611e-06 -1.04742 -5.49687e-06 1.57078 -2.65374e-07
27.666 -1.0472 -1.04742 0.000221727 14.2551 -7.41276e-06 0.000454972 -7.6207e-06 -1.04742 -5.4677e-06 1.57078 -2.63969e-07
27.667 -1.0472 -1.04742 0.000220541 14.2549 -7.37338e-06 0.00045254 -7.58021e-06 -1.04742 -5.43847e-06 1.57078 -2.6256e-07
27.668 -1.0472 -1.04742 0.000219353 14.2547 -7.33391e-06 0.000450103 -7.53962e-06 -1.04742 -5.40917e-06 1.57078 -2.61149e-07
27.669 -1.0472 -1.04742 0.000218163 14.2545 -7.29435e-06 0.000447661 -7.49894e-06 -1.04742 -5.37982e-06 1.57078 -2.59735e-07
27.67 -1.0472 -1.04741 0.000216971 14.2544 -7.2547e-06 0.000445214 -7.45818e-06 -1.04741 -5.35042e-06 1.57078 -2.58318e-07
27.671 -1.0472 -1.04741 0.000215776 14.2542 -7.21497e-06 0.000442763 -7.41732e-06 -1.04741 -5.32095e-06 1.57078 -2.56899e-07
27.672 -1.0472 -1.04741 0.000214579 14.254 -7.17515e-06 0.000440307 -7.37638e-06 -1.04741 -5.29143e-06 1.57078 -2.55477e-07
27.673 -1.0472 -1.04741 0.00021338 14.2538 -7.13524e-06 0.000437847 -7.33535e-06 -1.04741 -5.26186e-06 1.57078 -2.54052e-07
27.674 -1.0472 -1.04741 0.000212178 14.2536 -7.09526e-06 0.000435382 -7.29424e-06 -1.04741 -5.23223e-06 1.57078 -2.52625e-07
27.675 -1.0472 -1.04741 0.000210975 14.2534 -7.05519e-06 0.000432913 -7.25304e-06 -1.04741 -5.20255e-06 1.57078 -2.51196e-07
27.676 -1.0472 -1.04741 0.00020977 14.2532 -7.01505e-06 0.00043044 -7.21177e-06 -1.04741 -5.17282e-06 1.57078 -2.49764e-07
27.677 -1.0472 -1.04741 0.000208562 14.253 -6.97483e-06 0.000427962 -7.17041e-06 -1.04741 -5.14303e-06 1.57078 -2.48329e-07
27.678 -1.0472 -1.0474 0.000207353 14.2528 -6.93453e-06 0.000425481 -7.12898e-06 -1.0474 -5.1132e-06 1.57078 -2.46893e-07
27.679 -1.0472 -1.0474 0.000206141 14.2526 -6.89416e-06 0.000422995 -7.08747e-06 -1.0474 -5.08332e-06 1.57078 -2.45454e-07
27.68 -1.0472 -1.0474 0.000204928 14.2524 -6.85371e-06 0.000420506 -7.04588e-06 -1.0474 -5.05339e-06 1.57078 -2.44012e-07
27.681 -1.0472 -1.0474 0.000203712 14.2523 -6.81319e-06 0.000418012 -7.00422e-06 -1.0474 -5.02341e-06 1.57078 -2.42569e-07
27.682 -1.0472 -1.0474 0.000202495 14.2521 -6.7726e-06 0.000415515 -6.96249e-06 -1.0474 -4.99339e-06 1.57078 -2.41123e-07
27.683 -1.0472 -1.0474 0.000201276 14.2519 -6.73194e-06 0.000413014 -6.92069e-06 -1.0474 -4.96332e-06 1.57078 -2.39675e-07
27.684 -1.0472 -1.0474 0.000200056 14.2517 -6.69122e-06 0.00041051 -6.87882e-06 -1.0474 -4.93321e-06 1.57078 -2.38225e-07
27.685 -1.0472 -1.0474 0.000198833 14.2515 -6.65043e-06 0.000408002 -6.83689e-06 -1.0474 -4.90306e-06 1.57078 -2.36773e-07
27.686 -1.0472 -1.0474 0.000197609 14.2513 -6.60957e-06 0.00040549 -6.79488e-06 -1.0474 -4.87286e-06 1.57078 -2.35319e-07
27.687 -1.0472 -1.04739 0.000196383 14.2511 -6.56865e-06 0.000402976 -6.75282e-06 -1.04739 -4.84262e-06 1.57078 -2.33863e-07
27.688 -1.0472 -1.04739 0.000195156 14.2509 -6.52767e-06 0.000400457 -6.71069e-06 -1.04739 -4.81234e-06 1.57078 -2.32406e-07
27.689 -1.0472 -1.04739 0.000193927 14.2507 -6.48663e-06 0.000397936 -6.66849e-06 -1.04739 -4.78202e-06 1.57078 -2.30946e-07
27.69 -1.0472 -1.04739 0.000192697 14.2506 -6.44553e-06 0.000395411 -6.62624e-06 -1.04739 -4.75167e-06 1.57078 -2.29484e-07
27.691 -1.0472 -1.04739 0.000191465 14.2504 -6.40437e-06 0.000392884 -6.58393e-06 -1.04739 -4.72127e-06 1.57078 -2.28021e-07
27.692 -1.0472 -1.04739 0.000190231 14.2502 -6.36316e-06 0.000390353 -6.54156e-06 -1.04739 -4.69084e-06 1.57078 -2.26556e-07
27.693 -1.0472 -1.04739 0.000188996 14.25 -6.32189e-06 0.000387819 -6.49914e-06 -1.04739 -4.66038e-06 1.57078 -2.25089e-07
27.694 -1.0472 -1.04739 0.00018776 14.2498 -6.28057e-06 0.000385283 -6.45666e-06 -1.04739 -4.62987e-06 1.57078 -2.23621e-07
27.695 -1.0472 -1.04738 0.000186522 14.2496 -6.2392e-06 0.000382743 -6.41413e-06 -1.04738 -4.59934e-06 1.57078 -2.22151e-07
27.696 -1.0472 -1.04738 0.000185283 14.2494 -6.19778e-06 0.000380201 -6.37155e-06 -1.04738 -4.56877e-06 1.57078 -2.20679e-07
27.697 -1.0472 -1.04738 0.000184043 14.2492 -6.15631e-06 0.000377656 -6.32891e-06 -1.04738 -4.53817e-06 1.57078 -2.19206e-07
27.698 -1.0472 -1.04738 0.000182801 14.2491 -6.11479e-06 0.000375109 -6.28623e-06 -1.04738 -4.50754e-06 1.57078 -2.17732e-07
27.699 -1.0472 -1.04738 0.000181558 14.2489 -6.07322e-06 0.000372559 -6.2435e-06 -1.04738 -4.47687e-06 1.57078 -2.16256e-07
27.7 -1.0472 -1.04738 0.000180315 14.2487 -6.03161e-06 0.000370007 -6.20073e-06 -1.04738 -4.44618e-06 1.57078 -2.14779e-07
27.701 -1.0472 -1.04738 0.000179069 14.2485 -5.98996e-06 0.000367452 -6.15791e-06 -1.04738 -4.41546e-06 1.57078 -2.133e-07
27.702 -1.0472 -1.04738 0.000177823 14.2483 -5.94826e-06 0.000364896 -6.11505e-06 -1.04738 -4.38471e-06 1.57078 -2.1182e-07
27.703 -1.0472 -1.04737 0.000176576 14.2481 -5.90653e-06 0.000362337 -6.07215e-06 -1.04737 -4.35394e-06 1.57078 -2.10338e-07
27.704 -1.0472 -1.04737 0.000175328 14.2479 -5.86475e-06 0.000359775 -6.02921e-06 -1.04737 -4.32314e-06 1.57078 -2.08856e-07
27.705 -1.0472 -1.04737 0.000174078 14.2477 -5.82294e-06 0.000357212 -5.98623e-06 -1.04737 -4.29231e-06 1.57078 -2.07372e-07
27.706 -1.0472 -1.04737 0.000172828 14.2476 -5.78109e-06 0.000354647 -5.94321e-06 -1.04737 -4.26146e-06 1.57078 -2.05887e-07
27.707 -1.0472 -1.04737 0.000171577 14.2474 -5.73921e-06 0.00035208 -5.90015e-06 -1.04737 -4.23059e-06 1.57078 -2.04401e-07
27.708 -1.0472 -1.04737 0.000170325 14.2472 -5.69729e-06 0.000349511 -5.85707e-06 -1.04737 -4.19969e-06 1.57078 -2.02914e-07
27.709 -1.0472 -1.04737 0.000169072 14.247 -5.65535e-06 0.00034694 -5.81394e-06 -1.04737 -4.16878e-06 1.57078 -2.01426e-07
27.71 -1.0472 -1.04737 0.000167818 14.2468 -5.61337e-06 0.000344368 -5.77079e-06 -1.04737 -4.13784e-06 1.57078 -1.99937e-07
27.711 -1.0472 -1.04736 0.000166563 14.2466 -5.57136e-06 0.000341794 -5.72761e-06 -1.04736 -4.10688e-06 1.57078 -1.98447e-07
27.712 -1.0472 -1.04736 0.000165308 14.2465 -5.52932e-06 0.000339218 -5.6844e-06 -1.04736 -4.07591e-06 1.57078 -1.96957e-07
27.713 -1.0472 -1.04736 0.000164052 14.2463 -5.48725e-06 0.000336641 -5.64116e-06 -1.04736 -4.04491e-06 1.57078 -1.95465e-07
27.714 -1.0472 -1.04736 0.000162795 14.2461 -5.44516e-06 0.000334063 -5.59789e-06 -1.04736 -4.0139e-06 1.57078 -1.93972e-07
27.715 -1.0472 -1.04736 0.000161538 14.2459 -5.40305e-06 0.000331483 -5.5546e-06 -1.04736 -3.98288e-06 1.57078 -1.92479e-07
27.716 -1.0472 -1.04736 0.00016028 14.2457 -5.36091e-06 0.000328902 -5.51129e-06 -1.04736 -3.95184e-06 1.57078 -1.90985e-07
27.717 -1.0472 -1.04736 0.000159021 14.2455 -5.31876e-06 0.00032632 -5.46795e-06 -1.04736 -3.92078e-06 1.57078 -1.89491e-07
27.718 -1.0472 -1.04736 0.000157762 14.2454 -5.27658e-06 0.000323737 -5.4246e-06 -1.04736 -3.88971e-06 1.57078 -1.87995e-07
27.719 -1.0472 -1.04735 0.000156503 14.2452 -5.23438e-06 0.000321153 -5.38122e-06 -1.04735 -3.85863e-06 1.57078 -1.86499e-07
27.72 -1.0472 -1.04735 0.000155243 14.245 -5.19217e-06 0.000318567 -5.33783e-06 -1.04735 -3.82754e-06 1.57078 -1.85003e-07
27.721 -1.0472 -1.04735 0.000153982 14.2448 -5.14994e-06 0.000315981 -5.29442e-06 -1.04735 -3.79643e-06 1.57078 -1.83506e-07
27.722 -1.0472 -1.04735 0.000152721 14.2446 -5.10769e-06 0.000313394 -5.25099e-06 -1.04735 -3.76532e-06 1.57078 -1.82009e-07
27.723 -1.0472 -1.04735 0.00015146 14.2444 -5.06543e-06 0.000310806 -5.20756e-06 -1.04735 -3.73419e-06 1.57078 -1.80511e-07
27.724 -1.0472 -1.04735 0.000150198 14.2443 -5.02316e-06 0.000308218 -5.1641e-06 -1.04735 -3.70306e-06 1.57078 -1.79012e-07
27.725 -1.0472 -1.04735 0.000148937 14.2441 -4.98088e-06 0.000305629 -5.12064e-06 -1.04735 -3.67192e-06 1.57078 -1.77514e-07
27.726 -1.0472 -1.04735 0.000147674 14.2439 -4.93859e-06 0.000303039 -5.07717e-06 -1.04735 -3.64078e-06 1.57078 -1.76015e-07
27.727 -1.0472 -1.04734 0.000146412 14.2437 -4.89629e-06 0.000300449 -5.03369e-06 -1.04734 -3.60963e-06 1.57078 -1.74515e-07
27.728 -1.0472 -1.04734 0.000145149 14.2435 -4.85398e-06 0.000297859 -4.9902e-06 -1.04734 -3.57847e-06 1.57078 -1.73016e-07
27.729 -1.0472 -1.04734 0.000143887 14.2434 -4.81167e-06 0.000295268 -4.94671e-06 -1.04734 -3.54731e-06 1.57078 -1.71516e-07
27.73 -1.0472 -1.04734 0.000142624 14.2432 -4.76935e-06 0.000292677 -4.90321e-06 -1.04734 -3.51615e-06 1.57078 -1.70016e-07
27.731 -1.0472 -1.04734 0.000141361 14.243 -4.72703e-06 0.000290086 -4.85971e-06 -1.04734 -3.48498e-06 1.57078 -1.68516e-07
27.732 -1.0472 -1.04734 0.000140098 14.2428 -4.68471e-06 0.000287494 -4.8162e-06 -1.04734 -3.45381e-06 1.57078 -1.67016e-07
27.733 -1.0472 -1.04734 0.000138835 14.2426 -4.64238e-06 0.000284903 -4.7727e-06 -1.04734 -3.42264e-06 1.57078 -1.65516e-07
27.734 -1.0472 -1.04734 0.000137572 14.2425 -4.60006e-06 0.000282311 -4.72919e-06 -1.04734 -3.39148e-06 1.57078 -1.64016e-07
27.735 -1.0472 -1.04733 0.000136309 14.2423 -4.55774e-06 0.00027972 -4.68569e-06 -1.04733 -3.36031e-06 1.57078 -1.62516e-07
27.736 -1.0472 -1.04733 0.000135046 14.2421 -4.51542e-06 0.000277129 -4.64219e-06 -1.04733 -3.32914e-06 1.57078 -1.61016e-07
27.737 -1.0472 -1.04733 0.000133783 14.2419 -4.47311e-06 0.000274538 -4.5987e-06 -1.04733 -3.29798e-06 1.57078 -1.59516e-07
27.738 -1.0472 -1.04733 0.00013252 14.2418 -4.4308e-06 0.000271947 -4.55521e-06 -1.04733 -3.26682e-06 1.57078 -1.58017e-07
27.739 -1.0472 -1.04733 0.000131258 14.2416 -4.3885e-06 0.000269357 -4.51173e-06 -1.04733 -3.23567e-06 1.57078 -1.56517e-07
27.74 -1.0472 -1.04733 0.000129995 14.2414 -4.34621e-06 0.000266767 -4.46825e-06 -1.04733 -3.20452e-06 1.57078 -1.55018e-07
27.741 -1.0472 -1.04733 0.000128733 14.2412 -4.30393e-06 0.000264177 -4.42479e-06 -1.04733 -3.17337e-06 1.57079 -1.53519e-07
27.742 -1.0472 -1.04733 0.000127471 14.2411 -4.26165e-06 0.000261588 -4.38133e-06 -1.04733 -3.14224e-06 1.57079 -1.5202e-07
27.743 -1.0472 -1.04732 0.00012621 14.2409 -4.21939e-06 0.000259 -4.33789e-06 -1.04732 -3.11111e-06 1.57079 -1.50522e-07
27.744 -1.0472 -1.04732 0.000124948 14.2407 -4.17714e-06 0.000256412 -4.29446e-06 -1.04732 -3.07998e-06 1.57079 -1.49024e-07
27.745 -1.0472 -1.04732 0.000123688 14.2405 -4.13491e-06 0.000253825 -4.25105e-06 -1.04732 -3.04887e-06 1.57079 -1.47526e-07
27.746 -1.0472 -1.04732 0.000122427 14.2404 -4.09269e-06 0.000251239 -4.20765e-06 -1.04732 -3.01777e-06 1.57079 -1.46029e-07
27.747 -1.0472 -1.04732 0.000121167 14.2402 -4.05049e-06 0.000248654 -4.16427e-06 -1.04732 -2.98668e-06 1.57079 -1.44532e-07
27.748 -1.0472 -1.04732 0.000119908 14.24 -4.0083e-06 0.00024607 -4.1209e-06 -1.04732 -2.9556e-06 1.57079 -1.43036e-07
27.749 -1.0472 -1.04732 0.000118649 14.2398 -3.96614e-06 0.000243486 -4.07756e-06 -1.04732 -2.92453e-06 1.57079 -1.41541e-07
27.75 -1.0472 -1.04731 0.00011739 14.2397 -3.92399e-06 0.000240904 -4.03424e-06 -1.04731 -2.89347e-06 1.57079 -1.40046e-07
27.751 -1.0472 -1.04731 0.000116132 14.2395 -3.88187e-06 0.000238323 -3.99093e-06 -1.04731 -2.86243e-06 1.57079 -1.38552e-07
27.752 -1.0472 -1.04731 0.000114875 14.2393 -3.83977e-06 0.000235743 -3.94765e-06 -1.04731 -2.83141e-06 1.57079 -1.37058e-07
27.753 -1.0472 -1.04731 0.000113618 14.2392 -3.79769e-06 0.000233165 -3.9044e-06 -1.04731 -2.8004e-06 1.57079 -1.35565e-07
27.754 -1.0472 -1.04731 0.000112362 14.239 -3.75564e-06 0.000230587 -3.86117e-06 -1.04731 -2.7694e-06 1.57079 -1.34073e-07
27.755 -1.0472 -1.04731 0.000111106 14.2388 -3.71361e-06 0.000228012 -3.81797e-06 -1.04731 -2.73842e-06 1.57079 -1.32582e-07
27.756 -1.0472 -1.04731 0.000109852 14.2387 -3.67161e-06 0.000225437 -3.77479e-06 -1.04731 -2.70746e-06 1.57079 -1.31092e-07
27.757 -1.0472 -1.04731 0.000108598 14.2385 -3.62964e-06 0.000222864 -3.73164e-06 -1.04731 -2.67652e-06 1.57079 -1.29602e-07
27.758 -1.0472 -1.0473 0.000107344 14.2383 -3.5877e-06 0.000220293 -3.68853e-06 -1.0473 -2.6456e-06 1.57079 -1.28113e-07
27.759 -1.0472 -1.0473 0.000106092 14.2381 -3.54578e-06 0.000217723 -3.64544e-06 -1.0473 -2.6147e-06 1.57079 -1.26626e-07
27.76 -1.0472 -1.0473 0.00010484 14.238 -3.5039e-06 0.000215156 -3.60239e-06 -1.0473 -2.58382e-06 1.57079 -1.25139e-07
27.761 -1.0472 -1.0473 0.00010359 14.2378 -3.46206e-06 0.000212589 -3.55937e-06 -1.0473 -2.55296e-06 1.57079 -1.23653e-07
27.762 -1.0472 -1.0473 0.00010234 14.2376 -3.42024e-06 0.000210025 -3.51638e-06 -1.0473 -2.52212e-06 1.57079 -1.22168e-07
27.763 -1.0472 -1.0473 0.000101091 14.2375 -3.37847e-06 0.000207463 -3.47343e-06 -1.0473 -2.49131e-06 1.57079 -1.20685e-07
27.764 -1.0472 -1.0473 9.98431e-05 14.2373 -3.33672e-06 0.000204902 -3.43052e-06 -1.0473 -2.46052e-06 1.57079 -1.19202e-07
27.765 -1.0472 -1.0473 9.85962e-05 14.2371 -3.29502e-06 0.000202344 -3.38765e-06 -1.0473 -2.42975e-06 1.57079 -1.17721e-07
27.766 -1.0472 -1.04729 9.73503e-05 14.237 -3.25335e-06 0.000199788 -3.34481e-06 -1.04729 -2.39901e-06 1.57079 -1.16241e-07
27.767 -1.0472 -1.04729 9.61054e-05 14.2368 -3.21172e-06 0.000197233 -3.30202e-06 -1.04729 -2.3683e-06 1.57079 -1.14762e-07
27.768 -1.0472 -1.04729 9.48616e-05 14.2367 -3.17014e-06 0.000194681 -3.25927e-06 -1.04729 -2.33761e-06 1.57079 -1.13284e-07
27.769 -1.0472 -1.04729 9.36189e-05 14.2365 -3.12859e-06 0.000192132 -3.21656e-06 -1.04729 -2.30695e-06 1.57079 -1.11808e-07
27.77 -1.0472 -1.04729 9.23774e-05 14.2363 -3.08709e-06 0.000189584 -3.17389e-06 -1.04729 -2.27632e-06 1.57079 -1.10333e-07
27.771 -1.0472 -1.04729 9.1137e-05 14.2362 -3.04563e-06 0.000187039 -3.13127e-06 -1.04729 -2.24572e-06 1.57079 -1.08859e-07
27.772 -1.0472 -1.04729 8.98978e-05 14.236 -3.00422e-06 0.000184497 -3.08869e-06 -1.04729 -2.21515e-06 1.57079 -1.07387e-07
27.773 -1.0472 -1.04729 8.86599e-05 14.2358 -2.96285e-06 0.000181957 -3.04616e-06 -1.04729 -2.1846e-06 1.57079 -1.05916e-07
27.774 -1.0472 -1.04728 8.74232e-05 14.2357 -2.92153e-06 0.000179419 -3.00368e-06 -1.04728 -2.15409e-06 1.57079 -1.04447e-07
27.775 -1.0472 -1.04728 8.61878e-05 14.2355 -2.88026e-06 0.000176885 -2.96125e-06 -1.04728 -2.12361e-06 1.57079 -1.02979e-07
27.776 -1.0472 -1.04728 8.49537e-05 14.2354 -2.83904e-06 0.000174353 -2.91887e-06 -1.04728 -2.09317e-06 1.57079 -1.01513e-07
27.777 -1.0472 -1.04728 8.37209e-05 14.2352 -2.79787e-06 0.000171823 -2.87654e-06 -1.04728 -2.06276e-06 1.57079 -1.00048e-07
27.778 -1.0472 -1.04728 8.24895e-05 14.235 -2.75674e-06 0.000169297 -2.83426e-06 -1.04728 -2.03238e-06 1.57079 -9.8585e-08
27.779 -1.0472 -1.04728 8.12595e-05 14.2349 -2.71567e-06 0.000166773 -2.79203e-06 -1.04728 -2.00203e-06 1.57079 -9.71236e-08
27.78 -1.0472 -1.04728 8.00309e-05 14.2347 -2.67466e-06 0.000164252 -2.74986e-06 -1.04728 -1.97173e-06 1.57079 -9.56638e-08
27.781 -1.0472 -1.04728 7.88038e-05 14.2346 -2.6337e-06 0.000161734 -2.70775e-06 -1.04728 -1.94145e-06 1.57079 -9.42057e-08
27.782 -1.0472 -1.04728 7.75782e-05 14.2344 -2.59279e-06 0.00015922 -2.66569e-06 -1.04728 -1.91122e-06 1.57079 -9.27493e-08
27.783 -1.0472 -1.04727 7.6354e-05 14.2342 -2.55194e-06 0.000156708 -2.62369e-06 -1.04727 -1.88102e-06 1.57079 -9.12947e-08
27.784 -1.0472 -1.04727 7.51315e-05 14.2341 -2.51115e-06 0.000154199 -2.58175e-06 -1.04727 -1.85086e-06 1.57079 -8.9842e-08
27.785 -1.0472 -1.04727 7.39104e-05 14.2339 -2.47041e-06 0.000151694 -2.53987e-06 -1.04727 -1.82074e-06 1.57079 -8.8391e-08
27.786 -1.0472 -1.04727 7.2691e-05 14.2338 -2.42974e-06 0.000149192 -2.49804e-06 -1.04727 -1.79066e-06 1.57079 -8.6942e-08
27.787 -1.0472 -1.04727 7.14732e-05 14.2336 -2.38912e-06 0.000146693 -2.45628e-06 -1.04727 -1.76062e-06 1.57079 -8.54948e-08
27.788 -1.0472 -1.04727 7.0257e-05 14.2335 -2.34857e-06 0.000144198 -2.41459e-06 -1.04727 -1.73062e-06 1.57079 -8.40496e-08
27.789 -1.0472 -1.04727 6.90426e-05 14.2333 -2.30808e-06 0.000141706 -2.37295e-06 -1.04727 -1.70066e-06 1.57079 -8.26063e-08
27.79 -1.0472 -1.04727 6.78298e-05 14.2332 -2.26765e-06 0.000139218 -2.33139e-06 -1.04727 -1.67075e-06 1.57079 -8.11651e-08
27.791 -1.0472 -1.04726 6.66187e-05 14.233 -2.22729e-06 0.000136733 -2.28988e-06 -1.04726 -1.64088e-06 1.57079 -7.97258e-08
27.792 -1.0472 -1.04726 6.54094e-05 14.2329 -2.18699e-06 0.000134252 -2.24845e-06 -1.04726 -1.61105e-06 1.57079 -7.82887e-08
27.793 -1.0472 -1.04726 6.42019e-05 14.2327 -2.14676e-06 0.000131774 -2.20708e-06 -1.04726 -1.58127e-06 1.57079 -7.68536e-08
27.794 -1.0472 -1.04726 6.29962e-05 14.2325 -2.1066e-06 0.0001293 -2.16578e-06 -1.04726 -1.55153e-06 1.57079 -7.54207e-08
27.795 -1.0472 -1.04726 6.17923e-05 14.2324 -2.0665e-06 0.00012683 -2.12455e-06 -1.04726 -1.52183e-06 1.57079 -7.39899e-08
27.796 -1.0472 -1.04726 6.05903e-05 14.2322 -2.02647e-06 0.000124364 -2.08339e-06 -1.04726 -1.49219e-06 1.57079 -7.25613e-08
27.797 -1.0472 -1.04726 5.93902e-05 14.2321 -1.98651e-06 0.000121902 -2.0423e-06 -1.04726 -1.46259e-06 1.57079 -7.11349e-08
27.798 -1.0472 -1.04726 5.8192e-05 14.2319 -1.94663e-06 0.000119443 -2.00129e-06 -1.04726 -1.43303e-06 1.57079 -6.97108e-08
27.799 -1.0472 -1.04725 5.69958e-05 14.2318 -1.90681e-06 0.000116989 -1.96034e-06 -1.04725 -1.40353e-06 1.57079 -6.8289e-08
27.8 -1.0472 -1.04725 5.58015e-05 14.2316 -1.86707e-06 0.000114538 -1.91948e-06 -1.04725 -1.37408e-06 1.57079 -6.68695e-08
27.801 -1.0472 -1.04725 5.46092e-05 14.2315 -1.8274e-06 0.000112092 -1.87869e-06 -1.04725 -1.34467e-06 1.57079 -6.54523e-08
27.802 -1.0472 -1.04725 5.34189e-05 14.2314 -1.78781e-06 0.000109649 -1.83797e-06 -1.04725 -1.31532e-06 1.57079 -6.40375e-08
27.803 -1.0472 -1.04725 5.22307e-05 14.2312 -1.74829e-06 0.000107211 -1.79733e-06 -1.04725 -1.28601e-06 1.57079 -6.26251e-08
27.804 -1.0472 -1.04725 5.10445e-05 14.2311 -1.70885e-06 0.000104778 -1.75677e-06 -1.04725 -1.25676e-06 1.57079 -6.12152e-08
27.805 -1.0472 -1.04725 4.98604e-05 14.2309 -1.66948e-06 0.000102348 -1.71629e-06 -1.04725 -1.22756e-06 1.57079 -5.98077e-08
27.806 -1.0472 -1.04725 4.86785e-05 14.2308 -1.6302e-06 9.99228e-05 -1.67589e-06 -1.04725 -1.19841e-06 1.57079 -5.84027e-08
27.807 -1.0472 -1.04725 4.74987e-05 14.2306 -1.59099e-06 9.75021e-05 -1.63557e-06 -1.04725 -1.16932e-06 1.57079 -5.70002e-08
27.808 -1.0472 -1.04724 4.63211e-05 14.2305 -1.55186e-06 9.50858e-05 -1.59533e-06 -1.04724 -1.14027e-06 1.57079 -5.56003e-08
27.809 -1.0472 -1.04724 4.51456e-05 14.2303 -1.51282e-06 9.26739e-05 -1.55518e-06 -1.04724 -1.11129e-06 1.57079 -5.42029e-08
27.81 -1.0472 -1.04724 4.39724e-05 14.2302 -1.47385e-06 9.02667e-05 -1.5151e-06 -1.04724 -1.08236e-06 1.57079 -5.28082e-08
27.811 -1.0472 -1.04724 4.28014e-05 14.2301 -1.43497e-06 8.7864e-05 -1.47512e-06 -1.04724 -1.05348e-06 1.57079 -5.14161e-08
27.812 -1.0472 -1.04724 4.16327e-05 14.2299 -1.39617e-06 8.5466e-05 -1.43521e-06 -1.04724 -1.02466e-06 1.57079 -5.00267e-08
27.813 -1.0472 -1.04724 4.04663e-05 14.2298 -1.35746e-06 8.30727e-05 -1.3954e-06 -1.04724 -9.95902e-07 1.57079 -4.864e-08
27.814 -1.0472 -1.04724 3.93022e-05 14.2296 -1.31883e-06 8.06841e-05 -1.35567e-06 -1.04724 -9.67198e-07 1.57079 -4.7256e-08
27.815 -1.0472 -1.04724 3.81404e-05 14.2295 -1.28029e-06 7.83003e-05 -1.31603e-06 -1.04724 -9.38552e-07 1.57079 -4.58747e-08
27.816 -1.0472 -1.04723 3.6981e-05 14.2293 -1.24183e-06 7.59214e-05 -1.27647e-06 -1.04723 -9.09965e-07 1.57079 -4.44963e-08
27.817 -1.0472 -1.04723 3.5824e-05 14.2292 -1.20346e-06 7.35474e-05 -1.23701e-06 -1.04723 -8.81438e-07 1.57079 -4.31206e-08
27.818 -1.0472 -1.04723 3.46694e-05 14.2291 -1.16518e-06 7.11783e-05 -1.19764e-06 -1.04723 -8.5297e-07 1.57079 -4.17478e-08
27.819 -1.0472 -1.04723 3.35173e-05 14.2289 -1.12699e-06 6.88142e-05 -1.15836e-06 -1.04723 -8.24563e-07 1.57079 -4.03779e-08
27.82 -1.0472 -1.04723 3.23676e-05 14.2288 -1.08889e-06 6.64552e-05 -1.11917e-06 -1.04723 -7.96216e-07 1.57079 -3.90109e-08
27.821 -1.0472 -1.04723 3.12203e-05 14.2287 -1.05088e-06 6.41012e-05 -1.08007e-06 -1.04723 -7.67932e-07 1.57079 -3.76467e-08
27.822 -1.0472 -1.04723 3.00756e-05 14.2285 -1.01296e-06 6.17524e-05 -1.04107e-06 -1.04723 -7.3971e-07 1.57079 -3.62856e-08
27.823 -1.0472 -1.04723 2.89334e-05 14.2284 -9.7513e-07 5.94088e-05 -1.00217e-06 -1.04723 -7.1155e-07 1.57079 -3.49274e-08
27.824 -1.0472 -1.04723 2.77938e-05 14.2283 -9.37397e-07 5.70704e-05 -9.63354e-07 -1.04723 -6.83454e-07 1.57079 -3.35722e-08
27.825 -1.0472 -1.04722 2.66567e-05 14.2281 -8.99758e-07 5.47373e-05 -9.24638e-07 -1.04722 -6.55422e-07 1.57079 -3.222e-08
27.826 -1.0472 -1.04722 2.55222e-05 14.228 -8.62213e-07 5.24094e-05 -8.8602e-07 -1.04722 -6.27455e-07 1.57079 -3.08709e-08
27.827 -1.0472 -1.04722 2.43904e-05 14.2279 -8.24765e-07 5.0087e-05 -8.47499e-07 -1.04722 -5.99552e-07 1.57079 -2.95249e-08
27.828 -1.0472 -1.04722 2.32612e-05 14.2277 -7.87412e-07 4.777e-05 -8.09077e-07 -1.04722 -5.71715e-07 1.57079 -2.8182e-08
27.829 -1.0472 -1.04722 2.21346e-05 14.2276 -7.50157e-07 4.54584e-05 -7.70754e-07 -1.04722 -5.43945e-07 1.57079 -2.68423e-08
27.83 -1.0472 -1.04722 2.10107e-05 14.2275 -7.12999e-07 4.31524e-05 -7.32532e-07 -1.04722 -5.1624e-07 1.57079 -2.55057e-08
27.831 -1.0472 -1.04722 1.98896e-05 14.2273 -6.7594e-07 4.08518e-05 -6.9441e-07 -1.04722 -4.88604e-07 1.57079 -2.41722e-08
27.832 -1.0472 -1.04722 1.87711e-05 14.2272 -6.3898e-07 3.85569e-05 -6.5639e-07 -1.04722 -4.61034e-07 1.57079 -2.2842e-08
27.833 -1.0472 -1.04722 1.76554e-05 14.2271 -6.02121e-07 3.62676e-05 -6.18472e-07 -1.04722 -4.33534e-07 1.57079 -2.15151e-08
27.834 -1.0472 -1.04721 1.65425e-05 14.2269 -5.65362e-07 3.3984e-05 -5.80658e-07 -1.04721 -4.06102e-07 1.57079 -2.01914e-08
27.835 -1.0472 -1.04721 1.54324e-05 14.2268 -5.28704e-07 3.17062e-05 -5.42948e-07 -1.04721 -3.78739e-07 1.57079 -1.8871e-08
27.836 -1.0472 -1.04721 1.43251e-05 14.2267 -4.92149e-07 2.94341e-05 -5.05342e-07 -1.04721 -3.51446e-07 1.5708 -1.75539e-08
27.837 -1.0472 -1.04721 1.32206e-05 14.2266 -4.55697e-07 2.71678e-05 -4.67842e-07 -1.04721 -3.24224e-07 1.5708 -1.62402e-08
27.838 -1.0472 -1.04721 1.2119e-05 14.2264 -4.19349e-07 2.49073e-05 -4.30448e-07 -1.04721 -2.97072e-07 1.5708 -1.49298e-08
27.839 -1.0472 -1.04721 1.10202e-05 14.2263 -3.83105e-07 2.26528e-05 -3.9316e-07 -1.04721 -2.69992e-07 1.5708 -1.36228e-08
27.84 -1.0472 -1.04721 9.92437e-06 14.2262 -3.46966e-07 2.04042e-05 -3.55981e-07 -1.04721 -2.42984e-07 1.5708 -1.23192e-08
27.841 -1.0472 -1.04721 8.83143e-06 14.226 -3.10932e-07 1.81616e-05 -3.18909e-07 -1.04721 -2.16049e-07 1.5708 -1.10191e-08
27.842 -1.0472 -1.04721 7.74142e-06 14.2259 -2.75006e-07 1.5925e-05 -2.81947e-07 -1.04721 -1.89186e-07 1.5708 -9.72242e-09
27.843 -1.0472 -1.0472 6.65438e-06 14.2258 -2.39186e-07 1.36944e-05 -2.45094e-07 -1.0472 -1.62397e-07 1.5708 -8.42924e-09
27.844 -1.0472 -1.0472 5.57031e-06 14.2257 -2.03474e-07 1.147e-05 -2.08352e-07 -1.0472 -1.35681e-07 1.5708 -7.13957e-09
27.845 -1.0472 -1.0472 4.48923e-06 14.2256 -1.6787e-07 9.25172e-06 -1.71721e-07 -1.0472 -1.0904e-07 1.5708 -5.85344e-09
27.846 -1.0472 -1.0472 3.41118e-06 14.2254 -1.32376e-07 7.03962e-06 -1.35202e-07 -1.0472 -8.24742e-08 1.5708 -4.57086e-09
27.847 -1.0472 -1.0472 2.33616e-06 14.2253 -9.69917e-08 4.83376e-06 -9.87946e-08 -1.0472 -5.59836e-08 1.5708 -3.29187e-09
27.848 -1.0472 -1.0472 1.2642e-06 14.2252 -6.17176e-08 2.63416e-06 -6.25008e-08 -1.0472 -2.95688e-08 1.5708 -2.01648e-09
27.849 -1.0472 -1.0472 1.95307e-07 14.2251 -2.65546e-08 4.40873e-07 -2.63207e-08 -1.0472 -3.23046e-09 1.5708 -7.44724e-10
27.85 -1.0472 -1.0472 -8.70487e-07 14.225 8.49664e-09 -1.74607e-06 9.74486e-09 -1.0472 2.30311e-08 1.5708 5.23382e-10
27.851 -1.0472 -1.0472 -1.93317e-06 14.2248 4.34355e-08 -3.92662e-06 4.56954e-08 -1.0472 4.92153e-08 1.5708 1.78781e-09
27.852 -1.0472 -1.04719 -2.99271e-06 14.2247 7.82614e-08 -6.10075e-06 8.15301e-08 -1.04719 7.53218e-08 1.5708 3.04855e-09
27.853 -1.0472 -1.04719 -4.04911e-06 14.2246 1.12974e-07 -8.26842e-06 1.17248e-07 -1.04719 1.0135e-07 1.5708 4.30557e-09
27.854 -1.0472 -1.04719 -5.10234e-06 14.2245 1.47572e-07 -1.04296e-05 1.5285e-07 -1.04719 1.273e-07 1.5708 5.55884e-09
27.855 -1.0472 -1.04719 -6.15237e-06 14.2244 1.82055e-07 -1.25842e-05 1.88334e-07 -1.04719 1.5317e-07 1.5708 6.80835e-09
27.856 -1.0472 -1.04719 -7.1992e-06 14.2243 2.16423e-07 -1.47323e-05 2.23699e-07 -1.04719 1.78961e-07 1.5708 8.05408e-09
27.857 -1.0472 -1.04719 -8.24281e-06 14.2241 2.50674e-07 -1.68737e-05 2.58945e-07 -1.04719 2.04671e-07 1.5708 9.29599e-09
27.858 -1.0472 -1.04719 -9.28317e-06 14.224 2.84809e-07 -1.90085e-05 2.94072e-07 -1.04719 2.30302e-07 1.5708 1.05341e-08
27.859 -1.0472 -1.04719 -1.03203e-05 14.2239 3.18827e-07 -2.11365e-05 3.29079e-07 -1.04719 2.55851e-07 1.5708 1.17683e-08
27.86 -1.0472 -1.04719 -1.13541e-05 14.2238 3.52727e-07 -2.32579e-05 3.63966e-07 -1.04719 2.81319e-07 1.5708 1.29987e-08
27.861 -1.0472 -1.04719 -1.23846e-05 14.2237 3.86508e-07 -2.53725e-05 3.9873e-07 -1.04719 3.06705e-07 1.5708 1.42252e-08
27.862 -1.0472 -1.04718 -1.34118e-05 14.2236 4.20171e-07 -2.74803e-05 4.33373e-07 -1.04718 3.32009e-07 1.5708 1.54477e-08
27.863 -1.0472 -1.04718 -1.44357e-05 14.2235 4.53714e-07 -2.95813e-05 4.67894e-07 -1.04718 3.5723e-07 1.5708 1.66663e-08
27.864 -1.0472 -1.04718 -1.54562e-05 14.2234 4.87137e-07 -3.16754e-05 5.02291e-07 -1.04718 3.82368e-07 1.5708 1.7881e-08
27.865 -1.0472 -1.04718 -1.64734e-05 14.2232 5.20439e-07 -3.37625e-05 5.36565e-07 -1.04718 4.07422e-07 1.5708 1.90917e-08
27.866 -1.0472 -1.04718 -1.74872e-05 14.2231 5.5362e-07 -3.58428e-05 5.70714e-07 -1.04718 4.32393e-07 1.5708 2.02984e-08
27.867 -1.0472 -1.04718 -1.84975e-05 14.223 5.86679e-07 -3.79161e-05 6.04739e-07 -1.04718 4.57279e-07 1.5708 2.15011e-08
27.868 -1.0472 -1.04718 -1.95045e-05 14.2229 6.19616e-07 -3.99823e-05 6.38638e-07 -1.04718 4.8208e-07 1.5708 2.26997e-08
27.869 -1.0472 -1.04718 -2.0508e-05 14.2228 6.5243e-07 -4.20415e-05 6.72412e-07 -1.04718 5.06796e-07 1.5708 2.38943e-08
27.87 -1.0472 -1.04718 -2.15081e-05 14.2227 6.8512e-07 -4.40937e-05 7.06059e-07 -1.04718 5.31427e-07 1.5708 2.50848e-08
27.871 -1.0472 -1.04718 -2.25047e-05 14.2226 7.17687e-07 -4.61387e-05 7.39579e-07 -1.04718 5.55971e-07 1.5708 2.62712e-08
27.872 -1.0472 -1.04717 -2.34978e-05 14.2225 7.50129e-07 -4.81766e-05 7.72972e-07 -1.04717 5.80429e-07 1.5708 2.74535e-08
27.873 -1.0472 -1.04717 -2.44874e-05 14.2224 7.82447e-07 -5.02073e-05 8.06236e-07 -1.04717 6.04801e-07 1.5708 2.86317e-08
27.874 -1.0472 -1.04717 -2.54736e-05 14.2223 8.14639e-07 -5.22308e-05 8.39372e-07 -1.04717 6.29085e-07 1.5708 2.98057e-08
27.875 -1.0472 -1.04717 -2.64561e-05 14.2222 8.46705e-07 -5.4247e-05 8.72379e-07 -1.04717 6.53282e-07 1.5708 3.09755e-08
27.876 -1.0472 -1.04717 -2.74352e-05 14.2221 8.78644e-07 -5.6256e-05 9.05256e-07 -1.04717 6.7739e-07 1.5708 3.21412e-08
27.877 -1.0472 -1.04717 -2.84106e-05 14.222 9.10457e-07 -5.82577e-05 9.38003e-07 -1.04717 7.0141e-07 1.5708 3.33026e-08
27.878 -1.0472 -1.04717 -2.93825e-05 14.2219 9.42142e-07 -6.0252e-05 9.7062e-07 -1.04717 7.25342e-07 1.5708 3.44598e-08
27.879 -1.0472 -1.04717 -3.03508e-05 14.2218 9.73699e-07 -6.2239e-05 1.00311e-06 -1.04717 7.49184e-07 1.5708 3.56128e-08
27.88 -1.0472 -1.04717 -3.13155e-05 14.2217 1.00513e-06 -6.42185e-05 1.03546e-06 -1.04717 7.72937e-07 1.5708 3.67615e-08
27.881 -1.0472 -1.04717 -3.22766e-05 14.2216 1.03643e-06 -6.61907e-05 1.06768e-06 -1.04717 7.96601e-07 1.5708 3.79059e-08
27.882 -1.0472 -1.04716 -3.3234e-05 14.2215 1.0676e-06 -6.81553e-05 1.09977e-06 -1.04716 8.20174e-07 1.5708 3.9046e-08
27.883 -1.0472 -1.04716 -3.41878e-05 14.2214 1.09864e-06 -7.01125e-05 1.13173e-06 -1.04716 8.43656e-07 1.5708 4.01818e-08
27.884 -1.0472 -1.04716 -3.51379e-05 14.2213 1.12955e-06 -7.20622e-05 1.16355e-06 -1.04716 8.67047e-07 1.5708 4.13133e-08
27.885 -1.0472 -1.04716 -3.60844e-05 14.2212 1.16033e-06 -7.40043e-05 1.19524e-06 -1.04716 8.90348e-07 1.5708 4.24404e-08
27.886 -1.0472 -1.04716 -3.70271e-05 14.2211 1.19098e-06 -7.59388e-05 1.22679e-06 -1.04716 9.13556e-07 1.5708 4.35631e-08
27.887 -1.0472 -1.04716 -3.79661e-05 14.221 1.2215e-06 -7.78657e-05 1.25821e-06 -1.04716 9.36673e-07 1.5708 4.46815e-08
27.888 -1.0472 -1.04716 -3.89014e-05 14.2209 1.25188e-06 -7.9785e-05 1.2895e-06 -1.04716 9.59697e-07 1.5708 4.57954e-08
27.889 -1.0472 -1.04716 -3.9833e-05 14.2208 1.28214e-06 -8.16966e-05 1.32065e-06 -1.04716 9.82629e-07 1.5708 4.6905e-08
27.89 -1.0472 -1.04716 -4.07608e-05 14.2207 1.31226e-06 -8.36005e-05 1.35166e-06 -1.04716 1.00547e-06 1.5708 4.80101e-08
27.891 -1.0472 -1.04716 -4.16849e-05 14.2206 1.34224e-06 -8.54967e-05 1.38253e-06 -1.04716 1.02821e-06 1.5708 4.91107e-08
27.892 -1.0472 -1.04715 -4.26052e-05 14.2205 1.3721e-06 -8.73852e-05 1.41327e-06 -1.04715 1.05087e-06 1.5708 5.02069e-08
27.893 -1.0472 -1.04715 -4.35216e-05 14.2204 1.40182e-06 -8.92658e-05 1.44387e-06 -1.04715 1.07342e-06 1.5708 5.12986e-08
27.894 -1.0472 -1.04715 -4.44343e-05 14.2204 1.4314e-06 -9.11387e-05 1.47434e-06 -1.04715 1.09589e-06 1.5708 5.23858e-08
27.895 -1.0472 -1.04715 -4.53432e-05 14.2203 1.46085e-06 -9.30037e-05 1.50466e-06 -1.04715 1.11826e-06 1.5708 5.34685e-08
27.896 -1.0472 -1.04715 -4.62482e-05 14.2202 1.49017e-06 -9.48609e-05 1.53485e-06 -1.04715 1.14053e-06 1.5708 5.45466e-08
27.897 -1.0472 -1.04715 -4.71494e-05 14.2201 1.51935e-06 -9.67102e-05 1.5649e-06 -1.04715 1.16271e-06 1.5708 5.56202e-08
27.898 -1.0472 -1.04715 -4.80467e-05 14.22 1.54839e-06 -9.85516e-05 1.59481e-06 -1.04715 1.18479e-06 1.5708 5.66892e-08
27.899 -1.0472 -1.04715 -4.89402e-05 14.2199 1.5773e-06 -0.000100385 1.62457e-06 -1.04715 1.20678e-06 1.5708 5.77537e-08
27.9 -1.0472 -1.04715 -4.98298e-05 14.2198 1.60607e-06 -0.00010221 1.6542e-06 -1.04715 1.22867e-06 1.5708 5.88136e-08
27.901 -1.0472 -1.04715 -5.07155e-05 14.2197 1.6347e-06 -0.000104028 1.68369e-06 -1.04715 1.25046e-06 1.5708 5.98688e-08
27.902 -1.0472 -1.04715 -5.15973e-05 14.2197 1.6632e-06 -0.000105837 1.71304e-06 -1.04715 1.27216e-06 1.5708 6.09195e-08
27.903 -1.0472 -1.04715 -5.24751e-05 14.2196 1.69156e-06 -0.000107639 1.74224e-06 -1.04715 1.29376e-06 1.5708 6.19655e-08
27.904 -1.0472 -1.04714 -5.33491e-05 14.2195 1.71978e-06 -0.000109432 1.77131e-06 -1.04714 1.31527e-06 1.5708 6.30069e-08
27.905 -1.0472 -1.04714 -5.42191e-05 14.2194 1.74786e-06 -0.000111218 1.80023e-06 -1.04714 1.33667e-06 1.5708 6.40436e-08
27.906 -1.0472 -1.04714 -5.50851e-05 14.2193 1.7758e-06 -0.000112995 1.82901e-06 -1.04714 1.35798e-06 1.5708 6.50756e-08
27.907 -1.0472 -1.04714 -5.59472e-05 14.2192 1.8036e-06 -0.000114764 1.85764e-06 -1.04714 1.37919e-06 1.5708 6.61029e-08
27.908 -1.0472 -1.04714 -5.68053e-05 14.2192 1.83127e-06 -0.000116525 1.88614e-06 -1.04714 1.4003e-06 1.5708 6.71255e-08
27.909 -1.0472 -1.04714 -5.76595e-05 14.2191 1.85879e-06 -0.000118278 1.91449e-06 -1.04714 1.42132e-06 1.5708 6.81434e-08
27.91 -1.0472 -1.04714 -5.85096e-05 14.219 1.88618e-06 -0.000120022 1.94269e-06 -1.04714 1.44223e-06 1.5708 6.91566e-08
27.911 -1.0472 -1.04714 -5.93557e-05 14.2189 1.91342e-06 -0.000121758 1.97076e-06 -1.04714 1.46305e-06 1.5708 7.0165e-08
27.912 -1.0472 -1.04714 -6.01978e-05 14.2188 1.94052e-06 -0.000123487 1.99867e-06 -1.04714 1.48376e-06 1.5708 7.11687e-08
27.913 -1.0472 -1.04714 -6.10359e-05 14.2188 1.96749e-06 -0.000125206 2.02645e-06 -1.04714 1.50438e-06 1.5708 7.21676e-08
27.914 -1.0472 -1.04714 -6.18699e-05 14.2187 1.99431e-06 -0.000126918 2.05408e-06 -1.04714 1.52489e-06 1.5708 7.31618e-08
27.915 -1.0472 -1.04713 -6.26999e-05 14.2186 2.02099e-06 -0.000128621 2.08156e-06 -1.04713 1.54531e-06 1.5708 7.41511e-08
27.916 -1.0472 -1.04713 -6.35259e-05 14.2185 2.04752e-06 -0.000130316 2.1089e-06 -1.04713 1.56562e-06 1.5708 7.51356e-08
27.917 -1.0472 -1.04713 -6.43477e-05 14.2185 2.07392e-06 -0.000132003 2.13609e-06 -1.04713 1.58584e-06 1.5708 7.61153e-08
27.918 -1.0472 -1.04713 -6.51655e-05 14.2184 2.10017e-06 -0.000133681 2.16313e-06 -1.04713 1.60595e-06 1.5708 7.70902e-08
27.919 -1.0472 -1.04713 -6.59792e-05 14.2183 2.12628e-06 -0.000135351 2.19003e-06 -1.04713 1.62596e-06 1.5708 7.80602e-08
27.92 -1.0472 -1.04713 -6.67888e-05 14.2182 2.15225e-06 -0.000137012 2.21679e-06 -1.04713 1.64587e-06 1.5708 7.90254e-08
27.921 -1.0472 -1.04713 -6.75943e-05 14.2182 2.17807e-06 -0.000138665 2.24339e-06 -1.04713 1.66568e-06 1.5708 7.99857e-08
27.922 -1.0472 -1.04713 -6.83957e-05 14.2181 2.20376e-06 -0.00014031 2.26985e-06 -1.04713 1.68539e-06 1.5708 8.09412e-08
27.923 -1.0472 -1.04713 -6.91929e-05 14.218 2.22929e-06 -0.000141946 2.29616e-06 -1.04713 1.70499e-06 1.5708 8.18917e-08
27.924 -1.0472 -1.04713 -6.99861e-05 14.218 2.25469e-06 -0.000143573 2.32233e-06 -1.04713 1.72449e-06 1.5708 8.28374e-08
27.925 -1.0472 -1.04713 -7.0775e-05 14.2179 2.27993e-06 -0.000145192 2.34834e-06 -1.04713 1.74389e-06 1.5708 8.37781e-08
27.926 -1.0472 -1.04713 -7.15599e-05 14.2178 2.30504e-06 -0.000146803 2.37421e-06 -1.04713 1.76319e-06 1.5708 8.4714e-08
27.927 -1.0472 -1.04713 -7.23405e-05 14.2177 2.33e-06 -0.000148405 2.39993e-06 -1.04713 1.78238e-06 1.5708 8.56448e-08
27.928 -1.0472 -1.04712 -7.3117e-05 14.2177 2.35481e-06 -0.000149998 2.4255e-06 -1.04712 1.80147e-06 1.5708 8.65708e-08
27.929 -1.0472 -1.04712 -7.38893e-05 14.2176 2.37948e-06 -0.000151583 2.45092e-06 -1.04712 1.82046e-06 1.5708 8.74918e-08
27.93 -1.0472 -1.04712 -7.46574e-05 14.2175 2.40401e-06 -0.000153159 2.47619e-06 -1.04712 1.83934e-06 1.5708 8.84078e-08
27.931 -1.0472 -1.04712 -7.54214e-05 14.2175 2.42839e-06 -0.000154727 2.50131e-06 -1.04712 1.85812e-06 1.5708 8.93189e-08
27.932 -1.0472 -1.04712 -7.61811e-05 14.2174 2.45262e-06 -0.000156286 2.52629e-06 -1.04712 1.8768e-06 1.5708 9.0225e-08
27.933 -1.0472 -1.04712 -7.69366e-05 14.2173 2.47671e-06 -0.000157837 2.55111e-06 -1.04712 1.89537e-06 1.5708 9.11261e-08
27.934 -1.0472 -1.04712 -7.76879e-05 14.2173 2.50065e-06 -0.000159378 2.57579e-06 -1.04712 1.91384e-06 1.5708 9.20222e-08
27.935 -1.0472 -1.04712 -7.8435e-05 14.2172 2.52445e-06 -0.000160912 2.60031e-06 -1.04712 1.9322e-06 1.5708 9.29133e-08
27.936 -1.0472 -1.04712 -7.91778e-05 14.2172 2.5481e-06 -0.000162436 2.62468e-06 -1.04712 1.95046e-06 1.5708 9.37994e-08
27.937 -1.0472 -1.04712 -7.99164e-05 14.2171 2.5716e-06 -0.000163952 2.64891e-06 -1.04712 1.96861e-06 1.5708 9.46804e-08
27.938 -1.0472 -1.04712 -8.06508e-05 14.217 2.59495e-06 -0.000165459 2.67298e-06 -1.04712 1.98666e-06 1.5708 9.55564e-08
27.939 -1.0472 -1.04712 -8.13809e-05 14.217 2.61816e-06 -0.000166957 2.6969e-06 -1.04712 2.0046e-06 1.5708 9.64274e-08
27.94 -1.0472 -1.04712 -8.21067e-05 14.2169 2.64122e-06 -0.000168447 2.72067e-06 -1.04712 2.02244e-06 1.5708 9.72933e-08
27.941 -1.0472 -1.04711 -8.28283e-05 14.2169 2.66414e-06 -0.000169927 2.74429e-06 -1.04711 2.04017e-06 1.5708 9.81542e-08
27.942 -1.0472 -1.04711 -8.35456e-05 14.2168 2.68691e-06 -0.000171399 2.76776e-06 -1.04711 2.0578e-06 1.5708 9.901e-08
27.943 -1.0472 -1.04711 -8.42586e-05 14.2167 2.70952e-06 -0.000172863 2.79107e-06 -1.04711 2.07532e-06 1.5708 9.98607e-08
27.944 -1.0472 -1.04711 -8.49673e-05 14.2167 2.732e-06 -0.000174317 2.81424e-06 -1.04711 2.09273e-06 1.5708 1.00706e-07
27.945 -1.0472 -1.04711 -8.56717e-05 14.2166 2.75432e-06 -0.000175763 2.83725e-06 -1.04711 2.11004e-06 1.5708 1.01547e-07
27.946 -1.0472 -1.04711 -8.63719e-05 14.2166 2.77649e-06 -0.000177199 2.86011e-06 -1.04711 2.12724e-06 1.5708 1.02382e-07
27.947 -1.0472 -1.04711 -8.70677e-05 14.2165 2.79852e-06 -0.000178627 2.88282e-06 -1.04711 2.14434e-06 1.5708 1.03213e-07
27.948 -1.0472 -1.04711 -8.77592e-05 14.2165 2.8204e-06 -0.000180047 2.90538e-06 -1.04711 2.16133e-06 1.5708 1.04038e-07
27.949 -1.0472 -1.04711 -8.84464e-05 14.2164 2.84213e-06 -0.000181457 2.92778e-06 -1.04711 2.17821e-06 1.5708 1.04858e-07
27.95 -1.0472 -1.04711 -8.91293e-05 14.2164 2.86371e-06 -0.000182858 2.95003e-06 -1.04711 2.19498e-06 1.5708 1.05673e-07
27.951 -1.0472 -1.04711 -8.98078e-05 14.2163 2.88515e-06 -0.000184251 2.97213e-06 -1.04711 2.21165e-06 1.5708 1.06483e-07
27.952 -1.0472 -1.04711 -9.0482e-05 14.2163 2.90643e-06 -0.000185634 2.99408e-06 -1.04711 2.22821e-06 1.5708 1.07287e-07
27.953 -1.0472 -1.04711 -9.11519e-05 14.2162 2.92757e-06 -0.000187009 3.01587e-06 -1.04711 2.24467e-06 1.5708 1.08087e-07
27.954 -1.0472 -1.04711 -9.18174e-05 14.2162 2.94856e-06 -0.000188375 3.03751e-06 -1.04711 2.26101e-06 1.5708 1.08881e-07
27.955 -1.0472 -1.04711 -9.24786e-05 14.2161 2.9694e-06 -0.000189732 3.059e-06 -1.04711 2.27725e-06 1.5708 1.09671e-07
27.956 -1.0472 -1.0471 -9.31354e-05 14.2161 2.99008e-06 -0.00019108 3.08033e-06 -1.0471 2.29338e-06 1.5708 1.10455e-07
27.957 -1.0472 -1.0471 -9.37879e-05 14.216 3.01062e-06 -0.000192419 3.10152e-06 -1.0471 2.3094e-06 1.5708 1.11234e-07
27.958 -1.0472 -1.0471 -9.4436e-05 14.216 3.03102e-06 -0.000193749 3.12254e-06 -1.0471 2.32532e-06 1.5708 1.12007e-07
27.959 -1.0472 -1.0471 -9.50797e-05 14.2159 3.05126e-06 -0.00019507 3.14342e-06 -1.0471 2.34113e-06 1.5708 1.12776e-07
27.96 -1.0472 -1.0471 -9.57191e-05 14.2159 3.07135e-06 -0.000196382 3.16414e-06 -1.0471 2.35683e-06 1.5708 1.13539e-07
27.961 -1.0472 -1.0471 -9.63541e-05 14.2158 3.09129e-06 -0.000197685 3.18471e-06 -1.0471 2.37242e-06 1.5708 1.14297e-07
27.962 -1.0472 -1.0471 -9.69847e-05 14.2158 3.11109e-06 -0.000198979 3.20512e-06 -1.0471 2.3879e-06 1.5708 1.1505e-07
27.963 -1.0472 -1.0471 -9.76109e-05 14.2157 3.13073e-06 -0.000200264 3.22538e-06 -1.0471 2.40327e-06 1.5708 1.15798e-07
27.964 -1.0472 -1.0471 -9.82327e-05 14.2157 3.15022e-06 -0.000201541 3.24549e-06 -1.0471 2.41854e-06 1.5708 1.16541e-07
27.965 -1.0472 -1.0471 -9.88502e-05 14.2156 3.16957e-06 -0.000202808 3.26544e-06 -1.0471 2.4337e-06 1.57081 1.17278e-07
27.966 -1.0472 -1.0471 -9.94632e-05 14.2156 3.18876e-06 -0.000204066 3.28524e-06 -1.0471 2.44875e-06 1.57081 1.1801e-07
27.967 -1.0472 -1.0471 -0.000100072 14.2156 3.20781e-06 -0.000205315 3.30489e-06 -1.0471 2.46369e-06 1.57081 1.18737e-07
27.968 -1.0472 -1.0471 -0.000100676 14.2155 3.2267e-06 -0.000206555 3.32438e-06 -1.0471 2.47852e-06 1.57081 1.19459e-07
27.969 -1.0472 -1.0471 -0.000101276 14.2155 3.24545e-06 -0.000207786 3.34372e-06 -1.0471 2.49324e-06 1.57081 1.20175e-07
27.97 -1.0472 -1.0471 -0.000101871 14.2154 3.26404e-06 -0.000209008 3.3629e-06 -1.0471 2.50786e-06 1.57081 1.20886e-07
27.971 -1.0472 -1.0471 -0.000102462 14.2154 3.28249e-06 -0.000210221 3.38193e-06 -1.0471 2.52236e-06 1.57081 1.21592e-07
27.972 -1.0472 -1.04709 -0.000103049 14.2154 3.30078e-06 -0.000211425 3.40081e-06 -1.04709 2.53676e-06 1.57081 1.22293e-07
27.973 -1.0472 -1.04709 -0.000103631 14.2153 3.31893e-06 -0.00021262 3.41953e-06 -1.04709 2.55104e-06 1.57081 1.22989e-07
27.974 -1.0472 -1.04709 -0.000104209 14.2153 3.33693e-06 -0.000213805 3.4381e-06 -1.04709 2.56522e-06 1.57081 1.23679e-07
27.975 -1.0472 -1.04709 -0.000104782 14.2152 3.35477e-06 -0.000214982 3.45651e-06 -1.04709 2.57929e-06 1.57081 1.24364e-07
27.976 -1.0472 -1.04709 -0.000105351 14.2152 3.37247e-06 -0.00021615 3.47477e-06 -1.04709 2.59325e-06 1.57081 1.25044e-07
27.977 -1.0472 -1.04709 -0.000105916 14.2152 3.39001e-06 -0.000217308 3.49288e-06 -1.04709 2.6071e-06 1.57081 1.25718e-07
27.978 -1.0472 -1.04709 -0.000106476 14.2151 3.40741e-06 -0.000218458 3.51083e-06 -1.04709 2.62084e-06 1.57081 1.26387e-07
27.979 -1.0472 -1.04709 -0.000107032 14.2151 3.42466e-06 -0.000219598 3.52863e-06 -1.04709 2.63447e-06 1.57081 1.27051e-07
27.98 -1.0472 -1.04709 -0.000107583 14.2151 3.44175e-06 -0.000220729 3.54627e-06 -1.04709 2.64799e-06 1.57081 1.2771e-07
27.981 -1.0472 -1.04709 -0.00010813 14.215 3.4587e-06 -0.000221852 3.56376e-06 -1.04709 2.6614e-06 1.57081 1.28363e-07
27.982 -1.0472 -1.04709 -0.000108672 14.215 3.4755e-06 -0.000222965 3.5811e-06 -1.04709 2.67471e-06 1.57081 1.29012e-07
27.983 -1.0472 -1.04709 -0.00010921 14.215 3.49215e-06 -0.000224069 3.59828e-06 -1.04709 2.6879e-06 1.57081 1.29654e-07
27.984 -1.0472 -1.04709 -0.000109743 14.215 3.50864e-06 -0.000225163 3.61531e-06 -1.04709 2.70098e-06 1.57081 1.30292e-07
27.985 -1.0472 -1.04709 -0.000110272 14.2149 3.52499e-06 -0.000226249 3.63218e-06 -1.04709 2.71396e-06 1.57081 1.30924e-07
27.986 -1.0472 -1.04709 -0.000110797 14.2149 3.54119e-06 -0.000227326 3.6489e-06 -1.04709 2.72682e-06 1.57081 1.31551e-07
27.987 -1.0472 -1.04709 -0.000111317 14.2149 3.55724e-06 -0.000228393 3.66547e-06 -1.04709 2.73958e-06 1.57081 1.32173e-07
27.988 -1.0472 -1.04709 -0.000111833 14.2148 3.57314e-06 -0.000229452 3.68188e-06 -1.04709 2.75222e-06 1.57081 1.3279e-07
27.989 -1.0472 -1.04709 -0.000112344 14.2148 3.58889e-06 -0.000230501 3.69814e-06 -1.04709 2.76476e-06 1.57081 1.33401e-07
27.99 -1.0472 -1.04708 -0.000112851 14.2148 3.60449e-06 -0.000231541 3.71425e-06 -1.04708 2.77718e-06 1.57081 1.34007e-07
27.991 -1.0472 -1.04708 -0.000113353 14.2148 3.61994e-06 -0.000232572 3.7302e-06 -1.04708 2.7895e-06 1.57081 1.34608e-07
27.992 -1.0472 -1.04708 -0.000113851 14.2147 3.63524e-06 -0.000233594 3.746e-06 -1.04708 2.80171e-06 1.57081 1.35203e-07
27.993 -1.0472 -1.04708 -0.000114345 14.2147 3.65039e-06 -0.000234607 3.76164e-06 -1.04708 2.8138e-06 1.57081 1.35793e-07
27.994 -1.0472 -1.04708 -0.000114834 14.2147 3.6654e-06 -0.000235611 3.77714e-06 -1.04708 2.82579e-06 1.57081 1.36378e-07
27.995 -1.0472 -1.04708 -0.000115318 14.2147 3.68025e-06 -0.000236605 3.79247e-06 -1.04708 2.83767e-06 1.57081 1.36958e-07
27.996 -1.0472 -1.04708 -0.000115799 14.2146 3.69496e-06 -0.000237591 3.80766e-06 -1.04708 2.84943e-06 1.57081 1.37532e-07
27.997 -1.0472 -1.04708 -0.000116274 14.2146 3.70951e-06 -0.000238567 3.82269e-06 -1.04708 2.86109e-06 1.57081 1.38101e-07
27.998 -1.0472 -1.04708 -0.000116746 14.2146 3.72392e-06 -0.000239535 3.83757e-06 -1.04708 2.87264e-06 1.57081 1.38665e-07
27.999 -1.0472 -1.04708 -0.000117212 14.2146 3.73818e-06 -0.000240493 3.8523e-06 -1.04708 2.88408e-06 1.57081 1.39223e-07
28 -1.0472 -1.04708 -0.000117675 14.2145 3.75229e-06 -0.000241442 3.86687e-06 -1.04708 2.89541e-06 1.57081 1.39776e-07
28.001 -1.0472 -1.04708 -0.000118133 14.2145 3.76625e-06 -0.000242382 3.8813e-06 -1.04708 2.90663e-06 1.57081 1.40324e-07
28.002 -1.0472 -1.04708 -0.000118586 14.2145 3.78007e-06 -0.000243312 3.89556e-06 -1.04708 2.91774e-06 1.57081 1.40867e-07
28.003 -1.0472 -1.04708 -0.000119035 14.2145 3.79373e-06 -0.000244234 3.90968e-06 -1.04708 2.92874e-06 1.57081 1.41404e-07
28.004 -1.0472 -1.04708 -0.00011948 14.2145 3.80725e-06 -0.000245147 3.92364e-06 -1.04708 2.93963e-06 1.57081 1.41936e-07
28.005 -1.0472 -1.04708 -0.00011992 14.2144 3.82062e-06 -0.00024605 3.93746e-06 -1.04708 2.95041e-06 1.57081 1.42463e-07
28.006 -1.0472 -1.04708 -0.000120356 14.2144 3.83384e-06 -0.000246944 3.95112e-06 -1.04708 2.96108e-06 1.57081 1.42985e-07
28.007 -1.0472 -1.04708 -0.000120787 14.2144 3.84691e-06 -0.00024783 3.96462e-06 -1.04708 2.97165e-06 1.57081 1.43501e-07
28.008 -1.0472 -1.04708 -0.000121214 14.2144 3.85984e-06 -0.000248706 3.97798e-06 -1.04708 2.9821e-06 1.57081 1.44012e-07
28.009 -1.0472 -1.04708 -0.000121637 14.2144 3.87261e-06 -0.000249573 3.99118e-06 -1.04708 2.99244e-06 1.57081 1.44517e-07
28.01 -1.0472 -1.04708 -0.000122055 14.2144 3.88524e-06 -0.000250431 4.00423e-06 -1.04708 3.00268e-06 1.57081 1.45018e-07
28.011 -1.0472 -1.04708 -0.000122468 14.2144 3.89773e-06 -0.00025128 4.01714e-06 -1.04708 3.0128e-06 1.57081 1.45513e-07
28.012 -1.0472 -1.04707 -0.000122877 14.2143 3.91006e-06 -0.00025212 4.02989e-06 -1.04707 3.02282e-06 1.57081 1.46003e-07
28.013 -1.0472 -1.04707 -0.000123282 14.2143 3.92225e-06 -0.00025295 4.04248e-06 -1.04707 3.03273e-06 1.57081 1.46488e-07
28.014 -1.0472 -1.04707 -0.000123683 14.2143 3.9343e-06 -0.000253772 4.05493e-06 -1.04707 3.04253e-06 1.57081 1.46967e-07
28.015 -1.0472 -1.04707 -0.000124078 14.2143 3.94619e-06 -0.000254585 4.06723e-06 -1.04707 3.05222e-06 1.57081 1.47441e-07
28.016 -1.0472 -1.04707 -0.00012447 14.2143 3.95794e-06 -0.000255388 4.07937e-06 -1.04707 3.0618e-06 1.57081 1.4791e-07
28.017 -1.0472 -1.04707 -0.000124857 14.2143 3.96954e-06 -0.000256183 4.09137e-06 -1.04707 3.07127e-06 1.57081 1.48373e-07
28.018 -1.0472 -1.04707 -0.00012524 14.2143 3.981e-06 -0.000256968 4.10321e-06 -1.04707 3.08063e-06 1.57081 1.48832e-07
28.019 -1.0472 -1.04707 -0.000125618 14.2143 3.99231e-06 -0.000257744 4.11491e-06 -1.04707 3.08989e-06 1.57081 1.49285e-07
28.02 -1.0472 -1.04707 -0.000125992 14.2143 4.00347e-06 -0.000258512 4.12645e-06 -1.04707 3.09903e-06 1.57081 1.49733e-07
28.021 -1.0472 -1.04707 -0.000126361 14.2143 4.01449e-06 -0.00025927 4.13785e-06 -1.04707 3.10807e-06 1.57081 1.50175e-07
28.022 -1.0472 -1.04707 -0.000126726 14.2142 4.02537e-06 -0.000260019 4.14909e-06 -1.04707 3.117e-06 1.57081 1.50613e-07
28.023 -1.0472 -1.04707 -0.000127087 14.2142 4.0361e-06 -0.00026076 4.16019e-06 -1.04707 3.12582e-06 1.57081 1.51045e-07
28.024 -1.0472 -1.04707 -0.000127443 14.2142 4.04668e-06 -0.000261491 4.17114e-06 -1.04707 3.13453e-06 1.57081 1.51472e-07
28.025 -1.0472 -1.04707 -0.000127795 14.2142 4.05712e-06 -0.000262213 4.18193e-06 -1.04707 3.14313e-06 1.57081 1.51894e-07
28.026 -1.0472 -1.04707 -0.000128143 14.2142 4.06741e-06 -0.000262926 4.19258e-06 -1.04707 3.15163e-06 1.57081 1.5231e-07
28.027 -1.0472 -1.04707 -0.000128486 14.2142 4.07756e-06 -0.00026363 4.20308e-06 -1.04707 3.16001e-06 1.57081 1.52721e-07
28.028 -1.0472 -1.04707 -0.000128824 14.2142 4.08756e-06 -0.000264326 4.21343e-06 -1.04707 3.16829e-06 1.57081 1.53127e-07
28.029 -1.0472 -1.04707 -0.000129159 14.2142 4.09742e-06 -0.000265012 4.22363e-06 -1.04707 3.17646e-06 1.57081 1.53528e-07
28.03 -1.0472 -1.04707 -0.000129489 14.2142 4.10714e-06 -0.000265689 4.23369e-06 -1.04707 3.18453e-06 1.57081 1.53924e-07
28.031 -1.0472 -1.04707 -0.000129814 14.2142 4.11671e-06 -0.000266357 4.2436e-06 -1.04707 3.19248e-06 1.57081 1.54314e-07
28.032 -1.0472 -1.04707 -0.000130136 14.2142 4.12614e-06 -0.000267017 4.25336e-06 -1.04707 3.20033e-06 1.57081 1.547e-07
28.033 -1.0472 -1.04707 -0.000130452 14.2142 4.13543e-06 -0.000267667 4.26297e-06 -1.04707 3.20807e-06 1.57081 1.5508e-07
28.034 -1.0472 -1.04707 -0.000130765 14.2142 4.14457e-06 -0.000268309 4.27243e-06 -1.04707 3.21571e-06 1.57081 1.55455e-07
28.035 -1.0472 -1.04707 -0.000131073 14.2142 4.15357e-06 -0.000268941 4.28175e-06 -1.04707 3.22323e-06 1.57081 1.55824e-07
28.036 -1.0472 -1.04707 -0.000131377 14.2142 4.16243e-06 -0.000269565 4.29092e-06 -1.04707 3.23065e-06 1.57081 1.56189e-07
28.037 -1.0472 -1.04707 -0.000131676 14.2142 4.17115e-06 -0.000270179 4.29994e-06 -1.04707 3.23797e-06 1.57081 1.56548e-07
28.038 -1.0472 -1.04707 -0.000131971 14.2142 4.17972e-06 -0.000270785 4.30882e-06 -1.04707 3.24517e-06 1.57081 1.56902e-07
28.039 -1.0472 -1.04707 -0.000132262 14.2142 4.18815e-06 -0.000271382 4.31755e-06 -1.04707 3.25227e-06 1.57081 1.57251e-07
28.04 -1.0472 -1.04707 -0.000132549 14.2142 4.19644e-06 -0.00027197 4.32614e-06 -1.04707 3.25926e-06 1.57081 1.57595e-07
28.041 -1.0472 -1.04706 -0.000132831 14.2142 4.20459e-06 -0.000272549 4.33458e-06 -1.04706 3.26615e-06 1.57081 1.57934e-07
28.042 -1.0472 -1.04706 -0.000133109 14.2142 4.21259e-06 -0.00027312 4.34288e-06 -1.04706 3.27293e-06 1.57081 1.58268e-07
28.043 -1.0472 -1.04706 -0.000133382 14.2142 4.22046e-06 -0.000273681 4.35103e-06 -1.04706 3.2796e-06 1.57081 1.58596e-07
28.044 -1.0472 -1.04706 -0.000133651 14.2142 4.22819e-06 -0.000274234 4.35903e-06 -1.04706 3.28617e-06 1.57081 1.58919e-07
28.045 -1.0472 -1.04706 -0.000133916 14.2142 4.23577e-06 -0.000274777 4.36689e-06 -1.04706 3.29263e-06 1.57081 1.59238e-07
28.046 -1.0472 -1.04706 -0.000134177 14.2142 4.24322e-06 -0.000275312 4.37461e-06 -1.04706 3.29898e-06 1.57081 1.59551e-07
28.047 -1.0472 -1.04706 -0.000134433 14.2142 4.25052e-06 -0.000275838 4.38218e-06 -1.04706 3.30523e-06 1.57081 1.59859e-07
28.048 -1.0472 -1.04706 -0.000134685 14.2143 4.25769e-06 -0.000276356 4.38961e-06 -1.04706 3.31138e-06 1.57081 1.60161e-07
28.049 -1.0472 -1.04706 -0.000134933 14.2143 4.26471e-06 -0.000276864 4.39689e-06 -1.04706 3.31742e-06 1.57081 1.60459e-07
28.05 -1.0472 -1.04706 -0.000135177 14.2143 4.2716e-06 -0.000277364 4.40404e-06 -1.04706 3.32335e-06 1.57081 1.60752e-07
28.051 -1.0472 -1.04706 -0.000135416 14.2143 4.27835e-06 -0.000277855 4.41104e-06 -1.04706 3.32918e-06 1.57081 1.61039e-07
28.052 -1.0472 -1.04706 -0.000135651 14.2143 4.28495e-06 -0.000278337 4.41789e-06 -1.04706 3.3349e-06 1.57081 1.61322e-07
28.053 -1.0472 -1.04706 -0.000135881 14.2143 4.29143e-06 -0.000278811 4.42461e-06 -1.04706 3.34052e-06 1.57081 1.61599e-07
28.054 -1.0472 -1.04706 -0.000136108 14.2143 4.29776e-06 -0.000279276 4.43118e-06 -1.04706 3.34604e-06 1.57081 1.61872e-07
28.055 -1.0472 -1.04706 -0.00013633 14.2143 4.30395e-06 -0.000279732 4.43761e-06 -1.04706 3.35144e-06 1.57081 1.62139e-07
28.056 -1.0472 -1.04706 -0.000136548 14.2143 4.31001e-06 -0.000280179 4.4439e-06 -1.04706 3.35675e-06 1.57081 1.62401e-07
28.057 -1.0472 -1.04706 -0.000136762 14.2143 4.31593e-06 -0.000280618 4.45004e-06 -1.04706 3.36195e-06 1.57081 1.62659e-07
28.058 -1.0472 -1.04706 -0.000136971 14.2144 4.32172e-06 -0.000281048 4.45605e-06 -1.04706 3.36705e-06 1.57081 1.62911e-07
28.059 -1.0472 -1.04706 -0.000137177 14.2144 4.32736e-06 -0.00028147 4.46191e-06 -1.04706 3.37204e-06 1.57081 1.63158e-07
28.06 -1.0472 -1.04706 -0.000137378 14.2144 4.33287e-06 -0.000281882 4.46764e-06 -1.04706 3.37693e-06 1.57081 1.634e-07
28.061 -1.0472 -1.04706 -0.000137575 14.2144 4.33825e-06 -0.000282287 4.47323e-06 -1.04706 3.38172e-06 1.57081 1.63637e-07
28.062 -1.0472 -1.04706 -0.000137767 14.2144 4.34349e-06 -0.000282682 4.47867e-06 -1.04706 3.3864e-06 1.57081 1.6387e-07
28.063 -1.0472 -1.04706 -0.000137956 14.2144 4.34859e-06 -0.000283069 4.48398e-06 -1.04706 3.39098e-06 1.57081 1.64097e-07
28.064 -1.0472 -1.04706 -0.00013814 14.2144 4.35356e-06 -0.000283448 4.48914e-06 -1.04706 3.39546e-06 1.57081 1.64319e-07
28.065 -1.0472 -1.04706 -0.00013832 14.2145 4.35839e-06 -0.000283817 4.49417e-06 -1.04706 3.39983e-06 1.57081 1.64536e-07
28.066 -1.0472 -1.04706 -0.000138496 14.2145 4.36309e-06 -0.000284179 4.49906e-06 -1.04706 3.40411e-06 1.57081 1.64748e-07
28.067 -1.0472 -1.04706 -0.000138668 14.2145 4.36766e-06 -0.000284531 4.50381e-06 -1.04706 3.40828e-06 1.57081 1.64956e-07
28.068 -1.0472 -1.04706 -0.000138836 14.2145 4.37209e-06 -0.000284876 4.50843e-06 -1.04706 3.41234e-06 1.57081 1.65158e-07
28.069 -1.0472 -1.04706 -0.000138999 14.2145 4.37639e-06 -0.000285211 4.5129e-06 -1.04706 3.41631e-06 1.57081 1.65355e-07
28.07 -1.0472 -1.04706 -0.000139159 14.2145 4.38056e-06 -0.000285538 4.51724e-06 -1.04706 3.42017e-06 1.57081 1.65548e-07
28.071 -1.0472 -1.04706 -0.000139314 14.2146 4.38459e-06 -0.000285857 4.52145e-06 -1.04706 3.42393e-06 1.57081 1.65735e-07
28.072 -1.0472 -1.04706 -0.000139465 14.2146 4.38849e-06 -0.000286167 4.52551e-06 -1.04706 3.4276e-06 1.57081 1.65918e-07
28.073 -1.0472 -1.04706 -0.000139612 14.2146 4.39226e-06 -0.000286469 4.52944e-06 -1.04706 3.43116e-06 1.57081 1.66096e-07
28.074 -1.0472 -1.04706 -0.000139755 14.2146 4.39589e-06 -0.000286763 4.53324e-06 -1.04706 3.43461e-06 1.57081 1.66269e-07
28.075 -1.0472 -1.04706 -0.000139894 14.2147 4.3994e-06 -0.000287048 4.53689e-06 -1.04706 3.43797e-06 1.57081 1.66437e-07
28.076 -1.0472 -1.04706 -0.000140028 14.2147 4.40277e-06 -0.000287324 4.54042e-06 -1.04706 3.44123e-06 1.57081 1.666e-07
28.077 -1.0472 -1.04706 -0.000140159 14.2147 4.40601e-06 -0.000287593 4.54381e-06 -1.04706 3.44439e-06 1.57081 1.66758e-07
28.078 -1.0472 -1.04706 -0.000140286 14.2147 4.40912e-06 -0.000287852 4.54706e-06 -1.04706 3.44744e-06 1.57081 1.66911e-07
28.079 -1.0472 -1.04706 -0.000140408 14.2147 4.41211e-06 -0.000288104 4.55018e-06 -1.04706 3.4504e-06 1.57081 1.6706e-07
28.08 -1.0472 -1.04706 -0.000140527 14.2148 4.41496e-06 -0.000288347 4.55317e-06 -1.04706 3.45326e-06 1.57081 1.67203e-07
28.081 -1.0472 -1.04706 -0.000140641 14.2148 4.41768e-06 -0.000288582 4.55602e-06 -1.04706 3.45602e-06 1.57081 1.67342e-07
28.082 -1.0472 -1.04706 -0.000140751 14.2148 4.42028e-06 -0.000288809 4.55874e-06 -1.04706 3.45867e-06 1.57081 1.67476e-07
28.083 -1.0472 -1.04706 -0.000140858 14.2148 4.42274e-06 -0.000289027 4.56133e-06 -1.04706 3.46123e-06 1.57081 1.67606e-07
28.084 -1.0472 -1.04706 -0.00014096 14.2149 4.42508e-06 -0.000289237 4.56378e-06 -1.04706 3.46369e-06 1.57081 1.6773e-07
28.085 -1.0472 -1.04706 -0.000141058 14.2149 4.42729e-06 -0.000289439 4.56611e-06 -1.04706 3.46606e-06 1.57081 1.6785e-07
28.086 -1.0472 -1.04706 -0.000141153 14.2149 4.42937e-06 -0.000289633 4.5683e-06 -1.04706 3.46832e-06 1.57081 1.67965e-07
28.087 -1.0472 -1.04706 -0.000141243 14.2149 4.43132e-06 -0.000289818 4.57036e-06 -1.04706 3.47048e-06 1.57081 1.68075e-07
28.088 -1.0472 -1.04706 -0.000141329 14.215 4.43315e-06 -0.000289996 4.57229e-06 -1.04706 3.47255e-06 1.57081 1.6818e-07
28.089 -1.0472 -1.04706 -0.000141412 14.215 4.43485e-06 -0.000290165 4.57409e-06 -1.04706 3.47452e-06 1.57081 1.68281e-07
28.09 -1.0472 -1.04706 -0.00014149 14.215 4.43642e-06 -0.000290326 4.57576e-06 -1.04706 3.47639e-06 1.57081 1.68377e-07
28.091 -1.0472 -1.04706 -0.000141565 14.2151 4.43787e-06 -0.000290479 4.5773e-06 -1.04706 3.47817e-06 1.57081 1.68468e-07
28.092 -1.0472 -1.04706 -0.000141635 14.2151 4.4392e-06 -0.000290623 4.57871e-06 -1.04706 3.47985e-06 1.57081 1.68554e-07
28.093 -1.0472 -1.04706 -0.000141702 14.2151 4.44039e-06 -0.00029076 4.57999e-06 -1.04706 3.48143e-06 1.57081 1.68636e-07
28.094 -1.0472 -1.04706 -0.000141764 14.2151 4.44147e-06 -0.000290889 4.58115e-06 -1.04706 3.48291e-06 1.57081 1.68713e-07
28.095 -1.0472 -1.04706 -0.000141823 14.2152 4.44242e-06 -0.000291009 4.58217e-06 -1.04706 3.4843e-06 1.57081 1.68786e-07
28.096 -1.0472 -1.04706 -0.000141878 14.2152 4.44324e-06 -0.000291122 4.58307e-06 -1.04706 3.4856e-06 1.57081 1.68853e-07
28.097 -1.0472 -1.04706 -0.000141929 14.2152 4.44395e-06 -0.000291227 4.58384e-06 -1.04706 3.48679e-06 1.57081 1.68916e-07
28.098 -1.0472 -1.04706 -0.000141976 14.2153 4.44452e-06 -0.000291323 4.58448e-06 -1.04706 3.48789e-06 1.57081 1.68975e-07
28.099 -1.0472 -1.04706 -0.000142019 14.2153 4.44498e-06 -0.000291412 4.585e-06 -1.04706 3.4889e-06 1.57081 1.69029e-07
28.1 -1.0472 -1.04706 -0.000142058 14.2153 4.44532e-06 -0.000291493 4.58539e-06 -1.04706 3.48981e-06 1.57081 1.69078e-07
28.101 -1.0472 -1.04706 -0.000142094 14.2154 4.44553e-06 -0.000291565 4.58566e-06 -1.04706 3.49063e-06 1.57081 1.69123e-07
28.102 -1.0472 -1.04706 -0.000142125 14.2154 4.44562e-06 -0.00029163 4.5858e-06 -1.04706 3.49135e-06 1.57081 1.69163e-07
28.103 -1.0472 -1.04706 -0.000142153 14.2154 4.44559e-06 -0.000291687 4.58581e-06 -1.04706 3.49198e-06 1.57081 1.69198e-07
28.104 -1.0472 -1.04706 -0.000142177 14.2155 4.44544e-06 -0.000291737 4.5857e-06 -1.04706 3.49251e-06 1.57081 1.69229e-07
28.105 -1.0472 -1.04706 -0.000142197 14.2155 4.44517e-06 -0.000291778 4.58547e-06 -1.04706 3.49295e-06 1.57081 1.69255e-07
28.106 -1.0472 -1.04706 -0.000142213 14.2156 4.44477e-06 -0.000291811 4.58511e-06 -1.04706 3.4933e-06 1.57081 1.69277e-07
28.107 -1.0472 -1.04706 -0.000142226 14.2156 4.44426e-06 -0.000291837 4.58463e-06 -1.04706 3.49355e-06 1.57081 1.69294e-07
28.108 -1.0472 -1.04706 -0.000142234 14.2156 4.44363e-06 -0.000291855 4.58403e-06 -1.04706 3.49371e-06 1.57081 1.69307e-07
28.109 -1.0472 -1.04706 -0.000142239 14.2157 4.44289e-06 -0.000291865 4.5833e-06 -1.04706 3.49378e-06 1.57081 1.69315e-07
28.11 -1.0472 -1.04706 -0.00014224 14.2157 4.44202e-06 -0.000291868 4.58246e-06 -1.04706 3.49375e-06 1.57081 1.69319e-07
28.111 -1.0472 -1.04706 -0.000142238 14.2157 4.44103e-06 -0.000291863 4.58149e-06 -1.04706 3.49364e-06 1.57081 1.69318e-07
28.112 -1.0472 -1.04706 -0.000142231 14.2158 4.43993e-06 -0.00029185 4.5804e-06 -1.04706 3.49343e-06 1.57081 1.69313e-07
28.113 -1.0472 -1.04706 -0.000142221 14.2158 4.43871e-06 -0.000291829 4.57919e-06 -1.04706 3.49313e-06 1.57081 1.69304e-07
28.114 -1.0472 -1.04706 -0.000142208 14.2159 4.43738e-06 -0.000291801 4.57786e-06 -1.04706 3.49274e-06 1.57081 1.69289e-07
28.115 -1.0472 -1.04706 -0.00014219 14.2159 4.43593e-06 -0.000291766 4.5764e-06 -1.04706 3.49225e-06 1.57081 1.69271e-07
28.116 -1.0472 -1.04706 -0.000142169 14.2159 4.43436e-06 -0.000291722 4.57483e-06 -1.04706 3.49168e-06 1.57081 1.69248e-07
28.117 -1.0472 -1.04706 -0.000142144 14.216 4.43267e-06 -0.000291671 4.57315e-06 -1.04706 3.49102e-06 1.57081 1.69221e-07
28.118 -1.0472 -1.04706 -0.000142116 14.216 4.43088e-06 -0.000291613 4.57134e-06 -1.04706 3.49026e-06 1.57081 1.69189e-07
28.119 -1.0472 -1.04706 -0.000142083 14.2161 4.42896e-06 -0.000291547 4.56941e-06 -1.04706 3.48942e-06 1.57081 1.69153e-07
28.12 -1.0472 -1.04706 -0.000142048 14.2161 4.42694e-06 -0.000291474 4.56737e-06 -1.04706 3.48848e-06 1.57081 1.69112e-07
28.121 -1.0472 -1.04706 -0.000142008 14.2161 4.4248e-06 -0.000291393 4.56521e-06 -1.04706 3.48746e-06 1.57081 1.69068e-07
28.122 -1.0472 -1.04706 -0.000141965 14.2162 4.42255e-06 -0.000291304 4.56293e-06 -1.04706 3.48635e-06 1.57081 1.69019e-07
28.123 -1.0472 -1.04706 -0.000141918 14.2162 4.42018e-06 -0.000291209 4.56054e-06 -1.04706 3.48515e-06 1.57081 1.68965e-07
28.124 -1.0472 -1.04706 -0.000141868 14.2163 4.4177e-06 -0.000291105 4.55803e-06 -1.04706 3.48386e-06 1.57081 1.68907e-07
28.125 -1.0472 -1.04706 -0.000141814 14.2163 4.41511e-06 -0.000290995 4.5554e-06 -1.04706 3.48248e-06 1.57081 1.68845e-07
28.126 -1.0472 -1.04706 -0.000141756 14.2164 4.41241e-06 -0.000290877 4.55266e-06 -1.04706 3.48102e-06 1.57081 1.68779e-07
28.127 -1.0472 -1.04706 -0.000141695 14.2164 4.4096e-06 -0.000290752 4.54981e-06 -1.04706 3.47946e-06 1.57081 1.68709e-07
28.128 -1.0472 -1.04706 -0.000141631 14.2164 4.40668e-06 -0.000290619 4.54684e-06 -1.04706 3.47782e-06 1.57081 1.68634e-07
28.129 -1.0472 -1.04706 -0.000141563 14.2165 4.40364e-06 -0.000290479 4.54376e-06 -1.04706 3.4761e-06 1.57081 1.68555e-07
28.13 -1.0472 -1.04706 -0.000141491 14.2165 4.4005e-06 -0.000290332 4.54056e-06 -1.04706 3.47428e-06 1.57081 1.68471e-07
28.131 -1.0472 -1.04706 -0.000141416 14.2166 4.39725e-06 -0.000290178 4.53725e-06 -1.04706 3.47238e-06 1.57081 1.68384e-07
28.132 -1.0472 -1.04706 -0.000141337 14.2166 4.39389e-06 -0.000290017 4.53383e-06 -1.04706 3.4704e-06 1.57081 1.68292e-07
28.133 -1.0472 -1.04706 -0.000141255 14.2167 4.39042e-06 -0.000289848 4.5303e-06 -1.04706 3.46833e-06 1.57081 1.68196e-07
28.134 -1.0472 -1.04706 -0.000141169 14.2167 4.38684e-06 -0.000289672 4.52666e-06 -1.04706 3.46617e-06 1.57081 1.68096e-07
28.135 -1.0472 -1.04706 -0.00014108 14.2168 4.38316e-06 -0.000289489 4.5229e-06 -1.04706 3.46393e-06 1.57081 1.67992e-07
28.136 -1.0472 -1.04706 -0.000140987 14.2168 4.37937e-06 -0.000289299 4.51904e-06 -1.04706 3.4616e-06 1.57081 1.67884e-07
28.137 -1.0472 -1.04706 -0.000140891 14.2169 4.37547e-06 -0.000289102 4.51506e-06 -1.04706 3.45919e-06 1.57081 1.67772e-07
28.138 -1.0472 -1.04706 -0.000140791 14.2169 4.37146e-06 -0.000288898 4.51098e-06 -1.04706 3.45669e-06 1.57081 1.67655e-07
28.139 -1.0472 -1.04706 -0.000140688 14.217 4.36735e-06 -0.000288687 4.50679e-06 -1.04706 3.45411e-06 1.57081 1.67535e-07
28.14 -1.0472 -1.04706 -0.000140582 14.217 4.36314e-06 -0.000288469 4.50248e-06 -1.04706 3.45145e-06 1.57081 1.6741e-07
28.141 -1.0472 -1.04706 -0.000140472 14.2171 4.35882e-06 -0.000288243 4.49807e-06 -1.04706 3.4487e-06 1.57081 1.67281e-07
28.142 -1.0472 -1.04706 -0.000140359 14.2171 4.3544e-06 -0.000288011 4.49356e-06 -1.04706 3.44587e-06 1.57081 1.67148e-07
28.143 -1.0472 -1.04706 -0.000140243 14.2172 4.34987e-06 -0.000287772 4.48893e-06 -1.04706 3.44296e-06 1.57081 1.67012e-07
28.144 -1.0472 -1.04706 -0.000140123 14.2172 4.34524e-06 -0.000287527 4.4842e-06 -1.04706 3.43996e-06 1.57081 1.66871e-07
28.145 -1.0472 -1.04706 -0.00014 14.2173 4.34051e-06 -0.000287274 4.47936e-06 -1.04706 3.43689e-06 1.57081 1.66726e-07
28.146 -1.0472 -1.04706 -0.000139873 14.2173 4.33567e-06 -0.000287014 4.47442e-06 -1.04706 3.43373e-06 1.57081 1.66577e-07
28.147 -1.0472 -1.04706 -0.000139743 14.2174 4.33073e-06 -0.000286748 4.46937e-06 -1.04706 3.43049e-06 1.57081 1.66424e-07
28.148 -1.0472 -1.04706 -0.00013961 14.2174 4.32569e-06 -0.000286475 4.46422e-06 -1.04706 3.42717e-06 1.57081 1.66268e-07
28.149 -1.0472 -1.04706 -0.000139474 14.2175 4.32055e-06 -0.000286195 4.45896e-06 -1.04706 3.42377e-06 1.57081 1.66107e-07
28.15 -1.0472 -1.04706 -0.000139334 14.2175 4.31531e-06 -0.000285908 4.4536e-06 -1.04706 3.42028e-06 1.57081 1.65943e-07
28.151 -1.0472 -1.04706 -0.000139191 14.2176 4.30997e-06 -0.000285615 4.44814e-06 -1.04706 3.41672e-06 1.57081 1.65774e-07
28.152 -1.0472 -1.04706 -0.000139044 14.2176 4.30453e-06 -0.000285315 4.44257e-06 -1.04706 3.41308e-06 1.57081 1.65602e-07
28.153 -1.0472 -1.04706 -0.000138895 14.2177 4.299e-06 -0.000285008 4.4369e-06 -1.04706 3.40936e-06 1.57081 1.65426e-07
28.154 -1.0472 -1.04706 -0.000138742 14.2177 4.29336e-06 -0.000284694 4.43113e-06 -1.04706 3.40556e-06 1.57081 1.65246e-07
28.155 -1.0472 -1.04706 -0.000138586 14.2178 4.28762e-06 -0.000284375 4.42526e-06 -1.04706 3.40168e-06 1.57081 1.65062e-07
28.156 -1.0472 -1.04706 -0.000138427 14.2178 4.28179e-06 -0.000284048 4.41928e-06 -1.04706 3.39772e-06 1.57081 1.64874e-07
28.157 -1.0472 -1.04706 -0.000138265 14.2179 4.27586e-06 -0.000283715 4.41321e-06 -1.04706 3.39369e-06 1.57081 1.64682e-07
28.158 -1.0472 -1.04706 -0.000138099 14.2179 4.26983e-06 -0.000283375 4.40704e-06 -1.04706 3.38957e-06 1.57081 1.64487e-07
28.159 -1.0472 -1.04706 -0.000137931 14.218 4.26371e-06 -0.000283029 4.40076e-06 -1.04706 3.38538e-06 1.57081 1.64288e-07
28.16 -1.0472 -1.04706 -0.000137759 14.2181 4.25749e-06 -0.000282677 4.39439e-06 -1.04706 3.38111e-06 1.57081 1.64085e-07
28.161 -1.0472 -1.04706 -0.000137584 14.2181 4.25117e-06 -0.000282318 4.38792e-06 -1.04706 3.37677e-06 1.57081 1.63878e-07
28.162 -1.0472 -1.04706 -0.000137406 14.2182 4.24477e-06 -0.000281953 4.38135e-06 -1.04706 3.37235e-06 1.57081 1.63668e-07
28.163 -1.0472 -1.04706 -0.000137225 14.2182 4.23826e-06 -0.000281581 4.37469e-06 -1.04706 3.36785e-06 1.57081 1.63454e-07
28.164 -1.0472 -1.04706 -0.00013704 14.2183 4.23167e-06 -0.000281203 4.36793e-06 -1.04706 3.36328e-06 1.57081 1.63236e-07
28.165 -1.0472 -1.04706 -0.000136853 14.2183 4.22497e-06 -0.000280819 4.36107e-06 -1.04706 3.35863e-06 1.57081 1.63015e-07
28.166 -1.0472 -1.04706 -0.000136663 14.2184 4.21819e-06 -0.000280428 4.35411e-06 -1.04706 3.35391e-06 1.57081 1.6279e-07
28.167 -1.0472 -1.04706 -0.000136469 14.2185 4.21132e-06 -0.000280031 4.34706e-06 -1.04706 3.34911e-06 1.57081 1.62561e-07
28.168 -1.0472 -1.04706 -0.000136273 14.2185 4.20435e-06 -0.000279628 4.33992e-06 -1.04706 3.34424e-06 1.57081 1.62328e-07
28.169 -1.0472 -1.04706 -0.000136073 14.2186 4.19729e-06 -0.000279219 4.33268e-06 -1.04706 3.33929e-06 1.57081 1.62092e-07
28.17 -1.0472 -1.04706 -0.000135871 14.2186 4.19014e-06 -0.000278803 4.32535e-06 -1.04706 3.33427e-06 1.57081 1.61853e-07
28.171 -1.0472 -1.04706 -0.000135665 14.2187 4.1829e-06 -0.000278382 4.31792e-06 -1.04706 3.32918e-06 1.57081 1.6161e-07
28.172 -1.0472 -1.04706 -0.000135457 14.2187 4.17557e-06 -0.000277954 4.3104e-06 -1.04706 3.32401e-06 1.57081 1.61363e-07
28.173 -1.0472 -1.04706 -0.000135245 14.2188 4.16815e-06 -0.00027752 4.30279e-06 -1.04706 3.31878e-06 1.57081 1.61113e-07
28.174 -1.0472 -1.04706 -0.000135031 14.2189 4.16064e-06 -0.00027708 4.29509e-06 -1.04706 3.31347e-06 1.57081 1.60859e-07
28.175 -1.0472 -1.04706 -0.000134813 14.2189 4.15305e-06 -0.000276634 4.28729e-06 -1.04706 3.30808e-06 1.57081 1.60601e-07
28.176 -1.0472 -1.04706 -0.000134593 14.219 4.14536e-06 -0.000276182 4.2794e-06 -1.04706 3.30263e-06 1.57081 1.60341e-07
28.177 -1.0472 -1.04706 -0.00013437 14.219 4.13759e-06 -0.000275724 4.27143e-06 -1.04706 3.2971e-06 1.57081 1.60076e-07
28.178 -1.0472 -1.04706 -0.000134144 14.2191 4.12973e-06 -0.00027526 4.26336e-06 -1.04706 3.29151e-06 1.57081 1.59809e-07
28.179 -1.0472 -1.04706 -0.000133915 14.2192 4.12179e-06 -0.000274791 4.25521e-06 -1.04706 3.28584e-06 1.57081 1.59537e-07
28.18 -1.0472 -1.04706 -0.000133683 14.2192 4.11376e-06 -0.000274315 4.24696e-06 -1.04706 3.2801e-06 1.57081 1.59263e-07
28.181 -1.0472 -1.04706 -0.000133448 14.2193 4.10564e-06 -0.000273834 4.23863e-06 -1.04706 3.2743e-06 1.57081 1.58985e-07
28.182 -1.0472 -1.04706 -0.000133211 14.2194 4.09744e-06 -0.000273346 4.23021e-06 -1.04706 3.26842e-06 1.57081 1.58703e-07
28.183 -1.0472 -1.04706 -0.000132971 14.2194 4.08915e-06 -0.000272853 4.2217e-06 -1.04706 3.26247e-06 1.57081 1.58418e-07
28.184 -1.0472 -1.04706 -0.000132727 14.2195 4.08078e-06 -0.000272354 4.21311e-06 -1.04706 3.25646e-06 1.57081 1.5813e-07
28.185 -1.0472 -1.04707 -0.000132481 14.2195 4.07233e-06 -0.00027185 4.20443e-06 -1.04707 3.25038e-06 1.57081 1.57839e-07
28.186 -1.0472 -1.04707 -0.000132233 14.2196 4.06379e-06 -0.000271339 4.19566e-06 -1.04707 3.24423e-06 1.57081 1.57544e-07
28.187 -1.0472 -1.04707 -0.000131981 14.2197 4.05518e-06 -0.000270823 4.18681e-06 -1.04707 3.23801e-06 1.57081 1.57246e-07
28.188 -1.0472 -1.04707 -0.000131727 14.2197 4.04648e-06 -0.000270302 4.17787e-06 -1.04707 3.23173e-06 1.57081 1.56944e-07
28.189 -1.0472 -1.04707 -0.00013147 14.2198 4.03769e-06 -0.000269775 4.16885e-06 -1.04707 3.22537e-06 1.57081 1.56639e-07
28.19 -1.0472 -1.04707 -0.00013121 14.2199 4.02883e-06 -0.000269242 4.15975e-06 -1.04707 3.21896e-06 1.57081 1.56332e-07
28.191 -1.0472 -1.04707 -0.000130948 14.2199 4.01989e-06 -0.000268703 4.15056e-06 -1.04707 3.21247e-06 1.57081 1.5602e-07
28.192 -1.0472 -1.04707 -0.000130683 14.22 4.01086e-06 -0.00026816 4.14129e-06 -1.04707 3.20592e-06 1.57081 1.55706e-07
28.193 -1.0472 -1.04707 -0.000130415 14.2201 4.00176e-06 -0.00026761 4.13194e-06 -1.04707 3.1993e-06 1.57081 1.55388e-07
28.194 -1.0472 -1.04707 -0.000130145 14.2201 3.99258e-06 -0.000267055 4.1225e-06 -1.04707 3.19262e-06 1.57081 1.55067e-07
28.195 -1.0472 -1.04707 -0.000129872 14.2202 3.98332e-06 -0.000266495 4.11299e-06 -1.04707 3.18588e-06 1.57081 1.54743e-07
28.196 -1.0472 -1.04707 -0.000129596 14.2202 3.97398e-06 -0.000265929 4.10339e-06 -1.04707 3.17907e-06 1.57081 1.54416e-07
28.197 -1.0472 -1.04707 -0.000129318 14.2203 3.96457e-06 -0.000265358 4.09372e-06 -1.04707 3.17219e-06 1.57081 1.54086e-07
28.198 -1.0472 -1.04707 -0.000129037 14.2204 3.95508e-06 -0.000264782 4.08396e-06 -1.04707 3.16526e-06 1.57081 1.53753e-07
28.199 -1.0472 -1.04707 -0.000128753 14.2204 3.94551e-06 -0.0002642 4.07413e-06 -1.04707 3.15826e-06 1.57081 1.53416e-07
28.2 -1.0472 -1.04707 -0.000128467 14.2205 3.93586e-06 -0.000263613 4.06421e-06 -1.04707 3.15119e-06 1.57081 1.53077e-07
28.201 -1.0472 -1.04707 -0.000128179 14.2206 3.92614e-06 -0.000263021 4.05422e-06 -1.04707 3.14407e-06 1.57081 1.52734e-07
28.202 -1.0472 -1.04707 -0.000127887 14.2206 3.91635e-06 -0.000262424 4.04415e-06 -1.04707 3.13688e-06 1.57081 1.52388e-07
28.203 -1.0472 -1.04707 -0.000127594 14.2207 3.90648e-06 -0.000261821 4.03401e-06 -1.04707 3.12963e-06 1.57081 1.5204e-07
28.204 -1.0472 -1.04707 -0.000127298 14.2208 3.89654e-06 -0.000261213 4.02379e-06 -1.04707 3.12232e-06 1.57081 1.51688e-07
28.205 -1.0472 -1.04707 -0.000126999 14.2208 3.88652e-06 -0.000260601 4.01349e-06 -1.04707 3.11494e-06 1.57081 1.51333e-07
28.206 -1.0472 -1.04707 -0.000126698 14.2209 3.87643e-06 -0.000259983 4.00312e-06 -1.04707 3.10751e-06 1.57081 1.50976e-07
28.207 -1.0472 -1.04707 -0.000126394 14.221 3.86627e-06 -0.00025936 3.99267e-06 -1.04707 3.10002e-06 1.57081 1.50615e-07
28.208 -1.0472 -1.04707 -0.000126088 14.221 3.85604e-06 -0.000258731 3.98215e-06 -1.04707 3.09247e-06 1.57081 1.50252e-07
28.209 -1.0472 -1.04707 -0.000125779 14.2211 3.84573e-06 -0.000258098 3.97155e-06 -1.04707 3.08485e-06 1.57081 1.49885e-07
28.21 -1.0472 -1.04707 -0.000125468 14.2212 3.83536e-06 -0.00025746 3.96088e-06 -1.04707 3.07718e-06 1.57081 1.49516e-07
28.211 -1.0472 -1.04707 -0.000125155 14.2212 3.82491e-06 -0.000256817 3.95014e-06 -1.04707 3.06945e-06 1.57081 1.49144e-07
28.212 -1.0472 -1.04707 -0.000124839 14.2213 3.8144e-06 -0.00025617 3.93933e-06 -1.04707 3.06166e-06 1.57081 1.48768e-07
28.213 -1.0472 -1.04707 -0.000124521 14.2214 3.80381e-06 -0.000255517 3.92844e-06 -1.04707 3.05381e-06 1.57081 1.4839e-07
28.214 -1.0472 -1.04707 -0.000124201 14.2215 3.79316e-06 -0.000254859 3.91748e-06 -1.04707 3.04591e-06 1.57081 1.4801e-07
28.215 -1.0472 -1.04707 -0.000123878 14.2215 3.78244e-06 -0.000254197 3.90645e-06 -1.04707 3.03795e-06 1.57081 1.47626e-07
28.216 -1.0472 -1.04707 -0.000123553 14.2216 3.77165e-06 -0.00025353 3.89536e-06 -1.04707 3.02993e-06 1.57081 1.4724e-07
28.217 -1.0472 -1.04707 -0.000123225 14.2217 3.76079e-06 -0.000252858 3.88419e-06 -1.04707 3.02185e-06 1.57081 1.46851e-07
28.218 -1.0472 -1.04707 -0.000122895 14.2217 3.74987e-06 -0.000252181 3.87295e-06 -1.04707 3.01372e-06 1.57081 1.46459e-07
28.219 -1.0472 -1.04707 -0.000122563 14.2218 3.73888e-06 -0.0002515 3.86165e-06 -1.04707 3.00554e-06 1.57081 1.46064e-07
28.22 -1.0472 -1.04708 -0.000122229 14.2219 3.72782e-06 -0.000250814 3.85027e-06 -1.04708 2.99729e-06 1.57081 1.45667e-07
28.221 -1.0472 -1.04708 -0.000121893 14.2219 3.7167e-06 -0.000250123 3.83883e-06 -1.04708 2.989e-06 1.57081 1.45267e-07
28.222 -1.0472 -1.04708 -0.000121554 14.222 3.70552e-06 -0.000249428 3.82733e-06 -1.04708 2.98064e-06 1.57081 1.44864e-07
28.223 -1.0472 -1.04708 -0.000121213 14.2221 3.69427e-06 -0.000248728 3.81575e-06 -1.04708 2.97224e-06 1.57081 1.44459e-07
28.224 -1.0472 -1.04708 -0.000120869 14.2222 3.68296e-06 -0.000248024 3.80411e-06 -1.04708 2.96378e-06 1.57081 1.44051e-07
28.225 -1.0472 -1.04708 -0.000120524 14.2222 3.67158e-06 -0.000247315 3.7924e-06 -1.04708 2.95526e-06 1.57081 1.4364e-07
28.226 -1.0472 -1.04708 -0.000120176 14.2223 3.66014e-06 -0.000246602 3.78063e-06 -1.04708 2.9467e-06 1.57081 1.43227e-07
28.227 -1.0472 -1.04708 -0.000119827 14.2224 3.64864e-06 -0.000245884 3.7688e-06 -1.04708 2.93808e-06 1.57081 1.42811e-07
28.228 -1.0472 -1.04708 -0.000119475 14.2224 3.63708e-06 -0.000245162 3.7569e-06 -1.04708 2.92941e-06 1.57081 1.42393e-07
28.229 -1.0472 -1.04708 -0.000119121 14.2225 3.62545e-06 -0.000244436 3.74494e-06 -1.04708 2.92068e-06 1.57081 1.41972e-07
28.23 -1.0472 -1.04708 -0.000118764 14.2226 3.61377e-06 -0.000243705 3.73291e-06 -1.04708 2.91191e-06 1.57081 1.41548e-07
28.231 -1.0472 -1.04708 -0.000118406 14.2226 3.60202e-06 -0.00024297 3.72082e-06 -1.04708 2.90308e-06 1.57081 1.41122e-07
28.232 -1.0472 -1.04708 -0.000118046 14.2227 3.59022e-06 -0.00024223 3.70868e-06 -1.04708 2.8942e-06 1.57081 1.40694e-07
28.233 -1.0472 -1.04708 -0.000117683 14.2228 3.57836e-06 -0.000241487 3.69647e-06 -1.04708 2.88527e-06 1.57081 1.40263e-07
28.234 -1.0472 -1.04708 -0.000117319 14.2229 3.56643e-06 -0.000240739 3.68419e-06 -1.04708 2.8763e-06 1.57081 1.39829e-07
28.235 -1.0472 -1.04708 -0.000116953 14.2229 3.55445e-06 -0.000239987 3.67186e-06 -1.04708 2.86727e-06 1.57081 1.39393e-07
28.236 -1.0472 -1.04708 -0.000116584 14.223 3.54242e-06 -0.000239231 3.65947e-06 -1.04708 2.85819e-06 1.57081 1.38955e-07
28.237 -1.0472 -1.04708 -0.000116213 14.2231 3.53032e-06 -0.00023847 3.64702e-06 -1.04708 2.84907e-06 1.57081 1.38514e-07
28.238 -1.0472 -1.04708 -0.000115841 14.2232 3.51817e-06 -0.000237706 3.63451e-06 -1.04708 2.83989e-06 1.57081 1.38071e-07
28.239 -1.0472 -1.04708 -0.000115467 14.2232 3.50596e-06 -0.000236938 3.62195e-06 -1.04708 2.83067e-06 1.57081 1.37626e-07
28.24 -1.0472 -1.04708 -0.00011509 14.2233 3.4937e-06 -0.000236165 3.60932e-06 -1.04708 2.8214e-06 1.57081 1.37178e-07
28.241 -1.0472 -1.04708 -0.000114712 14.2234 3.48138e-06 -0.000235389 3.59664e-06 -1.04708 2.81208e-06 1.57081 1.36728e-07
28.242 -1.0472 -1.04708 -0.000114331 14.2234 3.46901e-06 -0.000234608 3.5839e-06 -1.04708 2.80272e-06 1.57081 1.36275e-07
28.243 -1.0472 -1.04708 -0.000113949 14.2235 3.45659e-06 -0.000233824 3.57111e-06 -1.04708 2.79331e-06 1.57081 1.35821e-07
28.244 -1.0472 -1.04708 -0.000113565 14.2236 3.44411e-06 -0.000233036 3.55826e-06 -1.04708 2.78385e-06 1.57081 1.35364e-07
28.245 -1.0472 -1.04708 -0.000113179 14.2237 3.43157e-06 -0.000232244 3.54535e-06 -1.04708 2.77435e-06 1.57081 1.34904e-07
28.246 -1.0472 -1.04708 -0.000112791 14.2237 3.41899e-06 -0.000231448 3.53239e-06 -1.04708 2.7648e-06 1.57081 1.34443e-07
28.247 -1.0472 -1.04709 -0.000112401 14.2238 3.40635e-06 -0.000230648 3.51938e-06 -1.04709 2.75521e-06 1.57081 1.33979e-07
28.248 -1.0472 -1.04709 -0.00011201 14.2239 3.39366e-06 -0.000229845 3.50631e-06 -1.04709 2.74557e-06 1.57081 1.33513e-07
28.249 -1.0472 -1.04709 -0.000111617 14.224 3.38092e-06 -0.000229038 3.4932e-06 -1.04709 2.73589e-06 1.57081 1.33045e-07
28.25 -1.0472 -1.04709 -0.000111221 14.224 3.36813e-06 -0.000228227 3.48002e-06 -1.04709 2.72616e-06 1.57081 1.32575e-07
28.251 -1.0472 -1.04709 -0.000110824 14.2241 3.35529e-06 -0.000227413 3.4668e-06 -1.04709 2.71639e-06 1.57081 1.32103e-07
28.252 -1.0472 -1.04709 -0.000110426 14.2242 3.3424e-06 -0.000226594 3.45353e-06 -1.04709 2.70658e-06 1.57081 1.31628e-07
28.253 -1.0472 -1.04709 -0.000110025 14.2242 3.32946e-06 -0.000225773 3.4402e-06 -1.04709 2.69672e-06 1.57081 1.31151e-07
28.254 -1.0472 -1.04709 -0.000109623 14.2243 3.31648e-06 -0.000224947 3.42682e-06 -1.04709 2.68683e-06 1.57081 1.30673e-07
28.255 -1.0472 -1.04709 -0.000109219 14.2244 3.30344e-06 -0.000224118 3.4134e-06 -1.04709 2.67689e-06 1.57081 1.30192e-07
28.256 -1.0472 -1.04709 -0.000108813 14.2245 3.29036e-06 -0.000223286 3.39992e-06 -1.04709 2.66691e-06 1.57081 1.29709e-07
28.257 -1.0472 -1.04709 -0.000108406 14.2245 3.27723e-06 -0.00022245 3.3864e-06 -1.04709 2.65688e-06 1.57081 1.29224e-07
28.258 -1.0472 -1.04709 -0.000107997 14.2246 3.26405e-06 -0.000221611 3.37283e-06 -1.04709 2.64682e-06 1.57081 1.28737e-07
28.259 -1.0472 -1.04709 -0.000107586 14.2247 3.25083e-06 -0.000220768 3.35921e-06 -1.04709 2.63672e-06 1.57081 1.28249e-07
28.26 -1.0472 -1.04709 -0.000107174 14.2248 3.23756e-06 -0.000219922 3.34554e-06 -1.04709 2.62657e-06 1.57081 1.27758e-07
28.261 -1.0472 -1.04709 -0.00010676 14.2248 3.22425e-06 -0.000219073 3.33183e-06 -1.04709 2.61639e-06 1.57081 1.27265e-07
28.262 -1.0472 -1.04709 -0.000106345 14.2249 3.21089e-06 -0.00021822 3.31807e-06 -1.04709 2.60617e-06 1.57081 1.2677e-07
28.263 -1.0472 -1.04709 -0.000105927 14.225 3.19749e-06 -0.000217364 3.30426e-06 -1.04709 2.5959e-06 1.57081 1.26274e-07
28.264 -1.0472 -1.04709 -0.000105509 14.2251 3.18405e-06 -0.000216505 3.29041e-06 -1.04709 2.5856e-06 1.57081 1.25775e-07
28.265 -1.0472 -1.04709 -0.000105088 14.2251 3.17056e-06 -0.000215642 3.27652e-06 -1.04709 2.57526e-06 1.57081 1.25275e-07
28.266 -1.0472 -1.04709 -0.000104666 14.2252 3.15703e-06 -0.000214777 3.26258e-06 -1.04709 2.56489e-06 1.57081 1.24772e-07
28.267 -1.0472 -1.04709 -0.000104243 14.2253 3.14346e-06 -0.000213908 3.24859e-06 -1.04709 2.55448e-06 1.57081 1.24268e-07
28.268 -1.0472 -1.04709 -0.000103818 14.2254 3.12985e-06 -0.000213036 3.23457e-06 -1.04709 2.54402e-06 1.57081 1.23762e-07
28.269 -1.0472 -1.04709 -0.000103392 14.2254 3.11619e-06 -0.000212161 3.2205e-06 -1.04709 2.53354e-06 1.57081 1.23254e-07
28.27 -1.0472 -1.04709 -0.000102964 14.2255 3.1025e-06 -0.000211283 3.20639e-06 -1.04709 2.52301e-06 1.57081 1.22745e-07
28.271 -1.0472 -1.0471 -0.000102534 14.2256 3.08876e-06 -0.000210402 3.19224e-06 -1.0471 2.51246e-06 1.57081 1.22234e-07
28.272 -1.0472 -1.0471 -0.000102104 14.2257 3.07499e-06 -0.000209518 3.17804e-06 -1.0471 2.50186e-06 1.57081 1.2172e-07
28.273 -1.0472 -1.0471 -0.000101671 14.2257 3.06118e-06 -0.000208631 3.16381e-06 -1.0471 2.49123e-06 1.57081 1.21206e-07
28.274 -1.0472 -1.0471 -0.000101237 14.2258 3.04733e-06 -0.000207741 3.14954e-06 -1.0471 2.48057e-06 1.57081 1.20689e-07
28.275 -1.0472 -1.0471 -0.000100802 14.2259 3.03344e-06 -0.000206848 3.13522e-06 -1.0471 2.46987e-06 1.57081 1.20171e-07
28.276 -1.0472 -1.0471 -0.000100366 14.226 3.01951e-06 -0.000205952 3.12087e-06 -1.0471 2.45914e-06 1.57081 1.19651e-07
28.277 -1.0472 -1.0471 -9.99279e-05 14.226 3.00555e-06 -0.000205054 3.10648e-06 -1.0471 2.44837e-06 1.57081 1.1913e-07
28.278 -1.0472 -1.0471 -9.94886e-05 14.2261 2.99155e-06 -0.000204152 3.09205e-06 -1.0471 2.43757e-06 1.57081 1.18606e-07
28.279 -1.0472 -1.0471 -9.9048e-05 14.2262 2.97751e-06 -0.000203248 3.07759e-06 -1.0471 2.42674e-06 1.57081 1.18082e-07
28.28 -1.0472 -1.0471 -9.8606e-05 14.2263 2.96344e-06 -0.000202341 3.06308e-06 -1.0471 2.41587e-06 1.5708 1.17555e-07
28.281 -1.0472 -1.0471 -9.81627e-05 14.2263 2.94933e-06 -0.000201432 3.04854e-06 -1.0471 2.40498e-06 1.5708 1.17027e-07
28.282 -1.0472 -1.0471 -9.77182e-05 14.2264 2.93519e-06 -0.000200519 3.03397e-06 -1.0471 2.39405e-06 1.5708 1.16498e-07
28.283 -1.0472 -1.0471 -9.72723e-05 14.2265 2.92101e-06 -0.000199604 3.01936e-06 -1.0471 2.38309e-06 1.5708 1.15966e-07
28.284 -1.0472 -1.0471 -9.68251e-05 14.2266 2.9068e-06 -0.000198687 3.00471e-06 -1.0471 2.3721e-06 1.5708 1.15434e-07
28.285 -1.0472 -1.0471 -9.63767e-05 14.2267 2.89256e-06 -0.000197767 2.99003e-06 -1.0471 2.36108e-06 1.5708 1.149e-07
28.286 -1.0472 -1.0471 -9.59271e-05 14.2267 2.87828e-06 -0.000196844 2.97531e-06 -1.0471 2.35003e-06 1.5708 1.14364e-07
28.287 -1.0472 -1.0471 -9.54762e-05 14.2268 2.86398e-06 -0.000195919 2.96057e-06 -1.0471 2.33895e-06 1.5708 1.13827e-07
28.288 -1.0472 -1.0471 -9.50241e-05 14.2269 2.84964e-06 -0.000194991 2.94578e-06 -1.0471 2.32784e-06 1.5708 1.13288e-07
28.289 -1.0472 -1.0471 -9.45709e-05 14.227 2.83527e-06 -0.000194061 2.93097e-06 -1.0471 2.3167e-06 1.5708 1.12748e-07
28.29 -1.0472 -1.0471 -9.41164e-05 14.227 2.82087e-06 -0.000193129 2.91612e-06 -1.0471 2.30553e-06 1.5708 1.12207e-07
28.291 -1.0472 -1.0471 -9.36608e-05 14.2271 2.80643e-06 -0.000192194 2.90125e-06 -1.0471 2.29434e-06 1.5708 1.11664e-07
28.292 -1.0472 -1.0471 -9.3204e-05 14.2272 2.79197e-06 -0.000191257 2.88634e-06 -1.0471 2.28311e-06 1.5708 1.1112e-07
28.293 -1.0472 -1.0471 -9.27461e-05 14.2273 2.77748e-06 -0.000190317 2.8714e-06 -1.0471 2.27186e-06 1.5708 1.10574e-07
28.294 -1.0472 -1.04711 -9.22871e-05 14.2273 2.76296e-06 -0.000189375 2.85643e-06 -1.04711 2.26059e-06 1.5708 1.10028e-07
28.295 -1.0472 -1.04711 -9.1827e-05 14.2274 2.74842e-06 -0.000188431 2.84143e-06 -1.04711 2.24928e-06 1.5708 1.09479e-07
28.296 -1.0472 -1.04711 -9.13658e-05 14.2275 2.73384e-06 -0.000187485 2.82641e-06 -1.04711 2.23795e-06 1.5708 1.0893e-07
28.297 -1.0472 -1.04711 -9.09035e-05 14.2276 2.71924e-06 -0.000186536 2.81135e-06 -1.04711 2.22659e-06 1.5708 1.08379e-07
28.298 -1.0472 -1.04711 -9.04402e-05 14.2276 2.70461e-06 -0.000185585 2.79627e-06 -1.04711 2.21521e-06 1.5708 1.07827e-07
28.299 -1.0472 -1.04711 -8.99758e-05 14.2277 2.68995e-06 -0.000184632 2.78115e-06 -1.04711 2.2038e-06 1.5708 1.07274e-07
28.3 -1.0472 -1.04711 -8.95104e-05 14.2278 2.67527e-06 -0.000183677 2.76602e-06 -1.04711 2.19237e-06 1.5708 1.06719e-07
28.301 -1.0472 -1.04711 -8.9044e-05 14.2279 2.66056e-06 -0.00018272 2.75085e-06 -1.04711 2.18091e-06 1.5708 1.06163e-07
28.302 -1.0472 -1.04711 -8.85766e-05 14.2279 2.64583e-06 -0.000181761 2.73566e-06 -1.04711 2.16943e-06 1.5708 1.05606e-07
28.303 -1.0472 -1.04711 -8.81082e-05 14.228 2.63107e-06 -0.0001808 2.72044e-06 -1.04711 2.15793e-06 1.5708 1.05048e-07
28.304 -1.0472 -1.04711 -8.76388e-05 14.2281 2.61629e-06 -0.000179837 2.7052e-06 -1.04711 2.1464e-06 1.5708 1.04489e-07
28.305 -1.0472 -1.04711 -8.71685e-05 14.2282 2.60149e-06 -0.000178872 2.68993e-06 -1.04711 2.13485e-06 1.5708 1.03928e-07
28.306 -1.0472 -1.04711 -8.66972e-05 14.2282 2.58666e-06 -0.000177905 2.67464e-06 -1.04711 2.12327e-06 1.5708 1.03367e-07
28.307 -1.0472 -1.04711 -8.62251e-05 14.2283 2.57181e-06 -0.000176936 2.65933e-06 -1.04711 2.11168e-06 1.5708 1.02804e-07
28.308 -1.0472 -1.04711 -8.5752e-05 14.2284 2.55694e-06 -0.000175966 2.64399e-06 -1.04711 2.10006e-06 1.5708 1.0224e-07
28.309 -1.0472 -1.04711 -8.5278e-05 14.2285 2.54204e-06 -0.000174993 2.62863e-06 -1.04711 2.08842e-06 1.5708 1.01675e-07
28.31 -1.0472 -1.04711 -8.48032e-05 14.2285 2.52713e-06 -0.000174019 2.61325e-06 -1.04711 2.07676e-06 1.5708 1.01109e-07
28.311 -1.0472 -1.04711 -8.43275e-05 14.2286 2.51219e-06 -0.000173043 2.59784e-06 -1.04711 2.06508e-06 1.5708 1.00542e-07
28.312 -1.0472 -1.04711 -8.3851e-05 14.2287 2.49723e-06 -0.000172065 2.58242e-06 -1.04711 2.05338e-06 1.5708 9.99743e-08
28.313 -1.0472 -1.04711 -8.33736e-05 14.2288 2.48226e-06 -0.000171085 2.56697e-06 -1.04711 2.04166e-06 1.5708 9.94053e-08
28.314 -1.0472 -1.04711 -8.28954e-05 14.2288 2.46726e-06 -0.000170104 2.5515e-06 -1.04711 2.02992e-06 1.5708 9.88354e-08
28.315 -1.0472 -1.04712 -8.24164e-05 14.2289 2.45225e-06 -0.000169121 2.53602e-06 -1.04712 2.01815e-06 1.5708 9.82645e-08
28.316 -1.0472 -1.04712 -8.19367e-05 14.229 2.43721e-06 -0.000168137 2.52051e-06 -1.04712 2.00638e-06 1.5708 9.76926e-08
28.317 -1.0472 -1.04712 -8.14561e-05 14.2291 2.42216e-06 -0.000167151 2.50499e-06 -1.04712 1.99458e-06 1.5708 9.71198e-08
28.318 -1.0472 -1.04712 -8.09748e-05 14.2291 2.40709e-06 -0.000166163 2.48944e-06 -1.04712 1.98276e-06 1.5708 9.65461e-08
28.319 -1.0472 -1.04712 -8.04928e-05 14.2292 2.39201e-06 -0.000165174 2.47388e-06 -1.04712 1.97093e-06 1.5708 9.59715e-08
28.32 -1.0472 -1.04712 -8.001e-05 14.2293 2.3769e-06 -0.000164183 2.4583e-06 -1.04712 1.95908e-06 1.5708 9.5396e-08
28.321 -1.0472 -1.04712 -7.95266e-05 14.2294 2.36178e-06 -0.000163191 2.44271e-06 -1.04712 1.94721e-06 1.5708 9.48197e-08
28.322 -1.0472 -1.04712 -7.90424e-05 14.2294 2.34665e-06 -0.000162198 2.42709e-06 -1.04712 1.93532e-06 1.5708 9.42425e-08
28.323 -1.0472 -1.04712 -7.85576e-05 14.2295 2.3315e-06 -0.000161203 2.41146e-06 -1.04712 1.92342e-06 1.5708 9.36645e-08
28.324 -1.0472 -1.04712 -7.8072e-05 14.2296 2.31633e-06 -0.000160207 2.39582e-06 -1.04712 1.9115e-06 1.5708 9.30857e-08
28.325 -1.0472 -1.04712 -7.75859e-05 14.2297 2.30115e-06 -0.000159209 2.38016e-06 -1.04712 1.89957e-06 1.5708 9.25061e-08
28.326 -1.0472 -1.04712 -7.70991e-05 14.2297 2.28596e-06 -0.00015821 2.36449e-06 -1.04712 1.88762e-06 1.5708 9.19258e-08
28.327 -1.0472 -1.04712 -7.66117e-05 14.2298 2.27075e-06 -0.00015721 2.3488e-06 -1.04712 1.87566e-06 1.5708 9.13447e-08
28.328 -1.0472 -1.04712 -7.61236e-05 14.2299 2.25553e-06 -0.000156209 2.3331e-06 -1.04712 1.86368e-06 1.5708 9.07628e-08
28.329 -1.0472 -1.04712 -7.5635e-05 14.23 2.2403e-06 -0.000155206 2.31738e-06 -1.04712 1.85169e-06 1.5708 9.01803e-08
28.33 -1.0472 -1.04712 -7.51458e-05 14.23 2.22506e-06 -0.000154202 2.30165e-06 -1.04712 1.83968e-06 1.5708 8.9597e-08
28.331 -1.0472 -1.04712 -7.4656e-05 14.2301 2.2098e-06 -0.000153197 2.28591e-06 -1.04712 1.82766e-06 1.5708 8.90131e-08
28.332 -1.0472 -1.04712 -7.41657e-05 14.2302 2.19453e-06 -0.000152191 2.27016e-06 -1.04712 1.81563e-06 1.5708 8.84285e-08
28.333 -1.0472 -1.04712 -7.36749e-05 14.2303 2.17925e-06 -0.000151184 2.25439e-06 -1.04712 1.80358e-06 1.5708 8.78432e-08
28.334 -1.0472 -1.04712 -7.31835e-05 14.2303 2.16396e-06 -0.000150176 2.23862e-06 -1.04712 1.79152e-06 1.5708 8.72573e-08
28.335 -1.0472 -1.04712 -7.26916e-05 14.2304 2.14866e-06 -0.000149166 2.22283e-06 -1.04712 1.77945e-06 1.5708 8.66709e-08
28.336 -1.0472 -1.04713 -7.21992e-05 14.2305 2.13335e-06 -0.000148156 2.20703e-06 -1.04713 1.76737e-06 1.5708 8.60838e-08
28.337 -1.0472 -1.04713 -7.17064e-05 14.2306 2.11803e-06 -0.000147145 2.19123e-06 -1.04713 1.75528e-06 1.5708 8.54961e-08
28.338 -1.0472 -1.04713 -7.12131e-05 14.2306 2.10271e-06 -0.000146133 2.17541e-06 -1.04713 1.74317e-06 1.5708 8.49079e-08
28.339 -1.0472 -1.04713 -7.07193e-05 14.2307 2.08737e-06 -0.000145119 2.15959e-06 -1.04713 1.73106e-06 1.5708 8.43191e-08
28.34 -1.0472 -1.04713 -7.02251e-05 14.2308 2.07203e-06 -0.000144105 2.14375e-06 -1.04713 1.71893e-06 1.5708 8.37298e-08
28.341 -1.0472 -1.04713 -6.97305e-05 14.2309 2.05668e-06 -0.00014309 2.12791e-06 -1.04713 1.7068e-06 1.5708 8.314e-08
28.342 -1.0472 -1.04713 -6.92355e-05 14.2309 2.04132e-06 -0.000142075 2.11207e-06 -1.04713 1.69465e-06 1.5708 8.25497e-08
28.343 -1.0472 -1.04713 -6.87401e-05 14.231 2.02596e-06 -0.000141058 2.09621e-06 -1.04713 1.6825e-06 1.5708 8.1959e-08
28.344 -1.0472 -1.04713 -6.82443e-05 14.2311 2.01059e-06 -0.000140041 2.08035e-06 -1.04713 1.67034e-06 1.5708 8.13677e-08
28.345 -1.0472 -1.04713 -6.77482e-05 14.2312 1.99521e-06 -0.000139023 2.06448e-06 -1.04713 1.65817e-06 1.5708 8.07761e-08
28.346 -1.0472 -1.04713 -6.72517e-05 14.2312 1.97983e-06 -0.000138004 2.04861e-06 -1.04713 1.64599e-06 1.5708 8.0184e-08
28.347 -1.0472 -1.04713 -6.67548e-05 14.2313 1.96444e-06 -0.000136985 2.03273e-06 -1.04713 1.6338e-06 1.5708 7.95915e-08
28.348 -1.0472 -1.04713 -6.62577e-05 14.2314 1.94905e-06 -0.000135964 2.01684e-06 -1.04713 1.6216e-06 1.5708 7.89986e-08
28.349 -1.0472 -1.04713 -6.57602e-05 14.2315 1.93366e-06 -0.000134944 2.00096e-06 -1.04713 1.6094e-06 1.5708 7.84053e-08
28.35 -1.0472 -1.04713 -6.52625e-05 14.2315 1.91826e-06 -0.000133922 1.98506e-06 -1.04713 1.59719e-06 1.5708 7.78117e-08
28.351 -1.0472 -1.04713 -6.47644e-05 14.2316 1.90286e-06 -0.0001329 1.96917e-06 -1.04713 1.58497e-06 1.5708 7.72177e-08
28.352 -1.0472 -1.04713 -6.42661e-05 14.2317 1.88745e-06 -0.000131878 1.95327e-06 -1.04713 1.57275e-06 1.5708 7.66235e-08
28.353 -1.0472 -1.04713 -6.37676e-05 14.2317 1.87205e-06 -0.000130855 1.93737e-06 -1.04713 1.56052e-06 1.5708 7.60289e-08
28.354 -1.0472 -1.04713 -6.32688e-05 14.2318 1.85664e-06 -0.000129832 1.92146e-06 -1.04713 1.54829e-06 1.5708 7.5434e-08
28.355 -1.0472 -1.04713 -6.27698e-05 14.2319 1.84123e-06 -0.000128808 1.90556e-06 -1.04713 1.53605e-06 1.5708 7.48388e-08
28.356 -1.0472 -1.04714 -6.22706e-05 14.232 1.82582e-06 -0.000127783 1.88965e-06 -1.04714 1.52381e-06 1.5708 7.42434e-08
28.357 -1.0472 -1.04714 -6.17712e-05 14.232 1.81041e-06 -0.000126759 1.87374e-06 -1.04714 1.51156e-06 1.5708 7.36477e-08
28.358 -1.0472 -1.04714 -6.12716e-05 14.2321 1.79499e-06 -0.000125733 1.85783e-06 -1.04714 1.49931e-06 1.5708 7.30519e-08
28.359 -1.0472 -1.04714 -6.07718e-05 14.2322 1.77958e-06 -0.000124708 1.84192e-06 -1.04714 1.48705e-06 1.5708 7.24558e-08
28.36 -1.0472 -1.04714 -6.02719e-05 14.2322 1.76417e-06 -0.000123682 1.82601e-06 -1.04714 1.47479e-06 1.5708 7.18595e-08
28.361 -1.0472 -1.04714 -5.97718e-05 14.2323 1.74876e-06 -0.000122656 1.81011e-06 -1.04714 1.46253e-06 1.5708 7.1263e-08
28.362 -1.0472 -1.04714 -5.92716e-05 14.2324 1.73335e-06 -0.00012163 1.7942e-06 -1.04714 1.45027e-06 1.5708 7.06664e-08
28.363 -1.0472 -1.04714 -5.87713e-05 14.2325 1.71794e-06 -0.000120603 1.77829e-06 -1.04714 1.438e-06 1.5708 7.00697e-08
28.364 -1.0472 -1.04714 -5.82709e-05 14.2325 1.70254e-06 -0.000119576 1.76239e-06 -1.04714 1.42573e-06 1.5708 6.94728e-08
28.365 -1.0472 -1.04714 -5.77704e-05 14.2326 1.68714e-06 -0.000118549 1.74649e-06 -1.04714 1.41346e-06 1.5708 6.88758e-08
28.366 -1.0472 -1.04714 -5.72699e-05 14.2327 1.67173e-06 -0.000117522 1.73059e-06 -1.04714 1.40118e-06 1.5708 6.82787e-08
28.367 -1.0472 -1.04714 -5.67693e-05 14.2327 1.65634e-06 -0.000116495 1.71469e-06 -1.04714 1.38891e-06 1.5708 6.76815e-08
28.368 -1.0472 -1.04714 -5.62686e-05 14.2328 1.64095e-06 -0.000115468 1.6988e-06 -1.04714 1.37663e-06 1.5708 6.70843e-08
28.369 -1.0472 -1.04714 -5.57679e-05 14.2329 1.62556e-06 -0.00011444 1.68291e-06 -1.04714 1.36436e-06 1.5708 6.6487e-08
28.37 -1.0472 -1.04714 -5.52672e-05 14.233 1.61017e-06 -0.000113413 1.66703e-06 -1.04714 1.35208e-06 1.5708 6.58897e-08
28.371 -1.0472 -1.04714 -5.47664e-05 14.233 1.59479e-06 -0.000112386 1.65115e-06 -1.04714 1.33981e-06 1.5708 6.52923e-08
28.372 -1.0472 -1.04714 -5.42657e-05 14.2331 1.57942e-06 -0.000111358 1.63528e-06 -1.04714 1.32753e-06 1.5708 6.4695e-08
28.373 -1.0472 -1.04714 -5.3765e-05 14.2332 1.56405e-06 -0.000110331 1.61941e-06 -1.04714 1.31526e-06 1.5708 6.40977e-08
28.374 -1.0472 -1.04714 -5.32643e-05 14.2332 1.54869e-06 -0.000109303 1.60355e-06 -1.04714 1.30298e-06 1.5708 6.35004e-08
28.375 -1.0472 -1.04714 -5.27637e-05 14.2333 1.53333e-06 -0.000108276 1.58769e-06 -1.04714 1.29071e-06 1.5708 6.29032e-08
28.376 -1.0472 -1.04715 -5.22632e-05 14.2334 1.51798e-06 -0.000107249 1.57184e-06 -1.04715 1.27844e-06 1.5708 6.2306e-08
28.377 -1.0472 -1.04715 -5.17627e-05 14.2335 1.50264e-06 -0.000106222 1.556e-06 -1.04715 1.26617e-06 1.5708 6.17089e-08
28.378 -1.0472 -1.04715 -5.12623e-05 14.2335 1.4873e-06 -0.000105195 1.54017e-06 -1.04715 1.2539e-06 1.5708 6.11119e-08
28.379 -1.0472 -1.04715 -5.07619e-05 14.2336 1.47198e-06 -0.000104169 1.52434e-06 -1.04715 1.24164e-06 1.5708 6.0515e-08
28.38 -1.0472 -1.04715 -5.02617e-05 14.2337 1.45666e-06 -0.000103142 1.50852e-06 -1.04715 1.22938e-06 1.5708 5.99183e-08
28.381 -1.0472 -1.04715 -4.97617e-05 14.2337 1.44135e-06 -0.000102116 1.49271e-06 -1.04715 1.21712e-06 1.5708 5.93217e-08
28.382 -1.0472 -1.04715 -4.92617e-05 14.2338 1.42605e-06 -0.00010109 1.47691e-06 -1.04715 1.20487e-06 1.5708 5.87252e-08
28.383 -1.0472 -1.04715 -4.87619e-05 14.2339 1.41076e-06 -0.000100065 1.46112e-06 -1.04715 1.19262e-06 1.5708 5.81289e-08
28.384 -1.0472 -1.04715 -4.82623e-05 14.2339 1.39548e-06 -9.90397e-05 1.44534e-06 -1.04715 1.18038e-06 1.5708 5.75328e-08
28.385 -1.0472 -1.04715 -4.77628e-05 14.234 1.3802e-06 -9.80149e-05 1.42957e-06 -1.04715 1.16813e-06 1.5708 5.69369e-08
28.386 -1.0472 -1.04715 -4.72636e-05 14.2341 1.36494e-06 -9.69904e-05 1.41381e-06 -1.04715 1.1559e-06 1.5708 5.63412e-08
28.387 -1.0472 -1.04715 -4.67645e-05 14.2341 1.34969e-06 -9.59664e-05 1.39806e-06 -1.04715 1.14367e-06 1.5708 5.57458e-08
28.388 -1.0472 -1.04715 -4.62656e-05 14.2342 1.33446e-06 -9.49428e-05 1.38233e-06 -1.04715 1.13144e-06 1.5708 5.51506e-08
28.389 -1.0472 -1.04715 -4.5767e-05 14.2343 1.31923e-06 -9.39197e-05 1.3666e-06 -1.04715 1.11922e-06 1.5708 5.45556e-08
28.39 -1.0472 -1.04715 -4.52686e-05 14.2343 1.30401e-06 -9.2897e-05 1.35089e-06 -1.04715 1.10701e-06 1.5708 5.39609e-08
28.391 -1.0472 -1.04715 -4.47705e-05 14.2344 1.28881e-06 -9.18749e-05 1.33519e-06 -1.04715 1.0948e-06 1.5708 5.33666e-08
28.392 -1.0472 -1.04715 -4.42726e-05 14.2345 1.27362e-06 -9.08533e-05 1.3195e-06 -1.04715 1.0826e-06 1.5708 5.27725e-08
28.393 -1.0472 -1.04715 -4.3775e-05 14.2345 1.25844e-06 -8.98322e-05 1.30382e-06 -1.04715 1.07041e-06 1.5708 5.21787e-08
28.394 -1.0472 -1.04715 -4.32776e-05 14.2346 1.24328e-06 -8.88118e-05 1.28816e-06 -1.04715 1.05822e-06 1.5708 5.15853e-08
28.395 -1.0472 -1.04715 -4.27806e-05 14.2347 1.22813e-06 -8.7792e-05 1.27252e-06 -1.04715 1.04605e-06 1.5708 5.09923e-08
28.396 -1.0472 -1.04716 -4.22839e-05 14.2347 1.213e-06 -8.67728e-05 1.25688e-06 -1.04716 1.03388e-06 1.5708 5.03996e-08
28.397 -1.0472 -1.04716 -4.17875e-05 14.2348 1.19788e-06 -8.57542e-05 1.24127e-06 -1.04716 1.02171e-06 1.5708 4.98073e-08
28.398 -1.0472 -1.04716 -4.12915e-05 14.2349 1.18277e-06 -8.47364e-05 1.22566e-06 -1.04716 1.00956e-06 1.5708 4.92153e-08
28.399 -1.0472 -1.04716 -4.07958e-05 14.2349 1.16768e-06 -8.37193e-05 1.21008e-06 -1.04716 9.97415e-07 1.5708 4.86238e-08
28.4 -1.0472 -1.04716 -4.03004e-05 14.235 1.15261e-06 -8.27029e-05 1.1945e-06 -1.04716 9.85279e-07 1.5708 4.80327e-08
28.401 -1.0472 -1.04716 -3.98054e-05 14.2351 1.13755e-06 -8.16873e-05 1.17895e-06 -1.04716 9.73152e-07 1.5708 4.74421e-08
28.402 -1.0472 -1.04716 -3.93109e-05 14.2351 1.1225e-06 -8.06724e-05 1.16341e-06 -1.04716 9.61035e-07 1.5708 4.68519e-08
28.403 -1.0472 -1.04716 -3.88167e-05 14.2352 1.10748e-06 -7.96584e-05 1.14789e-06 -1.04716 9.48929e-07 1.5708 4.62622e-08
28.404 -1.0472 -1.04716 -3.83229e-05 14.2353 1.09247e-06 -7.86452e-05 1.13238e-06 -1.04716 9.36832e-07 1.5708 4.56729e-08
28.405 -1.0472 -1.04716 -3.78295e-05 14.2353 1.07748e-06 -7.76329e-05 1.1169e-06 -1.04716 9.24746e-07 1.5708 4.50842e-08
28.406 -1.0472 -1.04716 -3.73366e-05 14.2354 1.0625e-06 -7.66214e-05 1.10143e-06 -1.04716 9.12671e-07 1.5708 4.44959e-08
28.407 -1.0472 -1.04716 -3.68441e-05 14.2355 1.04755e-06 -7.56109e-05 1.08598e-06 -1.04716 9.00607e-07 1.5708 4.39082e-08
28.408 -1.0472 -1.04716 -3.6352e-05 14.2355 1.03261e-06 -7.46013e-05 1.07055e-06 -1.04716 8.88554e-07 1.5708 4.3321e-08
28.409 -1.0472 -1.04716 -3.58605e-05 14.2356 1.01769e-06 -7.35927e-05 1.05513e-06 -1.04716 8.76513e-07 1.5708 4.27344e-08
28.41 -1.0472 -1.04716 -3.53694e-05 14.2357 1.00279e-06 -7.2585e-05 1.03974e-06 -1.04716 8.64484e-07 1.5708 4.21483e-08
28.411 -1.0472 -1.04716 -3.48788e-05 14.2357 9.87906e-07 -7.15784e-05 1.02436e-06 -1.04716 8.52467e-07 1.5708 4.15628e-08
28.412 -1.0472 -1.04716 -3.43887e-05 14.2358 9.73044e-07 -7.05727e-05 1.00901e-06 -1.04716 8.40463e-07 1.5708 4.09779e-08
28.413 -1.0472 -1.04716 -3.38991e-05 14.2359 9.58202e-07 -6.95682e-05 9.93677e-07 -1.04716 8.28471e-07 1.5708 4.03936e-08
28.414 -1.0472 -1.04716 -3.341e-05 14.2359 9.43381e-07 -6.85647e-05 9.78365e-07 -1.04716 8.16493e-07 1.5708 3.98099e-08
28.415 -1.0472 -1.04716 -3.29215e-05 14.236 9.2858e-07 -6.75622e-05 9.63073e-07 -1.04716 8.04527e-07 1.5708 3.92269e-08
28.416 -1.0472 -1.04717 -3.24335e-05 14.236 9.138e-07 -6.6561e-05 9.47803e-07 -1.04717 7.92576e-07 1.5708 3.86445e-08
28.417 -1.0472 -1.04717 -3.1946e-05 14.2361 8.99041e-07 -6.55608e-05 9.32554e-07 -1.04717 7.80639e-07 1.5708 3.80628e-08
28.418 -1.0472 -1.04717 -3.14592e-05 14.2362 8.84304e-07 -6.45619e-05 9.17327e-07 -1.04717 7.68715e-07 1.5708 3.74817e-08
28.419 -1.0472 -1.04717 -3.09729e-05 14.2362 8.69589e-07 -6.35641e-05 9.02123e-07 -1.04717 7.56806e-07 1.5708 3.69014e-08
28.42 -1.0472 -1.04717 -3.04872e-05 14.2363 8.54896e-07 -6.25675e-05 8.86942e-07 -1.04717 7.44912e-07 1.5708 3.63217e-08
28.421 -1.0472 -1.04717 -3.00021e-05 14.2364 8.40225e-07 -6.15722e-05 8.71783e-07 -1.04717 7.33033e-07 1.5708 3.57427e-08
28.422 -1.0472 -1.04717 -2.95176e-05 14.2364 8.25577e-07 -6.05781e-05 8.56648e-07 -1.04717 7.21169e-07 1.5708 3.51645e-08
28.423 -1.0472 -1.04717 -2.90338e-05 14.2365 8.10953e-07 -5.95853e-05 8.41537e-07 -1.04717 7.09321e-07 1.5708 3.4587e-08
28.424 -1.0472 -1.04717 -2.85506e-05 14.2365 7.96351e-07 -5.85939e-05 8.26449e-07 -1.04717 6.97488e-07 1.5708 3.40103e-08
28.425 -1.0472 -1.04717 -2.8068e-05 14.2366 7.81774e-07 -5.76037e-05 8.11386e-07 -1.04717 6.85672e-07 1.5708 3.34343e-08
28.426 -1.0472 -1.04717 -2.75861e-05 14.2367 7.6722e-07 -5.66149e-05 7.96348e-07 -1.04717 6.73871e-07 1.5708 3.28591e-08
28.427 -1.0472 -1.04717 -2.71048e-05 14.2367 7.52691e-07 -5.56274e-05 7.81334e-07 -1.04717 6.62088e-07 1.5708 3.22847e-08
28.428 -1.0472 -1.04717 -2.66243e-05 14.2368 7.38187e-07 -5.46414e-05 7.66346e-07 -1.04717 6.50321e-07 1.5708 3.17111e-08
28.429 -1.0472 -1.04717 -2.61444e-05 14.2369 7.23708e-07 -5.36568e-05 7.51383e-07 -1.04717 6.38572e-07 1.5708 3.11384e-08
28.43 -1.0472 -1.04717 -2.56652e-05 14.2369 7.09254e-07 -5.26736e-05 7.36446e-07 -1.04717 6.26839e-07 1.5708 3.05664e-08
28.431 -1.0472 -1.04717 -2.51868e-05 14.237 6.94825e-07 -5.16918e-05 7.21536e-07 -1.04717 6.15125e-07 1.5708 2.99953e-08
28.432 -1.0472 -1.04717 -2.4709e-05 14.237 6.80422e-07 -5.07116e-05 7.06652e-07 -1.04717 6.03428e-07 1.5708 2.94251e-08
28.433 -1.0472 -1.04717 -2.4232e-05 14.2371 6.66046e-07 -4.97328e-05 6.91795e-07 -1.04717 5.9175e-07 1.5708 2.88557e-08
28.434 -1.0472 -1.04717 -2.37557e-05 14.2372 6.51696e-07 -4.87556e-05 6.76965e-07 -1.04717 5.80089e-07 1.5708 2.82872e-08
28.435 -1.0472 -1.04717 -2.32802e-05 14.2372 6.37372e-07 -4.77799e-05 6.62162e-07 -1.04717 5.68448e-07 1.5708 2.77196e-08
28.436 -1.0472 -1.04717 -2.28054e-05 14.2373 6.23076e-07 -4.68058e-05 6.47387e-07 -1.04717 5.56825e-07 1.5708 2.71529e-08
28.437 -1.0472 -1.04718 -2.23315e-05 14.2373 6.08807e-07 -4.58333e-05 6.3264e-07 -1.04718 5.45222e-07 1.5708 2.65871e-08
28.438 -1.0472 -1.04718 -2.18583e-05 14.2374 5.94566e-07 -4.48623e-05 6.17921e-07 -1.04718 5.33638e-07 1.5708 2.60223e-08
28.439 -1.0472 -1.04718 -2.13859e-05 14.2374 5.80352e-07 -4.3893e-05 6.03232e-07 -1.04718 5.22073e-07 1.5708 2.54584e-08
28.44 -1.0472 -1.04718 -2.09142e-05 14.2375 5.66167e-07 -4.29254e-05 5.88571e-07 -1.04718 5.10529e-07 1.5708 2.48954e-08
28.441 -1.0472 -1.04718 -2.04435e-05 14.2376 5.5201e-07 -4.19594e-05 5.73939e-07 -1.04718 4.99005e-07 1.5708 2.43335e-08
28.442 -1.0472 -1.04718 -1.99735e-05 14.2376 5.37882e-07 -4.09951e-05 5.59336e-07 -1.04718 4.87501e-07 1.5708 2.37725e-08
28.443 -1.0472 -1.04718 -1.95044e-05 14.2377 5.23783e-07 -4.00325e-05 5.44764e-07 -1.04718 4.76017e-07 1.5708 2.32125e-08
28.444 -1.0472 -1.04718 -1.90361e-05 14.2377 5.09714e-07 -3.90717e-05 5.30221e-07 -1.04718 4.64555e-07 1.5708 2.26534e-08
28.445 -1.0472 -1.04718 -1.85686e-05 14.2378 4.95673e-07 -3.81126e-05 5.15709e-07 -1.04718 4.53114e-07 1.5708 2.20955e-08
28.446 -1.0472 -1.04718 -1.81021e-05 14.2379 4.81663e-07 -3.71553e-05 5.01228e-07 -1.04718 4.41694e-07 1.5708 2.15385e-08
28.447 -1.0472 -1.04718 -1.76364e-05 14.2379 4.67683e-07 -3.61997e-05 4.86778e-07 -1.04718 4.30296e-07 1.5708 2.09826e-08
28.448 -1.0472 -1.04718 -1.71715e-05 14.238 4.53733e-07 -3.5246e-05 4.72358e-07 -1.04718 4.18919e-07 1.5708 2.04277e-08
28.449 -1.0472 -1.04718 -1.67076e-05 14.238 4.39814e-07 -3.42941e-05 4.57971e-07 -1.04718 4.07565e-07 1.5708 1.98739e-08
28.45 -1.0472 -1.04718 -1.62446e-05 14.2381 4.25926e-07 -3.33441e-05 4.43615e-07 -1.04718 3.96232e-07 1.5708 1.93211e-08
28.451 -1.0472 -1.04718 -1.57825e-05 14.2381 4.12069e-07 -3.23959e-05 4.29291e-07 -1.04718 3.84923e-07 1.5708 1.87695e-08
28.452 -1.0472 -1.04718 -1.53213e-05 14.2382 3.98244e-07 -3.14496e-05 4.14999e-07 -1.04718 3.73636e-07 1.5708 1.82189e-08
28.453 -1.0472 -1.04718 -1.4861e-05 14.2382 3.8445e-07 -3.05053e-05 4.0074e-07 -1.04718 3.62372e-07 1.5708 1.76694e-08
28.454 -1.0472 -1.04718 -1.44017e-05 14.2383 3.70688e-07 -2.95628e-05 3.86514e-07 -1.04718 3.51132e-07 1.5708 1.71211e-08
28.455 -1.0472 -1.04718 -1.39433e-05 14.2384 3.56959e-07 -2.86224e-05 3.72321e-07 -1.04718 3.39915e-07 1.5708 1.65739e-08
28.456 -1.0472 -1.04718 -1.34859e-05 14.2384 3.43262e-07 -2.76838e-05 3.58161e-07 -1.04718 3.28721e-07 1.5708 1.60278e-08
28.457 -1.0472 -1.04718 -1.30295e-05 14.2385 3.29597e-07 -2.67473e-05 3.44036e-07 -1.04718 3.17552e-07 1.5708 1.54829e-08
28.458 -1.0472 -1.04718 -1.2574e-05 14.2385 3.15966e-07 -2.58128e-05 3.29944e-07 -1.04718 3.06406e-07 1.5708 1.49392e-08
28.459 -1.0472 -1.04719 -1.21195e-05 14.2386 3.02368e-07 -2.48803e-05 3.15886e-07 -1.04719 2.95285e-07 1.5708 1.43966e-08
28.46 -1.0472 -1.04719 -1.16661e-05 14.2386 2.88804e-07 -2.39498e-05 3.01863e-07 -1.04719 2.84189e-07 1.5708 1.38552e-08
28.461 -1.0472 -1.04719 -1.12136e-05 14.2387 2.75273e-07 -2.30214e-05 2.87874e-07 -1.04719 2.73117e-07 1.5708 1.3315e-08
28.462 -1.0472 -1.04719 -1.07621e-05 14.2387 2.61777e-07 -2.20951e-05 2.7392e-07 -1.04719 2.6207e-07 1.5708 1.2776e-08
28.463 -1.0472 -1.04719 -1.03117e-05 14.2388 2.48314e-07 -2.11709e-05 2.60002e-07 -1.04719 2.51049e-07 1.5708 1.22382e-08
28.464 -1.0472 -1.04719 -9.86227e-06 14.2388 2.34886e-07 -2.02488e-05 2.46119e-07 -1.04719 2.40053e-07 1.5708 1.17017e-08
28.465 -1.0472 -1.04719 -9.4139e-06 14.2389 2.21493e-07 -1.93288e-05 2.32272e-07 -1.04719 2.29083e-07 1.5708 1.11664e-08
28.466 -1.0472 -1.04719 -8.96658e-06 14.2389 2.08135e-07 -1.8411e-05 2.18461e-07 -1.04719 2.18138e-07 1.5708 1.06323e-08
28.467 -1.0472 -1.04719 -8.52032e-06 14.239 1.94812e-07 -1.74954e-05 2.04686e-07 -1.04719 2.0722e-07 1.5708 1.00995e-08
28.468 -1.0472 -1.04719 -8.07512e-06 14.239 1.81525e-07 -1.6582e-05 1.90947e-07 -1.04719 1.96328e-07 1.5708 9.56801e-09
28.469 -1.0472 -1.04719 -7.631e-06 14.2391 1.68273e-07 -1.56707e-05 1.77246e-07 -1.04719 1.85463e-07 1.5708 9.03776e-09
28.47 -1.0472 -1.04719 -7.18796e-06 14.2392 1.55058e-07 -1.47617e-05 1.63581e-07 -1.04719 1.74624e-07 1.5708 8.50881e-09
28.471 -1.0472 -1.04719 -6.74602e-06 14.2392 1.41878e-07 -1.38549e-05 1.49954e-07 -1.04719 1.63812e-07 1.5708 7.98115e-09
28.472 -1.0472 -1.04719 -6.30518e-06 14.2393 1.28735e-07 -1.29504e-05 1.36364e-07 -1.04719 1.53028e-07 1.5708 7.45481e-09
28.473 -1.0472 -1.04719 -5.86544e-06 14.2393 1.15628e-07 -1.20482e-05 1.22811e-07 -1.04719 1.4227e-07 1.5708 6.92979e-09
28.474 -1.0472 -1.04719 -5.42683e-06 14.2394 1.02559e-07 -1.11482e-05 1.09297e-07 -1.04719 1.3154e-07 1.5708 6.4061e-09
28.475 -1.0472 -1.04719 -4.98934e-06 14.2394 8.95262e-08 -1.02506e-05 9.58206e-08 -1.04719 1.20838e-07 1.5708 5.88375e-09
28.476 -1.0472 -1.04719 -4.55298e-06 14.2395 7.65309e-08 -9.35529e-06 8.23827e-08 -1.04719 1.10164e-07 1.5708 5.36275e-09
28.477 -1.0472 -1.04719 -4.11777e-06 14.2395 6.35733e-08 -8.46233e-06 6.89835e-08 -1.04719 9.95185e-08 1.5708 4.84311e-09
28.478 -1.0472 -1.04719 -3.6837e-06 14.2396 5.06533e-08 -7.57173e-06 5.56232e-08 -1.04719 8.89009e-08 1.5708 4.32484e-09
28.479 -1.0472 -1.04719 -3.2508e-06 14.2396 3.77714e-08 -6.68351e-06 4.2302e-08 -1.04719 7.83119e-08 1.5708 3.80795e-09
28.48 -1.0472 -1.04719 -2.81906e-06 14.2397 2.49276e-08 -5.79768e-06 2.902e-08 -1.04719 6.77517e-08 1.5708 3.29245e-09
28.481 -1.0472 -1.0472 -2.3885e-06 14.2397 1.21223e-08 -4.91426e-06 1.57776e-08 -1.0472 5.72203e-08 1.5708 2.77836e-09
28.482 -1.0472 -1.0472 -1.95912e-06 14.2398 -6.44405e-10 -4.03328e-06 2.575e-09 -1.0472 4.67181e-08 1.5708 2.26567e-09
28.483 -1.0472 -1.0472 -1.53093e-06 14.2398 -1.33723e-08 -3.15473e-06 -1.05876e-08 -1.0472 3.62452e-08 1.5708 1.7544e-09
28.484 -1.0472 -1.0472 -1.10394e-06 14.2398 -2.60611e-08 -2.27865e-06 -2.37101e-08 -1.0472 2.58018e-08 1.5708 1.24455e-09
28.485 -1.0472 -1.0472 -6.78155e-07 14.2399 -3.87106e-08 -1.40504e-06 -3.67921e-08 -1.0472 1.53882e-08 1.5708 7.36149e-10
28.486 -1.0472 -1.0472 -2.53584e-07 14.2399 -5.13207e-08 -5.33916e-07 -4.98335e-08 -1.0472 5.00436e-09 1.5708 2.2919e-10
28.487 -1.0472 -1.0472 1.69765e-07 14.24 -6.38911e-08 3.34695e-07 -6.2834e-08 -1.0472 -5.34936e-09 1.5708 -2.76314e-10
28.488 -1.0472 -1.0472 5.91884e-07 14.24 -7.64216e-08 1.20078e-06 -7.57934e-08 -1.0472 -1.56728e-08 1.5708 -7.80352e-10
28.489 -1.0472 -1.0472 1.01277e-06 14.2401 -8.89121e-08 2.06433e-06 -8.87116e-08 -1.0472 -2.59658e-08 1.5708 -1.28292e-09
28.49 -1.0472 -1.0472 1.43241e-06 14.2401 -1.01362e-07 2.92533e-06 -1.01588e-07 -1.0472 -3.62282e-08 1.5708 -1.784e-09
28.491 -1.0472 -1.0472 1.85079e-06 14.2402 -1.13772e-07 3.78376e-06 -1.14423e-07 -1.0472 -4.64598e-08 1.5708 -2.28359e-09
28.492 -1.0472 -1.0472 2.26792e-06 14.2402 -1.26141e-07 4.63961e-06 -1.27216e-07 -1.0472 -5.66604e-08 1.5708 -2.78168e-09
28.493 -1.0472 -1.0472 2.68378e-06 14.2403 -1.38469e-07 5.49285e-06 -1.39967e-07 -1.0472 -6.68299e-08 1.5708 -3.27826e-09
28.494 -1.0472 -1.0472 3.09837e-06 14.2403 -1.50756e-07 6.34348e-06 -1.52676e-07 -1.0472 -7.6968e-08 1.5708 -3.77332e-09
28.495 -1.0472 -1.0472 3.51168e-06 14.2404 -1.63002e-07 7.19148e-06 -1.65342e-07 -1.0472 -8.70745e-08 1.5708 -4.26686e-09
28.496 -1.0472 -1.0472 3.9237e-06 14.2404 -1.75206e-07 8.03684e-06 -1.77966e-07 -1.0472 -9.71494e-08 1.5708 -4.75886e-09
28.497 -1.0472 -1.0472 4.33442e-06 14.2405 -1.87369e-07 8.87954e-06 -1.90546e-07 -1.0472 -1.07192e-07 1.5708 -5.24932e-09
28.498 -1.0472 -1.0472 4.74384e-06 14.2405 -1.9949e-07 9.71957e-06 -2.03084e-07 -1.0472 -1.17203e-07 1.5708 -5.73822e-09
28.499 -1.0472 -1.0472 5.15195e-06 14.2405 -2.11568e-07 1.05569e-05 -2.15578e-07 -1.0472 -1.27182e-07 1.5708 -6.22557e-09
28.5 -1.0472 -1.0472 5.55875e-06 14.2406 -2.23605e-07 1.13916e-05 -2.28029e-07 -1.0472 -1.37129e-07 1.5708 -6.71134e-09
28.501 -1.0472 -1.0472 5.96422e-06 14.2406 -2.35599e-07 1.22235e-05 -2.40436e-07 -1.0472 -1.47043e-07 1.5708 -7.19554e-09
28.502 -1.0472 -1.0472 6.36836e-06 14.2407 -2.47551e-07 1.30527e-05 -2.52799e-07 -1.0472 -1.56924e-07 1.5708 -7.67815e-09
28.503 -1.0472 -1.0472 6.77117e-06 14.2407 -2.5946e-07 1.38791e-05 -2.65118e-07 -1.0472 -1.66772e-07 1.5708 -8.15917e-09
28.504 -1.0472 -1.0472 7.17263e-06 14.2408 -2.71326e-07 1.47028e-05 -2.77393e-07 -1.0472 -1.76587e-07 1.5708 -8.63858e-09
28.505 -1.0472 -1.04721 7.57274e-06 14.2408 -2.83149e-07 1.55237e-05 -2.89623e-07 -1.04721 -1.86369e-07 1.5708 -9.11639e-09
28.506 -1.0472 -1.04721 7.97149e-06 14.2408 -2.94928e-07 1.63419e-05 -3.01809e-07 -1.04721 -1.96118e-07 1.5708 -9.59258e-09
28.507 -1.0472 -1.04721 8.36889e-06 14.2409 -3.06665e-07 1.71572e-05 -3.1395e-07 -1.04721 -2.05833e-07 1.5708 -1.00671e-08
28.508 -1.0472 -1.04721 8.76491e-06 14.2409 -3.18357e-07 1.79697e-05 -3.26046e-07 -1.04721 -2.15515e-07 1.5708 -1.05401e-08
28.509 -1.0472 -1.04721 9.15955e-06 14.241 -3.30006e-07 1.87795e-05 -3.38097e-07 -1.04721 -2.25162e-07 1.5708 -1.10114e-08
28.51 -1.0472 -1.04721 9.55281e-06 14.241 -3.41611e-07 1.95863e-05 -3.50103e-07 -1.04721 -2.34776e-07 1.5708 -1.1481e-08
28.511 -1.0472 -1.04721 9.94468e-06 14.2411 -3.53171e-07 2.03903e-05 -3.62063e-07 -1.04721 -2.44356e-07 1.5708 -1.1949e-08
28.512 -1.0472 -1.04721 1.03352e-05 14.2411 -3.64688e-07 2.11915e-05 -3.73978e-07 -1.04721 -2.53901e-07 1.5708 -1.24153e-08
28.513 -1.0472 -1.04721 1.07242e-05 14.2411 -3.7616e-07 2.19898e-05 -3.85846e-07 -1.04721 -2.63412e-07 1.5708 -1.288e-08
28.514 -1.0472 -1.04721 1.11119e-05 14.2412 -3.87587e-07 2.27851e-05 -3.97669e-07 -1.04721 -2.72888e-07 1.5708 -1.33429e-08
28.515 -1.0472 -1.04721 1.14982e-05 14.2412 -3.9897e-07 2.35776e-05 -4.09446e-07 -1.04721 -2.82329e-07 1.5708 -1.38042e-08
28.516 -1.0472 -1.04721 1.1883e-05 14.2413 -4.10307e-07 2.43672e-05 -4.21176e-07 -1.04721 -2.91736e-07 1.5708 -1.42638e-08
28.517 -1.0472 -1.04721 1.22664e-05 14.2413 -4.216e-07 2.51538e-05 -4.3286e-07 -1.04721 -3.01108e-07 1.5708 -1.47217e-08
28.518 -1.0472 -1.04721 1.26484e-05 14.2413 -4.32847e-07 2.59375e-05 -4.44497e-07 -1.04721 -3.10444e-07 1.5708 -1.51779e-08
28.519 -1.0472 -1.04721 1.30289e-05 14.2414 -4.44049e-07 2.67183e-05 -4.56087e-07 -1.04721 -3.19745e-07 1.5708 -1.56323e-08
28.52 -1.0472 -1.04721 1.3408e-05 14.2414 -4.55205e-07 2.74961e-05 -4.67631e-07 -1.04721 -3.2901e-07 1.5708 -1.60851e-08
28.521 -1.0472 -1.04721 1.37856e-05 14.2415 -4.66316e-07 2.82709e-05 -4.79127e-07 -1.04721 -3.3824e-07 1.5708 -1.65361e-08
28.522 -1.0472 -1.04721 1.41618e-05 14.2415 -4.77381e-07 2.90427e-05 -4.90576e-07 -1.04721 -3.47435e-07 1.5708 -1.69854e-08
28.523 -1.0472 -1.04721 1.45366e-05 14.2415 -4.884e-07 2.98116e-05 -5.01977e-07 -1.04721 -3.56593e-07 1.5708 -1.74329e-08
28.524 -1.0472 -1.04721 1.49098e-05 14.2416 -4.99372e-07 3.05774e-05 -5.13331e-07 -1.04721 -3.65715e-07 1.5708 -1.78787e-08
28.525 -1.0472 -1.04721 1.52816e-05 14.2416 -5.10299e-07 3.13402e-05 -5.24637e-07 -1.04721 -3.74801e-07 1.57079 -1.83227e-08
28.526 -1.0472 -1.04721 1.56519e-05 14.2416 -5.21179e-07 3.20999e-05 -5.35896e-07 -1.04721 -3.83851e-07 1.57079 -1.8765e-08
28.527 -1.0472 -1.04721 1.60207e-05 14.2417 -5.32012e-07 3.28567e-05 -5.47106e-07 -1.04721 -3.92865e-07 1.57079 -1.92055e-08
28.528 -1.0472 -1.04721 1.63881e-05 14.2417 -5.42799e-07 3.36103e-05 -5.58268e-07 -1.04721 -4.01841e-07 1.57079 -1.96442e-08
28.529 -1.0472 -1.04721 1.67539e-05 14.2418 -5.53539e-07 3.43609e-05 -5.69382e-07 -1.04721 -4.10782e-07 1.57079 -2.00812e-08
28.53 -1.0472 -1.04721 1.71183e-05 14.2418 -5.64232e-07 3.51084e-05 -5.80448e-07 -1.04721 -4.19685e-07 1.57079 -2.05163e-08
28.531 -1.0472 -1.04722 1.74811e-05 14.2418 -5.74877e-07 3.58529e-05 -5.91465e-07 -1.04722 -4.28551e-07 1.57079 -2.09497e-08
28.532 -1.0472 -1.04722 1.78424e-05 14.2419 -5.85476e-07 3.65942e-05 -6.02433e-07 -1.04722 -4.37381e-07 1.57079 -2.13812e-08
28.533 -1.0472 -1.04722 1.82022e-05 14.2419 -5.96027e-07 3.73324e-05 -6.13352e-07 -1.04722 -4.46173e-07 1.57079 -2.1811e-08
28.534 -1.0472 -1.04722 1.85605e-05 14.2419 -6.06531e-07 3.80676e-05 -6.24222e-07 -1.04722 -4.54928e-07 1.57079 -2.22389e-08
28.535 -1.0472 -1.04722 1.89173e-05 14.242 -6.16987e-07 3.87995e-05 -6.35043e-07 -1.04722 -4.63645e-07 1.57079 -2.26651e-08
28.536 -1.0472 -1.04722 1.92725e-05 14.242 -6.27396e-07 3.95284e-05 -6.45815e-07 -1.04722 -4.72325e-07 1.57079 -2.30893e-08
28.537 -1.0472 -1.04722 1.96262e-05 14.242 -6.37756e-07 4.02541e-05 -6.56538e-07 -1.04722 -4.80967e-07 1.57079 -2.35118e-08
28.538 -1.0472 -1.04722 1.99784e-05 14.2421 -6.48069e-07 4.09766e-05 -6.67211e-07 -1.04722 -4.89572e-07 1.57079 -2.39324e-08
28.539 -1.0472 -1.04722 2.0329e-05 14.2421 -6.58333e-07 4.16959e-05 -6.77834e-07 -1.04722 -4.98138e-07 1.57079 -2.43512e-08
28.54 -1.0472 -1.04722 2.06781e-05 14.2421 -6.68549e-07 4.24121e-05 -6.88408e-07 -1.04722 -5.06667e-07 1.57079 -2.47681e-08
28.541 -1.0472 -1.04722 2.10256e-05 14.2422 -6.78717e-07 4.31251e-05 -6.98931e-07 -1.04722 -5.15157e-07 1.57079 -2.51832e-08
28.542 -1.0472 -1.04722 2.13716e-05 14.2422 -6.88836e-07 4.38349e-05 -7.09405e-07 -1.04722 -5.23609e-07 1.57079 -2.55964e-08
28.543 -1.0472 -1.04722 2.1716e-05 14.2422 -6.98907e-07 4.45415e-05 -7.19829e-07 -1.04722 -5.32023e-07 1.57079 -2.60078e-08
28.544 -1.0472 -1.04722 2.20588e-05 14.2423 -7.08929e-07 4.52448e-05 -7.30202e-07 -1.04722 -5.40398e-07 1.57079 -2.64173e-08
28.545 -1.0472 -1.04722 2.24e-05 14.2423 -7.18902e-07 4.5945e-05 -7.40525e-07 -1.04722 -5.48734e-07 1.57079 -2.68249e-08
28.546 -1.0472 -1.04722 2.27397e-05 14.2423 -7.28827e-07 4.66419e-05 -7.50797e-07 -1.04722 -5.57032e-07 1.57079 -2.72306e-08
28.547 -1.0472 -1.04722 2.30778e-05 14.2424 -7.38702e-07 4.73355e-05 -7.61019e-07 -1.04722 -5.65292e-07 1.57079 -2.76345e-08
28.548 -1.0472 -1.04722 2.34143e-05 14.2424 -7.48528e-07 4.80259e-05 -7.7119e-07 -1.04722 -5.73512e-07 1.57079 -2.80364e-08
28.549 -1.0472 -1.04722 2.37492e-05 14.2424 -7.58305e-07 4.87131e-05 -7.81311e-07 -1.04722 -5.81693e-07 1.57079 -2.84365e-08
28.55 -1.0472 -1.04722 2.40825e-05 14.2425 -7.68033e-07 4.93969e-05 -7.9138e-07 -1.04722 -5.89835e-07 1.57079 -2.88346e-08
28.551 -1.0472 -1.04722 2.44143e-05 14.2425 -7.77711e-07 5.00775e-05 -8.01399e-07 -1.04722 -5.97938e-07 1.57079 -2.92308e-08
28.552 -1.0472 -1.04722 2.47444e-05 14.2425 -7.8734e-07 5.07548e-05 -8.11366e-07 -1.04722 -6.06002e-07 1.57079 -2.96252e-08
28.553 -1.0472 -1.04722 2.50729e-05 14.2425 -7.96919e-07 5.14288e-05 -8.21282e-07 -1.04722 -6.14026e-07 1.57079 -3.00176e-08
28.554 -1.0472 -1.04722 2.53998e-05 14.2426 -8.06449e-07 5.20995e-05 -8.31147e-07 -1.04722 -6.22011e-07 1.57079 -3.04081e-08
28.555 -1.0472 -1.04722 2.57251e-05 14.2426 -8.15928e-07 5.27669e-05 -8.4096e-07 -1.04722 -6.29956e-07 1.57079 -3.07966e-08
28.556 -1.0472 -1.04722 2.60488e-05 14.2426 -8.25358e-07 5.3431e-05 -8.50722e-07 -1.04722 -6.37861e-07 1.57079 -3.11833e-08
28.557 -1.0472 -1.04722 2.63708e-05 14.2427 -8.34737e-07 5.40917e-05 -8.60432e-07 -1.04722 -6.45727e-07 1.57079 -3.1568e-08
28.558 -1.0472 -1.04722 2.66912e-05 14.2427 -8.44067e-07 5.47491e-05 -8.70091e-07 -1.04722 -6.53553e-07 1.57079 -3.19507e-08
28.559 -1.0472 -1.04722 2.701e-05 14.2427 -8.53346e-07 5.54032e-05 -8.79697e-07 -1.04722 -6.61339e-07 1.57079 -3.23316e-08
28.56 -1.0472 -1.04722 2.73272e-05 14.2428 -8.62575e-07 5.60539e-05 -8.89252e-07 -1.04722 -6.69085e-07 1.57079 -3.27104e-08
28.561 -1.0472 -1.04723 2.76427e-05 14.2428 -8.71754e-07 5.67012e-05 -8.98755e-07 -1.04723 -6.7679e-07 1.57079 -3.30873e-08
28.562 -1.0472 -1.04723 2.79566e-05 14.2428 -8.80882e-07 5.73452e-05 -9.08206e-07 -1.04723 -6.84456e-07 1.57079 -3.34623e-08
28.563 -1.0472 -1.04723 2.82689e-05 14.2428 -8.8996e-07 5.79858e-05 -9.17604e-07 -1.04723 -6.92081e-07 1.57079 -3.38353e-08
28.564 -1.0472 -1.04723 2.85794e-05 14.2429 -8.98987e-07 5.8623e-05 -9.26951e-07 -1.04723 -6.99666e-07 1.57079 -3.42063e-08
28.565 -1.0472 -1.04723 2.88884e-05 14.2429 -9.07963e-07 5.92568e-05 -9.36245e-07 -1.04723 -7.0721e-07 1.57079 -3.45754e-08
28.566 -1.0472 -1.04723 2.91957e-05 14.2429 -9.16889e-07 5.98873e-05 -9.45486e-07 -1.04723 -7.14714e-07 1.57079 -3.49424e-08
28.567 -1.0472 -1.04723 2.95013e-05 14.2429 -9.25764e-07 6.05143e-05 -9.54675e-07 -1.04723 -7.22177e-07 1.57079 -3.53075e-08
28.568 -1.0472 -1.04723 2.98053e-05 14.243 -9.34588e-07 6.1138e-05 -9.63812e-07 -1.04723 -7.29599e-07 1.57079 -3.56707e-08
28.569 -1.0472 -1.04723 3.01076e-05 14.243 -9.43361e-07 6.17582e-05 -9.72895e-07 -1.04723 -7.36981e-07 1.57079 -3.60318e-08
28.57 -1.0472 -1.04723 3.04082e-05 14.243 -9.52082e-07 6.2375e-05 -9.81927e-07 -1.04723 -7.44321e-07 1.57079 -3.6391e-08
28.571 -1.0472 -1.04723 3.07072e-05 14.243 -9.60753e-07 6.29883e-05 -9.90905e-07 -1.04723 -7.51621e-07 1.57079 -3.67481e-08
28.572 -1.0472 -1.04723 3.10045e-05 14.2431 -9.69373e-07 6.35983e-05 -9.9983e-07 -1.04723 -7.5888e-07 1.57079 -3.71033e-08
28.573 -1.0472 -1.04723 3.13001e-05 14.2431 -9.77941e-07 6.42048e-05 -1.0087e-06 -1.04723 -7.66097e-07 1.57079 -3.74564e-08
28.574 -1.0472 -1.04723 3.1594e-05 14.2431 -9.86458e-07 6.48078e-05 -1.01752e-06 -1.04723 -7.73274e-07 1.57079 -3.78076e-08
28.575 -1.0472 -1.04723 3.18863e-05 14.2431 -9.94923e-07 6.54074e-05 -1.02629e-06 -1.04723 -7.80409e-07 1.57079 -3.81567e-08
28.576 -1.0472 -1.04723 3.21768e-05 14.2432 -1.00334e-06 6.60036e-05 -1.035e-06 -1.04723 -7.87503e-07 1.57079 -3.85039e-08
28.577 -1.0472 -1.04723 3.24657e-05 14.2432 -1.0117e-06 6.65962e-05 -1.04366e-06 -1.04723 -7.94556e-07 1.57079 -3.8849e-08
28.578 -1.0472 -1.04723 3.27529e-05 14.2432 -1.02001e-06 6.71855e-05 -1.05227e-06 -1.04723 -8.01567e-07 1.57079 -3.91921e-08
28.579 -1.0472 -1.04723 3.30384e-05 14.2432 -1.02827e-06 6.77712e-05 -1.06082e-06 -1.04723 -8.08537e-07 1.57079 -3.95332e-08
28.58 -1.0472 -1.04723 3.33222e-05 14.2433 -1.03648e-06 6.83534e-05 -1.06932e-06 -1.04723 -8.15465e-07 1.57079 -3.98722e-08
28.581 -1.0472 -1.04723 3.36043e-05 14.2433 -1.04463e-06 6.89322e-05 -1.07777e-06 -1.04723 -8.22352e-07 1.57079 -4.02092e-08
28.582 -1.0472 -1.04723 3.38847e-05 14.2433 -1.05274e-06 6.95075e-05 -1.08616e-06 -1.04723 -8.29197e-07 1.57079 -4.05443e-08
28.583 -1.0472 -1.04723 3.41634e-05 14.2433 -1.06079e-06 7.00793e-05 -1.0945e-06 -1.04723 -8.36e-07 1.57079 -4.08772e-08
28.584 -1.0472 -1.04723 3.44404e-05 14.2434 -1.06879e-06 7.06476e-05 -1.10279e-06 -1.04723 -8.42761e-07 1.57079 -4.12082e-08
28.585 -1.0472 -1.04723 3.47157e-05 14.2434 -1.07674e-06 7.12123e-05 -1.11102e-06 -1.04723 -8.49481e-07 1.57079 -4.1537e-08
28.586 -1.0472 -1.04723 3.49893e-05 14.2434 -1.08463e-06 7.17736e-05 -1.1192e-06 -1.04723 -8.56158e-07 1.57079 -4.18639e-08
28.587 -1.0472 -1.04723 3.52612e-05 14.2434 -1.09248e-06 7.23314e-05 -1.12732e-06 -1.04723 -8.62794e-07 1.57079 -4.21887e-08
28.588 -1.0472 -1.04723 3.55313e-05 14.2434 -1.10027e-06 7.28856e-05 -1.13539e-06 -1.04723 -8.69388e-07 1.57079 -4.25115e-08
28.589 -1.0472 -1.04723 3.57997e-05 14.2435 -1.10801e-06 7.34363e-05 -1.14341e-06 -1.04723 -8.7594e-07 1.57079 -4.28322e-08
28.59 -1.0472 -1.04723 3.60665e-05 14.2435 -1.1157e-06 7.39835e-05 -1.15137e-06 -1.04723 -8.82449e-07 1.57079 -4.31508e-08
28.591 -1.0472 -1.04723 3.63315e-05 14.2435 -1.12333e-06 7.45272e-05 -1.15928e-06 -1.04723 -8.88916e-07 1.57079 -4.34675e-08
28.592 -1.0472 -1.04723 3.65947e-05 14.2435 -1.13092e-06 7.50673e-05 -1.16714e-06 -1.04723 -8.95342e-07 1.57079 -4.3782e-08
28.593 -1.0472 -1.04723 3.68563e-05 14.2435 -1.13845e-06 7.56039e-05 -1.17494e-06 -1.04723 -9.01725e-07 1.57079 -4.40945e-08
28.594 -1.0472 -1.04723 3.71161e-05 14.2436 -1.14593e-06 7.61369e-05 -1.18269e-06 -1.04723 -9.08065e-07 1.57079 -4.44049e-08
28.595 -1.0472 -1.04723 3.73742e-05 14.2436 -1.15335e-06 7.66664e-05 -1.19038e-06 -1.04723 -9.14363e-07 1.57079 -4.47133e-08
28.596 -1.0472 -1.04724 3.76305e-05 14.2436 -1.16073e-06 7.71924e-05 -1.19802e-06 -1.04724 -9.20619e-07 1.57079 -4.50196e-08
28.597 -1.0472 -1.04724 3.78852e-05 14.2436 -1.16805e-06 7.77147e-05 -1.2056e-06 -1.04724 -9.26833e-07 1.57079 -4.53238e-08
28.598 -1.0472 -1.04724 3.81381e-05 14.2436 -1.17532e-06 7.82336e-05 -1.21313e-06 -1.04724 -9.33004e-07 1.57079 -4.5626e-08
28.599 -1.0472 -1.04724 3.83892e-05 14.2437 -1.18254e-06 7.87488e-05 -1.22061e-06 -1.04724 -9.39132e-07 1.57079 -4.59261e-08
28.6 -1.0472 -1.04724 3.86386e-05 14.2437 -1.1897e-06 7.92605e-05 -1.22803e-06 -1.04724 -9.45218e-07 1.57079 -4.62241e-08
28.601 -1.0472 -1.04724 3.88863e-05 14.2437 -1.19681e-06 7.97687e-05 -1.2354e-06 -1.04724 -9.51262e-07 1.57079 -4.652e-08
28.602 -1.0472 -1.04724 3.91323e-05 14.2437 -1.20387e-06 8.02732e-05 -1.24271e-06 -1.04724 -9.57263e-07 1.57079 -4.68139e-08
28.603 -1.0472 -1.04724 3.93764e-05 14.2437 -1.21088e-06 8.07742e-05 -1.24997e-06 -1.04724 -9.63221e-07 1.57079 -4.71057e-08
28.604 -1.0472 -1.04724 3.96189e-05 14.2437 -1.21783e-06 8.12717e-05 -1.25718e-06 -1.04724 -9.69136e-07 1.57079 -4.73954e-08
28.605 -1.0472 -1.04724 3.98596e-05 14.2438 -1.22473e-06 8.17655e-05 -1.26433e-06 -1.04724 -9.75009e-07 1.57079 -4.7683e-08
28.606 -1.0472 -1.04724 4.00986e-05 14.2438 -1.23158e-06 8.22557e-05 -1.27142e-06 -1.04724 -9.80839e-07 1.57079 -4.79686e-08
28.607 -1.0472 -1.04724 4.03358e-05 14.2438 -1.23838e-06 8.27424e-05 -1.27846e-06 -1.04724 -9.86626e-07 1.57079 -4.8252e-08
28.608 -1.0472 -1.04724 4.05713e-05 14.2438 -1.24512e-06 8.32255e-05 -1.28545e-06 -1.04724 -9.92371e-07 1.57079 -4.85334e-08
28.609 -1.0472 -1.04724 4.0805e-05 14.2438 -1.25181e-06 8.3705e-05 -1.29238e-06 -1.04724 -9.98072e-07 1.57079 -4.88127e-08
28.61 -1.0472 -1.04724 4.1037e-05 14.2438 -1.25845e-06 8.41809e-05 -1.29926e-06 -1.04724 -1.00373e-06 1.57079 -4.90899e-08
28.611 -1.0472 -1.04724 4.12672e-05 14.2438 -1.26503e-06 8.46532e-05 -1.30608e-06 -1.04724 -1.00935e-06 1.57079 -4.9365e-08
28.612 -1.0472 -1.04724 4.14957e-05 14.2439 -1.27156e-06 8.51219e-05 -1.31285e-06 -1.04724 -1.01492e-06 1.57079 -4.9638e-08
28.613 -1.0472 -1.04724 4.17224e-05 14.2439 -1.27804e-06 8.5587e-05 -1.31957e-06 -1.04724 -1.02045e-06 1.57079 -4.99089e-08
28.614 -1.0472 -1.04724 4.19473e-05 14.2439 -1.28447e-06 8.60485e-05 -1.32623e-06 -1.04724 -1.02594e-06 1.57079 -5.01777e-08
28.615 -1.0472 -1.04724 4.21705e-05 14.2439 -1.29084e-06 8.65065e-05 -1.33283e-06 -1.04724 -1.03138e-06 1.57079 -5.04444e-08
28.616 -1.0472 -1.04724 4.2392e-05 14.2439 -1.29716e-06 8.69608e-05 -1.33938e-06 -1.04724 -1.03678e-06 1.57079 -5.07091e-08
28.617 -1.0472 -1.04724 4.26117e-05 14.2439 -1.30343e-06 8.74115e-05 -1.34588e-06 -1.04724 -1.04214e-06 1.57079 -5.09716e-08
28.618 -1.0472 -1.04724 4.28296e-05 14.2439 -1.30965e-06 8.78586e-05 -1.35232e-06 -1.04724 -1.04746e-06 1.57079 -5.1232e-08
28.619 -1.0472 -1.04724 4.30458e-05 14.244 -1.31581e-06 8.83021e-05 -1.35871e-06 -1.04724 -1.05273e-06 1.57079 -5.14904e-08
28.62 -1.0472 -1.04724 4.32602e-05 14.244 -1.32192e-06 8.8742e-05 -1.36504e-06 -1.04724 -1.05796e-06 1.57079 -5.17466e-08
28.621 -1.0472 -1.04724 4.34729e-05 14.244 -1.32798e-06 8.91782e-05 -1.37132e-06 -1.04724 -1.06314e-06 1.57079 -5.20008e-08
28.622 -1.0472 -1.04724 4.36838e-05 14.244 -1.33398e-06 8.96109e-05 -1.37754e-06 -1.04724 -1.06829e-06 1.57079 -5.22528e-08
28.623 -1.0472 -1.04724 4.38929e-05 14.244 -1.33993e-06 9.004e-05 -1.38371e-06 -1.04724 -1.07339e-06 1.57079 -5.25027e-08
28.624 -1.0472 -1.04724 4.41003e-05 14.244 -1.34583e-06 9.04654e-05 -1.38983e-06 -1.04724 -1.07844e-06 1.57079 -5.27506e-08
28.625 -1.0472 -1.04724 4.43059e-05 14.244 -1.35168e-06 9.08872e-05 -1.39589e-06 -1.04724 -1.08346e-06 1.57079 -5.29963e-08
28.626 -1.0472 -1.04724 4.45098e-05 14.244 -1.35747e-06 9.13055e-05 -1.40189e-06 -1.04724 -1.08843e-06 1.57079 -5.32399e-08
28.627 -1.0472 -1.04724 4.47119e-05 14.244 -1.36321e-06 9.17201e-05 -1.40784e-06 -1.04724 -1.09335e-06 1.57079 -5.34814e-08
28.628 -1.0472 -1.04724 4.49122e-05 14.2441 -1.3689e-06 9.2131e-05 -1.41374e-06 -1.04724 -1.09824e-06 1.57079 -5.37209e-08
28.629 -1.0472 -1.04724 4.51108e-05 14.2441 -1.37454e-06 9.25384e-05 -1.41958e-06 -1.04724 -1.10308e-06 1.57079 -5.39582e-08
28.63 -1.0472 -1.04724 4.53076e-05 14.2441 -1.38012e-06 9.29422e-05 -1.42537e-06 -1.04724 -1.10788e-06 1.57079 -5.41934e-08
28.631 -1.0472 -1.04724 4.55026e-05 14.2441 -1.38565e-06 9.33423e-05 -1.4311e-06 -1.04724 -1.11263e-06 1.57079 -5.44265e-08
28.632 -1.0472 -1.04724 4.56959e-05 14.2441 -1.39113e-06 9.37389e-05 -1.43678e-06 -1.04724 -1.11735e-06 1.57079 -5.46575e-08
28.633 -1.0472 -1.04724 4.58874e-05 14.2441 -1.39655e-06 9.41318e-05 -1.4424e-06 -1.04724 -1.12201e-06 1.57079 -5.48864e-08
28.634 -1.0472 -1.04724 4.60772e-05 14.2441 -1.40192e-06 9.45211e-05 -1.44797e-06 -1.04724 -1.12664e-06 1.57079 -5.51132e-08
28.635 -1.0472 -1.04724 4.62652e-05 14.2441 -1.40724e-06 9.49068e-05 -1.45349e-06 -1.04724 -1.13122e-06 1.57079 -5.53379e-08
28.636 -1.0472 -1.04724 4.64514e-05 14.2441 -1.41251e-06 9.52888e-05 -1.45895e-06 -1.04724 -1.13576e-06 1.57079 -5.55605e-08
28.637 -1.0472 -1.04724 4.66359e-05 14.2441 -1.41772e-06 9.56673e-05 -1.46436e-06 -1.04724 -1.14026e-06 1.57079 -5.5781e-08
28.638 -1.0472 -1.04724 4.68186e-05 14.2442 -1.42288e-06 9.60421e-05 -1.46971e-06 -1.04724 -1.14471e-06 1.57079 -5.59994e-08
28.639 -1.0472 -1.04724 4.69996e-05 14.2442 -1.42799e-06 9.64133e-05 -1.47501e-06 -1.04724 -1.14912e-06 1.57079 -5.62157e-08
28.64 -1.0472 -1.04724 4.71788e-05 14.2442 -1.43305e-06 9.6781e-05 -1.48025e-06 -1.04724 -1.15349e-06 1.57079 -5.64299e-08
28.641 -1.0472 -1.04724 4.73562e-05 14.2442 -1.43805e-06 9.7145e-05 -1.48544e-06 -1.04724 -1.15781e-06 1.57079 -5.6642e-08
28.642 -1.0472 -1.04725 4.75319e-05 14.2442 -1.44301e-06 9.75054e-05 -1.49057e-06 -1.04725 -1.1621e-06 1.57079 -5.6852e-08
28.643 -1.0472 -1.04725 4.77058e-05 14.2442 -1.4479e-06 9.78621e-05 -1.49565e-06 -1.04725 -1.16633e-06 1.57079 -5.70598e-08
28.644 -1.0472 -1.04725 4.7878e-05 14.2442 -1.45275e-06 9.82153e-05 -1.50068e-06 -1.04725 -1.17053e-06 1.57079 -5.72656e-08
28.645 -1.0472 -1.04725 4.80484e-05 14.2442 -1.45755e-06 9.85649e-05 -1.50565e-06 -1.04725 -1.17468e-06 1.57079 -5.74693e-08
28.646 -1.0472 -1.04725 4.8217e-05 14.2442 -1.46229e-06 9.89108e-05 -1.51057e-06 -1.04725 -1.17879e-06 1.57079 -5.76709e-08
28.647 -1.0472 -1.04725 4.83839e-05 14.2442 -1.46698e-06 9.92532e-05 -1.51544e-06 -1.04725 -1.18286e-06 1.57079 -5.78704e-08
28.648 -1.0472 -1.04725 4.8549e-05 14.2442 -1.47162e-06 9.95919e-05 -1.52025e-06 -1.04725 -1.18688e-06 1.57079 -5.80678e-08
28.649 -1.0472 -1.04725 4.87124e-05 14.2442 -1.4762e-06 9.99271e-05 -1.525e-06 -1.04725 -1.19086e-06 1.57079 -5.8263e-08
28.65 -1.0472 -1.04725 4.8874e-05 14.2442 -1.48073e-06 0.000100259 -1.52971e-06 -1.04725 -1.1948e-06 1.57079 -5.84562e-08
28.651 -1.0472 -1.04725 4.90339e-05 14.2442 -1.48522e-06 0.000100587 -1.53435e-06 -1.04725 -1.19869e-06 1.57079 -5.86473e-08
28.652 -1.0472 -1.04725 4.9192e-05 14.2442 -1.48964e-06 0.000100911 -1.53895e-06 -1.04725 -1.20254e-06 1.57079 -5.88364e-08
28.653 -1.0472 -1.04725 4.93483e-05 14.2442 -1.49402e-06 0.000101232 -1.54349e-06 -1.04725 -1.20635e-06 1.57079 -5.90233e-08
28.654 -1.0472 -1.04725 4.95029e-05 14.2442 -1.49835e-06 0.000101549 -1.54798e-06 -1.04725 -1.21012e-06 1.57079 -5.92081e-08
28.655 -1.0472 -1.04725 4.96558e-05 14.2443 -1.50262e-06 0.000101862 -1.55241e-06 -1.04725 -1.21384e-06 1.57079 -5.93908e-08
28.656 -1.0472 -1.04725 4.98069e-05 14.2443 -1.50684e-06 0.000102172 -1.55679e-06 -1.04725 -1.21752e-06 1.57079 -5.95715e-08
28.657 -1.0472 -1.04725 4.99563e-05 14.2443 -1.51101e-06 0.000102479 -1.56112e-06 -1.04725 -1.22116e-06 1.57079 -5.975e-08
28.658 -1.0472 -1.04725 5.01039e-05 14.2443 -1.51513e-06 0.000102782 -1.56539e-06 -1.04725 -1.22475e-06 1.57079 -5.99265e-08
28.659 -1.0472 -1.04725 5.02497e-05 14.2443 -1.51919e-06 0.000103081 -1.56961e-06 -1.04725 -1.2283e-06 1.57079 -6.01009e-08
28.66 -1.0472 -1.04725 5.03939e-05 14.2443 -1.52321e-06 0.000103377 -1.57377e-06 -1.04725 -1.23181e-06 1.57079 -6.02732e-08
28.661 -1.0472 -1.04725 5.05362e-05 14.2443 -1.52717e-06 0.000103669 -1.57789e-06 -1.04725 -1.23528e-06 1.57079 -6.04434e-08
28.662 -1.0472 -1.04725 5.06769e-05 14.2443 -1.53108e-06 0.000103957 -1.58194e-06 -1.04725 -1.2387e-06 1.57079 -6.06116e-08
28.663 -1.0472 -1.04725 5.08158e-05 14.2443 -1.53494e-06 0.000104242 -1.58595e-06 -1.04725 -1.24209e-06 1.57079 -6.07777e-08
28.664 -1.0472 -1.04725 5.09529e-05 14.2443 -1.53875e-06 0.000104523 -1.5899e-06 -1.04725 -1.24543e-06 1.57079 -6.09416e-08
28.665 -1.0472 -1.04725 5.10883e-05 14.2443 -1.5425e-06 0.000104801 -1.5938e-06 -1.04725 -1.24872e-06 1.57079 -6.11036e-08
28.666 -1.0472 -1.04725 5.1222e-05 14.2443 -1.54621e-06 0.000105075 -1.59765e-06 -1.04725 -1.25198e-06 1.57079 -6.12634e-08
28.667 -1.0472 -1.04725 5.1354e-05 14.2443 -1.54986e-06 0.000105346 -1.60144e-06 -1.04725 -1.25519e-06 1.57079 -6.14212e-08
28.668 -1.0472 -1.04725 5.14842e-05 14.2443 -1.55346e-06 0.000105613 -1.60518e-06 -1.04725 -1.25836e-06 1.57079 -6.15769e-08
28.669 -1.0472 -1.04725 5.16127e-05 14.2443 -1.55702e-06 0.000105877 -1.60886e-06 -1.04725 -1.26148e-06 1.57079 -6.17305e-08
28.67 -1.0472 -1.04725 5.17394e-05 14.2443 -1.56052e-06 0.000106137 -1.6125e-06 -1.04725 -1.26457e-06 1.57079 -6.18821e-08
28.671 -1.0472 -1.04725 5.18644e-05 14.2443 -1.56396e-06 0.000106393 -1.61608e-06 -1.04725 -1.26761e-06 1.57079 -6.20316e-08
28.672 -1.0472 -1.04725 5.19877e-05 14.2443 -1.56736e-06 0.000106646 -1.61961e-06 -1.04725 -1.27061e-06 1.57079 -6.2179e-08
28.673 -1.0472 -1.04725 5.21093e-05 14.2443 -1.57071e-06 0.000106896 -1.62308e-06 -1.04725 -1.27357e-06 1.57079 -6.23244e-08
28.674 -1.0472 -1.04725 5.22292e-05 14.2443 -1.57401e-06 0.000107141 -1.62651e-06 -1.04725 -1.27649e-06 1.57079 -6.24677e-08
28.675 -1.0472 -1.04725 5.23473e-05 14.2443 -1.57725e-06 0.000107384 -1.62988e-06 -1.04725 -1.27936e-06 1.57079 -6.2609e-08
28.676 -1.0472 -1.04725 5.24637e-05 14.2443 -1.58045e-06 0.000107623 -1.63319e-06 -1.04725 -1.28219e-06 1.57079 -6.27482e-08
28.677 -1.0472 -1.04725 5.25784e-05 14.2443 -1.58359e-06 0.000107858 -1.63646e-06 -1.04725 -1.28498e-06 1.57079 -6.28854e-08
28.678 -1.0472 -1.04725 5.26913e-05 14.2443 -1.58668e-06 0.00010809 -1.63967e-06 -1.04725 -1.28773e-06 1.57079 -6.30205e-08
28.679 -1.0472 -1.04725 5.28026e-05 14.2443 -1.58972e-06 0.000108318 -1.64283e-06 -1.04725 -1.29043e-06 1.57079 -6.31535e-08
28.68 -1.0472 -1.04725 5.29122e-05 14.2443 -1.59272e-06 0.000108542 -1.64594e-06 -1.04725 -1.2931e-06 1.57079 -6.32846e-08
28.681 -1.0472 -1.04725 5.302e-05 14.2443 -1.59566e-06 0.000108764 -1.649e-06 -1.04725 -1.29572e-06 1.57079 -6.34135e-08
28.682 -1.0472 -1.04725 5.31261e-05 14.2443 -1.59855e-06 0.000108981 -1.652e-06 -1.04725 -1.2983e-06 1.57079 -6.35405e-08
28.683 -1.0472 -1.04725 5.32306e-05 14.2443 -1.60139e-06 0.000109196 -1.65495e-06 -1.04725 -1.30084e-06 1.57079 -6.36654e-08
28.684 -1.0472 -1.04725 5.33333e-05 14.2443 -1.60418e-06 0.000109406 -1.65785e-06 -1.04725 -1.30334e-06 1.57079 -6.37883e-08
28.685 -1.0472 -1.04725 5.34343e-05 14.2443 -1.60692e-06 0.000109614 -1.6607e-06 -1.04725 -1.30579e-06 1.57079 -6.39091e-08
28.686 -1.0472 -1.04725 5.35336e-05 14.2443 -1.60961e-06 0.000109817 -1.6635e-06 -1.04725 -1.30821e-06 1.57079 -6.40279e-08
28.687 -1.0472 -1.04725 5.36313e-05 14.2443 -1.61226e-06 0.000110018 -1.66624e-06 -1.04725 -1.31058e-06 1.57079 -6.41447e-08
28.688 -1.0472 -1.04725 5.37272e-05 14.2443 -1.61485e-06 0.000110214 -1.66894e-06 -1.04725 -1.31291e-06 1.57079 -6.42595e-08
28.689 -1.0472 -1.04725 5.38214e-05 14.2443 -1.61739e-06 0.000110408 -1.67158e-06 -1.04725 -1.3152e-06 1.57079 -6.43722e-08
28.69 -1.0472 -1.04725 5.3914e-05 14.2442 -1.61988e-06 0.000110598 -1.67417e-06 -1.04725 -1.31745e-06 1.57079 -6.44829e-08
28.691 -1.0472 -1.04725 5.40048e-05 14.2442 -1.62232e-06 0.000110784 -1.67671e-06 -1.04725 -1.31966e-06 1.57079 -6.45917e-08
28.692 -1.0472 -1.04725 5.4094e-05 14.2442 -1.62471e-06 0.000110967 -1.6792e-06 -1.04725 -1.32182e-06 1.57079 -6.46984e-08
28.693 -1.0472 -1.04725 5.41815e-05 14.2442 -1.62706e-06 0.000111146 -1.68163e-06 -1.04725 -1.32395e-06 1.57079 -6.48031e-08
28.694 -1.0472 -1.04725 5.42673e-05 14.2442 -1.62935e-06 0.000111322 -1.68402e-06 -1.04725 -1.32603e-06 1.57079 -6.49057e-08
28.695 -1.0472 -1.04725 5.43515e-05 14.2442 -1.6316e-06 0.000111495 -1.68636e-06 -1.04725 -1.32808e-06 1.57079 -6.50064e-08
28.696 -1.0472 -1.04725 5.4434e-05 14.2442 -1.63379e-06 0.000111664 -1.68864e-06 -1.04725 -1.33008e-06 1.57079 -6.51051e-08
28.697 -1.0472 -1.04725 5.45148e-05 14.2442 -1.63594e-06 0.00011183 -1.69087e-06 -1.04725 -1.33204e-06 1.57079 -6.52018e-08
28.698 -1.0472 -1.04725 5.45939e-05 14.2442 -1.63804e-06 0.000111992 -1.69306e-06 -1.04725 -1.33396e-06 1.57079 -6.52965e-08
28.699 -1.0472 -1.04725 5.46714e-05 14.2442 -1.64008e-06 0.000112151 -1.69519e-06 -1.04725 -1.33584e-06 1.57079 -6.53892e-08
28.7 -1.0472 -1.04725 5.47472e-05 14.2442 -1.64208e-06 0.000112307 -1.69727e-06 -1.04725 -1.33768e-06 1.57079 -6.54799e-08
28.701 -1.0472 -1.04725 5.48213e-05 14.2442 -1.64404e-06 0.000112459 -1.6993e-06 -1.04725 -1.33948e-06 1.57079 -6.55687e-08
28.702 -1.0472 -1.04725 5.48938e-05 14.2442 -1.64594e-06 0.000112607 -1.70128e-06 -1.04725 -1.34124e-06 1.57079 -6.56554e-08
28.703 -1.0472 -1.04725 5.49646e-05 14.2442 -1.64779e-06 0.000112753 -1.70321e-06 -1.04725 -1.34296e-06 1.57079 -6.57402e-08
28.704 -1.0472 -1.04725 5.50338e-05 14.2442 -1.6496e-06 0.000112895 -1.70509e-06 -1.04725 -1.34463e-06 1.57079 -6.58231e-08
28.705 -1.0472 -1.04725 5.51013e-05 14.2442 -1.65135e-06 0.000113033 -1.70692e-06 -1.04725 -1.34627e-06 1.57079 -6.59039e-08
28.706 -1.0472 -1.04725 5.51672e-05 14.2442 -1.65306e-06 0.000113168 -1.7087e-06 -1.04725 -1.34787e-06 1.57079 -6.59828e-08
28.707 -1.0472 -1.04725 5.52315e-05 14.2442 -1.65473e-06 0.0001133 -1.71043e-06 -1.04725 -1.34943e-06 1.57079 -6.60597e-08
28.708 -1.0472 -1.04725 5.52941e-05 14.2441 -1.65634e-06 0.000113428 -1.71212e-06 -1.04725 -1.35094e-06 1.57079 -6.61347e-08
28.709 -1.0472 -1.04725 5.5355e-05 14.2441 -1.6579e-06 0.000113553 -1.71375e-06 -1.04725 -1.35242e-06 1.57079 -6.62077e-08
28.71 -1.0472 -1.04725 5.54144e-05 14.2441 -1.65942e-06 0.000113675 -1.71533e-06 -1.04725 -1.35386e-06 1.57079 -6.62787e-08
28.711 -1.0472 -1.04725 5.54721e-05 14.2441 -1.66089e-06 0.000113793 -1.71686e-06 -1.04725 -1.35525e-06 1.57079 -6.63478e-08
28.712 -1.0472 -1.04725 5.55282e-05 14.2441 -1.66231e-06 0.000113908 -1.71835e-06 -1.04725 -1.35661e-06 1.57079 -6.6415e-08
28.713 -1.0472 -1.04725 5.55826e-05 14.2441 -1.66369e-06 0.00011402 -1.71978e-06 -1.04725 -1.35793e-06 1.57079 -6.64802e-08
28.714 -1.0472 -1.04725 5.56354e-05 14.2441 -1.66501e-06 0.000114128 -1.72117e-06 -1.04725 -1.35921e-06 1.57079 -6.65435e-08
28.715 -1.0472 -1.04725 5.56867e-05 14.2441 -1.66629e-06 0.000114234 -1.7225e-06 -1.04725 -1.36045e-06 1.57079 -6.66049e-08
28.716 -1.0472 -1.04725 5.57363e-05 14.2441 -1.66753e-06 0.000114335 -1.72379e-06 -1.04725 -1.36164e-06 1.57079 -6.66643e-08
28.717 -1.0472 -1.04725 5.57843e-05 14.2441 -1.66871e-06 0.000114434 -1.72503e-06 -1.04725 -1.3628e-06 1.57079 -6.67218e-08
28.718 -1.0472 -1.04725 5.58306e-05 14.2441 -1.66985e-06 0.000114529 -1.72622e-06 -1.04725 -1.36393e-06 1.57079 -6.67774e-08
28.719 -1.0472 -1.04725 5.58754e-05 14.244 -1.67094e-06 0.000114621 -1.72736e-06 -1.04725 -1.36501e-06 1.57079 -6.68311e-08
28.72 -1.0472 -1.04725 5.59186e-05 14.244 -1.67199e-06 0.000114709 -1.72845e-06 -1.04725 -1.36605e-06 1.57079 -6.68829e-08
28.721 -1.0472 -1.04725 5.59602e-05 14.244 -1.67299e-06 0.000114795 -1.7295e-06 -1.04725 -1.36705e-06 1.57079 -6.69327e-08
28.722 -1.0472 -1.04725 5.60002e-05 14.244 -1.67394e-06 0.000114877 -1.7305e-06 -1.04725 -1.36802e-06 1.57079 -6.69807e-08
28.723 -1.0472 -1.04725 5.60386e-05 14.244 -1.67484e-06 0.000114955 -1.73145e-06 -1.04725 -1.36894e-06 1.57079 -6.70267e-08
28.724 -1.0472 -1.04725 5.60754e-05 14.244 -1.6757e-06 0.000115031 -1.73235e-06 -1.04725 -1.36983e-06 1.57079 -6.70709e-08
28.725 -1.0472 -1.04725 5.61106e-05 14.244 -1.67652e-06 0.000115103 -1.7332e-06 -1.04725 -1.37068e-06 1.57079 -6.71132e-08
28.726 -1.0472 -1.04725 5.61443e-05 14.244 -1.67728e-06 0.000115172 -1.73401e-06 -1.04725 -1.37149e-06 1.57079 -6.71536e-08
28.727 -1.0472 -1.04725 5.61764e-05 14.244 -1.678e-06 0.000115238 -1.73476e-06 -1.04725 -1.37226e-06 1.57079 -6.71921e-08
28.728 -1.0472 -1.04725 5.62069e-05 14.244 -1.67868e-06 0.0001153 -1.73547e-06 -1.04725 -1.37299e-06 1.57079 -6.72287e-08
28.729 -1.0472 -1.04725 5.62358e-05 14.2439 -1.67931e-06 0.00011536 -1.73614e-06 -1.04725 -1.37369e-06 1.57079 -6.72635e-08
28.73 -1.0472 -1.04725 5.62632e-05 14.2439 -1.67989e-06 0.000115416 -1.73675e-06 -1.04725 -1.37434e-06 1.57079 -6.72964e-08
28.731 -1.0472 -1.04725 5.6289e-05 14.2439 -1.68043e-06 0.000115469 -1.73732e-06 -1.04725 -1.37496e-06 1.57079 -6.73274e-08
28.732 -1.0472 -1.04725 5.63133e-05 14.2439 -1.68092e-06 0.000115519 -1.73785e-06 -1.04725 -1.37554e-06 1.57079 -6.73566e-08
28.733 -1.0472 -1.04725 5.6336e-05 14.2439 -1.68137e-06 0.000115565 -1.73832e-06 -1.04725 -1.37608e-06 1.57079 -6.73839e-08
28.734 -1.0472 -1.04725 5.63572e-05 14.2439 -1.68178e-06 0.000115609 -1.73875e-06 -1.04725 -1.37659e-06 1.57079 -6.74094e-08
28.735 -1.0472 -1.04725 5.63768e-05 14.2439 -1.68213e-06 0.000115649 -1.73913e-06 -1.04725 -1.37706e-06 1.57079 -6.7433e-08
28.736 -1.0472 -1.04725 5.63949e-05 14.2439 -1.68245e-06 0.000115686 -1.73947e-06 -1.04725 -1.37749e-06 1.57079 -6.74548e-08
28.737 -1.0472 -1.04725 5.64114e-05 14.2438 -1.68271e-06 0.00011572 -1.73976e-06 -1.04725 -1.37788e-06 1.57079 -6.74747e-08
28.738 -1.0472 -1.04725 5.64265e-05 14.2438 -1.68294e-06 0.000115751 -1.74e-06 -1.04725 -1.37823e-06 1.57079 -6.74928e-08
28.739 -1.0472 -1.04725 5.64399e-05 14.2438 -1.68312e-06 0.000115778 -1.7402e-06 -1.04725 -1.37855e-06 1.57079 -6.75091e-08
28.74 -1.0472 -1.04725 5.64519e-05 14.2438 -1.68325e-06 0.000115803 -1.74035e-06 -1.04725 -1.37883e-06 1.57079 -6.75236e-08
28.741 -1.0472 -1.04725 5.64623e-05 14.2438 -1.68334e-06 0.000115824 -1.74046e-06 -1.04725 -1.37907e-06 1.57079 -6.75363e-08
28.742 -1.0472 -1.04725 5.64713e-05 14.2438 -1.68339e-06 0.000115842 -1.74052e-06 -1.04725 -1.37928e-06 1.57079 -6.75471e-08
28.743 -1.0472 -1.04725 5.64787e-05 14.2438 -1.68339e-06 0.000115857 -1.74053e-06 -1.04725 -1.37945e-06 1.57079 -6.75561e-08
28.744 -1.0472 -1.04725 5.64846e-05 14.2437 -1.68335e-06 0.00011587 -1.7405e-06 -1.04725 -1.37958e-06 1.57079 -6.75634e-08
28.745 -1.0472 -1.04725 5.6489e-05 14.2437 -1.68327e-06 0.000115879 -1.74042e-06 -1.04725 -1.37967e-06 1.57079 -6.75688e-08
28.746 -1.0472 -1.04725 5.64919e-05 14.2437 -1.68314e-06 0.000115884 -1.7403e-06 -1.04725 -1.37973e-06 1.57079 -6.75725e-08
28.747 -1.0472 -1.04725 5.64933e-05 14.2437 -1.68297e-06 0.000115887 -1.74014e-06 -1.04725 -1.37975e-06 1.57079 -6.75744e-08
28.748 -1.0472 -1.04725 5.64932e-05 14.2437 -1.68275e-06 0.000115887 -1.73993e-06 -1.04725 -1.37974e-06 1.57079 -6.75744e-08
28.749 -1.0472 -1.04725 5.64916e-05 14.2437 -1.6825e-06 0.000115884 -1.73967e-06 -1.04725 -1.37969e-06 1.57079 -6.75728e-08
28.75 -1.0472 -1.04725 5.64886e-05 14.2437 -1.6822e-06 0.000115878 -1.73937e-06 -1.04725 -1.3796e-06 1.57079 -6.75693e-08
28.751 -1.0472 -1.04725 5.64841e-05 14.2436 -1.68185e-06 0.000115868 -1.73903e-06 -1.04725 -1.37948e-06 1.57079 -6.75641e-08
28.752 -1.0472 -1.04725 5.64781e-05 14.2436 -1.68146e-06 0.000115856 -1.73864e-06 -1.04725 -1.37932e-06 1.57079 -6.75571e-08
28.753 -1.0472 -1.04725 5.64706e-05 14.2436 -1.68104e-06 0.000115841 -1.7382e-06 -1.04725 -1.37913e-06 1.57079 -6.75484e-08
28.754 -1.0472 -1.04725 5.64617e-05 14.2436 -1.68056e-06 0.000115822 -1.73773e-06 -1.04725 -1.3789e-06 1.57079 -6.75379e-08
28.755 -1.0472 -1.04725 5.64513e-05 14.2436 -1.68005e-06 0.000115801 -1.73721e-06 -1.04725 -1.37863e-06 1.57079 -6.75256e-08
28.756 -1.0472 -1.04725 5.64394e-05 14.2436 -1.67949e-06 0.000115776 -1.73664e-06 -1.04725 -1.37833e-06 1.57079 -6.75117e-08
28.757 -1.0472 -1.04725 5.64261e-05 14.2435 -1.6789e-06 0.000115749 -1.73603e-06 -1.04725 -1.37799e-06 1.57079 -6.7496e-08
28.758 -1.0472 -1.04725 5.64114e-05 14.2435 -1.67825e-06 0.000115719 -1.73538e-06 -1.04725 -1.37762e-06 1.57079 -6.74786e-08
28.759 -1.0472 -1.04725 5.63952e-05 14.2435 -1.67757e-06 0.000115686 -1.73469e-06 -1.04725 -1.37721e-06 1.57079 -6.74594e-08
28.76 -1.0472 -1.04725 5.63776e-05 14.2435 -1.67685e-06 0.000115649 -1.73395e-06 -1.04725 -1.37677e-06 1.57079 -6.74385e-08
28.761 -1.0472 -1.04725 5.63585e-05 14.2435 -1.67608e-06 0.00011561 -1.73317e-06 -1.04725 -1.37629e-06 1.57079 -6.7416e-08
28.762 -1.0472 -1.04725 5.6338e-05 14.2435 -1.67528e-06 0.000115568 -1.73235e-06 -1.04725 -1.37578e-06 1.57079 -6.73917e-08
28.763 -1.0472 -1.04725 5.63161e-05 14.2434 -1.67443e-06 0.000115523 -1.73148e-06 -1.04725 -1.37523e-06 1.57079 -6.73657e-08
28.764 -1.0472 -1.04725 5.62928e-05 14.2434 -1.67354e-06 0.000115475 -1.73057e-06 -1.04725 -1.37465e-06 1.57079 -6.7338e-08
28.765 -1.0472 -1.04725 5.6268e-05 14.2434 -1.67261e-06 0.000115425 -1.72962e-06 -1.04725 -1.37403e-06 1.57079 -6.73087e-08
28.766 -1.0472 -1.04725 5.62419e-05 14.2434 -1.67164e-06 0.000115371 -1.72863e-06 -1.04725 -1.37338e-06 1.57079 -6.72776e-08
28.767 -1.0472 -1.04725 5.62143e-05 14.2434 -1.67063e-06 0.000115314 -1.72759e-06 -1.04725 -1.3727e-06 1.57079 -6.72449e-08
28.768 -1.0472 -1.04725 5.61854e-05 14.2434 -1.66958e-06 0.000115255 -1.72651e-06 -1.04725 -1.37198e-06 1.57079 -6.72105e-08
28.769 -1.0472 -1.04725 5.6155e-05 14.2433 -1.66849e-06 0.000115193 -1.7254e-06 -1.04725 -1.37123e-06 1.57079 -6.71744e-08
28.77 -1.0472 -1.04725 5.61233e-05 14.2433 -1.66736e-06 0.000115127 -1.72424e-06 -1.04725 -1.37044e-06 1.57079 -6.71367e-08
28.771 -1.0472 -1.04725 5.60902e-05 14.2433 -1.66618e-06 0.000115059 -1.72303e-06 -1.04725 -1.36962e-06 1.57079 -6.70973e-08
28.772 -1.0472 -1.04725 5.60557e-05 14.2433 -1.66497e-06 0.000114989 -1.72179e-06 -1.04725 -1.36876e-06 1.57079 -6.70563e-08
28.773 -1.0472 -1.04725 5.60198e-05 14.2433 -1.66372e-06 0.000114915 -1.72051e-06 -1.04725 -1.36788e-06 1.57079 -6.70136e-08
28.774 -1.0472 -1.04725 5.59826e-05 14.2432 -1.66243e-06 0.000114839 -1.71918e-06 -1.04725 -1.36695e-06 1.57079 -6.69693e-08
28.775 -1.0472 -1.04725 5.5944e-05 14.2432 -1.6611e-06 0.000114759 -1.71781e-06 -1.04725 -1.366e-06 1.57079 -6.69234e-08
28.776 -1.0472 -1.04725 5.5904e-05 14.2432 -1.65973e-06 0.000114677 -1.71641e-06 -1.04725 -1.36501e-06 1.57079 -6.68758e-08
28.777 -1.0472 -1.04725 5.58627e-05 14.2432 -1.65832e-06 0.000114592 -1.71496e-06 -1.04725 -1.36399e-06 1.57079 -6.68266e-08
28.778 -1.0472 -1.04725 5.582e-05 14.2432 -1.65687e-06 0.000114505 -1.71347e-06 -1.04725 -1.36294e-06 1.57079 -6.67758e-08
28.779 -1.0472 -1.04725 5.5776e-05 14.2431 -1.65538e-06 0.000114415 -1.71194e-06 -1.04725 -1.36185e-06 1.57079 -6.67235e-08
28.78 -1.0472 -1.04725 5.57306e-05 14.2431 -1.65386e-06 0.000114321 -1.71037e-06 -1.04725 -1.36073e-06 1.57079 -6.66695e-08
28.781 -1.0472 -1.04725 5.56839e-05 14.2431 -1.65229e-06 0.000114226 -1.70877e-06 -1.04725 -1.35958e-06 1.57079 -6.66139e-08
28.782 -1.0472 -1.04725 5.56359e-05 14.2431 -1.65069e-06 0.000114127 -1.70712e-06 -1.04725 -1.35839e-06 1.57079 -6.65567e-08
28.783 -1.0472 -1.04725 5.55865e-05 14.2431 -1.64905e-06 0.000114026 -1.70543e-06 -1.04725 -1.35717e-06 1.57079 -6.64979e-08
28.784 -1.0472 -1.04725 5.55359e-05 14.243 -1.64737e-06 0.000113922 -1.7037e-06 -1.04725 -1.35593e-06 1.57079 -6.64376e-08
28.785 -1.0472 -1.04725 5.54839e-05 14.243 -1.64566e-06 0.000113815 -1.70194e-06 -1.04725 -1.35464e-06 1.57079 -6.63756e-08
28.786 -1.0472 -1.04725 5.54306e-05 14.243 -1.6439e-06 0.000113706 -1.70013e-06 -1.04725 -1.35333e-06 1.57079 -6.63122e-08
28.787 -1.0472 -1.04725 5.5376e-05 14.243 -1.64211e-06 0.000113594 -1.69829e-06 -1.04725 -1.35199e-06 1.57079 -6.62471e-08
28.788 -1.0472 -1.04725 5.53201e-05 14.243 -1.64028e-06 0.000113479 -1.69641e-06 -1.04725 -1.35061e-06 1.57079 -6.61805e-08
28.789 -1.0472 -1.04725 5.52629e-05 14.2429 -1.63841e-06 0.000113362 -1.69448e-06 -1.04725 -1.3492e-06 1.57079 -6.61124e-08
28.79 -1.0472 -1.04725 5.52044e-05 14.2429 -1.63651e-06 0.000113242 -1.69252e-06 -1.04725 -1.34776e-06 1.57079 -6.60427e-08
28.791 -1.0472 -1.04725 5.51447e-05 14.2429 -1.63457e-06 0.000113119 -1.69053e-06 -1.04725 -1.34629e-06 1.57079 -6.59715e-08
28.792 -1.0472 -1.04725 5.50836e-05 14.2429 -1.63259e-06 0.000112994 -1.68849e-06 -1.04725 -1.34479e-06 1.57079 -6.58988e-08
28.793 -1.0472 -1.04725 5.50213e-05 14.2429 -1.63058e-06 0.000112866 -1.68642e-06 -1.04725 -1.34325e-06 1.57079 -6.58246e-08
28.794 -1.0472 -1.04725 5.49577e-05 14.2428 -1.62853e-06 0.000112735 -1.6843e-06 -1.04725 -1.34169e-06 1.57079 -6.57488e-08
28.795 -1.0472 -1.04725 5.48929e-05 14.2428 -1.62644e-06 0.000112602 -1.68215e-06 -1.04725 -1.3401e-06 1.57079 -6.56715e-08
28.796 -1.0472 -1.04725 5.48268e-05 14.2428 -1.62432e-06 0.000112467 -1.67997e-06 -1.04725 -1.33847e-06 1.57079 -6.55927e-08
28.797 -1.0472 -1.04725 5.47594e-05 14.2428 -1.62216e-06 0.000112328 -1.67774e-06 -1.04725 -1.33681e-06 1.57079 -6.55125e-08
28.798 -1.0472 -1.04725 5.46909e-05 14.2427 -1.61996e-06 0.000112188 -1.67548e-06 -1.04725 -1.33513e-06 1.57079 -6.54307e-08
28.799 -1.0472 -1.04725 5.4621e-05 14.2427 -1.61773e-06 0.000112044 -1.67318e-06 -1.04725 -1.33341e-06 1.57079 -6.53475e-08
28.8 -1.0472 -1.04725 5.455e-05 14.2427 -1.61547e-06 0.000111899 -1.67085e-06 -1.04725 -1.33166e-06 1.57079 -6.52628e-08
28.801 -1.0472 -1.04725 5.44777e-05 14.2427 -1.61316e-06 0.00011175 -1.66848e-06 -1.04725 -1.32989e-06 1.57079 -6.51766e-08
28.802 -1.0472 -1.04725 5.44041e-05 14.2427 -1.61083e-06 0.000111599 -1.66607e-06 -1.04725 -1.32808e-06 1.57079 -6.50889e-08
28.803 -1.0472 -1.04725 5.43294e-05 14.2426 -1.60846e-06 0.000111446 -1.66362e-06 -1.04725 -1.32624e-06 1.57079 -6.49998e-08
28.804 -1.0472 -1.04725 5.42534e-05 14.2426 -1.60605e-06 0.00011129 -1.66114e-06 -1.04725 -1.32438e-06 1.57079 -6.49093e-08
28.805 -1.0472 -1.04725 5.41763e-05 14.2426 -1.60361e-06 0.000111132 -1.65863e-06 -1.04725 -1.32248e-06 1.57079 -6.48173e-08
28.806 -1.0472 -1.04725 5.40979e-05 14.2426 -1.60113e-06 0.000110971 -1.65607e-06 -1.04725 -1.32056e-06 1.57079 -6.47239e-08
28.807 -1.0472 -1.04725 5.40184e-05 14.2425 -1.59862e-06 0.000110808 -1.65348e-06 -1.04725 -1.3186e-06 1.57079 -6.4629e-08
28.808 -1.0472 -1.04725 5.39376e-05 14.2425 -1.59608e-06 0.000110642 -1.65086e-06 -1.04725 -1.31662e-06 1.57079 -6.45327e-08
28.809 -1.0472 -1.04725 5.38557e-05 14.2425 -1.5935e-06 0.000110474 -1.6482e-06 -1.04725 -1.31461e-06 1.57079 -6.4435e-08
28.81 -1.0472 -1.04725 5.37726e-05 14.2425 -1.59089e-06 0.000110303 -1.64551e-06 -1.04725 -1.31256e-06 1.57079 -6.43359e-08
28.811 -1.0472 -1.04725 5.36883e-05 14.2424 -1.58824e-06 0.00011013 -1.64278e-06 -1.04725 -1.3105e-06 1.57079 -6.42354e-08
