playtime q_target_4 q_joint_4 q_error_4 tau_desired_4 q_joint_1 q_joint_2 q_joint_3 q_joint_4 q_joint_5 q_joint_6 q_joint_7
15.896 -0.436332 -0.523597 0.0872647 14.3795 -6.91781e-08 6.42084e-09 -6.6348e-06 -0.523597 1.80602e-05 1.57079 -0.00196966
15.897 -0.436332 -0.523564 0.0872317 14.046 9.10523e-08 1.45447e-05 -6.08892e-06 -0.523564 1.85357e-05 1.57078 -0.00196764
15.898 -0.436332 -0.5235 0.0871674 13.7264 4.15599e-07 4.28214e-05 -5.04821e-06 -0.5235 1.94041e-05 1.57077 -0.00196392
15.899 -0.436332 -0.523406 0.0870735 13.4198 9.08822e-07 8.40881e-05 -3.56062e-06 -0.523406 2.05933e-05 1.57075 -0.0019587
15.9 -0.436332 -0.523284 0.0869516 13.1259 1.57312e-06 0.000137629 -1.67051e-06 -0.523284 2.20394e-05 1.57072 -0.00195213
15.901 -0.436332 -0.523135 0.0868031 12.8439 2.40916e-06 0.00020276 5.81017e-07 -0.523135 2.36855e-05 1.5707 -0.00194437
15.902 -0.436332 -0.522962 0.0866295 12.5734 3.41611e-06 0.000278826 3.15594e-06 -0.522962 2.54813e-05 1.57066 -0.00193557
15.903 -0.436332 -0.522764 0.0864321 12.3139 4.59183e-06 0.000365203 6.01901e-06 -0.522764 2.73822e-05 1.57063 -0.00192583
15.904 -0.436332 -0.522545 0.0862123 12.0648 5.93303e-06 0.000461292 9.13758e-06 -0.522545 2.93493e-05 1.57059 -0.00191528
15.905 -0.436332 -0.522303 0.0859711 11.8257 7.43546e-06 0.000566522 1.24814e-05 -0.522303 3.1348e-05 1.57056 -0.001904
15.906 -0.436332 -0.522042 0.08571 11.5962 9.09403e-06 0.000680345 1.60224e-05 -0.522042 3.33484e-05 1.57052 -0.0018921
15.907 -0.436332 -0.521762 0.0854298 11.3759 1.09029e-05 0.000802238 1.97346e-05 -0.521762 3.53242e-05 1.57048 -0.00187965
15.908 -0.436332 -0.521464 0.0851318 11.1643 1.28558e-05 0.000931703 2.3594e-05 -0.521464 3.72529e-05 1.57043 -0.00186672
15.909 -0.436332 -0.521149 0.084817 10.9611 1.49458e-05 0.00106826 2.7578e-05 -0.521149 3.91148e-05 1.57039 -0.00185337
15.91 -0.436332 -0.520819 0.0844863 10.766 1.71657e-05 0.00121145 3.16661e-05 -0.520819 4.08934e-05 1.57035 -0.00183967
15.911 -0.436332 -0.520473 0.0841407 10.5785 1.95079e-05 0.00136084 3.5839e-05 -0.520473 4.25744e-05 1.57031 -0.00182567
15.912 -0.436332 -0.520113 0.083781 10.3984 2.19645e-05 0.00151601 4.00788e-05 -0.520113 4.41459e-05 1.57027 -0.00181141
15.913 -0.436332 -0.51974 0.0834082 10.2253 2.45276e-05 0.00167657 4.43691e-05 -0.51974 4.55981e-05 1.57023 -0.00179693
15.914 -0.436332 -0.519355 0.0830229 10.059 2.71892e-05 0.00184212 4.86945e-05 -0.519355 4.69229e-05 1.57019 -0.00178228
15.915 -0.436332 -0.518958 0.0826261 9.89921 2.9941e-05 0.0020123 5.30409e-05 -0.518958 4.81139e-05 1.57015 -0.00176748
15.916 -0.436332 -0.518551 0.0822185 9.74559 3.2775e-05 0.00218676 5.7395e-05 -0.518551 4.91661e-05 1.57011 -0.00175256
15.917 -0.436332 -0.518133 0.0818006 9.59791 3.56828e-05 0.00236518 6.17447e-05 -0.518133 5.00758e-05 1.57007 -0.00173756
15.918 -0.436332 -0.517706 0.0813734 9.45594 3.86566e-05 0.00254723 6.60788e-05 -0.517706 5.08404e-05 1.57003 -0.0017225
15.919 -0.436332 -0.51727 0.0809373 9.31944 4.16882e-05 0.0027326 7.03868e-05 -0.51727 5.14582e-05 1.57 -0.00170739
15.92 -0.436332 -0.516825 0.0804929 9.18817 4.47698e-05 0.00292101 7.46591e-05 -0.516825 5.19286e-05 1.56996 -0.00169226
15.921 -0.436332 -0.516373 0.080041 9.06193 4.78936e-05 0.00311218 7.88867e-05 -0.516373 5.22517e-05 1.56993 -0.00167712
15.922 -0.436332 -0.515914 0.079582 8.94052 5.10521e-05 0.00330583 8.30615e-05 -0.515914 5.24282e-05 1.5699 -0.001662
15.923 -0.436332 -0.515449 0.0791165 8.82373 5.42377e-05 0.00350173 8.71758e-05 -0.515449 5.24594e-05 1.56987 -0.00164689
15.924 -0.436332 -0.514977 0.078645 8.71137 5.74434e-05 0.00369961 9.12228e-05 -0.514977 5.23472e-05 1.56984 -0.00163182
15.925 -0.436332 -0.5145 0.0781679 8.60327 6.06619e-05 0.00389926 9.51959e-05 -0.5145 5.20939e-05 1.56981 -0.0016168
15.926 -0.436332 -0.514018 0.0776858 8.49926 6.38866e-05 0.00410045 9.90893e-05 -0.514018 5.17021e-05 1.56978 -0.00160183
15.927 -0.436332 -0.513531 0.0771991 8.39916 6.71108e-05 0.00430297 0.000102898 -0.513531 5.11749e-05 1.56976 -0.00158693
15.928 -0.436332 -0.51304 0.0767081 8.30283 7.03281e-05 0.00450663 0.000106616 -0.51304 5.05154e-05 1.56973 -0.00157209
15.929 -0.436332 -0.512546 0.0762134 8.21011 7.35323e-05 0.00471121 0.00011024 -0.512546 4.97272e-05 1.56971 -0.00155734
15.93 -0.436332 -0.512048 0.0757154 8.12085 7.67175e-05 0.00491655 0.000113765 -0.512048 4.8814e-05 1.56969 -0.00154267
15.931 -0.436332 -0.511547 0.0752142 8.03492 7.9878e-05 0.00512247 0.000117188 -0.511547 4.77795e-05 1.56967 -0.00152808
15.932 -0.436332 -0.511043 0.0747104 7.95219 8.30084e-05 0.00532881 0.000120505 -0.511043 4.66277e-05 1.56965 -0.00151359
15.933 -0.436332 -0.510537 0.0742043 7.87252 8.61034e-05 0.0055354 0.000123713 -0.510537 4.53627e-05 1.56963 -0.0014992
15.934 -0.436332 -0.510028 0.0736961 7.79579 8.91579e-05 0.00574209 0.00012681 -0.510028 4.39885e-05 1.56961 -0.00148491
15.935 -0.436332 -0.509518 0.0731862 7.72189 9.21673e-05 0.00594874 0.000129794 -0.509518 4.25092e-05 1.5696 -0.00147072
15.936 -0.436332 -0.509007 0.0726748 7.6507 9.5127e-05 0.00615521 0.000132661 -0.509007 4.0929e-05 1.56958 -0.00145664
15.937 -0.436332 -0.508495 0.0721623 7.58211 9.80326e-05 0.00636137 0.00013541 -0.508495 3.9252e-05 1.56957 -0.00144266
15.938 -0.436332 -0.507981 0.0716489 7.51603 0.00010088 0.0065671 0.00013804 -0.507981 3.74825e-05 1.56955 -0.0014288
15.939 -0.436332 -0.507467 0.0711348 7.45234 0.000103665 0.00677228 0.000140549 -0.507467 3.56243e-05 1.56954 -0.00141504
15.94 -0.436332 -0.506953 0.0706204 7.39097 0.000106385 0.0069768 0.000142937 -0.506953 3.36818e-05 1.56953 -0.0014014
15.941 -0.436332 -0.506438 0.0701057 7.3318 0.000109036 0.00718055 0.000145201 -0.506438 3.16588e-05 1.56952 -0.00138787
15.942 -0.436332 -0.505923 0.0695911 7.27477 0.000111614 0.00738343 0.000147341 -0.505923 2.95593e-05 1.56951 -0.00137446
15.943 -0.436332 -0.505409 0.0690767 7.21977 0.000114117 0.00758535 0.000149357 -0.505409 2.73872e-05 1.56951 -0.00136116
15.944 -0.436332 -0.504895 0.0685627 7.16674 0.000116541 0.0077862 0.000151249 -0.504895 2.51464e-05 1.5695 -0.00134797
15.945 -0.436332 -0.504382 0.0680493 7.11559 0.000118885 0.00798592 0.000153015 -0.504382 2.28406e-05 1.56949 -0.00133491
15.946 -0.436332 -0.503869 0.0675367 7.06625 0.000121145 0.00818441 0.000154656 -0.503869 2.04735e-05 1.56949 -0.00132195
15.947 -0.436332 -0.503357 0.067025 7.01864 0.000123319 0.0083816 0.000156172 -0.503357 1.80486e-05 1.56948 -0.00130911
15.948 -0.436332 -0.502847 0.0665145 6.9727 0.000125405 0.00857741 0.000157563 -0.502847 1.55695e-05 1.56948 -0.00129639
15.949 -0.436332 -0.502338 0.0660052 6.92836 0.000127402 0.00877178 0.000158829 -0.502338 1.30396e-05 1.56948 -0.00128378
15.95 -0.436332 -0.50183 0.0654973 6.88556 0.000129307 0.00896464 0.000159972 -0.50183 1.04621e-05 1.56947 -0.00127129
15.951 -0.436332 -0.501323 0.0649909 6.84423 0.000131119 0.00915593 0.00016099 -0.501323 7.84037e-06 1.56947 -0.00125891
15.952 -0.436332 -0.500818 0.0644861 6.80433 0.000132837 0.0093456 0.000161885 -0.500818 5.17748e-06 1.56947 -0.00124665
15.953 -0.436332 -0.500315 0.0639832 6.76578 0.000134458 0.00953358 0.000162658 -0.500315 2.47649e-06 1.56947 -0.0012345
15.954 -0.436332 -0.499814 0.0634821 6.72853 0.000135983 0.00971982 0.000163309 -0.499814 -2.5966e-07 1.56947 -0.00122246
15.955 -0.436332 -0.499315 0.0629829 6.69255 0.000137409 0.00990428 0.00016384 -0.499315 -3.0281e-06 1.56947 -0.00121054
15.956 -0.436332 -0.498818 0.0624859 6.65776 0.000138736 0.0100869 0.000164251 -0.498818 -5.82607e-06 1.56947 -0.00119872
15.957 -0.436332 -0.498323 0.061991 6.62413 0.000139964 0.0102677 0.000164543 -0.498323 -8.65089e-06 1.56947 -0.00118702
15.958 -0.436332 -0.497831 0.0614984 6.59161 0.000141091 0.0104465 0.000164718 -0.497831 -1.15e-05 1.56947 -0.00117543
15.959 -0.436332 -0.49734 0.0610082 6.56016 0.000142117 0.0106234 0.000164776 -0.49734 -1.43708e-05 1.56948 -0.00116394
15.96 -0.436332 -0.496853 0.0605203 6.52972 0.000143042 0.0107984 0.00016472 -0.496853 -1.7261e-05 1.56948 -0.00115257
15.961 -0.436332 -0.496367 0.060035 6.50027 0.000143866 0.0109713 0.000164549 -0.496367 -2.01683e-05 1.56948 -0.00114131
15.962 -0.436332 -0.495885 0.0595522 6.47176 0.000144587 0.0111422 0.000164266 -0.495885 -2.30903e-05 1.56949 -0.00113015
15.963 -0.436332 -0.495404 0.0590721 6.44415 0.000145207 0.011311 0.000163872 -0.495404 -2.60249e-05 1.56949 -0.00111909
15.964 -0.436332 -0.494927 0.0585946 6.41741 0.000145725 0.0114777 0.000163369 -0.494927 -2.897e-05 1.56949 -0.00110815
15.965 -0.436332 -0.494452 0.0581199 6.3915 0.000146142 0.0116422 0.000162757 -0.494452 -3.19237e-05 1.5695 -0.00109731
15.966 -0.436332 -0.49398 0.0576479 6.36639 0.000146457 0.0118047 0.000162039 -0.49398 -3.4884e-05 1.5695 -0.00108657
15.967 -0.436332 -0.493511 0.0571788 6.34204 0.000146671 0.011965 0.000161216 -0.493511 -3.78491e-05 1.56951 -0.00107593
15.968 -0.436332 -0.493045 0.0567126 6.31843 0.000146784 0.0121231 0.00016029 -0.493045 -4.08171e-05 1.56951 -0.0010654
15.969 -0.436332 -0.492582 0.0562493 6.29552 0.000146797 0.012279 0.000159262 -0.492582 -4.37864e-05 1.56952 -0.00105497
15.97 -0.436332 -0.492121 0.055789 6.27329 0.00014671 0.0124327 0.000158134 -0.492121 -4.67553e-05 1.56953 -0.00104464
15.971 -0.436332 -0.491664 0.0553316 6.2517 0.000146524 0.0125842 0.000156907 -0.491664 -4.97222e-05 1.56953 -0.00103441
15.972 -0.436332 -0.49121 0.0548773 6.23074 0.00014624 0.0127334 0.000155584 -0.49121 -5.26857e-05 1.56954 -0.00102428
15.973 -0.436332 -0.490758 0.054426 6.21037 0.000145858 0.0128804 0.000154166 -0.490758 -5.56442e-05 1.56955 -0.00101424
15.974 -0.436332 -0.49031 0.0539778 6.19057 0.000145379 0.0130252 0.000152654 -0.49031 -5.85964e-05 1.56955 -0.0010043
15.975 -0.436332 -0.489865 0.0535327 6.17132 0.000144804 0.0131677 0.000151052 -0.489865 -6.1541e-05 1.56956 -0.000994464
15.976 -0.436332 -0.489423 0.0530907 6.15259 0.000144134 0.0133079 0.000149359 -0.489423 -6.44767e-05 1.56957 -0.000984717
15.977 -0.436332 -0.488984 0.0526518 6.13436 0.00014337 0.0134458 0.000147579 -0.488984 -6.74023e-05 1.56957 -0.000975066
15.978 -0.436332 -0.488548 0.0522161 6.11662 0.000142513 0.0135815 0.000145713 -0.488548 -7.03165e-05 1.56958 -0.000965508
15.979 -0.436332 -0.488116 0.0517835 6.09933 0.000141563 0.0137149 0.000143762 -0.488116 -7.32184e-05 1.56959 -0.000956042
15.98 -0.436332 -0.487686 0.0513541 6.08249 0.000140524 0.0138461 0.000141729 -0.487686 -7.61068e-05 1.5696 -0.000946669
15.981 -0.436332 -0.48726 0.0509279 6.06607 0.000139394 0.0139749 0.000139616 -0.48726 -7.89807e-05 1.5696 -0.000937386
15.982 -0.436332 -0.486837 0.0505049 6.05006 0.000138176 0.0141015 0.000137424 -0.486837 -8.18392e-05 1.56961 -0.000928193
15.983 -0.436332 -0.486417 0.050085 6.03443 0.00013687 0.0142258 0.000135154 -0.486417 -8.46813e-05 1.56962 -0.00091909
15.984 -0.436332 -0.486001 0.0496684 6.01918 0.000135479 0.0143478 0.00013281 -0.486001 -8.75062e-05 1.56963 -0.000910076
15.985 -0.436332 -0.485587 0.0492549 6.00428 0.000134003 0.0144675 0.000130392 -0.485587 -9.0313e-05 1.56963 -0.000901149
15.986 -0.436332 -0.485177 0.0488447 5.98972 0.000132444 0.014585 0.000127903 -0.485177 -9.31009e-05 1.56964 -0.000892308
15.987 -0.436332 -0.48477 0.0484377 5.97548 0.000130802 0.0147002 0.000125345 -0.48477 -9.58692e-05 1.56965 -0.000883554
15.988 -0.436332 -0.484366 0.0480338 5.96156 0.00012908 0.0148131 0.000122718 -0.484366 -9.86171e-05 1.56966 -0.000874885
15.989 -0.436332 -0.483965 0.0476331 5.94793 0.000127279 0.0149238 0.000120026 -0.483965 -0.000101344 1.56967 -0.000866301
15.99 -0.436332 -0.483568 0.0472357 5.93459 0.000125401 0.0150323 0.000117269 -0.483568 -0.000104049 1.56967 -0.0008578
15.991 -0.436332 -0.483174 0.0468414 5.92151 0.000123446 0.0151385 0.00011445 -0.483174 -0.000106732 1.56968 -0.000849382
15.992 -0.436332 -0.482783 0.0464502 5.9087 0.000121416 0.0152424 0.000111571 -0.482783 -0.000109392 1.56969 -0.000841046
15.993 -0.436332 -0.482395 0.0460623 5.89614 0.000119313 0.0153442 0.000108632 -0.482395 -0.000112029 1.5697 -0.000832791
15.994 -0.436332 -0.48201 0.0456775 5.88381 0.000117138 0.0154437 0.000105637 -0.48201 -0.000114641 1.56971 -0.000824617
15.995 -0.436332 -0.481628 0.0452958 5.87171 0.000114893 0.015541 0.000102587 -0.481628 -0.00011723 1.56972 -0.000816523
15.996 -0.436332 -0.48125 0.0449173 5.85983 0.00011258 0.0156361 9.94826e-05 -0.48125 -0.000119793 1.56972 -0.000808507
15.997 -0.436332 -0.480874 0.0445418 5.84815 0.000110199 0.015729 9.6327e-05 -0.480874 -0.000122331 1.56973 -0.00080057
15.998 -0.436332 -0.480502 0.0441695 5.83667 0.000107753 0.0158198 9.31215e-05 -0.480502 -0.000124843 1.56974 -0.00079271
15.999 -0.436332 -0.480133 0.0438003 5.82538 0.000105242 0.0159083 8.98678e-05 -0.480133 -0.000127329 1.56975 -0.000784927
16 -0.436332 -0.479766 0.0434342 5.81426 0.00010267 0.0159947 8.65676e-05 -0.479766 -0.000129789 1.56976 -0.00077722
16.001 -0.436332 -0.479403 0.0430711 5.80332 0.000100036 0.016079 8.32226e-05 -0.479403 -0.000132222 1.56976 -0.000769588
16.002 -0.436332 -0.479043 0.042711 5.79253 9.73434e-05 0.0161611 7.98345e-05 -0.479043 -0.000134627 1.56977 -0.000762031
16.003 -0.436332 -0.478686 0.042354 5.78191 9.4593e-05 0.0162411 7.6405e-05 -0.478686 -0.000137005 1.56978 -0.000754548
16.004 -0.436332 -0.478332 0.042 5.77143 9.17864e-05 0.016319 7.29357e-05 -0.478332 -0.000139356 1.56979 -0.000747138
16.005 -0.436332 -0.477981 0.041649 5.76108 8.89255e-05 0.0163948 6.94283e-05 -0.477981 -0.000141678 1.5698 -0.0007398
16.006 -0.436332 -0.477633 0.041301 5.75088 8.60116e-05 0.0164686 6.58845e-05 -0.477633 -0.000143973 1.5698 -0.000732534
16.007 -0.436332 -0.477288 0.040956 5.7408 8.30464e-05 0.0165402 6.23058e-05 -0.477288 -0.000146238 1.56981 -0.000725339
16.008 -0.436332 -0.476946 0.0406138 5.73084 8.00315e-05 0.0166098 5.86939e-05 -0.476946 -0.000148476 1.56982 -0.000718214
16.009 -0.436332 -0.476607 0.0402746 5.72099 7.69685e-05 0.0166773 5.50502e-05 -0.476607 -0.000150684 1.56983 -0.000711159
16.01 -0.436332 -0.476271 0.0399383 5.71125 7.3859e-05 0.0167428 5.13765e-05 -0.476271 -0.000152863 1.56984 -0.000704173
16.011 -0.436332 -0.475937 0.0396049 5.70162 7.07045e-05 0.0168063 4.76742e-05 -0.475937 -0.000155014 1.56984 -0.000697256
16.012 -0.436332 -0.475607 0.0392743 5.69208 6.75066e-05 0.0168678 4.3945e-05 -0.475607 -0.000157135 1.56985 -0.000690406
16.013 -0.436332 -0.475279 0.0389466 5.68264 6.4267e-05 0.0169272 4.01902e-05 -0.475279 -0.000159226 1.56986 -0.000683623
16.014 -0.436332 -0.474954 0.0386217 5.67328 6.0987e-05 0.0169847 3.64114e-05 -0.474954 -0.000161288 1.56987 -0.000676907
16.015 -0.436332 -0.474632 0.0382996 5.66401 5.76684e-05 0.0170403 3.26101e-05 -0.474632 -0.000163321 1.56987 -0.000670256
16.016 -0.436332 -0.474313 0.0379803 5.65482 5.43126e-05 0.0170939 2.87877e-05 -0.474313 -0.000165324 1.56988 -0.00066367
16.017 -0.436332 -0.473996 0.0376637 5.64569 5.09212e-05 0.0171455 2.49458e-05 -0.473996 -0.000167297 1.56989 -0.000657149
16.018 -0.436332 -0.473682 0.0373498 5.63664 4.74957e-05 0.0171953 2.10856e-05 -0.473682 -0.00016924 1.5699 -0.000650692
16.019 -0.436332 -0.473371 0.0370387 5.62766 4.40376e-05 0.0172431 1.72087e-05 -0.473371 -0.000171153 1.5699 -0.000644298
16.02 -0.436332 -0.473063 0.0367303 5.61874 4.05484e-05 0.0172891 1.33164e-05 -0.473063 -0.000173037 1.56991 -0.000637967
16.021 -0.436332 -0.472757 0.0364245 5.60987 3.70297e-05 0.0173331 9.41011e-06 -0.472757 -0.00017489 1.56992 -0.000631698
16.022 -0.436332 -0.472454 0.0361213 5.60107 3.34829e-05 0.0173754 5.49116e-06 -0.472454 -0.000176714 1.56992 -0.00062549
16.023 -0.436332 -0.472153 0.0358208 5.59231 2.99095e-05 0.0174157 1.56089e-06 -0.472153 -0.000178507 1.56993 -0.000619343
16.024 -0.436332 -0.471855 0.0355229 5.5836 2.63109e-05 0.0174543 -2.37938e-06 -0.471855 -0.000180271 1.56994 -0.000613256
16.025 -0.436332 -0.47156 0.0352275 5.57494 2.26886e-05 0.017491 -6.32836e-06 -0.47156 -0.000182005 1.56994 -0.000607229
16.026 -0.436332 -0.471267 0.0349348 5.56632 1.9044e-05 0.0175259 -1.02848e-05 -0.471267 -0.000183708 1.56995 -0.000601261
16.027 -0.436332 -0.470977 0.0346445 5.55774 1.53786e-05 0.0175591 -1.42473e-05 -0.470977 -0.000185382 1.56996 -0.000595351
16.028 -0.436332 -0.470689 0.0343567 5.5492 1.16937e-05 0.0175905 -1.82148e-05 -0.470689 -0.000187026 1.56997 -0.0005895
16.029 -0.436332 -0.470404 0.0340715 5.54069 7.99074e-06 0.0176201 -2.2186e-05 -0.470404 -0.00018864 1.56997 -0.000583706
16.03 -0.436332 -0.470121 0.0337887 5.53221 4.27112e-06 0.017648 -2.61597e-05 -0.470121 -0.000190225 1.56998 -0.000577968
16.031 -0.436332 -0.469841 0.0335083 5.52377 5.36187e-07 0.0176741 -3.01347e-05 -0.469841 -0.000191779 1.56999 -0.000572287
16.032 -0.436332 -0.469563 0.0332303 5.51535 -3.21272e-06 0.0176986 -3.41099e-05 -0.469563 -0.000193304 1.56999 -0.000566662
16.033 -0.436332 -0.469287 0.0329548 5.50696 -6.97426e-06 0.0177213 -3.8084e-05 -0.469287 -0.000194799 1.57 -0.000561092
16.034 -0.436332 -0.469014 0.0326816 5.49859 -1.07471e-05 0.0177424 -4.20561e-05 -0.469014 -0.000196265 1.57 -0.000555576
16.035 -0.436332 -0.468743 0.0324108 5.49024 -1.453e-05 0.0177618 -4.60249e-05 -0.468743 -0.000197701 1.57001 -0.000550114
16.036 -0.436332 -0.468475 0.0321423 5.48192 -1.83216e-05 0.0177796 -4.99893e-05 -0.468475 -0.000199108 1.57002 -0.000544707
16.037 -0.436332 -0.468208 0.031876 5.47361 -2.21207e-05 0.0177957 -5.39484e-05 -0.468208 -0.000200486 1.57002 -0.000539352
16.038 -0.436332 -0.467944 0.0316121 5.46532 -2.5926e-05 0.0178103 -5.7901e-05 -0.467944 -0.000201834 1.57003 -0.000534049
16.039 -0.436332 -0.467683 0.0313505 5.45704 -2.97363e-05 0.0178232 -6.18462e-05 -0.467683 -0.000203153 1.57004 -0.000528799
16.04 -0.436332 -0.467423 0.031091 5.44877 -3.35503e-05 0.0178345 -6.57828e-05 -0.467423 -0.000204444 1.57004 -0.0005236
16.041 -0.436332 -0.467166 0.0308338 5.44052 -3.73669e-05 0.0178443 -6.971e-05 -0.467166 -0.000205705 1.57005 -0.000518453
16.042 -0.436332 -0.466911 0.0305788 5.43228 -4.11848e-05 0.0178525 -7.36267e-05 -0.466911 -0.000206937 1.57005 -0.000513356
16.043 -0.436332 -0.466658 0.0303259 5.42405 -4.5003e-05 0.0178591 -7.75319e-05 -0.466658 -0.000208141 1.57006 -0.000508308
16.044 -0.436332 -0.466408 0.0300752 5.41582 -4.88202e-05 0.0178642 -8.14248e-05 -0.466408 -0.000209316 1.57007 -0.000503311
16.045 -0.436332 -0.466159 0.0298267 5.4076 -5.26353e-05 0.0178679 -8.53043e-05 -0.466159 -0.000210463 1.57007 -0.000498362
16.046 -0.436332 -0.465913 0.0295802 5.39939 -5.64472e-05 0.01787 -8.91697e-05 -0.465913 -0.000211582 1.57008 -0.000493462
16.047 -0.436332 -0.465668 0.0293358 5.39118 -6.02549e-05 0.0178706 -9.302e-05 -0.465668 -0.000212672 1.57008 -0.00048861
16.048 -0.436332 -0.465426 0.0290935 5.38298 -6.40571e-05 0.0178698 -9.68542e-05 -0.465426 -0.000213734 1.57009 -0.000483806
16.049 -0.436332 -0.465186 0.0288532 5.37478 -6.7853e-05 0.0178675 -0.000100672 -0.465186 -0.000214768 1.57009 -0.000479049
16.05 -0.436332 -0.464947 0.0286149 5.36658 -7.16413e-05 0.0178637 -0.000104472 -0.464947 -0.000215775 1.5701 -0.000474338
16.051 -0.436332 -0.464711 0.0283787 5.35838 -7.54211e-05 0.0178586 -0.000108253 -0.464711 -0.000216753 1.5701 -0.000469674
16.052 -0.436332 -0.464477 0.0281444 5.35018 -7.91914e-05 0.017852 -0.000112015 -0.464477 -0.000217704 1.57011 -0.000465056
16.053 -0.436332 -0.464244 0.0279121 5.34198 -8.29511e-05 0.017844 -0.000115757 -0.464244 -0.000218628 1.57011 -0.000460483
16.054 -0.436332 -0.464014 0.0276817 5.33378 -8.66994e-05 0.0178347 -0.000119478 -0.464014 -0.000219525 1.57012 -0.000455955
16.055 -0.436332 -0.463786 0.0274532 5.32557 -9.04352e-05 0.0178239 -0.000123178 -0.463786 -0.000220394 1.57013 -0.000451471
16.056 -0.436332 -0.463559 0.0272267 5.31737 -9.41576e-05 0.0178119 -0.000126855 -0.463559 -0.000221236 1.57013 -0.000447032
16.057 -0.436332 -0.463334 0.027002 5.30916 -9.78657e-05 0.0177984 -0.000130509 -0.463334 -0.000222052 1.57014 -0.000442636
16.058 -0.436332 -0.463111 0.0267791 5.30095 -0.000101559 0.0177837 -0.00013414 -0.463111 -0.000222841 1.57014 -0.000438283
16.059 -0.436332 -0.46289 0.0265581 5.29273 -0.000105235 0.0177676 -0.000137746 -0.46289 -0.000223603 1.57015 -0.000433973
16.06 -0.436332 -0.462671 0.0263389 5.28451 -0.000108895 0.0177503 -0.000141327 -0.462671 -0.000224339 1.57015 -0.000429705
16.061 -0.436332 -0.462454 0.0261215 5.27628 -0.000112537 0.0177316 -0.000144882 -0.462454 -0.000225049 1.57016 -0.000425479
16.062 -0.436332 -0.462238 0.0259059 5.26805 -0.00011616 0.0177117 -0.000148411 -0.462238 -0.000225733 1.57016 -0.000421294
16.063 -0.436332 -0.462024 0.0256921 5.25981 -0.000119764 0.0176905 -0.000151913 -0.462024 -0.000226391 1.57017 -0.000417151
16.064 -0.436332 -0.461812 0.02548 5.25157 -0.000123348 0.0176681 -0.000155388 -0.461812 -0.000227023 1.57017 -0.000413049
16.065 -0.436332 -0.461602 0.0252696 5.24332 -0.00012691 0.0176444 -0.000158834 -0.461602 -0.00022763 1.57018 -0.000408986
16.066 -0.436332 -0.461393 0.0250609 5.23506 -0.000130451 0.0176195 -0.000162251 -0.461393 -0.000228211 1.57018 -0.000404964
16.067 -0.436332 -0.461186 0.0248539 5.22679 -0.000133969 0.0175934 -0.00016564 -0.461186 -0.000228767 1.57019 -0.000400981
16.068 -0.436332 -0.460981 0.0246486 5.21852 -0.000137463 0.0175661 -0.000168998 -0.460981 -0.000229298 1.57019 -0.000397037
16.069 -0.436332 -0.460777 0.0244449 5.21024 -0.000140934 0.0175377 -0.000172326 -0.460777 -0.000229804 1.57019 -0.000393132
16.07 -0.436332 -0.460575 0.0242428 5.20195 -0.00014438 0.017508 -0.000175623 -0.460575 -0.000230286 1.5702 -0.000389265
16.071 -0.436332 -0.460375 0.0240424 5.19365 -0.0001478 0.0174772 -0.000178889 -0.460375 -0.000230742 1.5702 -0.000385437
16.072 -0.436332 -0.460176 0.0238436 5.18535 -0.000151194 0.0174453 -0.000182123 -0.460176 -0.000231175 1.57021 -0.000381645
16.073 -0.436332 -0.459979 0.0236463 5.17703 -0.000154562 0.0174123 -0.000185324 -0.459979 -0.000231583 1.57021 -0.000377892
16.074 -0.436332 -0.459783 0.0234506 5.16871 -0.000157902 0.0173781 -0.000188493 -0.459783 -0.000231967 1.57022 -0.000374175
16.075 -0.436332 -0.459589 0.0232564 5.16038 -0.000161214 0.0173428 -0.000191629 -0.459589 -0.000232327 1.57022 -0.000370494
16.076 -0.436332 -0.459396 0.0230638 5.15204 -0.000164498 0.0173064 -0.000194731 -0.459396 -0.000232663 1.57023 -0.00036685
16.077 -0.436332 -0.459205 0.0228726 5.14369 -0.000167752 0.017269 -0.000197798 -0.459205 -0.000232976 1.57023 -0.000363241
16.078 -0.436332 -0.459015 0.022683 5.13533 -0.000170977 0.0172304 -0.000200832 -0.459015 -0.000233265 1.57024 -0.000359668
16.079 -0.436332 -0.458827 0.0224949 5.12697 -0.000174171 0.0171909 -0.000203831 -0.458827 -0.000233531 1.57024 -0.00035613
16.08 -0.436332 -0.45864 0.0223082 5.11859 -0.000177335 0.0171502 -0.000206794 -0.45864 -0.000233774 1.57024 -0.000352626
16.081 -0.436332 -0.458455 0.0221229 5.11021 -0.000180467 0.0171086 -0.000209722 -0.458455 -0.000233994 1.57025 -0.000349157
16.082 -0.436332 -0.458271 0.0219391 5.10181 -0.000183567 0.0170659 -0.000212614 -0.458271 -0.000234192 1.57025 -0.000345722
16.083 -0.436332 -0.458089 0.0217567 5.09341 -0.000186635 0.0170222 -0.000215469 -0.458089 -0.000234367 1.57026 -0.000342321
16.084 -0.436332 -0.457908 0.0215756 5.085 -0.00018967 0.0169775 -0.000218288 -0.457908 -0.000234519 1.57026 -0.000338954
16.085 -0.436332 -0.457728 0.021396 5.07658 -0.000192672 0.0169319 -0.000221071 -0.457728 -0.00023465 1.57026 -0.000335619
16.086 -0.436332 -0.45755 0.0212177 5.06815 -0.00019564 0.0168852 -0.000223816 -0.45755 -0.000234758 1.57027 -0.000332317
16.087 -0.436332 -0.457373 0.0210408 5.05972 -0.000198574 0.0168376 -0.000226523 -0.457373 -0.000234844 1.57027 -0.000329047
16.088 -0.436332 -0.457198 0.0208652 5.05127 -0.000201473 0.0167891 -0.000229193 -0.457198 -0.000234909 1.57028 -0.00032581
16.089 -0.436332 -0.457023 0.020691 5.04282 -0.000204337 0.0167396 -0.000231825 -0.457023 -0.000234952 1.57028 -0.000322604
16.09 -0.436332 -0.45685 0.020518 5.03436 -0.000207166 0.0166892 -0.000234419 -0.45685 -0.000234974 1.57029 -0.00031943
16.091 -0.436332 -0.456679 0.0203464 5.02588 -0.000209959 0.0166378 -0.000236974 -0.456679 -0.000234975 1.57029 -0.000316287
16.092 -0.436332 -0.456508 0.020176 5.01741 -0.000212716 0.0165856 -0.000239491 -0.456508 -0.000234955 1.57029 -0.000313175
16.093 -0.436332 -0.456339 0.0200069 5.00892 -0.000215436 0.0165325 -0.000241969 -0.456339 -0.000234914 1.5703 -0.000310093
16.094 -0.436332 -0.456171 0.019839 5.00042 -0.00021812 0.0164785 -0.000244407 -0.456171 -0.000234852 1.5703 -0.000307042
16.095 -0.436332 -0.456005 0.0196724 4.99192 -0.000220766 0.0164236 -0.000246807 -0.456005 -0.00023477 1.57031 -0.00030402
16.096 -0.436332 -0.455839 0.0195069 4.98341 -0.000223375 0.0163678 -0.000249167 -0.455839 -0.000234667 1.57031 -0.000301028
16.097 -0.436332 -0.455675 0.0193427 4.97489 -0.000225946 0.0163112 -0.000251487 -0.455675 -0.000234544 1.57031 -0.000298066
16.098 -0.436332 -0.455512 0.0191797 4.96637 -0.000228479 0.0162538 -0.000253767 -0.455512 -0.000234402 1.57032 -0.000295132
16.099 -0.436332 -0.45535 0.0190179 4.95783 -0.000230974 0.0161955 -0.000256008 -0.45535 -0.000234239 1.57032 -0.000292228
16.1 -0.436332 -0.45519 0.0188573 4.94929 -0.000233431 0.0161364 -0.000258209 -0.45519 -0.000234057 1.57032 -0.000289352
16.101 -0.436332 -0.45503 0.0186978 4.94075 -0.000235848 0.0160765 -0.000260369 -0.45503 -0.000233856 1.57033 -0.000286504
16.102 -0.436332 -0.454872 0.0185394 4.93219 -0.000238227 0.0160158 -0.000262489 -0.454872 -0.000233635 1.57033 -0.000283684
16.103 -0.436332 -0.454714 0.0183822 4.92363 -0.000240566 0.0159543 -0.000264569 -0.454714 -0.000233395 1.57034 -0.000280891
16.104 -0.436332 -0.454558 0.0182261 4.91507 -0.000242866 0.015892 -0.000266608 -0.454558 -0.000233136 1.57034 -0.000278126
16.105 -0.436332 -0.454403 0.0180711 4.9065 -0.000245126 0.0158289 -0.000268606 -0.454403 -0.000232858 1.57034 -0.000275389
16.106 -0.436332 -0.454249 0.0179172 4.89792 -0.000247346 0.0157651 -0.000270564 -0.454249 -0.000232562 1.57035 -0.000272678
16.107 -0.436332 -0.454097 0.0177644 4.88933 -0.000249526 0.0157006 -0.000272481 -0.454097 -0.000232247 1.57035 -0.000269993
16.108 -0.436332 -0.453945 0.0176126 4.88074 -0.000251667 0.0156353 -0.000274358 -0.453945 -0.000231914 1.57036 -0.000267335
16.109 -0.436332 -0.453794 0.0174619 4.87215 -0.000253766 0.0155693 -0.000276193 -0.453794 -0.000231563 1.57036 -0.000264703
16.11 -0.436332 -0.453645 0.0173123 4.86355 -0.000255826 0.0155025 -0.000277988 -0.453645 -0.000231194 1.57036 -0.000262097
16.111 -0.436332 -0.453496 0.0171637 4.85494 -0.000257845 0.0154351 -0.000279741 -0.453496 -0.000230807 1.57037 -0.000259517
16.112 -0.436332 -0.453348 0.0170161 4.84634 -0.000259823 0.0153669 -0.000281454 -0.453348 -0.000230403 1.57037 -0.000256961
16.113 -0.436332 -0.453202 0.0168695 4.83772 -0.00026176 0.015298 -0.000283126 -0.453202 -0.000229981 1.57037 -0.000254431
16.114 -0.436332 -0.453056 0.0167239 4.8291 -0.000263656 0.0152285 -0.000284757 -0.453056 -0.000229542 1.57038 -0.000251925
16.115 -0.436332 -0.452912 0.0165794 4.82048 -0.000265512 0.0151583 -0.000286347 -0.452912 -0.000229085 1.57038 -0.000249445
16.116 -0.436332 -0.452768 0.0164358 4.81186 -0.000267326 0.0150874 -0.000287896 -0.452768 -0.000228612 1.57038 -0.000246988
16.117 -0.436332 -0.452625 0.0162931 4.80323 -0.0002691 0.0150159 -0.000289404 -0.452625 -0.000228122 1.57039 -0.000244555
16.118 -0.436332 -0.452484 0.0161515 4.79459 -0.000270832 0.0149437 -0.000290871 -0.452484 -0.000227616 1.57039 -0.000242147
16.119 -0.436332 -0.452343 0.0160108 4.78596 -0.000272523 0.0148709 -0.000292297 -0.452343 -0.000227093 1.5704 -0.000239762
16.12 -0.436332 -0.452203 0.015871 4.77732 -0.000274172 0.0147975 -0.000293682 -0.452203 -0.000226553 1.5704 -0.0002374
16.121 -0.436332 -0.452064 0.0157321 4.76868 -0.000275781 0.0147234 -0.000295027 -0.452064 -0.000225998 1.5704 -0.000235061
16.122 -0.436332 -0.451927 0.0155942 4.76004 -0.000277348 0.0146487 -0.000296331 -0.451927 -0.000225426 1.57041 -0.000232746
16.123 -0.436332 -0.451789 0.0154572 4.75139 -0.000278874 0.0145735 -0.000297594 -0.451789 -0.000224839 1.57041 -0.000230453
16.124 -0.436332 -0.451653 0.015321 4.74275 -0.000280358 0.0144976 -0.000298817 -0.451653 -0.000224236 1.57041 -0.000228182
16.125 -0.436332 -0.451518 0.0151858 4.7341 -0.000281801 0.0144212 -0.000299999 -0.451518 -0.000223618 1.57042 -0.000225934
16.126 -0.436332 -0.451384 0.0150515 4.72545 -0.000283203 0.0143441 -0.000301141 -0.451384 -0.000222984 1.57042 -0.000223707
16.127 -0.436332 -0.45125 0.014918 4.7168 -0.000284564 0.0142665 -0.000302242 -0.45125 -0.000222336 1.57042 -0.000221503
16.128 -0.436332 -0.451118 0.0147854 4.70814 -0.000285884 0.0141884 -0.000303303 -0.451118 -0.000221672 1.57043 -0.00021932
16.129 -0.436332 -0.450986 0.0146536 4.69949 -0.000287162 0.0141097 -0.000304324 -0.450986 -0.000220993 1.57043 -0.000217158
16.13 -0.436332 -0.450855 0.0145227 4.69084 -0.0002884 0.0140304 -0.000305305 -0.450855 -0.0002203 1.57044 -0.000215018
16.131 -0.436332 -0.450725 0.0143926 4.68219 -0.000289596 0.0139507 -0.000306246 -0.450725 -0.000219592 1.57044 -0.000212899
16.132 -0.436332 -0.450596 0.0142633 4.67353 -0.000290751 0.0138704 -0.000307148 -0.450596 -0.00021887 1.57044 -0.0002108
16.133 -0.436332 -0.450467 0.0141349 4.66488 -0.000291866 0.0137895 -0.000308009 -0.450467 -0.000218134 1.57045 -0.000208722
16.134 -0.436332 -0.45034 0.0140072 4.65623 -0.000292939 0.0137082 -0.000308831 -0.45034 -0.000217383 1.57045 -0.000206664
16.135 -0.436332 -0.450213 0.0138804 4.64758 -0.000293972 0.0136264 -0.000309614 -0.450213 -0.000216619 1.57045 -0.000204626
16.136 -0.436332 -0.450087 0.0137543 4.63893 -0.000294965 0.013544 -0.000310357 -0.450087 -0.000215841 1.57046 -0.000202608
16.137 -0.436332 -0.449961 0.0136291 4.63028 -0.000295917 0.0134612 -0.000311062 -0.449961 -0.00021505 1.57046 -0.00020061
16.138 -0.436332 -0.449837 0.0135046 4.62163 -0.000296828 0.0133779 -0.000311727 -0.449837 -0.000214245 1.57046 -0.000198632
16.139 -0.436332 -0.449713 0.0133808 4.61299 -0.000297699 0.0132941 -0.000312354 -0.449713 -0.000213426 1.57047 -0.000196672
16.14 -0.436332 -0.44959 0.0132579 4.60435 -0.00029853 0.0132099 -0.000312942 -0.44959 -0.000212595 1.57047 -0.000194732
16.141 -0.436332 -0.449468 0.0131357 4.5957 -0.000299321 0.0131252 -0.000313492 -0.449468 -0.000211751 1.57047 -0.000192811
16.142 -0.436332 -0.449347 0.0130142 4.58707 -0.000300073 0.0130401 -0.000314003 -0.449347 -0.000210893 1.57048 -0.000190909
16.143 -0.436332 -0.449226 0.0128935 4.57843 -0.000300784 0.0129545 -0.000314476 -0.449226 -0.000210024 1.57048 -0.000189025
16.144 -0.436332 -0.449106 0.0127735 4.5698 -0.000301456 0.0128685 -0.000314912 -0.449106 -0.000209141 1.57048 -0.00018716
16.145 -0.436332 -0.448986 0.0126542 4.56117 -0.000302088 0.0127821 -0.000315309 -0.448986 -0.000208247 1.57049 -0.000185313
16.146 -0.436332 -0.448868 0.0125356 4.55255 -0.000302682 0.0126952 -0.000315669 -0.448868 -0.00020734 1.57049 -0.000183484
16.147 -0.436332 -0.44875 0.0124177 4.54393 -0.000303236 0.012608 -0.000315992 -0.44875 -0.000206421 1.5705 -0.000181673
16.148 -0.436332 -0.448633 0.0123006 4.53531 -0.000303751 0.0125203 -0.000316278 -0.448633 -0.00020549 1.5705 -0.000179879
16.149 -0.436332 -0.448516 0.0121841 4.5267 -0.000304228 0.0124322 -0.000316527 -0.448516 -0.000204547 1.5705 -0.000178103
16.15 -0.436332 -0.448401 0.0120683 4.51809 -0.000304666 0.0123438 -0.000316739 -0.448401 -0.000203593 1.57051 -0.000176345
16.151 -0.436332 -0.448286 0.0119532 4.50949 -0.000305065 0.0122549 -0.000316915 -0.448286 -0.000202628 1.57051 -0.000174603
16.152 -0.436332 -0.448171 0.0118388 4.50089 -0.000305427 0.0121657 -0.000317054 -0.448171 -0.000201651 1.57051 -0.000172879
16.153 -0.436332 -0.448057 0.011725 4.4923 -0.00030575 0.0120761 -0.000317157 -0.448057 -0.000200662 1.57052 -0.000171171
16.154 -0.436332 -0.447944 0.0116119 4.48372 -0.000306036 0.0119862 -0.000317225 -0.447944 -0.000199663 1.57052 -0.00016948
16.155 -0.436332 -0.447832 0.0114995 4.47514 -0.000306285 0.0118959 -0.000317257 -0.447832 -0.000198653 1.57052 -0.000167806
16.156 -0.436332 -0.44772 0.0113876 4.46656 -0.000306496 0.0118052 -0.000317254 -0.44772 -0.000197632 1.57053 -0.000166148
16.157 -0.436332 -0.447609 0.0112765 4.45799 -0.00030667 0.0117142 -0.000317215 -0.447609 -0.000196601 1.57053 -0.000164506
16.158 -0.436332 -0.447498 0.0111659 4.44943 -0.000306807 0.0116229 -0.000317142 -0.447498 -0.000195559 1.57053 -0.00016288
16.159 -0.436332 -0.447388 0.011056 4.44088 -0.000306907 0.0115312 -0.000317034 -0.447388 -0.000194507 1.57054 -0.00016127
16.16 -0.436332 -0.447279 0.0109467 4.43233 -0.000306971 0.0114393 -0.000316892 -0.447279 -0.000193445 1.57054 -0.000159675
16.161 -0.436332 -0.44717 0.0108381 4.42379 -0.000306999 0.011347 -0.000316716 -0.44717 -0.000192372 1.57054 -0.000158097
16.162 -0.436332 -0.447062 0.01073 4.41526 -0.000306991 0.0112544 -0.000316505 -0.447062 -0.00019129 1.57055 -0.000156533
16.163 -0.436332 -0.446955 0.0106225 4.40673 -0.000306948 0.0111615 -0.000316262 -0.446955 -0.000190198 1.57055 -0.000154985
16.164 -0.436332 -0.446848 0.0105157 4.39822 -0.000306869 0.0110683 -0.000315984 -0.446848 -0.000189097 1.57056 -0.000153452
16.165 -0.436332 -0.446742 0.0104094 4.38971 -0.000306755 0.0109748 -0.000315674 -0.446742 -0.000187986 1.57056 -0.000151934
16.166 -0.436332 -0.446636 0.0103037 4.38121 -0.000306605 0.010881 -0.000315331 -0.446636 -0.000186865 1.57056 -0.00015043
16.167 -0.436332 -0.446531 0.0101986 4.37272 -0.000306422 0.0107869 -0.000314955 -0.446531 -0.000185736 1.57057 -0.000148941
16.168 -0.436332 -0.446426 0.0100941 4.36424 -0.000306204 0.0106926 -0.000314548 -0.446426 -0.000184597 1.57057 -0.000147467
16.169 -0.436332 -0.446322 0.00999012 4.35577 -0.000305951 0.010598 -0.000314108 -0.446322 -0.00018345 1.57057 -0.000146007
16.17 -0.436332 -0.446219 0.00988673 4.3473 -0.000305665 0.0105032 -0.000313636 -0.446219 -0.000182294 1.57058 -0.000144562
16.171 -0.436332 -0.446116 0.0097839 4.33885 -0.000305346 0.0104081 -0.000313133 -0.446116 -0.000181129 1.57058 -0.00014313
16.172 -0.436332 -0.446014 0.00968162 4.33041 -0.000304993 0.0103127 -0.000312598 -0.446014 -0.000179955 1.57058 -0.000141712
16.173 -0.436332 -0.445912 0.00957989 4.32197 -0.000304607 0.0102171 -0.000312033 -0.445912 -0.000178773 1.57059 -0.000140308
16.174 -0.436332 -0.445811 0.00947871 4.31355 -0.000304188 0.0101213 -0.000311437 -0.445811 -0.000177583 1.57059 -0.000138918
16.175 -0.436332 -0.44571 0.00937806 4.30514 -0.000303737 0.0100253 -0.000310811 -0.44571 -0.000176385 1.57059 -0.000137541
16.176 -0.436332 -0.44561 0.00927795 4.29674 -0.000303254 0.009929 -0.000310155 -0.44561 -0.000175179 1.5706 -0.000136178
16.177 -0.436332 -0.445511 0.00917837 4.28834 -0.000302738 0.00983251 -0.000309469 -0.445511 -0.000173965 1.5706 -0.000134828
16.178 -0.436332 -0.445412 0.00907932 4.27997 -0.000302192 0.0097358 -0.000308753 -0.445412 -0.000172743 1.5706 -0.000133491
16.179 -0.436332 -0.445313 0.00898079 4.2716 -0.000301614 0.00963889 -0.000308008 -0.445313 -0.000171514 1.57061 -0.000132167
16.18 -0.436332 -0.445215 0.00888277 4.26324 -0.000301004 0.00954178 -0.000307235 -0.445215 -0.000170277 1.57061 -0.000130856
16.181 -0.436332 -0.445118 0.00878527 4.2549 -0.000300365 0.00944448 -0.000306432 -0.445118 -0.000169033 1.57061 -0.000129557
16.182 -0.436332 -0.445021 0.00868827 4.24657 -0.000299695 0.00934698 -0.000305602 -0.445021 -0.000167782 1.57062 -0.000128272
16.183 -0.436332 -0.444924 0.00859178 4.23825 -0.000298994 0.0092493 -0.000304743 -0.444924 -0.000166524 1.57062 -0.000126998
16.184 -0.436332 -0.444828 0.00849578 4.22994 -0.000298264 0.00915145 -0.000303857 -0.444828 -0.000165258 1.57063 -0.000125737
16.185 -0.436332 -0.444733 0.00840028 4.22164 -0.000297505 0.00905342 -0.000302943 -0.444733 -0.000163986 1.57063 -0.000124489
16.186 -0.436332 -0.444638 0.00830527 4.21336 -0.000296716 0.00895522 -0.000302002 -0.444638 -0.000162708 1.57063 -0.000123252
16.187 -0.436332 -0.444543 0.00821074 4.2051 -0.000295898 0.00885687 -0.000301034 -0.444543 -0.000161422 1.57064 -0.000122028
16.188 -0.436332 -0.444449 0.0081167 4.19684 -0.000295052 0.00875835 -0.00030004 -0.444449 -0.00016013 1.57064 -0.000120815
16.189 -0.436332 -0.444355 0.00802314 4.1886 -0.000294178 0.00865968 -0.000299019 -0.444355 -0.000158832 1.57064 -0.000119614
16.19 -0.436332 -0.444262 0.00793005 4.18037 -0.000293276 0.00856087 -0.000297973 -0.444262 -0.000157528 1.57065 -0.000118425
16.191 -0.436332 -0.44417 0.00783742 4.17216 -0.000292346 0.00846192 -0.000296901 -0.44417 -0.000156218 1.57065 -0.000117247
16.192 -0.436332 -0.444078 0.00774527 4.16396 -0.000291388 0.00836283 -0.000295804 -0.444078 -0.000154901 1.57065 -0.000116081
16.193 -0.436332 -0.443986 0.00765358 4.15578 -0.000290404 0.00826361 -0.000294681 -0.443986 -0.000153579 1.57066 -0.000114926
16.194 -0.436332 -0.443895 0.00756234 4.14761 -0.000289393 0.00816427 -0.000293534 -0.443895 -0.000152251 1.57066 -0.000113782
16.195 -0.436332 -0.443804 0.00747156 4.13945 -0.000288356 0.0080648 -0.000292362 -0.443804 -0.000150918 1.57066 -0.000112649
16.196 -0.436332 -0.443714 0.00738124 4.13131 -0.000287292 0.00796522 -0.000291167 -0.443714 -0.000149579 1.57067 -0.000111527
16.197 -0.436332 -0.443624 0.00729136 4.12319 -0.000286203 0.00786553 -0.000289947 -0.443624 -0.000148234 1.57067 -0.000110417
16.198 -0.436332 -0.443534 0.00720192 4.11508 -0.000285089 0.00776574 -0.000288704 -0.443534 -0.000146885 1.57068 -0.000109316
16.199 -0.436332 -0.443445 0.00711293 4.10699 -0.000283949 0.00766584 -0.000287438 -0.443445 -0.00014553 1.57068 -0.000108227
16.2 -0.436332 -0.443357 0.00702437 4.09891 -0.000282785 0.00756585 -0.000286149 -0.443357 -0.000144171 1.57068 -0.000107148
16.201 -0.436332 -0.443269 0.00693625 4.09085 -0.000281596 0.00746577 -0.000284838 -0.443269 -0.000142806 1.57069 -0.000106079
16.202 -0.436332 -0.443181 0.00684855 4.0828 -0.000280383 0.0073656 -0.000283504 -0.443181 -0.000141437 1.57069 -0.000105021
16.203 -0.436332 -0.443094 0.00676129 4.07477 -0.000279146 0.00726535 -0.000282148 -0.443094 -0.000140063 1.57069 -0.000103973
16.204 -0.436332 -0.443007 0.00667445 4.06676 -0.000277886 0.00716502 -0.00028077 -0.443007 -0.000138684 1.5707 -0.000102936
16.205 -0.436332 -0.44292 0.00658803 4.05877 -0.000276602 0.00706463 -0.000279372 -0.44292 -0.000137301 1.5707 -0.000101908
16.206 -0.436332 -0.442834 0.00650203 4.05079 -0.000275296 0.00696416 -0.000277952 -0.442834 -0.000135914 1.5707 -0.00010089
16.207 -0.436332 -0.442749 0.00641644 4.04283 -0.000273967 0.00686363 -0.000276511 -0.442749 -0.000134522 1.57071 -9.9882e-05
16.208 -0.436332 -0.442664 0.00633126 4.03488 -0.000272616 0.00676305 -0.00027505 -0.442664 -0.000133127 1.57071 -9.88837e-05
16.209 -0.436332 -0.442579 0.00624649 4.02696 -0.000271244 0.00666241 -0.000273569 -0.442579 -0.000131727 1.57071 -9.78951e-05
16.21 -0.436332 -0.442494 0.00616213 4.01905 -0.000269849 0.00656172 -0.000272068 -0.442494 -0.000130324 1.57072 -9.6916e-05
16.211 -0.436332 -0.44241 0.00607818 4.01116 -0.000268434 0.00646099 -0.000270547 -0.44241 -0.000128917 1.57072 -9.59464e-05
16.212 -0.436332 -0.442327 0.00599462 4.00328 -0.000266997 0.00636022 -0.000269008 -0.442327 -0.000127506 1.57073 -9.49861e-05
16.213 -0.436332 -0.442244 0.00591146 3.99543 -0.00026554 0.00625941 -0.000267449 -0.442244 -0.000126091 1.57073 -9.40351e-05
16.214 -0.436332 -0.442161 0.00582869 3.98759 -0.000264062 0.00615858 -0.000265872 -0.442161 -0.000124673 1.57073 -9.30933e-05
16.215 -0.436332 -0.442079 0.00574631 3.97978 -0.000262565 0.00605771 -0.000264276 -0.442079 -0.000123252 1.57074 -9.21605e-05
16.216 -0.436332 -0.441997 0.00566433 3.97198 -0.000261048 0.00595682 -0.000262663 -0.441997 -0.000121828 1.57074 -9.12368e-05
16.217 -0.436332 -0.441915 0.00558273 3.9642 -0.000259512 0.00585592 -0.000261032 -0.441915 -0.0001204 1.57074 -9.03219e-05
16.218 -0.436332 -0.441834 0.00550151 3.95644 -0.000257957 0.005755 -0.000259383 -0.441834 -0.00011897 1.57075 -8.94159e-05
16.219 -0.436332 -0.441753 0.00542068 3.9487 -0.000256383 0.00565407 -0.000257717 -0.441753 -0.000117536 1.57075 -8.85186e-05
16.22 -0.436332 -0.441673 0.00534022 3.94098 -0.00025479 0.00555314 -0.000256035 -0.441673 -0.0001161 1.57075 -8.763e-05
16.221 -0.436332 -0.441592 0.00526014 3.93328 -0.00025318 0.00545221 -0.000254336 -0.441592 -0.000114661 1.57076 -8.67499e-05
16.222 -0.436332 -0.441513 0.00518044 3.9256 -0.000251552 0.00535128 -0.000252621 -0.441513 -0.000113219 1.57076 -8.58783e-05
16.223 -0.436332 -0.441433 0.0051011 3.91793 -0.000249907 0.00525035 -0.00025089 -0.441433 -0.000111775 1.57076 -8.5015e-05
16.224 -0.436332 -0.441354 0.00502214 3.91029 -0.000248244 0.00514944 -0.000249143 -0.441354 -0.000110328 1.57077 -8.41601e-05
16.225 -0.436332 -0.441276 0.00494354 3.90267 -0.000246565 0.00504854 -0.000247381 -0.441276 -0.000108879 1.57077 -8.33134e-05
16.226 -0.436332 -0.441198 0.0048653 3.89507 -0.000244869 0.00494767 -0.000245604 -0.441198 -0.000107428 1.57078 -8.24749e-05
16.227 -0.436332 -0.44112 0.00478743 3.88749 -0.000243157 0.00484681 -0.000243812 -0.44112 -0.000105975 1.57078 -8.16444e-05
16.228 -0.436332 -0.441042 0.00470991 3.87993 -0.000241429 0.00474598 -0.000242006 -0.441042 -0.00010452 1.57078 -8.08219e-05
16.229 -0.436332 -0.440965 0.00463276 3.87239 -0.000239686 0.00464519 -0.000240185 -0.440965 -0.000103063 1.57079 -8.00073e-05
16.23 -0.436332 -0.440888 0.00455596 3.86488 -0.000237927 0.00454443 -0.000238351 -0.440888 -0.000101604 1.57079 -7.92005e-05
16.231 -0.436332 -0.440812 0.00447951 3.85738 -0.000236154 0.00444371 -0.000236504 -0.440812 -0.000100143 1.57079 -7.84015e-05
16.232 -0.436332 -0.440736 0.00440341 3.84991 -0.000234366 0.00434303 -0.000234642 -0.440736 -9.86809e-05 1.5708 -7.76102e-05
16.233 -0.436332 -0.44066 0.00432767 3.84246 -0.000232564 0.00424239 -0.000232768 -0.44066 -9.7217e-05 1.5708 -7.68264e-05
16.234 -0.436332 -0.440585 0.00425227 3.83502 -0.000230747 0.00414181 -0.000230882 -0.440585 -9.57518e-05 1.5708 -7.60502e-05
16.235 -0.436332 -0.44051 0.00417721 3.82762 -0.000228917 0.00404129 -0.000228983 -0.44051 -9.42851e-05 1.57081 -7.52815e-05
16.236 -0.436332 -0.440435 0.0041025 3.82023 -0.000227074 0.00394082 -0.000227071 -0.440435 -9.28172e-05 1.57081 -7.45201e-05
16.237 -0.436332 -0.44036 0.00402813 3.81286 -0.000225217 0.00384041 -0.000225148 -0.44036 -9.13481e-05 1.57081 -7.3766e-05
16.238 -0.436332 -0.440286 0.0039541 3.80552 -0.000223348 0.00374006 -0.000223213 -0.440286 -8.9878e-05 1.57082 -7.30191e-05
16.239 -0.436332 -0.440213 0.0038804 3.7982 -0.000221466 0.00363979 -0.000221267 -0.440213 -8.84069e-05 1.57082 -7.22794e-05
16.24 -0.436332 -0.440139 0.00380704 3.79091 -0.000219572 0.00353959 -0.00021931 -0.440139 -8.69349e-05 1.57083 -7.15468e-05
16.241 -0.436332 -0.440066 0.00373402 3.78363 -0.000217666 0.00343946 -0.000217343 -0.440066 -8.5462e-05 1.57083 -7.08212e-05
16.242 -0.436332 -0.439994 0.00366132 3.77638 -0.000215748 0.00333942 -0.000215364 -0.439994 -8.39885e-05 1.57083 -7.01026e-05
16.243 -0.436332 -0.439921 0.00358896 3.76915 -0.00021382 0.00323946 -0.000213376 -0.439921 -8.25143e-05 1.57084 -6.93908e-05
16.244 -0.436332 -0.439849 0.00351692 3.76195 -0.00021188 0.00313958 -0.000211377 -0.439849 -8.10396e-05 1.57084 -6.86859e-05
16.245 -0.436332 -0.439778 0.00344521 3.75477 -0.000209929 0.0030398 -0.000209369 -0.439778 -7.95644e-05 1.57084 -6.79877e-05
16.246 -0.436332 -0.439706 0.00337383 3.74761 -0.000207968 0.00294011 -0.000207352 -0.439706 -7.80889e-05 1.57085 -6.72962e-05
16.247 -0.436332 -0.439635 0.00330277 3.74047 -0.000205996 0.00284051 -0.000205325 -0.439635 -7.66131e-05 1.57085 -6.66113e-05
16.248 -0.436332 -0.439564 0.00323203 3.73336 -0.000204015 0.00274102 -0.00020329 -0.439564 -7.5137e-05 1.57085 -6.59329e-05
16.249 -0.436332 -0.439494 0.00316161 3.72628 -0.000202024 0.00264163 -0.000201246 -0.439494 -7.36609e-05 1.57086 -6.5261e-05
16.25 -0.436332 -0.439424 0.00309151 3.71921 -0.000200024 0.00254235 -0.000199194 -0.439424 -7.21847e-05 1.57086 -6.45956e-05
16.251 -0.436332 -0.439354 0.00302173 3.71217 -0.000198015 0.00244317 -0.000197133 -0.439354 -7.07086e-05 1.57086 -6.39365e-05
16.252 -0.436332 -0.439285 0.00295226 3.70516 -0.000195997 0.00234412 -0.000195065 -0.439285 -6.92326e-05 1.57087 -6.32837e-05
16.253 -0.436332 -0.439215 0.0028831 3.69817 -0.00019397 0.00224518 -0.000192989 -0.439215 -6.77568e-05 1.57087 -6.26372e-05
16.254 -0.436332 -0.439147 0.00281426 3.69121 -0.000191935 0.00214636 -0.000190906 -0.439147 -6.62813e-05 1.57088 -6.19968e-05
16.255 -0.436332 -0.439078 0.00274573 3.68427 -0.000189893 0.00204766 -0.000188816 -0.439078 -6.48061e-05 1.57088 -6.13625e-05
16.256 -0.436332 -0.43901 0.00267751 3.67735 -0.000187842 0.00194909 -0.000186719 -0.43901 -6.33315e-05 1.57088 -6.07343e-05
16.257 -0.436332 -0.438942 0.0026096 3.67046 -0.000185784 0.00185065 -0.000184615 -0.438942 -6.18573e-05 1.57089 -6.01121e-05
16.258 -0.436332 -0.438874 0.00254199 3.66359 -0.000183719 0.00175234 -0.000182506 -0.438874 -6.03838e-05 1.57089 -5.94958e-05
16.259 -0.436332 -0.438807 0.00247469 3.65675 -0.000181647 0.00165418 -0.00018039 -0.438807 -5.89109e-05 1.57089 -5.88854e-05
16.26 -0.436332 -0.43874 0.00240769 3.64994 -0.000179568 0.00155614 -0.000178268 -0.43874 -5.74388e-05 1.5709 -5.82808e-05
16.261 -0.436332 -0.438673 0.00234099 3.64315 -0.000177483 0.00145826 -0.000176141 -0.438673 -5.59676e-05 1.5709 -5.76819e-05
16.262 -0.436332 -0.438607 0.0022746 3.63638 -0.000175392 0.00136052 -0.000174008 -0.438607 -5.44972e-05 1.5709 -5.70888e-05
16.263 -0.436332 -0.438541 0.00220851 3.62965 -0.000173295 0.00126292 -0.00017187 -0.438541 -5.30278e-05 1.57091 -5.65013e-05
16.264 -0.436332 -0.438475 0.00214271 3.62293 -0.000171193 0.00116548 -0.000169728 -0.438475 -5.15595e-05 1.57091 -5.59194e-05
16.265 -0.436332 -0.43841 0.00207721 3.61625 -0.000169084 0.00106819 -0.000167581 -0.43841 -5.00924e-05 1.57091 -5.53431e-05
16.266 -0.436332 -0.438344 0.00201201 3.60959 -0.000166971 0.000971063 -0.000165429 -0.438344 -4.86264e-05 1.57092 -5.47722e-05
16.267 -0.436332 -0.438279 0.00194711 3.60295 -0.000164853 0.000874094 -0.000163274 -0.438279 -4.71617e-05 1.57092 -5.42068e-05
16.268 -0.436332 -0.438215 0.0018825 3.59634 -0.000162731 0.000777288 -0.000161114 -0.438215 -4.56984e-05 1.57092 -5.36467e-05
16.269 -0.436332 -0.43815 0.00181818 3.58976 -0.000160604 0.000680649 -0.000158951 -0.43815 -4.42365e-05 1.57093 -5.3092e-05
16.27 -0.436332 -0.438086 0.00175415 3.58321 -0.000158472 0.000584179 -0.000156784 -0.438086 -4.2776e-05 1.57093 -5.25425e-05
16.271 -0.436332 -0.438023 0.00169041 3.57668 -0.000156337 0.000487881 -0.000154614 -0.438023 -4.13172e-05 1.57094 -5.19983e-05
16.272 -0.436332 -0.437959 0.00162697 3.57018 -0.000154198 0.000391758 -0.000152441 -0.437959 -3.98599e-05 1.57094 -5.14592e-05
16.273 -0.436332 -0.437896 0.00156381 3.5637 -0.000152056 0.000295812 -0.000150265 -0.437896 -3.84044e-05 1.57094 -5.09252e-05
16.274 -0.436332 -0.437833 0.00150094 3.55725 -0.000149911 0.000200047 -0.000148087 -0.437833 -3.69506e-05 1.57095 -5.03963e-05
16.275 -0.436332 -0.437771 0.00143835 3.55083 -0.000147762 0.000104465 -0.000145906 -0.437771 -3.54987e-05 1.57095 -4.98725e-05
16.276 -0.436332 -0.437708 0.00137605 3.54444 -0.000145611 9.06905e-06 -0.000143723 -0.437708 -3.40486e-05 1.57095 -4.93536e-05
16.277 -0.436332 -0.437646 0.00131404 3.53807 -0.000143458 -8.61383e-05 -0.000141538 -0.437646 -3.26005e-05 1.57096 -4.88396e-05
16.278 -0.436332 -0.437585 0.0012523 3.53173 -0.000141302 -0.000181154 -0.000139351 -0.437585 -3.11545e-05 1.57096 -4.83305e-05
16.279 -0.436332 -0.437523 0.00119085 3.52542 -0.000139143 -0.000275976 -0.000137163 -0.437523 -2.97105e-05 1.57096 -4.78262e-05
16.28 -0.436332 -0.437462 0.00112968 3.51913 -0.000136984 -0.000370602 -0.000134974 -0.437462 -2.82687e-05 1.57097 -4.73267e-05
16.281 -0.436332 -0.437401 0.0010688 3.51288 -0.000134822 -0.000465028 -0.000132783 -0.437401 -2.68291e-05 1.57097 -4.6832e-05
16.282 -0.436332 -0.43734 0.00100819 3.50665 -0.000132659 -0.000559253 -0.000130591 -0.43734 -2.53918e-05 1.57097 -4.63419e-05
16.283 -0.436332 -0.43728 0.000947855 3.50045 -0.000130495 -0.000653272 -0.000128399 -0.43728 -2.39568e-05 1.57098 -4.58565e-05
16.284 -0.436332 -0.43722 0.000887802 3.49427 -0.00012833 -0.000747085 -0.000126206 -0.43722 -2.25243e-05 1.57098 -4.53756e-05
16.285 -0.436332 -0.43716 0.000828026 3.48813 -0.000126164 -0.000840689 -0.000124013 -0.43716 -2.10942e-05 1.57098 -4.48993e-05
16.286 -0.436332 -0.437101 0.000768525 3.48201 -0.000123997 -0.00093408 -0.00012182 -0.437101 -1.96666e-05 1.57099 -4.44275e-05
16.287 -0.436332 -0.437042 0.0007093 3.47592 -0.00012183 -0.00102726 -0.000119627 -0.437042 -1.82417e-05 1.57099 -4.39602e-05
16.288 -0.436332 -0.436983 0.000650348 3.46986 -0.000119663 -0.00112022 -0.000117434 -0.436983 -1.68193e-05 1.57099 -4.34973e-05
16.289 -0.436332 -0.436924 0.00059167 3.46383 -0.000117496 -0.00121296 -0.000115242 -0.436924 -1.53997e-05 1.571 -4.30388e-05
16.29 -0.436332 -0.436866 0.000533264 3.45782 -0.000115329 -0.00130548 -0.00011305 -0.436866 -1.39828e-05 1.571 -4.25846e-05
16.291 -0.436332 -0.436807 0.00047513 3.45185 -0.000113162 -0.00139777 -0.000110859 -0.436807 -1.25688e-05 1.571 -4.21347e-05
16.292 -0.436332 -0.43675 0.000417267 3.4459 -0.000110997 -0.00148984 -0.000108669 -0.43675 -1.11576e-05 1.57101 -4.1689e-05
16.293 -0.436332 -0.436692 0.000359674 3.43998 -0.000108831 -0.00158168 -0.00010648 -0.436692 -9.74936e-06 1.57101 -4.12476e-05
16.294 -0.436332 -0.436635 0.00030235 3.43409 -0.000106667 -0.00167328 -0.000104293 -0.436635 -8.34411e-06 1.57101 -4.08103e-05
16.295 -0.436332 -0.436578 0.000245295 3.42823 -0.000104504 -0.00176466 -0.000102107 -0.436578 -6.94189e-06 1.57102 -4.03772e-05
16.296 -0.436332 -0.436521 0.000188508 3.4224 -0.000102343 -0.00185579 -9.99231e-05 -0.436521 -5.54277e-06 1.57102 -3.99481e-05
16.297 -0.436332 -0.436464 0.000131987 3.41659 -0.000100183 -0.00194669 -9.77408e-05 -0.436464 -4.1468e-06 1.57102 -3.95231e-05
16.298 -0.436332 -0.436408 7.57336e-05 3.41082 -9.80245e-05 -0.00203735 -9.55606e-05 -0.436408 -2.75403e-06 1.57103 -3.91021e-05
16.299 -0.436332 -0.436352 1.97455e-05 3.40508 -9.58681e-05 -0.00212777 -9.33826e-05 -0.436352 -1.36451e-06 1.57103 -3.8685e-05
16.3 -0.436332 -0.436296 -3.59776e-05 3.39936 -9.37138e-05 -0.00221794 -9.1207e-05 -0.436296 2.16964e-08 1.57103 -3.82719e-05
16.301 -0.436332 -0.436241 -9.14363e-05 3.39367 -9.15617e-05 -0.00230786 -8.90339e-05 -0.436241 1.40455e-06 1.57104 -3.78627e-05
16.302 -0.436332 -0.436186 -0.000146631 3.38802 -8.94121e-05 -0.00239754 -8.68635e-05 -0.436186 2.78399e-06 1.57104 -3.74573e-05
16.303 -0.436332 -0.436131 -0.000201564 3.38239 -8.7265e-05 -0.00248696 -8.46961e-05 -0.436131 4.15998e-06 1.57104 -3.70558e-05
16.304 -0.436332 -0.436076 -0.000256233 3.37679 -8.51207e-05 -0.00257613 -8.25316e-05 -0.436076 5.53246e-06 1.57105 -3.6658e-05
16.305 -0.436332 -0.436022 -0.000310641 3.37123 -8.29793e-05 -0.00266504 -8.03704e-05 -0.436022 6.90138e-06 1.57105 -3.6264e-05
16.306 -0.436332 -0.435968 -0.000364788 3.36569 -8.0841e-05 -0.0027537 -7.82125e-05 -0.435968 8.2667e-06 1.57105 -3.58737e-05
16.307 -0.436332 -0.435914 -0.000418675 3.36018 -7.87059e-05 -0.00284209 -7.60581e-05 -0.435914 9.62837e-06 1.57106 -3.5487e-05
16.308 -0.436332 -0.43586 -0.000472301 3.3547 -7.65743e-05 -0.00293022 -7.39073e-05 -0.43586 1.09863e-05 1.57106 -3.5104e-05
16.309 -0.436332 -0.435807 -0.000525668 3.34925 -7.44462e-05 -0.00301809 -7.17604e-05 -0.435807 1.23406e-05 1.57106 -3.47246e-05
16.31 -0.436332 -0.435754 -0.000578777 3.34383 -7.23219e-05 -0.00310569 -6.96173e-05 -0.435754 1.3691e-05 1.57107 -3.43488e-05
16.311 -0.436332 -0.435701 -0.000631627 3.33844 -7.02014e-05 -0.00319303 -6.74784e-05 -0.435701 1.50376e-05 1.57107 -3.39765e-05
16.312 -0.436332 -0.435648 -0.00068422 3.33309 -6.80849e-05 -0.00328009 -6.53437e-05 -0.435648 1.63803e-05 1.57107 -3.36077e-05
16.313 -0.436332 -0.435596 -0.000736556 3.32776 -6.59726e-05 -0.00336688 -6.32134e-05 -0.435596 1.7719e-05 1.57108 -3.32423e-05
16.314 -0.436332 -0.435544 -0.000788636 3.32246 -6.38646e-05 -0.0034534 -6.10875e-05 -0.435544 1.90538e-05 1.57108 -3.28804e-05
16.315 -0.436332 -0.435492 -0.00084046 3.31719 -6.17611e-05 -0.00353964 -5.89664e-05 -0.435492 2.03846e-05 1.57108 -3.25219e-05
16.316 -0.436332 -0.43544 -0.000892028 3.31195 -5.96621e-05 -0.0036256 -5.685e-05 -0.43544 2.17114e-05 1.57109 -3.21667e-05
16.317 -0.436332 -0.435389 -0.000943341 3.30675 -5.7568e-05 -0.00371129 -5.47385e-05 -0.435389 2.3034e-05 1.57109 -3.18149e-05
16.318 -0.436332 -0.435338 -0.0009944 3.30157 -5.54786e-05 -0.00379669 -5.2632e-05 -0.435338 2.43525e-05 1.57109 -3.14664e-05
16.319 -0.436332 -0.435287 -0.00104521 3.29642 -5.33944e-05 -0.00388181 -5.05308e-05 -0.435287 2.56668e-05 1.5711 -3.11212e-05
16.32 -0.436332 -0.435237 -0.00109576 3.29131 -5.13152e-05 -0.00396664 -4.84348e-05 -0.435237 2.69769e-05 1.5711 -3.07791e-05
16.321 -0.436332 -0.435186 -0.00114606 3.28622 -4.92414e-05 -0.00405118 -4.63443e-05 -0.435186 2.82827e-05 1.5711 -3.04403e-05
16.322 -0.436332 -0.435136 -0.0011961 3.28117 -4.71729e-05 -0.00413544 -4.42593e-05 -0.435136 2.95842e-05 1.57111 -3.01047e-05
16.323 -0.436332 -0.435086 -0.0012459 3.27614 -4.511e-05 -0.0042194 -4.218e-05 -0.435086 3.08814e-05 1.57111 -2.97722e-05
16.324 -0.436332 -0.435037 -0.00129544 3.27115 -4.30527e-05 -0.00430308 -4.01065e-05 -0.435037 3.21741e-05 1.57111 -2.94429e-05
16.325 -0.436332 -0.434988 -0.00134474 3.26619 -4.10013e-05 -0.00438645 -3.80389e-05 -0.434988 3.34625e-05 1.57111 -2.91166e-05
16.326 -0.436332 -0.434939 -0.00139378 3.26126 -3.89557e-05 -0.00446953 -3.59773e-05 -0.434939 3.47464e-05 1.57112 -2.87933e-05
16.327 -0.436332 -0.43489 -0.00144257 3.25636 -3.69162e-05 -0.00455232 -3.39218e-05 -0.43489 3.60258e-05 1.57112 -2.84731e-05
16.328 -0.436332 -0.434841 -0.00149111 3.25149 -3.48829e-05 -0.0046348 -3.18727e-05 -0.434841 3.73007e-05 1.57112 -2.81559e-05
16.329 -0.436332 -0.434793 -0.00153941 3.24665 -3.28557e-05 -0.00471698 -2.98299e-05 -0.434793 3.8571e-05 1.57113 -2.78417e-05
16.33 -0.436332 -0.434745 -0.00158745 3.24184 -3.0835e-05 -0.00479886 -2.77935e-05 -0.434745 3.98367e-05 1.57113 -2.75304e-05
16.331 -0.436332 -0.434697 -0.00163525 3.23707 -2.88208e-05 -0.00488044 -2.57638e-05 -0.434697 4.10978e-05 1.57113 -2.7222e-05
16.332 -0.436332 -0.43465 -0.0016828 3.23232 -2.68131e-05 -0.00496171 -2.37407e-05 -0.43465 4.23542e-05 1.57114 -2.69165e-05
16.333 -0.436332 -0.434602 -0.0017301 3.22761 -2.48122e-05 -0.00504267 -2.17244e-05 -0.434602 4.36059e-05 1.57114 -2.66139e-05
16.334 -0.436332 -0.434555 -0.00177715 3.22292 -2.28181e-05 -0.00512332 -1.9715e-05 -0.434555 4.48528e-05 1.57114 -2.63141e-05
16.335 -0.436332 -0.434508 -0.00182396 3.21827 -2.08309e-05 -0.00520366 -1.77126e-05 -0.434508 4.6095e-05 1.57115 -2.60171e-05
16.336 -0.436332 -0.434462 -0.00187052 3.21365 -1.88507e-05 -0.00528369 -1.57173e-05 -0.434462 4.73324e-05 1.57115 -2.57229e-05
16.337 -0.436332 -0.434415 -0.00191684 3.20906 -1.68776e-05 -0.0053634 -1.37292e-05 -0.434415 4.85649e-05 1.57115 -2.54314e-05
16.338 -0.436332 -0.434369 -0.00196291 3.20451 -1.49118e-05 -0.0054428 -1.17484e-05 -0.434369 4.97926e-05 1.57115 -2.51426e-05
16.339 -0.436332 -0.434324 -0.00200873 3.19998 -1.29533e-05 -0.00552188 -9.77489e-06 -0.434324 5.10153e-05 1.57116 -2.48566e-05
16.34 -0.436332 -0.434278 -0.00205431 3.19549 -1.10022e-05 -0.00560064 -7.8089e-06 -0.434278 5.22331e-05 1.57116 -2.45732e-05
16.341 -0.436332 -0.434233 -0.00209965 3.19102 -9.05858e-06 -0.00567908 -5.85046e-06 -0.434233 5.3446e-05 1.57116 -2.42925e-05
16.342 -0.436332 -0.434188 -0.00214474 3.18659 -7.12258e-06 -0.0057572 -3.89966e-06 -0.434188 5.46539e-05 1.57117 -2.40143e-05
16.343 -0.436332 -0.434143 -0.00218959 3.18219 -5.19426e-06 -0.00583499 -1.9566e-06 -0.434143 5.58567e-05 1.57117 -2.37388e-05
16.344 -0.436332 -0.434098 -0.00223419 3.17783 -3.27372e-06 -0.00591247 -2.13565e-08 -0.434098 5.70546e-05 1.57117 -2.34659e-05
16.345 -0.436332 -0.434054 -0.00227856 3.17349 -1.36104e-06 -0.00598961 1.90599e-06 -0.434054 5.82473e-05 1.57117 -2.31955e-05
16.346 -0.436332 -0.43401 -0.00232268 3.16918 5.43692e-07 -0.00606643 3.82536e-06 -0.43401 5.94349e-05 1.57118 -2.29276e-05
16.347 -0.436332 -0.433966 -0.00236655 3.16491 2.4404e-06 -0.00614292 5.73666e-06 -0.433966 6.06174e-05 1.57118 -2.26622e-05
16.348 -0.436332 -0.433922 -0.00241019 3.16067 4.32899e-06 -0.00621908 7.63983e-06 -0.433922 6.17947e-05 1.57118 -2.23993e-05
16.349 -0.436332 -0.433879 -0.00245358 3.15646 6.2094e-06 -0.00629491 9.53478e-06 -0.433879 6.29669e-05 1.57119 -2.21389e-05
16.35 -0.436332 -0.433836 -0.00249673 3.15228 8.08154e-06 -0.0063704 1.14214e-05 -0.433836 6.41338e-05 1.57119 -2.18809e-05
16.351 -0.436332 -0.433793 -0.00253965 3.14814 9.94534e-06 -0.00644556 1.32997e-05 -0.433793 6.52955e-05 1.57119 -2.16253e-05
16.352 -0.436332 -0.43375 -0.00258232 3.14402 1.18007e-05 -0.00652039 1.51696e-05 -0.43375 6.64519e-05 1.57119 -2.13721e-05
16.353 -0.436332 -0.433708 -0.00262475 3.13994 1.36476e-05 -0.00659488 1.7031e-05 -0.433708 6.7603e-05 1.5712 -2.11212e-05
16.354 -0.436332 -0.433665 -0.00266694 3.13589 1.54859e-05 -0.00666903 1.88838e-05 -0.433665 6.87489e-05 1.5712 -2.08727e-05
16.355 -0.436332 -0.433623 -0.00270889 3.13187 1.73156e-05 -0.00674284 2.07279e-05 -0.433623 6.98893e-05 1.5712 -2.06265e-05
16.356 -0.436332 -0.433582 -0.0027506 3.12788 1.91366e-05 -0.00681631 2.25633e-05 -0.433582 7.10245e-05 1.57121 -2.03826e-05
16.357 -0.436332 -0.43354 -0.00279208 3.12393 2.09489e-05 -0.00688944 2.439e-05 -0.43354 7.21542e-05 1.57121 -2.0141e-05
16.358 -0.436332 -0.433499 -0.00283331 3.12001 2.27523e-05 -0.00696223 2.62078e-05 -0.433499 7.32785e-05 1.57121 -1.99016e-05
16.359 -0.436332 -0.433458 -0.00287431 3.11612 2.45468e-05 -0.00703467 2.80167e-05 -0.433458 7.43975e-05 1.57121 -1.96644e-05
16.36 -0.436332 -0.433417 -0.00291506 3.11226 2.63324e-05 -0.00710677 2.98167e-05 -0.433417 7.55109e-05 1.57122 -1.94295e-05
16.361 -0.436332 -0.433377 -0.00295558 3.10843 2.8109e-05 -0.00717852 3.16077e-05 -0.433377 7.66189e-05 1.57122 -1.91968e-05
16.362 -0.436332 -0.433336 -0.00299587 3.10463 2.98764e-05 -0.00724992 3.33896e-05 -0.433336 7.77214e-05 1.57122 -1.89662e-05
16.363 -0.436332 -0.433296 -0.00303591 3.10087 3.16348e-05 -0.00732098 3.51623e-05 -0.433296 7.88184e-05 1.57123 -1.87378e-05
16.364 -0.436332 -0.433257 -0.00307572 3.09714 3.3384e-05 -0.00739168 3.69259e-05 -0.433257 7.99099e-05 1.57123 -1.85115e-05
16.365 -0.436332 -0.433217 -0.00311529 3.09344 3.51239e-05 -0.00746204 3.86803e-05 -0.433217 8.09958e-05 1.57123 -1.82873e-05
16.366 -0.436332 -0.433178 -0.00315463 3.08978 3.68546e-05 -0.00753204 4.04254e-05 -0.433178 8.20761e-05 1.57123 -1.80652e-05
16.367 -0.436332 -0.433139 -0.00319372 3.08614 3.85759e-05 -0.00760169 4.21611e-05 -0.433139 8.31508e-05 1.57124 -1.78452e-05
16.368 -0.436332 -0.4331 -0.00323259 3.08254 4.02878e-05 -0.00767098 4.38874e-05 -0.4331 8.422e-05 1.57124 -1.76272e-05
16.369 -0.436332 -0.433061 -0.00327122 3.07897 4.19903e-05 -0.00773992 4.56044e-05 -0.433061 8.52835e-05 1.57124 -1.74113e-05
16.37 -0.436332 -0.433023 -0.00330961 3.07543 4.36833e-05 -0.00780851 4.73118e-05 -0.433023 8.63413e-05 1.57124 -1.71973e-05
16.371 -0.436332 -0.432985 -0.00334776 3.07192 4.53668e-05 -0.00787673 4.90097e-05 -0.432985 8.73935e-05 1.57125 -1.69854e-05
16.372 -0.436332 -0.432947 -0.00338569 3.06845 4.70407e-05 -0.0079446 5.06981e-05 -0.432947 8.844e-05 1.57125 -1.67754e-05
16.373 -0.436332 -0.432909 -0.00342338 3.06501 4.8705e-05 -0.00801211 5.23769e-05 -0.432909 8.94809e-05 1.57125 -1.65675e-05
16.374 -0.436332 -0.432871 -0.00346083 3.0616 5.03597e-05 -0.00807926 5.4046e-05 -0.432871 9.0516e-05 1.57125 -1.63614e-05
16.375 -0.436332 -0.432834 -0.00349805 3.05822 5.20046e-05 -0.00814605 5.57054e-05 -0.432834 9.15454e-05 1.57126 -1.61573e-05
16.376 -0.436332 -0.432797 -0.00353504 3.05487 5.36398e-05 -0.00821248 5.73551e-05 -0.432797 9.2569e-05 1.57126 -1.5955e-05
16.377 -0.436332 -0.432761 -0.00357179 3.05156 5.52653e-05 -0.00827854 5.89951e-05 -0.432761 9.35869e-05 1.57126 -1.57547e-05
16.378 -0.436332 -0.432724 -0.00360831 3.04828 5.68809e-05 -0.00834424 6.06253e-05 -0.432724 9.4599e-05 1.57126 -1.55562e-05
16.379 -0.436332 -0.432688 -0.00364459 3.04503 5.84867e-05 -0.00840957 6.22456e-05 -0.432688 9.56054e-05 1.57127 -1.53596e-05
16.38 -0.436332 -0.432652 -0.00368065 3.04181 6.00826e-05 -0.00847454 6.38561e-05 -0.432652 9.66059e-05 1.57127 -1.51648e-05
16.381 -0.436332 -0.432616 -0.00371647 3.03863 6.16687e-05 -0.00853915 6.54566e-05 -0.432616 9.76006e-05 1.57127 -1.49718e-05
16.382 -0.436332 -0.43258 -0.00375206 3.03547 6.32448e-05 -0.00860338 6.70473e-05 -0.43258 9.85895e-05 1.57127 -1.47807e-05
16.383 -0.436332 -0.432545 -0.00378742 3.03235 6.48109e-05 -0.00866725 6.8628e-05 -0.432545 9.95725e-05 1.57128 -1.45913e-05
16.384 -0.436332 -0.43251 -0.00382254 3.02927 6.6367e-05 -0.00873075 7.01987e-05 -0.43251 0.00010055 1.57128 -1.44037e-05
16.385 -0.436332 -0.432475 -0.00385744 3.02621 6.79131e-05 -0.00879388 7.17594e-05 -0.432475 0.000101521 1.57128 -1.42178e-05
16.386 -0.436332 -0.43244 -0.0038921 3.02318 6.94492e-05 -0.00885664 7.33101e-05 -0.43244 0.000102487 1.57128 -1.40337e-05
16.387 -0.436332 -0.432406 -0.00392653 3.02019 7.09752e-05 -0.00891902 7.48507e-05 -0.432406 0.000103446 1.57129 -1.38513e-05
16.388 -0.436332 -0.432372 -0.00396073 3.01723 7.24911e-05 -0.00898104 7.63813e-05 -0.432372 0.0001044 1.57129 -1.36706e-05
16.389 -0.436332 -0.432338 -0.00399471 3.0143 7.39968e-05 -0.00904268 7.79017e-05 -0.432338 0.000105347 1.57129 -1.34916e-05
16.39 -0.436332 -0.432304 -0.00402845 3.01141 7.54925e-05 -0.00910395 7.9412e-05 -0.432304 0.000106289 1.57129 -1.33142e-05
16.391 -0.436332 -0.43227 -0.00406196 3.00854 7.6978e-05 -0.00916484 8.09122e-05 -0.43227 0.000107225 1.5713 -1.31386e-05
16.392 -0.436332 -0.432237 -0.00409524 3.00571 7.84533e-05 -0.00922536 8.24022e-05 -0.432237 0.000108155 1.5713 -1.29645e-05
16.393 -0.436332 -0.432204 -0.00412829 3.00291 7.99184e-05 -0.00928551 8.3882e-05 -0.432204 0.000109079 1.5713 -1.27921e-05
16.394 -0.436332 -0.432171 -0.00416112 3.00014 8.13733e-05 -0.00934528 8.53516e-05 -0.432171 0.000109997 1.5713 -1.26213e-05
16.395 -0.436332 -0.432139 -0.00419371 2.99741 8.2818e-05 -0.00940467 8.6811e-05 -0.432139 0.000110909 1.5713 -1.24521e-05
16.396 -0.436332 -0.432106 -0.00422608 2.9947 8.42525e-05 -0.00946368 8.82601e-05 -0.432106 0.000111815 1.57131 -1.22845e-05
16.397 -0.436332 -0.432074 -0.00425821 2.99203 8.56766e-05 -0.00952231 8.9699e-05 -0.432074 0.000112716 1.57131 -1.21185e-05
16.398 -0.436332 -0.432042 -0.00429012 2.98939 8.70906e-05 -0.00958057 9.11277e-05 -0.432042 0.00011361 1.57131 -1.1954e-05
16.399 -0.436332 -0.432011 -0.0043218 2.98678 8.84942e-05 -0.00963845 9.25461e-05 -0.432011 0.000114498 1.57131 -1.1791e-05
16.4 -0.436332 -0.431979 -0.00435326 2.98421 8.98876e-05 -0.00969594 9.39542e-05 -0.431979 0.00011538 1.57132 -1.16296e-05
16.401 -0.436332 -0.431948 -0.00438448 2.98166 9.12706e-05 -0.00975306 9.5352e-05 -0.431948 0.000116256 1.57132 -1.14697e-05
16.402 -0.436332 -0.431917 -0.00441548 2.97915 9.26434e-05 -0.00980979 9.67395e-05 -0.431917 0.000117126 1.57132 -1.13113e-05
16.403 -0.436332 -0.431886 -0.00444626 2.97667 9.40058e-05 -0.00986615 9.81166e-05 -0.431886 0.00011799 1.57132 -1.11544e-05
16.404 -0.436332 -0.431856 -0.0044768 2.97422 9.53579e-05 -0.00992212 9.94835e-05 -0.431856 0.000118848 1.57132 -1.0999e-05
16.405 -0.436332 -0.431825 -0.00450712 2.97181 9.66997e-05 -0.0099777 0.00010084 -0.431825 0.0001197 1.57133 -1.0845e-05
16.406 -0.436332 -0.431795 -0.00453721 2.96942 9.80312e-05 -0.0100329 0.000102186 -0.431795 0.000120546 1.57133 -1.06924e-05
16.407 -0.436332 -0.431765 -0.00456708 2.96707 9.93523e-05 -0.0100877 0.000103522 -0.431765 0.000121386 1.57133 -1.05413e-05
16.408 -0.436332 -0.431736 -0.00459672 2.96475 0.000100663 -0.0101422 0.000104848 -0.431736 0.00012222 1.57133 -1.03917e-05
16.409 -0.436332 -0.431706 -0.00462614 2.96246 0.000101964 -0.0101962 0.000106163 -0.431706 0.000123048 1.57133 -1.02434e-05
16.41 -0.436332 -0.431677 -0.00465533 2.9602 0.000103254 -0.0102499 0.000107468 -0.431677 0.000123869 1.57134 -1.00965e-05
16.411 -0.436332 -0.431648 -0.00468429 2.95797 0.000104533 -0.0103032 0.000108762 -0.431648 0.000124685 1.57134 -9.95102e-06
16.412 -0.436332 -0.431619 -0.00471304 2.95578 0.000105803 -0.0103561 0.000110046 -0.431619 0.000125495 1.57134 -9.80689e-06
16.413 -0.436332 -0.431591 -0.00474155 2.95361 0.000107062 -0.0104086 0.00011132 -0.431591 0.000126298 1.57134 -9.66413e-06
16.414 -0.436332 -0.431562 -0.00476984 2.95148 0.000108311 -0.0104607 0.000112584 -0.431562 0.000127096 1.57134 -9.52272e-06
16.415 -0.436332 -0.431534 -0.00479791 2.94938 0.000109549 -0.0105124 0.000113837 -0.431534 0.000127887 1.57135 -9.38264e-06
16.416 -0.436332 -0.431507 -0.00482576 2.94732 0.000110777 -0.0105638 0.000115079 -0.431507 0.000128672 1.57135 -9.24388e-06
16.417 -0.436332 -0.431479 -0.00485338 2.94528 0.000111995 -0.0106147 0.000116312 -0.431479 0.000129451 1.57135 -9.10643e-06
16.418 -0.436332 -0.431452 -0.00488078 2.94327 0.000113202 -0.0106653 0.000117534 -0.431452 0.000130224 1.57135 -8.97028e-06
16.419 -0.436332 -0.431424 -0.00490795 2.9413 0.0001144 -0.0107155 0.000118746 -0.431424 0.000130991 1.57135 -8.83543e-06
16.42 -0.436332 -0.431397 -0.00493491 2.93936 0.000115586 -0.0107653 0.000119947 -0.431397 0.000131752 1.57136 -8.70184e-06
16.421 -0.436332 -0.431371 -0.00496164 2.93745 0.000116763 -0.0108147 0.000121138 -0.431371 0.000132507 1.57136 -8.56953e-06
16.422 -0.436332 -0.431344 -0.00498814 2.93557 0.000117929 -0.0108637 0.000122319 -0.431344 0.000133256 1.57136 -8.43846e-06
16.423 -0.436332 -0.431318 -0.00501443 2.93372 0.000119085 -0.0109123 0.00012349 -0.431318 0.000133999 1.57136 -8.30864e-06
16.424 -0.436332 -0.431292 -0.0050405 2.9319 0.000120231 -0.0109605 0.00012465 -0.431292 0.000134735 1.57136 -8.18005e-06
16.425 -0.436332 -0.431266 -0.00506634 2.93012 0.000121366 -0.0110083 0.0001258 -0.431266 0.000135465 1.57137 -8.05269e-06
16.426 -0.436332 -0.43124 -0.00509196 2.92836 0.000122491 -0.0110558 0.000126939 -0.43124 0.00013619 1.57137 -7.92653e-06
16.427 -0.436332 -0.431215 -0.00511736 2.92664 0.000123606 -0.0111029 0.000128069 -0.431215 0.000136908 1.57137 -7.80158e-06
16.428 -0.436332 -0.43119 -0.00514254 2.92495 0.000124711 -0.0111495 0.000129188 -0.43119 0.00013762 1.57137 -7.67781e-06
16.429 -0.436332 -0.431165 -0.0051675 2.92329 0.000125805 -0.0111958 0.000130297 -0.431165 0.000138326 1.57137 -7.55522e-06
16.43 -0.436332 -0.43114 -0.00519224 2.92166 0.00012689 -0.0112417 0.000131395 -0.43114 0.000139026 1.57137 -7.4338e-06
16.431 -0.436332 -0.431116 -0.00521677 2.92006 0.000127964 -0.0112872 0.000132484 -0.431116 0.00013972 1.57138 -7.31354e-06
16.432 -0.436332 -0.431091 -0.00524107 2.91849 0.000129028 -0.0113323 0.000133562 -0.431091 0.000140408 1.57138 -7.19443e-06
16.433 -0.436332 -0.431067 -0.00526515 2.91695 0.000130081 -0.011377 0.00013463 -0.431067 0.000141089 1.57138 -7.07646e-06
16.434 -0.436332 -0.431043 -0.00528901 2.91544 0.000131125 -0.0114213 0.000135688 -0.431043 0.000141765 1.57138 -6.95961e-06
16.435 -0.436332 -0.43102 -0.00531266 2.91397 0.000132159 -0.0114652 0.000136736 -0.43102 0.000142435 1.57138 -6.84389e-06
16.436 -0.436332 -0.430996 -0.00533608 2.91252 0.000133182 -0.0115087 0.000137773 -0.430996 0.000143098 1.57138 -6.72927e-06
16.437 -0.436332 -0.430973 -0.00535929 2.91111 0.000134195 -0.0115518 0.000138801 -0.430973 0.000143755 1.57139 -6.61575e-06
16.438 -0.436332 -0.43095 -0.00538228 2.90973 0.000135199 -0.0115946 0.000139818 -0.43095 0.000144407 1.57139 -6.50332e-06
16.439 -0.436332 -0.430927 -0.00540505 2.90838 0.000136192 -0.0116369 0.000140825 -0.430927 0.000145052 1.57139 -6.39197e-06
16.44 -0.436332 -0.430905 -0.00542761 2.90705 0.000137175 -0.0116789 0.000141823 -0.430905 0.000145691 1.57139 -6.2817e-06
16.441 -0.436332 -0.430882 -0.00544995 2.90576 0.000138148 -0.0117204 0.00014281 -0.430882 0.000146324 1.57139 -6.17248e-06
16.442 -0.436332 -0.43086 -0.00547207 2.9045 0.000139111 -0.0117616 0.000143787 -0.43086 0.000146951 1.57139 -6.06432e-06
16.443 -0.436332 -0.430838 -0.00549398 2.90327 0.000140064 -0.0118024 0.000144754 -0.430838 0.000147572 1.5714 -5.9572e-06
16.444 -0.436332 -0.430817 -0.00551567 2.90207 0.000141008 -0.0118428 0.000145711 -0.430817 0.000148186 1.5714 -5.85112e-06
16.445 -0.436332 -0.430795 -0.00553714 2.9009 0.000141941 -0.0118827 0.000146658 -0.430795 0.000148795 1.5714 -5.74606e-06
16.446 -0.436332 -0.430774 -0.0055584 2.89976 0.000142864 -0.0119223 0.000147595 -0.430774 0.000149398 1.5714 -5.64201e-06
16.447 -0.436332 -0.430753 -0.00557944 2.89865 0.000143778 -0.0119615 0.000148522 -0.430753 0.000149995 1.5714 -5.53898e-06
16.448 -0.436332 -0.430732 -0.00560027 2.89757 0.000144681 -0.0120003 0.00014944 -0.430732 0.000150585 1.5714 -5.43695e-06
16.449 -0.436332 -0.430711 -0.00562088 2.89653 0.000145575 -0.0120387 0.000150347 -0.430711 0.00015117 1.5714 -5.3359e-06
16.45 -0.436332 -0.430691 -0.00564128 2.89551 0.000146459 -0.0120767 0.000151244 -0.430691 0.000151748 1.57141 -5.23584e-06
16.451 -0.436332 -0.430671 -0.00566147 2.89452 0.000147334 -0.0121144 0.000152132 -0.430671 0.000152321 1.57141 -5.13675e-06
16.452 -0.436332 -0.430651 -0.00568144 2.89356 0.000148198 -0.0121516 0.00015301 -0.430651 0.000152887 1.57141 -5.03863e-06
16.453 -0.436332 -0.430631 -0.00570119 2.89263 0.000149053 -0.0121884 0.000153878 -0.430631 0.000153448 1.57141 -4.94147e-06
16.454 -0.436332 -0.430612 -0.00572074 2.89173 0.000149898 -0.0122249 0.000154736 -0.430612 0.000154002 1.57141 -4.84526e-06
16.455 -0.436332 -0.430592 -0.00574007 2.89086 0.000150733 -0.0122609 0.000155585 -0.430592 0.000154551 1.57141 -4.74998e-06
16.456 -0.436332 -0.430573 -0.00575919 2.89003 0.000151559 -0.0122966 0.000156424 -0.430573 0.000155093 1.57141 -4.65564e-06
16.457 -0.436332 -0.430554 -0.0057781 2.88922 0.000152375 -0.0123318 0.000157253 -0.430554 0.00015563 1.57142 -4.56223e-06
16.458 -0.436332 -0.430536 -0.00579679 2.88844 0.000153181 -0.0123667 0.000158072 -0.430536 0.00015616 1.57142 -4.46973e-06
16.459 -0.436332 -0.430517 -0.00581528 2.88769 0.000153978 -0.0124011 0.000158882 -0.430517 0.000156685 1.57142 -4.37815e-06
16.46 -0.436332 -0.430499 -0.00583355 2.88697 0.000154766 -0.0124352 0.000159682 -0.430499 0.000157203 1.57142 -4.28746e-06
16.461 -0.436332 -0.430481 -0.00585161 2.88628 0.000155543 -0.0124689 0.000160473 -0.430481 0.000157716 1.57142 -4.19767e-06
16.462 -0.436332 -0.430463 -0.00586946 2.88561 0.000156312 -0.0125022 0.000161254 -0.430463 0.000158222 1.57142 -4.10877e-06
16.463 -0.436332 -0.430445 -0.0058871 2.88498 0.000157071 -0.0125351 0.000162026 -0.430445 0.000158723 1.57142 -4.02075e-06
16.464 -0.436332 -0.430428 -0.00590453 2.88438 0.00015782 -0.0125676 0.000162788 -0.430428 0.000159218 1.57142 -3.9336e-06
16.465 -0.436332 -0.430411 -0.00592175 2.88381 0.00015856 -0.0125997 0.00016354 -0.430411 0.000159706 1.57143 -3.84731e-06
16.466 -0.436332 -0.430394 -0.00593876 2.88326 0.000159291 -0.0126314 0.000164283 -0.430394 0.000160189 1.57143 -3.76189e-06
16.467 -0.436332 -0.430377 -0.00595557 2.88275 0.000160012 -0.0126628 0.000165017 -0.430377 0.000160666 1.57143 -3.67731e-06
16.468 -0.436332 -0.43036 -0.00597216 2.88226 0.000160724 -0.0126937 0.000165741 -0.43036 0.000161137 1.57143 -3.59357e-06
16.469 -0.436332 -0.430344 -0.00598855 2.8818 0.000161427 -0.0127243 0.000166456 -0.430344 0.000161602 1.57143 -3.51068e-06
16.47 -0.436332 -0.430328 -0.00600472 2.88137 0.00016212 -0.0127544 0.000167162 -0.430328 0.000162062 1.57143 -3.42861e-06
16.471 -0.436332 -0.430312 -0.0060207 2.88097 0.000162804 -0.0127842 0.000167858 -0.430312 0.000162515 1.57143 -3.34736e-06
16.472 -0.436332 -0.430296 -0.00603646 2.8806 0.000163479 -0.0128136 0.000168545 -0.430296 0.000162962 1.57143 -3.26693e-06
16.473 -0.436332 -0.43028 -0.00605201 2.88026 0.000164145 -0.0128425 0.000169223 -0.43028 0.000163404 1.57143 -3.18731e-06
16.474 -0.436332 -0.430265 -0.00606736 2.87995 0.000164802 -0.0128711 0.000169891 -0.430265 0.00016384 1.57144 -3.10849e-06
16.475 -0.436332 -0.43025 -0.00608251 2.87966 0.00016545 -0.0128993 0.00017055 -0.43025 0.000164269 1.57144 -3.03047e-06
16.476 -0.436332 -0.430235 -0.00609744 2.87941 0.000166088 -0.0129271 0.000171201 -0.430235 0.000164693 1.57144 -2.95323e-06
16.477 -0.436332 -0.43022 -0.00611218 2.87918 0.000166718 -0.0129546 0.000171842 -0.43022 0.000165112 1.57144 -2.87678e-06
16.478 -0.436332 -0.430206 -0.0061267 2.87898 0.000167339 -0.0129816 0.000172474 -0.430206 0.000165524 1.57144 -2.8011e-06
16.479 -0.436332 -0.430191 -0.00614103 2.87881 0.00016795 -0.0130083 0.000173097 -0.430191 0.00016593 1.57144 -2.72619e-06
16.48 -0.436332 -0.430177 -0.00615514 2.87866 0.000168553 -0.0130345 0.000173711 -0.430177 0.000166331 1.57144 -2.65205e-06
16.481 -0.436332 -0.430163 -0.00616906 2.87855 0.000169147 -0.0130604 0.000174316 -0.430163 0.000166726 1.57144 -2.57866e-06
16.482 -0.436332 -0.43015 -0.00618277 2.87846 0.000169732 -0.0130859 0.000174912 -0.43015 0.000167115 1.57144 -2.50603e-06
16.483 -0.436332 -0.430136 -0.00619627 2.8784 0.000170308 -0.013111 0.000175499 -0.430136 0.000167498 1.57144 -2.43413e-06
16.484 -0.436332 -0.430123 -0.00620958 2.87837 0.000170875 -0.0131357 0.000176077 -0.430123 0.000167876 1.57145 -2.36298e-06
16.485 -0.436332 -0.43011 -0.00622268 2.87837 0.000171434 -0.01316 0.000176646 -0.43011 0.000168248 1.57145 -2.29256e-06
16.486 -0.436332 -0.430097 -0.00623558 2.8784 0.000171984 -0.0131839 0.000177207 -0.430097 0.000168614 1.57145 -2.22286e-06
16.487 -0.436332 -0.430084 -0.00624827 2.87845 0.000172525 -0.0132075 0.000177758 -0.430084 0.000168974 1.57145 -2.15389e-06
16.488 -0.436332 -0.430072 -0.00626077 2.87853 0.000173057 -0.0132306 0.000178301 -0.430072 0.000169329 1.57145 -2.08563e-06
16.489 -0.436332 -0.430059 -0.00627306 2.87864 0.000173581 -0.0132534 0.000178836 -0.430059 0.000169678 1.57145 -2.01808e-06
16.49 -0.436332 -0.430047 -0.00628515 2.87877 0.000174097 -0.0132758 0.000179361 -0.430047 0.000170021 1.57145 -1.95123e-06
16.491 -0.436332 -0.430035 -0.00629705 2.87893 0.000174603 -0.0132978 0.000179878 -0.430035 0.000170359 1.57145 -1.88508e-06
16.492 -0.436332 -0.430024 -0.00630874 2.87912 0.000175102 -0.0133194 0.000180386 -0.430024 0.000170691 1.57145 -1.81962e-06
16.493 -0.436332 -0.430012 -0.00632023 2.87934 0.000175591 -0.0133407 0.000180886 -0.430012 0.000171017 1.57145 -1.75484e-06
16.494 -0.436332 -0.430001 -0.00633153 2.87959 0.000176073 -0.0133615 0.000181377 -0.430001 0.000171337 1.57145 -1.69075e-06
16.495 -0.436332 -0.42999 -0.00634262 2.87986 0.000176546 -0.013382 0.00018186 -0.42999 0.000171652 1.57145 -1.62733e-06
16.496 -0.436332 -0.429979 -0.00635352 2.88016 0.00017701 -0.0134021 0.000182334 -0.429979 0.000171961 1.57145 -1.56458e-06
16.497 -0.436332 -0.429968 -0.00636422 2.88048 0.000177466 -0.0134218 0.000182799 -0.429968 0.000172265 1.57146 -1.5025e-06
16.498 -0.436332 -0.429958 -0.00637472 2.88083 0.000177914 -0.0134411 0.000183257 -0.429958 0.000172563 1.57146 -1.44107e-06
16.499 -0.436332 -0.429947 -0.00638503 2.88121 0.000178354 -0.0134601 0.000183705 -0.429947 0.000172856 1.57146 -1.3803e-06
16.5 -0.436332 -0.429937 -0.00639514 2.88162 0.000178785 -0.0134786 0.000184146 -0.429937 0.000173142 1.57146 -1.32017e-06
16.501 -0.436332 -0.429927 -0.00640505 2.88205 0.000179208 -0.0134968 0.000184578 -0.429927 0.000173424 1.57146 -1.26069e-06
16.502 -0.436332 -0.429918 -0.00641476 2.88251 0.000179623 -0.0135146 0.000185002 -0.429918 0.000173699 1.57146 -1.20185e-06
16.503 -0.436332 -0.429908 -0.00642428 2.883 0.00018003 -0.0135321 0.000185418 -0.429908 0.00017397 1.57146 -1.14363e-06
16.504 -0.436332 -0.429899 -0.00643361 2.88351 0.000180429 -0.0135491 0.000185825 -0.429899 0.000174234 1.57146 -1.08605e-06
16.505 -0.436332 -0.42989 -0.00644274 2.88405 0.00018082 -0.0135658 0.000186225 -0.42989 0.000174493 1.57146 -1.02909e-06
16.506 -0.436332 -0.429881 -0.00645167 2.88461 0.000181203 -0.0135821 0.000186616 -0.429881 0.000174747 1.57146 -9.72743e-07
16.507 -0.436332 -0.429872 -0.00646042 2.8852 0.000181577 -0.013598 0.000186999 -0.429872 0.000174995 1.57146 -9.17011e-07
16.508 -0.436332 -0.429863 -0.00646896 2.88582 0.000181944 -0.0136136 0.000187374 -0.429863 0.000175238 1.57146 -8.61887e-07
16.509 -0.436332 -0.429855 -0.00647732 2.88646 0.000182303 -0.0136287 0.000187741 -0.429855 0.000175475 1.57146 -8.07366e-07
16.51 -0.436332 -0.429847 -0.00648548 2.88713 0.000182654 -0.0136435 0.0001881 -0.429847 0.000175707 1.57146 -7.53443e-07
16.511 -0.436332 -0.429839 -0.00649345 2.88782 0.000182997 -0.0136579 0.000188451 -0.429839 0.000175933 1.57146 -7.00113e-07
16.512 -0.436332 -0.429831 -0.00650123 2.88854 0.000183333 -0.013672 0.000188794 -0.429831 0.000176154 1.57146 -6.47371e-07
16.513 -0.436332 -0.429823 -0.00650882 2.88929 0.000183661 -0.0136857 0.00018913 -0.429823 0.000176369 1.57146 -5.95214e-07
16.514 -0.436332 -0.429816 -0.00651622 2.89006 0.00018398 -0.013699 0.000189457 -0.429816 0.000176579 1.57146 -5.43636e-07
16.515 -0.436332 -0.429809 -0.00652342 2.89086 0.000184293 -0.0137119 0.000189777 -0.429809 0.000176784 1.57146 -4.92632e-07
16.516 -0.436332 -0.429802 -0.00653044 2.89168 0.000184597 -0.0137245 0.000190088 -0.429802 0.000176983 1.57146 -4.42198e-07
16.517 -0.436332 -0.429795 -0.00653727 2.89252 0.000184894 -0.0137367 0.000190393 -0.429795 0.000177177 1.57147 -3.92331e-07
16.518 -0.436332 -0.429788 -0.00654391 2.8934 0.000185184 -0.0137485 0.000190689 -0.429788 0.000177366 1.57147 -3.43024e-07
16.519 -0.436332 -0.429782 -0.00655035 2.89429 0.000185466 -0.0137599 0.000190978 -0.429782 0.000177549 1.57147 -2.94274e-07
16.52 -0.436332 -0.429776 -0.00655662 2.89522 0.00018574 -0.013771 0.000191259 -0.429776 0.000177727 1.57147 -2.46076e-07
16.521 -0.436332 -0.42977 -0.00656269 2.89616 0.000186007 -0.0137818 0.000191532 -0.42977 0.0001779 1.57147 -1.98426e-07
16.522 -0.436332 -0.429764 -0.00656858 2.89714 0.000186266 -0.0137921 0.000191798 -0.429764 0.000178067 1.57147 -1.5132e-07
16.523 -0.436332 -0.429758 -0.00657428 2.89813 0.000186519 -0.0138021 0.000192057 -0.429758 0.000178229 1.57147 -1.04753e-07
16.524 -0.436332 -0.429753 -0.00657979 2.89915 0.000186763 -0.0138117 0.000192308 -0.429753 0.000178386 1.57147 -5.87217e-08
16.525 -0.436332 -0.429747 -0.00658512 2.9002 0.000187001 -0.013821 0.000192551 -0.429747 0.000178537 1.57147 -1.3221e-08
16.526 -0.436332 -0.429742 -0.00659026 2.90127 0.000187231 -0.0138299 0.000192788 -0.429742 0.000178684 1.57147 3.17529e-08
16.527 -0.436332 -0.429737 -0.00659521 2.90237 0.000187454 -0.0138384 0.000193016 -0.429737 0.000178825 1.57147 7.62042e-08
16.528 -0.436332 -0.429732 -0.00659999 2.90348 0.00018767 -0.0138465 0.000193238 -0.429732 0.000178961 1.57147 1.20137e-07
16.529 -0.436332 -0.429728 -0.00660458 2.90463 0.000187878 -0.0138544 0.000193452 -0.429728 0.000179091 1.57147 1.63555e-07
16.53 -0.436332 -0.429723 -0.00660898 2.90579 0.000188079 -0.0138618 0.000193659 -0.429723 0.000179217 1.57147 2.06463e-07
16.531 -0.436332 -0.429719 -0.0066132 2.90699 0.000188274 -0.0138689 0.000193858 -0.429719 0.000179337 1.57147 2.48864e-07
16.532 -0.436332 -0.429715 -0.00661724 2.9082 0.000188461 -0.0138756 0.000194051 -0.429715 0.000179453 1.57147 2.90763e-07
16.533 -0.436332 -0.429711 -0.0066211 2.90944 0.000188641 -0.013882 0.000194236 -0.429711 0.000179563 1.57147 3.32163e-07
16.534 -0.436332 -0.429708 -0.00662477 2.9107 0.000188814 -0.013888 0.000194414 -0.429708 0.000179668 1.57147 3.73069e-07
16.535 -0.436332 -0.429704 -0.00662827 2.91199 0.000188981 -0.0138936 0.000194585 -0.429704 0.000179768 1.57147 4.13483e-07
16.536 -0.436332 -0.429701 -0.00663158 2.9133 0.00018914 -0.0138989 0.000194749 -0.429701 0.000179863 1.57147 4.53411e-07
16.537 -0.436332 -0.429698 -0.00663472 2.91463 0.000189292 -0.0139039 0.000194906 -0.429698 0.000179952 1.57147 4.92855e-07
16.538 -0.436332 -0.429695 -0.00663767 2.91599 0.000189438 -0.0139084 0.000195056 -0.429695 0.000180037 1.57147 5.3182e-07
16.539 -0.436332 -0.429692 -0.00664045 2.91737 0.000189577 -0.0139127 0.000195199 -0.429692 0.000180117 1.57147 5.70309e-07
16.54 -0.436332 -0.429689 -0.00664304 2.91877 0.000189709 -0.0139165 0.000195335 -0.429689 0.000180191 1.57147 6.08326e-07
16.541 -0.436332 -0.429687 -0.00664546 2.9202 0.000189834 -0.0139201 0.000195465 -0.429687 0.000180261 1.57147 6.45874e-07
16.542 -0.436332 -0.429685 -0.0066477 2.92165 0.000189953 -0.0139232 0.000195587 -0.429685 0.000180326 1.57147 6.82958e-07
16.543 -0.436332 -0.429683 -0.00664976 2.92312 0.000190065 -0.0139261 0.000195703 -0.429683 0.000180385 1.57147 7.1958e-07
16.544 -0.436332 -0.429681 -0.00665165 2.92461 0.00019017 -0.0139285 0.000195812 -0.429681 0.00018044 1.57147 7.55745e-07
16.545 -0.436332 -0.429679 -0.00665336 2.92613 0.000190269 -0.0139307 0.000195914 -0.429679 0.00018049 1.57147 7.91455e-07
16.546 -0.436332 -0.429677 -0.00665489 2.92767 0.000190361 -0.0139324 0.00019601 -0.429677 0.000180535 1.57147 8.26716e-07
16.547 -0.436332 -0.429676 -0.00665625 2.92923 0.000190447 -0.0139339 0.000196098 -0.429676 0.000180575 1.57147 8.61528e-07
16.548 -0.436332 -0.429675 -0.00665744 2.93081 0.000190526 -0.0139349 0.000196181 -0.429675 0.00018061 1.57147 8.95898e-07
16.549 -0.436332 -0.429674 -0.00665845 2.93242 0.000190599 -0.0139357 0.000196256 -0.429674 0.00018064 1.57147 9.29827e-07
16.55 -0.436332 -0.429673 -0.00665929 2.93405 0.000190665 -0.0139361 0.000196325 -0.429673 0.000180665 1.57147 9.63319e-07
16.551 -0.436332 -0.429672 -0.00665995 2.9357 0.000190725 -0.0139361 0.000196388 -0.429672 0.000180686 1.57147 9.96378e-07
16.552 -0.436332 -0.429672 -0.00666044 2.93737 0.000190779 -0.0139358 0.000196444 -0.429672 0.000180702 1.57147 1.02901e-06
16.553 -0.436332 -0.429672 -0.00666076 2.93907 0.000190826 -0.0139352 0.000196494 -0.429672 0.000180712 1.57147 1.06121e-06
16.554 -0.436332 -0.429671 -0.00666091 2.94078 0.000190867 -0.0139342 0.000196537 -0.429671 0.000180718 1.57147 1.09299e-06
16.555 -0.436332 -0.429671 -0.00666089 2.94252 0.000190902 -0.0139329 0.000196574 -0.429671 0.00018072 1.57147 1.12434e-06
16.556 -0.436332 -0.429672 -0.0066607 2.94428 0.000190931 -0.0139312 0.000196605 -0.429672 0.000180716 1.57147 1.15529e-06
16.557 -0.436332 -0.429672 -0.00666033 2.94606 0.000190953 -0.0139292 0.000196629 -0.429672 0.000180708 1.57147 1.18581e-06
16.558 -0.436332 -0.429673 -0.0066598 2.94786 0.000190969 -0.0139269 0.000196647 -0.429673 0.000180695 1.57147 1.21593e-06
16.559 -0.436332 -0.429673 -0.0066591 2.94969 0.00019098 -0.0139242 0.000196659 -0.429673 0.000180677 1.57147 1.24564e-06
16.56 -0.436332 -0.429674 -0.00665823 2.95153 0.000190984 -0.0139212 0.000196664 -0.429674 0.000180655 1.57147 1.27494e-06
16.561 -0.436332 -0.429675 -0.00665719 2.9534 0.000190982 -0.0139179 0.000196664 -0.429675 0.000180628 1.57147 1.30384e-06
16.562 -0.436332 -0.429676 -0.00665599 2.95528 0.000190974 -0.0139142 0.000196657 -0.429676 0.000180596 1.57147 1.33235e-06
16.563 -0.436332 -0.429678 -0.00665462 2.95719 0.00019096 -0.0139102 0.000196644 -0.429678 0.00018056 1.57147 1.36046e-06
16.564 -0.436332 -0.429679 -0.00665308 2.95912 0.000190941 -0.0139059 0.000196625 -0.429679 0.000180519 1.57146 1.38818e-06
16.565 -0.436332 -0.429681 -0.00665137 2.96107 0.000190915 -0.0139012 0.0001966 -0.429681 0.000180473 1.57146 1.41551e-06
16.566 -0.436332 -0.429683 -0.00664951 2.96304 0.000190884 -0.0138962 0.000196569 -0.429683 0.000180423 1.57146 1.44245e-06
16.567 -0.436332 -0.429685 -0.00664747 2.96503 0.000190846 -0.0138909 0.000196533 -0.429685 0.000180368 1.57146 1.46901e-06
16.568 -0.436332 -0.429687 -0.00664528 2.96704 0.000190803 -0.0138853 0.00019649 -0.429687 0.000180309 1.57146 1.49519e-06
16.569 -0.436332 -0.429689 -0.00664292 2.96907 0.000190755 -0.0138793 0.000196441 -0.429689 0.000180245 1.57146 1.52099e-06
16.57 -0.436332 -0.429692 -0.0066404 2.97112 0.0001907 -0.013873 0.000196387 -0.429692 0.000180177 1.57146 1.54641e-06
16.571 -0.436332 -0.429695 -0.00663771 2.97319 0.00019064 -0.0138664 0.000196327 -0.429695 0.000180104 1.57146 1.57147e-06
16.572 -0.436332 -0.429697 -0.00663486 2.97528 0.000190574 -0.0138594 0.00019626 -0.429697 0.000180027 1.57146 1.59616e-06
16.573 -0.436332 -0.4297 -0.00663186 2.97739 0.000190503 -0.0138521 0.000196189 -0.4297 0.000179945 1.57146 1.62048e-06
16.574 -0.436332 -0.429704 -0.00662869 2.97952 0.000190426 -0.0138445 0.000196111 -0.429704 0.000179859 1.57146 1.64444e-06
16.575 -0.436332 -0.429707 -0.00662536 2.98167 0.000190343 -0.0138366 0.000196028 -0.429707 0.000179768 1.57146 1.66803e-06
16.576 -0.436332 -0.42971 -0.00662187 2.98384 0.000190255 -0.0138284 0.000195939 -0.42971 0.000179673 1.57146 1.69127e-06
16.577 -0.436332 -0.429714 -0.00661823 2.98602 0.000190162 -0.0138198 0.000195845 -0.429714 0.000179573 1.57146 1.71416e-06
16.578 -0.436332 -0.429718 -0.00661442 2.98823 0.000190063 -0.013811 0.000195745 -0.429718 0.000179469 1.57146 1.73669e-06
16.579 -0.436332 -0.429722 -0.00661046 2.99046 0.000189958 -0.0138018 0.000195639 -0.429722 0.000179361 1.57146 1.75887e-06
16.58 -0.436332 -0.429726 -0.00660634 2.9927 0.000189848 -0.0137923 0.000195528 -0.429726 0.000179248 1.57146 1.78071e-06
16.581 -0.436332 -0.42973 -0.00660206 2.99497 0.000189733 -0.0137825 0.000195411 -0.42973 0.000179131 1.57146 1.8022e-06
16.582 -0.436332 -0.429735 -0.00659763 2.99725 0.000189613 -0.0137724 0.000195289 -0.429735 0.00017901 1.57146 1.82335e-06
16.583 -0.436332 -0.429739 -0.00659304 2.99955 0.000189487 -0.0137619 0.000195162 -0.429739 0.000178884 1.57146 1.84417e-06
16.584 -0.436332 -0.429744 -0.0065883 3.00187 0.000189356 -0.0137512 0.000195029 -0.429744 0.000178754 1.57145 1.86464e-06
16.585 -0.436332 -0.429749 -0.0065834 3.00421 0.00018922 -0.0137401 0.000194891 -0.429749 0.00017862 1.57145 1.88478e-06
16.586 -0.436332 -0.429754 -0.00657835 3.00657 0.000189079 -0.0137288 0.000194747 -0.429754 0.000178482 1.57145 1.90459e-06
16.587 -0.436332 -0.429759 -0.00657315 3.00894 0.000188932 -0.0137171 0.000194598 -0.429759 0.000178339 1.57145 1.92408e-06
16.588 -0.436332 -0.429765 -0.00656779 3.01134 0.000188781 -0.0137051 0.000194444 -0.429765 0.000178192 1.57145 1.94323e-06
16.589 -0.436332 -0.42977 -0.00656229 3.01375 0.000188624 -0.0136928 0.000194285 -0.42977 0.000178041 1.57145 1.96206e-06
16.59 -0.436332 -0.429776 -0.00655663 3.01618 0.000188462 -0.0136802 0.00019412 -0.429776 0.000177886 1.57145 1.98058e-06
16.591 -0.436332 -0.429781 -0.00655082 3.01863 0.000188295 -0.0136673 0.000193951 -0.429781 0.000177726 1.57145 1.99877e-06
16.592 -0.436332 -0.429787 -0.00654486 3.02109 0.000188124 -0.0136541 0.000193776 -0.429787 0.000177563 1.57145 2.01664e-06
16.593 -0.436332 -0.429794 -0.00653875 3.02357 0.000187947 -0.0136407 0.000193596 -0.429794 0.000177395 1.57145 2.03421e-06
16.594 -0.436332 -0.4298 -0.00653249 3.02607 0.000187765 -0.0136269 0.000193411 -0.4298 0.000177224 1.57145 2.05146e-06
16.595 -0.436332 -0.429806 -0.00652608 3.02859 0.000187579 -0.0136128 0.000193221 -0.429806 0.000177048 1.57145 2.0684e-06
16.596 -0.436332 -0.429813 -0.00651953 3.03113 0.000187387 -0.0135984 0.000193027 -0.429813 0.000176868 1.57145 2.08504e-06
16.597 -0.436332 -0.429819 -0.00651283 3.03368 0.000187191 -0.0135837 0.000192827 -0.429819 0.000176684 1.57145 2.10137e-06
16.598 -0.436332 -0.429826 -0.00650598 3.03625 0.00018699 -0.0135687 0.000192622 -0.429826 0.000176496 1.57144 2.1174e-06
16.599 -0.436332 -0.429833 -0.00649899 3.03883 0.000186784 -0.0135534 0.000192412 -0.429833 0.000176304 1.57144 2.13313e-06
16.6 -0.436332 -0.42984 -0.00649185 3.04144 0.000186574 -0.0135379 0.000192198 -0.42984 0.000176108 1.57144 2.14856e-06
16.601 -0.436332 -0.429848 -0.00648457 3.04406 0.000186359 -0.013522 0.000191978 -0.429848 0.000175908 1.57144 2.1637e-06
16.602 -0.436332 -0.429855 -0.00647714 3.04669 0.000186139 -0.0135059 0.000191754 -0.429855 0.000175704 1.57144 2.17854e-06
16.603 -0.436332 -0.429863 -0.00646957 3.04935 0.000185914 -0.0134894 0.000191525 -0.429863 0.000175496 1.57144 2.19309e-06
16.604 -0.436332 -0.42987 -0.00646185 3.05202 0.000185685 -0.0134727 0.000191291 -0.42987 0.000175285 1.57144 2.20736e-06
16.605 -0.436332 -0.429878 -0.006454 3.0547 0.000185451 -0.0134557 0.000191053 -0.429878 0.000175069 1.57144 2.22134e-06
16.606 -0.436332 -0.429886 -0.006446 3.0574 0.000185213 -0.0134384 0.00019081 -0.429886 0.000174849 1.57144 2.23504e-06
16.607 -0.436332 -0.429894 -0.00643786 3.06012 0.00018497 -0.0134208 0.000190562 -0.429894 0.000174626 1.57144 2.24845e-06
16.608 -0.436332 -0.429903 -0.00642958 3.06286 0.000184723 -0.0134029 0.000190309 -0.429903 0.000174399 1.57144 2.26158e-06
16.609 -0.436332 -0.429911 -0.00642116 3.06561 0.000184471 -0.0133848 0.000190052 -0.429911 0.000174168 1.57144 2.27444e-06
16.61 -0.436332 -0.42992 -0.00641261 3.06837 0.000184215 -0.0133664 0.000189791 -0.42992 0.000173933 1.57143 2.28702e-06
16.611 -0.436332 -0.429928 -0.00640391 3.07115 0.000183954 -0.0133477 0.000189525 -0.429928 0.000173694 1.57143 2.29933e-06
16.612 -0.436332 -0.429937 -0.00639508 3.07395 0.00018369 -0.0133287 0.000189254 -0.429937 0.000173451 1.57143 2.31137e-06
16.613 -0.436332 -0.429946 -0.0063861 3.07676 0.00018342 -0.0133094 0.000188979 -0.429946 0.000173205 1.57143 2.32314e-06
16.614 -0.436332 -0.429955 -0.006377 3.07959 0.000183147 -0.0132899 0.0001887 -0.429955 0.000172955 1.57143 2.33464e-06
16.615 -0.436332 -0.429965 -0.00636775 3.08243 0.000182869 -0.0132701 0.000188416 -0.429965 0.000172702 1.57143 2.34588e-06
16.616 -0.436332 -0.429974 -0.00635837 3.08529 0.000182587 -0.01325 0.000188127 -0.429974 0.000172444 1.57143 2.35686e-06
16.617 -0.436332 -0.429983 -0.00634886 3.08816 0.0001823 -0.0132296 0.000187835 -0.429983 0.000172183 1.57143 2.36757e-06
16.618 -0.436332 -0.429993 -0.00633921 3.09105 0.00018201 -0.013209 0.000187538 -0.429993 0.000171918 1.57143 2.37803e-06
16.619 -0.436332 -0.430003 -0.00632943 3.09395 0.000181715 -0.0131881 0.000187236 -0.430003 0.00017165 1.57142 2.38823e-06
16.62 -0.436332 -0.430013 -0.00631952 3.09687 0.000181416 -0.0131669 0.000186931 -0.430013 0.000171378 1.57142 2.39817e-06
16.621 -0.436332 -0.430023 -0.00630947 3.0998 0.000181113 -0.0131455 0.000186621 -0.430023 0.000171102 1.57142 2.40787e-06
16.622 -0.436332 -0.430033 -0.00629929 3.10275 0.000180806 -0.0131238 0.000186307 -0.430033 0.000170823 1.57142 2.41731e-06
16.623 -0.436332 -0.430043 -0.00628898 3.10571 0.000180495 -0.0131018 0.000185989 -0.430043 0.00017054 1.57142 2.4265e-06
16.624 -0.436332 -0.430054 -0.00627855 3.10868 0.00018018 -0.0130796 0.000185667 -0.430054 0.000170254 1.57142 2.43545e-06
16.625 -0.436332 -0.430064 -0.00626798 3.11167 0.000179861 -0.0130571 0.00018534 -0.430064 0.000169964 1.57142 2.44415e-06
16.626 -0.436332 -0.430075 -0.00625728 3.11467 0.000179538 -0.0130343 0.00018501 -0.430075 0.000169671 1.57142 2.45261e-06
16.627 -0.436332 -0.430086 -0.00624645 3.11769 0.000179211 -0.0130113 0.000184675 -0.430086 0.000169374 1.57142 2.46083e-06
16.628 -0.436332 -0.430097 -0.0062355 3.12072 0.00017888 -0.0129881 0.000184336 -0.430097 0.000169074 1.57141 2.46881e-06
16.629 -0.436332 -0.430108 -0.00622442 3.12376 0.000178545 -0.0129645 0.000183994 -0.430108 0.00016877 1.57141 2.47655e-06
16.63 -0.436332 -0.430119 -0.00621321 3.12682 0.000178206 -0.0129407 0.000183647 -0.430119 0.000168463 1.57141 2.48406e-06
16.631 -0.436332 -0.43013 -0.00620188 3.12989 0.000177864 -0.0129167 0.000183297 -0.43013 0.000168152 1.57141 2.49133e-06
16.632 -0.436332 -0.430142 -0.00619042 3.13297 0.000177517 -0.0128924 0.000182942 -0.430142 0.000167838 1.57141 2.49838e-06
16.633 -0.436332 -0.430153 -0.00617884 3.13607 0.000177167 -0.0128679 0.000182584 -0.430153 0.000167521 1.57141 2.50519e-06
16.634 -0.436332 -0.430165 -0.00616714 3.13918 0.000176814 -0.0128431 0.000182222 -0.430165 0.0001672 1.57141 2.51177e-06
16.635 -0.436332 -0.430177 -0.00615531 3.1423 0.000176456 -0.012818 0.000181856 -0.430177 0.000166876 1.57141 2.51813e-06
16.636 -0.436332 -0.430189 -0.00614336 3.14544 0.000176095 -0.0127927 0.000181486 -0.430189 0.000166548 1.57141 2.52427e-06
16.637 -0.436332 -0.430201 -0.00613128 3.14859 0.00017573 -0.0127672 0.000181112 -0.430201 0.000166217 1.5714 2.53018e-06
16.638 -0.436332 -0.430213 -0.00611909 3.15175 0.000175362 -0.0127414 0.000180735 -0.430213 0.000165883 1.5714 2.53587e-06
16.639 -0.436332 -0.430226 -0.00610677 3.15492 0.000174989 -0.0127154 0.000180354 -0.430226 0.000165546 1.5714 2.54135e-06
16.64 -0.436332 -0.430238 -0.00609434 3.15811 0.000174614 -0.0126891 0.000179969 -0.430238 0.000165205 1.5714 2.5466e-06
16.641 -0.436332 -0.430251 -0.00608178 3.16131 0.000174235 -0.0126626 0.000179581 -0.430251 0.000164862 1.5714 2.55164e-06
16.642 -0.436332 -0.430263 -0.00606911 3.16452 0.000173852 -0.0126358 0.000179189 -0.430263 0.000164515 1.5714 2.55647e-06
16.643 -0.436332 -0.430276 -0.00605632 3.16774 0.000173466 -0.0126088 0.000178793 -0.430276 0.000164164 1.5714 2.56109e-06
16.644 -0.436332 -0.430289 -0.00604341 3.17097 0.000173076 -0.0125816 0.000178394 -0.430289 0.000163811 1.57139 2.56549e-06
16.645 -0.436332 -0.430302 -0.00603039 3.17422 0.000172683 -0.0125541 0.000177991 -0.430302 0.000163454 1.57139 2.56969e-06
16.646 -0.436332 -0.430315 -0.00601725 3.17748 0.000172286 -0.0125264 0.000177584 -0.430315 0.000163095 1.57139 2.57368e-06
16.647 -0.436332 -0.430328 -0.006004 3.18075 0.000171886 -0.0124985 0.000177174 -0.430328 0.000162732 1.57139 2.57746e-06
16.648 -0.436332 -0.430342 -0.00599063 3.18403 0.000171483 -0.0124703 0.000176761 -0.430342 0.000162366 1.57139 2.58104e-06
16.649 -0.436332 -0.430355 -0.00597714 3.18732 0.000171076 -0.0124419 0.000176344 -0.430355 0.000161997 1.57139 2.58442e-06
16.65 -0.436332 -0.430369 -0.00596355 3.19062 0.000170666 -0.0124133 0.000175924 -0.430369 0.000161625 1.57139 2.5876e-06
16.651 -0.436332 -0.430382 -0.00594984 3.19394 0.000170253 -0.0123844 0.0001755 -0.430382 0.00016125 1.57138 2.59058e-06
16.652 -0.436332 -0.430396 -0.00593602 3.19726 0.000169837 -0.0123553 0.000175073 -0.430396 0.000160872 1.57138 2.59337e-06
16.653 -0.436332 -0.43041 -0.00592208 3.2006 0.000169417 -0.012326 0.000174643 -0.43041 0.000160491 1.57138 2.59596e-06
16.654 -0.436332 -0.430424 -0.00590804 3.20395 0.000168994 -0.0122965 0.000174209 -0.430424 0.000160107 1.57138 2.59835e-06
16.655 -0.436332 -0.430438 -0.00589389 3.20731 0.000168568 -0.0122667 0.000173772 -0.430438 0.000159719 1.57138 2.60055e-06
16.656 -0.436332 -0.430453 -0.00587963 3.21068 0.000168138 -0.0122367 0.000173332 -0.430453 0.000159329 1.57138 2.60257e-06
16.657 -0.436332 -0.430467 -0.00586525 3.21405 0.000167706 -0.0122065 0.000172889 -0.430467 0.000158937 1.57138 2.60439e-06
16.658 -0.436332 -0.430482 -0.00585078 3.21744 0.000167271 -0.0121761 0.000172442 -0.430482 0.000158541 1.57137 2.60603e-06
16.659 -0.436332 -0.430496 -0.00583619 3.22084 0.000166832 -0.0121454 0.000171992 -0.430496 0.000158142 1.57137 2.60748e-06
16.66 -0.436332 -0.430511 -0.0058215 3.22425 0.00016639 -0.0121146 0.000171539 -0.430511 0.00015774 1.57137 2.60874e-06
16.661 -0.436332 -0.430526 -0.0058067 3.22767 0.000165946 -0.0120835 0.000171083 -0.430526 0.000157336 1.57137 2.60983e-06
16.662 -0.436332 -0.430541 -0.0057918 3.2311 0.000165498 -0.0120522 0.000170623 -0.430541 0.000156928 1.57137 2.61073e-06
16.663 -0.436332 -0.430556 -0.00577679 3.23454 0.000165047 -0.0120207 0.000170161 -0.430556 0.000156518 1.57137 2.61145e-06
16.664 -0.436332 -0.430571 -0.00576168 3.23799 0.000164594 -0.011989 0.000169695 -0.430571 0.000156105 1.57137 2.612e-06
16.665 -0.436332 -0.430586 -0.00574646 3.24145 0.000164137 -0.0119571 0.000169227 -0.430586 0.00015569 1.57136 2.61237e-06
16.666 -0.436332 -0.430601 -0.00573115 3.24492 0.000163677 -0.0119249 0.000168755 -0.430601 0.000155271 1.57136 2.61256e-06
16.667 -0.436332 -0.430617 -0.00571573 3.2484 0.000163215 -0.0118926 0.000168281 -0.430617 0.00015485 1.57136 2.61258e-06
16.668 -0.436332 -0.430632 -0.00570021 3.25188 0.00016275 -0.01186 0.000167803 -0.430632 0.000154426 1.57136 2.61243e-06
16.669 -0.436332 -0.430648 -0.00568459 3.25538 0.000162282 -0.0118273 0.000167323 -0.430648 0.000153999 1.57136 2.61211e-06
16.67 -0.436332 -0.430663 -0.00566887 3.25888 0.000161811 -0.0117943 0.00016684 -0.430663 0.00015357 1.57136 2.61162e-06
16.671 -0.436332 -0.430679 -0.00565305 3.2624 0.000161337 -0.0117612 0.000166354 -0.430679 0.000153138 1.57135 2.61096e-06
16.672 -0.436332 -0.430695 -0.00563713 3.26592 0.000160861 -0.0117278 0.000165864 -0.430695 0.000152704 1.57135 2.61013e-06
16.673 -0.436332 -0.430711 -0.00562111 3.26945 0.000160382 -0.0116943 0.000165373 -0.430711 0.000152266 1.57135 2.60914e-06
16.674 -0.436332 -0.430727 -0.005605 3.27299 0.0001599 -0.0116605 0.000164878 -0.430727 0.000151826 1.57135 2.60799e-06
16.675 -0.436332 -0.430744 -0.00558879 3.27654 0.000159415 -0.0116266 0.00016438 -0.430744 0.000151384 1.57135 2.60667e-06
16.676 -0.436332 -0.43076 -0.00557249 3.2801 0.000158928 -0.0115924 0.00016388 -0.43076 0.000150939 1.57135 2.60519e-06
16.677 -0.436332 -0.430776 -0.00555609 3.28366 0.000158438 -0.0115581 0.000163377 -0.430776 0.000150491 1.57134 2.60356e-06
16.678 -0.436332 -0.430793 -0.0055396 3.28724 0.000157946 -0.0115236 0.000162871 -0.430793 0.000150041 1.57134 2.60176e-06
16.679 -0.436332 -0.430809 -0.00552301 3.29082 0.000157451 -0.0114889 0.000162363 -0.430809 0.000149589 1.57134 2.59982e-06
16.68 -0.436332 -0.430826 -0.00550633 3.29441 0.000156953 -0.011454 0.000161852 -0.430826 0.000149134 1.57134 2.59771e-06
16.681 -0.436332 -0.430843 -0.00548955 3.298 0.000156453 -0.0114189 0.000161338 -0.430843 0.000148676 1.57134 2.59545e-06
16.682 -0.436332 -0.43086 -0.00547269 3.30161 0.000155951 -0.0113836 0.000160822 -0.43086 0.000148216 1.57134 2.59304e-06
16.683 -0.436332 -0.430877 -0.00545573 3.30522 0.000155445 -0.0113481 0.000160303 -0.430877 0.000147754 1.57133 2.59048e-06
16.684 -0.436332 -0.430894 -0.00543869 3.30884 0.000154938 -0.0113125 0.000159781 -0.430894 0.000147289 1.57133 2.58777e-06
16.685 -0.436332 -0.430911 -0.00542155 3.31246 0.000154428 -0.0112766 0.000159257 -0.430911 0.000146821 1.57133 2.58491e-06
16.686 -0.436332 -0.430928 -0.00540433 3.3161 0.000153915 -0.0112406 0.000158731 -0.430928 0.000146352 1.57133 2.58191e-06
16.687 -0.436332 -0.430945 -0.00538702 3.31974 0.0001534 -0.0112044 0.000158202 -0.430945 0.00014588 1.57133 2.57875e-06
16.688 -0.436332 -0.430963 -0.00536962 3.32339 0.000152883 -0.011168 0.00015767 -0.430963 0.000145405 1.57133 2.57546e-06
16.689 -0.436332 -0.43098 -0.00535213 3.32704 0.000152363 -0.0111315 0.000157136 -0.43098 0.000144929 1.57132 2.57202e-06
16.69 -0.436332 -0.430998 -0.00533456 3.3307 0.000151841 -0.0110948 0.0001566 -0.430998 0.00014445 1.57132 2.56844e-06
16.691 -0.436332 -0.431015 -0.0053169 3.33437 0.000151317 -0.0110579 0.000156061 -0.431015 0.000143968 1.57132 2.56472e-06
16.692 -0.436332 -0.431033 -0.00529916 3.33805 0.00015079 -0.0110208 0.00015552 -0.431033 0.000143485 1.57132 2.56086e-06
16.693 -0.436332 -0.431051 -0.00528133 3.34173 0.000150261 -0.0109835 0.000154976 -0.431051 0.000142999 1.57132 2.55686e-06
16.694 -0.436332 -0.431069 -0.00526342 3.34542 0.00014973 -0.0109461 0.00015443 -0.431069 0.000142511 1.57132 2.55273e-06
16.695 -0.436332 -0.431087 -0.00524543 3.34911 0.000149197 -0.0109085 0.000153882 -0.431087 0.000142021 1.57131 2.54846e-06
16.696 -0.436332 -0.431105 -0.00522735 3.35281 0.000148661 -0.0108708 0.000153331 -0.431105 0.000141528 1.57131 2.54406e-06
16.697 -0.436332 -0.431123 -0.0052092 3.35652 0.000148123 -0.0108329 0.000152779 -0.431123 0.000141034 1.57131 2.53952e-06
16.698 -0.436332 -0.431141 -0.00519096 3.36023 0.000147583 -0.0107948 0.000152224 -0.431141 0.000140537 1.57131 2.53485e-06
16.699 -0.436332 -0.43116 -0.00517264 3.36395 0.000147041 -0.0107566 0.000151666 -0.43116 0.000140038 1.57131 2.53006e-06
16.7 -0.436332 -0.431178 -0.00515425 3.36767 0.000146497 -0.0107181 0.000151107 -0.431178 0.000139537 1.5713 2.52513e-06
16.701 -0.436332 -0.431197 -0.00513577 3.3714 0.000145951 -0.0106796 0.000150545 -0.431197 0.000139034 1.5713 2.52008e-06
16.702 -0.436332 -0.431215 -0.00511722 3.37514 0.000145403 -0.0106409 0.000149981 -0.431215 0.000138529 1.5713 2.5149e-06
16.703 -0.436332 -0.431234 -0.00509859 3.37888 0.000144852 -0.010602 0.000149415 -0.431234 0.000138022 1.5713 2.50959e-06
16.704 -0.436332 -0.431252 -0.00507988 3.38262 0.0001443 -0.0105629 0.000148847 -0.431252 0.000137512 1.5713 2.50416e-06
16.705 -0.436332 -0.431271 -0.0050611 3.38637 0.000143746 -0.0105237 0.000148277 -0.431271 0.000137001 1.5713 2.49861e-06
16.706 -0.436332 -0.43129 -0.00504224 3.39013 0.000143189 -0.0104844 0.000147705 -0.43129 0.000136488 1.57129 2.49294e-06
16.707 -0.436332 -0.431309 -0.00502331 3.39389 0.000142631 -0.0104449 0.000147131 -0.431309 0.000135972 1.57129 2.48714e-06
16.708 -0.436332 -0.431328 -0.0050043 3.39766 0.000142071 -0.0104052 0.000146555 -0.431328 0.000135455 1.57129 2.48123e-06
16.709 -0.436332 -0.431347 -0.00498522 3.40143 0.000141508 -0.0103654 0.000145976 -0.431347 0.000134936 1.57129 2.4752e-06
16.71 -0.436332 -0.431366 -0.00496607 3.4052 0.000140944 -0.0103255 0.000145396 -0.431366 0.000134415 1.57129 2.46905e-06
16.711 -0.436332 -0.431385 -0.00494685 3.40898 0.000140378 -0.0102854 0.000144814 -0.431385 0.000133892 1.57128 2.46278e-06
16.712 -0.436332 -0.431405 -0.00492755 3.41276 0.00013981 -0.0102452 0.00014423 -0.431405 0.000133367 1.57128 2.4564e-06
16.713 -0.436332 -0.431424 -0.00490819 3.41655 0.000139241 -0.0102048 0.000143644 -0.431424 0.00013284 1.57128 2.44991e-06
16.714 -0.436332 -0.431444 -0.00488875 3.42034 0.000138669 -0.0101642 0.000143056 -0.431444 0.000132311 1.57128 2.4433e-06
16.715 -0.436332 -0.431463 -0.00486925 3.42414 0.000138096 -0.0101236 0.000142466 -0.431463 0.000131781 1.57128 2.43659e-06
16.716 -0.436332 -0.431483 -0.00484968 3.42794 0.000137521 -0.0100828 0.000141874 -0.431483 0.000131249 1.57127 2.42976e-06
16.717 -0.436332 -0.431502 -0.00483004 3.43175 0.000136944 -0.0100418 0.000141281 -0.431502 0.000130714 1.57127 2.42283e-06
16.718 -0.436332 -0.431522 -0.00481033 3.43555 0.000136366 -0.0100007 0.000140686 -0.431522 0.000130179 1.57127 2.41578e-06
16.719 -0.436332 -0.431542 -0.00479056 3.43937 0.000135786 -0.00995953 0.000140089 -0.431542 0.000129641 1.57127 2.40863e-06
16.72 -0.436332 -0.431562 -0.00477072 3.44318 0.000135204 -0.00991818 0.00013949 -0.431562 0.000129102 1.57127 2.40138e-06
16.721 -0.436332 -0.431581 -0.00475081 3.447 0.00013462 -0.0098767 0.000138889 -0.431581 0.00012856 1.57126 2.39402e-06
16.722 -0.436332 -0.431601 -0.00473085 3.45082 0.000134035 -0.00983508 0.000138287 -0.431601 0.000128018 1.57126 2.38655e-06
16.723 -0.436332 -0.431621 -0.00471081 3.45465 0.000133448 -0.00979334 0.000137683 -0.431621 0.000127473 1.57126 2.37899e-06
16.724 -0.436332 -0.431642 -0.00469072 3.45848 0.00013286 -0.00975147 0.000137077 -0.431642 0.000126927 1.57126 2.37132e-06
16.725 -0.436332 -0.431662 -0.00467056 3.46231 0.00013227 -0.00970947 0.00013647 -0.431662 0.000126379 1.57126 2.36355e-06
16.726 -0.436332 -0.431682 -0.00465034 3.46614 0.000131678 -0.00966734 0.000135861 -0.431682 0.00012583 1.57125 2.35568e-06
16.727 -0.436332 -0.431702 -0.00463007 3.46998 0.000131085 -0.00962509 0.000135251 -0.431702 0.000125279 1.57125 2.34772e-06
16.728 -0.436332 -0.431723 -0.00460973 3.47382 0.00013049 -0.00958272 0.000134638 -0.431723 0.000124726 1.57125 2.33966e-06
16.729 -0.436332 -0.431743 -0.00458933 3.47767 0.000129894 -0.00954022 0.000134025 -0.431743 0.000124172 1.57125 2.3315e-06
16.73 -0.436332 -0.431763 -0.00456887 3.48151 0.000129297 -0.00949761 0.00013341 -0.431763 0.000123616 1.57125 2.32325e-06
16.731 -0.436332 -0.431784 -0.00454835 3.48536 0.000128697 -0.00945487 0.000132793 -0.431784 0.000123058 1.57124 2.3149e-06
16.732 -0.436332 -0.431805 -0.00452778 3.48921 0.000128097 -0.00941202 0.000132174 -0.431805 0.0001225 1.57124 2.30646e-06
16.733 -0.436332 -0.431825 -0.00450715 3.49306 0.000127495 -0.00936906 0.000131555 -0.431825 0.000121939 1.57124 2.29793e-06
16.734 -0.436332 -0.431846 -0.00448646 3.49692 0.000126892 -0.00932597 0.000130933 -0.431846 0.000121377 1.57124 2.28931e-06
16.735 -0.436332 -0.431867 -0.00446572 3.50077 0.000126287 -0.00928278 0.000130311 -0.431867 0.000120814 1.57124 2.2806e-06
16.736 -0.436332 -0.431887 -0.00444492 3.50463 0.000125681 -0.00923947 0.000129687 -0.431887 0.000120249 1.57123 2.2718e-06
16.737 -0.436332 -0.431908 -0.00442407 3.50849 0.000125073 -0.00919605 0.000129061 -0.431908 0.000119683 1.57123 2.26291e-06
16.738 -0.436332 -0.431929 -0.00440317 3.51235 0.000124465 -0.00915253 0.000128434 -0.431929 0.000119115 1.57123 2.25393e-06
16.739 -0.436332 -0.43195 -0.00438221 3.51622 0.000123855 -0.00910889 0.000127806 -0.43195 0.000118546 1.57123 2.24487e-06
16.74 -0.436332 -0.431971 -0.0043612 3.52008 0.000123243 -0.00906515 0.000127176 -0.431971 0.000117976 1.57123 2.23573e-06
16.741 -0.436332 -0.431992 -0.00434014 3.52395 0.000122631 -0.0090213 0.000126545 -0.431992 0.000117404 1.57122 2.2265e-06
16.742 -0.436332 -0.432013 -0.00431903 3.52782 0.000122017 -0.00897735 0.000125913 -0.432013 0.000116831 1.57122 2.21719e-06
16.743 -0.436332 -0.432034 -0.00429787 3.53169 0.000121402 -0.0089333 0.00012528 -0.432034 0.000116257 1.57122 2.20779e-06
16.744 -0.436332 -0.432056 -0.00427665 3.53556 0.000120785 -0.00888915 0.000124645 -0.432056 0.000115681 1.57122 2.19832e-06
16.745 -0.436332 -0.432077 -0.00425539 3.53943 0.000120168 -0.00884489 0.000124009 -0.432077 0.000115104 1.57122 2.18877e-06
16.746 -0.436332 -0.432098 -0.00423409 3.5433 0.000119549 -0.00880054 0.000123372 -0.432098 0.000114526 1.57121 2.17913e-06
16.747 -0.436332 -0.43212 -0.00421273 3.54718 0.00011893 -0.0087561 0.000122733 -0.43212 0.000113946 1.57121 2.16942e-06
16.748 -0.436332 -0.432141 -0.00419133 3.55105 0.000118309 -0.00871155 0.000122093 -0.432141 0.000113366 1.57121 2.15964e-06
16.749 -0.436332 -0.432162 -0.00416988 3.55493 0.000117687 -0.00866691 0.000121453 -0.432162 0.000112784 1.57121 2.14977e-06
16.75 -0.436332 -0.432184 -0.00414839 3.5588 0.000117064 -0.00862218 0.000120811 -0.432184 0.0001122 1.5712 2.13983e-06
16.751 -0.436332 -0.432205 -0.00412685 3.56268 0.000116439 -0.00857736 0.000120168 -0.432205 0.000111616 1.5712 2.12982e-06
16.752 -0.436332 -0.432227 -0.00410526 3.56655 0.000115814 -0.00853245 0.000119523 -0.432227 0.000111031 1.5712 2.11973e-06
16.753 -0.436332 -0.432249 -0.00408364 3.57043 0.000115188 -0.00848745 0.000118878 -0.432249 0.000110444 1.5712 2.10958e-06
16.754 -0.436332 -0.43227 -0.00406197 3.5743 0.000114561 -0.00844236 0.000118232 -0.43227 0.000109856 1.5712 2.09935e-06
16.755 -0.436332 -0.432292 -0.00404026 3.57818 0.000113932 -0.00839719 0.000117584 -0.432292 0.000109267 1.57119 2.08905e-06
16.756 -0.436332 -0.432314 -0.0040185 3.58206 0.000113303 -0.00835193 0.000116936 -0.432314 0.000108677 1.57119 2.07868e-06
16.757 -0.436332 -0.432336 -0.00399671 3.58593 0.000112673 -0.00830658 0.000116286 -0.432336 0.000108086 1.57119 2.06824e-06
16.758 -0.436332 -0.432357 -0.00397488 3.58981 0.000112042 -0.00826116 0.000115636 -0.432357 0.000107494 1.57119 2.05774e-06
16.759 -0.436332 -0.432379 -0.003953 3.59369 0.00011141 -0.00821565 0.000114985 -0.432379 0.000106901 1.57119 2.04716e-06
16.76 -0.436332 -0.432401 -0.00393109 3.59756 0.000110777 -0.00817007 0.000114332 -0.432401 0.000106307 1.57118 2.03652e-06
16.761 -0.436332 -0.432423 -0.00390914 3.60144 0.000110143 -0.00812441 0.000113679 -0.432423 0.000105712 1.57118 2.02582e-06
16.762 -0.436332 -0.432445 -0.00388715 3.60531 0.000109508 -0.00807867 0.000113025 -0.432445 0.000105116 1.57118 2.01505e-06
16.763 -0.436332 -0.432467 -0.00386513 3.60918 0.000108872 -0.00803286 0.00011237 -0.432467 0.000104519 1.57118 2.00422e-06
16.764 -0.436332 -0.432489 -0.00384307 3.61306 0.000108236 -0.00798697 0.000111714 -0.432489 0.000103921 1.57117 1.99333e-06
16.765 -0.436332 -0.432511 -0.00382097 3.61693 0.000107599 -0.00794101 0.000111057 -0.432511 0.000103322 1.57117 1.98238e-06
16.766 -0.436332 -0.432533 -0.00379884 3.6208 0.000106961 -0.00789498 0.000110399 -0.432533 0.000102722 1.57117 1.97136e-06
16.767 -0.436332 -0.432556 -0.00377667 3.62467 0.000106322 -0.00784887 0.000109741 -0.432556 0.000102121 1.57117 1.96029e-06
16.768 -0.436332 -0.432578 -0.00375447 3.62854 0.000105682 -0.0078027 0.000109081 -0.432578 0.000101519 1.57117 1.94915e-06
16.769 -0.436332 -0.4326 -0.00373224 3.6324 0.000105042 -0.00775647 0.000108421 -0.4326 0.000100917 1.57116 1.93796e-06
16.77 -0.436332 -0.432622 -0.00370998 3.63627 0.000104401 -0.00771016 0.00010776 -0.432622 0.000100313 1.57116 1.92671e-06
16.771 -0.436332 -0.432645 -0.00368768 3.64013 0.000103759 -0.00766379 0.000107099 -0.432645 9.97091e-05 1.57116 1.91541e-06
16.772 -0.436332 -0.432667 -0.00366535 3.644 0.000103117 -0.00761736 0.000106436 -0.432667 9.91041e-05 1.57116 1.90405e-06
16.773 -0.436332 -0.432689 -0.003643 3.64786 0.000102474 -0.00757087 0.000105773 -0.432689 9.84983e-05 1.57116 1.89263e-06
16.774 -0.436332 -0.432712 -0.00362061 3.65172 0.00010183 -0.00752432 0.00010511 -0.432712 9.78918e-05 1.57115 1.88116e-06
16.775 -0.436332 -0.432734 -0.00359819 3.65558 0.000101186 -0.0074777 0.000104445 -0.432734 9.72844e-05 1.57115 1.86964e-06
16.776 -0.436332 -0.432757 -0.00357575 3.65943 0.000100541 -0.00743103 0.00010378 -0.432757 9.66764e-05 1.57115 1.85807e-06
16.777 -0.436332 -0.432779 -0.00355327 3.66329 9.98954e-05 -0.0073843 0.000103114 -0.432779 9.60676e-05 1.57115 1.84644e-06
16.778 -0.436332 -0.432802 -0.00353077 3.66714 9.92492e-05 -0.00733752 0.000102448 -0.432802 9.54581e-05 1.57114 1.83477e-06
16.779 -0.436332 -0.432824 -0.00350825 3.67099 9.86025e-05 -0.00729068 0.000101781 -0.432824 9.48479e-05 1.57114 1.82304e-06
16.78 -0.436332 -0.432847 -0.00348569 3.67483 9.79553e-05 -0.00724379 0.000101114 -0.432847 9.4237e-05 1.57114 1.81126e-06
16.781 -0.436332 -0.432869 -0.00346311 3.67868 9.73075e-05 -0.00719685 0.000100446 -0.432869 9.36255e-05 1.57114 1.79944e-06
16.782 -0.436332 -0.432892 -0.00344051 3.68252 9.66592e-05 -0.00714986 9.9777e-05 -0.432892 9.30134e-05 1.57114 1.78757e-06
16.783 -0.436332 -0.432914 -0.00341788 3.68636 9.60104e-05 -0.00710282 9.91079e-05 -0.432914 9.24006e-05 1.57113 1.77565e-06
16.784 -0.436332 -0.432937 -0.00339523 3.6902 9.53612e-05 -0.00705573 9.84383e-05 -0.432937 9.17872e-05 1.57113 1.76369e-06
16.785 -0.436332 -0.43296 -0.00337256 3.69403 9.47114e-05 -0.00700859 9.77681e-05 -0.43296 9.11732e-05 1.57113 1.75168e-06
16.786 -0.436332 -0.432982 -0.00334987 3.69787 9.40613e-05 -0.00696141 9.70975e-05 -0.432982 9.05587e-05 1.57113 1.73963e-06
16.787 -0.436332 -0.433005 -0.00332715 3.70169 9.34107e-05 -0.00691419 9.64264e-05 -0.433005 8.99436e-05 1.57112 1.72754e-06
16.788 -0.436332 -0.433028 -0.00330441 3.70552 9.27597e-05 -0.00686692 9.57549e-05 -0.433028 8.9328e-05 1.57112 1.7154e-06
16.789 -0.436332 -0.433051 -0.00328165 3.70934 9.21083e-05 -0.00681961 9.5083e-05 -0.433051 8.87118e-05 1.57112 1.70322e-06
16.79 -0.436332 -0.433073 -0.00325888 3.71316 9.14566e-05 -0.00677227 9.44107e-05 -0.433073 8.80952e-05 1.57112 1.691e-06
16.791 -0.436332 -0.433096 -0.00323608 3.71698 9.08044e-05 -0.00672488 9.37379e-05 -0.433096 8.7478e-05 1.57112 1.67873e-06
16.792 -0.436332 -0.433119 -0.00321326 3.72079 9.0152e-05 -0.00667746 9.30648e-05 -0.433119 8.68604e-05 1.57111 1.66643e-06
16.793 -0.436332 -0.433142 -0.00319043 3.7246 8.94992e-05 -0.00663 9.23914e-05 -0.433142 8.62424e-05 1.57111 1.65409e-06
16.794 -0.436332 -0.433165 -0.00316758 3.72841 8.88461e-05 -0.00658251 9.17176e-05 -0.433165 8.56239e-05 1.57111 1.64171e-06
16.795 -0.436332 -0.433188 -0.00314472 3.73221 8.81928e-05 -0.00653498 9.10435e-05 -0.433188 8.50049e-05 1.57111 1.6293e-06
16.796 -0.436332 -0.43321 -0.00312183 3.73601 8.75391e-05 -0.00648742 9.03691e-05 -0.43321 8.43856e-05 1.5711 1.61685e-06
16.797 -0.436332 -0.433233 -0.00309894 3.7398 8.68852e-05 -0.00643983 8.96944e-05 -0.433233 8.37659e-05 1.5711 1.60436e-06
16.798 -0.436332 -0.433256 -0.00307602 3.7436 8.62311e-05 -0.00639221 8.90195e-05 -0.433256 8.31458e-05 1.5711 1.59183e-06
16.799 -0.436332 -0.433279 -0.0030531 3.74738 8.55767e-05 -0.00634456 8.83443e-05 -0.433279 8.25254e-05 1.5711 1.57928e-06
16.8 -0.436332 -0.433302 -0.00303016 3.75117 8.49221e-05 -0.00629688 8.76688e-05 -0.433302 8.19046e-05 1.5711 1.56668e-06
16.801 -0.436332 -0.433325 -0.0030072 3.75495 8.42673e-05 -0.00624918 8.69932e-05 -0.433325 8.12835e-05 1.57109 1.55406e-06
16.802 -0.436332 -0.433348 -0.00298424 3.75872 8.36124e-05 -0.00620146 8.63173e-05 -0.433348 8.06621e-05 1.57109 1.5414e-06
16.803 -0.436332 -0.433371 -0.00296126 3.76249 8.29573e-05 -0.00615371 8.56413e-05 -0.433371 8.00404e-05 1.57109 1.52871e-06
16.804 -0.436332 -0.433394 -0.00293827 3.76626 8.23021e-05 -0.00610593 8.49651e-05 -0.433394 7.94184e-05 1.57109 1.51599e-06
16.805 -0.436332 -0.433417 -0.00291528 3.77002 8.16467e-05 -0.00605814 8.42888e-05 -0.433417 7.87962e-05 1.57108 1.50324e-06
16.806 -0.436332 -0.43344 -0.00289227 3.77378 8.09912e-05 -0.00601033 8.36123e-05 -0.43344 7.81737e-05 1.57108 1.49046e-06
16.807 -0.436332 -0.433463 -0.00286925 3.77753 8.03356e-05 -0.0059625 8.29357e-05 -0.433463 7.7551e-05 1.57108 1.47766e-06
16.808 -0.436332 -0.433486 -0.00284622 3.78128 7.968e-05 -0.00591465 8.2259e-05 -0.433486 7.69281e-05 1.57108 1.46482e-06
16.809 -0.436332 -0.433509 -0.00282319 3.78503 7.90243e-05 -0.00586679 8.15823e-05 -0.433509 7.6305e-05 1.57107 1.45195e-06
16.81 -0.436332 -0.433532 -0.00280015 3.78876 7.83685e-05 -0.00581891 8.09055e-05 -0.433532 7.56817e-05 1.57107 1.43906e-06
16.811 -0.436332 -0.433555 -0.0027771 3.7925 7.77127e-05 -0.00577101 8.02286e-05 -0.433555 7.50582e-05 1.57107 1.42615e-06
16.812 -0.436332 -0.433578 -0.00275405 3.79623 7.70569e-05 -0.00572311 7.95517e-05 -0.433578 7.44346e-05 1.57107 1.4132e-06
16.813 -0.436332 -0.433601 -0.00273098 3.79995 7.64011e-05 -0.00567519 7.88747e-05 -0.433601 7.38109e-05 1.57107 1.40024e-06
16.814 -0.436332 -0.433624 -0.00270792 3.80367 7.57453e-05 -0.00562727 7.81978e-05 -0.433624 7.31871e-05 1.57106 1.38725e-06
16.815 -0.436332 -0.433647 -0.00268485 3.80738 7.50895e-05 -0.00557933 7.75209e-05 -0.433647 7.25631e-05 1.57106 1.37423e-06
16.816 -0.436332 -0.433671 -0.00266178 3.81109 7.44338e-05 -0.00553139 7.6844e-05 -0.433671 7.19391e-05 1.57106 1.36119e-06
16.817 -0.436332 -0.433694 -0.0026387 3.8148 7.37782e-05 -0.00548344 7.61672e-05 -0.433694 7.1315e-05 1.57106 1.34813e-06
16.818 -0.436332 -0.433717 -0.00261562 3.81849 7.31226e-05 -0.00543549 7.54904e-05 -0.433717 7.06909e-05 1.57105 1.33505e-06
16.819 -0.436332 -0.43374 -0.00259254 3.82219 7.24672e-05 -0.00538753 7.48138e-05 -0.43374 7.00667e-05 1.57105 1.32195e-06
16.82 -0.436332 -0.433763 -0.00256945 3.82587 7.18118e-05 -0.00533957 7.41372e-05 -0.433763 6.94425e-05 1.57105 1.30883e-06
16.821 -0.436332 -0.433786 -0.00254637 3.82955 7.11566e-05 -0.00529161 7.34607e-05 -0.433786 6.88183e-05 1.57105 1.29569e-06
16.822 -0.436332 -0.433809 -0.00252328 3.83323 7.05015e-05 -0.00524365 7.27844e-05 -0.433809 6.81941e-05 1.57105 1.28253e-06
16.823 -0.436332 -0.433832 -0.0025002 3.8369 6.98465e-05 -0.00519569 7.21082e-05 -0.433832 6.75699e-05 1.57104 1.26935e-06
16.824 -0.436332 -0.433855 -0.00247711 3.84056 6.91918e-05 -0.00514773 7.14322e-05 -0.433855 6.69458e-05 1.57104 1.25615e-06
16.825 -0.436332 -0.433878 -0.00245403 3.84422 6.85372e-05 -0.00509977 7.07563e-05 -0.433878 6.63217e-05 1.57104 1.24294e-06
16.826 -0.436332 -0.433901 -0.00243095 3.84787 6.78828e-05 -0.00505182 7.00806e-05 -0.433901 6.56977e-05 1.57104 1.22971e-06
16.827 -0.436332 -0.433924 -0.00240787 3.85152 6.72286e-05 -0.00500388 6.94052e-05 -0.433924 6.50738e-05 1.57103 1.21646e-06
16.828 -0.436332 -0.433948 -0.0023848 3.85516 6.65747e-05 -0.00495594 6.87299e-05 -0.433948 6.445e-05 1.57103 1.2032e-06
16.829 -0.436332 -0.433971 -0.00236173 3.85879 6.5921e-05 -0.00490801 6.80549e-05 -0.433971 6.38263e-05 1.57103 1.18993e-06
16.83 -0.436332 -0.433994 -0.00233866 3.86241 6.52676e-05 -0.00486009 6.73802e-05 -0.433994 6.32027e-05 1.57103 1.17664e-06
16.831 -0.436332 -0.434017 -0.00231559 3.86603 6.46144e-05 -0.00481217 6.67057e-05 -0.434017 6.25793e-05 1.57103 1.16333e-06
16.832 -0.436332 -0.43404 -0.00229254 3.86965 6.39616e-05 -0.00476427 6.60316e-05 -0.43404 6.1956e-05 1.57102 1.15002e-06
16.833 -0.436332 -0.434063 -0.00226948 3.87326 6.3309e-05 -0.00471639 6.53577e-05 -0.434063 6.1333e-05 1.57102 1.13669e-06
16.834 -0.436332 -0.434086 -0.00224644 3.87686 6.26568e-05 -0.00466851 6.46841e-05 -0.434086 6.07101e-05 1.57102 1.12335e-06
16.835 -0.436332 -0.434109 -0.0022234 3.88045 6.20049e-05 -0.00462066 6.40109e-05 -0.434109 6.00874e-05 1.57102 1.11e-06
16.836 -0.436332 -0.434132 -0.00220037 3.88404 6.13533e-05 -0.00457281 6.3338e-05 -0.434132 5.94649e-05 1.57101 1.09664e-06
16.837 -0.436332 -0.434155 -0.00217735 3.88762 6.07021e-05 -0.00452499 6.26654e-05 -0.434155 5.88427e-05 1.57101 1.08327e-06
16.838 -0.436332 -0.434178 -0.00215433 3.89119 6.00513e-05 -0.00447718 6.19933e-05 -0.434178 5.82207e-05 1.57101 1.06989e-06
16.839 -0.436332 -0.434201 -0.00213133 3.89476 5.94009e-05 -0.00442939 6.13215e-05 -0.434201 5.7599e-05 1.57101 1.0565e-06
16.84 -0.436332 -0.434224 -0.00210833 3.89832 5.87509e-05 -0.00438163 6.06502e-05 -0.434224 5.69776e-05 1.57101 1.0431e-06
16.841 -0.436332 -0.434247 -0.00208535 3.90187 5.81013e-05 -0.00433388 5.99792e-05 -0.434247 5.63564e-05 1.571 1.0297e-06
16.842 -0.436332 -0.43427 -0.00206237 3.90541 5.74522e-05 -0.00428616 5.93087e-05 -0.43427 5.57356e-05 1.571 1.01629e-06
16.843 -0.436332 -0.434293 -0.00203941 3.90895 5.68035e-05 -0.00423846 5.86387e-05 -0.434293 5.51151e-05 1.571 1.00287e-06
16.844 -0.436332 -0.434316 -0.00201646 3.91248 5.61552e-05 -0.00419079 5.79691e-05 -0.434316 5.44949e-05 1.571 9.89448e-07
16.845 -0.436332 -0.434339 -0.00199352 3.916 5.55075e-05 -0.00414314 5.73e-05 -0.434339 5.38751e-05 1.57099 9.76019e-07
16.846 -0.436332 -0.434362 -0.00197059 3.91952 5.48602e-05 -0.00409552 5.66314e-05 -0.434362 5.32556e-05 1.57099 9.62585e-07
16.847 -0.436332 -0.434385 -0.00194768 3.92303 5.42134e-05 -0.00404793 5.59633e-05 -0.434385 5.26365e-05 1.57099 9.49148e-07
16.848 -0.436332 -0.434408 -0.00192478 3.92653 5.35672e-05 -0.00400037 5.52957e-05 -0.434408 5.20179e-05 1.57099 9.35706e-07
16.849 -0.436332 -0.43443 -0.0019019 3.93002 5.29215e-05 -0.00395283 5.46287e-05 -0.43443 5.13996e-05 1.57098 9.22262e-07
16.85 -0.436332 -0.434453 -0.00187903 3.93351 5.22763e-05 -0.00390533 5.39622e-05 -0.434453 5.07817e-05 1.57098 9.08815e-07
16.851 -0.436332 -0.434476 -0.00185618 3.93698 5.16317e-05 -0.00385787 5.32963e-05 -0.434476 5.01643e-05 1.57098 8.95365e-07
16.852 -0.436332 -0.434499 -0.00183334 3.94045 5.09877e-05 -0.00381043 5.26309e-05 -0.434499 4.95474e-05 1.57098 8.81915e-07
16.853 -0.436332 -0.434522 -0.00181052 3.94391 5.03443e-05 -0.00376304 5.19662e-05 -0.434522 4.89309e-05 1.57098 8.68463e-07
16.854 -0.436332 -0.434545 -0.00178771 3.94737 4.97014e-05 -0.00371567 5.13021e-05 -0.434545 4.83149e-05 1.57097 8.55011e-07
16.855 -0.436332 -0.434567 -0.00176493 3.95081 4.90592e-05 -0.00366835 5.06385e-05 -0.434567 4.76993e-05 1.57097 8.41559e-07
16.856 -0.436332 -0.43459 -0.00174216 3.95425 4.84176e-05 -0.00362106 4.99757e-05 -0.43459 4.70843e-05 1.57097 8.28107e-07
16.857 -0.436332 -0.434613 -0.00171941 3.95768 4.77767e-05 -0.00357381 4.93135e-05 -0.434613 4.64698e-05 1.57097 8.14657e-07
16.858 -0.436332 -0.434636 -0.00169668 3.9611 4.71364e-05 -0.00352661 4.86519e-05 -0.434636 4.58559e-05 1.57096 8.01208e-07
16.859 -0.436332 -0.434658 -0.00167397 3.96451 4.64968e-05 -0.00347944 4.7991e-05 -0.434658 4.52424e-05 1.57096 7.87761e-07
16.86 -0.436332 -0.434681 -0.00165128 3.96792 4.58578e-05 -0.00343232 4.73309e-05 -0.434681 4.46296e-05 1.57096 7.74316e-07
16.861 -0.436332 -0.434704 -0.00162862 3.97131 4.52196e-05 -0.00338524 4.66714e-05 -0.434704 4.40173e-05 1.57096 7.60875e-07
16.862 -0.436332 -0.434726 -0.00160597 3.9747 4.45821e-05 -0.0033382 4.60126e-05 -0.434726 4.34056e-05 1.57096 7.47438e-07
16.863 -0.436332 -0.434749 -0.00158334 3.97808 4.39453e-05 -0.00329121 4.53546e-05 -0.434749 4.27945e-05 1.57095 7.34004e-07
16.864 -0.436332 -0.434772 -0.00156074 3.98145 4.33092e-05 -0.00324427 4.46974e-05 -0.434772 4.2184e-05 1.57095 7.20575e-07
16.865 -0.436332 -0.434794 -0.00153816 3.98481 4.26739e-05 -0.00319737 4.40409e-05 -0.434794 4.15742e-05 1.57095 7.07151e-07
16.866 -0.436332 -0.434817 -0.0015156 3.98816 4.20393e-05 -0.00315053 4.33851e-05 -0.434817 4.0965e-05 1.57095 6.93733e-07
16.867 -0.436332 -0.434839 -0.00149307 3.99151 4.14056e-05 -0.00310373 4.27302e-05 -0.434839 4.03564e-05 1.57094 6.8032e-07
16.868 -0.436332 -0.434862 -0.00147056 3.99484 4.07726e-05 -0.00305698 4.20761e-05 -0.434862 3.97486e-05 1.57094 6.66914e-07
16.869 -0.436332 -0.434884 -0.00144808 3.99817 4.01404e-05 -0.00301029 4.14227e-05 -0.434884 3.91414e-05 1.57094 6.53515e-07
16.87 -0.436332 -0.434907 -0.00142562 4.00149 3.9509e-05 -0.00296364 4.07703e-05 -0.434907 3.85349e-05 1.57094 6.40124e-07
16.871 -0.436332 -0.434929 -0.00140318 4.0048 3.88785e-05 -0.00291705 4.01186e-05 -0.434929 3.79291e-05 1.57094 6.2674e-07
16.872 -0.436332 -0.434952 -0.00138078 4.0081 3.82487e-05 -0.00287052 3.94678e-05 -0.434952 3.7324e-05 1.57093 6.13365e-07
16.873 -0.436332 -0.434974 -0.0013584 4.01139 3.76199e-05 -0.00282404 3.88179e-05 -0.434974 3.67196e-05 1.57093 5.99998e-07
16.874 -0.436332 -0.434996 -0.00133604 4.01467 3.69919e-05 -0.00277762 3.81689e-05 -0.434996 3.6116e-05 1.57093 5.86641e-07
16.875 -0.436332 -0.435019 -0.00131372 4.01794 3.63648e-05 -0.00273126 3.75207e-05 -0.435019 3.55132e-05 1.57093 5.73293e-07
16.876 -0.436332 -0.435041 -0.00129142 4.0212 3.57385e-05 -0.00268495 3.68735e-05 -0.435041 3.49111e-05 1.57093 5.59956e-07
16.877 -0.436332 -0.435063 -0.00126915 4.02445 3.51132e-05 -0.00263871 3.62272e-05 -0.435063 3.43098e-05 1.57092 5.46629e-07
16.878 -0.436332 -0.435085 -0.00124691 4.0277 3.44888e-05 -0.00259252 3.55818e-05 -0.435085 3.37094e-05 1.57092 5.33314e-07
16.879 -0.436332 -0.435108 -0.0012247 4.03093 3.38653e-05 -0.0025464 3.49373e-05 -0.435108 3.31097e-05 1.57092 5.2001e-07
16.88 -0.436332 -0.43513 -0.00120253 4.03416 3.32428e-05 -0.00250034 3.42939e-05 -0.43513 3.25108e-05 1.57092 5.06718e-07
16.881 -0.436332 -0.435152 -0.00118038 4.03737 3.26212e-05 -0.00245434 3.36514e-05 -0.435152 3.19128e-05 1.57091 4.93438e-07
16.882 -0.436332 -0.435174 -0.00115826 4.04058 3.20005e-05 -0.00240841 3.30098e-05 -0.435174 3.13156e-05 1.57091 4.80171e-07
16.883 -0.436332 -0.435196 -0.00113617 4.04377 3.13809e-05 -0.00236255 3.23693e-05 -0.435196 3.07193e-05 1.57091 4.66917e-07
16.884 -0.436332 -0.435218 -0.00111412 4.04696 3.07622e-05 -0.00231675 3.17298e-05 -0.435218 3.01239e-05 1.57091 4.53677e-07
16.885 -0.436332 -0.43524 -0.00109209 4.05014 3.01445e-05 -0.00227101 3.10913e-05 -0.43524 2.95293e-05 1.57091 4.40452e-07
16.886 -0.436332 -0.435262 -0.00107011 4.0533 2.95279e-05 -0.00222535 3.04539e-05 -0.435262 2.89357e-05 1.5709 4.2724e-07
16.887 -0.436332 -0.435284 -0.00104815 4.05646 2.89122e-05 -0.00217975 2.98175e-05 -0.435284 2.83429e-05 1.5709 4.14044e-07
16.888 -0.436332 -0.435306 -0.00102623 4.05961 2.82976e-05 -0.00213423 2.91821e-05 -0.435306 2.77511e-05 1.5709 4.00863e-07
16.889 -0.436332 -0.435328 -0.00100434 4.06274 2.76841e-05 -0.00208878 2.85478e-05 -0.435328 2.71602e-05 1.5709 3.87698e-07
16.89 -0.436332 -0.43535 -0.000982486 4.06587 2.70716e-05 -0.0020434 2.79146e-05 -0.43535 2.65703e-05 1.5709 3.74548e-07
16.891 -0.436332 -0.435372 -0.000960668 4.06899 2.64601e-05 -0.00199809 2.72825e-05 -0.435372 2.59813e-05 1.57089 3.61416e-07
16.892 -0.436332 -0.435393 -0.000938885 4.07209 2.58498e-05 -0.00195286 2.66516e-05 -0.435393 2.53933e-05 1.57089 3.483e-07
16.893 -0.436332 -0.435415 -0.000917138 4.07519 2.52405e-05 -0.0019077 2.60217e-05 -0.435415 2.48062e-05 1.57089 3.35202e-07
16.894 -0.436332 -0.435437 -0.000895428 4.07828 2.46324e-05 -0.00186261 2.5393e-05 -0.435437 2.42202e-05 1.57089 3.22122e-07
16.895 -0.436332 -0.435459 -0.000873755 4.08135 2.40253e-05 -0.00181761 2.47654e-05 -0.435459 2.36351e-05 1.57088 3.0906e-07
16.896 -0.436332 -0.43548 -0.000852119 4.08442 2.34194e-05 -0.00177268 2.41389e-05 -0.43548 2.30511e-05 1.57088 2.96016e-07
16.897 -0.436332 -0.435502 -0.000830521 4.08747 2.28146e-05 -0.00172783 2.35137e-05 -0.435502 2.24681e-05 1.57088 2.82992e-07
16.898 -0.436332 -0.435523 -0.000808961 4.09052 2.2211e-05 -0.00168306 2.28896e-05 -0.435523 2.18861e-05 1.57088 2.69986e-07
16.899 -0.436332 -0.435545 -0.000787439 4.09355 2.16086e-05 -0.00163837 2.22667e-05 -0.435545 2.13052e-05 1.57088 2.57001e-07
16.9 -0.436332 -0.435566 -0.000765957 4.09657 2.10073e-05 -0.00159376 2.1645e-05 -0.435566 2.07254e-05 1.57087 2.44035e-07
16.901 -0.436332 -0.435588 -0.000744514 4.09959 2.04072e-05 -0.00154923 2.10245e-05 -0.435588 2.01466e-05 1.57087 2.3109e-07
16.902 -0.436332 -0.435609 -0.000723111 4.10259 1.98082e-05 -0.00150479 2.04052e-05 -0.435609 1.95689e-05 1.57087 2.18166e-07
16.903 -0.436332 -0.435631 -0.000701749 4.10558 1.92105e-05 -0.00146043 1.97872e-05 -0.435631 1.89923e-05 1.57087 2.05263e-07
16.904 -0.436332 -0.435652 -0.000680427 4.10856 1.8614e-05 -0.00141615 1.91704e-05 -0.435652 1.84168e-05 1.57087 1.92382e-07
16.905 -0.436332 -0.435673 -0.000659146 4.11153 1.80188e-05 -0.00137196 1.85549e-05 -0.435673 1.78425e-05 1.57086 1.79522e-07
16.906 -0.436332 -0.435694 -0.000637907 4.11449 1.74247e-05 -0.00132786 1.79407e-05 -0.435694 1.72692e-05 1.57086 1.66685e-07
16.907 -0.436332 -0.435716 -0.00061671 4.11744 1.6832e-05 -0.00128384 1.73277e-05 -0.435716 1.66971e-05 1.57086 1.53871e-07
16.908 -0.436332 -0.435737 -0.000595555 4.12038 1.62404e-05 -0.00123992 1.67161e-05 -0.435737 1.61262e-05 1.57086 1.41079e-07
16.909 -0.436332 -0.435758 -0.000574444 4.12331 1.56502e-05 -0.00119608 1.61057e-05 -0.435758 1.55564e-05 1.57086 1.28311e-07
16.91 -0.436332 -0.435779 -0.000553375 4.12622 1.50612e-05 -0.00115233 1.54967e-05 -0.435779 1.49878e-05 1.57085 1.15567e-07
16.911 -0.436332 -0.4358 -0.00053235 4.12913 1.44735e-05 -0.00110867 1.48889e-05 -0.4358 1.44204e-05 1.57085 1.02847e-07
16.912 -0.436332 -0.435821 -0.000511369 4.13202 1.38871e-05 -0.00106511 1.42826e-05 -0.435821 1.38542e-05 1.57085 9.01511e-08
16.913 -0.436332 -0.435842 -0.000490433 4.1349 1.33021e-05 -0.00102163 1.36775e-05 -0.435842 1.32891e-05 1.57085 7.74801e-08
16.914 -0.436332 -0.435863 -0.000469541 4.13778 1.27183e-05 -0.00097825 1.30738e-05 -0.435863 1.27253e-05 1.57085 6.48342e-08
16.915 -0.436332 -0.435884 -0.000448695 4.14064 1.21359e-05 -0.000934963 1.24715e-05 -0.435884 1.21627e-05 1.57084 5.22137e-08
16.916 -0.436332 -0.435904 -0.000427894 4.14349 1.15548e-05 -0.000891771 1.18706e-05 -0.435904 1.16014e-05 1.57084 3.9619e-08
16.917 -0.436332 -0.435925 -0.000407139 4.14632 1.09751e-05 -0.000848675 1.12711e-05 -0.435925 1.10413e-05 1.57084 2.70505e-08
16.918 -0.436332 -0.435946 -0.000386431 4.14915 1.03967e-05 -0.000805675 1.06729e-05 -0.435946 1.04825e-05 1.57084 1.45083e-08
16.919 -0.436332 -0.435967 -0.00036577 4.15197 9.81975e-06 -0.000762772 1.00762e-05 -0.435967 9.9249e-06 1.57083 1.99298e-09
16.92 -0.436332 -0.435987 -0.000345155 4.15477 9.24414e-06 -0.000719968 9.4809e-06 -0.435987 9.36861e-06 1.57083 -1.04953e-08
16.921 -0.436332 -0.436008 -0.000324589 4.15756 8.66993e-06 -0.000677262 8.88703e-06 -0.436008 8.81361e-06 1.57083 -2.29562e-08
16.922 -0.436332 -0.436028 -0.00030407 4.16034 8.09711e-06 -0.000634656 8.29461e-06 -0.436028 8.25991e-06 1.57083 -3.53893e-08
16.923 -0.436332 -0.436049 -0.000283599 4.16311 7.52571e-06 -0.00059215 7.70363e-06 -0.436049 7.70752e-06 1.57083 -4.77944e-08
16.924 -0.436332 -0.436069 -0.000263177 4.16587 6.95573e-06 -0.000549745 7.11412e-06 -0.436069 7.15644e-06 1.57082 -6.01712e-08
16.925 -0.436332 -0.43609 -0.000242805 4.16862 6.38718e-06 -0.000507443 6.52608e-06 -0.43609 6.6067e-06 1.57082 -7.25193e-08
16.926 -0.436332 -0.43611 -0.000222482 4.17135 5.82008e-06 -0.000465243 5.93952e-06 -0.43611 6.0583e-06 1.57082 -8.48384e-08
16.927 -0.436332 -0.43613 -0.000202208 4.17408 5.25442e-06 -0.000423147 5.35446e-06 -0.43613 5.51124e-06 1.57082 -9.71283e-08
16.928 -0.436332 -0.43615 -0.000181985 4.17679 4.69022e-06 -0.000381155 4.7709e-06 -0.43615 4.96555e-06 1.57082 -1.09389e-07
16.929 -0.436332 -0.436171 -0.000161812 4.17949 4.12749e-06 -0.000339268 4.18886e-06 -0.436171 4.42122e-06 1.57081 -1.21619e-07
16.93 -0.436332 -0.436191 -0.00014169 4.18218 3.56624e-06 -0.000297486 3.60833e-06 -0.436191 3.87828e-06 1.57081 -1.33819e-07
16.931 -0.436332 -0.436211 -0.00012162 4.18485 3.00648e-06 -0.000255812 3.02934e-06 -0.436211 3.33672e-06 1.57081 -1.45989e-07
16.932 -0.436332 -0.436231 -0.000101601 4.18752 2.44822e-06 -0.000214244 2.45189e-06 -0.436231 2.79656e-06 1.57081 -1.58128e-07
16.933 -0.436332 -0.436251 -8.16342e-05 4.19017 1.89146e-06 -0.000172785 1.87599e-06 -0.436251 2.2578e-06 1.57081 -1.70236e-07
16.934 -0.436332 -0.436271 -6.17197e-05 4.19281 1.33622e-06 -0.000131434 1.30166e-06 -0.436271 1.72046e-06 1.57081 -1.82313e-07
16.935 -0.436332 -0.43629 -4.18578e-05 4.19544 7.82505e-07 -9.01924e-05 7.28889e-07 -0.43629 1.18455e-06 1.5708 -1.94358e-07
16.936 -0.436332 -0.43631 -2.20491e-05 4.19806 2.30322e-07 -4.90613e-05 1.57704e-07 -0.43631 6.50077e-07 1.5708 -2.06371e-07
16.937 -0.436332 -0.43633 -2.29365e-06 4.20066 -3.20317e-07 -8.04105e-06 -4.11892e-07 -0.43633 1.17046e-07 1.5708 -2.18352e-07
16.938 -0.436332 -0.43635 1.7408e-05 4.20326 -8.69405e-07 3.28676e-05 -9.7989e-07 -0.43635 -4.14532e-07 1.5708 -2.303e-07
16.939 -0.436332 -0.436369 3.70556e-05 4.20584 -1.41693e-06 7.36639e-05 -1.54628e-06 -0.436369 -9.44646e-07 1.5708 -2.42216e-07
16.94 -0.436332 -0.436389 5.66488e-05 4.20841 -1.96289e-06 0.000114347 -2.11105e-06 -0.436389 -1.47329e-06 1.57079 -2.54099e-07
16.941 -0.436332 -0.436409 7.61872e-05 4.21097 -2.50727e-06 0.000154917 -2.6742e-06 -0.436409 -2.00045e-06 1.57079 -2.65949e-07
16.942 -0.436332 -0.436428 9.56705e-05 4.21351 -3.05006e-06 0.000195372 -3.23571e-06 -0.436428 -2.52612e-06 1.57079 -2.77765e-07
16.943 -0.436332 -0.436447 0.000115098 4.21604 -3.59126e-06 0.000235712 -3.79557e-06 -0.436447 -3.05029e-06 1.57079 -2.89547e-07
16.944 -0.436332 -0.436467 0.000134471 4.21856 -4.13085e-06 0.000275936 -4.35378e-06 -0.436467 -3.57296e-06 1.57079 -3.01295e-07
16.945 -0.436332 -0.436486 0.000153787 4.22107 -4.66883e-06 0.000316044 -4.91033e-06 -0.436486 -4.09411e-06 1.57078 -3.13009e-07
16.946 -0.436332 -0.436505 0.000173046 4.22357 -5.20519e-06 0.000356035 -5.46521e-06 -0.436505 -4.61373e-06 1.57078 -3.24689e-07
16.947 -0.436332 -0.436525 0.000192249 4.22605 -5.73992e-06 0.000395907 -6.01841e-06 -0.436525 -5.13182e-06 1.57078 -3.36333e-07
16.948 -0.436332 -0.436544 0.000211395 4.22852 -6.27301e-06 0.000435662 -6.56992e-06 -0.436544 -5.64836e-06 1.57078 -3.47943e-07
16.949 -0.436332 -0.436563 0.000230484 4.23098 -6.80446e-06 0.000475297 -7.11973e-06 -0.436563 -6.16336e-06 1.57078 -3.59517e-07
16.95 -0.436332 -0.436582 0.000249514 4.23343 -7.33425e-06 0.000514812 -7.66784e-06 -0.436582 -6.67679e-06 1.57077 -3.71055e-07
16.951 -0.436332 -0.436601 0.000268487 4.23587 -7.86238e-06 0.000554207 -8.21423e-06 -0.436601 -7.18866e-06 1.57077 -3.82558e-07
16.952 -0.436332 -0.43662 0.000287402 4.23829 -8.38884e-06 0.000593481 -8.7589e-06 -0.43662 -7.69895e-06 1.57077 -3.94025e-07
16.953 -0.436332 -0.436639 0.000306257 4.2407 -8.91362e-06 0.000632633 -9.30184e-06 -0.436639 -8.20766e-06 1.57077 -4.05456e-07
16.954 -0.436332 -0.436657 0.000325054 4.24309 -9.43671e-06 0.000671662 -9.84304e-06 -0.436657 -8.71477e-06 1.57077 -4.1685e-07
16.955 -0.436332 -0.436676 0.000343792 4.24548 -9.95811e-06 0.000710569 -1.03825e-05 -0.436676 -9.22028e-06 1.57077 -4.28207e-07
16.956 -0.436332 -0.436695 0.00036247 4.24785 -1.04778e-05 0.000749352 -1.09202e-05 -0.436695 -9.72418e-06 1.57076 -4.39527e-07
16.957 -0.436332 -0.436713 0.000381088 4.25021 -1.09958e-05 0.000788011 -1.14561e-05 -0.436713 -1.02265e-05 1.57076 -4.5081e-07
16.958 -0.436332 -0.436732 0.000399647 4.25256 -1.15121e-05 0.000826545 -1.19903e-05 -0.436732 -1.07271e-05 1.57076 -4.62056e-07
16.959 -0.436332 -0.43675 0.000418144 4.25489 -1.20266e-05 0.000864953 -1.25227e-05 -0.43675 -1.12262e-05 1.57076 -4.73264e-07
16.96 -0.436332 -0.436769 0.000436581 4.25721 -1.25394e-05 0.000903235 -1.30533e-05 -0.436769 -1.17235e-05 1.57076 -4.84434e-07
16.961 -0.436332 -0.436787 0.000454957 4.25952 -1.30505e-05 0.000941391 -1.35821e-05 -0.436787 -1.22193e-05 1.57075 -4.95566e-07
16.962 -0.436332 -0.436806 0.000473272 4.26182 -1.35598e-05 0.000979419 -1.41091e-05 -0.436806 -1.27134e-05 1.57075 -5.06659e-07
16.963 -0.436332 -0.436824 0.000491525 4.26411 -1.40674e-05 0.00101732 -1.46342e-05 -0.436824 -1.32058e-05 1.57075 -5.17714e-07
16.964 -0.436332 -0.436842 0.000509716 4.26638 -1.45732e-05 0.00105509 -1.51576e-05 -0.436842 -1.36965e-05 1.57075 -5.28731e-07
16.965 -0.436332 -0.43686 0.000527845 4.26864 -1.50772e-05 0.00109273 -1.56791e-05 -0.43686 -1.41856e-05 1.57075 -5.39708e-07
16.966 -0.436332 -0.436878 0.000545911 4.27088 -1.55795e-05 0.00113025 -1.61988e-05 -0.436878 -1.4673e-05 1.57075 -5.50647e-07
16.967 -0.436332 -0.436896 0.000563915 4.27311 -1.608e-05 0.00116763 -1.67167e-05 -0.436896 -1.51587e-05 1.57074 -5.61545e-07
16.968 -0.436332 -0.436914 0.000581856 4.27533 -1.65786e-05 0.00120488 -1.72327e-05 -0.436914 -1.56426e-05 1.57074 -5.72405e-07
16.969 -0.436332 -0.436932 0.000599733 4.27754 -1.70755e-05 0.001242 -1.77469e-05 -0.436932 -1.61249e-05 1.57074 -5.83224e-07
16.97 -0.436332 -0.43695 0.000617547 4.27974 -1.75706e-05 0.00127899 -1.82592e-05 -0.43695 -1.66055e-05 1.57074 -5.94004e-07
16.971 -0.436332 -0.436968 0.000635297 4.28192 -1.80639e-05 0.00131585 -1.87696e-05 -0.436968 -1.70843e-05 1.57074 -6.04743e-07
16.972 -0.436332 -0.436985 0.000652983 4.28409 -1.85553e-05 0.00135257 -1.92781e-05 -0.436985 -1.75614e-05 1.57074 -6.15442e-07
16.973 -0.436332 -0.437003 0.000670605 4.28624 -1.90449e-05 0.00138916 -1.97848e-05 -0.437003 -1.80368e-05 1.57073 -6.26101e-07
16.974 -0.436332 -0.43702 0.000688162 4.28839 -1.95327e-05 0.00142561 -2.02895e-05 -0.43702 -1.85104e-05 1.57073 -6.36719e-07
16.975 -0.436332 -0.437038 0.000705654 4.29052 -2.00187e-05 0.00146193 -2.07924e-05 -0.437038 -1.89823e-05 1.57073 -6.47295e-07
16.976 -0.436332 -0.437055 0.000723081 4.29264 -2.05028e-05 0.00149812 -2.12934e-05 -0.437055 -1.94524e-05 1.57073 -6.57831e-07
16.977 -0.436332 -0.437073 0.000740443 4.29474 -2.0985e-05 0.00153417 -2.17924e-05 -0.437073 -1.99207e-05 1.57073 -6.68326e-07
16.978 -0.436332 -0.43709 0.000757739 4.29683 -2.14654e-05 0.00157008 -2.22895e-05 -0.43709 -2.03873e-05 1.57073 -6.78779e-07
16.979 -0.436332 -0.437107 0.000774969 4.29891 -2.19439e-05 0.00160586 -2.27847e-05 -0.437107 -2.08521e-05 1.57072 -6.8919e-07
16.98 -0.436332 -0.437124 0.000792133 4.30098 -2.24206e-05 0.0016415 -2.3278e-05 -0.437124 -2.13151e-05 1.57072 -6.99559e-07
16.981 -0.436332 -0.437142 0.000809231 4.30303 -2.28953e-05 0.001677 -2.37693e-05 -0.437142 -2.17763e-05 1.57072 -7.09887e-07
16.982 -0.436332 -0.437159 0.000826262 4.30507 -2.33682e-05 0.00171236 -2.42587e-05 -0.437159 -2.22357e-05 1.57072 -7.20172e-07
16.983 -0.436332 -0.437176 0.000843226 4.30709 -2.38392e-05 0.00174759 -2.47461e-05 -0.437176 -2.26933e-05 1.57072 -7.30415e-07
16.984 -0.436332 -0.437192 0.000860124 4.30911 -2.43083e-05 0.00178267 -2.52316e-05 -0.437192 -2.31491e-05 1.57072 -7.40615e-07
16.985 -0.436332 -0.437209 0.000876953 4.31111 -2.47755e-05 0.00181762 -2.57151e-05 -0.437209 -2.36031e-05 1.57071 -7.50773e-07
16.986 -0.436332 -0.437226 0.000893716 4.3131 -2.52408e-05 0.00185242 -2.61966e-05 -0.437226 -2.40553e-05 1.57071 -7.60888e-07
16.987 -0.436332 -0.437243 0.00091041 4.31507 -2.57042e-05 0.00188709 -2.66762e-05 -0.437243 -2.45056e-05 1.57071 -7.7096e-07
16.988 -0.436332 -0.437259 0.000927036 4.31703 -2.61656e-05 0.00192161 -2.71537e-05 -0.437259 -2.49541e-05 1.57071 -7.80988e-07
16.989 -0.436332 -0.437276 0.000943594 4.31898 -2.66251e-05 0.00195599 -2.76293e-05 -0.437276 -2.54008e-05 1.57071 -7.90974e-07
16.99 -0.436332 -0.437292 0.000960084 4.32091 -2.70827e-05 0.00199023 -2.81029e-05 -0.437292 -2.58456e-05 1.57071 -8.00916e-07
16.991 -0.436332 -0.437309 0.000976505 4.32284 -2.75384e-05 0.00202433 -2.85744e-05 -0.437309 -2.62885e-05 1.5707 -8.10814e-07
16.992 -0.436332 -0.437325 0.000992857 4.32474 -2.79921e-05 0.00205828 -2.9044e-05 -0.437325 -2.67296e-05 1.5707 -8.20668e-07
16.993 -0.436332 -0.437341 0.00100914 4.32664 -2.84438e-05 0.00209209 -2.95116e-05 -0.437341 -2.71689e-05 1.5707 -8.30479e-07
16.994 -0.436332 -0.437358 0.00102535 4.32852 -2.88936e-05 0.00212576 -2.99771e-05 -0.437358 -2.76062e-05 1.5707 -8.40245e-07
16.995 -0.436332 -0.437374 0.0010415 4.33039 -2.93415e-05 0.00215928 -3.04406e-05 -0.437374 -2.80417e-05 1.5707 -8.49967e-07
16.996 -0.436332 -0.43739 0.00105757 4.33225 -2.97873e-05 0.00219266 -3.09021e-05 -0.43739 -2.84753e-05 1.5707 -8.59645e-07
16.997 -0.436332 -0.437406 0.00107358 4.33409 -3.02312e-05 0.00222589 -3.13615e-05 -0.437406 -2.8907e-05 1.57069 -8.69279e-07
16.998 -0.436332 -0.437422 0.00108951 4.33592 -3.06732e-05 0.00225897 -3.18189e-05 -0.437422 -2.93368e-05 1.57069 -8.78867e-07
16.999 -0.436332 -0.437438 0.00110537 4.33773 -3.11131e-05 0.00229191 -3.22742e-05 -0.437438 -2.97647e-05 1.57069 -8.88411e-07
17 -0.436332 -0.437453 0.00112117 4.33954 -3.15511e-05 0.00232471 -3.27275e-05 -0.437453 -3.01907e-05 1.57069 -8.9791e-07
17.001 -0.436332 -0.437469 0.00113689 4.34133 -3.1987e-05 0.00235735 -3.31788e-05 -0.437469 -3.06148e-05 1.57069 -9.07364e-07
17.002 -0.436332 -0.437485 0.00115254 4.3431 -3.2421e-05 0.00238985 -3.36279e-05 -0.437485 -3.1037e-05 1.57069 -9.16773e-07
17.003 -0.436332 -0.4375 0.00116812 4.34487 -3.2853e-05 0.0024222 -3.4075e-05 -0.4375 -3.14572e-05 1.57068 -9.26137e-07
17.004 -0.436332 -0.437516 0.00118363 4.34662 -3.32829e-05 0.0024544 -3.452e-05 -0.437516 -3.18756e-05 1.57068 -9.35455e-07
17.005 -0.436332 -0.437531 0.00119907 4.34835 -3.37109e-05 0.00248646 -3.4963e-05 -0.437531 -3.2292e-05 1.57068 -9.44727e-07
17.006 -0.436332 -0.437547 0.00121443 4.35008 -3.41368e-05 0.00251836 -3.54038e-05 -0.437547 -3.27065e-05 1.57068 -9.53954e-07
17.007 -0.436332 -0.437562 0.00122973 4.35179 -3.45607e-05 0.00255012 -3.58426e-05 -0.437562 -3.3119e-05 1.57068 -9.63135e-07
17.008 -0.436332 -0.437577 0.00124495 4.35348 -3.49826e-05 0.00258173 -3.62793e-05 -0.437577 -3.35296e-05 1.57068 -9.7227e-07
17.009 -0.436332 -0.437592 0.0012601 4.35517 -3.54024e-05 0.00261318 -3.67139e-05 -0.437592 -3.39382e-05 1.57068 -9.81359e-07
17.01 -0.436332 -0.437607 0.00127517 4.35684 -3.58202e-05 0.00264449 -3.71463e-05 -0.437607 -3.43449e-05 1.57067 -9.90402e-07
17.011 -0.436332 -0.437622 0.00129018 4.35849 -3.6236e-05 0.00267564 -3.75767e-05 -0.437622 -3.47496e-05 1.57067 -9.99398e-07
17.012 -0.436332 -0.437637 0.00130511 4.36014 -3.66497e-05 0.00270665 -3.80049e-05 -0.437637 -3.51523e-05 1.57067 -1.00835e-06
17.013 -0.436332 -0.437652 0.00131996 4.36177 -3.70614e-05 0.0027375 -3.84311e-05 -0.437652 -3.55531e-05 1.57067 -1.01725e-06
17.014 -0.436332 -0.437667 0.00133475 4.36338 -3.7471e-05 0.0027682 -3.88551e-05 -0.437667 -3.59519e-05 1.57067 -1.02611e-06
17.015 -0.436332 -0.437682 0.00134946 4.36499 -3.78786e-05 0.00279875 -3.92769e-05 -0.437682 -3.63487e-05 1.57067 -1.03492e-06
17.016 -0.436332 -0.437696 0.0013641 4.36658 -3.82841e-05 0.00282914 -3.96967e-05 -0.437696 -3.67436e-05 1.57067 -1.04368e-06
17.017 -0.436332 -0.437711 0.00137866 4.36815 -3.86875e-05 0.00285938 -4.01143e-05 -0.437711 -3.71364e-05 1.57066 -1.0524e-06
17.018 -0.436332 -0.437725 0.00139315 4.36972 -3.90889e-05 0.00288947 -4.05298e-05 -0.437725 -3.75273e-05 1.57066 -1.06107e-06
17.019 -0.436332 -0.43774 0.00140757 4.37127 -3.94882e-05 0.00291941 -4.09431e-05 -0.43774 -3.79162e-05 1.57066 -1.06969e-06
17.02 -0.436332 -0.437754 0.00142191 4.37281 -3.98854e-05 0.00294919 -4.13543e-05 -0.437754 -3.8303e-05 1.57066 -1.07827e-06
17.021 -0.436332 -0.437768 0.00143618 4.37433 -4.02805e-05 0.00297882 -4.17633e-05 -0.437768 -3.86879e-05 1.57066 -1.0868e-06
17.022 -0.436332 -0.437783 0.00145037 4.37584 -4.06736e-05 0.00300829 -4.21702e-05 -0.437783 -3.90708e-05 1.57066 -1.09528e-06
17.023 -0.436332 -0.437797 0.00146449 4.37734 -4.10645e-05 0.00303761 -4.25749e-05 -0.437797 -3.94516e-05 1.57066 -1.10371e-06
17.024 -0.436332 -0.437811 0.00147854 4.37882 -4.14534e-05 0.00306677 -4.29774e-05 -0.437811 -3.98304e-05 1.57065 -1.1121e-06
17.025 -0.436332 -0.437825 0.00149251 4.38029 -4.18402e-05 0.00309578 -4.33778e-05 -0.437825 -4.02072e-05 1.57065 -1.12043e-06
17.026 -0.436332 -0.437839 0.0015064 4.38175 -4.22248e-05 0.00312463 -4.3776e-05 -0.437839 -4.0582e-05 1.57065 -1.12872e-06
17.027 -0.436332 -0.437853 0.00152022 4.38319 -4.26074e-05 0.00315332 -4.4172e-05 -0.437853 -4.09548e-05 1.57065 -1.13697e-06
17.028 -0.436332 -0.437866 0.00153397 4.38462 -4.29878e-05 0.00318186 -4.45658e-05 -0.437866 -4.13255e-05 1.57065 -1.14516e-06
17.029 -0.436332 -0.43788 0.00154763 4.38604 -4.33662e-05 0.00321025 -4.49575e-05 -0.43788 -4.16942e-05 1.57065 -1.15331e-06
17.03 -0.436332 -0.437894 0.00156123 4.38744 -4.37424e-05 0.00323847 -4.5347e-05 -0.437894 -4.20609e-05 1.57065 -1.16141e-06
17.031 -0.436332 -0.437907 0.00157474 4.38883 -4.41165e-05 0.00326654 -4.57342e-05 -0.437907 -4.24255e-05 1.57065 -1.16946e-06
17.032 -0.436332 -0.43792 0.00158819 4.39021 -4.44885e-05 0.00329445 -4.61193e-05 -0.43792 -4.2788e-05 1.57064 -1.17746e-06
17.033 -0.436332 -0.437934 0.00160155 4.39157 -4.48584e-05 0.00332221 -4.65022e-05 -0.437934 -4.31486e-05 1.57064 -1.18541e-06
17.034 -0.436332 -0.437947 0.00161484 4.39292 -4.52261e-05 0.0033498 -4.68829e-05 -0.437947 -4.3507e-05 1.57064 -1.19332e-06
17.035 -0.436332 -0.43796 0.00162805 4.39426 -4.55917e-05 0.00337724 -4.72614e-05 -0.43796 -4.38634e-05 1.57064 -1.20117e-06
17.036 -0.436332 -0.437974 0.00164119 4.39558 -4.59552e-05 0.00340452 -4.76377e-05 -0.437974 -4.42178e-05 1.57064 -1.20898e-06
17.037 -0.436332 -0.437987 0.00165425 4.39689 -4.63165e-05 0.00343164 -4.80118e-05 -0.437987 -4.45701e-05 1.57064 -1.21674e-06
17.038 -0.436332 -0.438 0.00166723 4.39819 -4.66757e-05 0.0034586 -4.83836e-05 -0.438 -4.49203e-05 1.57064 -1.22445e-06
17.039 -0.436332 -0.438012 0.00168014 4.39947 -4.70327e-05 0.0034854 -4.87532e-05 -0.438012 -4.52684e-05 1.57063 -1.23212e-06
17.04 -0.436332 -0.438025 0.00169297 4.40074 -4.73877e-05 0.00351204 -4.91207e-05 -0.438025 -4.56145e-05 1.57063 -1.23973e-06
17.041 -0.436332 -0.438038 0.00170573 4.402 -4.77404e-05 0.00353853 -4.94859e-05 -0.438038 -4.59585e-05 1.57063 -1.2473e-06
17.042 -0.436332 -0.438051 0.0017184 4.40324 -4.8091e-05 0.00356485 -4.98488e-05 -0.438051 -4.63005e-05 1.57063 -1.25481e-06
17.043 -0.436332 -0.438063 0.001731 4.40447 -4.84395e-05 0.00359101 -5.02096e-05 -0.438063 -4.66403e-05 1.57063 -1.26228e-06
17.044 -0.436332 -0.438076 0.00174352 4.40569 -4.87858e-05 0.00361702 -5.05681e-05 -0.438076 -4.69781e-05 1.57063 -1.2697e-06
17.045 -0.436332 -0.438088 0.00175597 4.40689 -4.91299e-05 0.00364286 -5.09244e-05 -0.438088 -4.73138e-05 1.57063 -1.27707e-06
17.046 -0.436332 -0.438101 0.00176834 4.40808 -4.94719e-05 0.00366854 -5.12784e-05 -0.438101 -4.76474e-05 1.57063 -1.28439e-06
17.047 -0.436332 -0.438113 0.00178063 4.40926 -4.98117e-05 0.00369406 -5.16302e-05 -0.438113 -4.79789e-05 1.57062 -1.29166e-06
17.048 -0.436332 -0.438125 0.00179284 4.41042 -5.01494e-05 0.00371942 -5.19798e-05 -0.438125 -4.83083e-05 1.57062 -1.29888e-06
17.049 -0.436332 -0.438137 0.00180497 4.41157 -5.04849e-05 0.00374462 -5.23271e-05 -0.438137 -4.86357e-05 1.57062 -1.30605e-06
17.05 -0.436332 -0.438149 0.00181703 4.41271 -5.08182e-05 0.00376966 -5.26722e-05 -0.438149 -4.89609e-05 1.57062 -1.31317e-06
17.051 -0.436332 -0.438161 0.00182901 4.41384 -5.11493e-05 0.00379453 -5.30151e-05 -0.438161 -4.9284e-05 1.57062 -1.32025e-06
17.052 -0.436332 -0.438173 0.00184091 4.41495 -5.14783e-05 0.00381925 -5.33557e-05 -0.438173 -4.9605e-05 1.57062 -1.32727e-06
17.053 -0.436332 -0.438185 0.00185273 4.41604 -5.18051e-05 0.0038438 -5.3694e-05 -0.438185 -4.9924e-05 1.57062 -1.33425e-06
17.054 -0.436332 -0.438197 0.00186448 4.41713 -5.21297e-05 0.00386819 -5.40301e-05 -0.438197 -5.02408e-05 1.57062 -1.34117e-06
17.055 -0.436332 -0.438208 0.00187614 4.4182 -5.24521e-05 0.00389241 -5.43639e-05 -0.438208 -5.05555e-05 1.57062 -1.34805e-06
17.056 -0.436332 -0.43822 0.00188773 4.41926 -5.27724e-05 0.00391648 -5.46955e-05 -0.43822 -5.08681e-05 1.57061 -1.35488e-06
17.057 -0.436332 -0.438232 0.00189924 4.4203 -5.30904e-05 0.00394038 -5.50248e-05 -0.438232 -5.11786e-05 1.57061 -1.36165e-06
17.058 -0.436332 -0.438243 0.00191068 4.42133 -5.34063e-05 0.00396412 -5.53518e-05 -0.438243 -5.14869e-05 1.57061 -1.36838e-06
17.059 -0.436332 -0.438254 0.00192203 4.42235 -5.372e-05 0.0039877 -5.56766e-05 -0.438254 -5.17932e-05 1.57061 -1.37506e-06
17.06 -0.436332 -0.438266 0.0019333 4.42336 -5.40315e-05 0.00401111 -5.59991e-05 -0.438266 -5.20973e-05 1.57061 -1.38169e-06
17.061 -0.436332 -0.438277 0.0019445 4.42435 -5.43408e-05 0.00403436 -5.63194e-05 -0.438277 -5.23993e-05 1.57061 -1.38827e-06
17.062 -0.436332 -0.438288 0.00195562 4.42533 -5.4648e-05 0.00405745 -5.66374e-05 -0.438288 -5.26992e-05 1.57061 -1.3948e-06
17.063 -0.436332 -0.438299 0.00196666 4.4263 -5.49529e-05 0.00408037 -5.69531e-05 -0.438299 -5.2997e-05 1.57061 -1.40128e-06
17.064 -0.436332 -0.43831 0.00197762 4.42725 -5.52556e-05 0.00410313 -5.72665e-05 -0.43831 -5.32926e-05 1.57061 -1.4077e-06
17.065 -0.436332 -0.438321 0.0019885 4.42819 -5.55562e-05 0.00412573 -5.75777e-05 -0.438321 -5.35862e-05 1.5706 -1.41408e-06
17.066 -0.436332 -0.438332 0.0019993 4.42912 -5.58545e-05 0.00414816 -5.78866e-05 -0.438332 -5.38775e-05 1.5706 -1.42041e-06
17.067 -0.436332 -0.438342 0.00201002 4.43003 -5.61507e-05 0.00417043 -5.81932e-05 -0.438342 -5.41668e-05 1.5706 -1.42669e-06
17.068 -0.436332 -0.438353 0.00202067 4.43093 -5.64446e-05 0.00419253 -5.84976e-05 -0.438353 -5.44539e-05 1.5706 -1.43292e-06
17.069 -0.436332 -0.438364 0.00203123 4.43182 -5.67364e-05 0.00421448 -5.87996e-05 -0.438364 -5.47389e-05 1.5706 -1.43911e-06
17.07 -0.436332 -0.438374 0.00204172 4.43269 -5.70259e-05 0.00423625 -5.90994e-05 -0.438374 -5.50218e-05 1.5706 -1.44524e-06
17.071 -0.436332 -0.438384 0.00205213 4.43355 -5.73132e-05 0.00425786 -5.93969e-05 -0.438384 -5.53025e-05 1.5706 -1.45132e-06
17.072 -0.436332 -0.438395 0.00206245 4.4344 -5.75984e-05 0.00427931 -5.96922e-05 -0.438395 -5.55811e-05 1.5706 -1.45735e-06
17.073 -0.436332 -0.438405 0.0020727 4.43524 -5.78813e-05 0.00430059 -5.99851e-05 -0.438405 -5.58576e-05 1.5706 -1.46333e-06
17.074 -0.436332 -0.438415 0.00208287 4.43606 -5.8162e-05 0.00432171 -6.02758e-05 -0.438415 -5.61319e-05 1.5706 -1.46926e-06
17.075 -0.436332 -0.438425 0.00209296 4.43687 -5.84405e-05 0.00434267 -6.05641e-05 -0.438425 -5.64041e-05 1.57059 -1.47514e-06
17.076 -0.436332 -0.438435 0.00210297 4.43767 -5.87168e-05 0.00436346 -6.08502e-05 -0.438435 -5.66742e-05 1.57059 -1.48097e-06
17.077 -0.436332 -0.438445 0.0021129 4.43845 -5.8991e-05 0.00438408 -6.1134e-05 -0.438445 -5.69421e-05 1.57059 -1.48675e-06
17.078 -0.436332 -0.438455 0.00212276 4.43922 -5.92628e-05 0.00440454 -6.14156e-05 -0.438455 -5.72078e-05 1.57059 -1.49248e-06
17.079 -0.436332 -0.438465 0.00213253 4.43998 -5.95325e-05 0.00442484 -6.16948e-05 -0.438465 -5.74714e-05 1.57059 -1.49817e-06
17.08 -0.436332 -0.438475 0.00214222 4.44072 -5.98e-05 0.00444497 -6.19718e-05 -0.438475 -5.77329e-05 1.57059 -1.5038e-06
17.081 -0.436332 -0.438484 0.00215184 4.44146 -6.00653e-05 0.00446493 -6.22464e-05 -0.438484 -5.79923e-05 1.57059 -1.50938e-06
17.082 -0.436332 -0.438494 0.00216137 4.44218 -6.03283e-05 0.00448473 -6.25188e-05 -0.438494 -5.82495e-05 1.57059 -1.51491e-06
17.083 -0.436332 -0.438503 0.00217082 4.44288 -6.05892e-05 0.00450437 -6.27889e-05 -0.438503 -5.85045e-05 1.57059 -1.52039e-06
17.084 -0.436332 -0.438513 0.0021802 4.44358 -6.08478e-05 0.00452384 -6.30567e-05 -0.438513 -5.87574e-05 1.57059 -1.52582e-06
17.085 -0.436332 -0.438522 0.0021895 4.44426 -6.11042e-05 0.00454314 -6.33222e-05 -0.438522 -5.90082e-05 1.57058 -1.53121e-06
17.086 -0.436332 -0.438531 0.00219871 4.44492 -6.13584e-05 0.00456228 -6.35854e-05 -0.438531 -5.92568e-05 1.57058 -1.53654e-06
17.087 -0.436332 -0.43854 0.00220785 4.44558 -6.16104e-05 0.00458125 -6.38463e-05 -0.43854 -5.95033e-05 1.57058 -1.54182e-06
17.088 -0.436332 -0.438549 0.0022169 4.44622 -6.18602e-05 0.00460006 -6.4105e-05 -0.438549 -5.97476e-05 1.57058 -1.54705e-06
17.089 -0.436332 -0.438558 0.00222588 4.44685 -6.21078e-05 0.00461871 -6.43613e-05 -0.438558 -5.99898e-05 1.57058 -1.55223e-06
17.09 -0.436332 -0.438567 0.00223478 4.44747 -6.23532e-05 0.00463719 -6.46154e-05 -0.438567 -6.02298e-05 1.57058 -1.55737e-06
17.091 -0.436332 -0.438576 0.0022436 4.44807 -6.25963e-05 0.0046555 -6.48672e-05 -0.438576 -6.04677e-05 1.57058 -1.56245e-06
17.092 -0.436332 -0.438585 0.00225234 4.44867 -6.28372e-05 0.00467365 -6.51167e-05 -0.438585 -6.07034e-05 1.57058 -1.56748e-06
17.093 -0.436332 -0.438593 0.002261 4.44925 -6.3076e-05 0.00469163 -6.53638e-05 -0.438593 -6.0937e-05 1.57058 -1.57246e-06
17.094 -0.436332 -0.438602 0.00226957 4.44981 -6.33125e-05 0.00470945 -6.56088e-05 -0.438602 -6.11684e-05 1.57058 -1.5774e-06
17.095 -0.436332 -0.43861 0.00227807 4.45037 -6.35468e-05 0.0047271 -6.58514e-05 -0.43861 -6.13977e-05 1.57058 -1.58228e-06
17.096 -0.436332 -0.438619 0.00228649 4.45091 -6.37789e-05 0.00474459 -6.60917e-05 -0.438619 -6.16249e-05 1.57058 -1.58711e-06
17.097 -0.436332 -0.438627 0.00229484 4.45144 -6.40088e-05 0.00476191 -6.63297e-05 -0.438627 -6.18499e-05 1.57057 -1.5919e-06
17.098 -0.436332 -0.438635 0.0023031 4.45195 -6.42365e-05 0.00477907 -6.65655e-05 -0.438635 -6.20728e-05 1.57057 -1.59663e-06
17.099 -0.436332 -0.438644 0.00231128 4.45246 -6.44619e-05 0.00479606 -6.6799e-05 -0.438644 -6.22935e-05 1.57057 -1.60132e-06
17.1 -0.436332 -0.438652 0.00231938 4.45295 -6.46852e-05 0.00481288 -6.70301e-05 -0.438652 -6.2512e-05 1.57057 -1.60595e-06
17.101 -0.436332 -0.43866 0.0023274 4.45343 -6.49062e-05 0.00482955 -6.7259e-05 -0.43866 -6.27285e-05 1.57057 -1.61054e-06
17.102 -0.436332 -0.438668 0.00233534 4.45389 -6.51251e-05 0.00484604 -6.74856e-05 -0.438668 -6.29428e-05 1.57057 -1.61507e-06
17.103 -0.436332 -0.438676 0.00234321 4.45435 -6.53417e-05 0.00486237 -6.771e-05 -0.438676 -6.31549e-05 1.57057 -1.61956e-06
17.104 -0.436332 -0.438683 0.00235099 4.45479 -6.55561e-05 0.00487854 -6.7932e-05 -0.438683 -6.33649e-05 1.57057 -1.62399e-06
17.105 -0.436332 -0.438691 0.0023587 4.45522 -6.57684e-05 0.00489454 -6.81517e-05 -0.438691 -6.35727e-05 1.57057 -1.62838e-06
17.106 -0.436332 -0.438699 0.00236632 4.45564 -6.59784e-05 0.00491038 -6.83692e-05 -0.438699 -6.37785e-05 1.57057 -1.63272e-06
17.107 -0.436332 -0.438706 0.00237387 4.45604 -6.61862e-05 0.00492605 -6.85844e-05 -0.438706 -6.3982e-05 1.57057 -1.637e-06
17.108 -0.436332 -0.438714 0.00238133 4.45643 -6.63918e-05 0.00494156 -6.87973e-05 -0.438714 -6.41835e-05 1.57057 -1.64124e-06
17.109 -0.436332 -0.438721 0.00238872 4.45681 -6.65952e-05 0.0049569 -6.9008e-05 -0.438721 -6.43828e-05 1.57057 -1.64543e-06
17.11 -0.436332 -0.438728 0.00239603 4.45718 -6.67964e-05 0.00497208 -6.92163e-05 -0.438728 -6.45799e-05 1.57056 -1.64957e-06
17.111 -0.436332 -0.438736 0.00240326 4.45754 -6.69954e-05 0.00498709 -6.94224e-05 -0.438736 -6.47749e-05 1.57056 -1.65366e-06
17.112 -0.436332 -0.438743 0.00241041 4.45788 -6.71923e-05 0.00500194 -6.96262e-05 -0.438743 -6.49678e-05 1.57056 -1.6577e-06
17.113 -0.436332 -0.43875 0.00241748 4.45821 -6.73869e-05 0.00501662 -6.98277e-05 -0.43875 -6.51585e-05 1.57056 -1.66169e-06
17.114 -0.436332 -0.438757 0.00242447 4.45853 -6.75793e-05 0.00503114 -7.0027e-05 -0.438757 -6.53472e-05 1.57056 -1.66564e-06
17.115 -0.436332 -0.438764 0.00243138 4.45884 -6.77695e-05 0.0050455 -7.0224e-05 -0.438764 -6.55336e-05 1.57056 -1.66953e-06
17.116 -0.436332 -0.438771 0.00243821 4.45913 -6.79576e-05 0.00505969 -7.04187e-05 -0.438771 -6.5718e-05 1.57056 -1.67337e-06
17.117 -0.436332 -0.438777 0.00244497 4.45941 -6.81434e-05 0.00507372 -7.06111e-05 -0.438777 -6.59002e-05 1.57056 -1.67717e-06
17.118 -0.436332 -0.438784 0.00245164 4.45968 -6.83271e-05 0.00508758 -7.08013e-05 -0.438784 -6.60803e-05 1.57056 -1.68091e-06
17.119 -0.436332 -0.438791 0.00245824 4.45994 -6.85085e-05 0.00510128 -7.09892e-05 -0.438791 -6.62582e-05 1.57056 -1.68461e-06
17.12 -0.436332 -0.438797 0.00246475 4.46019 -6.86878e-05 0.00511482 -7.11748e-05 -0.438797 -6.64341e-05 1.57056 -1.68826e-06
17.121 -0.436332 -0.438804 0.00247119 4.46042 -6.88649e-05 0.00512819 -7.13582e-05 -0.438804 -6.66078e-05 1.57056 -1.69186e-06
17.122 -0.436332 -0.43881 0.00247755 4.46065 -6.90398e-05 0.0051414 -7.15393e-05 -0.43881 -6.67794e-05 1.57056 -1.69541e-06
17.123 -0.436332 -0.438816 0.00248383 4.46086 -6.92125e-05 0.00515445 -7.17182e-05 -0.438816 -6.69488e-05 1.57056 -1.69891e-06
17.124 -0.436332 -0.438822 0.00249003 4.46105 -6.93831e-05 0.00516733 -7.18948e-05 -0.438822 -6.71162e-05 1.57056 -1.70236e-06
17.125 -0.436332 -0.438828 0.00249616 4.46124 -6.95514e-05 0.00518005 -7.20691e-05 -0.438828 -6.72814e-05 1.57055 -1.70577e-06
17.126 -0.436332 -0.438835 0.0025022 4.46142 -6.97176e-05 0.00519261 -7.22412e-05 -0.438835 -6.74445e-05 1.57055 -1.70912e-06
17.127 -0.436332 -0.43884 0.00250817 4.46158 -6.98816e-05 0.005205 -7.24111e-05 -0.43884 -6.76055e-05 1.57055 -1.71243e-06
17.128 -0.436332 -0.438846 0.00251406 4.46173 -7.00435e-05 0.00521723 -7.25787e-05 -0.438846 -6.77644e-05 1.57055 -1.71569e-06
17.129 -0.436332 -0.438852 0.00251987 4.46187 -7.02032e-05 0.0052293 -7.2744e-05 -0.438852 -6.79211e-05 1.57055 -1.7189e-06
17.13 -0.436332 -0.438858 0.0025256 4.462 -7.03607e-05 0.0052412 -7.29071e-05 -0.438858 -6.80758e-05 1.57055 -1.72206e-06
17.131 -0.436332 -0.438864 0.00253125 4.46211 -7.0516e-05 0.00525295 -7.3068e-05 -0.438864 -6.82283e-05 1.57055 -1.72517e-06
17.132 -0.436332 -0.438869 0.00253683 4.46222 -7.06692e-05 0.00526453 -7.32266e-05 -0.438869 -6.83788e-05 1.57055 -1.72824e-06
17.133 -0.436332 -0.438875 0.00254233 4.46231 -7.08202e-05 0.00527595 -7.33829e-05 -0.438875 -6.85271e-05 1.57055 -1.73125e-06
17.134 -0.436332 -0.43888 0.00254775 4.46239 -7.0969e-05 0.00528721 -7.35371e-05 -0.43888 -6.86733e-05 1.57055 -1.73422e-06
17.135 -0.436332 -0.438885 0.00255309 4.46246 -7.11157e-05 0.0052983 -7.3689e-05 -0.438885 -6.88175e-05 1.57055 -1.73714e-06
17.136 -0.436332 -0.438891 0.00255835 4.46252 -7.12603e-05 0.00530924 -7.38387e-05 -0.438891 -6.89595e-05 1.57055 -1.74001e-06
17.137 -0.436332 -0.438896 0.00256354 4.46257 -7.14026e-05 0.00532001 -7.39861e-05 -0.438896 -6.90994e-05 1.57055 -1.74284e-06
17.138 -0.436332 -0.438901 0.00256865 4.4626 -7.15429e-05 0.00533062 -7.41313e-05 -0.438901 -6.92373e-05 1.57055 -1.74562e-06
17.139 -0.436332 -0.438906 0.00257368 4.46263 -7.16809e-05 0.00534107 -7.42743e-05 -0.438906 -6.9373e-05 1.57055 -1.74834e-06
17.14 -0.436332 -0.438911 0.00257863 4.46264 -7.18169e-05 0.00535136 -7.44151e-05 -0.438911 -6.95067e-05 1.57055 -1.75102e-06
17.141 -0.436332 -0.438916 0.00258351 4.46264 -7.19507e-05 0.00536149 -7.45536e-05 -0.438916 -6.96383e-05 1.57055 -1.75366e-06
17.142 -0.436332 -0.438921 0.00258831 4.46263 -7.20823e-05 0.00537146 -7.46899e-05 -0.438921 -6.97678e-05 1.57055 -1.75624e-06
17.143 -0.436332 -0.438925 0.00259303 4.46261 -7.22118e-05 0.00538127 -7.48241e-05 -0.438925 -6.98952e-05 1.57055 -1.75878e-06
17.144 -0.436332 -0.43893 0.00259767 4.46257 -7.23392e-05 0.00539092 -7.4956e-05 -0.43893 -7.00205e-05 1.57054 -1.76127e-06
17.145 -0.436332 -0.438935 0.00260224 4.46253 -7.24645e-05 0.00540041 -7.50856e-05 -0.438935 -7.01438e-05 1.57054 -1.76371e-06
17.146 -0.436332 -0.438939 0.00260673 4.46247 -7.25876e-05 0.00540974 -7.52131e-05 -0.438939 -7.0265e-05 1.57054 -1.76611e-06
17.147 -0.436332 -0.438943 0.00261115 4.46241 -7.27086e-05 0.00541891 -7.53384e-05 -0.438943 -7.03841e-05 1.57054 -1.76846e-06
17.148 -0.436332 -0.438948 0.00261548 4.46233 -7.28274e-05 0.00542792 -7.54615e-05 -0.438948 -7.05011e-05 1.57054 -1.77076e-06
17.149 -0.436332 -0.438952 0.00261974 4.46224 -7.29442e-05 0.00543677 -7.55824e-05 -0.438952 -7.06161e-05 1.57054 -1.77301e-06
17.15 -0.436332 -0.438956 0.00262393 4.46214 -7.30588e-05 0.00544546 -7.57011e-05 -0.438956 -7.0729e-05 1.57054 -1.77522e-06
17.151 -0.436332 -0.43896 0.00262804 4.46203 -7.31713e-05 0.005454 -7.58176e-05 -0.43896 -7.08399e-05 1.57054 -1.77738e-06
17.152 -0.436332 -0.438964 0.00263207 4.46191 -7.32817e-05 0.00546237 -7.59319e-05 -0.438964 -7.09487e-05 1.57054 -1.77949e-06
17.153 -0.436332 -0.438968 0.00263602 4.46177 -7.339e-05 0.00547059 -7.60441e-05 -0.438968 -7.10554e-05 1.57054 -1.78156e-06
17.154 -0.436332 -0.438972 0.0026399 4.46163 -7.34962e-05 0.00547865 -7.6154e-05 -0.438972 -7.11601e-05 1.57054 -1.78358e-06
17.155 -0.436332 -0.438976 0.0026437 4.46147 -7.36003e-05 0.00548655 -7.62618e-05 -0.438976 -7.12628e-05 1.57054 -1.78555e-06
17.156 -0.436332 -0.43898 0.00264743 4.46131 -7.37023e-05 0.0054943 -7.63674e-05 -0.43898 -7.13634e-05 1.57054 -1.78748e-06
17.157 -0.436332 -0.438983 0.00265108 4.46113 -7.38021e-05 0.00550188 -7.64708e-05 -0.438983 -7.14619e-05 1.57054 -1.78936e-06
17.158 -0.436332 -0.438987 0.00265466 4.46094 -7.38999e-05 0.00550931 -7.65721e-05 -0.438987 -7.15584e-05 1.57054 -1.79119e-06
17.159 -0.436332 -0.43899 0.00265816 4.46074 -7.39956e-05 0.00551659 -7.66712e-05 -0.43899 -7.16529e-05 1.57054 -1.79298e-06
17.16 -0.436332 -0.438994 0.00266159 4.46053 -7.40892e-05 0.0055237 -7.67681e-05 -0.438994 -7.17454e-05 1.57054 -1.79472e-06
17.161 -0.436332 -0.438997 0.00266494 4.46031 -7.41808e-05 0.00553067 -7.68629e-05 -0.438997 -7.18358e-05 1.57054 -1.79641e-06
17.162 -0.436332 -0.439001 0.00266821 4.46008 -7.42702e-05 0.00553747 -7.69555e-05 -0.439001 -7.19242e-05 1.57054 -1.79806e-06
17.163 -0.436332 -0.439004 0.00267141 4.45984 -7.43576e-05 0.00554412 -7.7046e-05 -0.439004 -7.20106e-05 1.57054 -1.79967e-06
17.164 -0.436332 -0.439007 0.00267454 4.45959 -7.44429e-05 0.00555061 -7.71343e-05 -0.439007 -7.20949e-05 1.57054 -1.80122e-06
17.165 -0.436332 -0.43901 0.00267759 4.45932 -7.45261e-05 0.00555695 -7.72205e-05 -0.43901 -7.21772e-05 1.57054 -1.80273e-06
17.166 -0.436332 -0.439013 0.00268056 4.45905 -7.46073e-05 0.00556314 -7.73045e-05 -0.439013 -7.22576e-05 1.57054 -1.8042e-06
17.167 -0.436332 -0.439016 0.00268346 4.45876 -7.46864e-05 0.00556916 -7.73864e-05 -0.439016 -7.23359e-05 1.57054 -1.80562e-06
17.168 -0.436332 -0.439019 0.00268629 4.45847 -7.47634e-05 0.00557504 -7.74662e-05 -0.439019 -7.24122e-05 1.57054 -1.80699e-06
17.169 -0.436332 -0.439021 0.00268904 4.45816 -7.48384e-05 0.00558076 -7.75438e-05 -0.439021 -7.24865e-05 1.57054 -1.80832e-06
17.17 -0.436332 -0.439024 0.00269172 4.45785 -7.49114e-05 0.00558633 -7.76194e-05 -0.439024 -7.25588e-05 1.57054 -1.80961e-06
17.171 -0.436332 -0.439027 0.00269432 4.45752 -7.49823e-05 0.00559174 -7.76928e-05 -0.439027 -7.26291e-05 1.57053 -1.81084e-06
17.172 -0.436332 -0.439029 0.00269686 4.45719 -7.50511e-05 0.005597 -7.77641e-05 -0.439029 -7.26974e-05 1.57053 -1.81204e-06
17.173 -0.436332 -0.439032 0.00269931 4.45684 -7.51179e-05 0.00560211 -7.78332e-05 -0.439032 -7.27638e-05 1.57053 -1.81319e-06
17.174 -0.436332 -0.439034 0.0027017 4.45648 -7.51827e-05 0.00560706 -7.79003e-05 -0.439034 -7.28281e-05 1.57053 -1.81429e-06
17.175 -0.436332 -0.439036 0.00270401 4.45612 -7.52455e-05 0.00561186 -7.79653e-05 -0.439036 -7.28905e-05 1.57053 -1.81535e-06
17.176 -0.436332 -0.439039 0.00270624 4.45574 -7.53062e-05 0.00561651 -7.80281e-05 -0.439039 -7.29509e-05 1.57053 -1.81636e-06
17.177 -0.436332 -0.439041 0.00270841 4.45535 -7.53649e-05 0.00562101 -7.80889e-05 -0.439041 -7.30093e-05 1.57053 -1.81733e-06
17.178 -0.436332 -0.439043 0.0027105 4.45495 -7.54216e-05 0.00562535 -7.81476e-05 -0.439043 -7.30658e-05 1.57053 -1.81825e-06
17.179 -0.436332 -0.439045 0.00271251 4.45455 -7.54762e-05 0.00562955 -7.82042e-05 -0.439045 -7.31202e-05 1.57053 -1.81913e-06
17.18 -0.436332 -0.439047 0.00271446 4.45413 -7.55289e-05 0.00563359 -7.82587e-05 -0.439047 -7.31728e-05 1.57053 -1.81997e-06
17.181 -0.436332 -0.439049 0.00271633 4.4537 -7.55795e-05 0.00563749 -7.83111e-05 -0.439049 -7.32233e-05 1.57053 -1.82076e-06
17.182 -0.436332 -0.43905 0.00271813 4.45326 -7.56282e-05 0.00564123 -7.83615e-05 -0.43905 -7.3272e-05 1.57053 -1.82151e-06
17.183 -0.436332 -0.439052 0.00271986 4.45281 -7.56748e-05 0.00564482 -7.84098e-05 -0.439052 -7.33186e-05 1.57053 -1.82221e-06
17.184 -0.436332 -0.439054 0.00272152 4.45236 -7.57195e-05 0.00564827 -7.8456e-05 -0.439054 -7.33634e-05 1.57053 -1.82287e-06
17.185 -0.436332 -0.439055 0.0027231 4.45189 -7.57621e-05 0.00565156 -7.85002e-05 -0.439055 -7.34062e-05 1.57053 -1.82348e-06
17.186 -0.436332 -0.439057 0.00272461 4.45141 -7.58028e-05 0.00565471 -7.85423e-05 -0.439057 -7.3447e-05 1.57053 -1.82406e-06
17.187 -0.436332 -0.439058 0.00272605 4.45093 -7.58415e-05 0.0056577 -7.85823e-05 -0.439058 -7.34859e-05 1.57053 -1.82458e-06
17.188 -0.436332 -0.43906 0.00272742 4.45043 -7.58782e-05 0.00566055 -7.86203e-05 -0.43906 -7.35229e-05 1.57053 -1.82507e-06
17.189 -0.436332 -0.439061 0.00272872 4.44992 -7.5913e-05 0.00566325 -7.86563e-05 -0.439061 -7.3558e-05 1.57053 -1.82551e-06
17.19 -0.436332 -0.439062 0.00272995 4.44941 -7.59457e-05 0.0056658 -7.86902e-05 -0.439062 -7.35912e-05 1.57053 -1.82591e-06
17.191 -0.436332 -0.439063 0.0027311 4.44888 -7.59766e-05 0.00566821 -7.87221e-05 -0.439063 -7.36224e-05 1.57053 -1.82626e-06
17.192 -0.436332 -0.439065 0.00273219 4.44834 -7.60054e-05 0.00567047 -7.8752e-05 -0.439065 -7.36517e-05 1.57053 -1.82657e-06
17.193 -0.436332 -0.439066 0.0027332 4.4478 -7.60323e-05 0.00567258 -7.87798e-05 -0.439066 -7.36792e-05 1.57053 -1.82684e-06
17.194 -0.436332 -0.439066 0.00273415 4.44724 -7.60573e-05 0.00567454 -7.88057e-05 -0.439066 -7.37047e-05 1.57053 -1.82707e-06
17.195 -0.436332 -0.439067 0.00273502 4.44668 -7.60803e-05 0.00567636 -7.88295e-05 -0.439067 -7.37283e-05 1.57053 -1.82725e-06
17.196 -0.436332 -0.439068 0.00273582 4.44611 -7.61014e-05 0.00567804 -7.88513e-05 -0.439068 -7.37501e-05 1.57053 -1.82739e-06
17.197 -0.436332 -0.439069 0.00273656 4.44552 -7.61205e-05 0.00567957 -7.88711e-05 -0.439069 -7.37699e-05 1.57053 -1.82749e-06
17.198 -0.436332 -0.43907 0.00273722 4.44493 -7.61377e-05 0.00568095 -7.88889e-05 -0.43907 -7.37879e-05 1.57053 -1.82754e-06
17.199 -0.436332 -0.43907 0.00273782 4.44433 -7.6153e-05 0.00568219 -7.89047e-05 -0.43907 -7.3804e-05 1.57053 -1.82755e-06
17.2 -0.436332 -0.439071 0.00273834 4.44372 -7.61664e-05 0.00568328 -7.89185e-05 -0.439071 -7.38182e-05 1.57053 -1.82753e-06
17.201 -0.436332 -0.439071 0.0027388 4.4431 -7.61779e-05 0.00568423 -7.89304e-05 -0.439071 -7.38306e-05 1.57053 -1.82745e-06
17.202 -0.436332 -0.439071 0.00273918 4.44247 -7.61874e-05 0.00568504 -7.89402e-05 -0.439071 -7.38411e-05 1.57053 -1.82734e-06
17.203 -0.436332 -0.439072 0.0027395 4.44183 -7.6195e-05 0.00568571 -7.89481e-05 -0.439072 -7.38497e-05 1.57053 -1.82719e-06
17.204 -0.436332 -0.439072 0.00273975 4.44118 -7.62008e-05 0.00568623 -7.8954e-05 -0.439072 -7.38565e-05 1.57053 -1.82699e-06
17.205 -0.436332 -0.439072 0.00273993 4.44053 -7.62046e-05 0.00568661 -7.8958e-05 -0.439072 -7.38614e-05 1.57053 -1.82675e-06
17.206 -0.436332 -0.439072 0.00274004 4.43986 -7.62066e-05 0.00568685 -7.896e-05 -0.439072 -7.38645e-05 1.57053 -1.82647e-06
17.207 -0.436332 -0.439072 0.00274009 4.43919 -7.62067e-05 0.00568694 -7.896e-05 -0.439072 -7.38658e-05 1.57053 -1.82615e-06
17.208 -0.436332 -0.439072 0.00274006 4.4385 -7.62048e-05 0.0056869 -7.89581e-05 -0.439072 -7.38652e-05 1.57053 -1.82579e-06
17.209 -0.436332 -0.439072 0.00273997 4.43781 -7.62012e-05 0.00568671 -7.89543e-05 -0.439072 -7.38628e-05 1.57053 -1.82538e-06
17.21 -0.436332 -0.439072 0.00273981 4.43711 -7.61956e-05 0.00568639 -7.89485e-05 -0.439072 -7.38585e-05 1.57053 -1.82494e-06
17.211 -0.436332 -0.439072 0.00273958 4.4364 -7.61882e-05 0.00568592 -7.89408e-05 -0.439072 -7.38525e-05 1.57053 -1.82445e-06
17.212 -0.436332 -0.439072 0.00273929 4.43568 -7.61789e-05 0.00568532 -7.89312e-05 -0.439072 -7.38446e-05 1.57053 -1.82393e-06
17.213 -0.436332 -0.439071 0.00273893 4.43495 -7.61678e-05 0.00568457 -7.89196e-05 -0.439071 -7.38349e-05 1.57053 -1.82336e-06
17.214 -0.436332 -0.439071 0.0027385 4.43422 -7.61548e-05 0.00568369 -7.89061e-05 -0.439071 -7.38234e-05 1.57053 -1.82275e-06
17.215 -0.436332 -0.43907 0.00273801 4.43347 -7.614e-05 0.00568267 -7.88908e-05 -0.43907 -7.38102e-05 1.57053 -1.8221e-06
17.216 -0.436332 -0.43907 0.00273744 4.43272 -7.61233e-05 0.00568151 -7.88735e-05 -0.43907 -7.37951e-05 1.57053 -1.82141e-06
17.217 -0.436332 -0.439069 0.00273682 4.43196 -7.61049e-05 0.00568021 -7.88543e-05 -0.439069 -7.37782e-05 1.57053 -1.82069e-06
17.218 -0.436332 -0.439068 0.00273612 4.43119 -7.60845e-05 0.00567877 -7.88333e-05 -0.439068 -7.37596e-05 1.57053 -1.81992e-06
17.219 -0.436332 -0.439068 0.00273536 4.43041 -7.60624e-05 0.0056772 -7.88103e-05 -0.439068 -7.37392e-05 1.57053 -1.81911e-06
17.22 -0.436332 -0.439067 0.00273454 4.42962 -7.60385e-05 0.00567549 -7.87855e-05 -0.439067 -7.3717e-05 1.57053 -1.81826e-06
17.221 -0.436332 -0.439066 0.00273365 4.42882 -7.60127e-05 0.00567365 -7.87588e-05 -0.439066 -7.3693e-05 1.57053 -1.81737e-06
17.222 -0.436332 -0.439065 0.00273269 4.42802 -7.59851e-05 0.00567167 -7.87302e-05 -0.439065 -7.36673e-05 1.57053 -1.81645e-06
17.223 -0.436332 -0.439064 0.00273167 4.42721 -7.59558e-05 0.00566956 -7.86997e-05 -0.439064 -7.36399e-05 1.57053 -1.81548e-06
17.224 -0.436332 -0.439063 0.00273059 4.42638 -7.59246e-05 0.00566731 -7.86674e-05 -0.439063 -7.36106e-05 1.57053 -1.81447e-06
17.225 -0.436332 -0.439062 0.00272944 4.42556 -7.58917e-05 0.00566492 -7.86333e-05 -0.439062 -7.35797e-05 1.57053 -1.81343e-06
17.226 -0.436332 -0.439061 0.00272822 4.42472 -7.58569e-05 0.00566241 -7.85973e-05 -0.439061 -7.3547e-05 1.57053 -1.81234e-06
17.227 -0.436332 -0.439059 0.00272694 4.42387 -7.58204e-05 0.00565976 -7.85595e-05 -0.439059 -7.35125e-05 1.57053 -1.81122e-06
17.228 -0.436332 -0.439058 0.0027256 4.42302 -7.57822e-05 0.00565697 -7.85198e-05 -0.439058 -7.34764e-05 1.57053 -1.81006e-06
17.229 -0.436332 -0.439057 0.00272419 4.42216 -7.57421e-05 0.00565406 -7.84783e-05 -0.439057 -7.34385e-05 1.57053 -1.80886e-06
17.23 -0.436332 -0.439055 0.00272272 4.42129 -7.57003e-05 0.00565101 -7.8435e-05 -0.439055 -7.33989e-05 1.57053 -1.80762e-06
17.231 -0.436332 -0.439053 0.00272119 4.42041 -7.56568e-05 0.00564783 -7.83898e-05 -0.439053 -7.33576e-05 1.57053 -1.80634e-06
17.232 -0.436332 -0.439052 0.00271959 4.41952 -7.56115e-05 0.00564452 -7.83429e-05 -0.439052 -7.33145e-05 1.57053 -1.80503e-06
17.233 -0.436332 -0.43905 0.00271793 4.41863 -7.55645e-05 0.00564107 -7.82941e-05 -0.43905 -7.32698e-05 1.57053 -1.80367e-06
17.234 -0.436332 -0.439049 0.00271621 4.41773 -7.55157e-05 0.0056375 -7.82436e-05 -0.439049 -7.32234e-05 1.57053 -1.80228e-06
17.235 -0.436332 -0.439047 0.00271442 4.41682 -7.54652e-05 0.0056338 -7.81913e-05 -0.439047 -7.31753e-05 1.57053 -1.80085e-06
17.236 -0.436332 -0.439045 0.00271257 4.4159 -7.5413e-05 0.00562997 -7.81371e-05 -0.439045 -7.31255e-05 1.57053 -1.79938e-06
17.237 -0.436332 -0.439043 0.00271066 4.41498 -7.5359e-05 0.00562601 -7.80812e-05 -0.439043 -7.30741e-05 1.57053 -1.79788e-06
17.238 -0.436332 -0.439041 0.00270869 4.41405 -7.53034e-05 0.00562192 -7.80236e-05 -0.439041 -7.3021e-05 1.57053 -1.79634e-06
17.239 -0.436332 -0.439039 0.00270666 4.41311 -7.5246e-05 0.0056177 -7.79641e-05 -0.439039 -7.29662e-05 1.57053 -1.79476e-06
17.24 -0.436332 -0.439037 0.00270456 4.41216 -7.5187e-05 0.00561335 -7.79029e-05 -0.439037 -7.29097e-05 1.57053 -1.79314e-06
17.241 -0.436332 -0.439035 0.0027024 4.4112 -7.51262e-05 0.00560888 -7.784e-05 -0.439035 -7.28516e-05 1.57053 -1.79149e-06
17.242 -0.436332 -0.439032 0.00270019 4.41024 -7.50638e-05 0.00560428 -7.77753e-05 -0.439032 -7.27919e-05 1.57053 -1.7898e-06
17.243 -0.436332 -0.43903 0.00269791 4.40927 -7.49997e-05 0.00559956 -7.77088e-05 -0.43903 -7.27305e-05 1.57053 -1.78807e-06
17.244 -0.436332 -0.439028 0.00269557 4.40829 -7.49339e-05 0.0055947 -7.76407e-05 -0.439028 -7.26674e-05 1.57053 -1.78631e-06
17.245 -0.436332 -0.439025 0.00269317 4.40731 -7.48664e-05 0.00558973 -7.75708e-05 -0.439025 -7.26028e-05 1.57053 -1.7845e-06
17.246 -0.436332 -0.439023 0.00269071 4.40632 -7.47973e-05 0.00558463 -7.74991e-05 -0.439023 -7.25365e-05 1.57053 -1.78267e-06
17.247 -0.436332 -0.439021 0.00268819 4.40532 -7.47265e-05 0.0055794 -7.74258e-05 -0.439021 -7.24686e-05 1.57054 -1.7808e-06
17.248 -0.436332 -0.439018 0.00268561 4.40431 -7.46541e-05 0.00557405 -7.73507e-05 -0.439018 -7.23991e-05 1.57054 -1.77889e-06
17.249 -0.436332 -0.439015 0.00268297 4.4033 -7.458e-05 0.00556858 -7.7274e-05 -0.439015 -7.2328e-05 1.57054 -1.77694e-06
17.25 -0.436332 -0.439013 0.00268027 4.40228 -7.45043e-05 0.00556298 -7.71955e-05 -0.439013 -7.22553e-05 1.57054 -1.77496e-06
17.251 -0.436332 -0.43901 0.00267752 4.40125 -7.4427e-05 0.00555726 -7.71154e-05 -0.43901 -7.2181e-05 1.57054 -1.77294e-06
17.252 -0.436332 -0.439007 0.0026747 4.40021 -7.4348e-05 0.00555142 -7.70336e-05 -0.439007 -7.21051e-05 1.57054 -1.77089e-06
17.253 -0.436332 -0.439004 0.00267183 4.39917 -7.42675e-05 0.00554546 -7.69501e-05 -0.439004 -7.20276e-05 1.57054 -1.76881e-06
17.254 -0.436332 -0.439001 0.00266889 4.39812 -7.41853e-05 0.00553937 -7.68649e-05 -0.439001 -7.19486e-05 1.57054 -1.76668e-06
17.255 -0.436332 -0.438998 0.0026659 4.39707 -7.41015e-05 0.00553317 -7.67781e-05 -0.438998 -7.1868e-05 1.57054 -1.76453e-06
17.256 -0.436332 -0.438995 0.00266285 4.396 -7.40161e-05 0.00552684 -7.66896e-05 -0.438995 -7.17858e-05 1.57054 -1.76233e-06
17.257 -0.436332 -0.438992 0.00265975 4.39493 -7.39291e-05 0.0055204 -7.65995e-05 -0.438992 -7.17021e-05 1.57054 -1.76011e-06
17.258 -0.436332 -0.438989 0.00265658 4.39386 -7.38405e-05 0.00551383 -7.65077e-05 -0.438989 -7.16168e-05 1.57054 -1.75784e-06
17.259 -0.436332 -0.438986 0.00265336 4.39277 -7.37503e-05 0.00550715 -7.64143e-05 -0.438986 -7.153e-05 1.57054 -1.75555e-06
17.26 -0.436332 -0.438982 0.00265009 4.39168 -7.36586e-05 0.00550035 -7.63192e-05 -0.438982 -7.14417e-05 1.57054 -1.75322e-06
17.261 -0.436332 -0.438979 0.00264675 4.39059 -7.35653e-05 0.00549343 -7.62225e-05 -0.438979 -7.13518e-05 1.57054 -1.75085e-06
17.262 -0.436332 -0.438976 0.00264336 4.38948 -7.34705e-05 0.00548639 -7.61243e-05 -0.438976 -7.12604e-05 1.57054 -1.74845e-06
17.263 -0.436332 -0.438972 0.00263991 4.38837 -7.33741e-05 0.00547924 -7.60244e-05 -0.438972 -7.11675e-05 1.57054 -1.74602e-06
17.264 -0.436332 -0.438969 0.00263641 4.38726 -7.32761e-05 0.00547197 -7.59229e-05 -0.438969 -7.1073e-05 1.57054 -1.74355e-06
17.265 -0.436332 -0.438965 0.00263285 4.38614 -7.31766e-05 0.00546459 -7.58198e-05 -0.438965 -7.09771e-05 1.57054 -1.74105e-06
17.266 -0.436332 -0.438962 0.00262924 4.38501 -7.30756e-05 0.00545709 -7.57151e-05 -0.438962 -7.08797e-05 1.57054 -1.73852e-06
17.267 -0.436332 -0.438958 0.00262557 4.38387 -7.2973e-05 0.00544947 -7.56088e-05 -0.438958 -7.07807e-05 1.57054 -1.73595e-06
17.268 -0.436332 -0.438954 0.00262184 4.38273 -7.28689e-05 0.00544174 -7.5501e-05 -0.438954 -7.06803e-05 1.57054 -1.73335e-06
17.269 -0.436332 -0.43895 0.00261806 4.38158 -7.27634e-05 0.0054339 -7.53916e-05 -0.43895 -7.05784e-05 1.57054 -1.73072e-06
17.27 -0.436332 -0.438947 0.00261423 4.38043 -7.26563e-05 0.00542595 -7.52806e-05 -0.438947 -7.04751e-05 1.57054 -1.72805e-06
17.271 -0.436332 -0.438943 0.00261034 4.37927 -7.25477e-05 0.00541788 -7.51681e-05 -0.438943 -7.03703e-05 1.57054 -1.72535e-06
17.272 -0.436332 -0.438939 0.0026064 4.3781 -7.24376e-05 0.0054097 -7.5054e-05 -0.438939 -7.0264e-05 1.57054 -1.72262e-06
17.273 -0.436332 -0.438935 0.0026024 4.37693 -7.2326e-05 0.0054014 -7.49384e-05 -0.438935 -7.01563e-05 1.57054 -1.71986e-06
17.274 -0.436332 -0.438931 0.00259835 4.37575 -7.2213e-05 0.005393 -7.48213e-05 -0.438931 -7.00471e-05 1.57054 -1.71706e-06
17.275 -0.436332 -0.438927 0.00259425 4.37457 -7.20984e-05 0.00538449 -7.47026e-05 -0.438927 -6.99365e-05 1.57054 -1.71423e-06
17.276 -0.436332 -0.438922 0.00259009 4.37337 -7.19824e-05 0.00537586 -7.45825e-05 -0.438922 -6.98244e-05 1.57054 -1.71137e-06
17.277 -0.436332 -0.438918 0.00258588 4.37218 -7.1865e-05 0.00536713 -7.44608e-05 -0.438918 -6.9711e-05 1.57055 -1.70848e-06
17.278 -0.436332 -0.438914 0.00258162 4.37098 -7.17461e-05 0.00535828 -7.43376e-05 -0.438914 -6.95961e-05 1.57055 -1.70556e-06
17.279 -0.436332 -0.43891 0.00257731 4.36977 -7.16257e-05 0.00534933 -7.42129e-05 -0.43891 -6.94798e-05 1.57055 -1.7026e-06
17.28 -0.436332 -0.438905 0.00257294 4.36855 -7.15039e-05 0.00534027 -7.40867e-05 -0.438905 -6.93621e-05 1.57055 -1.69961e-06
17.281 -0.436332 -0.438901 0.00256852 4.36733 -7.13807e-05 0.0053311 -7.3959e-05 -0.438901 -6.9243e-05 1.57055 -1.69659e-06
17.282 -0.436332 -0.438896 0.00256405 4.36611 -7.12561e-05 0.00532183 -7.38299e-05 -0.438896 -6.91225e-05 1.57055 -1.69354e-06
17.283 -0.436332 -0.438892 0.00255953 4.36488 -7.113e-05 0.00531245 -7.36993e-05 -0.438892 -6.90006e-05 1.57055 -1.69046e-06
17.284 -0.436332 -0.438887 0.00255496 4.36364 -7.10025e-05 0.00530296 -7.35672e-05 -0.438887 -6.88774e-05 1.57055 -1.68735e-06
17.285 -0.436332 -0.438883 0.00255034 4.3624 -7.08736e-05 0.00529337 -7.34337e-05 -0.438883 -6.87527e-05 1.57055 -1.68421e-06
17.286 -0.436332 -0.438878 0.00254566 4.36115 -7.07434e-05 0.00528367 -7.32987e-05 -0.438878 -6.86267e-05 1.57055 -1.68104e-06
17.287 -0.436332 -0.438873 0.00254094 4.3599 -7.06117e-05 0.00527386 -7.31623e-05 -0.438873 -6.84994e-05 1.57055 -1.67783e-06
17.288 -0.436332 -0.438868 0.00253617 4.35864 -7.04787e-05 0.00526396 -7.30244e-05 -0.438868 -6.83707e-05 1.57055 -1.6746e-06
17.289 -0.436332 -0.438864 0.00253134 4.35738 -7.03442e-05 0.00525395 -7.28851e-05 -0.438864 -6.82407e-05 1.57055 -1.67134e-06
17.29 -0.436332 -0.438859 0.00252647 4.35611 -7.02084e-05 0.00524384 -7.27444e-05 -0.438859 -6.81093e-05 1.57055 -1.66804e-06
17.291 -0.436332 -0.438854 0.00252155 4.35483 -7.00713e-05 0.00523362 -7.26023e-05 -0.438854 -6.79766e-05 1.57055 -1.66472e-06
17.292 -0.436332 -0.438849 0.00251658 4.35355 -6.99328e-05 0.0052233 -7.24588e-05 -0.438849 -6.78425e-05 1.57055 -1.66137e-06
17.293 -0.436332 -0.438844 0.00251156 4.35227 -6.97929e-05 0.00521288 -7.23139e-05 -0.438844 -6.77072e-05 1.57055 -1.65799e-06
17.294 -0.436332 -0.438839 0.00250649 4.35098 -6.96517e-05 0.00520237 -7.21676e-05 -0.438839 -6.75705e-05 1.57055 -1.65458e-06
17.295 -0.436332 -0.438834 0.00250137 4.34968 -6.95092e-05 0.00519175 -7.202e-05 -0.438834 -6.74326e-05 1.57055 -1.65114e-06
17.296 -0.436332 -0.438829 0.00249621 4.34838 -6.93653e-05 0.00518103 -7.18709e-05 -0.438829 -6.72933e-05 1.57055 -1.64767e-06
17.297 -0.436332 -0.438823 0.00249099 4.34708 -6.92202e-05 0.00517021 -7.17205e-05 -0.438823 -6.71528e-05 1.57055 -1.64417e-06
17.298 -0.436332 -0.438818 0.00248573 4.34577 -6.90737e-05 0.00515929 -7.15687e-05 -0.438818 -6.7011e-05 1.57055 -1.64064e-06
17.299 -0.436332 -0.438813 0.00248043 4.34445 -6.89259e-05 0.00514828 -7.14156e-05 -0.438813 -6.68679e-05 1.57056 -1.63709e-06
17.3 -0.436332 -0.438807 0.00247507 4.34313 -6.87768e-05 0.00513716 -7.12612e-05 -0.438807 -6.67235e-05 1.57056 -1.6335e-06
17.301 -0.436332 -0.438802 0.00246967 4.34181 -6.86264e-05 0.00512596 -7.11054e-05 -0.438802 -6.65779e-05 1.57056 -1.62989e-06
17.302 -0.436332 -0.438797 0.00246422 4.34048 -6.84748e-05 0.00511465 -7.09482e-05 -0.438797 -6.6431e-05 1.57056 -1.62625e-06
17.303 -0.436332 -0.438791 0.00245873 4.33914 -6.83218e-05 0.00510325 -7.07898e-05 -0.438791 -6.62829e-05 1.57056 -1.62258e-06
17.304 -0.436332 -0.438786 0.00245319 4.3378 -6.81676e-05 0.00509175 -7.063e-05 -0.438786 -6.61335e-05 1.57056 -1.61889e-06
17.305 -0.436332 -0.43878 0.00244761 4.33646 -6.80122e-05 0.00508016 -7.04689e-05 -0.43878 -6.5983e-05 1.57056 -1.61516e-06
17.306 -0.436332 -0.438774 0.00244197 4.33511 -6.78554e-05 0.00506847 -7.03066e-05 -0.438774 -6.58311e-05 1.57056 -1.61141e-06
17.307 -0.436332 -0.438769 0.0024363 4.33376 -6.76975e-05 0.00505669 -7.01429e-05 -0.438769 -6.56781e-05 1.57056 -1.60763e-06
17.308 -0.436332 -0.438763 0.00243058 4.3324 -6.75383e-05 0.00504482 -6.99779e-05 -0.438763 -6.55239e-05 1.57056 -1.60383e-06
17.309 -0.436332 -0.438757 0.00242481 4.33104 -6.73778e-05 0.00503285 -6.98117e-05 -0.438757 -6.53684e-05 1.57056 -1.6e-06
17.31 -0.436332 -0.438751 0.002419 4.32968 -6.72161e-05 0.0050208 -6.96442e-05 -0.438751 -6.52118e-05 1.57056 -1.59614e-06
17.311 -0.436332 -0.438745 0.00241315 4.32831 -6.70533e-05 0.00500865 -6.94755e-05 -0.438745 -6.50539e-05 1.57056 -1.59225e-06
17.312 -0.436332 -0.43874 0.00240725 4.32693 -6.68892e-05 0.00499641 -6.93054e-05 -0.43874 -6.48949e-05 1.57056 -1.58834e-06
17.313 -0.436332 -0.438734 0.00240131 4.32555 -6.67239e-05 0.00498408 -6.91342e-05 -0.438734 -6.47347e-05 1.57056 -1.5844e-06
17.314 -0.436332 -0.438728 0.00239533 4.32417 -6.65574e-05 0.00497166 -6.89617e-05 -0.438728 -6.45734e-05 1.57056 -1.58044e-06
17.315 -0.436332 -0.438722 0.0023893 4.32278 -6.63897e-05 0.00495915 -6.8788e-05 -0.438722 -6.44109e-05 1.57056 -1.57645e-06
17.316 -0.436332 -0.438716 0.00238323 4.32139 -6.62208e-05 0.00494655 -6.8613e-05 -0.438716 -6.42472e-05 1.57056 -1.57243e-06
17.317 -0.436332 -0.438709 0.00237712 4.31999 -6.60508e-05 0.00493386 -6.84369e-05 -0.438709 -6.40824e-05 1.57057 -1.56839e-06
17.318 -0.436332 -0.438703 0.00237096 4.31859 -6.58796e-05 0.00492109 -6.82595e-05 -0.438703 -6.39164e-05 1.57057 -1.56432e-06
17.319 -0.436332 -0.438697 0.00236477 4.31719 -6.57072e-05 0.00490822 -6.80809e-05 -0.438697 -6.37493e-05 1.57057 -1.56023e-06
17.32 -0.436332 -0.438691 0.00235853 4.31578 -6.55337e-05 0.00489528 -6.79011e-05 -0.438691 -6.35811e-05 1.57057 -1.55611e-06
17.321 -0.436332 -0.438685 0.00235225 4.31437 -6.53591e-05 0.00488224 -6.77202e-05 -0.438685 -6.34118e-05 1.57057 -1.55196e-06
17.322 -0.436332 -0.438678 0.00234593 4.31296 -6.51833e-05 0.00486912 -6.75381e-05 -0.438678 -6.32414e-05 1.57057 -1.5478e-06
17.323 -0.436332 -0.438672 0.00233956 4.31154 -6.50063e-05 0.00485592 -6.73548e-05 -0.438672 -6.30698e-05 1.57057 -1.5436e-06
17.324 -0.436332 -0.438665 0.00233316 4.31012 -6.48283e-05 0.00484263 -6.71703e-05 -0.438665 -6.28972e-05 1.57057 -1.53939e-06
17.325 -0.436332 -0.438659 0.00232672 4.30869 -6.46491e-05 0.00482926 -6.69847e-05 -0.438659 -6.27235e-05 1.57057 -1.53514e-06
17.326 -0.436332 -0.438653 0.00232024 4.30726 -6.44689e-05 0.0048158 -6.67979e-05 -0.438653 -6.25487e-05 1.57057 -1.53088e-06
17.327 -0.436332 -0.438646 0.00231371 4.30583 -6.42875e-05 0.00480226 -6.661e-05 -0.438646 -6.23728e-05 1.57057 -1.52659e-06
17.328 -0.436332 -0.438639 0.00230715 4.30439 -6.41051e-05 0.00478864 -6.6421e-05 -0.438639 -6.21958e-05 1.57057 -1.52227e-06
17.329 -0.436332 -0.438633 0.00230055 4.30295 -6.39215e-05 0.00477494 -6.62308e-05 -0.438633 -6.20178e-05 1.57057 -1.51793e-06
17.33 -0.436332 -0.438626 0.00229391 4.3015 -6.37369e-05 0.00476116 -6.60396e-05 -0.438626 -6.18388e-05 1.57057 -1.51357e-06
17.331 -0.436332 -0.43862 0.00228723 4.30005 -6.35512e-05 0.00474729 -6.58472e-05 -0.43862 -6.16587e-05 1.57057 -1.50919e-06
17.332 -0.436332 -0.438613 0.00228051 4.2986 -6.33644e-05 0.00473335 -6.56537e-05 -0.438613 -6.14775e-05 1.57057 -1.50478e-06
17.333 -0.436332 -0.438606 0.00227376 4.29715 -6.31766e-05 0.00471933 -6.54591e-05 -0.438606 -6.12954e-05 1.57058 -1.50035e-06
17.334 -0.436332 -0.438599 0.00226696 4.29569 -6.29878e-05 0.00470523 -6.52635e-05 -0.438599 -6.11122e-05 1.57058 -1.49589e-06
17.335 -0.436332 -0.438592 0.00226013 4.29423 -6.27979e-05 0.00469105 -6.50667e-05 -0.438592 -6.0928e-05 1.57058 -1.49141e-06
17.336 -0.436332 -0.438586 0.00225326 4.29277 -6.2607e-05 0.00467679 -6.48689e-05 -0.438586 -6.07428e-05 1.57058 -1.48691e-06
17.337 -0.436332 -0.438579 0.00224636 4.2913 -6.2415e-05 0.00466246 -6.467e-05 -0.438579 -6.05565e-05 1.57058 -1.48239e-06
17.338 -0.436332 -0.438572 0.00223941 4.28983 -6.2222e-05 0.00464805 -6.44701e-05 -0.438572 -6.03693e-05 1.57058 -1.47784e-06
17.339 -0.436332 -0.438565 0.00223243 4.28835 -6.20281e-05 0.00463356 -6.42692e-05 -0.438565 -6.01811e-05 1.57058 -1.47328e-06
17.34 -0.436332 -0.438558 0.00222542 4.28688 -6.18331e-05 0.004619 -6.40672e-05 -0.438558 -5.9992e-05 1.57058 -1.46869e-06
17.341 -0.436332 -0.438551 0.00221837 4.2854 -6.16371e-05 0.00460436 -6.38641e-05 -0.438551 -5.98018e-05 1.57058 -1.46408e-06
17.342 -0.436332 -0.438544 0.00221128 4.28391 -6.14401e-05 0.00458965 -6.36601e-05 -0.438544 -5.96107e-05 1.57058 -1.45944e-06
17.343 -0.436332 -0.438536 0.00220416 4.28243 -6.12422e-05 0.00457487 -6.3455e-05 -0.438536 -5.94187e-05 1.57058 -1.45479e-06
17.344 -0.436332 -0.438529 0.002197 4.28094 -6.10433e-05 0.00456001 -6.32489e-05 -0.438529 -5.92257e-05 1.57058 -1.45011e-06
17.345 -0.436332 -0.438522 0.00218981 4.27945 -6.08434e-05 0.00454508 -6.30418e-05 -0.438522 -5.90317e-05 1.57058 -1.44541e-06
17.346 -0.436332 -0.438515 0.00218258 4.27795 -6.06426e-05 0.00453008 -6.28338e-05 -0.438515 -5.88368e-05 1.57058 -1.4407e-06
17.347 -0.436332 -0.438508 0.00217532 4.27646 -6.04408e-05 0.00451501 -6.26247e-05 -0.438508 -5.8641e-05 1.57058 -1.43596e-06
17.348 -0.436332 -0.4385 0.00216802 4.27496 -6.02381e-05 0.00449986 -6.24147e-05 -0.4385 -5.84443e-05 1.57059 -1.4312e-06
17.349 -0.436332 -0.438493 0.00216069 4.27346 -6.00344e-05 0.00448465 -6.22037e-05 -0.438493 -5.82466e-05 1.57059 -1.42642e-06
17.35 -0.436332 -0.438486 0.00215333 4.27195 -5.98298e-05 0.00446937 -6.19917e-05 -0.438486 -5.80481e-05 1.57059 -1.42162e-06
17.351 -0.436332 -0.438478 0.00214593 4.27044 -5.96243e-05 0.00445401 -6.17788e-05 -0.438478 -5.78486e-05 1.57059 -1.41679e-06
17.352 -0.436332 -0.438471 0.0021385 4.26893 -5.94179e-05 0.00443859 -6.15649e-05 -0.438471 -5.76483e-05 1.57059 -1.41195e-06
17.353 -0.436332 -0.438463 0.00213104 4.26742 -5.92105e-05 0.0044231 -6.13502e-05 -0.438463 -5.74471e-05 1.57059 -1.40709e-06
17.354 -0.436332 -0.438456 0.00212355 4.26591 -5.90023e-05 0.00440755 -6.11344e-05 -0.438456 -5.7245e-05 1.57059 -1.40221e-06
17.355 -0.436332 -0.438448 0.00211602 4.26439 -5.87932e-05 0.00439192 -6.09178e-05 -0.438448 -5.7042e-05 1.57059 -1.39731e-06
17.356 -0.436332 -0.438441 0.00210846 4.26287 -5.85832e-05 0.00437623 -6.07002e-05 -0.438441 -5.68382e-05 1.57059 -1.39239e-06
17.357 -0.436332 -0.438433 0.00210087 4.26135 -5.83723e-05 0.00436048 -6.04818e-05 -0.438433 -5.66335e-05 1.57059 -1.38745e-06
17.358 -0.436332 -0.438426 0.00209325 4.25983 -5.81606e-05 0.00434466 -6.02624e-05 -0.438426 -5.6428e-05 1.57059 -1.38249e-06
17.359 -0.436332 -0.438418 0.0020856 4.2583 -5.7948e-05 0.00432877 -6.00422e-05 -0.438418 -5.62216e-05 1.57059 -1.37751e-06
17.36 -0.436332 -0.43841 0.00207791 4.25677 -5.77346e-05 0.00431283 -5.9821e-05 -0.43841 -5.60144e-05 1.57059 -1.37252e-06
17.361 -0.436332 -0.438403 0.0020702 4.25524 -5.75203e-05 0.00429681 -5.9599e-05 -0.438403 -5.58064e-05 1.5706 -1.3675e-06
17.362 -0.436332 -0.438395 0.00206245 4.25371 -5.73052e-05 0.00428074 -5.93762e-05 -0.438395 -5.55976e-05 1.5706 -1.36247e-06
17.363 -0.436332 -0.438387 0.00205468 4.25217 -5.70892e-05 0.0042646 -5.91524e-05 -0.438387 -5.53879e-05 1.5706 -1.35742e-06
17.364 -0.436332 -0.438379 0.00204688 4.25064 -5.68724e-05 0.0042484 -5.89279e-05 -0.438379 -5.51775e-05 1.5706 -1.35235e-06
17.365 -0.436332 -0.438371 0.00203904 4.2491 -5.66548e-05 0.00423214 -5.87024e-05 -0.438371 -5.49663e-05 1.5706 -1.34726e-06
17.366 -0.436332 -0.438363 0.00203118 4.24756 -5.64365e-05 0.00421582 -5.84762e-05 -0.438363 -5.47542e-05 1.5706 -1.34215e-06
17.367 -0.436332 -0.438356 0.00202329 4.24602 -5.62173e-05 0.00419944 -5.82491e-05 -0.438356 -5.45414e-05 1.5706 -1.33703e-06
17.368 -0.436332 -0.438348 0.00201537 4.24447 -5.59973e-05 0.004183 -5.80212e-05 -0.438348 -5.43279e-05 1.5706 -1.33189e-06
17.369 -0.436332 -0.43834 0.00200742 4.24293 -5.57765e-05 0.0041665 -5.77925e-05 -0.43834 -5.41135e-05 1.5706 -1.32673e-06
17.37 -0.436332 -0.438332 0.00199944 4.24138 -5.5555e-05 0.00414995 -5.7563e-05 -0.438332 -5.38984e-05 1.5706 -1.32155e-06
17.371 -0.436332 -0.438324 0.00199144 4.23983 -5.53327e-05 0.00413333 -5.73326e-05 -0.438324 -5.36826e-05 1.5706 -1.31636e-06
17.372 -0.436332 -0.438316 0.00198341 4.23828 -5.51096e-05 0.00411666 -5.71015e-05 -0.438316 -5.3466e-05 1.5706 -1.31115e-06
17.373 -0.436332 -0.438308 0.00197535 4.23673 -5.48858e-05 0.00409993 -5.68697e-05 -0.438308 -5.32487e-05 1.5706 -1.30592e-06
17.374 -0.436332 -0.4383 0.00196726 4.23517 -5.46612e-05 0.00408315 -5.6637e-05 -0.4383 -5.30306e-05 1.57061 -1.30068e-06
17.375 -0.436332 -0.438291 0.00195915 4.23362 -5.44359e-05 0.00406631 -5.64036e-05 -0.438291 -5.28119e-05 1.57061 -1.29542e-06
17.376 -0.436332 -0.438283 0.00195101 4.23206 -5.42098e-05 0.00404941 -5.61694e-05 -0.438283 -5.25924e-05 1.57061 -1.29015e-06
17.377 -0.436332 -0.438275 0.00194284 4.2305 -5.39831e-05 0.00403246 -5.59345e-05 -0.438275 -5.23722e-05 1.57061 -1.28486e-06
17.378 -0.436332 -0.438267 0.00193465 4.22894 -5.37556e-05 0.00401546 -5.56988e-05 -0.438267 -5.21513e-05 1.57061 -1.27955e-06
17.379 -0.436332 -0.438259 0.00192644 4.22738 -5.35274e-05 0.00399841 -5.54624e-05 -0.438259 -5.19297e-05 1.57061 -1.27423e-06
17.38 -0.436332 -0.438251 0.00191819 4.22582 -5.32985e-05 0.0039813 -5.52253e-05 -0.438251 -5.17075e-05 1.57061 -1.26889e-06
17.381 -0.436332 -0.438242 0.00190993 4.22426 -5.30689e-05 0.00396414 -5.49875e-05 -0.438242 -5.14846e-05 1.57061 -1.26353e-06
17.382 -0.436332 -0.438234 0.00190164 4.22269 -5.28387e-05 0.00394693 -5.47489e-05 -0.438234 -5.1261e-05 1.57061 -1.25816e-06
17.383 -0.436332 -0.438226 0.00189332 4.22113 -5.26077e-05 0.00392966 -5.45097e-05 -0.438226 -5.10367e-05 1.57061 -1.25278e-06
17.384 -0.436332 -0.438217 0.00188498 4.21956 -5.23761e-05 0.00391235 -5.42697e-05 -0.438217 -5.08118e-05 1.57061 -1.24738e-06
17.385 -0.436332 -0.438209 0.00187661 4.21799 -5.21439e-05 0.00389499 -5.40291e-05 -0.438209 -5.05862e-05 1.57061 -1.24197e-06
17.386 -0.436332 -0.438201 0.00186823 4.21642 -5.19109e-05 0.00387758 -5.37878e-05 -0.438201 -5.036e-05 1.57061 -1.23654e-06
17.387 -0.436332 -0.438192 0.00185981 4.21485 -5.16773e-05 0.00386012 -5.35458e-05 -0.438192 -5.01332e-05 1.57062 -1.23109e-06
17.388 -0.436332 -0.438184 0.00185138 4.21328 -5.14431e-05 0.00384261 -5.33031e-05 -0.438184 -4.99057e-05 1.57062 -1.22564e-06
17.389 -0.436332 -0.438175 0.00184292 4.21171 -5.12083e-05 0.00382505 -5.30598e-05 -0.438175 -4.96777e-05 1.57062 -1.22016e-06
17.39 -0.436332 -0.438167 0.00183444 4.21014 -5.09728e-05 0.00380745 -5.28159e-05 -0.438167 -4.9449e-05 1.57062 -1.21468e-06
17.391 -0.436332 -0.438158 0.00182594 4.20856 -5.07367e-05 0.0037898 -5.25713e-05 -0.438158 -4.92197e-05 1.57062 -1.20918e-06
17.392 -0.436332 -0.43815 0.00181741 4.20699 -5.05e-05 0.0037721 -5.23261e-05 -0.43815 -4.89898e-05 1.57062 -1.20367e-06
17.393 -0.436332 -0.438141 0.00180887 4.20541 -5.02627e-05 0.00375436 -5.20802e-05 -0.438141 -4.87593e-05 1.57062 -1.19814e-06
17.394 -0.436332 -0.438133 0.0018003 4.20384 -5.00248e-05 0.00373658 -5.18338e-05 -0.438133 -4.85283e-05 1.57062 -1.1926e-06
17.395 -0.436332 -0.438124 0.00179171 4.20226 -4.97863e-05 0.00371875 -5.15867e-05 -0.438124 -4.82967e-05 1.57062 -1.18705e-06
17.396 -0.436332 -0.438115 0.0017831 4.20068 -4.95472e-05 0.00370088 -5.1339e-05 -0.438115 -4.80645e-05 1.57062 -1.18148e-06
17.397 -0.436332 -0.438107 0.00177447 4.19911 -4.93076e-05 0.00368296 -5.10908e-05 -0.438107 -4.78317e-05 1.57062 -1.1759e-06
17.398 -0.436332 -0.438098 0.00176582 4.19753 -4.90674e-05 0.003665 -5.08419e-05 -0.438098 -4.75984e-05 1.57062 -1.17031e-06
17.399 -0.436332 -0.438089 0.00175715 4.19595 -4.88266e-05 0.003647 -5.05925e-05 -0.438089 -4.73646e-05 1.57063 -1.16471e-06
17.4 -0.436332 -0.438081 0.00174846 4.19437 -4.85853e-05 0.00362896 -5.03425e-05 -0.438081 -4.71302e-05 1.57063 -1.15909e-06
17.401 -0.436332 -0.438072 0.00173974 4.19279 -4.83434e-05 0.00361088 -5.00919e-05 -0.438072 -4.68953e-05 1.57063 -1.15346e-06
17.402 -0.436332 -0.438063 0.00173101 4.19121 -4.8101e-05 0.00359276 -4.98408e-05 -0.438063 -4.66599e-05 1.57063 -1.14782e-06
17.403 -0.436332 -0.438055 0.00172226 4.18963 -4.78581e-05 0.0035746 -4.95892e-05 -0.438055 -4.64239e-05 1.57063 -1.14217e-06
17.404 -0.436332 -0.438046 0.0017135 4.18805 -4.76147e-05 0.0035564 -4.9337e-05 -0.438046 -4.61875e-05 1.57063 -1.1365e-06
17.405 -0.436332 -0.438037 0.00170471 4.18647 -4.73707e-05 0.00353816 -4.90842e-05 -0.438037 -4.59505e-05 1.57063 -1.13083e-06
17.406 -0.436332 -0.438028 0.0016959 4.18489 -4.71262e-05 0.00351988 -4.8831e-05 -0.438028 -4.57131e-05 1.57063 -1.12514e-06
17.407 -0.436332 -0.438019 0.00168708 4.18331 -4.68813e-05 0.00350156 -4.85772e-05 -0.438019 -4.54752e-05 1.57063 -1.11944e-06
17.408 -0.436332 -0.438011 0.00167824 4.18172 -4.66358e-05 0.00348321 -4.83229e-05 -0.438011 -4.52368e-05 1.57063 -1.11373e-06
17.409 -0.436332 -0.438002 0.00166938 4.18014 -4.63899e-05 0.00346483 -4.80681e-05 -0.438002 -4.49979e-05 1.57063 -1.10801e-06
17.41 -0.436332 -0.437993 0.00166051 4.17856 -4.61435e-05 0.0034464 -4.78129e-05 -0.437993 -4.47585e-05 1.57064 -1.10228e-06
17.411 -0.436332 -0.437984 0.00165161 4.17698 -4.58966e-05 0.00342794 -4.75571e-05 -0.437984 -4.45187e-05 1.57064 -1.09654e-06
17.412 -0.436332 -0.437975 0.0016427 4.1754 -4.56492e-05 0.00340945 -4.73009e-05 -0.437975 -4.42785e-05 1.57064 -1.09079e-06
17.413 -0.436332 -0.437966 0.00163378 4.17382 -4.54014e-05 0.00339092 -4.70441e-05 -0.437966 -4.40378e-05 1.57064 -1.08503e-06
17.414 -0.436332 -0.437957 0.00162484 4.17223 -4.51532e-05 0.00337236 -4.6787e-05 -0.437957 -4.37967e-05 1.57064 -1.07925e-06
17.415 -0.436332 -0.437948 0.00161588 4.17065 -4.49045e-05 0.00335377 -4.65293e-05 -0.437948 -4.35551e-05 1.57064 -1.07347e-06
17.416 -0.436332 -0.437939 0.00160691 4.16907 -4.46554e-05 0.00333514 -4.62713e-05 -0.437939 -4.33131e-05 1.57064 -1.06768e-06
17.417 -0.436332 -0.43793 0.00159792 4.16749 -4.44058e-05 0.00331648 -4.60127e-05 -0.43793 -4.30707e-05 1.57064 -1.06188e-06
17.418 -0.436332 -0.437921 0.00158891 4.16591 -4.41559e-05 0.00329779 -4.57538e-05 -0.437921 -4.28279e-05 1.57064 -1.05606e-06
17.419 -0.436332 -0.437912 0.0015799 4.16433 -4.39055e-05 0.00327907 -4.54944e-05 -0.437912 -4.25847e-05 1.57064 -1.05024e-06
17.42 -0.436332 -0.437903 0.00157086 4.16275 -4.36547e-05 0.00326032 -4.52346e-05 -0.437903 -4.23411e-05 1.57064 -1.04441e-06
17.421 -0.436332 -0.437894 0.00156182 4.16117 -4.34035e-05 0.00324154 -4.49744e-05 -0.437894 -4.20972e-05 1.57064 -1.03857e-06
17.422 -0.436332 -0.437885 0.00155275 4.15959 -4.3152e-05 0.00322273 -4.47138e-05 -0.437885 -4.18528e-05 1.57065 -1.03273e-06
17.423 -0.436332 -0.437876 0.00154368 4.15801 -4.29e-05 0.0032039 -4.44528e-05 -0.437876 -4.16081e-05 1.57065 -1.02687e-06
17.424 -0.436332 -0.437867 0.00153459 4.15643 -4.26477e-05 0.00318503 -4.41914e-05 -0.437867 -4.1363e-05 1.57065 -1.021e-06
17.425 -0.436332 -0.437858 0.00152549 4.15485 -4.2395e-05 0.00316614 -4.39297e-05 -0.437858 -4.11175e-05 1.57065 -1.01513e-06
17.426 -0.436332 -0.437849 0.00151637 4.15328 -4.2142e-05 0.00314722 -4.36675e-05 -0.437849 -4.08717e-05 1.57065 -1.00925e-06
17.427 -0.436332 -0.43784 0.00150725 4.1517 -4.18886e-05 0.00312827 -4.3405e-05 -0.43784 -4.06256e-05 1.57065 -1.00336e-06
17.428 -0.436332 -0.43783 0.00149811 4.15012 -4.16348e-05 0.0031093 -4.31421e-05 -0.43783 -4.03791e-05 1.57065 -9.9746e-07
17.429 -0.436332 -0.437821 0.00148895 4.14855 -4.13807e-05 0.0030903 -4.28789e-05 -0.437821 -4.01323e-05 1.57065 -9.91554e-07
17.43 -0.436332 -0.437812 0.00147979 4.14697 -4.11263e-05 0.00307128 -4.26154e-05 -0.437812 -3.98852e-05 1.57065 -9.85641e-07
17.431 -0.436332 -0.437803 0.00147061 4.1454 -4.08716e-05 0.00305223 -4.23515e-05 -0.437803 -3.96377e-05 1.57065 -9.7972e-07
17.432 -0.436332 -0.437794 0.00146143 4.14382 -4.06165e-05 0.00303316 -4.20873e-05 -0.437794 -3.939e-05 1.57065 -9.73792e-07
17.433 -0.436332 -0.437785 0.00145223 4.14225 -4.03612e-05 0.00301407 -4.18227e-05 -0.437785 -3.91419e-05 1.57066 -9.67857e-07
17.434 -0.436332 -0.437775 0.00144302 4.14068 -4.01055e-05 0.00299495 -4.15579e-05 -0.437775 -3.88936e-05 1.57066 -9.61915e-07
17.435 -0.436332 -0.437766 0.0014338 4.13911 -3.98495e-05 0.00297581 -4.12927e-05 -0.437766 -3.8645e-05 1.57066 -9.55965e-07
17.436 -0.436332 -0.437757 0.00142457 4.13754 -3.95933e-05 0.00295665 -4.10272e-05 -0.437757 -3.8396e-05 1.57066 -9.5001e-07
17.437 -0.436332 -0.437748 0.00141533 4.13597 -3.93368e-05 0.00293747 -4.07615e-05 -0.437748 -3.81469e-05 1.57066 -9.44047e-07
17.438 -0.436332 -0.437738 0.00140608 4.1344 -3.90799e-05 0.00291827 -4.04955e-05 -0.437738 -3.78974e-05 1.57066 -9.38079e-07
17.439 -0.436332 -0.437729 0.00139682 4.13283 -3.88229e-05 0.00289905 -4.02292e-05 -0.437729 -3.76477e-05 1.57066 -9.32104e-07
17.44 -0.436332 -0.43772 0.00138755 4.13127 -3.85655e-05 0.0028798 -3.99626e-05 -0.43772 -3.73977e-05 1.57066 -9.26123e-07
17.441 -0.436332 -0.437711 0.00137827 4.1297 -3.8308e-05 0.00286054 -3.96957e-05 -0.437711 -3.71475e-05 1.57066 -9.20136e-07
17.442 -0.436332 -0.437701 0.00136898 4.12814 -3.80501e-05 0.00284127 -3.94286e-05 -0.437701 -3.68971e-05 1.57066 -9.14143e-07
17.443 -0.436332 -0.437692 0.00135969 4.12658 -3.7792e-05 0.00282197 -3.91613e-05 -0.437692 -3.66464e-05 1.57066 -9.08145e-07
17.444 -0.436332 -0.437683 0.00135038 4.12502 -3.75337e-05 0.00280266 -3.88937e-05 -0.437683 -3.63955e-05 1.57067 -9.02141e-07
17.445 -0.436332 -0.437673 0.00134107 4.12346 -3.72752e-05 0.00278333 -3.86259e-05 -0.437673 -3.61443e-05 1.57067 -8.96132e-07
17.446 -0.436332 -0.437664 0.00133175 4.1219 -3.70165e-05 0.00276398 -3.83579e-05 -0.437664 -3.5893e-05 1.57067 -8.90118e-07
17.447 -0.436332 -0.437655 0.00132242 4.12034 -3.67575e-05 0.00274462 -3.80896e-05 -0.437655 -3.56415e-05 1.57067 -8.84099e-07
17.448 -0.436332 -0.437645 0.00131309 4.11878 -3.64983e-05 0.00272524 -3.78211e-05 -0.437645 -3.53897e-05 1.57067 -8.78075e-07
17.449 -0.436332 -0.437636 0.00130374 4.11723 -3.6239e-05 0.00270585 -3.75525e-05 -0.437636 -3.51378e-05 1.57067 -8.72046e-07
17.45 -0.436332 -0.437627 0.00129439 4.11567 -3.59794e-05 0.00268644 -3.72836e-05 -0.437627 -3.48857e-05 1.57067 -8.66013e-07
17.451 -0.436332 -0.437617 0.00128504 4.11412 -3.57197e-05 0.00266702 -3.70145e-05 -0.437617 -3.46334e-05 1.57067 -8.59975e-07
17.452 -0.436332 -0.437608 0.00127568 4.11257 -3.54598e-05 0.00264759 -3.67453e-05 -0.437608 -3.43809e-05 1.57067 -8.53934e-07
17.453 -0.436332 -0.437599 0.00126631 4.11102 -3.51997e-05 0.00262814 -3.64759e-05 -0.437599 -3.41283e-05 1.57067 -8.47888e-07
17.454 -0.436332 -0.437589 0.00125693 4.10948 -3.49395e-05 0.00260868 -3.62063e-05 -0.437589 -3.38755e-05 1.57067 -8.41838e-07
17.455 -0.436332 -0.43758 0.00124755 4.10793 -3.46791e-05 0.00258921 -3.59365e-05 -0.43758 -3.36226e-05 1.57068 -8.35784e-07
17.456 -0.436332 -0.43757 0.00123817 4.10639 -3.44185e-05 0.00256973 -3.56666e-05 -0.43757 -3.33695e-05 1.57068 -8.29727e-07
17.457 -0.436332 -0.437561 0.00122878 4.10484 -3.41578e-05 0.00255024 -3.53966e-05 -0.437561 -3.31163e-05 1.57068 -8.23666e-07
17.458 -0.436332 -0.437552 0.00121938 4.1033 -3.3897e-05 0.00253074 -3.51264e-05 -0.437552 -3.28629e-05 1.57068 -8.17602e-07
17.459 -0.436332 -0.437542 0.00120999 4.10176 -3.3636e-05 0.00251123 -3.48561e-05 -0.437542 -3.26094e-05 1.57068 -8.11534e-07
17.46 -0.436332 -0.437533 0.00120058 4.10023 -3.3375e-05 0.00249171 -3.45856e-05 -0.437533 -3.23558e-05 1.57068 -8.05464e-07
17.461 -0.436332 -0.437523 0.00119117 4.09869 -3.31138e-05 0.00247218 -3.4315e-05 -0.437523 -3.21021e-05 1.57068 -7.99391e-07
17.462 -0.436332 -0.437514 0.00118176 4.09716 -3.28525e-05 0.00245264 -3.40444e-05 -0.437514 -3.18483e-05 1.57068 -7.93315e-07
17.463 -0.436332 -0.437505 0.00117235 4.09563 -3.25911e-05 0.0024331 -3.37736e-05 -0.437505 -3.15944e-05 1.57068 -7.87236e-07
17.464 -0.436332 -0.437495 0.00116293 4.0941 -3.23296e-05 0.00241355 -3.35027e-05 -0.437495 -3.13404e-05 1.57068 -7.81155e-07
17.465 -0.436332 -0.437486 0.00115351 4.09257 -3.2068e-05 0.00239399 -3.32317e-05 -0.437486 -3.10863e-05 1.57068 -7.75072e-07
17.466 -0.436332 -0.437476 0.00114408 4.09104 -3.18063e-05 0.00237443 -3.29607e-05 -0.437476 -3.08322e-05 1.57069 -7.68986e-07
17.467 -0.436332 -0.437467 0.00113465 4.08952 -3.15446e-05 0.00235486 -3.26895e-05 -0.437467 -3.0578e-05 1.57069 -7.62899e-07
17.468 -0.436332 -0.437458 0.00112522 4.088 -3.12828e-05 0.00233528 -3.24183e-05 -0.437458 -3.03237e-05 1.57069 -7.56809e-07
17.469 -0.436332 -0.437448 0.00111579 4.08648 -3.10209e-05 0.00231571 -3.2147e-05 -0.437448 -3.00693e-05 1.57069 -7.50718e-07
17.47 -0.436332 -0.437439 0.00110636 4.08496 -3.0759e-05 0.00229612 -3.18757e-05 -0.437439 -2.98149e-05 1.57069 -7.44626e-07
17.471 -0.436332 -0.437429 0.00109692 4.08344 -3.0497e-05 0.00227654 -3.16043e-05 -0.437429 -2.95605e-05 1.57069 -7.38532e-07
17.472 -0.436332 -0.43742 0.00108748 4.08193 -3.0235e-05 0.00225695 -3.13329e-05 -0.43742 -2.9306e-05 1.57069 -7.32436e-07
17.473 -0.436332 -0.43741 0.00107805 4.08042 -2.99729e-05 0.00223736 -3.10615e-05 -0.43741 -2.90514e-05 1.57069 -7.2634e-07
17.474 -0.436332 -0.437401 0.00106861 4.07891 -2.97108e-05 0.00221776 -3.079e-05 -0.437401 -2.87969e-05 1.57069 -7.20242e-07
17.475 -0.436332 -0.437391 0.00105917 4.0774 -2.94487e-05 0.00219817 -3.05185e-05 -0.437391 -2.85423e-05 1.57069 -7.14144e-07
17.476 -0.436332 -0.437382 0.00104973 4.0759 -2.91866e-05 0.00217857 -3.0247e-05 -0.437382 -2.82877e-05 1.57069 -7.08045e-07
17.477 -0.436332 -0.437373 0.00104028 4.07439 -2.89245e-05 0.00215897 -2.99754e-05 -0.437373 -2.80331e-05 1.5707 -7.01946e-07
17.478 -0.436332 -0.437363 0.00103084 4.07289 -2.86623e-05 0.00213938 -2.97039e-05 -0.437363 -2.77785e-05 1.5707 -6.95846e-07
17.479 -0.436332 -0.437354 0.0010214 4.0714 -2.84002e-05 0.00211978 -2.94324e-05 -0.437354 -2.7524e-05 1.5707 -6.89746e-07
17.48 -0.436332 -0.437344 0.00101196 4.0699 -2.81381e-05 0.00210018 -2.91608e-05 -0.437344 -2.72694e-05 1.5707 -6.83645e-07
17.481 -0.436332 -0.437335 0.00100252 4.06841 -2.7876e-05 0.00208059 -2.88893e-05 -0.437335 -2.70148e-05 1.5707 -6.77545e-07
17.482 -0.436332 -0.437325 0.000993084 4.06692 -2.76139e-05 0.002061 -2.86179e-05 -0.437325 -2.67603e-05 1.5707 -6.71445e-07
17.483 -0.436332 -0.437316 0.000983646 4.06543 -2.73519e-05 0.00204141 -2.83464e-05 -0.437316 -2.65058e-05 1.5707 -6.65345e-07
17.484 -0.436332 -0.437307 0.00097421 4.06394 -2.70899e-05 0.00202182 -2.8075e-05 -0.437307 -2.62513e-05 1.5707 -6.59246e-07
17.485 -0.436332 -0.437297 0.000964775 4.06246 -2.68279e-05 0.00200224 -2.78037e-05 -0.437297 -2.59969e-05 1.5707 -6.53147e-07
17.486 -0.436332 -0.437288 0.000955342 4.06098 -2.6566e-05 0.00198266 -2.75323e-05 -0.437288 -2.57425e-05 1.5707 -6.47049e-07
17.487 -0.436332 -0.437278 0.000945911 4.0595 -2.63041e-05 0.00196308 -2.72611e-05 -0.437278 -2.54882e-05 1.5707 -6.40952e-07
17.488 -0.436332 -0.437269 0.000936482 4.05803 -2.60423e-05 0.00194351 -2.69899e-05 -0.437269 -2.52339e-05 1.57071 -6.34856e-07
17.489 -0.436332 -0.437259 0.000927056 4.05655 -2.57806e-05 0.00192394 -2.67188e-05 -0.437259 -2.49797e-05 1.57071 -6.28761e-07
17.49 -0.436332 -0.43725 0.000917633 4.05508 -2.55189e-05 0.00190438 -2.64477e-05 -0.43725 -2.47256e-05 1.57071 -6.22667e-07
17.491 -0.436332 -0.437241 0.000908212 4.05362 -2.52573e-05 0.00188483 -2.61768e-05 -0.437241 -2.44716e-05 1.57071 -6.16575e-07
17.492 -0.436332 -0.437231 0.000898795 4.05215 -2.49958e-05 0.00186528 -2.59059e-05 -0.437231 -2.42176e-05 1.57071 -6.10485e-07
17.493 -0.436332 -0.437222 0.000889381 4.05069 -2.47344e-05 0.00184574 -2.56351e-05 -0.437222 -2.39638e-05 1.57071 -6.04396e-07
17.494 -0.436332 -0.437212 0.000879971 4.04923 -2.44731e-05 0.00182621 -2.53644e-05 -0.437212 -2.371e-05 1.57071 -5.98309e-07
17.495 -0.436332 -0.437203 0.000870564 4.04778 -2.42119e-05 0.00180668 -2.50939e-05 -0.437203 -2.34563e-05 1.57071 -5.92224e-07
17.496 -0.436332 -0.437193 0.000861162 4.04632 -2.39508e-05 0.00178716 -2.48234e-05 -0.437193 -2.32028e-05 1.57071 -5.86141e-07
17.497 -0.436332 -0.437184 0.000851764 4.04487 -2.36898e-05 0.00176766 -2.45531e-05 -0.437184 -2.29494e-05 1.57071 -5.8006e-07
17.498 -0.436332 -0.437175 0.00084237 4.04343 -2.3429e-05 0.00174816 -2.42829e-05 -0.437175 -2.2696e-05 1.57071 -5.73982e-07
17.499 -0.436332 -0.437165 0.000832981 4.04198 -2.31683e-05 0.00172867 -2.40128e-05 -0.437165 -2.24429e-05 1.57072 -5.67906e-07
17.5 -0.436332 -0.437156 0.000823597 4.04054 -2.29077e-05 0.00170919 -2.37429e-05 -0.437156 -2.21898e-05 1.57072 -5.61833e-07
17.501 -0.436332 -0.437147 0.000814218 4.0391 -2.26472e-05 0.00168972 -2.34731e-05 -0.437147 -2.19369e-05 1.57072 -5.55763e-07
17.502 -0.436332 -0.437137 0.000804845 4.03767 -2.23869e-05 0.00167027 -2.32035e-05 -0.437137 -2.16841e-05 1.57072 -5.49696e-07
17.503 -0.436332 -0.437128 0.000795477 4.03624 -2.21268e-05 0.00165082 -2.2934e-05 -0.437128 -2.14315e-05 1.57072 -5.43632e-07
17.504 -0.436332 -0.437118 0.000786115 4.03481 -2.18668e-05 0.00163139 -2.26647e-05 -0.437118 -2.1179e-05 1.57072 -5.37571e-07
17.505 -0.436332 -0.437109 0.00077676 4.03338 -2.1607e-05 0.00161197 -2.23956e-05 -0.437109 -2.09267e-05 1.57072 -5.31513e-07
17.506 -0.436332 -0.4371 0.00076741 4.03196 -2.13473e-05 0.00159256 -2.21267e-05 -0.4371 -2.06746e-05 1.57072 -5.25459e-07
17.507 -0.436332 -0.43709 0.000758067 4.03054 -2.10879e-05 0.00157317 -2.18579e-05 -0.43709 -2.04227e-05 1.57072 -5.19409e-07
17.508 -0.436332 -0.437081 0.00074873 4.02912 -2.08286e-05 0.00155379 -2.15893e-05 -0.437081 -2.01709e-05 1.57072 -5.13362e-07
17.509 -0.436332 -0.437072 0.000739401 4.02771 -2.05695e-05 0.00153442 -2.1321e-05 -0.437072 -1.99193e-05 1.57072 -5.07319e-07
17.51 -0.436332 -0.437062 0.000730078 4.0263 -2.03106e-05 0.00151507 -2.10528e-05 -0.437062 -1.96679e-05 1.57073 -5.01281e-07
17.511 -0.436332 -0.437053 0.000720763 4.02489 -2.00519e-05 0.00149574 -2.07848e-05 -0.437053 -1.94167e-05 1.57073 -4.95246e-07
17.512 -0.436332 -0.437044 0.000711455 4.02349 -1.97934e-05 0.00147642 -2.05171e-05 -0.437044 -1.91657e-05 1.57073 -4.89216e-07
17.513 -0.436332 -0.437034 0.000702155 4.02209 -1.95351e-05 0.00145711 -2.02495e-05 -0.437034 -1.89149e-05 1.57073 -4.8319e-07
17.514 -0.436332 -0.437025 0.000692863 4.02069 -1.92771e-05 0.00143782 -1.99822e-05 -0.437025 -1.86644e-05 1.57073 -4.77169e-07
17.515 -0.436332 -0.437016 0.00068358 4.0193 -1.90192e-05 0.00141855 -1.97151e-05 -0.437016 -1.8414e-05 1.57073 -4.71152e-07
17.516 -0.436332 -0.437007 0.000674304 4.01791 -1.87616e-05 0.0013993 -1.94483e-05 -0.437007 -1.81639e-05 1.57073 -4.6514e-07
17.517 -0.436332 -0.436997 0.000665037 4.01652 -1.85042e-05 0.00138007 -1.91817e-05 -0.436997 -1.7914e-05 1.57073 -4.59133e-07
17.518 -0.436332 -0.436988 0.000655779 4.01514 -1.82471e-05 0.00136085 -1.89154e-05 -0.436988 -1.76643e-05 1.57073 -4.53132e-07
17.519 -0.436332 -0.436979 0.00064653 4.01376 -1.79902e-05 0.00134165 -1.86493e-05 -0.436979 -1.74149e-05 1.57073 -4.47135e-07
17.52 -0.436332 -0.43697 0.00063729 4.01239 -1.77336e-05 0.00132247 -1.83835e-05 -0.43697 -1.71657e-05 1.57073 -4.41144e-07
17.521 -0.436332 -0.43696 0.00062806 4.01101 -1.74772e-05 0.00130331 -1.81179e-05 -0.43696 -1.69168e-05 1.57074 -4.35158e-07
17.522 -0.436332 -0.436951 0.000618839 4.00964 -1.72211e-05 0.00128417 -1.78526e-05 -0.436951 -1.66682e-05 1.57074 -4.29178e-07
17.523 -0.436332 -0.436942 0.000609628 4.00828 -1.69652e-05 0.00126505 -1.75876e-05 -0.436942 -1.64198e-05 1.57074 -4.23203e-07
17.524 -0.436332 -0.436933 0.000600426 4.00692 -1.67097e-05 0.00124595 -1.73229e-05 -0.436933 -1.61716e-05 1.57074 -4.17235e-07
17.525 -0.436332 -0.436924 0.000591235 4.00556 -1.64544e-05 0.00122688 -1.70585e-05 -0.436924 -1.59238e-05 1.57074 -4.11272e-07
17.526 -0.436332 -0.436914 0.000582055 4.0042 -1.61994e-05 0.00120782 -1.67944e-05 -0.436914 -1.56762e-05 1.57074 -4.05316e-07
17.527 -0.436332 -0.436905 0.000572885 4.00285 -1.59447e-05 0.00118879 -1.65306e-05 -0.436905 -1.5429e-05 1.57074 -3.99365e-07
17.528 -0.436332 -0.436896 0.000563726 4.00151 -1.56903e-05 0.00116977 -1.6267e-05 -0.436896 -1.5182e-05 1.57074 -3.93421e-07
17.529 -0.436332 -0.436887 0.000554578 4.00016 -1.54362e-05 0.00115079 -1.60038e-05 -0.436887 -1.49353e-05 1.57074 -3.87484e-07
17.53 -0.436332 -0.436878 0.000545441 3.99882 -1.51824e-05 0.00113182 -1.5741e-05 -0.436878 -1.46889e-05 1.57074 -3.81553e-07
17.531 -0.436332 -0.436869 0.000536315 3.99749 -1.49289e-05 0.00111288 -1.54784e-05 -0.436869 -1.44428e-05 1.57074 -3.75629e-07
17.532 -0.436332 -0.43686 0.000527201 3.99615 -1.46757e-05 0.00109396 -1.52162e-05 -0.43686 -1.4197e-05 1.57075 -3.69712e-07
17.533 -0.436332 -0.43685 0.000518099 3.99483 -1.44229e-05 0.00107507 -1.49543e-05 -0.43685 -1.39516e-05 1.57075 -3.63801e-07
17.534 -0.436332 -0.436841 0.000509009 3.9935 -1.41704e-05 0.0010562 -1.46927e-05 -0.436841 -1.37064e-05 1.57075 -3.57898e-07
17.535 -0.436332 -0.436832 0.00049993 3.99218 -1.39182e-05 0.00103736 -1.44315e-05 -0.436832 -1.34616e-05 1.57075 -3.52002e-07
17.536 -0.436332 -0.436823 0.000490865 3.99086 -1.36663e-05 0.00101854 -1.41707e-05 -0.436823 -1.32172e-05 1.57075 -3.46113e-07
17.537 -0.436332 -0.436814 0.000481812 3.98955 -1.34149e-05 0.000999747 -1.39102e-05 -0.436814 -1.2973e-05 1.57075 -3.40232e-07
17.538 -0.436332 -0.436805 0.000472771 3.98824 -1.31637e-05 0.000980982 -1.36501e-05 -0.436805 -1.27292e-05 1.57075 -3.34358e-07
17.539 -0.436332 -0.436796 0.000463744 3.98694 -1.29129e-05 0.000962244 -1.33903e-05 -0.436796 -1.24858e-05 1.57075 -3.28493e-07
17.54 -0.436332 -0.436787 0.000454729 3.98564 -1.26625e-05 0.000943533 -1.31309e-05 -0.436787 -1.22427e-05 1.57075 -3.22634e-07
17.541 -0.436332 -0.436778 0.000445728 3.98434 -1.24125e-05 0.00092485 -1.28719e-05 -0.436778 -1.2e-05 1.57075 -3.16784e-07
17.542 -0.436332 -0.436769 0.00043674 3.98305 -1.21628e-05 0.000906194 -1.26133e-05 -0.436769 -1.17576e-05 1.57075 -3.10942e-07
17.543 -0.436332 -0.43676 0.000427766 3.98176 -1.19135e-05 0.000887567 -1.23551e-05 -0.43676 -1.15156e-05 1.57076 -3.05108e-07
17.544 -0.436332 -0.436751 0.000418806 3.98047 -1.16645e-05 0.000868969 -1.20973e-05 -0.436751 -1.1274e-05 1.57076 -2.99283e-07
17.545 -0.436332 -0.436742 0.00040986 3.97919 -1.1416e-05 0.0008504 -1.18398e-05 -0.436742 -1.10328e-05 1.57076 -2.93466e-07
17.546 -0.436332 -0.436733 0.000400928 3.97792 -1.11678e-05 0.00083186 -1.15828e-05 -0.436733 -1.07919e-05 1.57076 -2.87657e-07
17.547 -0.436332 -0.436724 0.000392011 3.97664 -1.09201e-05 0.000813351 -1.13262e-05 -0.436724 -1.05514e-05 1.57076 -2.81857e-07
17.548 -0.436332 -0.436715 0.000383108 3.97537 -1.06728e-05 0.000794872 -1.107e-05 -0.436715 -1.03114e-05 1.57076 -2.76066e-07
17.549 -0.436332 -0.436707 0.00037422 3.97411 -1.04258e-05 0.000776423 -1.08143e-05 -0.436707 -1.00717e-05 1.57076 -2.70284e-07
17.55 -0.436332 -0.436698 0.000365347 3.97285 -1.01793e-05 0.000758005 -1.05589e-05 -0.436698 -9.83241e-06 1.57076 -2.6451e-07
17.551 -0.436332 -0.436689 0.000356489 3.97159 -9.93318e-06 0.000739619 -1.0304e-05 -0.436689 -9.59354e-06 1.57076 -2.58746e-07
17.552 -0.436332 -0.43668 0.000347646 3.97034 -9.68749e-06 0.000721265 -1.00495e-05 -0.43668 -9.35509e-06 1.57076 -2.52991e-07
17.553 -0.436332 -0.436671 0.000338819 3.96909 -9.44223e-06 0.000702943 -9.79552e-06 -0.436671 -9.11705e-06 1.57076 -2.47245e-07
17.554 -0.436332 -0.436662 0.000330007 3.96785 -9.1974e-06 0.000684653 -9.54194e-06 -0.436662 -8.87944e-06 1.57076 -2.41509e-07
17.555 -0.436332 -0.436654 0.000321211 3.96661 -8.95301e-06 0.000666396 -9.28881e-06 -0.436654 -8.64225e-06 1.57077 -2.35783e-07
17.556 -0.436332 -0.436645 0.000312432 3.96538 -8.70906e-06 0.000648172 -9.03614e-06 -0.436645 -8.40549e-06 1.57077 -2.30066e-07
17.557 -0.436332 -0.436636 0.000303668 3.96415 -8.46556e-06 0.000629982 -8.78394e-06 -0.436636 -8.16918e-06 1.57077 -2.24359e-07
17.558 -0.436332 -0.436627 0.000294921 3.96292 -8.22251e-06 0.000611826 -8.5322e-06 -0.436627 -7.9333e-06 1.57077 -2.18662e-07
17.559 -0.436332 -0.436619 0.00028619 3.9617 -7.97991e-06 0.000593705 -8.28094e-06 -0.436619 -7.69787e-06 1.57077 -2.12975e-07
17.56 -0.436332 -0.43661 0.000277476 3.96048 -7.73778e-06 0.000575618 -8.03015e-06 -0.43661 -7.46288e-06 1.57077 -2.07298e-07
17.561 -0.436332 -0.436601 0.000268779 3.95927 -7.49611e-06 0.000557566 -7.77985e-06 -0.436601 -7.22836e-06 1.57077 -2.01631e-07
17.562 -0.436332 -0.436592 0.000260099 3.95806 -7.25491e-06 0.000539549 -7.53003e-06 -0.436592 -6.99429e-06 1.57077 -1.95975e-07
17.563 -0.436332 -0.436584 0.000251436 3.95686 -7.01419e-06 0.000521568 -7.28071e-06 -0.436584 -6.76069e-06 1.57077 -1.90329e-07
17.564 -0.436332 -0.436575 0.000242791 3.95566 -6.77395e-06 0.000503624 -7.03189e-06 -0.436575 -6.52756e-06 1.57077 -1.84693e-07
17.565 -0.436332 -0.436566 0.000234163 3.95446 -6.53419e-06 0.000485715 -6.78356e-06 -0.436566 -6.29489e-06 1.57077 -1.79069e-07
17.566 -0.436332 -0.436558 0.000225553 3.95327 -6.29492e-06 0.000467844 -6.53575e-06 -0.436558 -6.06271e-06 1.57077 -1.73455e-07
17.567 -0.436332 -0.436549 0.00021696 3.95208 -6.05614e-06 0.000450009 -6.28844e-06 -0.436549 -5.83101e-06 1.57078 -1.67852e-07
17.568 -0.436332 -0.436541 0.000208386 3.9509 -5.81786e-06 0.000432212 -6.04165e-06 -0.436541 -5.5998e-06 1.57078 -1.6226e-07
17.569 -0.436332 -0.436532 0.00019983 3.94972 -5.58009e-06 0.000414453 -5.79539e-06 -0.436532 -5.36907e-06 1.57078 -1.56679e-07
17.57 -0.436332 -0.436524 0.000191292 3.94855 -5.34282e-06 0.000396732 -5.54964e-06 -0.436524 -5.13884e-06 1.57078 -1.5111e-07
17.571 -0.436332 -0.436515 0.000182773 3.94738 -5.10607e-06 0.000379049 -5.30443e-06 -0.436515 -4.90912e-06 1.57078 -1.45551e-07
17.572 -0.436332 -0.436507 0.000174273 3.94622 -4.86983e-06 0.000361405 -5.05976e-06 -0.436507 -4.67989e-06 1.57078 -1.40004e-07
17.573 -0.436332 -0.436498 0.000165791 3.94506 -4.63411e-06 0.000343801 -4.81562e-06 -0.436498 -4.45117e-06 1.57078 -1.34469e-07
17.574 -0.436332 -0.43649 0.000157328 3.94391 -4.39891e-06 0.000326235 -4.57203e-06 -0.43649 -4.22297e-06 1.57078 -1.28945e-07
17.575 -0.436332 -0.436481 0.000148885 3.94276 -4.16425e-06 0.00030871 -4.32899e-06 -0.436481 -3.99528e-06 1.57078 -1.23434e-07
17.576 -0.436332 -0.436473 0.000140461 3.94161 -3.93012e-06 0.000291225 -4.0865e-06 -0.436473 -3.76812e-06 1.57078 -1.17934e-07
17.577 -0.436332 -0.436464 0.000132056 3.94047 -3.69652e-06 0.00027378 -3.84456e-06 -0.436464 -3.54148e-06 1.57078 -1.12445e-07
17.578 -0.436332 -0.436456 0.000123671 3.93933 -3.46347e-06 0.000256376 -3.60319e-06 -0.436456 -3.31537e-06 1.57078 -1.06969e-07
17.579 -0.436332 -0.436448 0.000115305 3.9382 -3.23097e-06 0.000239013 -3.36239e-06 -0.436448 -3.08979e-06 1.57079 -1.01505e-07
17.58 -0.436332 -0.436439 0.00010696 3.93708 -2.99901e-06 0.000221691 -3.12216e-06 -0.436439 -2.86475e-06 1.57079 -9.60538e-08
17.581 -0.436332 -0.436431 9.86349e-05 3.93595 -2.76762e-06 0.000204411 -2.8825e-06 -0.436431 -2.64025e-06 1.57079 -9.06145e-08
17.582 -0.436332 -0.436423 9.03298e-05 3.93484 -2.53678e-06 0.000187173 -2.64342e-06 -0.436423 -2.4163e-06 1.57079 -8.51877e-08
17.583 -0.436332 -0.436414 8.20452e-05 3.93372 -2.3065e-06 0.000169977 -2.40493e-06 -0.436414 -2.1929e-06 1.57079 -7.97734e-08
17.584 -0.436332 -0.436406 7.37811e-05 3.93262 -2.0768e-06 0.000152825 -2.16702e-06 -0.436406 -1.97005e-06 1.57079 -7.43718e-08
17.585 -0.436332 -0.436398 6.55377e-05 3.93151 -1.84766e-06 0.000135715 -1.92971e-06 -0.436398 -1.74776e-06 1.57079 -6.8983e-08
17.586 -0.436332 -0.43639 5.73152e-05 3.93042 -1.6191e-06 0.000118648 -1.693e-06 -0.43639 -1.52603e-06 1.57079 -6.36069e-08
17.587 -0.436332 -0.436381 4.91136e-05 3.92932 -1.39112e-06 0.000101625 -1.45688e-06 -0.436381 -1.30487e-06 1.57079 -5.82439e-08
17.588 -0.436332 -0.436373 4.09332e-05 3.92823 -1.16373e-06 8.46455e-05 -1.22138e-06 -0.436373 -1.08428e-06 1.57079 -5.28939e-08
17.589 -0.436332 -0.436365 3.2774e-05 3.92715 -9.36922e-07 6.77104e-05 -9.86478e-07 -0.436365 -8.64259e-07 1.57079 -4.7557e-08
17.59 -0.436332 -0.436357 2.46363e-05 3.92607 -7.10708e-07 5.08198e-05 -7.52194e-07 -0.436357 -6.44819e-07 1.57079 -4.22334e-08
17.591 -0.436332 -0.436349 1.65201e-05 3.925 -4.8509e-07 3.3974e-05 -5.18527e-07 -0.436349 -4.2596e-07 1.5708 -3.69231e-08
17.592 -0.436332 -0.436341 8.42561e-06 3.92393 -2.60072e-07 1.71732e-05 -2.85482e-07 -0.436341 -2.07687e-07 1.5708 -3.16262e-08
17.593 -0.436332 -0.436333 3.52984e-07 3.92286 -3.56579e-08 4.17849e-07 -5.30634e-08 -0.436333 9.9975e-09 1.5708 -2.63429e-08
17.594 -0.436332 -0.436325 -7.69765e-06 3.92181 1.88148e-07 -1.62919e-05 1.78725e-07 -0.436325 2.27089e-07 1.5708 -2.10731e-08
17.595 -0.436332 -0.436317 -1.57262e-05 3.92075 4.11342e-07 -3.29557e-05 4.09879e-07 -0.436317 4.43583e-07 1.5708 -1.58171e-08
17.596 -0.436332 -0.436309 -2.37324e-05 3.9197 6.3392e-07 -4.95733e-05 6.40396e-07 -0.436309 6.59476e-07 1.5708 -1.05749e-08
17.597 -0.436332 -0.436301 -3.17162e-05 3.91866 8.55879e-07 -6.61443e-05 8.7027e-07 -0.436301 8.74766e-07 1.5708 -5.34659e-09
17.598 -0.436332 -0.436293 -3.96775e-05 3.91762 1.07721e-06 -8.26686e-05 1.0995e-06 -0.436293 1.08945e-06 1.5708 -1.32257e-10
17.599 -0.436332 -0.436285 -4.76161e-05 3.91658 1.29792e-06 -9.91457e-05 1.32808e-06 -0.436285 1.30352e-06 1.5708 5.068e-09
17.6 -0.436332 -0.436277 -5.5532e-05 3.91555 1.518e-06 -0.000115576 1.556e-06 -0.436277 1.51697e-06 1.5708 1.02541e-08
17.601 -0.436332 -0.436269 -6.34248e-05 3.91453 1.73744e-06 -0.000131958 1.78327e-06 -0.436269 1.72981e-06 1.5708 1.54259e-08
17.602 -0.436332 -0.436261 -7.12946e-05 3.91351 1.95625e-06 -0.000148292 2.00987e-06 -0.436261 1.94202e-06 1.5708 2.05834e-08
17.603 -0.436332 -0.436253 -7.91412e-05 3.91249 2.17441e-06 -0.000164578 2.23581e-06 -0.436253 2.15361e-06 1.5708 2.57264e-08
17.604 -0.436332 -0.436245 -8.69644e-05 3.91149 2.39192e-06 -0.000180816 2.46108e-06 -0.436245 2.36457e-06 1.57081 3.08549e-08
17.605 -0.436332 -0.436238 -9.47642e-05 3.91048 2.60879e-06 -0.000197004 2.68568e-06 -0.436238 2.57489e-06 1.57081 3.59688e-08
17.606 -0.436332 -0.43623 -0.00010254 3.90948 2.825e-06 -0.000213144 2.9096e-06 -0.43623 2.78458e-06 1.57081 4.1068e-08
17.607 -0.436332 -0.436222 -0.000110293 3.90849 3.04056e-06 -0.000229235 3.13284e-06 -0.436222 2.99363e-06 1.57081 4.61525e-08
17.608 -0.436332 -0.436214 -0.000118021 3.9075 3.25546e-06 -0.000245276 3.3554e-06 -0.436214 3.20203e-06 1.57081 5.1222e-08
17.609 -0.436332 -0.436207 -0.000125726 3.90651 3.46969e-06 -0.000261267 3.57726e-06 -0.436207 3.40979e-06 1.57081 5.62766e-08
17.61 -0.436332 -0.436199 -0.000133406 3.90553 3.68326e-06 -0.000277209 3.79844e-06 -0.436199 3.6169e-06 1.57081 6.13161e-08
17.611 -0.436332 -0.436191 -0.000141063 3.90456 3.89615e-06 -0.000293099 4.01892e-06 -0.436191 3.82335e-06 1.57081 6.63405e-08
17.612 -0.436332 -0.436184 -0.000148695 3.90359 4.10838e-06 -0.00030894 4.23871e-06 -0.436184 4.02915e-06 1.57081 7.13497e-08
17.613 -0.436332 -0.436176 -0.000156302 3.90263 4.31992e-06 -0.000324729 4.45779e-06 -0.436176 4.23429e-06 1.57081 7.63436e-08
17.614 -0.436332 -0.436168 -0.000163885 3.90167 4.53078e-06 -0.000340468 4.67617e-06 -0.436168 4.43876e-06 1.57081 8.13221e-08
17.615 -0.436332 -0.436161 -0.000171443 3.90071 4.74096e-06 -0.000356155 4.89383e-06 -0.436161 4.64257e-06 1.57081 8.62852e-08
17.616 -0.436332 -0.436153 -0.000178976 3.89977 4.95046e-06 -0.00037179 5.11079e-06 -0.436153 4.84571e-06 1.57081 9.12327e-08
17.617 -0.436332 -0.436146 -0.000186484 3.89882 5.15926e-06 -0.000387374 5.32703e-06 -0.436146 5.04817e-06 1.57081 9.61646e-08
17.618 -0.436332 -0.436138 -0.000193968 3.89788 5.36736e-06 -0.000402906 5.54255e-06 -0.436138 5.24996e-06 1.57082 1.01081e-07
17.619 -0.436332 -0.436131 -0.000201426 3.89695 5.57477e-06 -0.000418385 5.75734e-06 -0.436131 5.45106e-06 1.57082 1.05981e-07
17.62 -0.436332 -0.436123 -0.000208858 3.89602 5.78148e-06 -0.000433812 5.97142e-06 -0.436123 5.65149e-06 1.57082 1.10866e-07
17.621 -0.436332 -0.436116 -0.000216265 3.8951 5.98748e-06 -0.000449186 6.18476e-06 -0.436116 5.85123e-06 1.57082 1.15734e-07
17.622 -0.436332 -0.436109 -0.000223647 3.89418 6.19278e-06 -0.000464507 6.39737e-06 -0.436109 6.05028e-06 1.57082 1.20587e-07
17.623 -0.436332 -0.436101 -0.000231003 3.89327 6.39737e-06 -0.000479775 6.60924e-06 -0.436101 6.24864e-06 1.57082 1.25423e-07
17.624 -0.436332 -0.436094 -0.000238334 3.89236 6.60124e-06 -0.000494989 6.82037e-06 -0.436094 6.4463e-06 1.57082 1.30244e-07
17.625 -0.436332 -0.436087 -0.000245638 3.89146 6.8044e-06 -0.000510149 7.03076e-06 -0.436087 6.64327e-06 1.57082 1.35048e-07
17.626 -0.436332 -0.436079 -0.000252916 3.89056 7.00684e-06 -0.000525256 7.24041e-06 -0.436079 6.83953e-06 1.57082 1.39835e-07
17.627 -0.436332 -0.436072 -0.000260169 3.88967 7.20855e-06 -0.000540308 7.44931e-06 -0.436072 7.03509e-06 1.57082 1.44607e-07
17.628 -0.436332 -0.436065 -0.000267395 3.88879 7.40954e-06 -0.000555306 7.65745e-06 -0.436065 7.22995e-06 1.57082 1.49362e-07
17.629 -0.436332 -0.436058 -0.000274595 3.88791 7.6098e-06 -0.000570249 7.86484e-06 -0.436058 7.42409e-06 1.57082 1.541e-07
17.63 -0.436332 -0.436051 -0.000281768 3.88703 7.80933e-06 -0.000585138 8.07147e-06 -0.436051 7.61752e-06 1.57082 1.58822e-07
17.631 -0.436332 -0.436043 -0.000288915 3.88616 8.00813e-06 -0.000599971 8.27734e-06 -0.436043 7.81024e-06 1.57082 1.63527e-07
17.632 -0.436332 -0.436036 -0.000296035 3.8853 8.20618e-06 -0.000614749 8.48245e-06 -0.436036 8.00224e-06 1.57083 1.68215e-07
17.633 -0.436332 -0.436029 -0.000303129 3.88444 8.4035e-06 -0.000629472 8.68679e-06 -0.436029 8.19352e-06 1.57083 1.72886e-07
17.634 -0.436332 -0.436022 -0.000310195 3.88358 8.60007e-06 -0.000644139 8.89036e-06 -0.436022 8.38407e-06 1.57083 1.7754e-07
17.635 -0.436332 -0.436015 -0.000317235 3.88273 8.7959e-06 -0.00065875 9.09315e-06 -0.436015 8.5739e-06 1.57083 1.82178e-07
17.636 -0.436332 -0.436008 -0.000324248 3.88189 8.99098e-06 -0.000673304 9.29517e-06 -0.436008 8.76299e-06 1.57083 1.86798e-07
17.637 -0.436332 -0.436001 -0.000331233 3.88105 9.1853e-06 -0.000687803 9.49641e-06 -0.436001 8.95136e-06 1.57083 1.91401e-07
17.638 -0.436332 -0.435994 -0.000338191 3.88022 9.37887e-06 -0.000702245 9.69687e-06 -0.435994 9.13899e-06 1.57083 1.95988e-07
17.639 -0.436332 -0.435987 -0.000345122 3.87939 9.57169e-06 -0.00071663 9.89655e-06 -0.435987 9.32588e-06 1.57083 2.00556e-07
17.64 -0.436332 -0.43598 -0.000352026 3.87857 9.76374e-06 -0.000730958 1.00954e-05 -0.43598 9.51204e-06 1.57083 2.05108e-07
17.641 -0.436332 -0.435973 -0.000358902 3.87775 9.95503e-06 -0.000745229 1.02935e-05 -0.435973 9.69745e-06 1.57083 2.09642e-07
17.642 -0.436332 -0.435967 -0.00036575 3.87694 1.01456e-05 -0.000759443 1.04908e-05 -0.435967 9.88211e-06 1.57083 2.14158e-07
17.643 -0.436332 -0.43596 -0.000372571 3.87613 1.03353e-05 -0.000773599 1.06873e-05 -0.43596 1.0066e-05 1.57083 2.18657e-07
17.644 -0.436332 -0.435953 -0.000379364 3.87533 1.05243e-05 -0.000787697 1.08831e-05 -0.435953 1.02492e-05 1.57083 2.23139e-07
17.645 -0.436332 -0.435946 -0.000386129 3.87453 1.07125e-05 -0.000801738 1.1078e-05 -0.435946 1.04316e-05 1.57083 2.27603e-07
17.646 -0.436332 -0.435939 -0.000392865 3.87374 1.09e-05 -0.00081572 1.12721e-05 -0.435939 1.06133e-05 1.57083 2.32049e-07
17.647 -0.436332 -0.435933 -0.000399574 3.87296 1.10866e-05 -0.000829644 1.14654e-05 -0.435933 1.07942e-05 1.57084 2.36477e-07
17.648 -0.436332 -0.435926 -0.000406255 3.87218 1.12725e-05 -0.00084351 1.16579e-05 -0.435926 1.09743e-05 1.57084 2.40887e-07
17.649 -0.436332 -0.435919 -0.000412907 3.8714 1.14576e-05 -0.000857316 1.18495e-05 -0.435919 1.11537e-05 1.57084 2.4528e-07
17.65 -0.436332 -0.435913 -0.000419531 3.87063 1.16419e-05 -0.000871064 1.20404e-05 -0.435913 1.13323e-05 1.57084 2.49654e-07
17.651 -0.436332 -0.435906 -0.000426127 3.86987 1.18254e-05 -0.000884753 1.22304e-05 -0.435906 1.15102e-05 1.57084 2.54011e-07
17.652 -0.436332 -0.4359 -0.000432694 3.86911 1.20081e-05 -0.000898383 1.24197e-05 -0.4359 1.16872e-05 1.57084 2.58349e-07
17.653 -0.436332 -0.435893 -0.000439232 3.86836 1.21901e-05 -0.000911953 1.26081e-05 -0.435893 1.18636e-05 1.57084 2.62669e-07
17.654 -0.436332 -0.435887 -0.000445742 3.86761 1.23712e-05 -0.000925464 1.27957e-05 -0.435887 1.20391e-05 1.57084 2.66971e-07
17.655 -0.436332 -0.43588 -0.000452223 3.86687 1.25516e-05 -0.000938915 1.29824e-05 -0.43588 1.22138e-05 1.57084 2.71255e-07
17.656 -0.436332 -0.435874 -0.000458675 3.86613 1.27311e-05 -0.000952306 1.31683e-05 -0.435874 1.23878e-05 1.57084 2.7552e-07
17.657 -0.436332 -0.435867 -0.000465098 3.8654 1.29098e-05 -0.000965637 1.33534e-05 -0.435867 1.2561e-05 1.57084 2.79767e-07
17.658 -0.436332 -0.435861 -0.000471492 3.86468 1.30878e-05 -0.000978907 1.35377e-05 -0.435861 1.27334e-05 1.57084 2.83995e-07
17.659 -0.436332 -0.435854 -0.000477857 3.86396 1.32649e-05 -0.000992118 1.37211e-05 -0.435854 1.29051e-05 1.57084 2.88205e-07
17.66 -0.436332 -0.435848 -0.000484193 3.86324 1.34412e-05 -0.00100527 1.39037e-05 -0.435848 1.30759e-05 1.57084 2.92397e-07
17.661 -0.436332 -0.435842 -0.0004905 3.86253 1.36167e-05 -0.00101836 1.40854e-05 -0.435842 1.3246e-05 1.57084 2.9657e-07
17.662 -0.436332 -0.435836 -0.000496777 3.86183 1.37914e-05 -0.00103138 1.42664e-05 -0.435836 1.34152e-05 1.57085 3.00724e-07
17.663 -0.436332 -0.435829 -0.000503025 3.86113 1.39653e-05 -0.00104435 1.44464e-05 -0.435829 1.35837e-05 1.57085 3.04859e-07
17.664 -0.436332 -0.435823 -0.000509243 3.86044 1.41384e-05 -0.00105726 1.46256e-05 -0.435823 1.37514e-05 1.57085 3.08975e-07
17.665 -0.436332 -0.435817 -0.000515432 3.85975 1.43106e-05 -0.0010701 1.4804e-05 -0.435817 1.39183e-05 1.57085 3.13073e-07
17.666 -0.436332 -0.435811 -0.000521591 3.85907 1.4482e-05 -0.00108288 1.49815e-05 -0.435811 1.40843e-05 1.57085 3.17152e-07
17.667 -0.436332 -0.435805 -0.00052772 3.85839 1.46526e-05 -0.00109561 1.51582e-05 -0.435805 1.42496e-05 1.57085 3.21212e-07
17.668 -0.436332 -0.435798 -0.00053382 3.85772 1.48224e-05 -0.00110826 1.5334e-05 -0.435798 1.44141e-05 1.57085 3.25252e-07
17.669 -0.436332 -0.435792 -0.00053989 3.85705 1.49914e-05 -0.00112086 1.55089e-05 -0.435792 1.45778e-05 1.57085 3.29274e-07
17.67 -0.436332 -0.435786 -0.000545929 3.85639 1.51595e-05 -0.0011334 1.5683e-05 -0.435786 1.47406e-05 1.57085 3.33277e-07
17.671 -0.436332 -0.43578 -0.000551939 3.85574 1.53268e-05 -0.00114587 1.58562e-05 -0.43578 1.49027e-05 1.57085 3.3726e-07
17.672 -0.436332 -0.435774 -0.000557919 3.85509 1.54932e-05 -0.00115828 1.60286e-05 -0.435774 1.50639e-05 1.57085 3.41225e-07
17.673 -0.436332 -0.435768 -0.000563869 3.85444 1.56588e-05 -0.00117063 1.62001e-05 -0.435768 1.52243e-05 1.57085 3.4517e-07
17.674 -0.436332 -0.435763 -0.000569788 3.8538 1.58236e-05 -0.00118292 1.63707e-05 -0.435763 1.5384e-05 1.57085 3.49095e-07
17.675 -0.436332 -0.435757 -0.000575678 3.85317 1.59875e-05 -0.00119514 1.65405e-05 -0.435757 1.55428e-05 1.57085 3.53002e-07
17.676 -0.436332 -0.435751 -0.000581537 3.85254 1.61506e-05 -0.0012073 1.67094e-05 -0.435751 1.57007e-05 1.57085 3.56889e-07
17.677 -0.436332 -0.435745 -0.000587365 3.85192 1.63129e-05 -0.00121939 1.68774e-05 -0.435745 1.58579e-05 1.57085 3.60756e-07
17.678 -0.436332 -0.435739 -0.000593163 3.8513 1.64743e-05 -0.00123143 1.70445e-05 -0.435739 1.60143e-05 1.57085 3.64605e-07
17.679 -0.436332 -0.435733 -0.000598931 3.85069 1.66349e-05 -0.0012434 1.72108e-05 -0.435733 1.61698e-05 1.57085 3.68433e-07
17.68 -0.436332 -0.435728 -0.000604668 3.85008 1.67946e-05 -0.00125531 1.73762e-05 -0.435728 1.63245e-05 1.57086 3.72242e-07
17.681 -0.436332 -0.435722 -0.000610375 3.84948 1.69535e-05 -0.00126715 1.75407e-05 -0.435722 1.64783e-05 1.57086 3.76031e-07
17.682 -0.436332 -0.435716 -0.000616051 3.84889 1.71115e-05 -0.00127893 1.77043e-05 -0.435716 1.66314e-05 1.57086 3.79801e-07
17.683 -0.436332 -0.435711 -0.000621696 3.8483 1.72686e-05 -0.00129064 1.78671e-05 -0.435711 1.67836e-05 1.57086 3.83551e-07
17.684 -0.436332 -0.435705 -0.00062731 3.84771 1.74249e-05 -0.0013023 1.80289e-05 -0.435705 1.6935e-05 1.57086 3.87281e-07
17.685 -0.436332 -0.435699 -0.000632894 3.84714 1.75804e-05 -0.00131388 1.81899e-05 -0.435699 1.70855e-05 1.57086 3.90992e-07
17.686 -0.436332 -0.435694 -0.000638446 3.84656 1.7735e-05 -0.00132541 1.835e-05 -0.435694 1.72353e-05 1.57086 3.94682e-07
17.687 -0.436332 -0.435688 -0.000643968 3.84599 1.78887e-05 -0.00133687 1.85092e-05 -0.435688 1.73842e-05 1.57086 3.98353e-07
17.688 -0.436332 -0.435683 -0.000649458 3.84543 1.80416e-05 -0.00134826 1.86675e-05 -0.435683 1.75322e-05 1.57086 4.02004e-07
17.689 -0.436332 -0.435677 -0.000654918 3.84487 1.81936e-05 -0.00135959 1.88249e-05 -0.435677 1.76794e-05 1.57086 4.05635e-07
17.69 -0.436332 -0.435672 -0.000660346 3.84432 1.83448e-05 -0.00137086 1.89814e-05 -0.435672 1.78258e-05 1.57086 4.09245e-07
17.691 -0.436332 -0.435667 -0.000665744 3.84378 1.84951e-05 -0.00138206 1.9137e-05 -0.435667 1.79713e-05 1.57086 4.12836e-07
17.692 -0.436332 -0.435661 -0.00067111 3.84324 1.86445e-05 -0.0013932 1.92917e-05 -0.435661 1.8116e-05 1.57086 4.16407e-07
17.693 -0.436332 -0.435656 -0.000676445 3.8427 1.87931e-05 -0.00140427 1.94456e-05 -0.435656 1.82599e-05 1.57086 4.19958e-07
17.694 -0.436332 -0.435651 -0.000681748 3.84217 1.89407e-05 -0.00141528 1.95985e-05 -0.435651 1.84029e-05 1.57086 4.23488e-07
17.695 -0.436332 -0.435645 -0.000687021 3.84165 1.90876e-05 -0.00142622 1.97505e-05 -0.435645 1.8545e-05 1.57086 4.26999e-07
17.696 -0.436332 -0.43564 -0.000692261 3.84113 1.92335e-05 -0.0014371 1.99016e-05 -0.43564 1.86864e-05 1.57086 4.30489e-07
17.697 -0.436332 -0.435635 -0.000697471 3.84061 1.93786e-05 -0.00144791 2.00519e-05 -0.435635 1.88268e-05 1.57086 4.33959e-07
17.698 -0.436332 -0.43563 -0.000702649 3.84011 1.95228e-05 -0.00145865 2.02012e-05 -0.43563 1.89664e-05 1.57086 4.37408e-07
17.699 -0.436332 -0.435625 -0.000707795 3.8396 1.96661e-05 -0.00146933 2.03496e-05 -0.435625 1.91052e-05 1.57087 4.40838e-07
17.7 -0.436332 -0.435619 -0.00071291 3.83911 1.98085e-05 -0.00147995 2.04971e-05 -0.435619 1.92431e-05 1.57087 4.44247e-07
17.701 -0.436332 -0.435614 -0.000717993 3.83861 1.99501e-05 -0.0014905 2.06437e-05 -0.435614 1.93802e-05 1.57087 4.47635e-07
17.702 -0.436332 -0.435609 -0.000723045 3.83813 2.00908e-05 -0.00150098 2.07894e-05 -0.435609 1.95164e-05 1.57087 4.51003e-07
17.703 -0.436332 -0.435604 -0.000728065 3.83765 2.02306e-05 -0.0015114 2.09341e-05 -0.435604 1.96518e-05 1.57087 4.54351e-07
17.704 -0.436332 -0.435599 -0.000733053 3.83717 2.03696e-05 -0.00152175 2.1078e-05 -0.435599 1.97863e-05 1.57087 4.57678e-07
17.705 -0.436332 -0.435594 -0.00073801 3.8367 2.05076e-05 -0.00153204 2.12209e-05 -0.435594 1.99199e-05 1.57087 4.60985e-07
17.706 -0.436332 -0.435589 -0.000742934 3.83624 2.06448e-05 -0.00154226 2.1363e-05 -0.435589 2.00527e-05 1.57087 4.64271e-07
17.707 -0.436332 -0.435584 -0.000747827 3.83578 2.07811e-05 -0.00155241 2.15041e-05 -0.435584 2.01846e-05 1.57087 4.67537e-07
17.708 -0.436332 -0.43558 -0.000752688 3.83532 2.09165e-05 -0.0015625 2.16443e-05 -0.43558 2.03157e-05 1.57087 4.70782e-07
17.709 -0.436332 -0.435575 -0.000757517 3.83488 2.1051e-05 -0.00157252 2.17836e-05 -0.435575 2.04459e-05 1.57087 4.74007e-07
17.71 -0.436332 -0.43557 -0.000762314 3.83443 2.11846e-05 -0.00158248 2.19219e-05 -0.43557 2.05753e-05 1.57087 4.7721e-07
17.711 -0.436332 -0.435565 -0.000767079 3.834 2.13173e-05 -0.00159237 2.20594e-05 -0.435565 2.07037e-05 1.57087 4.80393e-07
17.712 -0.436332 -0.435561 -0.000771813 3.83356 2.14492e-05 -0.00160219 2.21959e-05 -0.435561 2.08314e-05 1.57087 4.83556e-07
17.713 -0.436332 -0.435556 -0.000776514 3.83314 2.15802e-05 -0.00161195 2.23315e-05 -0.435556 2.09581e-05 1.57087 4.86698e-07
17.714 -0.436332 -0.435551 -0.000781183 3.83271 2.17102e-05 -0.00162164 2.24662e-05 -0.435551 2.1084e-05 1.57087 4.89819e-07
17.715 -0.436332 -0.435546 -0.00078582 3.8323 2.18394e-05 -0.00163126 2.26e-05 -0.435546 2.12091e-05 1.57087 4.92919e-07
17.716 -0.436332 -0.435542 -0.000790425 3.83189 2.19677e-05 -0.00164082 2.27328e-05 -0.435542 2.13332e-05 1.57087 4.95998e-07
17.717 -0.436332 -0.435537 -0.000794998 3.83148 2.20951e-05 -0.00165031 2.28647e-05 -0.435537 2.14565e-05 1.57087 4.99057e-07
17.718 -0.436332 -0.435533 -0.000799539 3.83108 2.22216e-05 -0.00165973 2.29957e-05 -0.435533 2.1579e-05 1.57087 5.02095e-07
17.719 -0.436332 -0.435528 -0.000804047 3.83069 2.23472e-05 -0.00166909 2.31258e-05 -0.435528 2.17005e-05 1.57087 5.05112e-07
17.72 -0.436332 -0.435524 -0.000808523 3.8303 2.24719e-05 -0.00167838 2.32549e-05 -0.435524 2.18212e-05 1.57088 5.08108e-07
17.721 -0.436332 -0.435519 -0.000812967 3.82991 2.25958e-05 -0.0016876 2.33831e-05 -0.435519 2.1941e-05 1.57088 5.11083e-07
17.722 -0.436332 -0.435515 -0.000817379 3.82954 2.27187e-05 -0.00169676 2.35104e-05 -0.435515 2.206e-05 1.57088 5.14037e-07
17.723 -0.436332 -0.435511 -0.000821759 3.82916 2.28407e-05 -0.00170585 2.36367e-05 -0.435511 2.21781e-05 1.57088 5.1697e-07
17.724 -0.436332 -0.435506 -0.000826106 3.82879 2.29618e-05 -0.00171487 2.37622e-05 -0.435506 2.22953e-05 1.57088 5.19883e-07
17.725 -0.436332 -0.435502 -0.000830421 3.82843 2.30821e-05 -0.00172382 2.38867e-05 -0.435502 2.24116e-05 1.57088 5.22774e-07
17.726 -0.436332 -0.435498 -0.000834703 3.82808 2.32014e-05 -0.00173271 2.40102e-05 -0.435498 2.25271e-05 1.57088 5.25645e-07
17.727 -0.436332 -0.435493 -0.000838954 3.82772 2.33198e-05 -0.00174153 2.41329e-05 -0.435493 2.26417e-05 1.57088 5.28494e-07
17.728 -0.436332 -0.435489 -0.000843172 3.82738 2.34374e-05 -0.00175028 2.42546e-05 -0.435489 2.27554e-05 1.57088 5.31322e-07
17.729 -0.436332 -0.435485 -0.000847357 3.82704 2.3554e-05 -0.00175897 2.43753e-05 -0.435485 2.28683e-05 1.57088 5.34129e-07
17.73 -0.436332 -0.435481 -0.00085151 3.8267 2.36698e-05 -0.00176759 2.44952e-05 -0.435481 2.29803e-05 1.57088 5.36916e-07
17.731 -0.436332 -0.435477 -0.000855631 3.82637 2.37846e-05 -0.00177614 2.46141e-05 -0.435477 2.30914e-05 1.57088 5.39681e-07
17.732 -0.436332 -0.435473 -0.000859719 3.82604 2.38985e-05 -0.00178462 2.4732e-05 -0.435473 2.32016e-05 1.57088 5.42425e-07
17.733 -0.436332 -0.435469 -0.000863775 3.82572 2.40116e-05 -0.00179304 2.48491e-05 -0.435469 2.3311e-05 1.57088 5.45148e-07
17.734 -0.436332 -0.435465 -0.000867798 3.82541 2.41237e-05 -0.00180139 2.49652e-05 -0.435465 2.34194e-05 1.57088 5.4785e-07
17.735 -0.436332 -0.435461 -0.000871789 3.8251 2.42349e-05 -0.00180967 2.50803e-05 -0.435461 2.35271e-05 1.57088 5.5053e-07
17.736 -0.436332 -0.435457 -0.000875747 3.82479 2.43452e-05 -0.00181789 2.51946e-05 -0.435457 2.36338e-05 1.57088 5.5319e-07
17.737 -0.436332 -0.435453 -0.000879673 3.8245 2.44547e-05 -0.00182603 2.53079e-05 -0.435453 2.37396e-05 1.57088 5.55828e-07
17.738 -0.436332 -0.435449 -0.000883567 3.8242 2.45632e-05 -0.00183411 2.54202e-05 -0.435449 2.38446e-05 1.57088 5.58446e-07
17.739 -0.436332 -0.435445 -0.000887428 3.82391 2.46708e-05 -0.00184213 2.55317e-05 -0.435445 2.39487e-05 1.57088 5.61042e-07
17.74 -0.436332 -0.435441 -0.000891256 3.82363 2.47775e-05 -0.00185007 2.56422e-05 -0.435441 2.40519e-05 1.57088 5.63617e-07
17.741 -0.436332 -0.435437 -0.000895052 3.82335 2.48833e-05 -0.00185795 2.57517e-05 -0.435437 2.41543e-05 1.57088 5.6617e-07
17.742 -0.436332 -0.435433 -0.000898815 3.82308 2.49882e-05 -0.00186576 2.58603e-05 -0.435433 2.42558e-05 1.57088 5.68703e-07
17.743 -0.436332 -0.43543 -0.000902546 3.82281 2.50923e-05 -0.0018735 2.5968e-05 -0.43543 2.43564e-05 1.57088 5.71214e-07
17.744 -0.436332 -0.435426 -0.000906245 3.82255 2.51953e-05 -0.00188118 2.60748e-05 -0.435426 2.44561e-05 1.57088 5.73704e-07
17.745 -0.436332 -0.435422 -0.00090991 3.82229 2.52975e-05 -0.00188878 2.61806e-05 -0.435422 2.45549e-05 1.57089 5.76173e-07
17.746 -0.436332 -0.435419 -0.000913544 3.82204 2.53988e-05 -0.00189632 2.62855e-05 -0.435419 2.46529e-05 1.57089 5.78621e-07
17.747 -0.436332 -0.435415 -0.000917144 3.82179 2.54992e-05 -0.0019038 2.63894e-05 -0.435415 2.475e-05 1.57089 5.81047e-07
17.748 -0.436332 -0.435412 -0.000920713 3.82155 2.55987e-05 -0.0019112 2.64924e-05 -0.435412 2.48462e-05 1.57089 5.83452e-07
17.749 -0.436332 -0.435408 -0.000924248 3.82131 2.56973e-05 -0.00191854 2.65945e-05 -0.435408 2.49415e-05 1.57089 5.85836e-07
17.75 -0.436332 -0.435405 -0.000927751 3.82108 2.5795e-05 -0.00192581 2.66956e-05 -0.435405 2.50359e-05 1.57089 5.88199e-07
17.751 -0.436332 -0.435401 -0.000931222 3.82086 2.58917e-05 -0.00193301 2.67958e-05 -0.435401 2.51295e-05 1.57089 5.9054e-07
17.752 -0.436332 -0.435398 -0.00093466 3.82064 2.59876e-05 -0.00194015 2.68951e-05 -0.435398 2.52222e-05 1.57089 5.9286e-07
17.753 -0.436332 -0.435394 -0.000938066 3.82042 2.60825e-05 -0.00194721 2.69934e-05 -0.435394 2.5314e-05 1.57089 5.95159e-07
17.754 -0.436332 -0.435391 -0.000941439 3.82021 2.61766e-05 -0.00195421 2.70908e-05 -0.435391 2.5405e-05 1.57089 5.97437e-07
17.755 -0.436332 -0.435388 -0.000944779 3.82 2.62698e-05 -0.00196114 2.71872e-05 -0.435388 2.5495e-05 1.57089 5.99693e-07
17.756 -0.436332 -0.435384 -0.000948087 3.8198 2.6362e-05 -0.00196801 2.72827e-05 -0.435384 2.55842e-05 1.57089 6.01928e-07
17.757 -0.436332 -0.435381 -0.000951363 3.81961 2.64533e-05 -0.00197481 2.73773e-05 -0.435381 2.56725e-05 1.57089 6.04142e-07
17.758 -0.436332 -0.435378 -0.000954605 3.81942 2.65438e-05 -0.00198154 2.74709e-05 -0.435378 2.576e-05 1.57089 6.06335e-07
17.759 -0.436332 -0.435374 -0.000957816 3.81923 2.66333e-05 -0.0019882 2.75636e-05 -0.435374 2.58465e-05 1.57089 6.08506e-07
17.76 -0.436332 -0.435371 -0.000960994 3.81905 2.6722e-05 -0.00199479 2.76554e-05 -0.435371 2.59322e-05 1.57089 6.10656e-07
17.761 -0.436332 -0.435368 -0.00096414 3.81888 2.68097e-05 -0.00200132 2.77463e-05 -0.435368 2.6017e-05 1.57089 6.12785e-07
17.762 -0.436332 -0.435365 -0.000967253 3.81871 2.68965e-05 -0.00200778 2.78362e-05 -0.435365 2.6101e-05 1.57089 6.14892e-07
17.763 -0.436332 -0.435362 -0.000970333 3.81854 2.69824e-05 -0.00201417 2.79251e-05 -0.435362 2.6184e-05 1.57089 6.16979e-07
17.764 -0.436332 -0.435359 -0.000973381 3.81838 2.70675e-05 -0.0020205 2.80132e-05 -0.435359 2.62662e-05 1.57089 6.19044e-07
17.765 -0.436332 -0.435356 -0.000976397 3.81823 2.71516e-05 -0.00202676 2.81002e-05 -0.435356 2.63475e-05 1.57089 6.21087e-07
17.766 -0.436332 -0.435353 -0.000979381 3.81808 2.72348e-05 -0.00203295 2.81864e-05 -0.435353 2.6428e-05 1.57089 6.2311e-07
17.767 -0.436332 -0.43535 -0.000982332 3.81793 2.73171e-05 -0.00203907 2.82716e-05 -0.43535 2.65075e-05 1.57089 6.25111e-07
17.768 -0.436332 -0.435347 -0.00098525 3.81779 2.73985e-05 -0.00204513 2.83559e-05 -0.435347 2.65862e-05 1.57089 6.27091e-07
17.769 -0.436332 -0.435344 -0.000988136 3.81766 2.74791e-05 -0.00205112 2.84393e-05 -0.435344 2.6664e-05 1.57089 6.2905e-07
17.77 -0.436332 -0.435341 -0.00099099 3.81753 2.75587e-05 -0.00205704 2.85217e-05 -0.435341 2.6741e-05 1.57089 6.30988e-07
17.771 -0.436332 -0.435339 -0.000993812 3.8174 2.76374e-05 -0.0020629 2.86032e-05 -0.435339 2.6817e-05 1.57089 6.32904e-07
17.772 -0.436332 -0.435336 -0.000996601 3.81728 2.77152e-05 -0.00206868 2.86838e-05 -0.435336 2.68922e-05 1.57089 6.34799e-07
17.773 -0.436332 -0.435333 -0.000999358 3.81717 2.77921e-05 -0.0020744 2.87635e-05 -0.435333 2.69666e-05 1.57089 6.36673e-07
17.774 -0.436332 -0.43533 -0.00100208 3.81706 2.78682e-05 -0.00208006 2.88422e-05 -0.43533 2.704e-05 1.57089 6.38526e-07
17.775 -0.436332 -0.435328 -0.00100477 3.81695 2.79433e-05 -0.00208565 2.892e-05 -0.435328 2.71126e-05 1.57089 6.40358e-07
17.776 -0.436332 -0.435325 -0.00100744 3.81685 2.80175e-05 -0.00209117 2.89968e-05 -0.435325 2.71843e-05 1.57089 6.42168e-07
17.777 -0.436332 -0.435322 -0.00101006 3.81675 2.80908e-05 -0.00209662 2.90727e-05 -0.435322 2.72552e-05 1.57089 6.43957e-07
17.778 -0.436332 -0.43532 -0.00101266 3.81666 2.81633e-05 -0.00210201 2.91477e-05 -0.43532 2.73252e-05 1.5709 6.45725e-07
17.779 -0.436332 -0.435317 -0.00101522 3.81658 2.82348e-05 -0.00210733 2.92218e-05 -0.435317 2.73943e-05 1.5709 6.47472e-07
17.78 -0.436332 -0.435315 -0.00101775 3.8165 2.83055e-05 -0.00211258 2.9295e-05 -0.435315 2.74625e-05 1.5709 6.49198e-07
17.781 -0.436332 -0.435312 -0.00102025 3.81642 2.83752e-05 -0.00211777 2.93672e-05 -0.435312 2.75299e-05 1.5709 6.50903e-07
17.782 -0.436332 -0.43531 -0.00102272 3.81635 2.84441e-05 -0.00212289 2.94385e-05 -0.43531 2.75964e-05 1.5709 6.52587e-07
17.783 -0.436332 -0.435307 -0.00102516 3.81628 2.85121e-05 -0.00212794 2.95089e-05 -0.435307 2.76621e-05 1.5709 6.54249e-07
17.784 -0.436332 -0.435305 -0.00102756 3.81622 2.85791e-05 -0.00213293 2.95783e-05 -0.435305 2.77269e-05 1.5709 6.55891e-07
17.785 -0.436332 -0.435302 -0.00102993 3.81616 2.86453e-05 -0.00213785 2.96468e-05 -0.435302 2.77908e-05 1.5709 6.57511e-07
17.786 -0.436332 -0.4353 -0.00103227 3.81611 2.87106e-05 -0.0021427 2.97145e-05 -0.4353 2.78539e-05 1.5709 6.5911e-07
17.787 -0.436332 -0.435298 -0.00103458 3.81607 2.8775e-05 -0.00214749 2.97811e-05 -0.435298 2.79161e-05 1.5709 6.60689e-07
17.788 -0.436332 -0.435295 -0.00103685 3.81602 2.88386e-05 -0.00215221 2.98469e-05 -0.435295 2.79774e-05 1.5709 6.62246e-07
17.789 -0.436332 -0.435293 -0.0010391 3.81599 2.89012e-05 -0.00215686 2.99118e-05 -0.435293 2.80379e-05 1.5709 6.63782e-07
17.79 -0.436332 -0.435291 -0.00104131 3.81595 2.89629e-05 -0.00216145 2.99757e-05 -0.435291 2.80975e-05 1.5709 6.65298e-07
17.791 -0.436332 -0.435289 -0.00104349 3.81592 2.90238e-05 -0.00216598 3.00387e-05 -0.435289 2.81563e-05 1.5709 6.66792e-07
17.792 -0.436332 -0.435287 -0.00104563 3.8159 2.90838e-05 -0.00217043 3.01008e-05 -0.435287 2.82142e-05 1.5709 6.68266e-07
17.793 -0.436332 -0.435285 -0.00104775 3.81588 2.91429e-05 -0.00217482 3.0162e-05 -0.435285 2.82712e-05 1.5709 6.69718e-07
17.794 -0.436332 -0.435282 -0.00104984 3.81587 2.92011e-05 -0.00217915 3.02223e-05 -0.435282 2.83274e-05 1.5709 6.7115e-07
17.795 -0.436332 -0.43528 -0.00105189 3.81586 2.92584e-05 -0.00218341 3.02816e-05 -0.43528 2.83828e-05 1.5709 6.7256e-07
17.796 -0.436332 -0.435278 -0.00105391 3.81585 2.93149e-05 -0.0021876 3.03401e-05 -0.435278 2.84373e-05 1.5709 6.7395e-07
17.797 -0.436332 -0.435276 -0.0010559 3.81586 2.93704e-05 -0.00219173 3.03976e-05 -0.435276 2.84909e-05 1.5709 6.75319e-07
17.798 -0.436332 -0.435274 -0.00105786 3.81586 2.94251e-05 -0.00219579 3.04542e-05 -0.435274 2.85437e-05 1.5709 6.76667e-07
17.799 -0.436332 -0.435273 -0.00105978 3.81587 2.94789e-05 -0.00219979 3.05099e-05 -0.435273 2.85956e-05 1.5709 6.77995e-07
17.8 -0.436332 -0.435271 -0.00106168 3.81588 2.95319e-05 -0.00220372 3.05647e-05 -0.435271 2.86467e-05 1.5709 6.79301e-07
17.801 -0.436332 -0.435269 -0.00106354 3.8159 2.95839e-05 -0.00220759 3.06186e-05 -0.435269 2.86969e-05 1.5709 6.80587e-07
17.802 -0.436332 -0.435267 -0.00106537 3.81592 2.96351e-05 -0.00221139 3.06716e-05 -0.435267 2.87463e-05 1.5709 6.81852e-07
17.803 -0.436332 -0.435265 -0.00106717 3.81595 2.96854e-05 -0.00221513 3.07237e-05 -0.435265 2.87948e-05 1.5709 6.83097e-07
17.804 -0.436332 -0.435263 -0.00106894 3.81598 2.97348e-05 -0.0022188 3.07749e-05 -0.435263 2.88425e-05 1.5709 6.8432e-07
17.805 -0.436332 -0.435262 -0.00107068 3.81602 2.97834e-05 -0.0022224 3.08252e-05 -0.435262 2.88894e-05 1.5709 6.85523e-07
17.806 -0.436332 -0.43526 -0.00107239 3.81606 2.98311e-05 -0.00222594 3.08746e-05 -0.43526 2.89354e-05 1.5709 6.86705e-07
17.807 -0.436332 -0.435258 -0.00107406 3.81611 2.98779e-05 -0.00222942 3.0923e-05 -0.435258 2.89805e-05 1.5709 6.87867e-07
17.808 -0.436332 -0.435257 -0.00107571 3.81616 2.99239e-05 -0.00223283 3.09706e-05 -0.435257 2.90249e-05 1.5709 6.89008e-07
17.809 -0.436332 -0.435255 -0.00107732 3.81621 2.9969e-05 -0.00223618 3.10173e-05 -0.435255 2.90683e-05 1.5709 6.90129e-07
17.81 -0.436332 -0.435253 -0.0010789 3.81627 3.00132e-05 -0.00223946 3.10631e-05 -0.435253 2.9111e-05 1.5709 6.91229e-07
17.811 -0.436332 -0.435252 -0.00108045 3.81634 3.00566e-05 -0.00224268 3.1108e-05 -0.435252 2.91528e-05 1.5709 6.92308e-07
17.812 -0.436332 -0.43525 -0.00108197 3.81641 3.0099e-05 -0.00224583 3.1152e-05 -0.43525 2.91938e-05 1.5709 6.93367e-07
17.813 -0.436332 -0.435249 -0.00108346 3.81648 3.01407e-05 -0.00224892 3.11951e-05 -0.435249 2.92339e-05 1.5709 6.94406e-07
17.814 -0.436332 -0.435247 -0.00108492 3.81656 3.01815e-05 -0.00225195 3.12373e-05 -0.435247 2.92732e-05 1.5709 6.95424e-07
17.815 -0.436332 -0.435246 -0.00108635 3.81664 3.02214e-05 -0.00225491 3.12786e-05 -0.435246 2.93117e-05 1.5709 6.96422e-07
17.816 -0.436332 -0.435245 -0.00108774 3.81672 3.02604e-05 -0.00225781 3.13191e-05 -0.435245 2.93493e-05 1.5709 6.97399e-07
17.817 -0.436332 -0.435243 -0.00108911 3.81682 3.02986e-05 -0.00226064 3.13586e-05 -0.435243 2.93861e-05 1.5709 6.98356e-07
17.818 -0.436332 -0.435242 -0.00109044 3.81691 3.0336e-05 -0.00226341 3.13973e-05 -0.435242 2.94221e-05 1.5709 6.99293e-07
17.819 -0.436332 -0.435241 -0.00109175 3.81701 3.03725e-05 -0.00226612 3.14351e-05 -0.435241 2.94573e-05 1.5709 7.00209e-07
17.82 -0.436332 -0.435239 -0.00109302 3.81711 3.04081e-05 -0.00226876 3.1472e-05 -0.435239 2.94916e-05 1.5709 7.01105e-07
17.821 -0.436332 -0.435238 -0.00109427 3.81722 3.04429e-05 -0.00227134 3.1508e-05 -0.435238 2.95251e-05 1.5709 7.01981e-07
17.822 -0.436332 -0.435237 -0.00109548 3.81733 3.04768e-05 -0.00227385 3.15431e-05 -0.435237 2.95578e-05 1.5709 7.02837e-07
17.823 -0.436332 -0.435236 -0.00109666 3.81745 3.05099e-05 -0.00227631 3.15774e-05 -0.435236 2.95897e-05 1.5709 7.03672e-07
17.824 -0.436332 -0.435235 -0.00109781 3.81757 3.05422e-05 -0.0022787 3.16108e-05 -0.435235 2.96207e-05 1.5709 7.04488e-07
17.825 -0.436332 -0.435233 -0.00109893 3.8177 3.05736e-05 -0.00228102 3.16433e-05 -0.435233 2.96509e-05 1.5709 7.05283e-07
17.826 -0.436332 -0.435232 -0.00110003 3.81783 3.06041e-05 -0.00228329 3.1675e-05 -0.435232 2.96803e-05 1.5709 7.06058e-07
17.827 -0.436332 -0.435231 -0.00110109 3.81796 3.06338e-05 -0.00228549 3.17057e-05 -0.435231 2.97089e-05 1.5709 7.06813e-07
17.828 -0.436332 -0.43523 -0.00110212 3.8181 3.06627e-05 -0.00228763 3.17356e-05 -0.43523 2.97367e-05 1.5709 7.07549e-07
17.829 -0.436332 -0.435229 -0.00110312 3.81824 3.06908e-05 -0.0022897 3.17646e-05 -0.435229 2.97637e-05 1.5709 7.08264e-07
17.83 -0.436332 -0.435228 -0.00110409 3.81839 3.0718e-05 -0.00229172 3.17928e-05 -0.435228 2.97898e-05 1.5709 7.08959e-07
17.831 -0.436332 -0.435227 -0.00110503 3.81854 3.07443e-05 -0.00229367 3.18201e-05 -0.435227 2.98152e-05 1.5709 7.09635e-07
17.832 -0.436332 -0.435226 -0.00110594 3.81869 3.07699e-05 -0.00229556 3.18465e-05 -0.435226 2.98397e-05 1.5709 7.1029e-07
17.833 -0.436332 -0.435225 -0.00110682 3.81885 3.07945e-05 -0.00229738 3.18721e-05 -0.435225 2.98635e-05 1.5709 7.10926e-07
17.834 -0.436332 -0.435225 -0.00110767 3.81901 3.08184e-05 -0.00229915 3.18968e-05 -0.435225 2.98864e-05 1.5709 7.11542e-07
17.835 -0.436332 -0.435224 -0.00110849 3.81918 3.08415e-05 -0.00230085 3.19207e-05 -0.435224 2.99085e-05 1.5709 7.12139e-07
17.836 -0.436332 -0.435223 -0.00110928 3.81935 3.08637e-05 -0.0023025 3.19437e-05 -0.435223 2.99298e-05 1.5709 7.12715e-07
17.837 -0.436332 -0.435222 -0.00111005 3.81953 3.0885e-05 -0.00230408 3.19658e-05 -0.435222 2.99504e-05 1.5709 7.13272e-07
17.838 -0.436332 -0.435222 -0.00111078 3.81971 3.09056e-05 -0.00230559 3.19871e-05 -0.435222 2.99701e-05 1.5709 7.13809e-07
17.839 -0.436332 -0.435221 -0.00111148 3.81989 3.09253e-05 -0.00230705 3.20075e-05 -0.435221 2.9989e-05 1.5709 7.14327e-07
17.84 -0.436332 -0.43522 -0.00111215 3.82008 3.09443e-05 -0.00230845 3.20271e-05 -0.43522 3.00072e-05 1.5709 7.14825e-07
17.841 -0.436332 -0.43522 -0.0011128 3.82027 3.09624e-05 -0.00230978 3.20459e-05 -0.43522 3.00245e-05 1.5709 7.15304e-07
17.842 -0.436332 -0.435219 -0.00111341 3.82046 3.09796e-05 -0.00231106 3.20638e-05 -0.435219 3.00411e-05 1.5709 7.15763e-07
17.843 -0.436332 -0.435218 -0.001114 3.82066 3.09961e-05 -0.00231227 3.20808e-05 -0.435218 3.00568e-05 1.5709 7.16203e-07
17.844 -0.436332 -0.435218 -0.00111455 3.82087 3.10118e-05 -0.00231343 3.2097e-05 -0.435218 3.00718e-05 1.5709 7.16623e-07
17.845 -0.436332 -0.435217 -0.00111508 3.82107 3.10266e-05 -0.00231452 3.21124e-05 -0.435217 3.0086e-05 1.5709 7.17025e-07
17.846 -0.436332 -0.435217 -0.00111558 3.82129 3.10406e-05 -0.00231555 3.21269e-05 -0.435217 3.00994e-05 1.57091 7.17406e-07
17.847 -0.436332 -0.435216 -0.00111605 3.8215 3.10539e-05 -0.00231652 3.21406e-05 -0.435216 3.0112e-05 1.57091 7.17769e-07
17.848 -0.436332 -0.435216 -0.00111649 3.82172 3.10663e-05 -0.00231744 3.21535e-05 -0.435216 3.01239e-05 1.57091 7.18112e-07
17.849 -0.436332 -0.435215 -0.0011169 3.82194 3.10779e-05 -0.00231829 3.21655e-05 -0.435215 3.0135e-05 1.57091 7.18436e-07
17.85 -0.436332 -0.435215 -0.00111728 3.82217 3.10887e-05 -0.00231908 3.21767e-05 -0.435215 3.01452e-05 1.57091 7.18741e-07
17.851 -0.436332 -0.435215 -0.00111764 3.8224 3.10987e-05 -0.00231981 3.21871e-05 -0.435215 3.01548e-05 1.57091 7.19027e-07
17.852 -0.436332 -0.435214 -0.00111796 3.82264 3.11079e-05 -0.00232049 3.21966e-05 -0.435214 3.01635e-05 1.57091 7.19294e-07
17.853 -0.436332 -0.435214 -0.00111826 3.82288 3.11163e-05 -0.0023211 3.22053e-05 -0.435214 3.01715e-05 1.57091 7.19542e-07
17.854 -0.436332 -0.435214 -0.00111852 3.82312 3.1124e-05 -0.00232166 3.22132e-05 -0.435214 3.01787e-05 1.57091 7.19771e-07
17.855 -0.436332 -0.435214 -0.00111876 3.82337 3.11308e-05 -0.00232215 3.22203e-05 -0.435214 3.01851e-05 1.57091 7.19981e-07
17.856 -0.436332 -0.435213 -0.00111898 3.82362 3.11368e-05 -0.00232259 3.22266e-05 -0.435213 3.01908e-05 1.57091 7.20172e-07
17.857 -0.436332 -0.435213 -0.00111916 3.82387 3.11421e-05 -0.00232297 3.2232e-05 -0.435213 3.01957e-05 1.57091 7.20344e-07
17.858 -0.436332 -0.435213 -0.00111931 3.82413 3.11465e-05 -0.00232329 3.22366e-05 -0.435213 3.01999e-05 1.57091 7.20498e-07
17.859 -0.436332 -0.435213 -0.00111944 3.82439 3.11502e-05 -0.00232355 3.22404e-05 -0.435213 3.02032e-05 1.57091 7.20633e-07
17.86 -0.436332 -0.435213 -0.00111954 3.82465 3.11531e-05 -0.00232375 3.22435e-05 -0.435213 3.02059e-05 1.57091 7.20749e-07
17.861 -0.436332 -0.435213 -0.00111961 3.82492 3.11552e-05 -0.0023239 3.22456e-05 -0.435213 3.02077e-05 1.57091 7.20846e-07
17.862 -0.436332 -0.435213 -0.00111965 3.8252 3.11566e-05 -0.00232399 3.2247e-05 -0.435213 3.02089e-05 1.57091 7.20925e-07
17.863 -0.436332 -0.435213 -0.00111966 3.82547 3.11571e-05 -0.00232402 3.22476e-05 -0.435213 3.02092e-05 1.57091 7.20986e-07
17.864 -0.436332 -0.435213 -0.00111965 3.82575 3.11569e-05 -0.00232399 3.22474e-05 -0.435213 3.02089e-05 1.57091 7.21028e-07
17.865 -0.436332 -0.435213 -0.00111961 3.82604 3.11559e-05 -0.0023239 3.22464e-05 -0.435213 3.02077e-05 1.57091 7.21051e-07
17.866 -0.436332 -0.435213 -0.00111954 3.82632 3.11542e-05 -0.00232376 3.22446e-05 -0.435213 3.02059e-05 1.57091 7.21056e-07
17.867 -0.436332 -0.435213 -0.00111945 3.82661 3.11516e-05 -0.00232356 3.2242e-05 -0.435213 3.02033e-05 1.57091 7.21043e-07
17.868 -0.436332 -0.435213 -0.00111932 3.82691 3.11483e-05 -0.0023233 3.22386e-05 -0.435213 3.01999e-05 1.57091 7.21012e-07
17.869 -0.436332 -0.435213 -0.00111917 3.82721 3.11443e-05 -0.00232299 3.22344e-05 -0.435213 3.01958e-05 1.57091 7.20962e-07
17.87 -0.436332 -0.435213 -0.00111899 3.82751 3.11395e-05 -0.00232262 3.22294e-05 -0.435213 3.0191e-05 1.57091 7.20894e-07
17.871 -0.436332 -0.435214 -0.00111879 3.82781 3.11339e-05 -0.00232219 3.22236e-05 -0.435214 3.01854e-05 1.57091 7.20808e-07
17.872 -0.436332 -0.435214 -0.00111855 3.82812 3.11276e-05 -0.0023217 3.22171e-05 -0.435214 3.01791e-05 1.57091 7.20704e-07
17.873 -0.436332 -0.435214 -0.00111829 3.82843 3.11205e-05 -0.00232116 3.22098e-05 -0.435214 3.01721e-05 1.57091 7.20582e-07
17.874 -0.436332 -0.435214 -0.00111801 3.82875 3.11126e-05 -0.00232057 3.22017e-05 -0.435214 3.01643e-05 1.57091 7.20442e-07
17.875 -0.436332 -0.435215 -0.00111769 3.82907 3.11041e-05 -0.00231992 3.21928e-05 -0.435215 3.01559e-05 1.57091 7.20284e-07
17.876 -0.436332 -0.435215 -0.00111735 3.82939 3.10947e-05 -0.00231921 3.21831e-05 -0.435215 3.01466e-05 1.57091 7.20108e-07
17.877 -0.436332 -0.435215 -0.00111699 3.82972 3.10846e-05 -0.00231844 3.21727e-05 -0.435215 3.01367e-05 1.57091 7.19914e-07
17.878 -0.436332 -0.435216 -0.00111659 3.83005 3.10738e-05 -0.00231763 3.21615e-05 -0.435216 3.01261e-05 1.57091 7.19702e-07
17.879 -0.436332 -0.435216 -0.00111617 3.83038 3.10622e-05 -0.00231675 3.21495e-05 -0.435216 3.01147e-05 1.57091 7.19473e-07
17.88 -0.436332 -0.435217 -0.00111572 3.83072 3.10499e-05 -0.00231582 3.21368e-05 -0.435217 3.01026e-05 1.5709 7.19226e-07
17.881 -0.436332 -0.435217 -0.00111525 3.83105 3.10369e-05 -0.00231484 3.21233e-05 -0.435217 3.00898e-05 1.5709 7.18962e-07
17.882 -0.436332 -0.435218 -0.00111475 3.8314 3.10231e-05 -0.0023138 3.2109e-05 -0.435218 3.00763e-05 1.5709 7.1868e-07
17.883 -0.436332 -0.435218 -0.00111422 3.83174 3.10086e-05 -0.00231271 3.2094e-05 -0.435218 3.00621e-05 1.5709 7.1838e-07
17.884 -0.436332 -0.435219 -0.00111367 3.83209 3.09934e-05 -0.00231156 3.20782e-05 -0.435219 3.00472e-05 1.5709 7.18063e-07
17.885 -0.436332 -0.435219 -0.00111309 3.83245 3.09774e-05 -0.00231036 3.20617e-05 -0.435219 3.00316e-05 1.5709 7.17729e-07
17.886 -0.436332 -0.43522 -0.00111249 3.8328 3.09607e-05 -0.00230911 3.20444e-05 -0.43522 3.00153e-05 1.5709 7.17377e-07
17.887 -0.436332 -0.43522 -0.00111186 3.83316 3.09433e-05 -0.0023078 3.20264e-05 -0.43522 2.99983e-05 1.5709 7.17008e-07
17.888 -0.436332 -0.435221 -0.0011112 3.83352 3.09252e-05 -0.00230643 3.20077e-05 -0.435221 2.99805e-05 1.5709 7.16622e-07
17.889 -0.436332 -0.435222 -0.00111052 3.83389 3.09063e-05 -0.00230502 3.19882e-05 -0.435222 2.99621e-05 1.5709 7.16219e-07
17.89 -0.436332 -0.435223 -0.00110981 3.83426 3.08867e-05 -0.00230355 3.19679e-05 -0.435223 2.9943e-05 1.5709 7.15798e-07
17.891 -0.436332 -0.435223 -0.00110908 3.83463 3.08665e-05 -0.00230203 3.19469e-05 -0.435223 2.99232e-05 1.5709 7.15361e-07
17.892 -0.436332 -0.435224 -0.00110832 3.83501 3.08455e-05 -0.00230045 3.19252e-05 -0.435224 2.99028e-05 1.5709 7.14906e-07
17.893 -0.436332 -0.435225 -0.00110754 3.83539 3.08238e-05 -0.00229882 3.19027e-05 -0.435225 2.98816e-05 1.5709 7.14435e-07
17.894 -0.436332 -0.435226 -0.00110673 3.83577 3.08014e-05 -0.00229714 3.18796e-05 -0.435226 2.98597e-05 1.5709 7.13947e-07
17.895 -0.436332 -0.435226 -0.00110589 3.83615 3.07783e-05 -0.00229541 3.18556e-05 -0.435226 2.98372e-05 1.5709 7.13442e-07
17.896 -0.436332 -0.435227 -0.00110503 3.83654 3.07544e-05 -0.00229363 3.1831e-05 -0.435227 2.9814e-05 1.5709 7.1292e-07
17.897 -0.436332 -0.435228 -0.00110415 3.83693 3.07299e-05 -0.00229179 3.18056e-05 -0.435228 2.97901e-05 1.5709 7.12381e-07
17.898 -0.436332 -0.435229 -0.00110324 3.83732 3.07047e-05 -0.0022899 3.17796e-05 -0.435229 2.97656e-05 1.5709 7.11826e-07
17.899 -0.436332 -0.43523 -0.0011023 3.83772 3.06788e-05 -0.00228796 3.17528e-05 -0.43523 2.97404e-05 1.5709 7.11254e-07
17.9 -0.436332 -0.435231 -0.00110134 3.83812 3.06523e-05 -0.00228597 3.17252e-05 -0.435231 2.97145e-05 1.5709 7.10666e-07
17.901 -0.436332 -0.435232 -0.00110036 3.83853 3.0625e-05 -0.00228392 3.1697e-05 -0.435232 2.96879e-05 1.5709 7.10061e-07
17.902 -0.436332 -0.435233 -0.00109935 3.83893 3.0597e-05 -0.00228183 3.16681e-05 -0.435233 2.96607e-05 1.5709 7.0944e-07
17.903 -0.436332 -0.435234 -0.00109832 3.83934 3.05684e-05 -0.00227969 3.16384e-05 -0.435234 2.96328e-05 1.5709 7.08803e-07
17.904 -0.436332 -0.435235 -0.00109726 3.83975 3.05391e-05 -0.00227749 3.16081e-05 -0.435235 2.96043e-05 1.5709 7.08149e-07
17.905 -0.436332 -0.435236 -0.00109618 3.84017 3.05091e-05 -0.00227525 3.15771e-05 -0.435236 2.95751e-05 1.5709 7.07479e-07
17.906 -0.436332 -0.435237 -0.00109507 3.84059 3.04784e-05 -0.00227295 3.15453e-05 -0.435237 2.95452e-05 1.5709 7.06793e-07
17.907 -0.436332 -0.435238 -0.00109394 3.84101 3.0447e-05 -0.0022706 3.15129e-05 -0.435238 2.95147e-05 1.5709 7.06091e-07
17.908 -0.436332 -0.43524 -0.00109279 3.84143 3.0415e-05 -0.00226821 3.14797e-05 -0.43524 2.94836e-05 1.5709 7.05372e-07
17.909 -0.436332 -0.435241 -0.00109161 3.84186 3.03823e-05 -0.00226576 3.14459e-05 -0.435241 2.94518e-05 1.5709 7.04638e-07
17.91 -0.436332 -0.435242 -0.00109041 3.84229 3.0349e-05 -0.00226327 3.14114e-05 -0.435242 2.94194e-05 1.5709 7.03888e-07
17.911 -0.436332 -0.435243 -0.00108918 3.84272 3.0315e-05 -0.00226072 3.13762e-05 -0.435243 2.93863e-05 1.5709 7.03122e-07
17.912 -0.436332 -0.435244 -0.00108794 3.84315 3.02803e-05 -0.00225813 3.13403e-05 -0.435244 2.93526e-05 1.5709 7.0234e-07
17.913 -0.436332 -0.435246 -0.00108666 3.84359 3.0245e-05 -0.00225549 3.13037e-05 -0.435246 2.93182e-05 1.5709 7.01543e-07
17.914 -0.436332 -0.435247 -0.00108537 3.84403 3.0209e-05 -0.0022528 3.12665e-05 -0.435247 2.92833e-05 1.5709 7.0073e-07
17.915 -0.436332 -0.435248 -0.00108405 3.84447 3.01724e-05 -0.00225006 3.12286e-05 -0.435248 2.92477e-05 1.5709 6.99901e-07
17.916 -0.436332 -0.43525 -0.0010827 3.84492 3.01351e-05 -0.00224727 3.119e-05 -0.43525 2.92114e-05 1.5709 6.99057e-07
17.917 -0.436332 -0.435251 -0.00108134 3.84537 3.00972e-05 -0.00224443 3.11507e-05 -0.435251 2.91746e-05 1.5709 6.98197e-07
17.918 -0.436332 -0.435252 -0.00107995 3.84582 3.00586e-05 -0.00224155 3.11108e-05 -0.435252 2.91371e-05 1.5709 6.97322e-07
17.919 -0.436332 -0.435254 -0.00107854 3.84628 3.00194e-05 -0.00223862 3.10702e-05 -0.435254 2.9099e-05 1.5709 6.96432e-07
17.92 -0.436332 -0.435255 -0.0010771 3.84673 2.99795e-05 -0.00223564 3.1029e-05 -0.435255 2.90603e-05 1.5709 6.95526e-07
17.921 -0.436332 -0.435257 -0.00107564 3.84719 2.9939e-05 -0.00223261 3.09871e-05 -0.435257 2.90209e-05 1.5709 6.94605e-07
17.922 -0.436332 -0.435258 -0.00107416 3.84765 2.98979e-05 -0.00222954 3.09445e-05 -0.435258 2.8981e-05 1.5709 6.93669e-07
17.923 -0.436332 -0.43526 -0.00107266 3.84812 2.98562e-05 -0.00222642 3.09013e-05 -0.43526 2.89404e-05 1.5709 6.92718e-07
17.924 -0.436332 -0.435261 -0.00107113 3.84859 2.98138e-05 -0.00222325 3.08575e-05 -0.435261 2.88993e-05 1.5709 6.91752e-07
17.925 -0.436332 -0.435263 -0.00106959 3.84906 2.97708e-05 -0.00222004 3.0813e-05 -0.435263 2.88575e-05 1.5709 6.90771e-07
17.926 -0.436332 -0.435264 -0.00106802 3.84953 2.97272e-05 -0.00221678 3.07678e-05 -0.435264 2.88151e-05 1.5709 6.89775e-07
17.927 -0.436332 -0.435266 -0.00106642 3.85 2.96829e-05 -0.00221347 3.0722e-05 -0.435266 2.87722e-05 1.5709 6.88764e-07
17.928 -0.436332 -0.435268 -0.00106481 3.85048 2.96381e-05 -0.00221012 3.06756e-05 -0.435268 2.87286e-05 1.5709 6.87739e-07
17.929 -0.436332 -0.435269 -0.00106317 3.85096 2.95926e-05 -0.00220673 3.06286e-05 -0.435269 2.86845e-05 1.5709 6.86699e-07
17.93 -0.436332 -0.435271 -0.00106151 3.85144 2.95465e-05 -0.00220328 3.05809e-05 -0.435271 2.86397e-05 1.5709 6.85644e-07
17.931 -0.436332 -0.435272 -0.00105983 3.85193 2.94999e-05 -0.0021998 3.05325e-05 -0.435272 2.85944e-05 1.5709 6.84575e-07
17.932 -0.436332 -0.435274 -0.00105813 3.85241 2.94526e-05 -0.00219626 3.04836e-05 -0.435274 2.85485e-05 1.5709 6.83491e-07
17.933 -0.436332 -0.435276 -0.00105641 3.8529 2.94047e-05 -0.00219269 3.0434e-05 -0.435276 2.8502e-05 1.5709 6.82393e-07
17.934 -0.436332 -0.435278 -0.00105466 3.8534 2.93562e-05 -0.00218907 3.03838e-05 -0.435278 2.84549e-05 1.5709 6.8128e-07
17.935 -0.436332 -0.435279 -0.0010529 3.85389 2.93071e-05 -0.0021854 3.0333e-05 -0.435279 2.84072e-05 1.5709 6.80154e-07
17.936 -0.436332 -0.435281 -0.00105111 3.85439 2.92574e-05 -0.00218169 3.02816e-05 -0.435281 2.8359e-05 1.5709 6.79013e-07
17.937 -0.436332 -0.435283 -0.0010493 3.85489 2.92071e-05 -0.00217793 3.02296e-05 -0.435283 2.83102e-05 1.5709 6.77858e-07
17.938 -0.436332 -0.435285 -0.00104747 3.85539 2.91563e-05 -0.00217414 3.01769e-05 -0.435285 2.82609e-05 1.5709 6.76688e-07
17.939 -0.436332 -0.435287 -0.00104562 3.85589 2.91048e-05 -0.00217029 3.01237e-05 -0.435287 2.82109e-05 1.5709 6.75505e-07
17.94 -0.436332 -0.435289 -0.00104375 3.8564 2.90528e-05 -0.00216641 3.00699e-05 -0.435289 2.81604e-05 1.5709 6.74308e-07
17.941 -0.436332 -0.43529 -0.00104186 3.85691 2.90002e-05 -0.00216248 3.00154e-05 -0.43529 2.81094e-05 1.5709 6.73097e-07
17.942 -0.436332 -0.435292 -0.00103995 3.85742 2.8947e-05 -0.00215851 2.99604e-05 -0.435292 2.80578e-05 1.5709 6.71872e-07
17.943 -0.436332 -0.435294 -0.00103801 3.85793 2.88933e-05 -0.0021545 2.99047e-05 -0.435294 2.80056e-05 1.5709 6.70634e-07
17.944 -0.436332 -0.435296 -0.00103606 3.85845 2.8839e-05 -0.00215044 2.98485e-05 -0.435296 2.79529e-05 1.5709 6.69382e-07
17.945 -0.436332 -0.435298 -0.00103408 3.85896 2.87841e-05 -0.00214634 2.97917e-05 -0.435298 2.78996e-05 1.5709 6.68116e-07
17.946 -0.436332 -0.4353 -0.00103209 3.85948 2.87286e-05 -0.0021422 2.97343e-05 -0.4353 2.78458e-05 1.5709 6.66837e-07
17.947 -0.436332 -0.435302 -0.00103007 3.86 2.86726e-05 -0.00213802 2.96763e-05 -0.435302 2.77914e-05 1.5709 6.65544e-07
17.948 -0.436332 -0.435304 -0.00102804 3.86053 2.8616e-05 -0.0021338 2.96177e-05 -0.435304 2.77366e-05 1.5709 6.64238e-07
17.949 -0.436332 -0.435306 -0.00102598 3.86105 2.85589e-05 -0.00212953 2.95586e-05 -0.435306 2.76811e-05 1.5709 6.62919e-07
17.95 -0.436332 -0.435308 -0.00102391 3.86158 2.85012e-05 -0.00212523 2.94989e-05 -0.435308 2.76252e-05 1.5709 6.61586e-07
17.951 -0.436332 -0.43531 -0.00102182 3.86211 2.8443e-05 -0.00212088 2.94386e-05 -0.43531 2.75687e-05 1.5709 6.6024e-07
17.952 -0.436332 -0.435313 -0.0010197 3.86264 2.83842e-05 -0.00211649 2.93778e-05 -0.435313 2.75116e-05 1.5709 6.58882e-07
17.953 -0.436332 -0.435315 -0.00101757 3.86318 2.83248e-05 -0.00211206 2.93164e-05 -0.435315 2.74541e-05 1.5709 6.5751e-07
17.954 -0.436332 -0.435317 -0.00101542 3.86371 2.8265e-05 -0.0021076 2.92544e-05 -0.435317 2.7396e-05 1.5709 6.56125e-07
17.955 -0.436332 -0.435319 -0.00101324 3.86425 2.82046e-05 -0.00210309 2.91919e-05 -0.435319 2.73374e-05 1.57089 6.54727e-07
17.956 -0.436332 -0.435321 -0.00101105 3.86479 2.81436e-05 -0.00209854 2.91288e-05 -0.435321 2.72783e-05 1.57089 6.53317e-07
17.957 -0.436332 -0.435323 -0.00100884 3.86533 2.80822e-05 -0.00209395 2.90652e-05 -0.435323 2.72187e-05 1.57089 6.51894e-07
17.958 -0.436332 -0.435326 -0.00100661 3.86588 2.80201e-05 -0.00208932 2.9001e-05 -0.435326 2.71585e-05 1.57089 6.50458e-07
17.959 -0.436332 -0.435328 -0.00100437 3.86642 2.79576e-05 -0.00208466 2.89363e-05 -0.435328 2.70979e-05 1.57089 6.49009e-07
17.96 -0.436332 -0.43533 -0.0010021 3.86697 2.78946e-05 -0.00207995 2.8871e-05 -0.43533 2.70367e-05 1.57089 6.47548e-07
17.961 -0.436332 -0.435333 -0.000999813 3.86752 2.7831e-05 -0.00207521 2.88052e-05 -0.435333 2.6975e-05 1.57089 6.46075e-07
17.962 -0.436332 -0.435335 -0.000997509 3.86807 2.77669e-05 -0.00207043 2.87389e-05 -0.435335 2.69129e-05 1.57089 6.44589e-07
17.963 -0.436332 -0.435337 -0.000995186 3.86863 2.77023e-05 -0.00206561 2.8672e-05 -0.435337 2.68502e-05 1.57089 6.43091e-07
17.964 -0.436332 -0.435339 -0.000992845 3.86918 2.76372e-05 -0.00206075 2.86046e-05 -0.435339 2.67871e-05 1.57089 6.4158e-07
17.965 -0.436332 -0.435342 -0.000990486 3.86974 2.75716e-05 -0.00205585 2.85367e-05 -0.435342 2.67234e-05 1.57089 6.40058e-07
17.966 -0.436332 -0.435344 -0.000988109 3.8703 2.75054e-05 -0.00205092 2.84683e-05 -0.435344 2.66593e-05 1.57089 6.38523e-07
17.967 -0.436332 -0.435347 -0.000985714 3.87086 2.74388e-05 -0.00204595 2.83993e-05 -0.435347 2.65947e-05 1.57089 6.36977e-07
17.968 -0.436332 -0.435349 -0.000983301 3.87142 2.73717e-05 -0.00204094 2.83298e-05 -0.435349 2.65296e-05 1.57089 6.35418e-07
17.969 -0.436332 -0.435351 -0.00098087 3.87198 2.7304e-05 -0.00203589 2.82598e-05 -0.435351 2.6464e-05 1.57089 6.33848e-07
17.97 -0.436332 -0.435354 -0.000978422 3.87255 2.72359e-05 -0.00203081 2.81893e-05 -0.435354 2.6398e-05 1.57089 6.32265e-07
17.971 -0.436332 -0.435356 -0.000975955 3.87312 2.71673e-05 -0.00202569 2.81183e-05 -0.435356 2.63314e-05 1.57089 6.30671e-07
17.972 -0.436332 -0.435359 -0.000973472 3.87369 2.70982e-05 -0.00202054 2.80468e-05 -0.435359 2.62644e-05 1.57089 6.29066e-07
17.973 -0.436332 -0.435361 -0.000970971 3.87426 2.70286e-05 -0.00201534 2.79748e-05 -0.435361 2.6197e-05 1.57089 6.27449e-07
17.974 -0.436332 -0.435364 -0.000968453 3.87483 2.69586e-05 -0.00201012 2.79023e-05 -0.435364 2.6129e-05 1.57089 6.2582e-07
17.975 -0.436332 -0.435366 -0.000965918 3.87541 2.6888e-05 -0.00200486 2.78292e-05 -0.435366 2.60606e-05 1.57089 6.2418e-07
17.976 -0.436332 -0.435369 -0.000963365 3.87598 2.6817e-05 -0.00199956 2.77557e-05 -0.435369 2.59918e-05 1.57089 6.22528e-07
17.977 -0.436332 -0.435372 -0.000960796 3.87656 2.67455e-05 -0.00199422 2.76817e-05 -0.435372 2.59225e-05 1.57089 6.20866e-07
17.978 -0.436332 -0.435374 -0.00095821 3.87714 2.66736e-05 -0.00198886 2.76073e-05 -0.435374 2.58527e-05 1.57089 6.19192e-07
17.979 -0.436332 -0.435377 -0.000955607 3.87772 2.66011e-05 -0.00198345 2.75323e-05 -0.435377 2.57825e-05 1.57089 6.17507e-07
17.98 -0.436332 -0.435379 -0.000952988 3.8783 2.65283e-05 -0.00197802 2.74569e-05 -0.435379 2.57118e-05 1.57089 6.1581e-07
17.981 -0.436332 -0.435382 -0.000950352 3.87888 2.64549e-05 -0.00197255 2.7381e-05 -0.435382 2.56407e-05 1.57089 6.14103e-07
17.982 -0.436332 -0.435385 -0.0009477 3.87947 2.63811e-05 -0.00196704 2.73046e-05 -0.435385 2.55692e-05 1.57089 6.12385e-07
17.983 -0.436332 -0.435387 -0.000945031 3.88006 2.63069e-05 -0.0019615 2.72277e-05 -0.435387 2.54972e-05 1.57089 6.10656e-07
17.984 -0.436332 -0.43539 -0.000942347 3.88064 2.62322e-05 -0.00195593 2.71504e-05 -0.43539 2.54248e-05 1.57089 6.08917e-07
17.985 -0.436332 -0.435393 -0.000939646 3.88123 2.6157e-05 -0.00195033 2.70726e-05 -0.435393 2.53519e-05 1.57089 6.07166e-07
17.986 -0.436332 -0.435395 -0.00093693 3.88182 2.60814e-05 -0.00194469 2.69944e-05 -0.435395 2.52786e-05 1.57089 6.05405e-07
17.987 -0.436332 -0.435398 -0.000934197 3.88242 2.60054e-05 -0.00193902 2.69157e-05 -0.435398 2.52049e-05 1.57089 6.03634e-07
17.988 -0.436332 -0.435401 -0.000931449 3.88301 2.59289e-05 -0.00193331 2.68365e-05 -0.435401 2.51308e-05 1.57089 6.01852e-07
17.989 -0.436332 -0.435404 -0.000928686 3.88361 2.5852e-05 -0.00192758 2.67569e-05 -0.435404 2.50562e-05 1.57089 6.00059e-07
17.99 -0.436332 -0.435406 -0.000925907 3.8842 2.57746e-05 -0.00192181 2.66769e-05 -0.435406 2.49813e-05 1.57089 5.98257e-07
17.991 -0.436332 -0.435409 -0.000923112 3.8848 2.56969e-05 -0.00191601 2.65964e-05 -0.435409 2.49059e-05 1.57089 5.96444e-07
17.992 -0.436332 -0.435412 -0.000920303 3.8854 2.56187e-05 -0.00191018 2.65154e-05 -0.435412 2.48301e-05 1.57089 5.94621e-07
17.993 -0.436332 -0.435415 -0.000917478 3.886 2.55401e-05 -0.00190431 2.6434e-05 -0.435415 2.47539e-05 1.57089 5.92788e-07
17.994 -0.436332 -0.435418 -0.000914638 3.8866 2.5461e-05 -0.00189842 2.63522e-05 -0.435418 2.46773e-05 1.57089 5.90944e-07
17.995 -0.436332 -0.435421 -0.000911783 3.8872 2.53816e-05 -0.00189249 2.627e-05 -0.435421 2.46003e-05 1.57089 5.89091e-07
17.996 -0.436332 -0.435423 -0.000908913 3.88781 2.53017e-05 -0.00188654 2.61873e-05 -0.435423 2.45228e-05 1.57088 5.87228e-07
17.997 -0.436332 -0.435426 -0.000906029 3.88841 2.52214e-05 -0.00188055 2.61042e-05 -0.435426 2.4445e-05 1.57088 5.85355e-07
17.998 -0.436332 -0.435429 -0.00090313 3.88902 2.51407e-05 -0.00187453 2.60207e-05 -0.435429 2.43668e-05 1.57088 5.83473e-07
17.999 -0.436332 -0.435432 -0.000900217 3.88963 2.50596e-05 -0.00186849 2.59368e-05 -0.435432 2.42882e-05 1.57088 5.81581e-07
18 -0.436332 -0.435435 -0.000897289 3.89024 2.49782e-05 -0.00186241 2.58525e-05 -0.435435 2.42093e-05 1.57088 5.79679e-07
18.001 -0.436332 -0.435438 -0.000894347 3.89085 2.48963e-05 -0.0018563 2.57677e-05 -0.435438 2.41299e-05 1.57088 5.77768e-07
18.002 -0.436332 -0.435441 -0.000891391 3.89146 2.4814e-05 -0.00185017 2.56825e-05 -0.435441 2.40501e-05 1.57088 5.75847e-07
18.003 -0.436332 -0.435444 -0.000888421 3.89207 2.47313e-05 -0.001844 2.5597e-05 -0.435444 2.397e-05 1.57088 5.73917e-07
18.004 -0.436332 -0.435447 -0.000885436 3.89268 2.46482e-05 -0.00183781 2.5511e-05 -0.435447 2.38895e-05 1.57088 5.71978e-07
18.005 -0.436332 -0.43545 -0.000882439 3.8933 2.45648e-05 -0.00183159 2.54246e-05 -0.43545 2.38086e-05 1.57088 5.70029e-07
18.006 -0.436332 -0.435453 -0.000879427 3.89391 2.4481e-05 -0.00182534 2.53379e-05 -0.435453 2.37274e-05 1.57088 5.68072e-07
18.007 -0.436332 -0.435456 -0.000876402 3.89453 2.43968e-05 -0.00181906 2.52507e-05 -0.435456 2.36458e-05 1.57088 5.66105e-07
18.008 -0.436332 -0.435459 -0.000873363 3.89515 2.43122e-05 -0.00181275 2.51632e-05 -0.435459 2.35638e-05 1.57088 5.6413e-07
18.009 -0.436332 -0.435462 -0.000870311 3.89577 2.42272e-05 -0.00180642 2.50752e-05 -0.435462 2.34815e-05 1.57088 5.62145e-07
18.01 -0.436332 -0.435465 -0.000867246 3.89639 2.41419e-05 -0.00180005 2.49869e-05 -0.435465 2.33988e-05 1.57088 5.60152e-07
18.011 -0.436332 -0.435468 -0.000864167 3.89701 2.40562e-05 -0.00179366 2.48982e-05 -0.435468 2.33158e-05 1.57088 5.5815e-07
18.012 -0.436332 -0.435471 -0.000861076 3.89763 2.39702e-05 -0.00178725 2.48091e-05 -0.435471 2.32324e-05 1.57088 5.56139e-07
18.013 -0.436332 -0.435474 -0.000857972 3.89825 2.38837e-05 -0.0017808 2.47197e-05 -0.435474 2.31486e-05 1.57088 5.5412e-07
18.014 -0.436332 -0.435477 -0.000854854 3.89887 2.3797e-05 -0.00177433 2.46299e-05 -0.435477 2.30645e-05 1.57088 5.52092e-07
18.015 -0.436332 -0.435481 -0.000851725 3.8995 2.37098e-05 -0.00176784 2.45397e-05 -0.435481 2.29801e-05 1.57088 5.50056e-07
18.016 -0.436332 -0.435484 -0.000848582 3.90012 2.36224e-05 -0.00176132 2.44492e-05 -0.435484 2.28953e-05 1.57088 5.48011e-07
18.017 -0.436332 -0.435487 -0.000845427 3.90075 2.35345e-05 -0.00175477 2.43583e-05 -0.435487 2.28102e-05 1.57088 5.45959e-07
18.018 -0.436332 -0.43549 -0.00084226 3.90138 2.34464e-05 -0.00174819 2.4267e-05 -0.43549 2.27248e-05 1.57088 5.43897e-07
18.019 -0.436332 -0.435493 -0.000839081 3.902 2.33579e-05 -0.0017416 2.41754e-05 -0.435493 2.2639e-05 1.57088 5.41828e-07
18.02 -0.436332 -0.435496 -0.000835889 3.90263 2.3269e-05 -0.00173497 2.40834e-05 -0.435496 2.25529e-05 1.57088 5.39751e-07
18.021 -0.436332 -0.4355 -0.000832686 3.90326 2.31798e-05 -0.00172832 2.39911e-05 -0.4355 2.24665e-05 1.57088 5.37666e-07
18.022 -0.436332 -0.435503 -0.00082947 3.90389 2.30903e-05 -0.00172165 2.38985e-05 -0.435503 2.23798e-05 1.57088 5.35573e-07
18.023 -0.436332 -0.435506 -0.000826243 3.90452 2.30005e-05 -0.00171495 2.38055e-05 -0.435506 2.22927e-05 1.57088 5.33472e-07
18.024 -0.436332 -0.435509 -0.000823004 3.90515 2.29103e-05 -0.00170823 2.37121e-05 -0.435509 2.22053e-05 1.57088 5.31363e-07
18.025 -0.436332 -0.435513 -0.000819753 3.90579 2.28198e-05 -0.00170148 2.36185e-05 -0.435513 2.21176e-05 1.57088 5.29246e-07
18.026 -0.436332 -0.435516 -0.000816491 3.90642 2.2729e-05 -0.00169471 2.35245e-05 -0.435516 2.20296e-05 1.57088 5.27122e-07
18.027 -0.436332 -0.435519 -0.000813218 3.90705 2.26379e-05 -0.00168792 2.34302e-05 -0.435519 2.19413e-05 1.57088 5.24991e-07
18.028 -0.436332 -0.435522 -0.000809934 3.90769 2.25464e-05 -0.0016811 2.33355e-05 -0.435522 2.18527e-05 1.57088 5.22852e-07
18.029 -0.436332 -0.435526 -0.000806638 3.90832 2.24547e-05 -0.00167426 2.32405e-05 -0.435526 2.17638e-05 1.57087 5.20705e-07
18.03 -0.436332 -0.435529 -0.000803331 3.90896 2.23626e-05 -0.0016674 2.31453e-05 -0.435529 2.16746e-05 1.57087 5.18552e-07
18.031 -0.436332 -0.435532 -0.000800014 3.90959 2.22703e-05 -0.00166051 2.30497e-05 -0.435532 2.15851e-05 1.57087 5.16391e-07
18.032 -0.436332 -0.435536 -0.000796685 3.91023 2.21776e-05 -0.0016536 2.29537e-05 -0.435536 2.14954e-05 1.57087 5.14223e-07
18.033 -0.436332 -0.435539 -0.000793346 3.91087 2.20846e-05 -0.00164667 2.28575e-05 -0.435539 2.14053e-05 1.57087 5.12047e-07
18.034 -0.436332 -0.435542 -0.000789997 3.91151 2.19914e-05 -0.00163972 2.2761e-05 -0.435542 2.13149e-05 1.57087 5.09865e-07
18.035 -0.436332 -0.435546 -0.000786637 3.91214 2.18978e-05 -0.00163275 2.26642e-05 -0.435546 2.12243e-05 1.57087 5.07676e-07
18.036 -0.436332 -0.435549 -0.000783266 3.91278 2.1804e-05 -0.00162575 2.25671e-05 -0.435549 2.11334e-05 1.57087 5.0548e-07
18.037 -0.436332 -0.435552 -0.000779886 3.91342 2.17099e-05 -0.00161873 2.24696e-05 -0.435552 2.10422e-05 1.57087 5.03277e-07
18.038 -0.436332 -0.435556 -0.000776495 3.91406 2.16155e-05 -0.0016117 2.23719e-05 -0.435556 2.09507e-05 1.57087 5.01068e-07
18.039 -0.436332 -0.435559 -0.000773095 3.9147 2.15208e-05 -0.00160464 2.22739e-05 -0.435559 2.0859e-05 1.57087 4.98852e-07
18.04 -0.436332 -0.435563 -0.000769684 3.91534 2.14258e-05 -0.00159756 2.21756e-05 -0.435563 2.0767e-05 1.57087 4.96629e-07
18.041 -0.436332 -0.435566 -0.000766264 3.91598 2.13306e-05 -0.00159046 2.20771e-05 -0.435566 2.06747e-05 1.57087 4.944e-07
18.042 -0.436332 -0.435569 -0.000762834 3.91663 2.12351e-05 -0.00158334 2.19782e-05 -0.435569 2.05822e-05 1.57087 4.92165e-07
18.043 -0.436332 -0.435573 -0.000759394 3.91727 2.11393e-05 -0.0015762 2.18791e-05 -0.435573 2.04894e-05 1.57087 4.89923e-07
18.044 -0.436332 -0.435576 -0.000755945 3.91791 2.10433e-05 -0.00156904 2.17797e-05 -0.435576 2.03964e-05 1.57087 4.87675e-07
18.045 -0.436332 -0.43558 -0.000752487 3.91855 2.0947e-05 -0.00156187 2.168e-05 -0.43558 2.03031e-05 1.57087 4.85421e-07
18.046 -0.436332 -0.435583 -0.000749019 3.9192 2.08505e-05 -0.00155467 2.15801e-05 -0.435583 2.02095e-05 1.57087 4.8316e-07
18.047 -0.436332 -0.435587 -0.000745543 3.91984 2.07537e-05 -0.00154745 2.14799e-05 -0.435587 2.01157e-05 1.57087 4.80894e-07
18.048 -0.436332 -0.43559 -0.000742057 3.92048 2.06566e-05 -0.00154022 2.13795e-05 -0.43559 2.00217e-05 1.57087 4.78621e-07
18.049 -0.436332 -0.435594 -0.000738562 3.92113 2.05593e-05 -0.00153297 2.12788e-05 -0.435594 1.99274e-05 1.57087 4.76343e-07
18.05 -0.436332 -0.435597 -0.000735059 3.92177 2.04618e-05 -0.00152569 2.11778e-05 -0.435597 1.98329e-05 1.57087 4.74059e-07
18.051 -0.436332 -0.435601 -0.000731547 3.92242 2.0364e-05 -0.0015184 2.10766e-05 -0.435601 1.97382e-05 1.57087 4.71769e-07
18.052 -0.436332 -0.435604 -0.000728027 3.92306 2.0266e-05 -0.0015111 2.09751e-05 -0.435604 1.96432e-05 1.57087 4.69474e-07
18.053 -0.436332 -0.435608 -0.000724498 3.92371 2.01677e-05 -0.00150377 2.08734e-05 -0.435608 1.9548e-05 1.57087 4.67173e-07
18.054 -0.436332 -0.435611 -0.00072096 3.92435 2.00692e-05 -0.00149643 2.07715e-05 -0.435611 1.94526e-05 1.57087 4.64866e-07
18.055 -0.436332 -0.435615 -0.000717415 3.925 1.99705e-05 -0.00148907 2.06693e-05 -0.435615 1.9357e-05 1.57087 4.62555e-07
18.056 -0.436332 -0.435618 -0.000713861 3.92565 1.98716e-05 -0.0014817 2.05669e-05 -0.435618 1.92611e-05 1.57087 4.60237e-07
18.057 -0.436332 -0.435622 -0.000710299 3.92629 1.97724e-05 -0.0014743 2.04642e-05 -0.435622 1.9165e-05 1.57087 4.57915e-07
18.058 -0.436332 -0.435626 -0.00070673 3.92694 1.9673e-05 -0.0014669 2.03613e-05 -0.435626 1.90687e-05 1.57087 4.55587e-07
18.059 -0.436332 -0.435629 -0.000703153 3.92758 1.95734e-05 -0.00145947 2.02582e-05 -0.435629 1.89722e-05 1.57086 4.53254e-07
18.06 -0.436332 -0.435633 -0.000699568 3.92823 1.94736e-05 -0.00145203 2.01549e-05 -0.435633 1.88755e-05 1.57086 4.50916e-07
18.061 -0.436332 -0.435636 -0.000695975 3.92888 1.93735e-05 -0.00144457 2.00514e-05 -0.435636 1.87786e-05 1.57086 4.48573e-07
18.062 -0.436332 -0.43564 -0.000692375 3.92952 1.92733e-05 -0.0014371 1.99476e-05 -0.43564 1.86815e-05 1.57086 4.46225e-07
18.063 -0.436332 -0.435644 -0.000688768 3.93017 1.91728e-05 -0.00142961 1.98437e-05 -0.435644 1.85842e-05 1.57086 4.43872e-07
18.064 -0.436332 -0.435647 -0.000685153 3.93082 1.90722e-05 -0.00142211 1.97395e-05 -0.435647 1.84867e-05 1.57086 4.41515e-07
18.065 -0.436332 -0.435651 -0.000681531 3.93146 1.89714e-05 -0.0014146 1.96351e-05 -0.435651 1.8389e-05 1.57086 4.39153e-07
18.066 -0.436332 -0.435654 -0.000677903 3.93211 1.88703e-05 -0.00140706 1.95305e-05 -0.435654 1.82911e-05 1.57086 4.36786e-07
18.067 -0.436332 -0.435658 -0.000674267 3.93276 1.87691e-05 -0.00139952 1.94257e-05 -0.435658 1.8193e-05 1.57086 4.34414e-07
18.068 -0.436332 -0.435662 -0.000670624 3.9334 1.86677e-05 -0.00139196 1.93208e-05 -0.435662 1.80948e-05 1.57086 4.32038e-07
18.069 -0.436332 -0.435665 -0.000666975 3.93405 1.8566e-05 -0.00138438 1.92156e-05 -0.435665 1.79963e-05 1.57086 4.29658e-07
18.07 -0.436332 -0.435669 -0.00066332 3.9347 1.84643e-05 -0.0013768 1.91102e-05 -0.435669 1.78977e-05 1.57086 4.27274e-07
18.071 -0.436332 -0.435673 -0.000659657 3.93534 1.83623e-05 -0.0013692 1.90047e-05 -0.435673 1.77989e-05 1.57086 4.24885e-07
18.072 -0.436332 -0.435676 -0.000655989 3.93599 1.82601e-05 -0.00136158 1.88989e-05 -0.435676 1.77e-05 1.57086 4.22492e-07
18.073 -0.436332 -0.43568 -0.000652314 3.93664 1.81578e-05 -0.00135395 1.8793e-05 -0.43568 1.76008e-05 1.57086 4.20095e-07
18.074 -0.436332 -0.435684 -0.000648633 3.93728 1.80553e-05 -0.00134631 1.86869e-05 -0.435684 1.75015e-05 1.57086 4.17693e-07
18.075 -0.436332 -0.435687 -0.000644946 3.93793 1.79526e-05 -0.00133866 1.85807e-05 -0.435687 1.74021e-05 1.57086 4.15288e-07
18.076 -0.436332 -0.435691 -0.000641253 3.93858 1.78498e-05 -0.001331 1.84742e-05 -0.435691 1.73025e-05 1.57086 4.12879e-07
18.077 -0.436332 -0.435695 -0.000637554 3.93922 1.77468e-05 -0.00132332 1.83676e-05 -0.435695 1.72027e-05 1.57086 4.10466e-07
18.078 -0.436332 -0.435698 -0.00063385 3.93987 1.76437e-05 -0.00131563 1.82608e-05 -0.435698 1.71028e-05 1.57086 4.0805e-07
18.079 -0.436332 -0.435702 -0.00063014 3.94051 1.75404e-05 -0.00130793 1.81539e-05 -0.435702 1.70027e-05 1.57086 4.05629e-07
18.08 -0.436332 -0.435706 -0.000626424 3.94116 1.74369e-05 -0.00130022 1.80468e-05 -0.435706 1.69024e-05 1.57086 4.03206e-07
18.081 -0.436332 -0.43571 -0.000622703 3.9418 1.73333e-05 -0.0012925 1.79396e-05 -0.43571 1.68021e-05 1.57086 4.00778e-07
18.082 -0.436332 -0.435713 -0.000618977 3.94245 1.72295e-05 -0.00128476 1.78322e-05 -0.435713 1.67015e-05 1.57086 3.98347e-07
18.083 -0.436332 -0.435717 -0.000615246 3.94309 1.71256e-05 -0.00127702 1.77246e-05 -0.435717 1.66009e-05 1.57086 3.95913e-07
18.084 -0.436332 -0.435721 -0.000611509 3.94374 1.70216e-05 -0.00126926 1.76169e-05 -0.435721 1.65001e-05 1.57086 3.93475e-07
18.085 -0.436332 -0.435725 -0.000607768 3.94438 1.69174e-05 -0.0012615 1.75091e-05 -0.435725 1.63992e-05 1.57086 3.91034e-07
18.086 -0.436332 -0.435728 -0.000604021 3.94503 1.68131e-05 -0.00125372 1.74011e-05 -0.435728 1.62981e-05 1.57086 3.8859e-07
18.087 -0.436332 -0.435732 -0.00060027 3.94567 1.67086e-05 -0.00124594 1.7293e-05 -0.435732 1.61969e-05 1.57085 3.86143e-07
18.088 -0.436332 -0.435736 -0.000596514 3.94631 1.6604e-05 -0.00123814 1.71848e-05 -0.435736 1.60956e-05 1.57085 3.83693e-07
18.089 -0.436332 -0.43574 -0.000592754 3.94696 1.64993e-05 -0.00123034 1.70764e-05 -0.43574 1.59942e-05 1.57085 3.8124e-07
18.09 -0.436332 -0.435743 -0.000588989 3.9476 1.63945e-05 -0.00122252 1.69679e-05 -0.435743 1.58926e-05 1.57085 3.78784e-07
18.091 -0.436332 -0.435747 -0.00058522 3.94824 1.62895e-05 -0.0012147 1.68592e-05 -0.435747 1.57909e-05 1.57085 3.76325e-07
18.092 -0.436332 -0.435751 -0.000581447 3.94888 1.61845e-05 -0.00120687 1.67505e-05 -0.435751 1.56891e-05 1.57085 3.73863e-07
18.093 -0.436332 -0.435755 -0.00057767 3.94953 1.60793e-05 -0.00119903 1.66416e-05 -0.435755 1.55872e-05 1.57085 3.71399e-07
18.094 -0.436332 -0.435758 -0.000573888 3.95017 1.5974e-05 -0.00119118 1.65326e-05 -0.435758 1.54852e-05 1.57085 3.68932e-07
18.095 -0.436332 -0.435762 -0.000570103 3.95081 1.58686e-05 -0.00118332 1.64235e-05 -0.435762 1.53831e-05 1.57085 3.66463e-07
18.096 -0.436332 -0.435766 -0.000566314 3.95145 1.57631e-05 -0.00117546 1.63143e-05 -0.435766 1.52809e-05 1.57085 3.63991e-07
18.097 -0.436332 -0.43577 -0.000562521 3.95209 1.56575e-05 -0.00116759 1.6205e-05 -0.43577 1.51786e-05 1.57085 3.61517e-07
18.098 -0.436332 -0.435774 -0.000558724 3.95273 1.55517e-05 -0.00115971 1.60955e-05 -0.435774 1.50762e-05 1.57085 3.5904e-07
18.099 -0.436332 -0.435777 -0.000554924 3.95336 1.54459e-05 -0.00115182 1.5986e-05 -0.435777 1.49737e-05 1.57085 3.56561e-07
18.1 -0.436332 -0.435781 -0.000551121 3.954 1.534e-05 -0.00114392 1.58764e-05 -0.435781 1.48711e-05 1.57085 3.5408e-07
18.101 -0.436332 -0.435785 -0.000547314 3.95464 1.5234e-05 -0.00113602 1.57667e-05 -0.435785 1.47684e-05 1.57085 3.51597e-07
18.102 -0.436332 -0.435789 -0.000543505 3.95528 1.51279e-05 -0.00112812 1.56569e-05 -0.435789 1.46656e-05 1.57085 3.49111e-07
18.103 -0.436332 -0.435793 -0.000539692 3.95591 1.50218e-05 -0.0011202 1.5547e-05 -0.435793 1.45628e-05 1.57085 3.46624e-07
18.104 -0.436332 -0.435796 -0.000535876 3.95655 1.49155e-05 -0.00111228 1.5437e-05 -0.435796 1.44598e-05 1.57085 3.44135e-07
18.105 -0.436332 -0.4358 -0.000532057 3.95719 1.48092e-05 -0.00110436 1.53269e-05 -0.4358 1.43568e-05 1.57085 3.41644e-07
18.106 -0.436332 -0.435804 -0.000528235 3.95782 1.47028e-05 -0.00109642 1.52168e-05 -0.435804 1.42537e-05 1.57085 3.39151e-07
18.107 -0.436332 -0.435808 -0.000524411 3.95846 1.45963e-05 -0.00108849 1.51065e-05 -0.435808 1.41506e-05 1.57085 3.36657e-07
18.108 -0.436332 -0.435812 -0.000520584 3.95909 1.44897e-05 -0.00108054 1.49962e-05 -0.435812 1.40473e-05 1.57085 3.3416e-07
18.109 -0.436332 -0.435816 -0.000516755 3.95972 1.43831e-05 -0.0010726 1.48859e-05 -0.435816 1.3944e-05 1.57085 3.31663e-07
18.11 -0.436332 -0.435819 -0.000512924 3.96036 1.42764e-05 -0.00106464 1.47754e-05 -0.435819 1.38407e-05 1.57085 3.29163e-07
18.111 -0.436332 -0.435823 -0.00050909 3.96099 1.41696e-05 -0.00105669 1.46649e-05 -0.435823 1.37373e-05 1.57085 3.26663e-07
18.112 -0.436332 -0.435827 -0.000505254 3.96162 1.40628e-05 -0.00104872 1.45544e-05 -0.435827 1.36338e-05 1.57085 3.2416e-07
18.113 -0.436332 -0.435831 -0.000501415 3.96225 1.39559e-05 -0.00104076 1.44437e-05 -0.435831 1.35302e-05 1.57085 3.21657e-07
18.114 -0.436332 -0.435835 -0.000497575 3.96288 1.3849e-05 -0.00103279 1.43331e-05 -0.435835 1.34266e-05 1.57084 3.19152e-07
18.115 -0.436332 -0.435839 -0.000493733 3.96351 1.3742e-05 -0.00102481 1.42223e-05 -0.435839 1.3323e-05 1.57084 3.16647e-07
18.116 -0.436332 -0.435842 -0.00048989 3.96414 1.3635e-05 -0.00101684 1.41115e-05 -0.435842 1.32193e-05 1.57084 3.1414e-07
18.117 -0.436332 -0.435846 -0.000486044 3.96476 1.35279e-05 -0.00100886 1.40007e-05 -0.435846 1.31156e-05 1.57084 3.11632e-07
18.118 -0.436332 -0.43585 -0.000482197 3.96539 1.34208e-05 -0.00100087 1.38898e-05 -0.43585 1.30118e-05 1.57084 3.09123e-07
18.119 -0.436332 -0.435854 -0.000478349 3.96602 1.33136e-05 -0.000992883 1.37789e-05 -0.435854 1.2908e-05 1.57084 3.06613e-07
18.12 -0.436332 -0.435858 -0.000474499 3.96664 1.32064e-05 -0.000984893 1.36679e-05 -0.435858 1.28042e-05 1.57084 3.04102e-07
18.121 -0.436332 -0.435862 -0.000470648 3.96727 1.30992e-05 -0.0009769 1.35569e-05 -0.435862 1.27003e-05 1.57084 3.01591e-07
18.122 -0.436332 -0.435866 -0.000466796 3.96789 1.29919e-05 -0.000968904 1.34459e-05 -0.435866 1.25964e-05 1.57084 2.99079e-07
18.123 -0.436332 -0.435869 -0.000462943 3.96851 1.28846e-05 -0.000960907 1.33348e-05 -0.435869 1.24924e-05 1.57084 2.96566e-07
18.124 -0.436332 -0.435873 -0.000459088 3.96914 1.27773e-05 -0.000952907 1.32238e-05 -0.435873 1.23884e-05 1.57084 2.94053e-07
18.125 -0.436332 -0.435877 -0.000455233 3.96976 1.267e-05 -0.000944906 1.31126e-05 -0.435877 1.22844e-05 1.57084 2.91539e-07
18.126 -0.436332 -0.435881 -0.000451377 3.97038 1.25626e-05 -0.000936903 1.30015e-05 -0.435881 1.21804e-05 1.57084 2.89024e-07
18.127 -0.436332 -0.435885 -0.000447521 3.971 1.24552e-05 -0.000928898 1.28903e-05 -0.435885 1.20764e-05 1.57084 2.8651e-07
18.128 -0.436332 -0.435889 -0.000443664 3.97162 1.23478e-05 -0.000920893 1.27792e-05 -0.435889 1.19723e-05 1.57084 2.83995e-07
18.129 -0.436332 -0.435893 -0.000439806 3.97223 1.22404e-05 -0.000912886 1.2668e-05 -0.435893 1.18683e-05 1.57084 2.81479e-07
18.13 -0.436332 -0.435896 -0.000435948 3.97285 1.2133e-05 -0.000904879 1.25568e-05 -0.435896 1.17642e-05 1.57084 2.78964e-07
18.131 -0.436332 -0.4359 -0.00043209 3.97347 1.20255e-05 -0.00089687 1.24456e-05 -0.4359 1.16601e-05 1.57084 2.76448e-07
18.132 -0.436332 -0.435904 -0.000428231 3.97408 1.19181e-05 -0.000888862 1.23344e-05 -0.435904 1.1556e-05 1.57084 2.73933e-07
18.133 -0.436332 -0.435908 -0.000424373 3.9747 1.18107e-05 -0.000880853 1.22232e-05 -0.435908 1.1452e-05 1.57084 2.71417e-07
18.134 -0.436332 -0.435912 -0.000420514 3.97531 1.17032e-05 -0.000872845 1.21119e-05 -0.435912 1.13479e-05 1.57084 2.68902e-07
18.135 -0.436332 -0.435916 -0.000416656 3.97592 1.15958e-05 -0.000864836 1.20007e-05 -0.435916 1.12438e-05 1.57084 2.66386e-07
18.136 -0.436332 -0.43592 -0.000412797 3.97653 1.14883e-05 -0.000856828 1.18895e-05 -0.43592 1.11397e-05 1.57084 2.63871e-07
18.137 -0.436332 -0.435923 -0.000408939 3.97714 1.13809e-05 -0.000848821 1.17783e-05 -0.435923 1.10356e-05 1.57084 2.61356e-07
18.138 -0.436332 -0.435927 -0.000405082 3.97775 1.12735e-05 -0.000840814 1.16672e-05 -0.435927 1.09316e-05 1.57084 2.58841e-07
18.139 -0.436332 -0.435931 -0.000401225 3.97836 1.11661e-05 -0.000832809 1.1556e-05 -0.435931 1.08275e-05 1.57084 2.56327e-07
18.14 -0.436332 -0.435935 -0.000397368 3.97897 1.10587e-05 -0.000824804 1.14448e-05 -0.435935 1.07235e-05 1.57084 2.53813e-07
18.141 -0.436332 -0.435939 -0.000393512 3.97957 1.09514e-05 -0.000816801 1.13337e-05 -0.435939 1.06195e-05 1.57083 2.513e-07
18.142 -0.436332 -0.435943 -0.000389657 3.98018 1.0844e-05 -0.000808799 1.12226e-05 -0.435943 1.05155e-05 1.57083 2.48787e-07
18.143 -0.436332 -0.435947 -0.000385803 3.98078 1.07367e-05 -0.0008008 1.11115e-05 -0.435947 1.04115e-05 1.57083 2.46275e-07
18.144 -0.436332 -0.43595 -0.000381949 3.98138 1.06294e-05 -0.000792802 1.10004e-05 -0.43595 1.03076e-05 1.57083 2.43764e-07
18.145 -0.436332 -0.435954 -0.000378097 3.98199 1.05221e-05 -0.000784806 1.08894e-05 -0.435954 1.02036e-05 1.57083 2.41253e-07
18.146 -0.436332 -0.435958 -0.000374246 3.98259 1.04149e-05 -0.000776813 1.07784e-05 -0.435958 1.00997e-05 1.57083 2.38743e-07
18.147 -0.436332 -0.435962 -0.000370396 3.98319 1.03077e-05 -0.000768822 1.06674e-05 -0.435962 9.99589e-06 1.57083 2.36234e-07
18.148 -0.436332 -0.435966 -0.000366547 3.98379 1.02005e-05 -0.000760834 1.05565e-05 -0.435966 9.89207e-06 1.57083 2.33726e-07
18.149 -0.436332 -0.43597 -0.0003627 3.98438 1.00934e-05 -0.000752849 1.04456e-05 -0.43597 9.78829e-06 1.57083 2.31219e-07
18.15 -0.436332 -0.435973 -0.000358854 3.98498 9.98634e-06 -0.000744867 1.03348e-05 -0.435973 9.68454e-06 1.57083 2.28713e-07
18.151 -0.436332 -0.435977 -0.00035501 3.98557 9.87931e-06 -0.000736888 1.0224e-05 -0.435977 9.58085e-06 1.57083 2.26208e-07
18.152 -0.436332 -0.435981 -0.000351168 3.98617 9.77232e-06 -0.000728913 1.01132e-05 -0.435981 9.47719e-06 1.57083 2.23705e-07
18.153 -0.436332 -0.435985 -0.000347327 3.98676 9.66538e-06 -0.000720941 1.00026e-05 -0.435985 9.37359e-06 1.57083 2.21202e-07
18.154 -0.436332 -0.435989 -0.000343488 3.98735 9.55849e-06 -0.000712974 9.89191e-06 -0.435989 9.27003e-06 1.57083 2.18701e-07
18.155 -0.436332 -0.435993 -0.000339651 3.98794 9.45166e-06 -0.00070501 9.78133e-06 -0.435993 9.16653e-06 1.57083 2.16201e-07
18.156 -0.436332 -0.435996 -0.000335817 3.98853 9.34489e-06 -0.000697051 9.6708e-06 -0.435996 9.06308e-06 1.57083 2.13703e-07
18.157 -0.436332 -0.436 -0.000331984 3.98912 9.23817e-06 -0.000689096 9.56034e-06 -0.436 8.95969e-06 1.57083 2.11206e-07
18.158 -0.436332 -0.436004 -0.000328153 3.9897 9.13152e-06 -0.000681145 9.44994e-06 -0.436004 8.85636e-06 1.57083 2.08711e-07
18.159 -0.436332 -0.436008 -0.000324325 3.99029 9.02493e-06 -0.0006732 9.3396e-06 -0.436008 8.75309e-06 1.57083 2.06217e-07
18.16 -0.436332 -0.436012 -0.000320499 3.99087 8.91841e-06 -0.000665259 9.22934e-06 -0.436012 8.64988e-06 1.57083 2.03725e-07
18.161 -0.436332 -0.436016 -0.000316676 3.99146 8.81196e-06 -0.000657323 9.11915e-06 -0.436016 8.54675e-06 1.57083 2.01235e-07
18.162 -0.436332 -0.436019 -0.000312855 3.99204 8.70558e-06 -0.000649393 9.00903e-06 -0.436019 8.44368e-06 1.57083 1.98746e-07
18.163 -0.436332 -0.436023 -0.000309037 3.99262 8.59927e-06 -0.000641469 8.89899e-06 -0.436023 8.34068e-06 1.57083 1.9626e-07
18.164 -0.436332 -0.436027 -0.000305222 3.9932 8.49304e-06 -0.00063355 8.78903e-06 -0.436027 8.23776e-06 1.57083 1.93775e-07
18.165 -0.436332 -0.436031 -0.000301409 3.99377 8.38689e-06 -0.000625637 8.67915e-06 -0.436031 8.13492e-06 1.57083 1.91292e-07
18.166 -0.436332 -0.436035 -0.0002976 3.99435 8.28083e-06 -0.00061773 8.56936e-06 -0.436035 8.03215e-06 1.57083 1.88811e-07
18.167 -0.436332 -0.436039 -0.000293793 3.99492 8.17484e-06 -0.000609829 8.45965e-06 -0.436039 7.92947e-06 1.57082 1.86332e-07
18.168 -0.436332 -0.436042 -0.00028999 3.9955 8.06894e-06 -0.000601935 8.35004e-06 -0.436042 7.82686e-06 1.57082 1.83855e-07
18.169 -0.436332 -0.436046 -0.00028619 3.99607 7.96314e-06 -0.000594047 8.24051e-06 -0.436046 7.72435e-06 1.57082 1.81381e-07
18.17 -0.436332 -0.43605 -0.000282393 3.99664 7.85742e-06 -0.000586166 8.13108e-06 -0.43605 7.62192e-06 1.57082 1.78908e-07
18.171 -0.436332 -0.436054 -0.000278599 3.99721 7.7518e-06 -0.000578292 8.02174e-06 -0.436054 7.51958e-06 1.57082 1.76438e-07
18.172 -0.436332 -0.436058 -0.000274809 3.99778 7.64627e-06 -0.000570425 7.91251e-06 -0.436058 7.41734e-06 1.57082 1.73971e-07
18.173 -0.436332 -0.436061 -0.000271022 3.99834 7.54084e-06 -0.000562566 7.80338e-06 -0.436061 7.31519e-06 1.57082 1.71505e-07
18.174 -0.436332 -0.436065 -0.000267239 3.99891 7.43551e-06 -0.000554714 7.69435e-06 -0.436065 7.21314e-06 1.57082 1.69043e-07
18.175 -0.436332 -0.436069 -0.000263459 3.99947 7.33029e-06 -0.000546869 7.58543e-06 -0.436069 7.11118e-06 1.57082 1.66582e-07
18.176 -0.436332 -0.436073 -0.000259684 4.00004 7.22517e-06 -0.000539033 7.47661e-06 -0.436073 7.00933e-06 1.57082 1.64124e-07
18.177 -0.436332 -0.436076 -0.000255912 4.0006 7.12016e-06 -0.000531204 7.36791e-06 -0.436076 6.90758e-06 1.57082 1.61669e-07
18.178 -0.436332 -0.43608 -0.000252144 4.00116 7.01525e-06 -0.000523384 7.25932e-06 -0.43608 6.80594e-06 1.57082 1.59217e-07
18.179 -0.436332 -0.436084 -0.00024838 4.00171 6.91046e-06 -0.000515572 7.15085e-06 -0.436084 6.70441e-06 1.57082 1.56767e-07
18.18 -0.436332 -0.436088 -0.000244621 4.00227 6.80579e-06 -0.000507768 7.0425e-06 -0.436088 6.60299e-06 1.57082 1.5432e-07
18.181 -0.436332 -0.436091 -0.000240865 4.00282 6.70123e-06 -0.000499973 6.93427e-06 -0.436091 6.50168e-06 1.57082 1.51876e-07
18.182 -0.436332 -0.436095 -0.000237114 4.00338 6.59679e-06 -0.000492187 6.82616e-06 -0.436095 6.40048e-06 1.57082 1.49435e-07
18.183 -0.436332 -0.436099 -0.000233367 4.00393 6.49248e-06 -0.00048441 6.71817e-06 -0.436099 6.29941e-06 1.57082 1.46996e-07
18.184 -0.436332 -0.436103 -0.000229624 4.00448 6.38828e-06 -0.000476642 6.61032e-06 -0.436103 6.19845e-06 1.57082 1.44561e-07
18.185 -0.436332 -0.436106 -0.000225886 4.00503 6.28421e-06 -0.000468884 6.50259e-06 -0.436106 6.09761e-06 1.57082 1.42129e-07
18.186 -0.436332 -0.43611 -0.000222153 4.00558 6.18027e-06 -0.000461135 6.395e-06 -0.43611 5.9969e-06 1.57082 1.397e-07
18.187 -0.436332 -0.436114 -0.000218424 4.00612 6.07647e-06 -0.000453396 6.28754e-06 -0.436114 5.89632e-06 1.57082 1.37273e-07
18.188 -0.436332 -0.436118 -0.0002147 4.00667 5.97279e-06 -0.000445666 6.18022e-06 -0.436118 5.79586e-06 1.57082 1.34851e-07
18.189 -0.436332 -0.436121 -0.000210981 4.00721 5.86925e-06 -0.000437947 6.07304e-06 -0.436121 5.69553e-06 1.57082 1.32431e-07
18.19 -0.436332 -0.436125 -0.000207267 4.00775 5.76584e-06 -0.000430238 5.966e-06 -0.436125 5.59533e-06 1.57082 1.30015e-07
18.191 -0.436332 -0.436129 -0.000203558 4.00829 5.66258e-06 -0.000422539 5.85911e-06 -0.436129 5.49527e-06 1.57082 1.27602e-07
18.192 -0.436332 -0.436132 -0.000199854 4.00883 5.55945e-06 -0.000414851 5.75236e-06 -0.436132 5.39535e-06 1.57082 1.25192e-07
18.193 -0.436332 -0.436136 -0.000196155 4.00936 5.45647e-06 -0.000407173 5.64576e-06 -0.436136 5.29556e-06 1.57082 1.22786e-07
18.194 -0.436332 -0.43614 -0.000192461 4.0099 5.35364e-06 -0.000399506 5.53931e-06 -0.43614 5.19592e-06 1.57082 1.20384e-07
18.195 -0.436332 -0.436144 -0.000188772 4.01043 5.25095e-06 -0.000391851 5.43301e-06 -0.436144 5.09642e-06 1.57081 1.17985e-07
18.196 -0.436332 -0.436147 -0.000185089 4.01096 5.14842e-06 -0.000384206 5.32687e-06 -0.436147 4.99706e-06 1.57081 1.1559e-07
18.197 -0.436332 -0.436151 -0.000181411 4.01149 5.04603e-06 -0.000376573 5.22089e-06 -0.436151 4.89785e-06 1.57081 1.13198e-07
18.198 -0.436332 -0.436155 -0.000177739 4.01202 4.9438e-06 -0.000368951 5.11507e-06 -0.436155 4.79879e-06 1.57081 1.1081e-07
18.199 -0.436332 -0.436158 -0.000174073 4.01255 4.84173e-06 -0.00036134 5.0094e-06 -0.436158 4.69988e-06 1.57081 1.08426e-07
18.2 -0.436332 -0.436162 -0.000170412 4.01307 4.73982e-06 -0.000353742 4.90391e-06 -0.436162 4.60113e-06 1.57081 1.06045e-07
18.201 -0.436332 -0.436166 -0.000166757 4.0136 4.63806e-06 -0.000346156 4.79858e-06 -0.436166 4.50252e-06 1.57081 1.03669e-07
18.202 -0.436332 -0.436169 -0.000163107 4.01412 4.53647e-06 -0.000338581 4.69341e-06 -0.436169 4.40408e-06 1.57081 1.01296e-07
18.203 -0.436332 -0.436173 -0.000159464 4.01464 4.43504e-06 -0.000331019 4.58842e-06 -0.436173 4.3058e-06 1.57081 9.89277e-08
18.204 -0.436332 -0.436176 -0.000155827 4.01516 4.33378e-06 -0.000323469 4.4836e-06 -0.436176 4.20767e-06 1.57081 9.65631e-08
18.205 -0.436332 -0.43618 -0.000152195 4.01567 4.23269e-06 -0.000315932 4.37896e-06 -0.43618 4.10971e-06 1.57081 9.42025e-08
18.206 -0.436332 -0.436184 -0.00014857 4.01619 4.13177e-06 -0.000308407 4.27449e-06 -0.436184 4.01192e-06 1.57081 9.1846e-08
18.207 -0.436332 -0.436187 -0.000144951 4.0167 4.03103e-06 -0.000300896 4.1702e-06 -0.436187 3.91429e-06 1.57081 8.94937e-08
18.208 -0.436332 -0.436191 -0.000141338 4.01721 3.93045e-06 -0.000293397 4.06609e-06 -0.436191 3.81683e-06 1.57081 8.71456e-08
18.209 -0.436332 -0.436195 -0.000137732 4.01772 3.83006e-06 -0.000285912 3.96217e-06 -0.436195 3.71954e-06 1.57081 8.48017e-08
18.21 -0.436332 -0.436198 -0.000134132 4.01823 3.72984e-06 -0.00027844 3.85843e-06 -0.436198 3.62243e-06 1.57081 8.24621e-08
18.211 -0.436332 -0.436202 -0.000130538 4.01873 3.62981e-06 -0.000270981 3.75487e-06 -0.436202 3.52549e-06 1.57081 8.01269e-08
18.212 -0.436332 -0.436205 -0.000126951 4.01924 3.52996e-06 -0.000263536 3.65151e-06 -0.436205 3.42873e-06 1.57081 7.7796e-08
18.213 -0.436332 -0.436209 -0.000123371 4.01974 3.43029e-06 -0.000256105 3.54834e-06 -0.436209 3.33214e-06 1.57081 7.54696e-08
18.214 -0.436332 -0.436213 -0.000119797 4.02024 3.33081e-06 -0.000248687 3.44536e-06 -0.436213 3.23574e-06 1.57081 7.31477e-08
18.215 -0.436332 -0.436216 -0.00011623 4.02074 3.23152e-06 -0.000241284 3.34258e-06 -0.436216 3.13952e-06 1.57081 7.08302e-08
18.216 -0.436332 -0.43622 -0.00011267 4.02124 3.13242e-06 -0.000233895 3.23999e-06 -0.43622 3.04349e-06 1.57081 6.85174e-08
18.217 -0.436332 -0.436223 -0.000109117 4.02173 3.03352e-06 -0.00022652 3.13761e-06 -0.436223 2.94764e-06 1.57081 6.62092e-08
18.218 -0.436332 -0.436227 -0.000105571 4.02223 2.9348e-06 -0.00021916 3.03543e-06 -0.436227 2.85197e-06 1.57081 6.39056e-08
18.219 -0.436332 -0.43623 -0.000102032 4.02272 2.83629e-06 -0.000211814 2.93345e-06 -0.43623 2.7565e-06 1.57081 6.16067e-08
18.22 -0.436332 -0.436234 -9.85e-05 4.02321 2.73797e-06 -0.000204483 2.83167e-06 -0.436234 2.66122e-06 1.57081 5.93126e-08
18.221 -0.436332 -0.436237 -9.49753e-05 4.0237 2.63986e-06 -0.000197167 2.7301e-06 -0.436237 2.56614e-06 1.57081 5.70233e-08
18.222 -0.436332 -0.436241 -9.14577e-05 4.02418 2.54194e-06 -0.000189866 2.62875e-06 -0.436241 2.47125e-06 1.57081 5.47388e-08
18.223 -0.436332 -0.436244 -8.79475e-05 4.02467 2.44423e-06 -0.00018258 2.5276e-06 -0.436244 2.37656e-06 1.5708 5.24592e-08
18.224 -0.436332 -0.436248 -8.44447e-05 4.02515 2.34673e-06 -0.00017531 2.42667e-06 -0.436248 2.28206e-06 1.5708 5.01845e-08
18.225 -0.436332 -0.436251 -8.09493e-05 4.02563 2.24943e-06 -0.000168055 2.32595e-06 -0.436251 2.18777e-06 1.5708 4.79148e-08
18.226 -0.436332 -0.436255 -7.74615e-05 4.02611 2.15235e-06 -0.000160815 2.22545e-06 -0.436255 2.09368e-06 1.5708 4.56501e-08
18.227 -0.436332 -0.436258 -7.39812e-05 4.02659 2.05547e-06 -0.000153592 2.12517e-06 -0.436258 1.9998e-06 1.5708 4.33904e-08
18.228 -0.436332 -0.436262 -7.05086e-05 4.02706 1.95881e-06 -0.000146384 2.02511e-06 -0.436262 1.90612e-06 1.5708 4.11359e-08
18.229 -0.436332 -0.436265 -6.70437e-05 4.02754 1.86237e-06 -0.000139192 1.92527e-06 -0.436265 1.81265e-06 1.5708 3.88864e-08
18.23 -0.436332 -0.436269 -6.35866e-05 4.02801 1.76614e-06 -0.000132017 1.82565e-06 -0.436269 1.71939e-06 1.5708 3.66422e-08
18.231 -0.436332 -0.436272 -6.01373e-05 4.02848 1.67013e-06 -0.000124857 1.72627e-06 -0.436272 1.62634e-06 1.5708 3.44032e-08
18.232 -0.436332 -0.436276 -5.66959e-05 4.02895 1.57434e-06 -0.000117715 1.62711e-06 -0.436276 1.53351e-06 1.5708 3.21694e-08
18.233 -0.436332 -0.436279 -5.32626e-05 4.02941 1.47878e-06 -0.000110588 1.52818e-06 -0.436279 1.44089e-06 1.5708 2.9941e-08
18.234 -0.436332 -0.436282 -4.98372e-05 4.02988 1.38343e-06 -0.000103479 1.42948e-06 -0.436282 1.34848e-06 1.5708 2.77179e-08
18.235 -0.436332 -0.436286 -4.642e-05 4.03034 1.28832e-06 -9.63857e-05 1.33102e-06 -0.436286 1.2563e-06 1.5708 2.55002e-08
18.236 -0.436332 -0.436289 -4.30109e-05 4.0308 1.19343e-06 -8.93098e-05 1.23279e-06 -0.436289 1.16434e-06 1.5708 2.32879e-08
18.237 -0.436332 -0.436293 -3.961e-05 4.03126 1.09877e-06 -8.22509e-05 1.1348e-06 -0.436293 1.07259e-06 1.5708 2.10811e-08
18.238 -0.436332 -0.436296 -3.62174e-05 4.03171 1.00434e-06 -7.52093e-05 1.03705e-06 -0.436296 9.81074e-07 1.5708 1.88798e-08
18.239 -0.436332 -0.436299 -3.28332e-05 4.03217 9.10147e-07 -6.8185e-05 9.39545e-07 -0.436299 8.8978e-07 1.5708 1.6684e-08
18.24 -0.436332 -0.436303 -2.94574e-05 4.03262 8.16187e-07 -6.11781e-05 8.42279e-07 -0.436303 7.98713e-07 1.5708 1.44938e-08
18.241 -0.436332 -0.436306 -2.609e-05 4.03307 7.22463e-07 -5.41888e-05 7.45257e-07 -0.436306 7.07874e-07 1.5708 1.23093e-08
18.242 -0.436332 -0.43631 -2.27312e-05 4.03352 6.28977e-07 -4.72172e-05 6.48481e-07 -0.43631 6.17265e-07 1.5708 1.01304e-08
18.243 -0.436332 -0.436313 -1.9381e-05 4.03396 5.3573e-07 -4.02634e-05 5.51953e-07 -0.436313 5.26889e-07 1.5708 7.95719e-09
18.244 -0.436332 -0.436316 -1.60394e-05 4.03441 4.42725e-07 -3.33276e-05 4.55675e-07 -0.436316 4.36745e-07 1.5708 5.78974e-09
18.245 -0.436332 -0.43632 -1.27065e-05 4.03485 3.49963e-07 -2.64099e-05 3.59648e-07 -0.43632 3.46836e-07 1.5708 3.62807e-09
18.246 -0.436332 -0.436323 -9.38243e-06 4.03529 2.57445e-07 -1.95103e-05 2.63875e-07 -0.436323 2.57164e-07 1.5708 1.47222e-09
18.247 -0.436332 -0.436326 -6.06715e-06 4.03573 1.65173e-07 -1.26291e-05 1.68356e-07 -0.436326 1.6773e-07 1.5708 -6.77782e-10
18.248 -0.436332 -0.43633 -2.76076e-06 4.03617 7.31494e-08 -5.7663e-06 7.30935e-08 -0.43633 7.85356e-08 1.5708 -2.82189e-09
18.249 -0.436332 -0.436333 5.3669e-07 4.0366 -1.86251e-08 1.07793e-06 -2.19109e-08 -0.436333 -1.04176e-08 1.5708 -4.96007e-09
18.25 -0.436332 -0.436336 3.82514e-06 4.03703 -1.10149e-07 7.90349e-06 -1.16656e-07 -0.436336 -9.91281e-08 1.5708 -7.09228e-09
18.251 -0.436332 -0.436339 7.10454e-06 4.03746 -2.01419e-07 1.47103e-05 -2.11139e-07 -0.436339 -1.87594e-07 1.5708 -9.21849e-09
18.252 -0.436332 -0.436343 1.03748e-05 4.03789 -2.92436e-07 2.14981e-05 -3.05359e-07 -0.436343 -2.75815e-07 1.5708 -1.13387e-08
18.253 -0.436332 -0.436346 1.36359e-05 4.03832 -3.83197e-07 2.82669e-05 -3.99315e-07 -0.436346 -3.63788e-07 1.5708 -1.34528e-08
18.254 -0.436332 -0.436349 1.68878e-05 4.03874 -4.73701e-07 3.50166e-05 -4.93004e-07 -0.436349 -4.51512e-07 1.57079 -1.55607e-08
18.255 -0.436332 -0.436352 2.01304e-05 4.03917 -5.63946e-07 4.1747e-05 -5.86425e-07 -0.436352 -5.38986e-07 1.57079 -1.76626e-08
18.256 -0.436332 -0.436356 2.33637e-05 4.03959 -6.53931e-07 4.84581e-05 -6.79578e-07 -0.436356 -6.26208e-07 1.57079 -1.97582e-08
18.257 -0.436332 -0.436359 2.65876e-05 4.04 -7.43654e-07 5.51496e-05 -7.72459e-07 -0.436359 -7.13177e-07 1.57079 -2.18477e-08
18.258 -0.436332 -0.436362 2.9802e-05 4.04042 -8.33113e-07 6.18216e-05 -8.65067e-07 -0.436362 -7.99891e-07 1.57079 -2.39309e-08
18.259 -0.436332 -0.436365 3.3007e-05 4.04083 -9.22308e-07 6.84738e-05 -9.57402e-07 -0.436365 -8.86349e-07 1.57079 -2.60078e-08
18.26 -0.436332 -0.436369 3.62024e-05 4.04125 -1.01124e-06 7.51063e-05 -1.04946e-06 -0.436369 -9.72549e-07 1.57079 -2.80783e-08
18.261 -0.436332 -0.436372 3.93882e-05 4.04166 -1.0999e-06 8.17187e-05 -1.14124e-06 -0.436372 -1.05849e-06 1.57079 -3.01426e-08
18.262 -0.436332 -0.436375 4.25643e-05 4.04206 -1.18829e-06 8.83112e-05 -1.23274e-06 -0.436375 -1.14417e-06 1.57079 -3.22004e-08
18.263 -0.436332 -0.436378 4.57307e-05 4.04247 -1.27641e-06 9.48835e-05 -1.32397e-06 -0.436378 -1.22959e-06 1.57079 -3.42518e-08
18.264 -0.436332 -0.436381 4.88874e-05 4.04287 -1.36426e-06 0.000101436 -1.41491e-06 -0.436381 -1.31475e-06 1.57079 -3.62968e-08
18.265 -0.436332 -0.436384 5.20342e-05 4.04328 -1.45183e-06 0.000107967 -1.50557e-06 -0.436384 -1.39964e-06 1.57079 -3.83353e-08
18.266 -0.436332 -0.436387 5.51712e-05 4.04368 -1.53913e-06 0.000114478 -1.59594e-06 -0.436387 -1.48426e-06 1.57079 -4.03672e-08
18.267 -0.436332 -0.436391 5.82982e-05 4.04407 -1.62615e-06 0.000120969 -1.68603e-06 -0.436391 -1.56862e-06 1.57079 -4.23926e-08
18.268 -0.436332 -0.436394 6.14153e-05 4.04447 -1.7129e-06 0.000127439 -1.77583e-06 -0.436394 -1.65271e-06 1.57079 -4.44115e-08
18.269 -0.436332 -0.436397 6.45224e-05 4.04486 -1.79936e-06 0.000133888 -1.86534e-06 -0.436397 -1.73652e-06 1.57079 -4.64237e-08
18.27 -0.436332 -0.4364 6.76194e-05 4.04525 -1.88555e-06 0.000140316 -1.95456e-06 -0.4364 -1.82007e-06 1.57079 -4.84292e-08
18.271 -0.436332 -0.436403 7.07063e-05 4.04564 -1.97145e-06 0.000146724 -2.04348e-06 -0.436403 -1.90334e-06 1.57079 -5.04281e-08
18.272 -0.436332 -0.436406 7.37831e-05 4.04603 -2.05707e-06 0.00015311 -2.13212e-06 -0.436406 -1.98634e-06 1.57079 -5.24203e-08
18.273 -0.436332 -0.436409 7.68496e-05 4.04642 -2.14241e-06 0.000159475 -2.22046e-06 -0.436409 -2.06907e-06 1.57079 -5.44057e-08
18.274 -0.436332 -0.436412 7.99059e-05 4.0468 -2.22746e-06 0.000165818 -2.3085e-06 -0.436412 -2.15152e-06 1.57079 -5.63843e-08
18.275 -0.436332 -0.436415 8.29518e-05 4.04718 -2.31222e-06 0.000172141 -2.39625e-06 -0.436415 -2.23368e-06 1.57079 -5.83562e-08
18.276 -0.436332 -0.436418 8.59874e-05 4.04756 -2.39669e-06 0.000178442 -2.4837e-06 -0.436418 -2.31557e-06 1.57079 -6.03212e-08
18.277 -0.436332 -0.436421 8.90126e-05 4.04794 -2.48088e-06 0.000184721 -2.57085e-06 -0.436421 -2.39718e-06 1.57079 -6.22794e-08
18.278 -0.436332 -0.436424 9.20274e-05 4.04831 -2.56477e-06 0.000190978 -2.65769e-06 -0.436424 -2.47851e-06 1.57079 -6.42306e-08
18.279 -0.436332 -0.436427 9.50316e-05 4.04868 -2.64837e-06 0.000197214 -2.74423e-06 -0.436427 -2.55956e-06 1.57079 -6.6175e-08
18.28 -0.436332 -0.43643 9.80253e-05 4.04905 -2.73167e-06 0.000203428 -2.83047e-06 -0.43643 -2.64032e-06 1.57079 -6.81123e-08
18.281 -0.436332 -0.436433 0.000101008 4.04942 -2.81468e-06 0.00020962 -2.91641e-06 -0.436433 -2.72079e-06 1.57079 -7.00427e-08
18.282 -0.436332 -0.436436 0.000103981 4.04979 -2.8974e-06 0.00021579 -3.00203e-06 -0.436436 -2.80098e-06 1.57079 -7.19661e-08
18.283 -0.436332 -0.436439 0.000106943 4.05015 -2.97981e-06 0.000221937 -3.08735e-06 -0.436439 -2.88088e-06 1.57079 -7.38825e-08
18.284 -0.436332 -0.436442 0.000109894 4.05051 -3.06193e-06 0.000228063 -3.17236e-06 -0.436442 -2.96049e-06 1.57079 -7.57918e-08
18.285 -0.436332 -0.436445 0.000112834 4.05087 -3.14375e-06 0.000234166 -3.25706e-06 -0.436445 -3.03981e-06 1.57079 -7.7694e-08
18.286 -0.436332 -0.436448 0.000115764 4.05123 -3.22526e-06 0.000240246 -3.34145e-06 -0.436448 -3.11884e-06 1.57079 -7.95891e-08
18.287 -0.436332 -0.436451 0.000118682 4.05158 -3.30648e-06 0.000246305 -3.42552e-06 -0.436451 -3.19757e-06 1.57078 -8.1477e-08
18.288 -0.436332 -0.436454 0.00012159 4.05194 -3.38739e-06 0.00025234 -3.50928e-06 -0.436454 -3.27602e-06 1.57078 -8.33578e-08
18.289 -0.436332 -0.436457 0.000124487 4.05229 -3.46799e-06 0.000258353 -3.59273e-06 -0.436457 -3.35416e-06 1.57078 -8.52314e-08
18.29 -0.436332 -0.43646 0.000127373 4.05264 -3.54829e-06 0.000264343 -3.67586e-06 -0.43646 -3.43201e-06 1.57078 -8.70977e-08
18.291 -0.436332 -0.436463 0.000130248 4.05298 -3.62828e-06 0.00027031 -3.75867e-06 -0.436463 -3.50957e-06 1.57078 -8.89568e-08
18.292 -0.436332 -0.436465 0.000133112 4.05333 -3.70797e-06 0.000276254 -3.84116e-06 -0.436465 -3.58682e-06 1.57078 -9.08086e-08
18.293 -0.436332 -0.436468 0.000135964 4.05367 -3.78734e-06 0.000282175 -3.92333e-06 -0.436468 -3.66378e-06 1.57078 -9.26531e-08
18.294 -0.436332 -0.436471 0.000138806 4.05401 -3.86641e-06 0.000288073 -4.00518e-06 -0.436471 -3.74043e-06 1.57078 -9.44902e-08
18.295 -0.436332 -0.436474 0.000141636 4.05435 -3.94516e-06 0.000293948 -4.0867e-06 -0.436474 -3.81679e-06 1.57078 -9.63201e-08
18.296 -0.436332 -0.436477 0.000144455 4.05468 -4.0236e-06 0.0002998 -4.16791e-06 -0.436477 -3.89284e-06 1.57078 -9.81425e-08
18.297 -0.436332 -0.43648 0.000147263 4.05502 -4.10172e-06 0.000305628 -4.24878e-06 -0.43648 -3.96858e-06 1.57078 -9.99575e-08
18.298 -0.436332 -0.436482 0.00015006 4.05535 -4.17953e-06 0.000311433 -4.32934e-06 -0.436482 -4.04403e-06 1.57078 -1.01765e-07
18.299 -0.436332 -0.436485 0.000152845 4.05568 -4.25703e-06 0.000317214 -4.40956e-06 -0.436485 -4.11916e-06 1.57078 -1.03565e-07
18.3 -0.436332 -0.436488 0.000155619 4.056 -4.33421e-06 0.000322971 -4.48946e-06 -0.436488 -4.19399e-06 1.57078 -1.05358e-07
18.301 -0.436332 -0.436491 0.000158381 4.05633 -4.41107e-06 0.000328705 -4.56903e-06 -0.436491 -4.26851e-06 1.57078 -1.07143e-07
18.302 -0.436332 -0.436493 0.000161132 4.05665 -4.48761e-06 0.000334415 -4.64826e-06 -0.436493 -4.34273e-06 1.57078 -1.08921e-07
18.303 -0.436332 -0.436496 0.000163872 4.05697 -4.56383e-06 0.000340102 -4.72717e-06 -0.436496 -4.41663e-06 1.57078 -1.10691e-07
18.304 -0.436332 -0.436499 0.0001666 4.05729 -4.63973e-06 0.000345764 -4.80574e-06 -0.436499 -4.49022e-06 1.57078 -1.12453e-07
18.305 -0.436332 -0.436502 0.000169316 4.05761 -4.7153e-06 0.000351402 -4.88398e-06 -0.436502 -4.5635e-06 1.57078 -1.14208e-07
18.306 -0.436332 -0.436504 0.000172021 4.05792 -4.79056e-06 0.000357017 -4.96189e-06 -0.436504 -4.63647e-06 1.57078 -1.15956e-07
18.307 -0.436332 -0.436507 0.000174714 4.05823 -4.86549e-06 0.000362607 -5.03946e-06 -0.436507 -4.70912e-06 1.57078 -1.17695e-07
18.308 -0.436332 -0.43651 0.000177396 4.05854 -4.94009e-06 0.000368173 -5.11669e-06 -0.43651 -4.78146e-06 1.57078 -1.19427e-07
18.309 -0.436332 -0.436512 0.000180065 4.05885 -5.01437e-06 0.000373714 -5.19359e-06 -0.436512 -4.85348e-06 1.57078 -1.21152e-07
18.31 -0.436332 -0.436515 0.000182724 4.05915 -5.08832e-06 0.000379232 -5.27014e-06 -0.436515 -4.92519e-06 1.57078 -1.22868e-07
18.311 -0.436332 -0.436518 0.00018537 4.05946 -5.16194e-06 0.000384725 -5.34636e-06 -0.436518 -4.99658e-06 1.57078 -1.24577e-07
18.312 -0.436332 -0.43652 0.000188004 4.05976 -5.23524e-06 0.000390193 -5.42224e-06 -0.43652 -5.06765e-06 1.57078 -1.26278e-07
18.313 -0.436332 -0.436523 0.000190627 4.06005 -5.3082e-06 0.000395637 -5.49778e-06 -0.436523 -5.1384e-06 1.57078 -1.27972e-07
18.314 -0.436332 -0.436526 0.000193238 4.06035 -5.38084e-06 0.000401056 -5.57297e-06 -0.436526 -5.20883e-06 1.57078 -1.29657e-07
18.315 -0.436332 -0.436528 0.000195837 4.06064 -5.45314e-06 0.00040645 -5.64782e-06 -0.436528 -5.27894e-06 1.57078 -1.31335e-07
18.316 -0.436332 -0.436531 0.000198424 4.06094 -5.52511e-06 0.00041182 -5.72233e-06 -0.436531 -5.34873e-06 1.57078 -1.33005e-07
18.317 -0.436332 -0.436533 0.000200999 4.06123 -5.59675e-06 0.000417165 -5.79649e-06 -0.436533 -5.4182e-06 1.57078 -1.34667e-07
18.318 -0.436332 -0.436536 0.000203562 4.06151 -5.66805e-06 0.000422485 -5.8703e-06 -0.436536 -5.48734e-06 1.57078 -1.36321e-07
18.319 -0.436332 -0.436538 0.000206113 4.0618 -5.73901e-06 0.00042778 -5.94377e-06 -0.436538 -5.55616e-06 1.57078 -1.37968e-07
18.32 -0.436332 -0.436541 0.000208652 4.06208 -5.80965e-06 0.00043305 -6.01689e-06 -0.436541 -5.62465e-06 1.57078 -1.39606e-07
18.321 -0.436332 -0.436543 0.000211178 4.06236 -5.87994e-06 0.000438295 -6.08966e-06 -0.436543 -5.69281e-06 1.57078 -1.41237e-07
18.322 -0.436332 -0.436546 0.000213693 4.06264 -5.9499e-06 0.000443514 -6.16209e-06 -0.436546 -5.76065e-06 1.57078 -1.42859e-07
18.323 -0.436332 -0.436549 0.000216196 4.06292 -6.01952e-06 0.000448709 -6.23416e-06 -0.436549 -5.82816e-06 1.57078 -1.44474e-07
18.324 -0.436332 -0.436551 0.000218686 4.06319 -6.08879e-06 0.000453878 -6.30588e-06 -0.436551 -5.89535e-06 1.57078 -1.46081e-07
18.325 -0.436332 -0.436553 0.000221164 4.06346 -6.15773e-06 0.000459022 -6.37725e-06 -0.436553 -5.9622e-06 1.57077 -1.47679e-07
18.326 -0.436332 -0.436556 0.00022363 4.06373 -6.22633e-06 0.000464141 -6.44827e-06 -0.436556 -6.02873e-06 1.57077 -1.4927e-07
18.327 -0.436332 -0.436558 0.000226084 4.064 -6.29459e-06 0.000469234 -6.51893e-06 -0.436558 -6.09492e-06 1.57077 -1.50853e-07
18.328 -0.436332 -0.436561 0.000228525 4.06426 -6.3625e-06 0.000474301 -6.58924e-06 -0.436561 -6.16078e-06 1.57077 -1.52427e-07
18.329 -0.436332 -0.436563 0.000230955 4.06453 -6.43008e-06 0.000479343 -6.65919e-06 -0.436563 -6.22631e-06 1.57077 -1.53994e-07
18.33 -0.436332 -0.436566 0.000233371 4.06479 -6.4973e-06 0.00048436 -6.72879e-06 -0.436566 -6.29151e-06 1.57077 -1.55552e-07
18.331 -0.436332 -0.436568 0.000235776 4.06505 -6.56419e-06 0.00048935 -6.79803e-06 -0.436568 -6.35637e-06 1.57077 -1.57102e-07
18.332 -0.436332 -0.43657 0.000238168 4.0653 -6.63072e-06 0.000494315 -6.86692e-06 -0.43657 -6.4209e-06 1.57077 -1.58645e-07
18.333 -0.436332 -0.436573 0.000240547 4.06556 -6.69692e-06 0.000499255 -6.93544e-06 -0.436573 -6.48509e-06 1.57077 -1.60179e-07
18.334 -0.436332 -0.436575 0.000242914 4.06581 -6.76276e-06 0.000504168 -7.00361e-06 -0.436575 -6.54895e-06 1.57077 -1.61705e-07
18.335 -0.436332 -0.436578 0.000245269 4.06606 -6.82826e-06 0.000509056 -7.07142e-06 -0.436578 -6.61247e-06 1.57077 -1.63223e-07
18.336 -0.436332 -0.43658 0.000247611 4.0663 -6.89341e-06 0.000513917 -7.13886e-06 -0.43658 -6.67566e-06 1.57077 -1.64732e-07
18.337 -0.436332 -0.436582 0.000249941 4.06655 -6.95821e-06 0.000518753 -7.20595e-06 -0.436582 -6.7385e-06 1.57077 -1.66234e-07
18.338 -0.436332 -0.436585 0.000252258 4.06679 -7.02266e-06 0.000523563 -7.27267e-06 -0.436585 -6.80101e-06 1.57077 -1.67727e-07
18.339 -0.436332 -0.436587 0.000254563 4.06703 -7.08677e-06 0.000528346 -7.33904e-06 -0.436587 -6.86318e-06 1.57077 -1.69212e-07
18.34 -0.436332 -0.436589 0.000256854 4.06727 -7.15052e-06 0.000533103 -7.40504e-06 -0.436589 -6.92501e-06 1.57077 -1.70689e-07
18.341 -0.436332 -0.436591 0.000259134 4.06751 -7.21392e-06 0.000537835 -7.47067e-06 -0.436591 -6.9865e-06 1.57077 -1.72157e-07
18.342 -0.436332 -0.436594 0.000261401 4.06774 -7.27697e-06 0.00054254 -7.53594e-06 -0.436594 -7.04765e-06 1.57077 -1.73618e-07
18.343 -0.436332 -0.436596 0.000263655 4.06797 -7.33966e-06 0.000547218 -7.60085e-06 -0.436596 -7.10846e-06 1.57077 -1.7507e-07
18.344 -0.436332 -0.436598 0.000265896 4.0682 -7.40201e-06 0.000551871 -7.66539e-06 -0.436598 -7.16893e-06 1.57077 -1.76514e-07
18.345 -0.436332 -0.4366 0.000268125 4.06843 -7.464e-06 0.000556497 -7.72957e-06 -0.4366 -7.22905e-06 1.57077 -1.77949e-07
18.346 -0.436332 -0.436603 0.000270341 4.06865 -7.52563e-06 0.000561097 -7.79338e-06 -0.436603 -7.28883e-06 1.57077 -1.79376e-07
18.347 -0.436332 -0.436605 0.000272544 4.06888 -7.58691e-06 0.00056567 -7.85682e-06 -0.436605 -7.34827e-06 1.57077 -1.80795e-07
18.348 -0.436332 -0.436607 0.000274734 4.0691 -7.64784e-06 0.000570217 -7.91989e-06 -0.436607 -7.40736e-06 1.57077 -1.82206e-07
18.349 -0.436332 -0.436609 0.000276912 4.06931 -7.70841e-06 0.000574737 -7.9826e-06 -0.436609 -7.46611e-06 1.57077 -1.83608e-07
18.35 -0.436332 -0.436611 0.000279077 4.06953 -7.76862e-06 0.000579231 -8.04494e-06 -0.436611 -7.52451e-06 1.57077 -1.85002e-07
18.351 -0.436332 -0.436614 0.000281229 4.06974 -7.82848e-06 0.000583698 -8.10691e-06 -0.436614 -7.58257e-06 1.57077 -1.86387e-07
18.352 -0.436332 -0.436616 0.000283368 4.06996 -7.88798e-06 0.000588138 -8.1685e-06 -0.436616 -7.64028e-06 1.57077 -1.87764e-07
18.353 -0.436332 -0.436618 0.000285495 4.07017 -7.94712e-06 0.000592552 -8.22973e-06 -0.436618 -7.69765e-06 1.57077 -1.89133e-07
18.354 -0.436332 -0.43662 0.000287608 4.07037 -8.0059e-06 0.000596939 -8.29059e-06 -0.43662 -7.75466e-06 1.57077 -1.90493e-07
18.355 -0.436332 -0.436622 0.000289709 4.07058 -8.06433e-06 0.0006013 -8.35107e-06 -0.436622 -7.81134e-06 1.57077 -1.91845e-07
18.356 -0.436332 -0.436624 0.000291797 4.07078 -8.12239e-06 0.000605633 -8.41118e-06 -0.436624 -7.86766e-06 1.57077 -1.93189e-07
18.357 -0.436332 -0.436626 0.000293872 4.07098 -8.1801e-06 0.00060994 -8.47093e-06 -0.436626 -7.92363e-06 1.57077 -1.94524e-07
18.358 -0.436332 -0.436628 0.000295934 4.07118 -8.23744e-06 0.00061422 -8.53029e-06 -0.436628 -7.97926e-06 1.57077 -1.9585e-07
18.359 -0.436332 -0.43663 0.000297983 4.07137 -8.29443e-06 0.000618473 -8.58929e-06 -0.43663 -8.03453e-06 1.57077 -1.97169e-07
18.36 -0.436332 -0.436632 0.000300019 4.07157 -8.35105e-06 0.000622699 -8.64791e-06 -0.436632 -8.08946e-06 1.57077 -1.98478e-07
18.361 -0.436332 -0.436634 0.000302042 4.07176 -8.40731e-06 0.000626899 -8.70616e-06 -0.436634 -8.14403e-06 1.57077 -1.9978e-07
18.362 -0.436332 -0.436636 0.000304052 4.07195 -8.46321e-06 0.000631071 -8.76403e-06 -0.436636 -8.19826e-06 1.57077 -2.01072e-07
18.363 -0.436332 -0.436638 0.000306049 4.07214 -8.51875e-06 0.000635216 -8.82152e-06 -0.436638 -8.25213e-06 1.57077 -2.02357e-07
18.364 -0.436332 -0.43664 0.000308033 4.07232 -8.57393e-06 0.000639334 -8.87865e-06 -0.43664 -8.30566e-06 1.57077 -2.03632e-07
18.365 -0.436332 -0.436642 0.000310004 4.0725 -8.62874e-06 0.000643425 -8.93539e-06 -0.436642 -8.35883e-06 1.57077 -2.049e-07
18.366 -0.436332 -0.436644 0.000311962 4.07268 -8.68319e-06 0.00064749 -8.99176e-06 -0.436644 -8.41165e-06 1.57077 -2.06159e-07
18.367 -0.436332 -0.436646 0.000313907 4.07286 -8.73727e-06 0.000651527 -9.04775e-06 -0.436646 -8.46411e-06 1.57077 -2.07409e-07
18.368 -0.436332 -0.436648 0.000315838 4.07304 -8.79099e-06 0.000655536 -9.10337e-06 -0.436648 -8.51623e-06 1.57077 -2.08651e-07
18.369 -0.436332 -0.43665 0.000317757 4.07321 -8.84435e-06 0.000659519 -9.15861e-06 -0.43665 -8.56799e-06 1.57077 -2.09884e-07
18.37 -0.436332 -0.436652 0.000319663 4.07339 -8.89734e-06 0.000663474 -9.21347e-06 -0.436652 -8.6194e-06 1.57077 -2.11109e-07
18.371 -0.436332 -0.436654 0.000321555 4.07355 -8.94997e-06 0.000667403 -9.26795e-06 -0.436654 -8.67045e-06 1.57077 -2.12325e-07
18.372 -0.436332 -0.436656 0.000323434 4.07372 -9.00223e-06 0.000671304 -9.32206e-06 -0.436656 -8.72115e-06 1.57076 -2.13532e-07
18.373 -0.436332 -0.436658 0.000325301 4.07389 -9.05412e-06 0.000675177 -9.37579e-06 -0.436658 -8.77149e-06 1.57076 -2.14731e-07
18.374 -0.436332 -0.436659 0.000327154 4.07405 -9.10565e-06 0.000679024 -9.42913e-06 -0.436659 -8.82149e-06 1.57076 -2.15922e-07
18.375 -0.436332 -0.436661 0.000328994 4.07421 -9.15682e-06 0.000682843 -9.4821e-06 -0.436661 -8.87112e-06 1.57076 -2.17104e-07
18.376 -0.436332 -0.436663 0.00033082 4.07437 -9.20761e-06 0.000686635 -9.53469e-06 -0.436663 -8.9204e-06 1.57076 -2.18277e-07
18.377 -0.436332 -0.436665 0.000332634 4.07453 -9.25805e-06 0.000690399 -9.5869e-06 -0.436665 -8.96933e-06 1.57076 -2.19442e-07
18.378 -0.436332 -0.436667 0.000334434 4.07468 -9.30811e-06 0.000694136 -9.63873e-06 -0.436667 -9.0179e-06 1.57076 -2.20598e-07
18.379 -0.436332 -0.436669 0.000336222 4.07483 -9.3578e-06 0.000697846 -9.69018e-06 -0.436669 -9.06611e-06 1.57076 -2.21746e-07
18.38 -0.436332 -0.43667 0.000337996 4.07498 -9.40713e-06 0.000701529 -9.74125e-06 -0.43667 -9.11397e-06 1.57076 -2.22885e-07
18.381 -0.436332 -0.436672 0.000339756 4.07513 -9.45609e-06 0.000705184 -9.79194e-06 -0.436672 -9.16147e-06 1.57076 -2.24016e-07
18.382 -0.436332 -0.436674 0.000341504 4.07528 -9.50469e-06 0.000708811 -9.84224e-06 -0.436674 -9.20862e-06 1.57076 -2.25138e-07
18.383 -0.436332 -0.436676 0.000343238 4.07542 -9.55291e-06 0.000712411 -9.89217e-06 -0.436676 -9.25541e-06 1.57076 -2.26251e-07
18.384 -0.436332 -0.436677 0.000344959 4.07556 -9.60077e-06 0.000715984 -9.94172e-06 -0.436677 -9.30184e-06 1.57076 -2.27355e-07
18.385 -0.436332 -0.436679 0.000346667 4.0757 -9.64826e-06 0.000719529 -9.99088e-06 -0.436679 -9.34791e-06 1.57076 -2.28452e-07
18.386 -0.436332 -0.436681 0.000348362 4.07584 -9.69538e-06 0.000723047 -1.00397e-05 -0.436681 -9.39363e-06 1.57076 -2.29539e-07
18.387 -0.436332 -0.436682 0.000350043 4.07597 -9.74213e-06 0.000726537 -1.00881e-05 -0.436682 -9.43899e-06 1.57076 -2.30618e-07
18.388 -0.436332 -0.436684 0.000351712 4.0761 -9.78851e-06 0.000729999 -1.01361e-05 -0.436684 -9.48399e-06 1.57076 -2.31688e-07
18.389 -0.436332 -0.436686 0.000353366 4.07623 -9.83452e-06 0.000733434 -1.01837e-05 -0.436686 -9.52864e-06 1.57076 -2.3275e-07
18.39 -0.436332 -0.436687 0.000355008 4.07636 -9.88016e-06 0.000736842 -1.0231e-05 -0.436687 -9.57293e-06 1.57076 -2.33803e-07
18.391 -0.436332 -0.436689 0.000356636 4.07649 -9.92544e-06 0.000740222 -1.02778e-05 -0.436689 -9.61686e-06 1.57076 -2.34847e-07
18.392 -0.436332 -0.436691 0.000358252 4.07661 -9.97034e-06 0.000743575 -1.03243e-05 -0.436691 -9.66043e-06 1.57076 -2.35883e-07
18.393 -0.436332 -0.436692 0.000359853 4.07673 -1.00149e-05 0.0007469 -1.03704e-05 -0.436692 -9.70364e-06 1.57076 -2.3691e-07
18.394 -0.436332 -0.436694 0.000361442 4.07685 -1.0059e-05 0.000750197 -1.04162e-05 -0.436694 -9.74649e-06 1.57076 -2.37928e-07
18.395 -0.436332 -0.436695 0.000363017 4.07697 -1.01028e-05 0.000753467 -1.04615e-05 -0.436695 -9.78899e-06 1.57076 -2.38938e-07
18.396 -0.436332 -0.436697 0.000364579 4.07709 -1.01463e-05 0.000756709 -1.05065e-05 -0.436697 -9.83113e-06 1.57076 -2.39939e-07
18.397 -0.436332 -0.436698 0.000366128 4.0772 -1.01893e-05 0.000759924 -1.0551e-05 -0.436698 -9.87291e-06 1.57076 -2.40932e-07
18.398 -0.436332 -0.4367 0.000367663 4.07731 -1.0232e-05 0.000763111 -1.05952e-05 -0.4367 -9.91433e-06 1.57076 -2.41916e-07
18.399 -0.436332 -0.436701 0.000369185 4.07742 -1.02743e-05 0.00076627 -1.0639e-05 -0.436701 -9.95539e-06 1.57076 -2.42891e-07
18.4 -0.436332 -0.436703 0.000370694 4.07752 -1.03163e-05 0.000769402 -1.06825e-05 -0.436703 -9.9961e-06 1.57076 -2.43858e-07
18.401 -0.436332 -0.436705 0.00037219 4.07763 -1.03578e-05 0.000772507 -1.07255e-05 -0.436705 -1.00364e-05 1.57076 -2.44816e-07
18.402 -0.436332 -0.436706 0.000373672 4.07773 -1.03991e-05 0.000775583 -1.07682e-05 -0.436706 -1.00764e-05 1.57076 -2.45766e-07
18.403 -0.436332 -0.436707 0.000375141 4.07783 -1.04399e-05 0.000778632 -1.08104e-05 -0.436707 -1.01161e-05 1.57076 -2.46706e-07
18.404 -0.436332 -0.436709 0.000376596 4.07793 -1.04804e-05 0.000781654 -1.08523e-05 -0.436709 -1.01553e-05 1.57076 -2.47639e-07
18.405 -0.436332 -0.43671 0.000378039 4.07803 -1.05204e-05 0.000784648 -1.08939e-05 -0.43671 -1.01942e-05 1.57076 -2.48562e-07
18.406 -0.436332 -0.436712 0.000379468 4.07812 -1.05602e-05 0.000787614 -1.0935e-05 -0.436712 -1.02328e-05 1.57076 -2.49477e-07
18.407 -0.436332 -0.436713 0.000380883 4.07821 -1.05995e-05 0.000790553 -1.09757e-05 -0.436713 -1.0271e-05 1.57076 -2.50383e-07
18.408 -0.436332 -0.436715 0.000382286 4.0783 -1.06385e-05 0.000793464 -1.10161e-05 -0.436715 -1.03088e-05 1.57076 -2.51281e-07
18.409 -0.436332 -0.436716 0.000383675 4.07839 -1.06771e-05 0.000796348 -1.10561e-05 -0.436716 -1.03463e-05 1.57076 -2.5217e-07
18.41 -0.436332 -0.436717 0.000385051 4.07848 -1.07154e-05 0.000799204 -1.10957e-05 -0.436717 -1.03834e-05 1.57076 -2.5305e-07
18.411 -0.436332 -0.436719 0.000386413 4.07856 -1.07533e-05 0.000802032 -1.11349e-05 -0.436719 -1.04202e-05 1.57076 -2.53922e-07
18.412 -0.436332 -0.43672 0.000387763 4.07864 -1.07908e-05 0.000804833 -1.11737e-05 -0.43672 -1.04566e-05 1.57076 -2.54785e-07
18.413 -0.436332 -0.436721 0.000389099 4.07872 -1.08279e-05 0.000807606 -1.12122e-05 -0.436721 -1.04926e-05 1.57076 -2.5564e-07
18.414 -0.436332 -0.436723 0.000390421 4.0788 -1.08647e-05 0.000810352 -1.12502e-05 -0.436723 -1.05283e-05 1.57076 -2.56486e-07
18.415 -0.436332 -0.436724 0.000391731 4.07887 -1.09011e-05 0.00081307 -1.12879e-05 -0.436724 -1.05636e-05 1.57076 -2.57323e-07
18.416 -0.436332 -0.436725 0.000393027 4.07895 -1.09371e-05 0.00081576 -1.13252e-05 -0.436725 -1.05986e-05 1.57076 -2.58152e-07
18.417 -0.436332 -0.436727 0.00039431 4.07902 -1.09728e-05 0.000818423 -1.13621e-05 -0.436727 -1.06332e-05 1.57076 -2.58972e-07
18.418 -0.436332 -0.436728 0.00039558 4.07909 -1.1008e-05 0.000821059 -1.13987e-05 -0.436728 -1.06675e-05 1.57076 -2.59784e-07
18.419 -0.436332 -0.436729 0.000396836 4.07915 -1.1043e-05 0.000823667 -1.14348e-05 -0.436729 -1.07014e-05 1.57076 -2.60587e-07
18.42 -0.436332 -0.43673 0.000398079 4.07922 -1.10775e-05 0.000826247 -1.14706e-05 -0.43673 -1.07349e-05 1.57076 -2.61381e-07
18.421 -0.436332 -0.436732 0.000399309 4.07928 -1.11117e-05 0.0008288 -1.1506e-05 -0.436732 -1.07681e-05 1.57076 -2.62167e-07
18.422 -0.436332 -0.436733 0.000400526 4.07934 -1.11455e-05 0.000831326 -1.1541e-05 -0.436733 -1.08009e-05 1.57076 -2.62944e-07
18.423 -0.436332 -0.436734 0.000401729 4.0794 -1.1179e-05 0.000833824 -1.15756e-05 -0.436734 -1.08334e-05 1.57076 -2.63713e-07
18.424 -0.436332 -0.436735 0.000402919 4.07946 -1.1212e-05 0.000836294 -1.16099e-05 -0.436735 -1.08655e-05 1.57076 -2.64473e-07
18.425 -0.436332 -0.436736 0.000404096 4.07951 -1.12447e-05 0.000838737 -1.16437e-05 -0.436736 -1.08972e-05 1.57076 -2.65224e-07
18.426 -0.436332 -0.436738 0.00040526 4.07957 -1.12771e-05 0.000841153 -1.16772e-05 -0.436738 -1.09286e-05 1.57076 -2.65967e-07
18.427 -0.436332 -0.436739 0.00040641 4.07962 -1.13091e-05 0.000843541 -1.17103e-05 -0.436739 -1.09597e-05 1.57076 -2.66701e-07
18.428 -0.436332 -0.43674 0.000407548 4.07967 -1.13407e-05 0.000845902 -1.1743e-05 -0.43674 -1.09903e-05 1.57076 -2.67427e-07
18.429 -0.436332 -0.436741 0.000408672 4.07971 -1.13719e-05 0.000848236 -1.17754e-05 -0.436741 -1.10207e-05 1.57076 -2.68145e-07
18.43 -0.436332 -0.436742 0.000409783 4.07976 -1.14028e-05 0.000850542 -1.18073e-05 -0.436742 -1.10506e-05 1.57076 -2.68853e-07
18.431 -0.436332 -0.436743 0.000410881 4.0798 -1.14333e-05 0.00085282 -1.18389e-05 -0.436743 -1.10803e-05 1.57076 -2.69553e-07
18.432 -0.436332 -0.436744 0.000411965 4.07984 -1.14634e-05 0.000855072 -1.18701e-05 -0.436744 -1.11095e-05 1.57076 -2.70245e-07
18.433 -0.436332 -0.436745 0.000413037 4.07988 -1.14932e-05 0.000857296 -1.1901e-05 -0.436745 -1.11384e-05 1.57076 -2.70928e-07
18.434 -0.436332 -0.436746 0.000414095 4.07991 -1.15226e-05 0.000859493 -1.19314e-05 -0.436746 -1.1167e-05 1.57076 -2.71603e-07
18.435 -0.436332 -0.436747 0.00041514 4.07995 -1.15517e-05 0.000861662 -1.19615e-05 -0.436747 -1.11952e-05 1.57076 -2.72269e-07
18.436 -0.436332 -0.436748 0.000416172 4.07998 -1.15803e-05 0.000863804 -1.19912e-05 -0.436748 -1.1223e-05 1.57076 -2.72927e-07
18.437 -0.436332 -0.43675 0.000417191 4.08001 -1.16087e-05 0.000865919 -1.20205e-05 -0.43675 -1.12505e-05 1.57076 -2.73576e-07
18.438 -0.436332 -0.436751 0.000418197 4.08004 -1.16366e-05 0.000868007 -1.20494e-05 -0.436751 -1.12776e-05 1.57076 -2.74216e-07
18.439 -0.436332 -0.436752 0.000419189 4.08007 -1.16642e-05 0.000870068 -1.2078e-05 -0.436752 -1.13044e-05 1.57076 -2.74849e-07
18.44 -0.436332 -0.436752 0.000420169 4.08009 -1.16914e-05 0.000872101 -1.21061e-05 -0.436752 -1.13308e-05 1.57076 -2.75472e-07
18.441 -0.436332 -0.436753 0.000421135 4.08012 -1.17183e-05 0.000874107 -1.21339e-05 -0.436753 -1.13569e-05 1.57076 -2.76088e-07
18.442 -0.436332 -0.436754 0.000422089 4.08014 -1.17447e-05 0.000876086 -1.21614e-05 -0.436754 -1.13826e-05 1.57076 -2.76694e-07
18.443 -0.436332 -0.436755 0.000423029 4.08016 -1.17709e-05 0.000878039 -1.21884e-05 -0.436755 -1.1408e-05 1.57076 -2.77293e-07
18.444 -0.436332 -0.436756 0.000423956 4.08017 -1.17966e-05 0.000879964 -1.22151e-05 -0.436756 -1.1433e-05 1.57076 -2.77883e-07
18.445 -0.436332 -0.436757 0.000424871 4.08019 -1.1822e-05 0.000881861 -1.22414e-05 -0.436757 -1.14577e-05 1.57075 -2.78464e-07
18.446 -0.436332 -0.436758 0.000425772 4.0802 -1.18471e-05 0.000883732 -1.22673e-05 -0.436758 -1.1482e-05 1.57075 -2.79037e-07
18.447 -0.436332 -0.436759 0.00042666 4.08021 -1.18718e-05 0.000885576 -1.22929e-05 -0.436759 -1.1506e-05 1.57075 -2.79602e-07
18.448 -0.436332 -0.43676 0.000427536 4.08022 -1.18961e-05 0.000887393 -1.23181e-05 -0.43676 -1.15296e-05 1.57075 -2.80158e-07
18.449 -0.436332 -0.436761 0.000428398 4.08023 -1.192e-05 0.000889183 -1.23429e-05 -0.436761 -1.15529e-05 1.57075 -2.80706e-07
18.45 -0.436332 -0.436762 0.000429247 4.08023 -1.19436e-05 0.000890946 -1.23673e-05 -0.436762 -1.15758e-05 1.57075 -2.81245e-07
18.451 -0.436332 -0.436762 0.000430084 4.08024 -1.19669e-05 0.000892683 -1.23913e-05 -0.436762 -1.15983e-05 1.57075 -2.81777e-07
18.452 -0.436332 -0.436763 0.000430907 4.08024 -1.19897e-05 0.000894392 -1.2415e-05 -0.436763 -1.16206e-05 1.57075 -2.82299e-07
18.453 -0.436332 -0.436764 0.000431718 4.08024 -1.20123e-05 0.000896075 -1.24383e-05 -0.436764 -1.16424e-05 1.57075 -2.82814e-07
18.454 -0.436332 -0.436765 0.000432515 4.08024 -1.20344e-05 0.000897731 -1.24613e-05 -0.436765 -1.16639e-05 1.57075 -2.8332e-07
18.455 -0.436332 -0.436766 0.0004333 4.08023 -1.20562e-05 0.00089936 -1.24838e-05 -0.436766 -1.16851e-05 1.57075 -2.83818e-07
18.456 -0.436332 -0.436766 0.000434072 4.08022 -1.20777e-05 0.000900962 -1.2506e-05 -0.436766 -1.17059e-05 1.57075 -2.84307e-07
18.457 -0.436332 -0.436767 0.000434831 4.08022 -1.20987e-05 0.000902538 -1.25279e-05 -0.436767 -1.17264e-05 1.57075 -2.84788e-07
18.458 -0.436332 -0.436768 0.000435577 4.08021 -1.21195e-05 0.000904087 -1.25493e-05 -0.436768 -1.17465e-05 1.57075 -2.85261e-07
18.459 -0.436332 -0.436769 0.000436311 4.0802 -1.21398e-05 0.000905609 -1.25704e-05 -0.436769 -1.17663e-05 1.57075 -2.85725e-07
18.46 -0.436332 -0.436769 0.000437031 4.08018 -1.21599e-05 0.000907105 -1.25911e-05 -0.436769 -1.17858e-05 1.57075 -2.86182e-07
18.461 -0.436332 -0.43677 0.000437739 4.08017 -1.21795e-05 0.000908574 -1.26115e-05 -0.43677 -1.18049e-05 1.57075 -2.8663e-07
18.462 -0.436332 -0.436771 0.000438434 4.08015 -1.21988e-05 0.000910017 -1.26315e-05 -0.436771 -1.18236e-05 1.57075 -2.87069e-07
18.463 -0.436332 -0.436771 0.000439116 4.08013 -1.22178e-05 0.000911433 -1.26511e-05 -0.436771 -1.1842e-05 1.57075 -2.87501e-07
18.464 -0.436332 -0.436772 0.000439786 4.08011 -1.22364e-05 0.000912823 -1.26703e-05 -0.436772 -1.18601e-05 1.57075 -2.87924e-07
18.465 -0.436332 -0.436773 0.000440443 4.08009 -1.22546e-05 0.000914186 -1.26892e-05 -0.436773 -1.18778e-05 1.57075 -2.88339e-07
18.466 -0.436332 -0.436773 0.000441087 4.08006 -1.22725e-05 0.000915523 -1.27077e-05 -0.436773 -1.18952e-05 1.57075 -2.88746e-07
18.467 -0.436332 -0.436774 0.000441718 4.08003 -1.229e-05 0.000916834 -1.27259e-05 -0.436774 -1.19122e-05 1.57075 -2.89145e-07
18.468 -0.436332 -0.436775 0.000442337 4.08001 -1.23072e-05 0.000918119 -1.27437e-05 -0.436775 -1.19289e-05 1.57075 -2.89535e-07
18.469 -0.436332 -0.436775 0.000442943 4.07998 -1.2324e-05 0.000919377 -1.27611e-05 -0.436775 -1.19453e-05 1.57075 -2.89918e-07
18.47 -0.436332 -0.436776 0.000443536 4.07994 -1.23405e-05 0.000920609 -1.27782e-05 -0.436776 -1.19613e-05 1.57075 -2.90292e-07
18.471 -0.436332 -0.436776 0.000444117 4.07991 -1.23566e-05 0.000921815 -1.27949e-05 -0.436776 -1.1977e-05 1.57075 -2.90658e-07
18.472 -0.436332 -0.436777 0.000444686 4.07988 -1.23724e-05 0.000922994 -1.28112e-05 -0.436777 -1.19923e-05 1.57075 -2.91016e-07
18.473 -0.436332 -0.436778 0.000445241 4.07984 -1.23878e-05 0.000924148 -1.28272e-05 -0.436778 -1.20073e-05 1.57075 -2.91366e-07
18.474 -0.436332 -0.436778 0.000445785 4.0798 -1.24029e-05 0.000925276 -1.28428e-05 -0.436778 -1.20219e-05 1.57075 -2.91707e-07
18.475 -0.436332 -0.436779 0.000446315 4.07976 -1.24177e-05 0.000926377 -1.2858e-05 -0.436779 -1.20363e-05 1.57075 -2.92041e-07
18.476 -0.436332 -0.436779 0.000446833 4.07972 -1.2432e-05 0.000927453 -1.28729e-05 -0.436779 -1.20502e-05 1.57075 -2.92366e-07
18.477 -0.436332 -0.43678 0.000447339 4.07967 -1.24461e-05 0.000928503 -1.28875e-05 -0.43678 -1.20639e-05 1.57075 -2.92684e-07
18.478 -0.436332 -0.43678 0.000447832 4.07962 -1.24598e-05 0.000929527 -1.29016e-05 -0.43678 -1.20772e-05 1.57075 -2.92993e-07
18.479 -0.436332 -0.436781 0.000448313 4.07958 -1.24731e-05 0.000930525 -1.29154e-05 -0.436781 -1.20902e-05 1.57075 -2.93295e-07
18.48 -0.436332 -0.436781 0.000448781 4.07953 -1.24861e-05 0.000931497 -1.29289e-05 -0.436781 -1.21028e-05 1.57075 -2.93588e-07
18.481 -0.436332 -0.436782 0.000449237 4.07948 -1.24988e-05 0.000932444 -1.2942e-05 -0.436782 -1.21151e-05 1.57075 -2.93874e-07
18.482 -0.436332 -0.436782 0.000449681 4.07942 -1.25111e-05 0.000933365 -1.29547e-05 -0.436782 -1.21271e-05 1.57075 -2.94151e-07
18.483 -0.436332 -0.436782 0.000450112 4.07937 -1.2523e-05 0.00093426 -1.29671e-05 -0.436782 -1.21387e-05 1.57075 -2.94421e-07
18.484 -0.436332 -0.436783 0.000450531 4.07931 -1.25347e-05 0.00093513 -1.29792e-05 -0.436783 -1.215e-05 1.57075 -2.94682e-07
18.485 -0.436332 -0.436783 0.000450938 4.07925 -1.25459e-05 0.000935974 -1.29908e-05 -0.436783 -1.2161e-05 1.57075 -2.94936e-07
18.486 -0.436332 -0.436784 0.000451332 4.07919 -1.25569e-05 0.000936792 -1.30022e-05 -0.436784 -1.21716e-05 1.57075 -2.95181e-07
18.487 -0.436332 -0.436784 0.000451714 4.07913 -1.25675e-05 0.000937586 -1.30131e-05 -0.436784 -1.21819e-05 1.57075 -2.95419e-07
18.488 -0.436332 -0.436784 0.000452084 4.07907 -1.25777e-05 0.000938354 -1.30238e-05 -0.436784 -1.21919e-05 1.57075 -2.95649e-07
18.489 -0.436332 -0.436785 0.000452442 4.079 -1.25877e-05 0.000939096 -1.3034e-05 -0.436785 -1.22016e-05 1.57075 -2.95871e-07
18.49 -0.436332 -0.436785 0.000452787 4.07893 -1.25972e-05 0.000939813 -1.3044e-05 -0.436785 -1.22109e-05 1.57075 -2.96085e-07
18.491 -0.436332 -0.436785 0.000453121 4.07887 -1.26065e-05 0.000940505 -1.30535e-05 -0.436785 -1.22199e-05 1.57075 -2.96291e-07
18.492 -0.436332 -0.436786 0.000453442 4.0788 -1.26154e-05 0.000941172 -1.30627e-05 -0.436786 -1.22286e-05 1.57075 -2.9649e-07
18.493 -0.436332 -0.436786 0.000453751 4.07872 -1.2624e-05 0.000941814 -1.30716e-05 -0.436786 -1.22369e-05 1.57075 -2.96681e-07
18.494 -0.436332 -0.436786 0.000454048 4.07865 -1.26322e-05 0.00094243 -1.30801e-05 -0.436786 -1.22449e-05 1.57075 -2.96864e-07
18.495 -0.436332 -0.436787 0.000454333 4.07857 -1.26401e-05 0.000943022 -1.30883e-05 -0.436787 -1.22526e-05 1.57075 -2.97039e-07
18.496 -0.436332 -0.436787 0.000454606 4.0785 -1.26476e-05 0.000943588 -1.30961e-05 -0.436787 -1.226e-05 1.57075 -2.97206e-07
18.497 -0.436332 -0.436787 0.000454866 4.07842 -1.26549e-05 0.00094413 -1.31036e-05 -0.436787 -1.2267e-05 1.57075 -2.97366e-07
18.498 -0.436332 -0.436787 0.000455115 4.07834 -1.26618e-05 0.000944647 -1.31108e-05 -0.436787 -1.22737e-05 1.57075 -2.97518e-07
18.499 -0.436332 -0.436788 0.000455352 4.07826 -1.26683e-05 0.000945139 -1.31176e-05 -0.436788 -1.22801e-05 1.57075 -2.97662e-07
18.5 -0.436332 -0.436788 0.000455577 4.07817 -1.26746e-05 0.000945606 -1.3124e-05 -0.436788 -1.22862e-05 1.57075 -2.97798e-07
18.501 -0.436332 -0.436788 0.000455791 4.07809 -1.26805e-05 0.000946049 -1.31301e-05 -0.436788 -1.2292e-05 1.57075 -2.97927e-07
18.502 -0.436332 -0.436788 0.000455992 4.078 -1.2686e-05 0.000946467 -1.31359e-05 -0.436788 -1.22974e-05 1.57075 -2.98048e-07
18.503 -0.436332 -0.436788 0.000456181 4.07791 -1.26913e-05 0.00094686 -1.31413e-05 -0.436788 -1.23025e-05 1.57075 -2.98162e-07
18.504 -0.436332 -0.436789 0.000456359 4.07782 -1.26962e-05 0.000947229 -1.31464e-05 -0.436789 -1.23073e-05 1.57075 -2.98268e-07
18.505 -0.436332 -0.436789 0.000456525 4.07773 -1.27008e-05 0.000947573 -1.31511e-05 -0.436789 -1.23118e-05 1.57075 -2.98366e-07
18.506 -0.436332 -0.436789 0.000456679 4.07764 -1.2705e-05 0.000947893 -1.31555e-05 -0.436789 -1.23159e-05 1.57075 -2.98457e-07
18.507 -0.436332 -0.436789 0.000456821 4.07754 -1.2709e-05 0.000948189 -1.31596e-05 -0.436789 -1.23198e-05 1.57075 -2.9854e-07
18.508 -0.436332 -0.436789 0.000456952 4.07745 -1.27126e-05 0.00094846 -1.31633e-05 -0.436789 -1.23233e-05 1.57075 -2.98616e-07
18.509 -0.436332 -0.436789 0.000457071 4.07735 -1.27159e-05 0.000948707 -1.31667e-05 -0.436789 -1.23265e-05 1.57075 -2.98684e-07
18.51 -0.436332 -0.436789 0.000457178 4.07725 -1.27188e-05 0.00094893 -1.31698e-05 -0.436789 -1.23294e-05 1.57075 -2.98745e-07
18.511 -0.436332 -0.43679 0.000457274 4.07715 -1.27214e-05 0.000949128 -1.31725e-05 -0.43679 -1.2332e-05 1.57075 -2.98798e-07
18.512 -0.436332 -0.43679 0.000457358 4.07705 -1.27238e-05 0.000949303 -1.31749e-05 -0.43679 -1.23343e-05 1.57075 -2.98843e-07
18.513 -0.436332 -0.43679 0.00045743 4.07694 -1.27258e-05 0.000949454 -1.3177e-05 -0.43679 -1.23362e-05 1.57075 -2.98882e-07
18.514 -0.436332 -0.43679 0.000457491 4.07684 -1.27274e-05 0.000949581 -1.31787e-05 -0.43679 -1.23379e-05 1.57075 -2.98912e-07
18.515 -0.436332 -0.43679 0.000457541 4.07673 -1.27288e-05 0.000949684 -1.31801e-05 -0.43679 -1.23392e-05 1.57075 -2.98936e-07
18.516 -0.436332 -0.43679 0.000457579 4.07662 -1.27298e-05 0.000949763 -1.31812e-05 -0.43679 -1.23402e-05 1.57075 -2.98952e-07
18.517 -0.436332 -0.43679 0.000457605 4.07651 -1.27305e-05 0.000949818 -1.31819e-05 -0.43679 -1.2341e-05 1.57075 -2.98961e-07
18.518 -0.436332 -0.43679 0.000457621 4.0764 -1.27309e-05 0.00094985 -1.31823e-05 -0.43679 -1.23414e-05 1.57075 -2.98962e-07
18.519 -0.436332 -0.43679 0.000457624 4.07629 -1.2731e-05 0.000949858 -1.31824e-05 -0.43679 -1.23415e-05 1.57075 -2.98956e-07
18.52 -0.436332 -0.43679 0.000457617 4.07617 -1.27308e-05 0.000949842 -1.31822e-05 -0.43679 -1.23413e-05 1.57075 -2.98943e-07
18.521 -0.436332 -0.43679 0.000457598 4.07606 -1.27302e-05 0.000949803 -1.31816e-05 -0.43679 -1.23408e-05 1.57075 -2.98922e-07
18.522 -0.436332 -0.43679 0.000457568 4.07594 -1.27293e-05 0.000949741 -1.31807e-05 -0.43679 -1.234e-05 1.57075 -2.98894e-07
18.523 -0.436332 -0.43679 0.000457527 4.07582 -1.27282e-05 0.000949655 -1.31795e-05 -0.43679 -1.23389e-05 1.57075 -2.98859e-07
18.524 -0.436332 -0.43679 0.000457474 4.0757 -1.27267e-05 0.000949546 -1.31779e-05 -0.43679 -1.23374e-05 1.57075 -2.98817e-07
18.525 -0.436332 -0.43679 0.00045741 4.07558 -1.27249e-05 0.000949414 -1.31761e-05 -0.43679 -1.23357e-05 1.57075 -2.98767e-07
18.526 -0.436332 -0.43679 0.000457335 4.07545 -1.27228e-05 0.000949258 -1.31739e-05 -0.43679 -1.23337e-05 1.57075 -2.9871e-07
18.527 -0.436332 -0.43679 0.000457249 4.07533 -1.27204e-05 0.00094908 -1.31714e-05 -0.43679 -1.23314e-05 1.57075 -2.98646e-07
18.528 -0.436332 -0.436789 0.000457152 4.0752 -1.27176e-05 0.000948878 -1.31686e-05 -0.436789 -1.23288e-05 1.57075 -2.98575e-07
18.529 -0.436332 -0.436789 0.000457044 4.07507 -1.27146e-05 0.000948654 -1.31654e-05 -0.436789 -1.23258e-05 1.57075 -2.98497e-07
18.53 -0.436332 -0.436789 0.000456924 4.07494 -1.27112e-05 0.000948406 -1.3162e-05 -0.436789 -1.23226e-05 1.57075 -2.98412e-07
18.531 -0.436332 -0.436789 0.000456794 4.07481 -1.27076e-05 0.000948136 -1.31582e-05 -0.436789 -1.23191e-05 1.57075 -2.9832e-07
18.532 -0.436332 -0.436789 0.000456653 4.07468 -1.27036e-05 0.000947843 -1.31541e-05 -0.436789 -1.23153e-05 1.57075 -2.9822e-07
18.533 -0.436332 -0.436789 0.000456501 4.07455 -1.26994e-05 0.000947527 -1.31497e-05 -0.436789 -1.23112e-05 1.57075 -2.98114e-07
18.534 -0.436332 -0.436789 0.000456338 4.07441 -1.26948e-05 0.000947189 -1.3145e-05 -0.436789 -1.23068e-05 1.57075 -2.98e-07
18.535 -0.436332 -0.436788 0.000456164 4.07428 -1.269e-05 0.000946828 -1.31399e-05 -0.436788 -1.23021e-05 1.57075 -2.9788e-07
18.536 -0.436332 -0.436788 0.000455979 4.07414 -1.26848e-05 0.000946445 -1.31346e-05 -0.436788 -1.22972e-05 1.57075 -2.97752e-07
18.537 -0.436332 -0.436788 0.000455784 4.074 -1.26794e-05 0.000946039 -1.31289e-05 -0.436788 -1.22919e-05 1.57075 -2.97618e-07
18.538 -0.436332 -0.436788 0.000455577 4.07386 -1.26736e-05 0.000945611 -1.3123e-05 -0.436788 -1.22863e-05 1.57075 -2.97477e-07
18.539 -0.436332 -0.436788 0.00045536 4.07372 -1.26675e-05 0.000945161 -1.31167e-05 -0.436788 -1.22805e-05 1.57075 -2.97329e-07
18.54 -0.436332 -0.436787 0.000455133 4.07358 -1.26612e-05 0.000944689 -1.31101e-05 -0.436787 -1.22743e-05 1.57075 -2.97174e-07
18.541 -0.436332 -0.436787 0.000454894 4.07343 -1.26545e-05 0.000944194 -1.31032e-05 -0.436787 -1.22679e-05 1.57075 -2.97012e-07
18.542 -0.436332 -0.436787 0.000454645 4.07329 -1.26476e-05 0.000943677 -1.3096e-05 -0.436787 -1.22612e-05 1.57075 -2.96843e-07
18.543 -0.436332 -0.436787 0.000454386 4.07314 -1.26403e-05 0.000943139 -1.30885e-05 -0.436787 -1.22542e-05 1.57075 -2.96668e-07
18.544 -0.436332 -0.436786 0.000454116 4.07299 -1.26328e-05 0.000942578 -1.30807e-05 -0.436786 -1.22469e-05 1.57075 -2.96485e-07
18.545 -0.436332 -0.436786 0.000453835 4.07284 -1.2625e-05 0.000941996 -1.30726e-05 -0.436786 -1.22394e-05 1.57075 -2.96296e-07
18.546 -0.436332 -0.436786 0.000453544 4.07269 -1.26169e-05 0.000941392 -1.30642e-05 -0.436786 -1.22315e-05 1.57075 -2.961e-07
18.547 -0.436332 -0.436786 0.000453243 4.07254 -1.26084e-05 0.000940766 -1.30555e-05 -0.436786 -1.22234e-05 1.57075 -2.95898e-07
18.548 -0.436332 -0.436785 0.000452931 4.07238 -1.25997e-05 0.000940119 -1.30465e-05 -0.436785 -1.2215e-05 1.57075 -2.95688e-07
18.549 -0.436332 -0.436785 0.000452608 4.07223 -1.25908e-05 0.00093945 -1.30372e-05 -0.436785 -1.22063e-05 1.57075 -2.95473e-07
18.55 -0.436332 -0.436785 0.000452276 4.07207 -1.25815e-05 0.00093876 -1.30276e-05 -0.436785 -1.21973e-05 1.57075 -2.9525e-07
18.551 -0.436332 -0.436784 0.000451933 4.07191 -1.25719e-05 0.000938048 -1.30177e-05 -0.436784 -1.21881e-05 1.57075 -2.95021e-07
18.552 -0.436332 -0.436784 0.00045158 4.07176 -1.25621e-05 0.000937315 -1.30075e-05 -0.436784 -1.21785e-05 1.57075 -2.94785e-07
18.553 -0.436332 -0.436784 0.000451216 4.0716 -1.2552e-05 0.000936561 -1.2997e-05 -0.436784 -1.21687e-05 1.57075 -2.94543e-07
18.554 -0.436332 -0.436783 0.000450843 4.07143 -1.25415e-05 0.000935785 -1.29862e-05 -0.436783 -1.21587e-05 1.57075 -2.94294e-07
18.555 -0.436332 -0.436783 0.000450459 4.07127 -1.25308e-05 0.000934989 -1.29751e-05 -0.436783 -1.21483e-05 1.57075 -2.94038e-07
18.556 -0.436332 -0.436782 0.000450065 4.07111 -1.25199e-05 0.000934172 -1.29638e-05 -0.436782 -1.21377e-05 1.57075 -2.93776e-07
18.557 -0.436332 -0.436782 0.000449661 4.07094 -1.25086e-05 0.000933333 -1.29521e-05 -0.436782 -1.21268e-05 1.57075 -2.93508e-07
18.558 -0.436332 -0.436782 0.000449247 4.07078 -1.24971e-05 0.000932474 -1.29402e-05 -0.436782 -1.21156e-05 1.57075 -2.93233e-07
18.559 -0.436332 -0.436781 0.000448823 4.07061 -1.24853e-05 0.000931594 -1.29279e-05 -0.436781 -1.21042e-05 1.57075 -2.92952e-07
18.56 -0.436332 -0.436781 0.000448389 4.07044 -1.24732e-05 0.000930694 -1.29154e-05 -0.436781 -1.20925e-05 1.57075 -2.92664e-07
18.561 -0.436332 -0.43678 0.000447945 4.07027 -1.24608e-05 0.000929773 -1.29026e-05 -0.43678 -1.20805e-05 1.57075 -2.9237e-07
18.562 -0.436332 -0.43678 0.000447492 4.0701 -1.24482e-05 0.000928831 -1.28895e-05 -0.43678 -1.20683e-05 1.57075 -2.92069e-07
18.563 -0.436332 -0.436779 0.000447028 4.06993 -1.24353e-05 0.000927869 -1.28762e-05 -0.436779 -1.20558e-05 1.57075 -2.91762e-07
18.564 -0.436332 -0.436779 0.000446555 4.06976 -1.24221e-05 0.000926886 -1.28625e-05 -0.436779 -1.2043e-05 1.57075 -2.91449e-07
18.565 -0.436332 -0.436778 0.000446072 4.06958 -1.24086e-05 0.000925883 -1.28486e-05 -0.436778 -1.203e-05 1.57075 -2.9113e-07
18.566 -0.436332 -0.436778 0.000445579 4.06941 -1.23949e-05 0.00092486 -1.28344e-05 -0.436778 -1.20167e-05 1.57075 -2.90804e-07
18.567 -0.436332 -0.436777 0.000445076 4.06923 -1.23809e-05 0.000923817 -1.28199e-05 -0.436777 -1.20031e-05 1.57075 -2.90472e-07
18.568 -0.436332 -0.436777 0.000444564 4.06905 -1.23666e-05 0.000922754 -1.28051e-05 -0.436777 -1.19893e-05 1.57075 -2.90134e-07
18.569 -0.436332 -0.436776 0.000444042 4.06887 -1.23521e-05 0.000921671 -1.279e-05 -0.436776 -1.19753e-05 1.57075 -2.8979e-07
18.57 -0.436332 -0.436776 0.00044351 4.06869 -1.23373e-05 0.000920568 -1.27747e-05 -0.436776 -1.19609e-05 1.57075 -2.89439e-07
18.571 -0.436332 -0.436775 0.000442969 4.06851 -1.23222e-05 0.000919445 -1.27591e-05 -0.436775 -1.19463e-05 1.57075 -2.89083e-07
18.572 -0.436332 -0.436775 0.000442419 4.06833 -1.23069e-05 0.000918302 -1.27432e-05 -0.436775 -1.19315e-05 1.57075 -2.8872e-07
18.573 -0.436332 -0.436774 0.000441859 4.06814 -1.22913e-05 0.00091714 -1.27271e-05 -0.436774 -1.19164e-05 1.57075 -2.88351e-07
18.574 -0.436332 -0.436774 0.00044129 4.06796 -1.22754e-05 0.000915959 -1.27107e-05 -0.436774 -1.1901e-05 1.57075 -2.87976e-07
18.575 -0.436332 -0.436773 0.000440711 4.06777 -1.22593e-05 0.000914757 -1.2694e-05 -0.436773 -1.18854e-05 1.57075 -2.87595e-07
18.576 -0.436332 -0.436772 0.000440123 4.06759 -1.22429e-05 0.000913537 -1.2677e-05 -0.436772 -1.18696e-05 1.57075 -2.87209e-07
18.577 -0.436332 -0.436772 0.000439525 4.0674 -1.22263e-05 0.000912297 -1.26598e-05 -0.436772 -1.18534e-05 1.57075 -2.86816e-07
18.578 -0.436332 -0.436771 0.000438919 4.06721 -1.22094e-05 0.000911038 -1.26423e-05 -0.436771 -1.18371e-05 1.57075 -2.86417e-07
18.579 -0.436332 -0.436771 0.000438303 4.06702 -1.21923e-05 0.00090976 -1.26246e-05 -0.436771 -1.18205e-05 1.57075 -2.86012e-07
18.58 -0.436332 -0.43677 0.000437678 4.06683 -1.21749e-05 0.000908462 -1.26065e-05 -0.43677 -1.18036e-05 1.57075 -2.85601e-07
18.581 -0.436332 -0.436769 0.000437044 4.06664 -1.21572e-05 0.000907146 -1.25883e-05 -0.436769 -1.17865e-05 1.57075 -2.85185e-07
18.582 -0.436332 -0.436769 0.0004364 4.06644 -1.21393e-05 0.000905811 -1.25697e-05 -0.436769 -1.17692e-05 1.57075 -2.84763e-07
18.583 -0.436332 -0.436768 0.000435748 4.06625 -1.21211e-05 0.000904457 -1.25509e-05 -0.436768 -1.17516e-05 1.57075 -2.84334e-07
18.584 -0.436332 -0.436767 0.000435087 4.06605 -1.21027e-05 0.000903084 -1.25318e-05 -0.436767 -1.17337e-05 1.57075 -2.839e-07
18.585 -0.436332 -0.436767 0.000434416 4.06586 -1.20841e-05 0.000901693 -1.25125e-05 -0.436767 -1.17157e-05 1.57075 -2.83461e-07
18.586 -0.436332 -0.436766 0.000433737 4.06566 -1.20652e-05 0.000900283 -1.24929e-05 -0.436766 -1.16973e-05 1.57075 -2.83015e-07
18.587 -0.436332 -0.436765 0.000433049 4.06546 -1.2046e-05 0.000898855 -1.24731e-05 -0.436765 -1.16788e-05 1.57075 -2.82564e-07
18.588 -0.436332 -0.436765 0.000432352 4.06526 -1.20266e-05 0.000897408 -1.2453e-05 -0.436765 -1.166e-05 1.57075 -2.82107e-07
18.589 -0.436332 -0.436764 0.000431646 4.06506 -1.2007e-05 0.000895943 -1.24327e-05 -0.436764 -1.16409e-05 1.57075 -2.81644e-07
18.59 -0.436332 -0.436763 0.000430932 4.06486 -1.19871e-05 0.00089446 -1.24121e-05 -0.436763 -1.16217e-05 1.57075 -2.81176e-07
18.591 -0.436332 -0.436763 0.000430208 4.06466 -1.19669e-05 0.000892959 -1.23912e-05 -0.436763 -1.16022e-05 1.57075 -2.80702e-07
18.592 -0.436332 -0.436762 0.000429476 4.06446 -1.19466e-05 0.00089144 -1.23701e-05 -0.436762 -1.15824e-05 1.57075 -2.80223e-07
18.593 -0.436332 -0.436761 0.000428736 4.06425 -1.19259e-05 0.000889902 -1.23488e-05 -0.436761 -1.15624e-05 1.57075 -2.79738e-07
18.594 -0.436332 -0.43676 0.000427986 4.06405 -1.19051e-05 0.000888347 -1.23272e-05 -0.43676 -1.15422e-05 1.57075 -2.79247e-07
18.595 -0.436332 -0.43676 0.000427228 4.06384 -1.1884e-05 0.000886774 -1.23054e-05 -0.43676 -1.15218e-05 1.57075 -2.78751e-07
18.596 -0.436332 -0.436759 0.000426462 4.06363 -1.18627e-05 0.000885184 -1.22833e-05 -0.436759 -1.15011e-05 1.57075 -2.7825e-07
18.597 -0.436332 -0.436758 0.000425687 4.06343 -1.18411e-05 0.000883576 -1.22609e-05 -0.436758 -1.14802e-05 1.57075 -2.77743e-07
18.598 -0.436332 -0.436757 0.000424904 4.06322 -1.18193e-05 0.00088195 -1.22384e-05 -0.436757 -1.14591e-05 1.57075 -2.7723e-07
18.599 -0.436332 -0.436756 0.000424112 4.06301 -1.17973e-05 0.000880307 -1.22156e-05 -0.436756 -1.14378e-05 1.57076 -2.76712e-07
18.6 -0.436332 -0.436756 0.000423312 4.0628 -1.1775e-05 0.000878646 -1.21925e-05 -0.436756 -1.14162e-05 1.57076 -2.76189e-07
18.601 -0.436332 -0.436755 0.000422504 4.06259 -1.17525e-05 0.000876969 -1.21692e-05 -0.436755 -1.13944e-05 1.57076 -2.75661e-07
18.602 -0.436332 -0.436754 0.000421688 4.06237 -1.17298e-05 0.000875274 -1.21457e-05 -0.436754 -1.13724e-05 1.57076 -2.75127e-07
18.603 -0.436332 -0.436753 0.000420863 4.06216 -1.17068e-05 0.000873562 -1.21219e-05 -0.436753 -1.13501e-05 1.57076 -2.74588e-07
18.604 -0.436332 -0.436752 0.00042003 4.06195 -1.16837e-05 0.000871833 -1.20979e-05 -0.436752 -1.13276e-05 1.57076 -2.74044e-07
18.605 -0.436332 -0.436752 0.000419189 4.06173 -1.16602e-05 0.000870088 -1.20737e-05 -0.436752 -1.1305e-05 1.57076 -2.73494e-07
18.606 -0.436332 -0.436751 0.00041834 4.06152 -1.16366e-05 0.000868325 -1.20492e-05 -0.436751 -1.12821e-05 1.57076 -2.72939e-07
18.607 -0.436332 -0.43675 0.000417482 4.0613 -1.16128e-05 0.000866546 -1.20245e-05 -0.43675 -1.12589e-05 1.57076 -2.72379e-07
18.608 -0.436332 -0.436749 0.000416617 4.06108 -1.15887e-05 0.00086475 -1.19996e-05 -0.436749 -1.12356e-05 1.57076 -2.71814e-07
18.609 -0.436332 -0.436748 0.000415744 4.06086 -1.15644e-05 0.000862938 -1.19744e-05 -0.436748 -1.1212e-05 1.57076 -2.71244e-07
18.61 -0.436332 -0.436747 0.000414863 4.06064 -1.15399e-05 0.000861109 -1.1949e-05 -0.436747 -1.11883e-05 1.57076 -2.70669e-07
18.611 -0.436332 -0.436746 0.000413974 4.06042 -1.15151e-05 0.000859264 -1.19234e-05 -0.436746 -1.11643e-05 1.57076 -2.70088e-07
18.612 -0.436332 -0.436745 0.000413077 4.0602 -1.14902e-05 0.000857402 -1.18976e-05 -0.436745 -1.11401e-05 1.57076 -2.69503e-07
18.613 -0.436332 -0.436744 0.000412173 4.05998 -1.1465e-05 0.000855525 -1.18715e-05 -0.436744 -1.11157e-05 1.57076 -2.68912e-07
18.614 -0.436332 -0.436744 0.00041126 4.05976 -1.14396e-05 0.000853631 -1.18452e-05 -0.436744 -1.10911e-05 1.57076 -2.68317e-07
18.615 -0.436332 -0.436743 0.00041034 4.05954 -1.1414e-05 0.000851721 -1.18187e-05 -0.436743 -1.10663e-05 1.57076 -2.67717e-07
18.616 -0.436332 -0.436742 0.000409412 4.05931 -1.13882e-05 0.000849796 -1.1792e-05 -0.436742 -1.10413e-05 1.57076 -2.67111e-07
18.617 -0.436332 -0.436741 0.000408477 4.05909 -1.13622e-05 0.000847855 -1.1765e-05 -0.436741 -1.1016e-05 1.57076 -2.66501e-07
18.618 -0.436332 -0.43674 0.000407534 4.05886 -1.13359e-05 0.000845897 -1.17379e-05 -0.43674 -1.09906e-05 1.57076 -2.65886e-07
18.619 -0.436332 -0.436739 0.000406584 4.05864 -1.13095e-05 0.000843925 -1.17105e-05 -0.436739 -1.0965e-05 1.57076 -2.65266e-07
18.62 -0.436332 -0.436738 0.000405626 4.05841 -1.12828e-05 0.000841937 -1.16829e-05 -0.436738 -1.09391e-05 1.57076 -2.64642e-07
18.621 -0.436332 -0.436737 0.000404661 4.05818 -1.1256e-05 0.000839933 -1.16551e-05 -0.436737 -1.09131e-05 1.57076 -2.64012e-07
18.622 -0.436332 -0.436736 0.000403688 4.05795 -1.12289e-05 0.000837914 -1.1627e-05 -0.436736 -1.08869e-05 1.57076 -2.63378e-07
18.623 -0.436332 -0.436735 0.000402708 4.05772 -1.12016e-05 0.00083588 -1.15988e-05 -0.436735 -1.08604e-05 1.57076 -2.62739e-07
18.624 -0.436332 -0.436734 0.00040172 4.05749 -1.11742e-05 0.00083383 -1.15704e-05 -0.436734 -1.08338e-05 1.57076 -2.62095e-07
18.625 -0.436332 -0.436733 0.000400726 4.05726 -1.11465e-05 0.000831766 -1.15417e-05 -0.436733 -1.0807e-05 1.57076 -2.61447e-07
18.626 -0.436332 -0.436732 0.000399724 4.05703 -1.11186e-05 0.000829686 -1.15128e-05 -0.436732 -1.078e-05 1.57076 -2.60794e-07
18.627 -0.436332 -0.436731 0.000398715 4.0568 -1.10905e-05 0.000827592 -1.14838e-05 -0.436731 -1.07527e-05 1.57076 -2.60136e-07
18.628 -0.436332 -0.43673 0.000397699 4.05657 -1.10623e-05 0.000825483 -1.14545e-05 -0.43673 -1.07253e-05 1.57076 -2.59474e-07
18.629 -0.436332 -0.436729 0.000396675 4.05633 -1.10338e-05 0.000823359 -1.1425e-05 -0.436729 -1.06977e-05 1.57076 -2.58807e-07
18.63 -0.436332 -0.436728 0.000395645 4.0561 -1.10051e-05 0.000821221 -1.13953e-05 -0.436728 -1.067e-05 1.57076 -2.58136e-07
18.631 -0.436332 -0.436727 0.000394608 4.05586 -1.09763e-05 0.000819068 -1.13654e-05 -0.436727 -1.0642e-05 1.57076 -2.5746e-07
18.632 -0.436332 -0.436726 0.000393564 4.05563 -1.09472e-05 0.0008169 -1.13354e-05 -0.436726 -1.06138e-05 1.57076 -2.5678e-07
18.633 -0.436332 -0.436725 0.000392512 4.05539 -1.0918e-05 0.000814719 -1.13051e-05 -0.436725 -1.05855e-05 1.57076 -2.56095e-07
18.634 -0.436332 -0.436724 0.000391455 4.05516 -1.08885e-05 0.000812523 -1.12746e-05 -0.436724 -1.05569e-05 1.57076 -2.55406e-07
18.635 -0.436332 -0.436723 0.00039039 4.05492 -1.08589e-05 0.000810313 -1.12439e-05 -0.436723 -1.05282e-05 1.57076 -2.54713e-07
18.636 -0.436332 -0.436722 0.000389318 4.05468 -1.08291e-05 0.000808088 -1.12131e-05 -0.436722 -1.04993e-05 1.57076 -2.54015e-07
18.637 -0.436332 -0.436721 0.00038824 4.05444 -1.07991e-05 0.00080585 -1.1182e-05 -0.436721 -1.04702e-05 1.57076 -2.53313e-07
18.638 -0.436332 -0.436719 0.000387155 4.0542 -1.07689e-05 0.000803598 -1.11507e-05 -0.436719 -1.0441e-05 1.57076 -2.52607e-07
18.639 -0.436332 -0.436718 0.000386063 4.05396 -1.07385e-05 0.000801333 -1.11193e-05 -0.436718 -1.04115e-05 1.57076 -2.51896e-07
18.64 -0.436332 -0.436717 0.000384965 4.05372 -1.0708e-05 0.000799053 -1.10877e-05 -0.436717 -1.03819e-05 1.57076 -2.51181e-07
18.641 -0.436332 -0.436716 0.00038386 4.05348 -1.06773e-05 0.00079676 -1.10558e-05 -0.436716 -1.03521e-05 1.57076 -2.50462e-07
18.642 -0.436332 -0.436715 0.000382749 4.05324 -1.06463e-05 0.000794454 -1.10238e-05 -0.436715 -1.03221e-05 1.57076 -2.49738e-07
18.643 -0.436332 -0.436714 0.000381631 4.053 -1.06152e-05 0.000792134 -1.09916e-05 -0.436714 -1.0292e-05 1.57076 -2.49011e-07
18.644 -0.436332 -0.436713 0.000380507 4.05276 -1.0584e-05 0.000789801 -1.09592e-05 -0.436713 -1.02617e-05 1.57076 -2.48279e-07
18.645 -0.436332 -0.436712 0.000379377 4.05251 -1.05525e-05 0.000787454 -1.09267e-05 -0.436712 -1.02312e-05 1.57076 -2.47544e-07
18.646 -0.436332 -0.436711 0.00037824 4.05227 -1.05209e-05 0.000785095 -1.08939e-05 -0.436711 -1.02005e-05 1.57076 -2.46804e-07
18.647 -0.436332 -0.436709 0.000377097 4.05202 -1.04891e-05 0.000782722 -1.0861e-05 -0.436709 -1.01697e-05 1.57076 -2.4606e-07
18.648 -0.436332 -0.436708 0.000375948 4.05178 -1.04571e-05 0.000780337 -1.08279e-05 -0.436708 -1.01387e-05 1.57076 -2.45312e-07
18.649 -0.436332 -0.436707 0.000374792 4.05153 -1.0425e-05 0.000777939 -1.07946e-05 -0.436707 -1.01075e-05 1.57076 -2.4456e-07
18.65 -0.436332 -0.436706 0.000373631 4.05129 -1.03927e-05 0.000775528 -1.07612e-05 -0.436706 -1.00762e-05 1.57076 -2.43805e-07
18.651 -0.436332 -0.436705 0.000372463 4.05104 -1.03602e-05 0.000773104 -1.07275e-05 -0.436705 -1.00447e-05 1.57076 -2.43045e-07
18.652 -0.436332 -0.436704 0.000371289 4.05079 -1.03275e-05 0.000770668 -1.06937e-05 -0.436704 -1.0013e-05 1.57076 -2.42282e-07
18.653 -0.436332 -0.436702 0.00037011 4.05055 -1.02947e-05 0.000768219 -1.06597e-05 -0.436702 -9.98121e-06 1.57076 -2.41514e-07
18.654 -0.436332 -0.436701 0.000368924 4.0503 -1.02617e-05 0.000765758 -1.06256e-05 -0.436701 -9.94923e-06 1.57076 -2.40743e-07
18.655 -0.436332 -0.4367 0.000367732 4.05005 -1.02286e-05 0.000763285 -1.05913e-05 -0.4367 -9.91709e-06 1.57076 -2.39968e-07
18.656 -0.436332 -0.436699 0.000366535 4.0498 -1.01953e-05 0.000760799 -1.05568e-05 -0.436699 -9.88479e-06 1.57076 -2.39189e-07
18.657 -0.436332 -0.436698 0.000365332 4.04955 -1.01618e-05 0.000758302 -1.05221e-05 -0.436698 -9.85234e-06 1.57076 -2.38406e-07
18.658 -0.436332 -0.436696 0.000364123 4.0493 -1.01282e-05 0.000755792 -1.04873e-05 -0.436696 -9.81973e-06 1.57076 -2.3762e-07
18.659 -0.436332 -0.436695 0.000362908 4.04905 -1.00944e-05 0.000753271 -1.04523e-05 -0.436695 -9.78697e-06 1.57076 -2.3683e-07
18.66 -0.436332 -0.436694 0.000361687 4.0488 -1.00604e-05 0.000750738 -1.04171e-05 -0.436694 -9.75405e-06 1.57076 -2.36037e-07
18.661 -0.436332 -0.436693 0.000360461 4.04855 -1.00263e-05 0.000748193 -1.03818e-05 -0.436693 -9.72098e-06 1.57076 -2.35239e-07
18.662 -0.436332 -0.436692 0.00035923 4.0483 -9.99205e-06 0.000745637 -1.03463e-05 -0.436692 -9.68776e-06 1.57076 -2.34439e-07
18.663 -0.436332 -0.43669 0.000357993 4.04805 -9.95763e-06 0.000743069 -1.03107e-05 -0.43669 -9.65439e-06 1.57076 -2.33634e-07
18.664 -0.436332 -0.436689 0.00035675 4.0478 -9.92306e-06 0.000740489 -1.02749e-05 -0.436689 -9.62087e-06 1.57076 -2.32826e-07
18.665 -0.436332 -0.436688 0.000355502 4.04754 -9.88834e-06 0.000737899 -1.0239e-05 -0.436688 -9.5872e-06 1.57076 -2.32015e-07
18.666 -0.436332 -0.436687 0.000354248 4.04729 -9.85347e-06 0.000735297 -1.02029e-05 -0.436687 -9.55339e-06 1.57076 -2.312e-07
18.667 -0.436332 -0.436685 0.000352989 4.04704 -9.81845e-06 0.000732684 -1.01666e-05 -0.436685 -9.51944e-06 1.57076 -2.30381e-07
18.668 -0.436332 -0.436684 0.000351725 4.04678 -9.78328e-06 0.00073006 -1.01302e-05 -0.436684 -9.48534e-06 1.57076 -2.2956e-07
18.669 -0.436332 -0.436683 0.000350455 4.04653 -9.74797e-06 0.000727425 -1.00936e-05 -0.436683 -9.4511e-06 1.57076 -2.28734e-07
18.67 -0.436332 -0.436681 0.000349181 4.04627 -9.71251e-06 0.000724779 -1.00569e-05 -0.436681 -9.41672e-06 1.57076 -2.27906e-07
18.671 -0.436332 -0.43668 0.000347901 4.04602 -9.67691e-06 0.000722122 -1.002e-05 -0.43668 -9.3822e-06 1.57076 -2.27074e-07
18.672 -0.436332 -0.436679 0.000346616 4.04576 -9.64116e-06 0.000719455 -9.98303e-06 -0.436679 -9.34754e-06 1.57076 -2.26239e-07
18.673 -0.436332 -0.436678 0.000345326 4.04551 -9.60528e-06 0.000716777 -9.94587e-06 -0.436678 -9.31274e-06 1.57076 -2.254e-07
18.674 -0.436332 -0.436676 0.000344031 4.04525 -9.56925e-06 0.000714089 -9.90857e-06 -0.436676 -9.27781e-06 1.57076 -2.24559e-07
18.675 -0.436332 -0.436675 0.00034273 4.04499 -9.53308e-06 0.00071139 -9.87112e-06 -0.436675 -9.24274e-06 1.57076 -2.23714e-07
18.676 -0.436332 -0.436674 0.000341425 4.04474 -9.49678e-06 0.000708682 -9.83353e-06 -0.436674 -9.20754e-06 1.57076 -2.22865e-07
18.677 -0.436332 -0.436672 0.000340115 4.04448 -9.46034e-06 0.000705963 -9.7958e-06 -0.436672 -9.1722e-06 1.57076 -2.22014e-07
18.678 -0.436332 -0.436671 0.000338801 4.04422 -9.42377e-06 0.000703233 -9.75793e-06 -0.436671 -9.13674e-06 1.57076 -2.2116e-07
18.679 -0.436332 -0.43667 0.000337481 4.04396 -9.38706e-06 0.000700494 -9.71992e-06 -0.43667 -9.10115e-06 1.57076 -2.20302e-07
18.68 -0.436332 -0.436668 0.000336157 4.04371 -9.35022e-06 0.000697745 -9.68178e-06 -0.436668 -9.06542e-06 1.57076 -2.19442e-07
18.681 -0.436332 -0.436667 0.000334827 4.04345 -9.31325e-06 0.000694987 -9.6435e-06 -0.436667 -9.02957e-06 1.57076 -2.18578e-07
18.682 -0.436332 -0.436666 0.000333494 4.04319 -9.27615e-06 0.000692218 -9.60508e-06 -0.436666 -8.9936e-06 1.57076 -2.17711e-07
18.683 -0.436332 -0.436664 0.000332155 4.04293 -9.23892e-06 0.00068944 -9.56653e-06 -0.436664 -8.9575e-06 1.57076 -2.16842e-07
18.684 -0.436332 -0.436663 0.000330812 4.04267 -9.20156e-06 0.000686652 -9.52785e-06 -0.436663 -8.92127e-06 1.57076 -2.15969e-07
18.685 -0.436332 -0.436662 0.000329465 4.04241 -9.16408e-06 0.000683855 -9.48904e-06 -0.436662 -8.88493e-06 1.57076 -2.15094e-07
18.686 -0.436332 -0.43666 0.000328113 4.04215 -9.12647e-06 0.000681049 -9.4501e-06 -0.43666 -8.84846e-06 1.57076 -2.14215e-07
18.687 -0.436332 -0.436659 0.000326756 4.04189 -9.08874e-06 0.000678234 -9.41103e-06 -0.436659 -8.81187e-06 1.57076 -2.13334e-07
18.688 -0.436332 -0.436658 0.000325395 4.04163 -9.05089e-06 0.000675409 -9.37183e-06 -0.436658 -8.77517e-06 1.57076 -2.1245e-07
18.689 -0.436332 -0.436656 0.00032403 4.04137 -9.01291e-06 0.000672575 -9.33251e-06 -0.436656 -8.73835e-06 1.57076 -2.11563e-07
18.69 -0.436332 -0.436655 0.00032266 4.04111 -8.97482e-06 0.000669733 -9.29307e-06 -0.436655 -8.70141e-06 1.57076 -2.10673e-07
18.691 -0.436332 -0.436654 0.000321287 4.04085 -8.9366e-06 0.000666881 -9.2535e-06 -0.436654 -8.66435e-06 1.57077 -2.09781e-07
18.692 -0.436332 -0.436652 0.000319909 4.04059 -8.89827e-06 0.000664021 -9.21382e-06 -0.436652 -8.62718e-06 1.57077 -2.08886e-07
18.693 -0.436332 -0.436651 0.000318527 4.04033 -8.85983e-06 0.000661152 -9.17401e-06 -0.436651 -8.5899e-06 1.57077 -2.07988e-07
18.694 -0.436332 -0.436649 0.00031714 4.04007 -8.82127e-06 0.000658275 -9.13408e-06 -0.436649 -8.55251e-06 1.57077 -2.07088e-07
18.695 -0.436332 -0.436648 0.00031575 4.0398 -8.7826e-06 0.000655389 -9.09404e-06 -0.436648 -8.51501e-06 1.57077 -2.06185e-07
18.696 -0.436332 -0.436647 0.000314355 4.03954 -8.74381e-06 0.000652494 -9.05388e-06 -0.436647 -8.4774e-06 1.57077 -2.05279e-07
18.697 -0.436332 -0.436645 0.000312957 4.03928 -8.70491e-06 0.000649592 -9.0136e-06 -0.436645 -8.43968e-06 1.57077 -2.04371e-07
18.698 -0.436332 -0.436644 0.000311555 4.03902 -8.66591e-06 0.000646681 -8.97321e-06 -0.436644 -8.40186e-06 1.57077 -2.0346e-07
18.699 -0.436332 -0.436642 0.000310148 4.03876 -8.62679e-06 0.000643762 -8.93271e-06 -0.436642 -8.36393e-06 1.57077 -2.02546e-07
18.7 -0.436332 -0.436641 0.000308738 4.03849 -8.58757e-06 0.000640836 -8.8921e-06 -0.436641 -8.32589e-06 1.57077 -2.01631e-07
18.701 -0.436332 -0.43664 0.000307324 4.03823 -8.54824e-06 0.000637901 -8.85138e-06 -0.43664 -8.28776e-06 1.57077 -2.00712e-07
18.702 -0.436332 -0.436638 0.000305907 4.03797 -8.50881e-06 0.000634958 -8.81055e-06 -0.436638 -8.24952e-06 1.57077 -1.99792e-07
18.703 -0.436332 -0.436637 0.000304485 4.03771 -8.46928e-06 0.000632008 -8.76962e-06 -0.436637 -8.21118e-06 1.57077 -1.98868e-07
18.704 -0.436332 -0.436635 0.00030306 4.03744 -8.42964e-06 0.00062905 -8.72858e-06 -0.436635 -8.17275e-06 1.57077 -1.97943e-07
18.705 -0.436332 -0.436634 0.000301632 4.03718 -8.3899e-06 0.000626085 -8.68743e-06 -0.436634 -8.13421e-06 1.57077 -1.97015e-07
18.706 -0.436332 -0.436633 0.0003002 4.03692 -8.35007e-06 0.000623112 -8.64618e-06 -0.436633 -8.09558e-06 1.57077 -1.96085e-07
18.707 -0.436332 -0.436631 0.000298764 4.03665 -8.31013e-06 0.000620132 -8.60483e-06 -0.436631 -8.05686e-06 1.57077 -1.95153e-07
18.708 -0.436332 -0.43663 0.000297324 4.03639 -8.2701e-06 0.000617145 -8.56338e-06 -0.43663 -8.01804e-06 1.57077 -1.94218e-07
18.709 -0.436332 -0.436628 0.000295882 4.03612 -8.22997e-06 0.00061415 -8.52183e-06 -0.436628 -7.97912e-06 1.57077 -1.93281e-07
18.71 -0.436332 -0.436627 0.000294436 4.03586 -8.18975e-06 0.000611149 -8.48018e-06 -0.436627 -7.94012e-06 1.57077 -1.92342e-07
18.711 -0.436332 -0.436625 0.000292986 4.0356 -8.14943e-06 0.00060814 -8.43844e-06 -0.436625 -7.90102e-06 1.57077 -1.91401e-07
18.712 -0.436332 -0.436624 0.000291533 4.03533 -8.10902e-06 0.000605125 -8.3966e-06 -0.436624 -7.86184e-06 1.57077 -1.90457e-07
18.713 -0.436332 -0.436622 0.000290077 4.03507 -8.06853e-06 0.000602102 -8.35467e-06 -0.436622 -7.82257e-06 1.57077 -1.89512e-07
18.714 -0.436332 -0.436621 0.000288618 4.03481 -8.02794e-06 0.000599074 -8.31264e-06 -0.436621 -7.78321e-06 1.57077 -1.88564e-07
18.715 -0.436332 -0.436619 0.000287156 4.03454 -7.98726e-06 0.000596038 -8.27053e-06 -0.436619 -7.74376e-06 1.57077 -1.87615e-07
18.716 -0.436332 -0.436618 0.00028569 4.03428 -7.9465e-06 0.000592996 -8.22832e-06 -0.436618 -7.70423e-06 1.57077 -1.86663e-07
18.717 -0.436332 -0.436617 0.000284222 4.03401 -7.90565e-06 0.000589948 -8.18602e-06 -0.436617 -7.66462e-06 1.57077 -1.8571e-07
18.718 -0.436332 -0.436615 0.00028275 4.03375 -7.86472e-06 0.000586893 -8.14364e-06 -0.436615 -7.62493e-06 1.57077 -1.84754e-07
18.719 -0.436332 -0.436614 0.000281275 4.03348 -7.8237e-06 0.000583833 -8.10117e-06 -0.436614 -7.58515e-06 1.57077 -1.83796e-07
18.72 -0.436332 -0.436612 0.000279798 4.03322 -7.7826e-06 0.000580766 -8.05862e-06 -0.436612 -7.5453e-06 1.57077 -1.82837e-07
18.721 -0.436332 -0.436611 0.000278317 4.03296 -7.74143e-06 0.000577693 -8.01598e-06 -0.436611 -7.50537e-06 1.57077 -1.81876e-07
18.722 -0.436332 -0.436609 0.000276834 4.03269 -7.70017e-06 0.000574614 -7.97326e-06 -0.436609 -7.46536e-06 1.57077 -1.80913e-07
18.723 -0.436332 -0.436608 0.000275348 4.03243 -7.65883e-06 0.000571529 -7.93046e-06 -0.436608 -7.42527e-06 1.57077 -1.79948e-07
18.724 -0.436332 -0.436606 0.000273859 4.03216 -7.61742e-06 0.000568438 -7.88758e-06 -0.436606 -7.38511e-06 1.57077 -1.78981e-07
18.725 -0.436332 -0.436605 0.000272367 4.0319 -7.57593e-06 0.000565342 -7.84462e-06 -0.436605 -7.34488e-06 1.57077 -1.78012e-07
18.726 -0.436332 -0.436603 0.000270873 4.03163 -7.53436e-06 0.00056224 -7.80158e-06 -0.436603 -7.30457e-06 1.57077 -1.77042e-07
18.727 -0.436332 -0.436602 0.000269376 4.03137 -7.49273e-06 0.000559133 -7.75847e-06 -0.436602 -7.26419e-06 1.57077 -1.7607e-07
18.728 -0.436332 -0.4366 0.000267876 4.03111 -7.45102e-06 0.000556021 -7.71528e-06 -0.4366 -7.22374e-06 1.57077 -1.75096e-07
18.729 -0.436332 -0.436599 0.000266374 4.03084 -7.40924e-06 0.000552903 -7.67202e-06 -0.436599 -7.18323e-06 1.57077 -1.74121e-07
18.73 -0.436332 -0.436597 0.000264869 4.03058 -7.36739e-06 0.00054978 -7.62869e-06 -0.436597 -7.14264e-06 1.57077 -1.73144e-07
18.731 -0.436332 -0.436596 0.000263362 4.03031 -7.32547e-06 0.000546651 -7.58528e-06 -0.436596 -7.10199e-06 1.57077 -1.72166e-07
18.732 -0.436332 -0.436594 0.000261853 4.03005 -7.28348e-06 0.000543518 -7.54181e-06 -0.436594 -7.06128e-06 1.57077 -1.71186e-07
18.733 -0.436332 -0.436593 0.000260341 4.02979 -7.24143e-06 0.00054038 -7.49827e-06 -0.436593 -7.0205e-06 1.57077 -1.70204e-07
18.734 -0.436332 -0.436591 0.000258827 4.02952 -7.19931e-06 0.000537237 -7.45466e-06 -0.436591 -6.97966e-06 1.57077 -1.69221e-07
18.735 -0.436332 -0.43659 0.00025731 4.02926 -7.15713e-06 0.000534089 -7.41099e-06 -0.43659 -6.93875e-06 1.57077 -1.68236e-07
18.736 -0.436332 -0.436588 0.000255791 4.02899 -7.11489e-06 0.000530937 -7.36725e-06 -0.436588 -6.89779e-06 1.57077 -1.6725e-07
18.737 -0.436332 -0.436587 0.00025427 4.02873 -7.07259e-06 0.00052778 -7.32345e-06 -0.436587 -6.85677e-06 1.57077 -1.66263e-07
18.738 -0.436332 -0.436585 0.000252747 4.02847 -7.03023e-06 0.000524619 -7.27958e-06 -0.436585 -6.81568e-06 1.57077 -1.65274e-07
18.739 -0.436332 -0.436584 0.000251222 4.0282 -6.9878e-06 0.000521453 -7.23566e-06 -0.436584 -6.77455e-06 1.57077 -1.64284e-07
18.74 -0.436332 -0.436582 0.000249695 4.02794 -6.94533e-06 0.000518283 -7.19167e-06 -0.436582 -6.73335e-06 1.57077 -1.63292e-07
18.741 -0.436332 -0.43658 0.000248165 4.02768 -6.90279e-06 0.000515109 -7.14763e-06 -0.43658 -6.6921e-06 1.57077 -1.62299e-07
18.742 -0.436332 -0.436579 0.000246634 4.02741 -6.8602e-06 0.00051193 -7.10353e-06 -0.436579 -6.6508e-06 1.57077 -1.61305e-07
18.743 -0.436332 -0.436577 0.000245101 4.02715 -6.81756e-06 0.000508748 -7.05938e-06 -0.436577 -6.60945e-06 1.57077 -1.60309e-07
18.744 -0.436332 -0.436576 0.000243566 4.02689 -6.77486e-06 0.000505562 -7.01517e-06 -0.436576 -6.56804e-06 1.57077 -1.59313e-07
18.745 -0.436332 -0.436574 0.000242029 4.02663 -6.73211e-06 0.000502371 -6.97091e-06 -0.436574 -6.52659e-06 1.57077 -1.58315e-07
18.746 -0.436332 -0.436573 0.00024049 4.02636 -6.68931e-06 0.000499177 -6.92659e-06 -0.436573 -6.48508e-06 1.57077 -1.57316e-07
18.747 -0.436332 -0.436571 0.00023895 4.0261 -6.64646e-06 0.00049598 -6.88223e-06 -0.436571 -6.44353e-06 1.57077 -1.56316e-07
18.748 -0.436332 -0.43657 0.000237407 4.02584 -6.60357e-06 0.000492779 -6.83781e-06 -0.43657 -6.40193e-06 1.57077 -1.55314e-07
18.749 -0.436332 -0.436568 0.000235863 4.02558 -6.56063e-06 0.000489574 -6.79335e-06 -0.436568 -6.36029e-06 1.57077 -1.54312e-07
18.75 -0.436332 -0.436567 0.000234318 4.02532 -6.51764e-06 0.000486366 -6.74884e-06 -0.436567 -6.3186e-06 1.57077 -1.53309e-07
18.751 -0.436332 -0.436565 0.000232771 4.02505 -6.47461e-06 0.000483155 -6.70428e-06 -0.436565 -6.27687e-06 1.57077 -1.52304e-07
18.752 -0.436332 -0.436564 0.000231222 4.02479 -6.43153e-06 0.00047994 -6.65968e-06 -0.436564 -6.2351e-06 1.57077 -1.51299e-07
18.753 -0.436332 -0.436562 0.000229672 4.02453 -6.38841e-06 0.000476723 -6.61504e-06 -0.436562 -6.19328e-06 1.57077 -1.50292e-07
18.754 -0.436332 -0.43656 0.00022812 4.02427 -6.34526e-06 0.000473502 -6.57035e-06 -0.43656 -6.15143e-06 1.57077 -1.49285e-07
18.755 -0.436332 -0.436559 0.000226567 4.02401 -6.30206e-06 0.000470278 -6.52562e-06 -0.436559 -6.10954e-06 1.57077 -1.48276e-07
18.756 -0.436332 -0.436557 0.000225012 4.02375 -6.25882e-06 0.000467052 -6.48085e-06 -0.436557 -6.06761e-06 1.57077 -1.47267e-07
18.757 -0.436332 -0.436556 0.000223457 4.02349 -6.21555e-06 0.000463822 -6.43605e-06 -0.436556 -6.02565e-06 1.57077 -1.46257e-07
18.758 -0.436332 -0.436554 0.0002219 4.02323 -6.17224e-06 0.00046059 -6.39121e-06 -0.436554 -5.98365e-06 1.57077 -1.45246e-07
18.759 -0.436332 -0.436553 0.000220341 4.02297 -6.1289e-06 0.000457356 -6.34633e-06 -0.436553 -5.94162e-06 1.57077 -1.44234e-07
18.76 -0.436332 -0.436551 0.000218782 4.02271 -6.08552e-06 0.000454119 -6.30141e-06 -0.436551 -5.89955e-06 1.57078 -1.43221e-07
18.761 -0.436332 -0.43655 0.000217221 4.02245 -6.04211e-06 0.000450879 -6.25647e-06 -0.43655 -5.85746e-06 1.57078 -1.42208e-07
18.762 -0.436332 -0.436548 0.000215659 4.02219 -5.99867e-06 0.000447637 -6.21149e-06 -0.436548 -5.81533e-06 1.57078 -1.41194e-07
18.763 -0.436332 -0.436546 0.000214096 4.02193 -5.9552e-06 0.000444393 -6.16647e-06 -0.436546 -5.77317e-06 1.57078 -1.40179e-07
18.764 -0.436332 -0.436545 0.000212532 4.02167 -5.9117e-06 0.000441147 -6.12143e-06 -0.436545 -5.73099e-06 1.57078 -1.39164e-07
18.765 -0.436332 -0.436543 0.000210967 4.02141 -5.86817e-06 0.000437898 -6.07636e-06 -0.436543 -5.68877e-06 1.57078 -1.38148e-07
18.766 -0.436332 -0.436542 0.000209401 4.02115 -5.82461e-06 0.000434648 -6.03126e-06 -0.436542 -5.64654e-06 1.57078 -1.37131e-07
18.767 -0.436332 -0.43654 0.000207834 4.02089 -5.78103e-06 0.000431396 -5.98614e-06 -0.43654 -5.60427e-06 1.57078 -1.36113e-07
18.768 -0.436332 -0.436539 0.000206266 4.02064 -5.73743e-06 0.000428142 -5.94099e-06 -0.436539 -5.56199e-06 1.57078 -1.35095e-07
18.769 -0.436332 -0.436537 0.000204698 4.02038 -5.6938e-06 0.000424886 -5.89582e-06 -0.436537 -5.51968e-06 1.57078 -1.34077e-07
18.77 -0.436332 -0.436535 0.000203128 4.02012 -5.65015e-06 0.000421628 -5.85062e-06 -0.436535 -5.47735e-06 1.57078 -1.33058e-07
18.771 -0.436332 -0.436534 0.000201558 4.01986 -5.60648e-06 0.000418369 -5.8054e-06 -0.436534 -5.435e-06 1.57078 -1.32038e-07
18.772 -0.436332 -0.436532 0.000199987 4.01961 -5.56279e-06 0.000415109 -5.76016e-06 -0.436532 -5.39263e-06 1.57078 -1.31018e-07
18.773 -0.436332 -0.436531 0.000198416 4.01935 -5.51908e-06 0.000411847 -5.7149e-06 -0.436531 -5.35024e-06 1.57078 -1.29998e-07
18.774 -0.436332 -0.436529 0.000196844 4.0191 -5.47535e-06 0.000408584 -5.66963e-06 -0.436529 -5.30783e-06 1.57078 -1.28977e-07
18.775 -0.436332 -0.436528 0.000195271 4.01884 -5.4316e-06 0.000405319 -5.62433e-06 -0.436528 -5.26541e-06 1.57078 -1.27956e-07
18.776 -0.436332 -0.436526 0.000193698 4.01858 -5.38784e-06 0.000402053 -5.57902e-06 -0.436526 -5.22298e-06 1.57078 -1.26934e-07
18.777 -0.436332 -0.436524 0.000192124 4.01833 -5.34407e-06 0.000398787 -5.5337e-06 -0.436524 -5.18053e-06 1.57078 -1.25912e-07
18.778 -0.436332 -0.436523 0.000190549 4.01807 -5.30028e-06 0.000395519 -5.48836e-06 -0.436523 -5.13807e-06 1.57078 -1.2489e-07
18.779 -0.436332 -0.436521 0.000188975 4.01782 -5.25648e-06 0.000392251 -5.44301e-06 -0.436521 -5.09559e-06 1.57078 -1.23867e-07
18.78 -0.436332 -0.43652 0.0001874 4.01757 -5.21267e-06 0.000388981 -5.39765e-06 -0.43652 -5.05311e-06 1.57078 -1.22845e-07
18.781 -0.436332 -0.436518 0.000185824 4.01731 -5.16886e-06 0.000385711 -5.35228e-06 -0.436518 -5.01061e-06 1.57078 -1.21822e-07
18.782 -0.436332 -0.436517 0.000184248 4.01706 -5.12503e-06 0.00038244 -5.3069e-06 -0.436517 -4.96811e-06 1.57078 -1.20798e-07
18.783 -0.436332 -0.436515 0.000182672 4.0168 -5.08119e-06 0.000379169 -5.26151e-06 -0.436515 -4.9256e-06 1.57078 -1.19775e-07
18.784 -0.436332 -0.436513 0.000181096 4.01655 -5.03735e-06 0.000375897 -5.21612e-06 -0.436513 -4.88309e-06 1.57078 -1.18751e-07
18.785 -0.436332 -0.436512 0.00017952 4.0163 -4.9935e-06 0.000372625 -5.17072e-06 -0.436512 -4.84056e-06 1.57078 -1.17728e-07
18.786 -0.436332 -0.43651 0.000177943 4.01605 -4.94965e-06 0.000369353 -5.12531e-06 -0.43651 -4.79804e-06 1.57078 -1.16704e-07
18.787 -0.436332 -0.436509 0.000176366 4.0158 -4.9058e-06 0.00036608 -5.0799e-06 -0.436509 -4.75551e-06 1.57078 -1.1568e-07
18.788 -0.436332 -0.436507 0.000174789 4.01554 -4.86194e-06 0.000362807 -5.03449e-06 -0.436507 -4.71298e-06 1.57078 -1.14656e-07
18.789 -0.436332 -0.436506 0.000173213 4.01529 -4.81808e-06 0.000359534 -4.98908e-06 -0.436506 -4.67045e-06 1.57078 -1.13632e-07
18.79 -0.436332 -0.436504 0.000171636 4.01504 -4.77422e-06 0.000356261 -4.94367e-06 -0.436504 -4.62792e-06 1.57078 -1.12608e-07
18.791 -0.436332 -0.436502 0.000170059 4.01479 -4.73037e-06 0.000352989 -4.89826e-06 -0.436502 -4.58539e-06 1.57078 -1.11584e-07
18.792 -0.436332 -0.436501 0.000168482 4.01454 -4.68651e-06 0.000349716 -4.85285e-06 -0.436501 -4.54286e-06 1.57078 -1.1056e-07
18.793 -0.436332 -0.436499 0.000166906 4.01429 -4.64266e-06 0.000346444 -4.80745e-06 -0.436499 -4.50034e-06 1.57078 -1.09536e-07
18.794 -0.436332 -0.436498 0.000165329 4.01405 -4.59882e-06 0.000343172 -4.76205e-06 -0.436498 -4.45782e-06 1.57078 -1.08512e-07
18.795 -0.436332 -0.436496 0.000163753 4.0138 -4.55498e-06 0.0003399 -4.71666e-06 -0.436496 -4.41531e-06 1.57078 -1.07488e-07
18.796 -0.436332 -0.436494 0.000162177 4.01355 -4.51114e-06 0.000336629 -4.67127e-06 -0.436494 -4.3728e-06 1.57078 -1.06465e-07
18.797 -0.436332 -0.436493 0.000160601 4.0133 -4.46732e-06 0.000333358 -4.62589e-06 -0.436493 -4.3303e-06 1.57078 -1.05441e-07
18.798 -0.436332 -0.436491 0.000159026 4.01305 -4.4235e-06 0.000330088 -4.58052e-06 -0.436491 -4.28781e-06 1.57078 -1.04418e-07
18.799 -0.436332 -0.43649 0.000157451 4.01281 -4.37969e-06 0.000326819 -4.53517e-06 -0.43649 -4.24533e-06 1.57078 -1.03395e-07
18.8 -0.436332 -0.436488 0.000155876 4.01256 -4.33589e-06 0.000323551 -4.48982e-06 -0.436488 -4.20285e-06 1.57078 -1.02372e-07
18.801 -0.436332 -0.436487 0.000154302 4.01232 -4.29211e-06 0.000320283 -4.44448e-06 -0.436487 -4.16039e-06 1.57078 -1.0135e-07
18.802 -0.436332 -0.436485 0.000152728 4.01207 -4.24834e-06 0.000317017 -4.39916e-06 -0.436485 -4.11795e-06 1.57078 -1.00328e-07
18.803 -0.436332 -0.436483 0.000151155 4.01183 -4.20458e-06 0.000313752 -4.35385e-06 -0.436483 -4.07551e-06 1.57078 -9.93059e-08
18.804 -0.436332 -0.436482 0.000149583 4.01158 -4.16083e-06 0.000310487 -4.30856e-06 -0.436482 -4.0331e-06 1.57078 -9.82844e-08
18.805 -0.436332 -0.43648 0.00014801 4.01134 -4.11711e-06 0.000307224 -4.26329e-06 -0.43648 -3.99069e-06 1.57078 -9.72632e-08
18.806 -0.436332 -0.436479 0.000146439 4.01109 -4.0734e-06 0.000303962 -4.21803e-06 -0.436479 -3.94831e-06 1.57078 -9.62425e-08
18.807 -0.436332 -0.436477 0.000144868 4.01085 -4.02971e-06 0.000300702 -4.17279e-06 -0.436477 -3.90594e-06 1.57078 -9.52221e-08
18.808 -0.436332 -0.436476 0.000143298 4.01061 -3.98603e-06 0.000297443 -4.12757e-06 -0.436476 -3.86359e-06 1.57078 -9.42022e-08
18.809 -0.436332 -0.436474 0.000141729 4.01037 -3.94238e-06 0.000294185 -4.08237e-06 -0.436474 -3.82126e-06 1.57078 -9.31827e-08
18.81 -0.436332 -0.436472 0.00014016 4.01012 -3.89875e-06 0.00029093 -4.0372e-06 -0.436472 -3.77895e-06 1.57078 -9.21637e-08
18.811 -0.436332 -0.436471 0.000138592 4.00988 -3.85514e-06 0.000287675 -3.99204e-06 -0.436471 -3.73666e-06 1.57078 -9.11452e-08
18.812 -0.436332 -0.436469 0.000137025 4.00964 -3.81156e-06 0.000284423 -3.94692e-06 -0.436469 -3.69439e-06 1.57078 -9.01273e-08
18.813 -0.436332 -0.436468 0.000135459 4.0094 -3.768e-06 0.000281172 -3.90181e-06 -0.436468 -3.65215e-06 1.57078 -8.91099e-08
18.814 -0.436332 -0.436466 0.000133894 4.00916 -3.72446e-06 0.000277923 -3.85674e-06 -0.436466 -3.60993e-06 1.57078 -8.80931e-08
18.815 -0.436332 -0.436465 0.00013233 4.00892 -3.68095e-06 0.000274677 -3.81169e-06 -0.436465 -3.56774e-06 1.57078 -8.70769e-08
18.816 -0.436332 -0.436463 0.000130766 4.00869 -3.63747e-06 0.000271432 -3.76666e-06 -0.436463 -3.52558e-06 1.57078 -8.60613e-08
18.817 -0.436332 -0.436462 0.000129204 4.00845 -3.59402e-06 0.000268189 -3.72167e-06 -0.436462 -3.48344e-06 1.57078 -8.50463e-08
18.818 -0.436332 -0.43646 0.000127643 4.00821 -3.55059e-06 0.000264949 -3.67671e-06 -0.43646 -3.44133e-06 1.57078 -8.4032e-08
18.819 -0.436332 -0.436458 0.000126083 4.00797 -3.5072e-06 0.00026171 -3.63178e-06 -0.436458 -3.39925e-06 1.57078 -8.30185e-08
18.82 -0.436332 -0.436457 0.000124524 4.00774 -3.46384e-06 0.000258475 -3.58688e-06 -0.436457 -3.3572e-06 1.57078 -8.20056e-08
18.821 -0.436332 -0.436455 0.000122966 4.0075 -3.42051e-06 0.000255241 -3.54202e-06 -0.436455 -3.31518e-06 1.57078 -8.09935e-08
18.822 -0.436332 -0.436454 0.000121409 4.00727 -3.37721e-06 0.00025201 -3.49719e-06 -0.436454 -3.2732e-06 1.57078 -7.99821e-08
18.823 -0.436332 -0.436452 0.000119854 4.00703 -3.33395e-06 0.000248782 -3.45239e-06 -0.436452 -3.23125e-06 1.57078 -7.89715e-08
18.824 -0.436332 -0.436451 0.0001183 4.0068 -3.29072e-06 0.000245556 -3.40764e-06 -0.436451 -3.18933e-06 1.57078 -7.79618e-08
18.825 -0.436332 -0.436449 0.000116747 4.00656 -3.24753e-06 0.000242333 -3.36292e-06 -0.436449 -3.14745e-06 1.57078 -7.69528e-08
18.826 -0.436332 -0.436448 0.000115196 4.00633 -3.20437e-06 0.000239113 -3.31823e-06 -0.436448 -3.1056e-06 1.57079 -7.59447e-08
18.827 -0.436332 -0.436446 0.000113645 4.0061 -3.16126e-06 0.000235896 -3.27359e-06 -0.436446 -3.06379e-06 1.57079 -7.49375e-08
18.828 -0.436332 -0.436444 0.000112097 4.00587 -3.11818e-06 0.000232681 -3.22899e-06 -0.436444 -3.02202e-06 1.57079 -7.39312e-08
18.829 -0.436332 -0.436443 0.00011055 4.00563 -3.07515e-06 0.00022947 -3.18443e-06 -0.436443 -2.98029e-06 1.57079 -7.29258e-08
18.83 -0.436332 -0.436441 0.000109004 4.0054 -3.03215e-06 0.000226261 -3.13991e-06 -0.436441 -2.9386e-06 1.57079 -7.19214e-08
18.831 -0.436332 -0.43644 0.00010746 4.00517 -2.9892e-06 0.000223056 -3.09544e-06 -0.43644 -2.89694e-06 1.57079 -7.09179e-08
18.832 -0.436332 -0.436438 0.000105917 4.00494 -2.94629e-06 0.000219854 -3.05101e-06 -0.436438 -2.85533e-06 1.57079 -6.99154e-08
18.833 -0.436332 -0.436437 0.000104376 4.00471 -2.90342e-06 0.000216655 -3.00663e-06 -0.436437 -2.81377e-06 1.57079 -6.89139e-08
18.834 -0.436332 -0.436435 0.000102836 4.00449 -2.8606e-06 0.00021346 -2.96229e-06 -0.436435 -2.77224e-06 1.57079 -6.79135e-08
18.835 -0.436332 -0.436434 0.000101298 4.00426 -2.81782e-06 0.000210268 -2.918e-06 -0.436434 -2.73076e-06 1.57079 -6.69141e-08
18.836 -0.436332 -0.436432 9.97622e-05 4.00403 -2.77509e-06 0.000207079 -2.87376e-06 -0.436432 -2.68933e-06 1.57079 -6.59157e-08
18.837 -0.436332 -0.436431 9.82278e-05 4.0038 -2.73241e-06 0.000203894 -2.82956e-06 -0.436431 -2.64794e-06 1.57079 -6.49185e-08
18.838 -0.436332 -0.436429 9.6695e-05 4.00358 -2.68978e-06 0.000200713 -2.78542e-06 -0.436429 -2.6066e-06 1.57079 -6.39224e-08
18.839 -0.436332 -0.436427 9.51641e-05 4.00335 -2.6472e-06 0.000197535 -2.74133e-06 -0.436427 -2.56531e-06 1.57079 -6.29274e-08
18.84 -0.436332 -0.436426 9.3635e-05 4.00313 -2.60466e-06 0.000194361 -2.69729e-06 -0.436426 -2.52407e-06 1.57079 -6.19336e-08
18.841 -0.436332 -0.436424 9.21078e-05 4.0029 -2.56218e-06 0.000191191 -2.65331e-06 -0.436424 -2.48287e-06 1.57079 -6.0941e-08
18.842 -0.436332 -0.436423 9.05824e-05 4.00268 -2.51975e-06 0.000188025 -2.60937e-06 -0.436423 -2.44173e-06 1.57079 -5.99496e-08
18.843 -0.436332 -0.436421 8.90589e-05 4.00246 -2.47738e-06 0.000184863 -2.5655e-06 -0.436421 -2.40064e-06 1.57079 -5.89594e-08
18.844 -0.436332 -0.43642 8.75374e-05 4.00223 -2.43505e-06 0.000181705 -2.52168e-06 -0.43642 -2.3596e-06 1.57079 -5.79704e-08
18.845 -0.436332 -0.436418 8.60178e-05 4.00201 -2.39279e-06 0.000178551 -2.47791e-06 -0.436418 -2.31861e-06 1.57079 -5.69827e-08
18.846 -0.436332 -0.436417 8.45003e-05 4.00179 -2.35058e-06 0.000175401 -2.43421e-06 -0.436417 -2.27768e-06 1.57079 -5.59963e-08
18.847 -0.436332 -0.436415 8.29848e-05 4.00157 -2.30842e-06 0.000172256 -2.39056e-06 -0.436415 -2.23681e-06 1.57079 -5.50112e-08
18.848 -0.436332 -0.436414 8.14714e-05 4.00135 -2.26632e-06 0.000169115 -2.34697e-06 -0.436414 -2.19599e-06 1.57079 -5.40275e-08
18.849 -0.436332 -0.436412 7.99601e-05 4.00113 -2.22429e-06 0.000165978 -2.30345e-06 -0.436412 -2.15522e-06 1.57079 -5.30451e-08
18.85 -0.436332 -0.436411 7.84509e-05 4.00091 -2.18231e-06 0.000162845 -2.25998e-06 -0.436411 -2.11452e-06 1.57079 -5.2064e-08
18.851 -0.436332 -0.436409 7.69439e-05 4.0007 -2.14039e-06 0.000159717 -2.21658e-06 -0.436409 -2.07387e-06 1.57079 -5.10844e-08
18.852 -0.436332 -0.436408 7.54391e-05 4.00048 -2.09853e-06 0.000156594 -2.17324e-06 -0.436408 -2.03328e-06 1.57079 -5.01061e-08
18.853 -0.436332 -0.436406 7.39365e-05 4.00026 -2.05673e-06 0.000153475 -2.12997e-06 -0.436406 -1.99276e-06 1.57079 -4.91293e-08
18.854 -0.436332 -0.436405 7.24362e-05 4.00005 -2.015e-06 0.000150361 -2.08676e-06 -0.436405 -1.95229e-06 1.57079 -4.81539e-08
18.855 -0.436332 -0.436403 7.09382e-05 3.99983 -1.97333e-06 0.000147252 -2.04361e-06 -0.436403 -1.91188e-06 1.57079 -4.71801e-08
18.856 -0.436332 -0.436402 6.94426e-05 3.99962 -1.93173e-06 0.000144147 -2.00054e-06 -0.436402 -1.87154e-06 1.57079 -4.62077e-08
18.857 -0.436332 -0.4364 6.79492e-05 3.9994 -1.89019e-06 0.000141048 -1.95753e-06 -0.4364 -1.83126e-06 1.57079 -4.52368e-08
18.858 -0.436332 -0.436399 6.64583e-05 3.99919 -1.84872e-06 0.000137953 -1.91459e-06 -0.436399 -1.79105e-06 1.57079 -4.42674e-08
18.859 -0.436332 -0.436397 6.49698e-05 3.99898 -1.80731e-06 0.000134864 -1.87171e-06 -0.436397 -1.7509e-06 1.57079 -4.32996e-08
18.86 -0.436332 -0.436396 6.34837e-05 3.99877 -1.76597e-06 0.000131779 -1.82891e-06 -0.436396 -1.71082e-06 1.57079 -4.23334e-08
18.861 -0.436332 -0.436394 6.20001e-05 3.99856 -1.72471e-06 0.0001287 -1.78618e-06 -0.436394 -1.6708e-06 1.57079 -4.13688e-08
18.862 -0.436332 -0.436393 6.0519e-05 3.99835 -1.68351e-06 0.000125625 -1.74353e-06 -0.436393 -1.63086e-06 1.57079 -4.04057e-08
18.863 -0.436332 -0.436391 5.90404e-05 3.99814 -1.64238e-06 0.000122557 -1.70094e-06 -0.436391 -1.59098e-06 1.57079 -3.94443e-08
18.864 -0.436332 -0.43639 5.75645e-05 3.99793 -1.60132e-06 0.000119493 -1.65843e-06 -0.43639 -1.55116e-06 1.57079 -3.84846e-08
18.865 -0.436332 -0.436388 5.60911e-05 3.99772 -1.56034e-06 0.000116435 -1.616e-06 -0.436388 -1.51142e-06 1.57079 -3.75265e-08
18.866 -0.436332 -0.436387 5.46203e-05 3.99751 -1.51942e-06 0.000113382 -1.57364e-06 -0.436387 -1.47175e-06 1.57079 -3.65701e-08
18.867 -0.436332 -0.436385 5.31522e-05 3.99731 -1.47859e-06 0.000110335 -1.53135e-06 -0.436385 -1.43216e-06 1.57079 -3.56154e-08
18.868 -0.436332 -0.436384 5.16868e-05 3.9971 -1.43782e-06 0.000107293 -1.48915e-06 -0.436384 -1.39263e-06 1.57079 -3.46625e-08
18.869 -0.436332 -0.436383 5.02241e-05 3.99689 -1.39713e-06 0.000104257 -1.44702e-06 -0.436383 -1.35318e-06 1.57079 -3.37112e-08
18.87 -0.436332 -0.436381 4.87641e-05 3.99669 -1.35652e-06 0.000101227 -1.40497e-06 -0.436381 -1.3138e-06 1.57079 -3.27618e-08
18.871 -0.436332 -0.43638 4.73069e-05 3.99649 -1.31599e-06 9.82023e-05 -1.363e-06 -0.43638 -1.2745e-06 1.57079 -3.18141e-08
18.872 -0.436332 -0.436378 4.58525e-05 3.99628 -1.27553e-06 9.51836e-05 -1.32111e-06 -0.436378 -1.23527e-06 1.57079 -3.08682e-08
18.873 -0.436332 -0.436377 4.44009e-05 3.99608 -1.23515e-06 9.21707e-05 -1.2793e-06 -0.436377 -1.19612e-06 1.57079 -2.99242e-08
18.874 -0.436332 -0.436375 4.29522e-05 3.99588 -1.19485e-06 8.91637e-05 -1.23758e-06 -0.436375 -1.15704e-06 1.57079 -2.89819e-08
18.875 -0.436332 -0.436374 4.15064e-05 3.99568 -1.15463e-06 8.61627e-05 -1.19594e-06 -0.436374 -1.11804e-06 1.57079 -2.80416e-08
18.876 -0.436332 -0.436372 4.00635e-05 3.99548 -1.1145e-06 8.31678e-05 -1.15438e-06 -0.436372 -1.07913e-06 1.57079 -2.71031e-08
18.877 -0.436332 -0.436371 3.86235e-05 3.99528 -1.07444e-06 8.0179e-05 -1.1129e-06 -0.436371 -1.04029e-06 1.57079 -2.61665e-08
18.878 -0.436332 -0.436369 3.71865e-05 3.99508 -1.03447e-06 7.71963e-05 -1.07152e-06 -0.436369 -1.00153e-06 1.57079 -2.52318e-08
18.879 -0.436332 -0.436368 3.57525e-05 3.99488 -9.94575e-07 7.42199e-05 -1.03021e-06 -0.436368 -9.6285e-07 1.57079 -2.4299e-08
18.88 -0.436332 -0.436367 3.43215e-05 3.99469 -9.54768e-07 7.12497e-05 -9.88998e-07 -0.436367 -9.24253e-07 1.57079 -2.33682e-08
18.881 -0.436332 -0.436365 3.28936e-05 3.99449 -9.15046e-07 6.82859e-05 -9.4787e-07 -0.436365 -8.85739e-07 1.57079 -2.24393e-08
18.882 -0.436332 -0.436364 3.14687e-05 3.99429 -8.7541e-07 6.53284e-05 -9.06831e-07 -0.436364 -8.47307e-07 1.57079 -2.15124e-08
18.883 -0.436332 -0.436362 3.00469e-05 3.9941 -8.3586e-07 6.23774e-05 -8.65882e-07 -0.436362 -8.08959e-07 1.57079 -2.05876e-08
18.884 -0.436332 -0.436361 2.86283e-05 3.9939 -7.96397e-07 5.94329e-05 -8.25022e-07 -0.436361 -7.70696e-07 1.57079 -1.96647e-08
18.885 -0.436332 -0.43636 2.72128e-05 3.99371 -7.57021e-07 5.6495e-05 -7.84253e-07 -0.43636 -7.32518e-07 1.57079 -1.87439e-08
18.886 -0.436332 -0.436358 2.58006e-05 3.99352 -7.17735e-07 5.35636e-05 -7.43576e-07 -0.436358 -6.94426e-07 1.57079 -1.78251e-08
18.887 -0.436332 -0.436357 2.43915e-05 3.99333 -6.78537e-07 5.0639e-05 -7.02992e-07 -0.436357 -6.5642e-07 1.57079 -1.69084e-08
18.888 -0.436332 -0.436355 2.29856e-05 3.99314 -6.39429e-07 4.7721e-05 -6.625e-07 -0.436355 -6.18501e-07 1.57079 -1.59937e-08
18.889 -0.436332 -0.436354 2.15831e-05 3.99295 -6.00412e-07 4.48098e-05 -6.22102e-07 -0.436354 -5.80671e-07 1.57079 -1.50812e-08
18.89 -0.436332 -0.436352 2.01838e-05 3.99276 -5.61487e-07 4.19054e-05 -5.81799e-07 -0.436352 -5.42929e-07 1.57079 -1.41708e-08
18.891 -0.436332 -0.436351 1.87878e-05 3.99257 -5.22653e-07 3.90079e-05 -5.41592e-07 -0.436351 -5.05277e-07 1.57079 -1.32625e-08
18.892 -0.436332 -0.43635 1.73952e-05 3.99238 -4.83912e-07 3.61174e-05 -5.0148e-07 -0.43635 -4.67715e-07 1.57079 -1.23564e-08
18.893 -0.436332 -0.436348 1.60059e-05 3.99219 -4.45265e-07 3.32338e-05 -4.61465e-07 -0.436348 -4.30243e-07 1.57079 -1.14524e-08
18.894 -0.436332 -0.436347 1.462e-05 3.99201 -4.06712e-07 3.03573e-05 -4.21548e-07 -0.436347 -3.92863e-07 1.57079 -1.05506e-08
18.895 -0.436332 -0.436346 1.32375e-05 3.99182 -3.68254e-07 2.74878e-05 -3.81729e-07 -0.436346 -3.55575e-07 1.5708 -9.65106e-09
18.896 -0.436332 -0.436344 1.18585e-05 3.99164 -3.29891e-07 2.46255e-05 -3.42009e-07 -0.436344 -3.1838e-07 1.5708 -8.7537e-09
18.897 -0.436332 -0.436343 1.0483e-05 3.99145 -2.91625e-07 2.17704e-05 -3.02389e-07 -0.436343 -2.81278e-07 1.5708 -7.85857e-09
18.898 -0.436332 -0.436341 9.11089e-06 3.99127 -2.53456e-07 1.89225e-05 -2.62869e-07 -0.436341 -2.44271e-07 1.5708 -6.96569e-09
18.899 -0.436332 -0.43634 7.74233e-06 3.99109 -2.15385e-07 1.60819e-05 -2.23451e-07 -0.43634 -2.07358e-07 1.5708 -6.07508e-09
18.9 -0.436332 -0.436339 6.37731e-06 3.9909 -1.77411e-07 1.32487e-05 -1.84134e-07 -0.436339 -1.7054e-07 1.5708 -5.18675e-09
18.901 -0.436332 -0.436337 5.01585e-06 3.99072 -1.39537e-07 1.04229e-05 -1.4492e-07 -0.436337 -1.33819e-07 1.5708 -4.30071e-09
18.902 -0.436332 -0.436336 3.65798e-06 3.99054 -1.01763e-07 7.60448e-06 -1.05809e-07 -0.436336 -9.71946e-08 1.5708 -3.41699e-09
18.903 -0.436332 -0.436335 2.30372e-06 3.99037 -6.40888e-08 4.79358e-06 -6.68016e-08 -0.436335 -6.06674e-08 1.5708 -2.53559e-09
18.904 -0.436332 -0.436333 9.53096e-07 3.99019 -2.65157e-08 1.99023e-06 -2.78991e-08 -0.436333 -2.42383e-08 1.5708 -1.65654e-09
18.905 -0.436332 -0.436332 -3.93872e-07 3.99001 1.09558e-08 -8.05538e-07 1.08981e-08 -0.436332 1.20922e-08 1.5708 -7.79846e-10
18.906 -0.436332 -0.436331 -1.73716e-06 3.98983 4.83249e-08 -3.59366e-06 4.95893e-08 -0.436331 4.83234e-08 1.5708 9.44733e-11
18.907 -0.436332 -0.436329 -3.07674e-06 3.98966 8.5591e-08 -6.3741e-06 8.8174e-08 -0.436329 8.44546e-08 1.5708 9.66403e-10
18.908 -0.436332 -0.436328 -4.4126e-06 3.98948 1.22754e-07 -9.14679e-06 1.26651e-07 -0.436328 1.20485e-07 1.5708 1.83593e-09
18.909 -0.436332 -0.436327 -5.7447e-06 3.98931 1.59812e-07 -1.19117e-05 1.65021e-07 -0.436327 1.56415e-07 1.5708 2.70304e-09
18.91 -0.436332 -0.436325 -7.07303e-06 3.98913 1.96765e-07 -1.46688e-05 2.03282e-07 -0.436325 1.92243e-07 1.5708 3.56771e-09
18.911 -0.436332 -0.436324 -8.39757e-06 3.98896 2.33613e-07 -1.7418e-05 2.41433e-07 -0.436324 2.27968e-07 1.5708 4.42993e-09
18.912 -0.436332 -0.436323 -9.71829e-06 3.98879 2.70355e-07 -2.01593e-05 2.79475e-07 -0.436323 2.63591e-07 1.5708 5.28969e-09
18.913 -0.436332 -0.436321 -1.10352e-05 3.98862 3.0699e-07 -2.28926e-05 3.17406e-07 -0.436321 2.99109e-07 1.5708 6.14697e-09
18.914 -0.436332 -0.43632 -1.23482e-05 3.98845 3.43518e-07 -2.56179e-05 3.55226e-07 -0.43632 3.34524e-07 1.5708 7.00176e-09
18.915 -0.436332 -0.436319 -1.36573e-05 3.98828 3.79937e-07 -2.83351e-05 3.92934e-07 -0.436319 3.69834e-07 1.5708 7.85404e-09
18.916 -0.436332 -0.436317 -1.49625e-05 3.98811 4.16248e-07 -3.10442e-05 4.3053e-07 -0.436317 4.05038e-07 1.5708 8.7038e-09
18.917 -0.436332 -0.436316 -1.62638e-05 3.98794 4.5245e-07 -3.37452e-05 4.68012e-07 -0.436316 4.40137e-07 1.5708 9.55102e-09
18.918 -0.436332 -0.436315 -1.75612e-05 3.98778 4.88542e-07 -3.64379e-05 5.05381e-07 -0.436315 4.75129e-07 1.5708 1.03957e-08
18.919 -0.436332 -0.436313 -1.88546e-05 3.98761 5.24524e-07 -3.91224e-05 5.42636e-07 -0.436313 5.10014e-07 1.5708 1.12378e-08
18.92 -0.436332 -0.436312 -2.01439e-05 3.98745 5.60395e-07 -4.17987e-05 5.79776e-07 -0.436312 5.44791e-07 1.5708 1.20773e-08
18.921 -0.436332 -0.436311 -2.14293e-05 3.98728 5.96154e-07 -4.44666e-05 6.168e-07 -0.436311 5.7946e-07 1.5708 1.29143e-08
18.922 -0.436332 -0.43631 -2.27106e-05 3.98712 6.31801e-07 -4.71261e-05 6.53708e-07 -0.43631 6.1402e-07 1.5708 1.37486e-08
18.923 -0.436332 -0.436308 -2.39879e-05 3.98696 6.67335e-07 -4.97772e-05 6.90499e-07 -0.436308 6.48471e-07 1.5708 1.45803e-08
18.924 -0.436332 -0.436307 -2.52611e-05 3.9868 7.02756e-07 -5.24199e-05 7.27173e-07 -0.436307 6.82812e-07 1.5708 1.54094e-08
18.925 -0.436332 -0.436306 -2.65302e-05 3.98664 7.38063e-07 -5.5054e-05 7.63729e-07 -0.436306 7.17042e-07 1.5708 1.62359e-08
18.926 -0.436332 -0.436305 -2.77952e-05 3.98648 7.73256e-07 -5.76796e-05 8.00167e-07 -0.436305 7.51162e-07 1.5708 1.70596e-08
18.927 -0.436332 -0.436303 -2.90561e-05 3.98632 8.08334e-07 -6.02966e-05 8.36485e-07 -0.436303 7.85169e-07 1.5708 1.78807e-08
18.928 -0.436332 -0.436302 -3.03128e-05 3.98616 8.43296e-07 -6.2905e-05 8.72684e-07 -0.436302 8.19065e-07 1.5708 1.86992e-08
18.929 -0.436332 -0.436301 -3.15653e-05 3.986 8.78142e-07 -6.55048e-05 9.08763e-07 -0.436301 8.52848e-07 1.5708 1.95149e-08
18.93 -0.436332 -0.436299 -3.28136e-05 3.98584 9.12871e-07 -6.80958e-05 9.44721e-07 -0.436299 8.86518e-07 1.5708 2.03279e-08
18.931 -0.436332 -0.436298 -3.40577e-05 3.98569 9.47484e-07 -7.0678e-05 9.80558e-07 -0.436298 9.20074e-07 1.5708 2.11382e-08
18.932 -0.436332 -0.436297 -3.52976e-05 3.98553 9.81978e-07 -7.32515e-05 1.01627e-06 -0.436297 9.53516e-07 1.5708 2.19458e-08
18.933 -0.436332 -0.436296 -3.65332e-05 3.98538 1.01635e-06 -7.58162e-05 1.05186e-06 -0.436296 9.86843e-07 1.5708 2.27506e-08
18.934 -0.436332 -0.436295 -3.77646e-05 3.98523 1.05061e-06 -7.83719e-05 1.08733e-06 -0.436295 1.02005e-06 1.5708 2.35526e-08
18.935 -0.436332 -0.436293 -3.89916e-05 3.98508 1.08475e-06 -8.09188e-05 1.12268e-06 -0.436293 1.05315e-06 1.5708 2.43519e-08
18.936 -0.436332 -0.436292 -4.02144e-05 3.98492 1.11877e-06 -8.34567e-05 1.1579e-06 -0.436292 1.08613e-06 1.5708 2.51483e-08
18.937 -0.436332 -0.436291 -4.14328e-05 3.98477 1.15267e-06 -8.59856e-05 1.193e-06 -0.436291 1.11899e-06 1.5708 2.5942e-08
18.938 -0.436332 -0.43629 -4.26469e-05 3.98462 1.18644e-06 -8.85056e-05 1.22797e-06 -0.43629 1.15174e-06 1.5708 2.67329e-08
18.939 -0.436332 -0.436288 -4.38566e-05 3.98448 1.2201e-06 -9.10164e-05 1.26282e-06 -0.436288 1.18437e-06 1.5708 2.7521e-08
18.94 -0.436332 -0.436287 -4.50619e-05 3.98433 1.25363e-06 -9.35181e-05 1.29754e-06 -0.436287 1.21688e-06 1.5708 2.83062e-08
18.941 -0.436332 -0.436286 -4.62628e-05 3.98418 1.28704e-06 -9.60108e-05 1.33213e-06 -0.436286 1.24927e-06 1.5708 2.90885e-08
18.942 -0.436332 -0.436285 -4.74593e-05 3.98404 1.32033e-06 -9.84942e-05 1.36659e-06 -0.436285 1.28154e-06 1.5708 2.98681e-08
18.943 -0.436332 -0.436284 -4.86514e-05 3.98389 1.3535e-06 -0.000100968 1.40093e-06 -0.436284 1.31369e-06 1.5708 3.06447e-08
18.944 -0.436332 -0.436282 -4.9839e-05 3.98375 1.38654e-06 -0.000103433 1.43514e-06 -0.436282 1.34573e-06 1.5708 3.14185e-08
18.945 -0.436332 -0.436281 -5.10221e-05 3.9836 1.41946e-06 -0.000105889 1.46922e-06 -0.436281 1.37764e-06 1.5708 3.21893e-08
18.946 -0.436332 -0.43628 -5.22008e-05 3.98346 1.45225e-06 -0.000108335 1.50318e-06 -0.43628 1.40943e-06 1.5708 3.29573e-08
18.947 -0.436332 -0.436279 -5.33749e-05 3.98332 1.48492e-06 -0.000110773 1.537e-06 -0.436279 1.4411e-06 1.5708 3.37224e-08
18.948 -0.436332 -0.436278 -5.45445e-05 3.98318 1.51746e-06 -0.0001132 1.57069e-06 -0.436278 1.47264e-06 1.5708 3.44845e-08
18.949 -0.436332 -0.436277 -5.57096e-05 3.98304 1.54987e-06 -0.000115618 1.60425e-06 -0.436277 1.50407e-06 1.5708 3.52437e-08
18.95 -0.436332 -0.436275 -5.68701e-05 3.9829 1.58216e-06 -0.000118027 1.63768e-06 -0.436275 1.53537e-06 1.5708 3.59999e-08
18.951 -0.436332 -0.436274 -5.80261e-05 3.98276 1.61432e-06 -0.000120426 1.67098e-06 -0.436274 1.56655e-06 1.5708 3.67532e-08
18.952 -0.436332 -0.436273 -5.91775e-05 3.98263 1.64636e-06 -0.000122816 1.70415e-06 -0.436273 1.5976e-06 1.5708 3.75035e-08
18.953 -0.436332 -0.436272 -6.03242e-05 3.98249 1.67826e-06 -0.000125196 1.73718e-06 -0.436272 1.62853e-06 1.5708 3.82508e-08
18.954 -0.436332 -0.436271 -6.14663e-05 3.98235 1.71004e-06 -0.000127567 1.77008e-06 -0.436271 1.65934e-06 1.5708 3.89952e-08
18.955 -0.436332 -0.43627 -6.26039e-05 3.98222 1.74169e-06 -0.000129928 1.80285e-06 -0.43627 1.69002e-06 1.5708 3.97365e-08
18.956 -0.436332 -0.436269 -6.37367e-05 3.98209 1.77321e-06 -0.000132279 1.83548e-06 -0.436269 1.72057e-06 1.5708 4.04749e-08
18.957 -0.436332 -0.436267 -6.48649e-05 3.98195 1.80459e-06 -0.000134621 1.86798e-06 -0.436267 1.751e-06 1.5708 4.12102e-08
18.958 -0.436332 -0.436266 -6.59884e-05 3.98182 1.83585e-06 -0.000136953 1.90035e-06 -0.436266 1.78131e-06 1.5708 4.19425e-08
18.959 -0.436332 -0.436265 -6.71072e-05 3.98169 1.86698e-06 -0.000139275 1.93258e-06 -0.436265 1.81148e-06 1.5708 4.26717e-08
18.96 -0.436332 -0.436264 -6.82213e-05 3.98156 1.89798e-06 -0.000141587 1.96467e-06 -0.436264 1.84153e-06 1.5708 4.33979e-08
18.961 -0.436332 -0.436263 -6.93307e-05 3.98143 1.92885e-06 -0.00014389 1.99663e-06 -0.436263 1.87145e-06 1.5708 4.4121e-08
18.962 -0.436332 -0.436262 -7.04353e-05 3.9813 1.95958e-06 -0.000146183 2.02845e-06 -0.436262 1.90125e-06 1.5708 4.48411e-08
18.963 -0.436332 -0.436261 -7.15352e-05 3.98118 1.99018e-06 -0.000148466 2.06013e-06 -0.436261 1.93091e-06 1.5708 4.55581e-08
18.964 -0.436332 -0.43626 -7.26303e-05 3.98105 2.02065e-06 -0.000150739 2.09168e-06 -0.43626 1.96045e-06 1.5708 4.6272e-08
18.965 -0.436332 -0.436259 -7.37206e-05 3.98093 2.05099e-06 -0.000153002 2.12309e-06 -0.436259 1.98986e-06 1.5708 4.69828e-08
18.966 -0.436332 -0.436258 -7.48061e-05 3.9808 2.08119e-06 -0.000155255 2.15436e-06 -0.436258 2.01914e-06 1.5708 4.76905e-08
18.967 -0.436332 -0.436256 -7.58868e-05 3.98068 2.11126e-06 -0.000157498 2.18549e-06 -0.436256 2.04828e-06 1.5708 4.8395e-08
18.968 -0.436332 -0.436255 -7.69627e-05 3.98055 2.14119e-06 -0.000159731 2.21649e-06 -0.436255 2.0773e-06 1.5708 4.90965e-08
18.969 -0.436332 -0.436254 -7.80337e-05 3.98043 2.17099e-06 -0.000161954 2.24734e-06 -0.436254 2.10619e-06 1.5708 4.97948e-08
18.97 -0.436332 -0.436253 -7.90999e-05 3.98031 2.20066e-06 -0.000164167 2.27805e-06 -0.436253 2.13495e-06 1.5708 5.049e-08
18.971 -0.436332 -0.436252 -8.01612e-05 3.98019 2.23019e-06 -0.00016637 2.30863e-06 -0.436252 2.16357e-06 1.5708 5.1182e-08
18.972 -0.436332 -0.436251 -8.12177e-05 3.98007 2.25958e-06 -0.000168562 2.33906e-06 -0.436251 2.19207e-06 1.5708 5.18708e-08
18.973 -0.436332 -0.43625 -8.22692e-05 3.97995 2.28884e-06 -0.000170745 2.36936e-06 -0.43625 2.22043e-06 1.5708 5.25565e-08
18.974 -0.436332 -0.436249 -8.33159e-05 3.97984 2.31796e-06 -0.000172917 2.39951e-06 -0.436249 2.24866e-06 1.5708 5.3239e-08
18.975 -0.436332 -0.436248 -8.43576e-05 3.97972 2.34695e-06 -0.00017508 2.42952e-06 -0.436248 2.27676e-06 1.5708 5.39183e-08
18.976 -0.436332 -0.436247 -8.53944e-05 3.97961 2.3758e-06 -0.000177231 2.45939e-06 -0.436247 2.30472e-06 1.5708 5.45945e-08
18.977 -0.436332 -0.436246 -8.64262e-05 3.97949 2.40451e-06 -0.000179373 2.48911e-06 -0.436246 2.33255e-06 1.5708 5.52674e-08
18.978 -0.436332 -0.436245 -8.74531e-05 3.97938 2.43308e-06 -0.000181505 2.51869e-06 -0.436245 2.36025e-06 1.5708 5.59371e-08
18.979 -0.436332 -0.436244 -8.84751e-05 3.97926 2.46152e-06 -0.000183626 2.54813e-06 -0.436244 2.38781e-06 1.5708 5.66036e-08
18.98 -0.436332 -0.436243 -8.9492e-05 3.97915 2.48981e-06 -0.000185736 2.57743e-06 -0.436243 2.41524e-06 1.57081 5.72669e-08
18.981 -0.436332 -0.436242 -9.0504e-05 3.97904 2.51797e-06 -0.000187837 2.60659e-06 -0.436242 2.44254e-06 1.57081 5.79269e-08
18.982 -0.436332 -0.436241 -9.1511e-05 3.97893 2.54599e-06 -0.000189927 2.63559e-06 -0.436241 2.4697e-06 1.57081 5.85837e-08
18.983 -0.436332 -0.43624 -9.2513e-05 3.97882 2.57387e-06 -0.000192007 2.66446e-06 -0.43624 2.49672e-06 1.57081 5.92372e-08
18.984 -0.436332 -0.436239 -9.35099e-05 3.97871 2.60161e-06 -0.000194076 2.69318e-06 -0.436239 2.52361e-06 1.57081 5.98875e-08
18.985 -0.436332 -0.436238 -9.45018e-05 3.97861 2.62921e-06 -0.000196135 2.72176e-06 -0.436238 2.55036e-06 1.57081 6.05346e-08
18.986 -0.436332 -0.436237 -9.54887e-05 3.9785 2.65667e-06 -0.000198183 2.75019e-06 -0.436237 2.57698e-06 1.57081 6.11783e-08
18.987 -0.436332 -0.436236 -9.64705e-05 3.9784 2.68399e-06 -0.000200221 2.77847e-06 -0.436236 2.60346e-06 1.57081 6.18188e-08
18.988 -0.436332 -0.436235 -9.74472e-05 3.97829 2.71116e-06 -0.000202248 2.80661e-06 -0.436235 2.62981e-06 1.57081 6.2456e-08
18.989 -0.436332 -0.436234 -9.84188e-05 3.97819 2.7382e-06 -0.000204265 2.8346e-06 -0.436234 2.65601e-06 1.57081 6.30899e-08
18.99 -0.436332 -0.436233 -9.93854e-05 3.97808 2.7651e-06 -0.000206271 2.86245e-06 -0.436233 2.68209e-06 1.57081 6.37205e-08
18.991 -0.436332 -0.436232 -0.000100347 3.97798 2.79185e-06 -0.000208266 2.89015e-06 -0.436232 2.70802e-06 1.57081 6.43478e-08
18.992 -0.436332 -0.436231 -0.000101303 3.97788 2.81846e-06 -0.000210252 2.9177e-06 -0.436231 2.73381e-06 1.57081 6.49718e-08
18.993 -0.436332 -0.43623 -0.000102255 3.97778 2.84493e-06 -0.000212226 2.94511e-06 -0.43623 2.75947e-06 1.57081 6.55924e-08
18.994 -0.436332 -0.436229 -0.000103201 3.97768 2.87126e-06 -0.00021419 2.97236e-06 -0.436229 2.78499e-06 1.57081 6.62098e-08
18.995 -0.436332 -0.436228 -0.000104142 3.97758 2.89744e-06 -0.000216143 2.99947e-06 -0.436228 2.81037e-06 1.57081 6.68238e-08
18.996 -0.436332 -0.436227 -0.000105077 3.97749 2.92348e-06 -0.000218085 3.02643e-06 -0.436227 2.83561e-06 1.57081 6.74344e-08
18.997 -0.436332 -0.436226 -0.000106008 3.97739 2.94938e-06 -0.000220017 3.05325e-06 -0.436226 2.86071e-06 1.57081 6.80418e-08
18.998 -0.436332 -0.436225 -0.000106934 3.9773 2.97513e-06 -0.000221938 3.07991e-06 -0.436225 2.88568e-06 1.57081 6.86458e-08
18.999 -0.436332 -0.436224 -0.000107854 3.9772 3.00074e-06 -0.000223848 3.10643e-06 -0.436224 2.9105e-06 1.57081 6.92464e-08
19 -0.436332 -0.436224 -0.000108769 3.97711 3.02621e-06 -0.000225748 3.13279e-06 -0.436224 2.93518e-06 1.57081 6.98436e-08
19.001 -0.436332 -0.436223 -0.000109679 3.97702 3.05153e-06 -0.000227636 3.15901e-06 -0.436223 2.95973e-06 1.57081 7.04375e-08
19.002 -0.436332 -0.436222 -0.000110584 3.97692 3.07671e-06 -0.000229514 3.18508e-06 -0.436222 2.98413e-06 1.57081 7.1028e-08
19.003 -0.436332 -0.436221 -0.000111484 3.97683 3.10174e-06 -0.000231381 3.21099e-06 -0.436221 3.00839e-06 1.57081 7.16152e-08
19.004 -0.436332 -0.43622 -0.000112378 3.97674 3.12663e-06 -0.000233238 3.23676e-06 -0.43622 3.03252e-06 1.57081 7.21989e-08
19.005 -0.436332 -0.436219 -0.000113267 3.97665 3.15137e-06 -0.000235083 3.26238e-06 -0.436219 3.0565e-06 1.57081 7.27793e-08
19.006 -0.436332 -0.436218 -0.000114151 3.97657 3.17596e-06 -0.000236918 3.28784e-06 -0.436218 3.08034e-06 1.57081 7.33563e-08
19.007 -0.436332 -0.436217 -0.00011503 3.97648 3.20042e-06 -0.000238742 3.31316e-06 -0.436217 3.10404e-06 1.57081 7.39299e-08
19.008 -0.436332 -0.436216 -0.000115903 3.97639 3.22472e-06 -0.000240554 3.33832e-06 -0.436216 3.1276e-06 1.57081 7.45e-08
19.009 -0.436332 -0.436216 -0.000116771 3.97631 3.24888e-06 -0.000242356 3.36334e-06 -0.436216 3.15101e-06 1.57081 7.50668e-08
19.01 -0.436332 -0.436215 -0.000117634 3.97622 3.27289e-06 -0.000244147 3.3882e-06 -0.436215 3.17429e-06 1.57081 7.56301e-08
19.011 -0.436332 -0.436214 -0.000118492 3.97614 3.29676e-06 -0.000245928 3.41291e-06 -0.436214 3.19742e-06 1.57081 7.61901e-08
19.012 -0.436332 -0.436213 -0.000119344 3.97606 3.32048e-06 -0.000247697 3.43746e-06 -0.436213 3.22041e-06 1.57081 7.67466e-08
19.013 -0.436332 -0.436212 -0.000120191 3.97597 3.34405e-06 -0.000249455 3.46187e-06 -0.436212 3.24326e-06 1.57081 7.72996e-08
19.014 -0.436332 -0.436211 -0.000121033 3.97589 3.36748e-06 -0.000251202 3.48612e-06 -0.436211 3.26596e-06 1.57081 7.78493e-08
19.015 -0.436332 -0.43621 -0.00012187 3.97581 3.39075e-06 -0.000252938 3.51023e-06 -0.43621 3.28853e-06 1.57081 7.83955e-08
19.016 -0.436332 -0.43621 -0.000122701 3.97573 3.41389e-06 -0.000254664 3.53417e-06 -0.43621 3.31095e-06 1.57081 7.89383e-08
19.017 -0.436332 -0.436209 -0.000123527 3.97566 3.43687e-06 -0.000256378 3.55797e-06 -0.436209 3.33322e-06 1.57081 7.94776e-08
19.018 -0.436332 -0.436208 -0.000124347 3.97558 3.4597e-06 -0.000258081 3.58161e-06 -0.436208 3.35535e-06 1.57081 8.00135e-08
19.019 -0.436332 -0.436207 -0.000125163 3.9755 3.48239e-06 -0.000259773 3.6051e-06 -0.436207 3.37734e-06 1.57081 8.05459e-08
19.02 -0.436332 -0.436206 -0.000125973 3.97543 3.50493e-06 -0.000261454 3.62844e-06 -0.436206 3.39919e-06 1.57081 8.10748e-08
19.021 -0.436332 -0.436206 -0.000126777 3.97535 3.52732e-06 -0.000263125 3.65162e-06 -0.436206 3.42089e-06 1.57081 8.16003e-08
19.022 -0.436332 -0.436205 -0.000127577 3.97528 3.54957e-06 -0.000264784 3.67465e-06 -0.436205 3.44245e-06 1.57081 8.21224e-08
19.023 -0.436332 -0.436204 -0.000128371 3.97521 3.57166e-06 -0.000266431 3.69753e-06 -0.436204 3.46387e-06 1.57081 8.26409e-08
19.024 -0.436332 -0.436203 -0.000129159 3.97513 3.59361e-06 -0.000268068 3.72025e-06 -0.436203 3.48514e-06 1.57081 8.3156e-08
19.025 -0.436332 -0.436202 -0.000129942 3.97506 3.6154e-06 -0.000269694 3.74282e-06 -0.436202 3.50626e-06 1.57081 8.36676e-08
19.026 -0.436332 -0.436202 -0.00013072 3.97499 3.63705e-06 -0.000271309 3.76523e-06 -0.436202 3.52724e-06 1.57081 8.41758e-08
19.027 -0.436332 -0.436201 -0.000131493 3.97492 3.65855e-06 -0.000272912 3.78749e-06 -0.436201 3.54808e-06 1.57081 8.46804e-08
19.028 -0.436332 -0.4362 -0.00013226 3.97486 3.6799e-06 -0.000274504 3.80959e-06 -0.4362 3.56877e-06 1.57081 8.51816e-08
19.029 -0.436332 -0.436199 -0.000133022 3.97479 3.7011e-06 -0.000276086 3.83154e-06 -0.436199 3.58932e-06 1.57081 8.56793e-08
19.03 -0.436332 -0.436199 -0.000133778 3.97472 3.72215e-06 -0.000277656 3.85334e-06 -0.436199 3.60972e-06 1.57081 8.61735e-08
19.031 -0.436332 -0.436198 -0.000134529 3.97466 3.74306e-06 -0.000279215 3.87498e-06 -0.436198 3.62998e-06 1.57081 8.66642e-08
19.032 -0.436332 -0.436197 -0.000135275 3.97459 3.76381e-06 -0.000280762 3.89646e-06 -0.436197 3.65009e-06 1.57081 8.71514e-08
19.033 -0.436332 -0.436196 -0.000136015 3.97453 3.78441e-06 -0.000282299 3.9178e-06 -0.436196 3.67006e-06 1.57081 8.76351e-08
19.034 -0.436332 -0.436196 -0.00013675 3.97446 3.80486e-06 -0.000283824 3.93897e-06 -0.436196 3.68988e-06 1.57081 8.81153e-08
19.035 -0.436332 -0.436195 -0.00013748 3.9744 3.82516e-06 -0.000285338 3.95999e-06 -0.436195 3.70956e-06 1.57081 8.8592e-08
19.036 -0.436332 -0.436194 -0.000138204 3.97434 3.84532e-06 -0.000286841 3.98086e-06 -0.436194 3.72909e-06 1.57081 8.90652e-08
19.037 -0.436332 -0.436193 -0.000138923 3.97428 3.86532e-06 -0.000288333 4.00156e-06 -0.436193 3.74848e-06 1.57081 8.95349e-08
19.038 -0.436332 -0.436193 -0.000139636 3.97422 3.88517e-06 -0.000289814 4.02212e-06 -0.436193 3.76772e-06 1.57081 9.0001e-08
19.039 -0.436332 -0.436192 -0.000140344 3.97416 3.90487e-06 -0.000291283 4.04252e-06 -0.436192 3.78681e-06 1.57081 9.04637e-08
19.04 -0.436332 -0.436191 -0.000141047 3.97411 3.92442e-06 -0.000292741 4.06276e-06 -0.436191 3.80576e-06 1.57081 9.09228e-08
19.041 -0.436332 -0.436191 -0.000141744 3.97405 3.94383e-06 -0.000294188 4.08284e-06 -0.436191 3.82456e-06 1.57081 9.13785e-08
19.042 -0.436332 -0.43619 -0.000142435 3.97399 3.96308e-06 -0.000295624 4.10278e-06 -0.43619 3.84322e-06 1.57081 9.18306e-08
19.043 -0.436332 -0.436189 -0.000143122 3.97394 3.98218e-06 -0.000297048 4.12255e-06 -0.436189 3.86173e-06 1.57081 9.22792e-08
19.044 -0.436332 -0.436189 -0.000143803 3.97388 4.00112e-06 -0.000298461 4.14217e-06 -0.436189 3.88009e-06 1.57081 9.27242e-08
19.045 -0.436332 -0.436188 -0.000144478 3.97383 4.01992e-06 -0.000299863 4.16163e-06 -0.436188 3.89831e-06 1.57081 9.31658e-08
19.046 -0.436332 -0.436187 -0.000145148 3.97378 4.03857e-06 -0.000301254 4.18094e-06 -0.436187 3.91638e-06 1.57081 9.36038e-08
19.047 -0.436332 -0.436187 -0.000145813 3.97373 4.05707e-06 -0.000302633 4.20009e-06 -0.436187 3.93431e-06 1.57081 9.40383e-08
19.048 -0.436332 -0.436186 -0.000146472 3.97368 4.07541e-06 -0.000304002 4.21908e-06 -0.436186 3.95209e-06 1.57081 9.44693e-08
19.049 -0.436332 -0.436185 -0.000147126 3.97363 4.09361e-06 -0.000305358 4.23792e-06 -0.436185 3.96972e-06 1.57081 9.48967e-08
19.05 -0.436332 -0.436185 -0.000147774 3.97358 4.11165e-06 -0.000306704 4.2566e-06 -0.436185 3.98721e-06 1.57081 9.53206e-08
19.051 -0.436332 -0.436184 -0.000148417 3.97353 4.12954e-06 -0.000308039 4.27513e-06 -0.436184 4.00455e-06 1.57081 9.5741e-08
19.052 -0.436332 -0.436183 -0.000149054 3.97348 4.14729e-06 -0.000309362 4.2935e-06 -0.436183 4.02174e-06 1.57081 9.61578e-08
19.053 -0.436332 -0.436183 -0.000149686 3.97344 4.16488e-06 -0.000310673 4.31171e-06 -0.436183 4.03879e-06 1.57081 9.65711e-08
19.054 -0.436332 -0.436182 -0.000150313 3.97339 4.18232e-06 -0.000311974 4.32976e-06 -0.436182 4.05569e-06 1.57081 9.69809e-08
19.055 -0.436332 -0.436181 -0.000150934 3.97335 4.1996e-06 -0.000313263 4.34766e-06 -0.436181 4.07244e-06 1.57081 9.73872e-08
19.056 -0.436332 -0.436181 -0.00015155 3.9733 4.21674e-06 -0.000314541 4.36541e-06 -0.436181 4.08905e-06 1.57081 9.77899e-08
19.057 -0.436332 -0.43618 -0.00015216 3.97326 4.23373e-06 -0.000315808 4.38299e-06 -0.43618 4.10551e-06 1.57081 9.81891e-08
19.058 -0.436332 -0.43618 -0.000152765 3.97322 4.25056e-06 -0.000317064 4.40042e-06 -0.43618 4.12182e-06 1.57081 9.85847e-08
19.059 -0.436332 -0.436179 -0.000153365 3.97318 4.26725e-06 -0.000318308 4.4177e-06 -0.436179 4.13799e-06 1.57081 9.89768e-08
19.06 -0.436332 -0.436178 -0.000153959 3.97314 4.28378e-06 -0.000319541 4.43481e-06 -0.436178 4.15401e-06 1.57081 9.93654e-08
19.061 -0.436332 -0.436178 -0.000154547 3.9731 4.30016e-06 -0.000320762 4.45177e-06 -0.436178 4.16989e-06 1.57081 9.97504e-08
19.062 -0.436332 -0.436177 -0.00015513 3.97306 4.31639e-06 -0.000321973 4.46858e-06 -0.436177 4.18562e-06 1.57081 1.00132e-07
19.063 -0.436332 -0.436177 -0.000155708 3.97302 4.33247e-06 -0.000323172 4.48523e-06 -0.436177 4.2012e-06 1.57081 1.0051e-07
19.064 -0.436332 -0.436176 -0.00015628 3.97299 4.3484e-06 -0.000324359 4.50172e-06 -0.436176 4.21663e-06 1.57081 1.00884e-07
19.065 -0.436332 -0.436175 -0.000156847 3.97295 4.36418e-06 -0.000325536 4.51805e-06 -0.436175 4.23192e-06 1.57081 1.01255e-07
19.066 -0.436332 -0.436175 -0.000157409 3.97292 4.3798e-06 -0.000326701 4.53423e-06 -0.436175 4.24706e-06 1.57081 1.01623e-07
19.067 -0.436332 -0.436174 -0.000157965 3.97288 4.39528e-06 -0.000327855 4.55025e-06 -0.436174 4.26206e-06 1.57081 1.01986e-07
19.068 -0.436332 -0.436174 -0.000158515 3.97285 4.4106e-06 -0.000328998 4.56612e-06 -0.436174 4.27691e-06 1.57081 1.02347e-07
19.069 -0.436332 -0.436173 -0.00015906 3.97282 4.42577e-06 -0.000330129 4.58183e-06 -0.436173 4.29161e-06 1.57081 1.02703e-07
19.07 -0.436332 -0.436173 -0.0001596 3.97279 4.4408e-06 -0.000331249 4.59738e-06 -0.436173 4.30617e-06 1.57081 1.03057e-07
19.071 -0.436332 -0.436172 -0.000160134 3.97276 4.45567e-06 -0.000332358 4.61278e-06 -0.436172 4.32058e-06 1.57081 1.03406e-07
19.072 -0.436332 -0.436172 -0.000160663 3.97273 4.47039e-06 -0.000333456 4.62802e-06 -0.436172 4.33484e-06 1.57081 1.03753e-07
19.073 -0.436332 -0.436171 -0.000161187 3.9727 4.48496e-06 -0.000334542 4.6431e-06 -0.436171 4.34896e-06 1.57081 1.04095e-07
19.074 -0.436332 -0.436171 -0.000161705 3.97267 4.49937e-06 -0.000335618 4.65803e-06 -0.436171 4.36293e-06 1.57081 1.04434e-07
19.075 -0.436332 -0.43617 -0.000162217 3.97264 4.51364e-06 -0.000336681 4.6728e-06 -0.43617 4.37676e-06 1.57081 1.0477e-07
19.076 -0.436332 -0.43617 -0.000162724 3.97261 4.52776e-06 -0.000337734 4.68741e-06 -0.43617 4.39044e-06 1.57081 1.05102e-07
19.077 -0.436332 -0.436169 -0.000163226 3.97259 4.54173e-06 -0.000338776 4.70187e-06 -0.436169 4.40397e-06 1.57081 1.05431e-07
19.078 -0.436332 -0.436169 -0.000163722 3.97256 4.55554e-06 -0.000339806 4.71618e-06 -0.436169 4.41736e-06 1.57081 1.05756e-07
19.079 -0.436332 -0.436168 -0.000164213 3.97254 4.56921e-06 -0.000340825 4.73033e-06 -0.436168 4.4306e-06 1.57081 1.06077e-07
19.08 -0.436332 -0.436168 -0.000164699 3.97252 4.58272e-06 -0.000341832 4.74432e-06 -0.436168 4.44369e-06 1.57081 1.06395e-07
19.081 -0.436332 -0.436167 -0.000165179 3.9725 4.59609e-06 -0.000342829 4.75816e-06 -0.436167 4.45664e-06 1.57081 1.06709e-07
19.082 -0.436332 -0.436167 -0.000165654 3.97247 4.6093e-06 -0.000343814 4.77184e-06 -0.436167 4.46945e-06 1.57081 1.0702e-07
19.083 -0.436332 -0.436166 -0.000166123 3.97245 4.62236e-06 -0.000344788 4.78536e-06 -0.436166 4.48211e-06 1.57081 1.07328e-07
19.084 -0.436332 -0.436166 -0.000166587 3.97243 4.63528e-06 -0.000345751 4.79873e-06 -0.436166 4.49462e-06 1.57081 1.07632e-07
19.085 -0.436332 -0.436165 -0.000167046 3.97241 4.64804e-06 -0.000346703 4.81195e-06 -0.436165 4.50699e-06 1.57081 1.07932e-07
19.086 -0.436332 -0.436165 -0.000167499 3.9724 4.66066e-06 -0.000347644 4.82501e-06 -0.436165 4.51921e-06 1.57081 1.08229e-07
19.087 -0.436332 -0.436164 -0.000167946 3.97238 4.67312e-06 -0.000348573 4.83791e-06 -0.436164 4.53129e-06 1.57081 1.08522e-07
19.088 -0.436332 -0.436164 -0.000168389 3.97236 4.68543e-06 -0.000349491 4.85066e-06 -0.436164 4.54322e-06 1.57081 1.08812e-07
19.089 -0.436332 -0.436163 -0.000168826 3.97235 4.6976e-06 -0.000350398 4.86326e-06 -0.436163 4.555e-06 1.57081 1.09099e-07
19.09 -0.436332 -0.436163 -0.000169258 3.97233 4.70961e-06 -0.000351294 4.8757e-06 -0.436163 4.56665e-06 1.57081 1.09381e-07
19.091 -0.436332 -0.436163 -0.000169684 3.97232 4.72148e-06 -0.000352179 4.88798e-06 -0.436163 4.57814e-06 1.57081 1.09661e-07
19.092 -0.436332 -0.436162 -0.000170105 3.9723 4.7332e-06 -0.000353052 4.90011e-06 -0.436162 4.58949e-06 1.57081 1.09937e-07
19.093 -0.436332 -0.436162 -0.00017052 3.97229 4.74476e-06 -0.000353915 4.91209e-06 -0.436162 4.6007e-06 1.57081 1.10209e-07
19.094 -0.436332 -0.436161 -0.00017093 3.97228 4.75618e-06 -0.000354766 4.92391e-06 -0.436161 4.61176e-06 1.57081 1.10478e-07
19.095 -0.436332 -0.436161 -0.000171335 3.97227 4.76745e-06 -0.000355606 4.93558e-06 -0.436161 4.62268e-06 1.57081 1.10743e-07
19.096 -0.436332 -0.436161 -0.000171735 3.97226 4.77857e-06 -0.000356435 4.94709e-06 -0.436161 4.63346e-06 1.57081 1.11005e-07
19.097 -0.436332 -0.43616 -0.000172129 3.97225 4.78954e-06 -0.000357253 4.95845e-06 -0.43616 4.64409e-06 1.57081 1.11264e-07
19.098 -0.436332 -0.43616 -0.000172518 3.97224 4.80037e-06 -0.00035806 4.96966e-06 -0.43616 4.65457e-06 1.57081 1.11519e-07
19.099 -0.436332 -0.436159 -0.000172901 3.97224 4.81104e-06 -0.000358856 4.98071e-06 -0.436159 4.66492e-06 1.57081 1.1177e-07
19.1 -0.436332 -0.436159 -0.000173279 3.97223 4.82157e-06 -0.000359641 4.99161e-06 -0.436159 4.67511e-06 1.57081 1.12018e-07
19.101 -0.436332 -0.436159 -0.000173652 3.97222 4.83195e-06 -0.000360415 5.00235e-06 -0.436159 4.68517e-06 1.57081 1.12263e-07
19.102 -0.436332 -0.436158 -0.00017402 3.97222 4.84218e-06 -0.000361178 5.01294e-06 -0.436158 4.69508e-06 1.57081 1.12504e-07
19.103 -0.436332 -0.436158 -0.000174382 3.97221 4.85226e-06 -0.000361929 5.02338e-06 -0.436158 4.70485e-06 1.57081 1.12741e-07
19.104 -0.436332 -0.436158 -0.000174739 3.97221 4.8622e-06 -0.00036267 5.03367e-06 -0.436158 4.71447e-06 1.57081 1.12976e-07
19.105 -0.436332 -0.436157 -0.00017509 3.97221 4.87198e-06 -0.0003634 5.0438e-06 -0.436157 4.72396e-06 1.57081 1.13206e-07
19.106 -0.436332 -0.436157 -0.000175436 3.9722 4.88162e-06 -0.000364118 5.05378e-06 -0.436157 4.7333e-06 1.57081 1.13434e-07
19.107 -0.436332 -0.436157 -0.000175777 3.9722 4.89112e-06 -0.000364826 5.06361e-06 -0.436157 4.74249e-06 1.57081 1.13657e-07
19.108 -0.436332 -0.436156 -0.000176113 3.9722 4.90046e-06 -0.000365523 5.07329e-06 -0.436156 4.75155e-06 1.57081 1.13878e-07
19.109 -0.436332 -0.436156 -0.000176443 3.9722 4.90966e-06 -0.000366208 5.08281e-06 -0.436156 4.76046e-06 1.57081 1.14095e-07
19.11 -0.436332 -0.436156 -0.000176769 3.9722 4.91871e-06 -0.000366883 5.09218e-06 -0.436156 4.76923e-06 1.57081 1.14308e-07
19.111 -0.436332 -0.436155 -0.000177088 3.97221 4.92762e-06 -0.000367547 5.1014e-06 -0.436155 4.77785e-06 1.57081 1.14518e-07
19.112 -0.436332 -0.436155 -0.000177403 3.97221 4.93638e-06 -0.0003682 5.11047e-06 -0.436155 4.78634e-06 1.57081 1.14725e-07
19.113 -0.436332 -0.436155 -0.000177712 3.97221 4.94499e-06 -0.000368842 5.11939e-06 -0.436155 4.79468e-06 1.57081 1.14928e-07
19.114 -0.436332 -0.436154 -0.000178017 3.97222 4.95346e-06 -0.000369473 5.12816e-06 -0.436154 4.80288e-06 1.57081 1.15128e-07
19.115 -0.436332 -0.436154 -0.000178315 3.97222 4.96178e-06 -0.000370094 5.13677e-06 -0.436154 4.81095e-06 1.57081 1.15324e-07
19.116 -0.436332 -0.436154 -0.000178609 3.97223 4.96996e-06 -0.000370703 5.14524e-06 -0.436154 4.81887e-06 1.57081 1.15517e-07
19.117 -0.436332 -0.436153 -0.000178898 3.97223 4.97799e-06 -0.000371302 5.15355e-06 -0.436153 4.82664e-06 1.57081 1.15707e-07
19.118 -0.436332 -0.436153 -0.000179181 3.97224 4.98587e-06 -0.00037189 5.16171e-06 -0.436153 4.83428e-06 1.57081 1.15893e-07
19.119 -0.436332 -0.436153 -0.000179459 3.97225 4.99361e-06 -0.000372467 5.16973e-06 -0.436153 4.84178e-06 1.57081 1.16076e-07
19.12 -0.436332 -0.436153 -0.000179731 3.97226 5.00121e-06 -0.000373033 5.17759e-06 -0.436153 4.84914e-06 1.57081 1.16255e-07
19.121 -0.436332 -0.436152 -0.000179999 3.97227 5.00866e-06 -0.000373588 5.18531e-06 -0.436152 4.85635e-06 1.57081 1.16431e-07
19.122 -0.436332 -0.436152 -0.000180261 3.97228 5.01596e-06 -0.000374133 5.19287e-06 -0.436152 4.86343e-06 1.57081 1.16603e-07
19.123 -0.436332 -0.436152 -0.000180519 3.97229 5.02313e-06 -0.000374667 5.20029e-06 -0.436152 4.87037e-06 1.57081 1.16773e-07
19.124 -0.436332 -0.436152 -0.000180771 3.9723 5.03014e-06 -0.00037519 5.20755e-06 -0.436152 4.87717e-06 1.57081 1.16939e-07
19.125 -0.436332 -0.436151 -0.000181018 3.97231 5.03702e-06 -0.000375702 5.21467e-06 -0.436151 4.88382e-06 1.57081 1.17101e-07
19.126 -0.436332 -0.436151 -0.000181259 3.97232 5.04375e-06 -0.000376204 5.22164e-06 -0.436151 4.89034e-06 1.57081 1.1726e-07
19.127 -0.436332 -0.436151 -0.000181496 3.97234 5.05034e-06 -0.000376695 5.22846e-06 -0.436151 4.89672e-06 1.57081 1.17416e-07
19.128 -0.436332 -0.436151 -0.000181727 3.97235 5.05678e-06 -0.000377175 5.23513e-06 -0.436151 4.90296e-06 1.57081 1.17568e-07
19.129 -0.436332 -0.43615 -0.000181954 3.97237 5.06308e-06 -0.000377645 5.24166e-06 -0.43615 4.90907e-06 1.57081 1.17717e-07
19.13 -0.436332 -0.43615 -0.000182175 3.97238 5.06924e-06 -0.000378104 5.24803e-06 -0.43615 4.91503e-06 1.57081 1.17863e-07
19.131 -0.436332 -0.43615 -0.000182391 3.9724 5.07526e-06 -0.000378552 5.25426e-06 -0.43615 4.92086e-06 1.57081 1.18005e-07
19.132 -0.436332 -0.43615 -0.000182602 3.97242 5.08113e-06 -0.00037899 5.26034e-06 -0.43615 4.92655e-06 1.57081 1.18144e-07
19.133 -0.436332 -0.43615 -0.000182808 3.97244 5.08687e-06 -0.000379417 5.26628e-06 -0.43615 4.9321e-06 1.57081 1.1828e-07
19.134 -0.436332 -0.436149 -0.000183008 3.97246 5.09246e-06 -0.000379834 5.27207e-06 -0.436149 4.93751e-06 1.57081 1.18412e-07
19.135 -0.436332 -0.436149 -0.000183204 3.97248 5.09791e-06 -0.00038024 5.27771e-06 -0.436149 4.94279e-06 1.57081 1.18542e-07
19.136 -0.436332 -0.436149 -0.000183395 3.9725 5.10322e-06 -0.000380635 5.28321e-06 -0.436149 4.94793e-06 1.57081 1.18667e-07
19.137 -0.436332 -0.436149 -0.00018358 3.97252 5.10838e-06 -0.000381021 5.28856e-06 -0.436149 4.95294e-06 1.57081 1.1879e-07
19.138 -0.436332 -0.436149 -0.000183761 3.97254 5.11341e-06 -0.000381395 5.29376e-06 -0.436149 4.9578e-06 1.57081 1.18909e-07
19.139 -0.436332 -0.436148 -0.000183936 3.97256 5.1183e-06 -0.000381759 5.29882e-06 -0.436148 4.96253e-06 1.57081 1.19025e-07
19.14 -0.436332 -0.436148 -0.000184106 3.97259 5.12304e-06 -0.000382113 5.30373e-06 -0.436148 4.96713e-06 1.57081 1.19137e-07
19.141 -0.436332 -0.436148 -0.000184272 3.97261 5.12765e-06 -0.000382456 5.3085e-06 -0.436148 4.97159e-06 1.57081 1.19247e-07
19.142 -0.436332 -0.436148 -0.000184432 3.97263 5.13212e-06 -0.000382789 5.31313e-06 -0.436148 4.97591e-06 1.57081 1.19353e-07
19.143 -0.436332 -0.436148 -0.000184588 3.97266 5.13644e-06 -0.000383111 5.31761e-06 -0.436148 4.9801e-06 1.57081 1.19456e-07
19.144 -0.436332 -0.436148 -0.000184738 3.97269 5.14063e-06 -0.000383423 5.32194e-06 -0.436148 4.98416e-06 1.57081 1.19555e-07
19.145 -0.436332 -0.436147 -0.000184883 3.97271 5.14468e-06 -0.000383725 5.32614e-06 -0.436147 4.98808e-06 1.57081 1.19651e-07
19.146 -0.436332 -0.436147 -0.000185024 3.97274 5.14859e-06 -0.000384016 5.33019e-06 -0.436147 4.99186e-06 1.57081 1.19744e-07
19.147 -0.436332 -0.436147 -0.000185159 3.97277 5.15237e-06 -0.000384297 5.33409e-06 -0.436147 4.99552e-06 1.57081 1.19834e-07
19.148 -0.436332 -0.436147 -0.00018529 3.9728 5.156e-06 -0.000384568 5.33786e-06 -0.436147 4.99904e-06 1.57081 1.19921e-07
19.149 -0.436332 -0.436147 -0.000185415 3.97283 5.1595e-06 -0.000384829 5.34148e-06 -0.436147 5.00242e-06 1.57081 1.20004e-07
19.15 -0.436332 -0.436147 -0.000185536 3.97286 5.16286e-06 -0.000385079 5.34496e-06 -0.436147 5.00567e-06 1.57081 1.20084e-07
19.151 -0.436332 -0.436147 -0.000185651 3.97289 5.16608e-06 -0.000385319 5.34829e-06 -0.436147 5.00879e-06 1.57081 1.20161e-07
19.152 -0.436332 -0.436147 -0.000185762 3.97292 5.16917e-06 -0.000385549 5.35149e-06 -0.436147 5.01178e-06 1.57081 1.20235e-07
19.153 -0.436332 -0.436146 -0.000185868 3.97295 5.17212e-06 -0.000385768 5.35454e-06 -0.436146 5.01463e-06 1.57081 1.20305e-07
19.154 -0.436332 -0.436146 -0.000185969 3.97298 5.17493e-06 -0.000385978 5.35746e-06 -0.436146 5.01735e-06 1.57081 1.20372e-07
19.155 -0.436332 -0.436146 -0.000186065 3.97302 5.17761e-06 -0.000386177 5.36023e-06 -0.436146 5.01994e-06 1.57081 1.20437e-07
19.156 -0.436332 -0.436146 -0.000186156 3.97305 5.18015e-06 -0.000386367 5.36286e-06 -0.436146 5.0224e-06 1.57081 1.20497e-07
19.157 -0.436332 -0.436146 -0.000186242 3.97309 5.18256e-06 -0.000386546 5.36535e-06 -0.436146 5.02473e-06 1.57081 1.20555e-07
19.158 -0.436332 -0.436146 -0.000186324 3.97312 5.18483e-06 -0.000386715 5.3677e-06 -0.436146 5.02693e-06 1.57081 1.2061e-07
19.159 -0.436332 -0.436146 -0.0001864 3.97316 5.18697e-06 -0.000386874 5.36992e-06 -0.436146 5.02899e-06 1.57081 1.20661e-07
19.16 -0.436332 -0.436146 -0.000186472 3.9732 5.18897e-06 -0.000387023 5.37199e-06 -0.436146 5.03093e-06 1.57081 1.20709e-07
19.161 -0.436332 -0.436146 -0.000186539 3.97323 5.19084e-06 -0.000387162 5.37393e-06 -0.436146 5.03274e-06 1.57081 1.20755e-07
19.162 -0.436332 -0.436146 -0.000186601 3.97327 5.19257e-06 -0.000387291 5.37572e-06 -0.436146 5.03441e-06 1.57081 1.20797e-07
19.163 -0.436332 -0.436146 -0.000186659 3.97331 5.19417e-06 -0.00038741 5.37738e-06 -0.436146 5.03596e-06 1.57081 1.20835e-07
19.164 -0.436332 -0.436146 -0.000186711 3.97335 5.19564e-06 -0.000387519 5.3789e-06 -0.436146 5.03738e-06 1.57081 1.20871e-07
19.165 -0.436332 -0.436146 -0.000186759 3.97339 5.19698e-06 -0.000387618 5.38028e-06 -0.436146 5.03867e-06 1.57081 1.20904e-07
19.166 -0.436332 -0.436146 -0.000186802 3.97343 5.19818e-06 -0.000387708 5.38153e-06 -0.436146 5.03983e-06 1.57081 1.20933e-07
19.167 -0.436332 -0.436145 -0.000186841 3.97347 5.19925e-06 -0.000387787 5.38264e-06 -0.436145 5.04086e-06 1.57081 1.2096e-07
19.168 -0.436332 -0.436145 -0.000186874 3.97351 5.20019e-06 -0.000387857 5.38361e-06 -0.436145 5.04177e-06 1.57081 1.20983e-07
19.169 -0.436332 -0.436145 -0.000186903 3.97356 5.201e-06 -0.000387917 5.38445e-06 -0.436145 5.04255e-06 1.57081 1.21003e-07
19.17 -0.436332 -0.436145 -0.000186927 3.9736 5.20168e-06 -0.000387967 5.38515e-06 -0.436145 5.0432e-06 1.57081 1.21021e-07
19.171 -0.436332 -0.436145 -0.000186947 3.97364 5.20222e-06 -0.000388008 5.38572e-06 -0.436145 5.04373e-06 1.57081 1.21035e-07
19.172 -0.436332 -0.436145 -0.000186962 3.97369 5.20264e-06 -0.000388038 5.38615e-06 -0.436145 5.04412e-06 1.57081 1.21046e-07
19.173 -0.436332 -0.436145 -0.000186972 3.97373 5.20293e-06 -0.000388059 5.38644e-06 -0.436145 5.0444e-06 1.57081 1.21054e-07
19.174 -0.436332 -0.436145 -0.000186977 3.97378 5.20308e-06 -0.000388071 5.3866e-06 -0.436145 5.04454e-06 1.57081 1.21059e-07
19.175 -0.436332 -0.436145 -0.000186978 3.97382 5.20311e-06 -0.000388072 5.38663e-06 -0.436145 5.04456e-06 1.57081 1.21061e-07
19.176 -0.436332 -0.436145 -0.000186974 3.97387 5.20301e-06 -0.000388064 5.38653e-06 -0.436145 5.04446e-06 1.57081 1.2106e-07
19.177 -0.436332 -0.436145 -0.000186966 3.97392 5.20278e-06 -0.000388047 5.38629e-06 -0.436145 5.04423e-06 1.57081 1.21056e-07
19.178 -0.436332 -0.436145 -0.000186953 3.97397 5.20242e-06 -0.00038802 5.38592e-06 -0.436145 5.04388e-06 1.57081 1.21048e-07
19.179 -0.436332 -0.436145 -0.000186935 3.97402 5.20193e-06 -0.000387983 5.38541e-06 -0.436145 5.0434e-06 1.57081 1.21038e-07
19.18 -0.436332 -0.436145 -0.000186913 3.97407 5.20131e-06 -0.000387937 5.38478e-06 -0.436145 5.0428e-06 1.57081 1.21025e-07
19.181 -0.436332 -0.436145 -0.000186886 3.97412 5.20057e-06 -0.000387881 5.38401e-06 -0.436145 5.04208e-06 1.57081 1.21009e-07
19.182 -0.436332 -0.436145 -0.000186855 3.97417 5.1997e-06 -0.000387816 5.38311e-06 -0.436145 5.04123e-06 1.57081 1.2099e-07
19.183 -0.436332 -0.436145 -0.000186819 3.97422 5.19871e-06 -0.000387741 5.38208e-06 -0.436145 5.04026e-06 1.57081 1.20968e-07
19.184 -0.436332 -0.436146 -0.000186778 3.97427 5.19759e-06 -0.000387657 5.38092e-06 -0.436146 5.03917e-06 1.57081 1.20943e-07
19.185 -0.436332 -0.436146 -0.000186733 3.97432 5.19634e-06 -0.000387564 5.37963e-06 -0.436146 5.03796e-06 1.57081 1.20915e-07
19.186 -0.436332 -0.436146 -0.000186684 3.97437 5.19497e-06 -0.000387461 5.37821e-06 -0.436146 5.03662e-06 1.57081 1.20884e-07
19.187 -0.436332 -0.436146 -0.00018663 3.97443 5.19347e-06 -0.000387349 5.37666e-06 -0.436146 5.03517e-06 1.57081 1.20851e-07
19.188 -0.436332 -0.436146 -0.000186571 3.97448 5.19185e-06 -0.000387228 5.37498e-06 -0.436146 5.03359e-06 1.57081 1.20814e-07
19.189 -0.436332 -0.436146 -0.000186509 3.97454 5.1901e-06 -0.000387098 5.37317e-06 -0.436146 5.03189e-06 1.57081 1.20774e-07
19.19 -0.436332 -0.436146 -0.000186441 3.97459 5.18823e-06 -0.000386958 5.37123e-06 -0.436146 5.03008e-06 1.57081 1.20732e-07
19.191 -0.436332 -0.436146 -0.000186369 3.97465 5.18624e-06 -0.000386809 5.36917e-06 -0.436146 5.02814e-06 1.57081 1.20686e-07
19.192 -0.436332 -0.436146 -0.000186293 3.9747 5.18412e-06 -0.000386651 5.36698e-06 -0.436146 5.02608e-06 1.57081 1.20638e-07
19.193 -0.436332 -0.436146 -0.000186213 3.97476 5.18188e-06 -0.000386483 5.36466e-06 -0.436146 5.02391e-06 1.57081 1.20587e-07
19.194 -0.436332 -0.436146 -0.000186128 3.97482 5.17952e-06 -0.000386307 5.36222e-06 -0.436146 5.02162e-06 1.57081 1.20533e-07
19.195 -0.436332 -0.436146 -0.000186038 3.97488 5.17704e-06 -0.000386121 5.35965e-06 -0.436146 5.0192e-06 1.57081 1.20476e-07
19.196 -0.436332 -0.436146 -0.000185944 3.97493 5.17443e-06 -0.000385927 5.35695e-06 -0.436146 5.01667e-06 1.57081 1.20416e-07
19.197 -0.436332 -0.436146 -0.000185846 3.97499 5.17171e-06 -0.000385723 5.35413e-06 -0.436146 5.01403e-06 1.57081 1.20353e-07
19.198 -0.436332 -0.436147 -0.000185744 3.97505 5.16886e-06 -0.00038551 5.35118e-06 -0.436147 5.01126e-06 1.57081 1.20288e-07
19.199 -0.436332 -0.436147 -0.000185637 3.97511 5.16589e-06 -0.000385289 5.34811e-06 -0.436147 5.00838e-06 1.57081 1.20219e-07
19.2 -0.436332 -0.436147 -0.000185526 3.97517 5.16281e-06 -0.000385058 5.34491e-06 -0.436147 5.00539e-06 1.57081 1.20148e-07
19.201 -0.436332 -0.436147 -0.000185411 3.97524 5.1596e-06 -0.000384819 5.34159e-06 -0.436147 5.00227e-06 1.57081 1.20074e-07
19.202 -0.436332 -0.436147 -0.000185291 3.9753 5.15627e-06 -0.00038457 5.33815e-06 -0.436147 4.99905e-06 1.57081 1.19998e-07
19.203 -0.436332 -0.436147 -0.000185167 3.97536 5.15283e-06 -0.000384313 5.33458e-06 -0.436147 4.9957e-06 1.57081 1.19918e-07
19.204 -0.436332 -0.436147 -0.000185039 3.97542 5.14927e-06 -0.000384047 5.3309e-06 -0.436147 4.99225e-06 1.57081 1.19836e-07
19.205 -0.436332 -0.436147 -0.000184907 3.97549 5.14559e-06 -0.000383772 5.32709e-06 -0.436147 4.98867e-06 1.57081 1.19751e-07
19.206 -0.436332 -0.436148 -0.00018477 3.97555 5.14179e-06 -0.000383489 5.32315e-06 -0.436148 4.98499e-06 1.57081 1.19663e-07
19.207 -0.436332 -0.436148 -0.000184629 3.97561 5.13787e-06 -0.000383196 5.3191e-06 -0.436148 4.98119e-06 1.57081 1.19573e-07
19.208 -0.436332 -0.436148 -0.000184484 3.97568 5.13384e-06 -0.000382895 5.31493e-06 -0.436148 4.97728e-06 1.57081 1.19479e-07
19.209 -0.436332 -0.436148 -0.000184335 3.97574 5.12969e-06 -0.000382586 5.31063e-06 -0.436148 4.97325e-06 1.57081 1.19383e-07
19.21 -0.436332 -0.436148 -0.000184182 3.97581 5.12543e-06 -0.000382267 5.30622e-06 -0.436148 4.96912e-06 1.57081 1.19285e-07
19.211 -0.436332 -0.436148 -0.000184024 3.97588 5.12105e-06 -0.00038194 5.30168e-06 -0.436148 4.96487e-06 1.57081 1.19183e-07
19.212 -0.436332 -0.436148 -0.000183862 3.97594 5.11656e-06 -0.000381605 5.29703e-06 -0.436148 4.96051e-06 1.57081 1.19079e-07
19.213 -0.436332 -0.436149 -0.000183697 3.97601 5.11195e-06 -0.000381261 5.29226e-06 -0.436149 4.95604e-06 1.57081 1.18972e-07
19.214 -0.436332 -0.436149 -0.000183527 3.97608 5.10723e-06 -0.000380908 5.28737e-06 -0.436149 4.95145e-06 1.57081 1.18863e-07
19.215 -0.436332 -0.436149 -0.000183353 3.97615 5.10239e-06 -0.000380547 5.28236e-06 -0.436149 4.94676e-06 1.57081 1.18751e-07
19.216 -0.436332 -0.436149 -0.000183175 3.97622 5.09744e-06 -0.000380178 5.27724e-06 -0.436149 4.94196e-06 1.57081 1.18636e-07
19.217 -0.436332 -0.436149 -0.000182993 3.97629 5.09238e-06 -0.0003798 5.272e-06 -0.436149 4.93705e-06 1.57081 1.18519e-07
19.218 -0.436332 -0.43615 -0.000182807 3.97636 5.0872e-06 -0.000379414 5.26664e-06 -0.43615 4.93203e-06 1.57081 1.18399e-07
19.219 -0.436332 -0.43615 -0.000182617 3.97643 5.08191e-06 -0.000379019 5.26117e-06 -0.43615 4.9269e-06 1.57081 1.18276e-07
19.22 -0.436332 -0.43615 -0.000182423 3.9765 5.07652e-06 -0.000378616 5.25558e-06 -0.43615 4.92166e-06 1.57081 1.18151e-07
19.221 -0.436332 -0.43615 -0.000182224 3.97657 5.07101e-06 -0.000378205 5.24988e-06 -0.43615 4.91632e-06 1.57081 1.18023e-07
19.222 -0.436332 -0.43615 -0.000182022 3.97664 5.06539e-06 -0.000377785 5.24406e-06 -0.43615 4.91087e-06 1.57081 1.17892e-07
19.223 -0.436332 -0.43615 -0.000181816 3.97671 5.05966e-06 -0.000377358 5.23813e-06 -0.43615 4.90531e-06 1.57081 1.17759e-07
19.224 -0.436332 -0.436151 -0.000181606 3.97679 5.05382e-06 -0.000376922 5.23208e-06 -0.436151 4.89965e-06 1.57081 1.17623e-07
19.225 -0.436332 -0.436151 -0.000181392 3.97686 5.04787e-06 -0.000376478 5.22592e-06 -0.436151 4.89388e-06 1.57081 1.17485e-07
19.226 -0.436332 -0.436151 -0.000181175 3.97693 5.04181e-06 -0.000376026 5.21965e-06 -0.436151 4.888e-06 1.57081 1.17344e-07
19.227 -0.436332 -0.436151 -0.000180953 3.97701 5.03564e-06 -0.000375565 5.21326e-06 -0.436151 4.88202e-06 1.57081 1.17201e-07
19.228 -0.436332 -0.436152 -0.000180727 3.97708 5.02937e-06 -0.000375097 5.20677e-06 -0.436152 4.87593e-06 1.57081 1.17055e-07
19.229 -0.436332 -0.436152 -0.000180498 3.97716 5.02298e-06 -0.000374621 5.20016e-06 -0.436152 4.86974e-06 1.57081 1.16907e-07
19.23 -0.436332 -0.436152 -0.000180264 3.97723 5.0165e-06 -0.000374136 5.19344e-06 -0.436152 4.86345e-06 1.57081 1.16756e-07
19.231 -0.436332 -0.436152 -0.000180027 3.97731 5.0099e-06 -0.000373644 5.18661e-06 -0.436152 4.85705e-06 1.57081 1.16602e-07
19.232 -0.436332 -0.436153 -0.000179786 3.97739 5.0032e-06 -0.000373144 5.17967e-06 -0.436153 4.85055e-06 1.57081 1.16446e-07
19.233 -0.436332 -0.436153 -0.000179542 3.97746 4.99639e-06 -0.000372636 5.17263e-06 -0.436153 4.84395e-06 1.57081 1.16288e-07
19.234 -0.436332 -0.436153 -0.000179293 3.97754 4.98948e-06 -0.00037212 5.16547e-06 -0.436153 4.83725e-06 1.57081 1.16127e-07
19.235 -0.436332 -0.436153 -0.000179041 3.97762 4.98246e-06 -0.000371596 5.1582e-06 -0.436153 4.83044e-06 1.57081 1.15964e-07
19.236 -0.436332 -0.436154 -0.000178785 3.9777 4.97534e-06 -0.000371065 5.15083e-06 -0.436154 4.82353e-06 1.57081 1.15798e-07
19.237 -0.436332 -0.436154 -0.000178525 3.97777 4.96811e-06 -0.000370526 5.14335e-06 -0.436154 4.81653e-06 1.57081 1.1563e-07
19.238 -0.436332 -0.436154 -0.000178261 3.97785 4.96078e-06 -0.000369979 5.13576e-06 -0.436154 4.80942e-06 1.57081 1.15459e-07
19.239 -0.436332 -0.436154 -0.000177994 3.97793 4.95335e-06 -0.000369424 5.12807e-06 -0.436154 4.80221e-06 1.57081 1.15286e-07
19.24 -0.436332 -0.436155 -0.000177723 3.97801 4.94581e-06 -0.000368862 5.12027e-06 -0.436155 4.7949e-06 1.57081 1.15111e-07
19.241 -0.436332 -0.436155 -0.000177449 3.97809 4.93818e-06 -0.000368292 5.11236e-06 -0.436155 4.7875e-06 1.57081 1.14933e-07
19.242 -0.436332 -0.436155 -0.000177171 3.97817 4.93044e-06 -0.000367715 5.10435e-06 -0.436155 4.77999e-06 1.57081 1.14753e-07
19.243 -0.436332 -0.436155 -0.000176889 3.97825 4.9226e-06 -0.00036713 5.09623e-06 -0.436155 4.77239e-06 1.57081 1.1457e-07
19.244 -0.436332 -0.436156 -0.000176603 3.97834 4.91466e-06 -0.000366537 5.08801e-06 -0.436156 4.76469e-06 1.57081 1.14385e-07
19.245 -0.436332 -0.436156 -0.000176314 3.97842 4.90662e-06 -0.000365937 5.07969e-06 -0.436156 4.75689e-06 1.57081 1.14198e-07
19.246 -0.436332 -0.436156 -0.000176022 3.9785 4.89848e-06 -0.00036533 5.07126e-06 -0.436156 4.749e-06 1.57081 1.14008e-07
19.247 -0.436332 -0.436157 -0.000175725 3.97858 4.89024e-06 -0.000364715 5.06273e-06 -0.436157 4.74101e-06 1.57081 1.13816e-07
19.248 -0.436332 -0.436157 -0.000175426 3.97867 4.8819e-06 -0.000364093 5.0541e-06 -0.436157 4.73293e-06 1.57081 1.13622e-07
19.249 -0.436332 -0.436157 -0.000175122 3.97875 4.87346e-06 -0.000363464 5.04536e-06 -0.436157 4.72475e-06 1.57081 1.13425e-07
19.25 -0.436332 -0.436157 -0.000174816 3.97883 4.86493e-06 -0.000362827 5.03653e-06 -0.436157 4.71647e-06 1.57081 1.13226e-07
19.251 -0.436332 -0.436158 -0.000174505 3.97892 4.8563e-06 -0.000362183 5.02759e-06 -0.436158 4.7081e-06 1.57081 1.13025e-07
19.252 -0.436332 -0.436158 -0.000174192 3.979 4.84757e-06 -0.000361531 5.01856e-06 -0.436158 4.69964e-06 1.57081 1.12822e-07
19.253 -0.436332 -0.436158 -0.000173874 3.97909 4.83874e-06 -0.000360873 5.00942e-06 -0.436158 4.69108e-06 1.57081 1.12616e-07
19.254 -0.436332 -0.436159 -0.000173554 3.97917 4.82982e-06 -0.000360208 5.00019e-06 -0.436159 4.68243e-06 1.57081 1.12408e-07
19.255 -0.436332 -0.436159 -0.00017323 3.97926 4.82081e-06 -0.000359535 4.99085e-06 -0.436159 4.67369e-06 1.57081 1.12198e-07
19.256 -0.436332 -0.436159 -0.000172902 3.97934 4.8117e-06 -0.000358855 4.98142e-06 -0.436159 4.66486e-06 1.57081 1.11986e-07
19.257 -0.436332 -0.43616 -0.000172571 3.97943 4.80249e-06 -0.000358168 4.97189e-06 -0.43616 4.65593e-06 1.57081 1.11771e-07
19.258 -0.436332 -0.43616 -0.000172237 3.97952 4.79319e-06 -0.000357475 4.96226e-06 -0.43616 4.64691e-06 1.57081 1.11554e-07
19.259 -0.436332 -0.43616 -0.000171899 3.97961 4.7838e-06 -0.000356774 4.95254e-06 -0.43616 4.63781e-06 1.57081 1.11335e-07
19.26 -0.436332 -0.436161 -0.000171558 3.97969 4.77432e-06 -0.000356066 4.94272e-06 -0.436161 4.62861e-06 1.57081 1.11114e-07
19.261 -0.436332 -0.436161 -0.000171214 3.97978 4.76474e-06 -0.000355351 4.9328e-06 -0.436161 4.61932e-06 1.57081 1.1089e-07
19.262 -0.436332 -0.436161 -0.000170867 3.97987 4.75507e-06 -0.00035463 4.92279e-06 -0.436161 4.60995e-06 1.57081 1.10665e-07
19.263 -0.436332 -0.436162 -0.000170516 3.97996 4.74531e-06 -0.000353902 4.91269e-06 -0.436162 4.60048e-06 1.57081 1.10437e-07
19.264 -0.436332 -0.436162 -0.000170162 3.98005 4.73545e-06 -0.000353167 4.90249e-06 -0.436162 4.59093e-06 1.57081 1.10207e-07
19.265 -0.436332 -0.436163 -0.000169804 3.98014 4.72551e-06 -0.000352425 4.89219e-06 -0.436163 4.58129e-06 1.57081 1.09975e-07
19.266 -0.436332 -0.436163 -0.000169444 3.98023 4.71548e-06 -0.000351676 4.88181e-06 -0.436163 4.57156e-06 1.57081 1.09741e-07
19.267 -0.436332 -0.436163 -0.00016908 3.98032 4.70536e-06 -0.000350921 4.87133e-06 -0.436163 4.56175e-06 1.57081 1.09505e-07
19.268 -0.436332 -0.436164 -0.000168713 3.98041 4.69514e-06 -0.000350159 4.86076e-06 -0.436164 4.55185e-06 1.57081 1.09267e-07
19.269 -0.436332 -0.436164 -0.000168342 3.9805 4.68484e-06 -0.000349391 4.85009e-06 -0.436164 4.54186e-06 1.57081 1.09027e-07
19.27 -0.436332 -0.436164 -0.000167969 3.98059 4.67446e-06 -0.000348616 4.83934e-06 -0.436164 4.53179e-06 1.57081 1.08784e-07
19.271 -0.436332 -0.436165 -0.000167593 3.98068 4.66398e-06 -0.000347834 4.82849e-06 -0.436165 4.52163e-06 1.57081 1.0854e-07
19.272 -0.436332 -0.436165 -0.000167213 3.98077 4.65342e-06 -0.000347046 4.81756e-06 -0.436165 4.51139e-06 1.57081 1.08293e-07
19.273 -0.436332 -0.436165 -0.00016683 3.98086 4.64277e-06 -0.000346252 4.80653e-06 -0.436165 4.50107e-06 1.57081 1.08045e-07
19.274 -0.436332 -0.436166 -0.000166444 3.98095 4.63204e-06 -0.000345451 4.79542e-06 -0.436166 4.49066e-06 1.57081 1.07794e-07
19.275 -0.436332 -0.436166 -0.000166055 3.98105 4.62121e-06 -0.000344644 4.78422e-06 -0.436166 4.48017e-06 1.57081 1.07542e-07
19.276 -0.436332 -0.436167 -0.000165663 3.98114 4.61031e-06 -0.00034383 4.77293e-06 -0.436167 4.4696e-06 1.57081 1.07287e-07
19.277 -0.436332 -0.436167 -0.000165268 3.98123 4.59932e-06 -0.00034301 4.76155e-06 -0.436167 4.45894e-06 1.57081 1.07031e-07
19.278 -0.436332 -0.436167 -0.00016487 3.98133 4.58824e-06 -0.000342184 4.75009e-06 -0.436167 4.4482e-06 1.57081 1.06772e-07
19.279 -0.436332 -0.436168 -0.000164469 3.98142 4.57709e-06 -0.000341352 4.73853e-06 -0.436168 4.43739e-06 1.57081 1.06512e-07
19.28 -0.436332 -0.436168 -0.000164065 3.98151 4.56585e-06 -0.000340513 4.7269e-06 -0.436168 4.42649e-06 1.57081 1.0625e-07
19.281 -0.436332 -0.436169 -0.000163658 3.98161 4.55452e-06 -0.000339669 4.71517e-06 -0.436169 4.41551e-06 1.57081 1.05985e-07
19.282 -0.436332 -0.436169 -0.000163248 3.9817 4.54312e-06 -0.000338818 4.70337e-06 -0.436169 4.40445e-06 1.57081 1.05719e-07
19.283 -0.436332 -0.436169 -0.000162836 3.9818 4.53163e-06 -0.000337961 4.69147e-06 -0.436169 4.39332e-06 1.57081 1.05451e-07
19.284 -0.436332 -0.43617 -0.00016242 3.98189 4.52006e-06 -0.000337098 4.6795e-06 -0.43617 4.3821e-06 1.57081 1.05181e-07
19.285 -0.436332 -0.43617 -0.000162001 3.98199 4.50842e-06 -0.000336229 4.66744e-06 -0.43617 4.37081e-06 1.57081 1.04909e-07
19.286 -0.436332 -0.436171 -0.00016158 3.98208 4.49669e-06 -0.000335354 4.6553e-06 -0.436171 4.35944e-06 1.57081 1.04635e-07
19.287 -0.436332 -0.436171 -0.000161155 3.98218 4.48488e-06 -0.000334473 4.64307e-06 -0.436171 4.34799e-06 1.57081 1.04359e-07
19.288 -0.436332 -0.436172 -0.000160728 3.98228 4.47299e-06 -0.000333586 4.63077e-06 -0.436172 4.33647e-06 1.57081 1.04082e-07
19.289 -0.436332 -0.436172 -0.000160298 3.98237 4.46103e-06 -0.000332694 4.61838e-06 -0.436172 4.32487e-06 1.57081 1.03802e-07
19.29 -0.436332 -0.436172 -0.000159865 3.98247 4.44899e-06 -0.000331795 4.60591e-06 -0.436172 4.31319e-06 1.57081 1.03521e-07
19.291 -0.436332 -0.436173 -0.000159429 3.98257 4.43687e-06 -0.000330891 4.59337e-06 -0.436173 4.30144e-06 1.57081 1.03238e-07
19.292 -0.436332 -0.436173 -0.000158991 3.98266 4.42467e-06 -0.000329981 4.58074e-06 -0.436173 4.28962e-06 1.57081 1.02953e-07
19.293 -0.436332 -0.436174 -0.00015855 3.98276 4.41239e-06 -0.000329066 4.56803e-06 -0.436174 4.27772e-06 1.57081 1.02667e-07
19.294 -0.436332 -0.436174 -0.000158106 3.98286 4.40004e-06 -0.000328144 4.55525e-06 -0.436174 4.26575e-06 1.57081 1.02378e-07
19.295 -0.436332 -0.436175 -0.00015766 3.98296 4.38762e-06 -0.000327217 4.54238e-06 -0.436175 4.2537e-06 1.57081 1.02088e-07
19.296 -0.436332 -0.436175 -0.00015721 3.98306 4.37512e-06 -0.000326285 4.52944e-06 -0.436175 4.24158e-06 1.57081 1.01796e-07
19.297 -0.436332 -0.436176 -0.000156758 3.98315 4.36255e-06 -0.000325347 4.51642e-06 -0.436176 4.22939e-06 1.57081 1.01502e-07
19.298 -0.436332 -0.436176 -0.000156304 3.98325 4.3499e-06 -0.000324403 4.50333e-06 -0.436176 4.21713e-06 1.57081 1.01207e-07
19.299 -0.436332 -0.436176 -0.000155847 3.98335 4.33718e-06 -0.000323454 4.49016e-06 -0.436176 4.2048e-06 1.57081 1.0091e-07
19.3 -0.436332 -0.436177 -0.000155387 3.98345 4.32438e-06 -0.0003225 4.47691e-06 -0.436177 4.1924e-06 1.57081 1.00611e-07
19.301 -0.436332 -0.436177 -0.000154924 3.98355 4.31152e-06 -0.00032154 4.46359e-06 -0.436177 4.17992e-06 1.57081 1.00311e-07
19.302 -0.436332 -0.436178 -0.000154459 3.98365 4.29858e-06 -0.000320575 4.4502e-06 -0.436178 4.16738e-06 1.57081 1.00008e-07
19.303 -0.436332 -0.436178 -0.000153992 3.98375 4.28557e-06 -0.000319605 4.43673e-06 -0.436178 4.15477e-06 1.57081 9.97045e-08
19.304 -0.436332 -0.436179 -0.000153522 3.98385 4.27249e-06 -0.000318629 4.42319e-06 -0.436179 4.14209e-06 1.57081 9.93989e-08
19.305 -0.436332 -0.436179 -0.000153049 3.98395 4.25934e-06 -0.000317648 4.40957e-06 -0.436179 4.12934e-06 1.57081 9.90917e-08
19.306 -0.436332 -0.43618 -0.000152574 3.98405 4.24612e-06 -0.000316662 4.39589e-06 -0.43618 4.11652e-06 1.57081 9.87829e-08
19.307 -0.436332 -0.43618 -0.000152096 3.98415 4.23283e-06 -0.00031567 4.38213e-06 -0.43618 4.10364e-06 1.57081 9.84725e-08
19.308 -0.436332 -0.436181 -0.000151616 3.98425 4.21947e-06 -0.000314674 4.3683e-06 -0.436181 4.09069e-06 1.57081 9.81604e-08
19.309 -0.436332 -0.436181 -0.000151134 3.98435 4.20604e-06 -0.000313672 4.3544e-06 -0.436181 4.07767e-06 1.57081 9.78468e-08
19.31 -0.436332 -0.436182 -0.000150649 3.98446 4.19255e-06 -0.000312666 4.34043e-06 -0.436182 4.06459e-06 1.57081 9.75315e-08
19.311 -0.436332 -0.436182 -0.000150161 3.98456 4.17899e-06 -0.000311654 4.32639e-06 -0.436182 4.05145e-06 1.57081 9.72147e-08
19.312 -0.436332 -0.436183 -0.000149672 3.98466 4.16536e-06 -0.000310638 4.31228e-06 -0.436183 4.03823e-06 1.57081 9.68963e-08
19.313 -0.436332 -0.436183 -0.000149179 3.98476 4.15167e-06 -0.000309616 4.29811e-06 -0.436183 4.02496e-06 1.57081 9.65764e-08
19.314 -0.436332 -0.436184 -0.000148685 3.98486 4.13791e-06 -0.00030859 4.28386e-06 -0.436184 4.01162e-06 1.57081 9.62549e-08
19.315 -0.436332 -0.436184 -0.000148188 3.98496 4.12408e-06 -0.000307559 4.26955e-06 -0.436184 3.99822e-06 1.57081 9.59319e-08
19.316 -0.436332 -0.436185 -0.000147689 3.98507 4.1102e-06 -0.000306523 4.25517e-06 -0.436185 3.98476e-06 1.57081 9.56074e-08
19.317 -0.436332 -0.436185 -0.000147188 3.98517 4.09624e-06 -0.000305482 4.24073e-06 -0.436185 3.97123e-06 1.57081 9.52814e-08
19.318 -0.436332 -0.436186 -0.000146684 3.98527 4.08223e-06 -0.000304436 4.22622e-06 -0.436186 3.95764e-06 1.57081 9.49539e-08
19.319 -0.436332 -0.436186 -0.000146178 3.98538 4.06815e-06 -0.000303386 4.21164e-06 -0.436186 3.94399e-06 1.57081 9.4625e-08
19.32 -0.436332 -0.436187 -0.00014567 3.98548 4.05401e-06 -0.000302331 4.197e-06 -0.436187 3.93028e-06 1.57081 9.42945e-08
19.321 -0.436332 -0.436187 -0.000145159 3.98558 4.0398e-06 -0.000301272 4.18229e-06 -0.436187 3.91652e-06 1.57081 9.39626e-08
19.322 -0.436332 -0.436188 -0.000144646 3.98569 4.02554e-06 -0.000300207 4.16753e-06 -0.436188 3.90269e-06 1.57081 9.36293e-08
19.323 -0.436332 -0.436188 -0.000144132 3.98579 4.01121e-06 -0.000299139 4.15269e-06 -0.436188 3.8888e-06 1.57081 9.32946e-08
19.324 -0.436332 -0.436189 -0.000143615 3.98589 3.99682e-06 -0.000298066 4.1378e-06 -0.436189 3.87485e-06 1.57081 9.29584e-08
19.325 -0.436332 -0.436189 -0.000143095 3.986 3.98238e-06 -0.000296988 4.12285e-06 -0.436189 3.86085e-06 1.57081 9.26208e-08
19.326 -0.436332 -0.43619 -0.000142574 3.9861 3.96787e-06 -0.000295906 4.10783e-06 -0.43619 3.84679e-06 1.57081 9.22818e-08
19.327 -0.436332 -0.43619 -0.000142051 3.98621 3.95331e-06 -0.00029482 4.09275e-06 -0.43619 3.83267e-06 1.57081 9.19415e-08
19.328 -0.436332 -0.436191 -0.000141525 3.98631 3.93869e-06 -0.000293729 4.07761e-06 -0.436191 3.81849e-06 1.57081 9.15998e-08
19.329 -0.436332 -0.436191 -0.000140998 3.98641 3.92401e-06 -0.000292634 4.06241e-06 -0.436191 3.80426e-06 1.57081 9.12567e-08
19.33 -0.436332 -0.436192 -0.000140468 3.98652 3.90927e-06 -0.000291535 4.04716e-06 -0.436192 3.78998e-06 1.57081 9.09123e-08
19.331 -0.436332 -0.436192 -0.000139936 3.98662 3.89448e-06 -0.000290431 4.03184e-06 -0.436192 3.77564e-06 1.57081 9.05666e-08
19.332 -0.436332 -0.436193 -0.000139403 3.98673 3.87962e-06 -0.000289323 4.01647e-06 -0.436193 3.76124e-06 1.57081 9.02195e-08
19.333 -0.436332 -0.436193 -0.000138867 3.98683 3.86472e-06 -0.000288211 4.00103e-06 -0.436193 3.74679e-06 1.57081 8.98712e-08
19.334 -0.436332 -0.436194 -0.000138329 3.98694 3.84976e-06 -0.000287095 3.98555e-06 -0.436194 3.73229e-06 1.57081 8.95215e-08
19.335 -0.436332 -0.436195 -0.00013779 3.98705 3.83474e-06 -0.000285975 3.97e-06 -0.436195 3.71773e-06 1.57081 8.91706e-08
19.336 -0.436332 -0.436195 -0.000137248 3.98715 3.81967e-06 -0.000284851 3.9544e-06 -0.436195 3.70312e-06 1.57081 8.88184e-08
19.337 -0.436332 -0.436196 -0.000136704 3.98726 3.80455e-06 -0.000283723 3.93874e-06 -0.436196 3.68846e-06 1.57081 8.8465e-08
19.338 -0.436332 -0.436196 -0.000136159 3.98736 3.78937e-06 -0.000282591 3.92303e-06 -0.436196 3.67375e-06 1.57081 8.81103e-08
19.339 -0.436332 -0.436197 -0.000135612 3.98747 3.77414e-06 -0.000281455 3.90726e-06 -0.436197 3.65899e-06 1.57081 8.77543e-08
19.34 -0.436332 -0.436197 -0.000135063 3.98757 3.75886e-06 -0.000280315 3.89144e-06 -0.436197 3.64417e-06 1.57081 8.73972e-08
19.341 -0.436332 -0.436198 -0.000134512 3.98768 3.74353e-06 -0.000279172 3.87557e-06 -0.436198 3.62931e-06 1.57081 8.70388e-08
19.342 -0.436332 -0.436198 -0.000133959 3.98779 3.72815e-06 -0.000278024 3.85964e-06 -0.436198 3.6144e-06 1.57081 8.66793e-08
19.343 -0.436332 -0.436199 -0.000133404 3.98789 3.71271e-06 -0.000276873 3.84366e-06 -0.436199 3.59944e-06 1.57081 8.63186e-08
19.344 -0.436332 -0.436199 -0.000132848 3.988 3.69723e-06 -0.000275718 3.82763e-06 -0.436199 3.58443e-06 1.57081 8.59566e-08
19.345 -0.436332 -0.4362 -0.000132289 3.9881 3.68169e-06 -0.000274559 3.81155e-06 -0.4362 3.56937e-06 1.57081 8.55936e-08
19.346 -0.436332 -0.436201 -0.000131729 3.98821 3.66611e-06 -0.000273397 3.79542e-06 -0.436201 3.55427e-06 1.57081 8.52294e-08
19.347 -0.436332 -0.436201 -0.000131168 3.98832 3.65048e-06 -0.000272231 3.77924e-06 -0.436201 3.53911e-06 1.57081 8.4864e-08
19.348 -0.436332 -0.436202 -0.000130604 3.98842 3.6348e-06 -0.000271061 3.76301e-06 -0.436202 3.52391e-06 1.57081 8.44976e-08
19.349 -0.436332 -0.436202 -0.000130039 3.98853 3.61908e-06 -0.000269888 3.74673e-06 -0.436202 3.50867e-06 1.57081 8.413e-08
19.35 -0.436332 -0.436203 -0.000129472 3.98864 3.60331e-06 -0.000268712 3.7304e-06 -0.436203 3.49338e-06 1.57081 8.37613e-08
19.351 -0.436332 -0.436203 -0.000128904 3.98875 3.58749e-06 -0.000267532 3.71402e-06 -0.436203 3.47805e-06 1.57081 8.33916e-08
19.352 -0.436332 -0.436204 -0.000128334 3.98885 3.57162e-06 -0.000266349 3.6976e-06 -0.436204 3.46267e-06 1.57081 8.30207e-08
19.353 -0.436332 -0.436205 -0.000127762 3.98896 3.55571e-06 -0.000265162 3.68112e-06 -0.436205 3.44725e-06 1.57081 8.26489e-08
19.354 -0.436332 -0.436205 -0.000127188 3.98907 3.53976e-06 -0.000263972 3.66461e-06 -0.436205 3.43178e-06 1.57081 8.22759e-08
19.355 -0.436332 -0.436206 -0.000126613 3.98917 3.52376e-06 -0.000262778 3.64804e-06 -0.436206 3.41627e-06 1.57081 8.19019e-08
19.356 -0.436332 -0.436206 -0.000126037 3.98928 3.50772e-06 -0.000261582 3.63143e-06 -0.436206 3.40072e-06 1.57081 8.1527e-08
19.357 -0.436332 -0.436207 -0.000125459 3.98939 3.49163e-06 -0.000260382 3.61478e-06 -0.436207 3.38513e-06 1.57081 8.11509e-08
19.358 -0.436332 -0.436207 -0.000124879 3.9895 3.4755e-06 -0.000259179 3.59808e-06 -0.436207 3.36949e-06 1.57081 8.07739e-08
19.359 -0.436332 -0.436208 -0.000124298 3.9896 3.45933e-06 -0.000257973 3.58134e-06 -0.436208 3.35382e-06 1.57081 8.03959e-08
19.36 -0.436332 -0.436209 -0.000123715 3.98971 3.44312e-06 -0.000256763 3.56456e-06 -0.436209 3.3381e-06 1.57081 8.0017e-08
19.361 -0.436332 -0.436209 -0.000123131 3.98982 3.42686e-06 -0.000255551 3.54773e-06 -0.436209 3.32234e-06 1.57081 7.9637e-08
19.362 -0.436332 -0.43621 -0.000122546 3.98993 3.41057e-06 -0.000254335 3.53086e-06 -0.43621 3.30655e-06 1.57081 7.92561e-08
19.363 -0.436332 -0.43621 -0.000121959 3.99003 3.39424e-06 -0.000253117 3.51395e-06 -0.43621 3.29072e-06 1.57081 7.88743e-08
19.364 -0.436332 -0.436211 -0.00012137 3.99014 3.37786e-06 -0.000251896 3.497e-06 -0.436211 3.27484e-06 1.57081 7.84915e-08
19.365 -0.436332 -0.436212 -0.000120781 3.99025 3.36145e-06 -0.000250672 3.48001e-06 -0.436212 3.25893e-06 1.57081 7.81079e-08
19.366 -0.436332 -0.436212 -0.000120189 3.99036 3.345e-06 -0.000249444 3.46298e-06 -0.436212 3.24299e-06 1.57081 7.77233e-08
19.367 -0.436332 -0.436213 -0.000119597 3.99047 3.32851e-06 -0.000248214 3.4459e-06 -0.436213 3.227e-06 1.57081 7.73378e-08
19.368 -0.436332 -0.436213 -0.000119003 3.99057 3.31198e-06 -0.000246982 3.42879e-06 -0.436213 3.21098e-06 1.57081 7.69515e-08
19.369 -0.436332 -0.436214 -0.000118407 3.99068 3.29542e-06 -0.000245746 3.41165e-06 -0.436214 3.19492e-06 1.57081 7.65643e-08
19.37 -0.436332 -0.436215 -0.000117811 3.99079 3.27882e-06 -0.000244508 3.39446e-06 -0.436215 3.17883e-06 1.57081 7.61762e-08
19.371 -0.436332 -0.436215 -0.000117213 3.9909 3.26218e-06 -0.000243267 3.37724e-06 -0.436215 3.16271e-06 1.57081 7.57873e-08
19.372 -0.436332 -0.436216 -0.000116614 3.991 3.24551e-06 -0.000242023 3.35998e-06 -0.436216 3.14654e-06 1.57081 7.53976e-08
19.373 -0.436332 -0.436216 -0.000116013 3.99111 3.2288e-06 -0.000240777 3.34268e-06 -0.436216 3.13035e-06 1.57081 7.5007e-08
19.374 -0.436332 -0.436217 -0.000115412 3.99122 3.21206e-06 -0.000239528 3.32535e-06 -0.436217 3.11412e-06 1.57081 7.46156e-08
19.375 -0.436332 -0.436218 -0.000114809 3.99133 3.19528e-06 -0.000238277 3.30798e-06 -0.436218 3.09786e-06 1.57081 7.42235e-08
19.376 -0.436332 -0.436218 -0.000114205 3.99144 3.17847e-06 -0.000237023 3.29058e-06 -0.436218 3.08157e-06 1.57081 7.38305e-08
19.377 -0.436332 -0.436219 -0.0001136 3.99154 3.16163e-06 -0.000235767 3.27314e-06 -0.436219 3.06524e-06 1.57081 7.34368e-08
19.378 -0.436332 -0.436219 -0.000112993 3.99165 3.14476e-06 -0.000234508 3.25567e-06 -0.436219 3.04888e-06 1.57081 7.30423e-08
19.379 -0.436332 -0.43622 -0.000112386 3.99176 3.12785e-06 -0.000233247 3.23817e-06 -0.43622 3.03249e-06 1.57081 7.26471e-08
19.38 -0.436332 -0.436221 -0.000111777 3.99187 3.11091e-06 -0.000231984 3.22063e-06 -0.436221 3.01608e-06 1.57081 7.22511e-08
19.381 -0.436332 -0.436221 -0.000111167 3.99198 3.09395e-06 -0.000230718 3.20307e-06 -0.436221 2.99963e-06 1.57081 7.18545e-08
19.382 -0.436332 -0.436222 -0.000110556 3.99208 3.07695e-06 -0.00022945 3.18547e-06 -0.436222 2.98315e-06 1.57081 7.14571e-08
19.383 -0.436332 -0.436222 -0.000109944 3.99219 3.05992e-06 -0.00022818 3.16784e-06 -0.436222 2.96664e-06 1.57081 7.1059e-08
19.384 -0.436332 -0.436223 -0.000109331 3.9923 3.04286e-06 -0.000226908 3.15018e-06 -0.436223 2.95011e-06 1.57081 7.06602e-08
19.385 -0.436332 -0.436224 -0.000108717 3.99241 3.02577e-06 -0.000225633 3.13249e-06 -0.436224 2.93354e-06 1.57081 7.02607e-08
19.386 -0.436332 -0.436224 -0.000108102 3.99252 3.00866e-06 -0.000224356 3.11477e-06 -0.436224 2.91695e-06 1.57081 6.98606e-08
19.387 -0.436332 -0.436225 -0.000107486 3.99262 2.99151e-06 -0.000223078 3.09702e-06 -0.436225 2.90033e-06 1.57081 6.94598e-08
19.388 -0.436332 -0.436225 -0.000106869 3.99273 2.97434e-06 -0.000221797 3.07924e-06 -0.436225 2.88369e-06 1.57081 6.90584e-08
19.389 -0.436332 -0.436226 -0.000106251 3.99284 2.95714e-06 -0.000220514 3.06144e-06 -0.436226 2.86702e-06 1.57081 6.86563e-08
19.39 -0.436332 -0.436227 -0.000105632 3.99295 2.93992e-06 -0.000219229 3.0436e-06 -0.436227 2.85032e-06 1.57081 6.82537e-08
19.391 -0.436332 -0.436227 -0.000105012 3.99306 2.92267e-06 -0.000217943 3.02575e-06 -0.436227 2.8336e-06 1.57081 6.78504e-08
19.392 -0.436332 -0.436228 -0.000104391 3.99316 2.90539e-06 -0.000216654 3.00786e-06 -0.436228 2.81685e-06 1.57081 6.74465e-08
19.393 -0.436332 -0.436229 -0.000103769 3.99327 2.88809e-06 -0.000215364 2.98995e-06 -0.436229 2.80008e-06 1.57081 6.70421e-08
19.394 -0.436332 -0.436229 -0.000103147 3.99338 2.87077e-06 -0.000214071 2.97201e-06 -0.436229 2.78329e-06 1.57081 6.66371e-08
19.395 -0.436332 -0.43623 -0.000102523 3.99349 2.85342e-06 -0.000212777 2.95405e-06 -0.43623 2.76647e-06 1.57081 6.62315e-08
19.396 -0.436332 -0.43623 -0.000101899 3.99359 2.83605e-06 -0.000211481 2.93607e-06 -0.43623 2.74963e-06 1.57081 6.58253e-08
19.397 -0.436332 -0.436231 -0.000101274 3.9937 2.81865e-06 -0.000210184 2.91806e-06 -0.436231 2.73277e-06 1.57081 6.54187e-08
19.398 -0.436332 -0.436232 -0.000100648 3.99381 2.80123e-06 -0.000208885 2.90003e-06 -0.436232 2.71589e-06 1.57081 6.50115e-08
19.399 -0.436332 -0.436232 -0.000100021 3.99392 2.78379e-06 -0.000207584 2.88197e-06 -0.436232 2.69898e-06 1.57081 6.46038e-08
19.4 -0.436332 -0.436233 -9.93938e-05 3.99402 2.76633e-06 -0.000206282 2.86389e-06 -0.436233 2.68206e-06 1.57081 6.41956e-08
19.401 -0.436332 -0.436234 -9.87656e-05 3.99413 2.74885e-06 -0.000204978 2.84579e-06 -0.436234 2.66511e-06 1.57081 6.37869e-08
19.402 -0.436332 -0.436234 -9.81366e-05 3.99424 2.73135e-06 -0.000203672 2.82767e-06 -0.436234 2.64814e-06 1.57081 6.33777e-08
19.403 -0.436332 -0.436235 -9.75069e-05 3.99435 2.71383e-06 -0.000202365 2.80953e-06 -0.436235 2.63116e-06 1.57081 6.29681e-08
19.404 -0.436332 -0.436235 -9.68765e-05 3.99445 2.69628e-06 -0.000201057 2.79137e-06 -0.436235 2.61415e-06 1.57081 6.2558e-08
19.405 -0.436332 -0.436236 -9.62454e-05 3.99456 2.67872e-06 -0.000199747 2.77319e-06 -0.436236 2.59713e-06 1.57081 6.21475e-08
19.406 -0.436332 -0.436237 -9.56137e-05 3.99467 2.66114e-06 -0.000198435 2.75499e-06 -0.436237 2.58009e-06 1.57081 6.17365e-08
19.407 -0.436332 -0.436237 -9.49813e-05 3.99477 2.64355e-06 -0.000197123 2.73677e-06 -0.436237 2.56303e-06 1.57081 6.13251e-08
19.408 -0.436332 -0.436238 -9.43482e-05 3.99488 2.62593e-06 -0.000195809 2.71854e-06 -0.436238 2.54596e-06 1.57081 6.09133e-08
19.409 -0.436332 -0.436239 -9.37146e-05 3.99499 2.6083e-06 -0.000194494 2.70028e-06 -0.436239 2.52887e-06 1.57081 6.05011e-08
19.41 -0.436332 -0.436239 -9.30804e-05 3.99509 2.59065e-06 -0.000193177 2.68201e-06 -0.436239 2.51176e-06 1.57081 6.00885e-08
19.411 -0.436332 -0.43624 -9.24455e-05 3.9952 2.57298e-06 -0.00019186 2.66372e-06 -0.43624 2.49464e-06 1.57081 5.96755e-08
19.412 -0.436332 -0.436241 -9.18102e-05 3.99531 2.5553e-06 -0.000190541 2.64542e-06 -0.436241 2.4775e-06 1.57081 5.92622e-08
19.413 -0.436332 -0.436241 -9.11742e-05 3.99541 2.53761e-06 -0.000189221 2.6271e-06 -0.436241 2.46034e-06 1.57081 5.88485e-08
19.414 -0.436332 -0.436242 -9.05378e-05 3.99552 2.5199e-06 -0.0001879 2.60876e-06 -0.436242 2.44318e-06 1.57081 5.84345e-08
19.415 -0.436332 -0.436242 -8.99008e-05 3.99563 2.50217e-06 -0.000186578 2.59041e-06 -0.436242 2.426e-06 1.57081 5.80202e-08
19.416 -0.436332 -0.436243 -8.92634e-05 3.99573 2.48444e-06 -0.000185255 2.57205e-06 -0.436243 2.4088e-06 1.5708 5.76055e-08
19.417 -0.436332 -0.436244 -8.86255e-05 3.99584 2.46669e-06 -0.000183931 2.55367e-06 -0.436244 2.39159e-06 1.5708 5.71905e-08
19.418 -0.436332 -0.436244 -8.79871e-05 3.99595 2.44892e-06 -0.000182606 2.53528e-06 -0.436244 2.37437e-06 1.5708 5.67752e-08
19.419 -0.436332 -0.436245 -8.73483e-05 3.99605 2.43115e-06 -0.00018128 2.51688e-06 -0.436245 2.35714e-06 1.5708 5.63597e-08
19.42 -0.436332 -0.436246 -8.6709e-05 3.99616 2.41336e-06 -0.000179953 2.49846e-06 -0.436246 2.3399e-06 1.5708 5.59438e-08
19.421 -0.436332 -0.436246 -8.60694e-05 3.99626 2.39556e-06 -0.000178625 2.48004e-06 -0.436246 2.32265e-06 1.5708 5.55277e-08
19.422 -0.436332 -0.436247 -8.54293e-05 3.99637 2.37775e-06 -0.000177297 2.4616e-06 -0.436247 2.30538e-06 1.5708 5.51114e-08
19.423 -0.436332 -0.436248 -8.47889e-05 3.99647 2.35993e-06 -0.000175968 2.44315e-06 -0.436248 2.28811e-06 1.5708 5.46948e-08
19.424 -0.436332 -0.436248 -8.41482e-05 3.99658 2.3421e-06 -0.000174638 2.42469e-06 -0.436248 2.27082e-06 1.5708 5.4278e-08
19.425 -0.436332 -0.436249 -8.35071e-05 3.99668 2.32426e-06 -0.000173307 2.40622e-06 -0.436249 2.25353e-06 1.5708 5.38609e-08
19.426 -0.436332 -0.436249 -8.28656e-05 3.99679 2.30641e-06 -0.000171976 2.38774e-06 -0.436249 2.23623e-06 1.5708 5.34437e-08
19.427 -0.436332 -0.43625 -8.22239e-05 3.99689 2.28855e-06 -0.000170644 2.36925e-06 -0.43625 2.21892e-06 1.5708 5.30262e-08
19.428 -0.436332 -0.436251 -8.15819e-05 3.997 2.27068e-06 -0.000169311 2.35076e-06 -0.436251 2.2016e-06 1.5708 5.26086e-08
19.429 -0.436332 -0.436251 -8.09396e-05 3.9971 2.25281e-06 -0.000167978 2.33225e-06 -0.436251 2.18428e-06 1.5708 5.21908e-08
19.43 -0.436332 -0.436252 -8.0297e-05 3.99721 2.23493e-06 -0.000166644 2.31374e-06 -0.436252 2.16694e-06 1.5708 5.17728e-08
19.431 -0.436332 -0.436253 -7.96542e-05 3.99731 2.21705e-06 -0.00016531 2.29522e-06 -0.436253 2.14961e-06 1.5708 5.13547e-08
19.432 -0.436332 -0.436253 -7.90112e-05 3.99742 2.19915e-06 -0.000163976 2.2767e-06 -0.436253 2.13226e-06 1.5708 5.09364e-08
19.433 -0.436332 -0.436254 -7.8368e-05 3.99752 2.18125e-06 -0.00016264 2.25817e-06 -0.436254 2.11491e-06 1.5708 5.0518e-08
19.434 -0.436332 -0.436255 -7.77246e-05 3.99763 2.16335e-06 -0.000161305 2.23963e-06 -0.436255 2.09756e-06 1.5708 5.00994e-08
19.435 -0.436332 -0.436255 -7.7081e-05 3.99773 2.14544e-06 -0.000159969 2.22109e-06 -0.436255 2.0802e-06 1.5708 4.96808e-08
19.436 -0.436332 -0.436256 -7.64373e-05 3.99783 2.12753e-06 -0.000158633 2.20255e-06 -0.436256 2.06283e-06 1.5708 4.92621e-08
19.437 -0.436332 -0.436257 -7.57934e-05 3.99794 2.10961e-06 -0.000157297 2.184e-06 -0.436257 2.04546e-06 1.5708 4.88432e-08
19.438 -0.436332 -0.436257 -7.51494e-05 3.99804 2.09169e-06 -0.00015596 2.16545e-06 -0.436257 2.02809e-06 1.5708 4.84243e-08
19.439 -0.436332 -0.436258 -7.45053e-05 3.99815 2.07377e-06 -0.000154623 2.14689e-06 -0.436258 2.01072e-06 1.5708 4.80053e-08
19.44 -0.436332 -0.436258 -7.38611e-05 3.99825 2.05584e-06 -0.000153286 2.12833e-06 -0.436258 1.99334e-06 1.5708 4.75863e-08
19.441 -0.436332 -0.436259 -7.32168e-05 3.99835 2.03791e-06 -0.000151949 2.10977e-06 -0.436259 1.97596e-06 1.5708 4.71672e-08
19.442 -0.436332 -0.43626 -7.25725e-05 3.99845 2.01998e-06 -0.000150611 2.09121e-06 -0.43626 1.95858e-06 1.5708 4.67481e-08
19.443 -0.436332 -0.43626 -7.19281e-05 3.99856 2.00205e-06 -0.000149274 2.07264e-06 -0.43626 1.9412e-06 1.5708 4.6329e-08
19.444 -0.436332 -0.436261 -7.12837e-05 3.99866 1.98412e-06 -0.000147936 2.05408e-06 -0.436261 1.92382e-06 1.5708 4.59098e-08
19.445 -0.436332 -0.436262 -7.06393e-05 3.99876 1.96619e-06 -0.000146599 2.03552e-06 -0.436262 1.90644e-06 1.5708 4.54906e-08
19.446 -0.436332 -0.436262 -6.99948e-05 3.99886 1.94826e-06 -0.000145261 2.01695e-06 -0.436262 1.88906e-06 1.5708 4.50715e-08
19.447 -0.436332 -0.436263 -6.93505e-05 3.99897 1.93033e-06 -0.000143924 1.99839e-06 -0.436263 1.87168e-06 1.5708 4.46523e-08
19.448 -0.436332 -0.436264 -6.87061e-05 3.99907 1.9124e-06 -0.000142586 1.97982e-06 -0.436264 1.85429e-06 1.5708 4.42332e-08
19.449 -0.436332 -0.436264 -6.80618e-05 3.99917 1.89447e-06 -0.000141249 1.96126e-06 -0.436264 1.83692e-06 1.5708 4.38141e-08
19.45 -0.436332 -0.436265 -6.74176e-05 3.99927 1.87654e-06 -0.000139912 1.9427e-06 -0.436265 1.81954e-06 1.5708 4.33951e-08
19.451 -0.436332 -0.436266 -6.67734e-05 3.99937 1.85862e-06 -0.000138575 1.92415e-06 -0.436266 1.80216e-06 1.5708 4.29761e-08
19.452 -0.436332 -0.436266 -6.61294e-05 3.99948 1.8407e-06 -0.000137238 1.90559e-06 -0.436266 1.78479e-06 1.5708 4.25572e-08
19.453 -0.436332 -0.436267 -6.54855e-05 3.99958 1.82278e-06 -0.000135902 1.88704e-06 -0.436267 1.76742e-06 1.5708 4.21384e-08
19.454 -0.436332 -0.436267 -6.48417e-05 3.99968 1.80486e-06 -0.000134565 1.8685e-06 -0.436267 1.75006e-06 1.5708 4.17197e-08
19.455 -0.436332 -0.436268 -6.4198e-05 3.99978 1.78695e-06 -0.000133229 1.84995e-06 -0.436268 1.73269e-06 1.5708 4.1301e-08
19.456 -0.436332 -0.436269 -6.35545e-05 3.99988 1.76905e-06 -0.000131894 1.83142e-06 -0.436269 1.71534e-06 1.5708 4.08825e-08
19.457 -0.436332 -0.436269 -6.29112e-05 3.99998 1.75115e-06 -0.000130559 1.81288e-06 -0.436269 1.69799e-06 1.5708 4.04641e-08
19.458 -0.436332 -0.43627 -6.22681e-05 4.00008 1.73325e-06 -0.000129224 1.79436e-06 -0.43627 1.68064e-06 1.5708 4.00458e-08
19.459 -0.436332 -0.436271 -6.16252e-05 4.00018 1.71536e-06 -0.000127889 1.77584e-06 -0.436271 1.6633e-06 1.5708 3.96276e-08
19.46 -0.436332 -0.436271 -6.09825e-05 4.00028 1.69748e-06 -0.000126555 1.75732e-06 -0.436271 1.64596e-06 1.5708 3.92096e-08
19.461 -0.436332 -0.436272 -6.03401e-05 4.00038 1.6796e-06 -0.000125222 1.73881e-06 -0.436272 1.62863e-06 1.5708 3.87918e-08
19.462 -0.436332 -0.436273 -5.96979e-05 4.00048 1.66173e-06 -0.000123889 1.72031e-06 -0.436273 1.61131e-06 1.5708 3.83741e-08
19.463 -0.436332 -0.436273 -5.9056e-05 4.00058 1.64387e-06 -0.000122557 1.70182e-06 -0.436273 1.594e-06 1.5708 3.79566e-08
19.464 -0.436332 -0.436274 -5.84144e-05 4.00068 1.62602e-06 -0.000121225 1.68334e-06 -0.436274 1.57669e-06 1.5708 3.75393e-08
19.465 -0.436332 -0.436275 -5.77731e-05 4.00078 1.60817e-06 -0.000119894 1.66486e-06 -0.436275 1.55939e-06 1.5708 3.71222e-08
19.466 -0.436332 -0.436275 -5.7132e-05 4.00087 1.59033e-06 -0.000118563 1.64639e-06 -0.436275 1.5421e-06 1.5708 3.67053e-08
19.467 -0.436332 -0.436276 -5.64914e-05 4.00097 1.5725e-06 -0.000117234 1.62794e-06 -0.436276 1.52482e-06 1.5708 3.62886e-08
19.468 -0.436332 -0.436276 -5.5851e-05 4.00107 1.55469e-06 -0.000115904 1.60949e-06 -0.436276 1.50755e-06 1.5708 3.58721e-08
19.469 -0.436332 -0.436277 -5.52111e-05 4.00117 1.53688e-06 -0.000114576 1.59105e-06 -0.436277 1.49028e-06 1.5708 3.54559e-08
19.47 -0.436332 -0.436278 -5.45715e-05 4.00127 1.51908e-06 -0.000113249 1.57263e-06 -0.436278 1.47303e-06 1.5708 3.50399e-08
19.471 -0.436332 -0.436278 -5.39323e-05 4.00136 1.50129e-06 -0.000111922 1.55421e-06 -0.436278 1.45579e-06 1.5708 3.46242e-08
19.472 -0.436332 -0.436279 -5.32935e-05 4.00146 1.48352e-06 -0.000110596 1.53581e-06 -0.436279 1.43856e-06 1.5708 3.42088e-08
19.473 -0.436332 -0.43628 -5.26551e-05 4.00156 1.46576e-06 -0.000109271 1.51742e-06 -0.43628 1.42134e-06 1.5708 3.37936e-08
19.474 -0.436332 -0.43628 -5.20171e-05 4.00166 1.448e-06 -0.000107947 1.49904e-06 -0.43628 1.40413e-06 1.5708 3.33787e-08
19.475 -0.436332 -0.436281 -5.13796e-05 4.00175 1.43026e-06 -0.000106624 1.48068e-06 -0.436281 1.38693e-06 1.5708 3.29641e-08
19.476 -0.436332 -0.436282 -5.07426e-05 4.00185 1.41254e-06 -0.000105301 1.46233e-06 -0.436282 1.36975e-06 1.5708 3.25498e-08
19.477 -0.436332 -0.436282 -5.0106e-05 4.00195 1.39483e-06 -0.00010398 1.44399e-06 -0.436282 1.35258e-06 1.5708 3.21358e-08
19.478 -0.436332 -0.436283 -4.947e-05 4.00204 1.37713e-06 -0.00010266 1.42566e-06 -0.436283 1.33542e-06 1.5708 3.17222e-08
19.479 -0.436332 -0.436283 -4.88344e-05 4.00214 1.35944e-06 -0.000101341 1.40735e-06 -0.436283 1.31828e-06 1.5708 3.13088e-08
19.48 -0.436332 -0.436284 -4.81994e-05 4.00223 1.34177e-06 -0.000100023 1.38906e-06 -0.436284 1.30115e-06 1.5708 3.08959e-08
19.481 -0.436332 -0.436285 -4.75649e-05 4.00233 1.32411e-06 -9.87057e-05 1.37078e-06 -0.436285 1.28404e-06 1.5708 3.04832e-08
19.482 -0.436332 -0.436285 -4.69309e-05 4.00242 1.30647e-06 -9.73899e-05 1.35252e-06 -0.436285 1.26694e-06 1.5708 3.0071e-08
19.483 -0.436332 -0.436286 -4.62975e-05 4.00252 1.28885e-06 -9.60753e-05 1.33427e-06 -0.436286 1.24985e-06 1.5708 2.96591e-08
19.484 -0.436332 -0.436287 -4.56647e-05 4.00261 1.27124e-06 -9.47618e-05 1.31604e-06 -0.436287 1.23278e-06 1.5708 2.92476e-08
19.485 -0.436332 -0.436287 -4.50325e-05 4.00271 1.25365e-06 -9.34496e-05 1.29783e-06 -0.436287 1.21573e-06 1.5708 2.88364e-08
19.486 -0.436332 -0.436288 -4.44009e-05 4.0028 1.23607e-06 -9.21386e-05 1.27963e-06 -0.436288 1.19869e-06 1.5708 2.84257e-08
19.487 -0.436332 -0.436289 -4.37699e-05 4.0029 1.21852e-06 -9.0829e-05 1.26146e-06 -0.436289 1.18167e-06 1.5708 2.80154e-08
19.488 -0.436332 -0.436289 -4.31396e-05 4.00299 1.20098e-06 -8.95206e-05 1.2433e-06 -0.436289 1.16467e-06 1.5708 2.76055e-08
19.489 -0.436332 -0.43629 -4.25099e-05 4.00308 1.18345e-06 -8.82136e-05 1.22516e-06 -0.43629 1.14768e-06 1.5708 2.7196e-08
19.49 -0.436332 -0.43629 -4.18808e-05 4.00318 1.16595e-06 -8.6908e-05 1.20703e-06 -0.43629 1.13072e-06 1.5708 2.67869e-08
19.491 -0.436332 -0.436291 -4.12525e-05 4.00327 1.14847e-06 -8.56037e-05 1.18893e-06 -0.436291 1.11377e-06 1.5708 2.63783e-08
19.492 -0.436332 -0.436292 -4.06248e-05 4.00336 1.131e-06 -8.43009e-05 1.17085e-06 -0.436292 1.09684e-06 1.5708 2.59701e-08
19.493 -0.436332 -0.436292 -3.99978e-05 4.00346 1.11355e-06 -8.29996e-05 1.15279e-06 -0.436292 1.07993e-06 1.5708 2.55624e-08
19.494 -0.436332 -0.436293 -3.93716e-05 4.00355 1.09613e-06 -8.16997e-05 1.13475e-06 -0.436293 1.06303e-06 1.5708 2.51552e-08
19.495 -0.436332 -0.436294 -3.8746e-05 4.00364 1.07872e-06 -8.04014e-05 1.11673e-06 -0.436294 1.04616e-06 1.5708 2.47485e-08
19.496 -0.436332 -0.436294 -3.81213e-05 4.00373 1.06134e-06 -7.91046e-05 1.09873e-06 -0.436294 1.02931e-06 1.5708 2.43422e-08
19.497 -0.436332 -0.436295 -3.74972e-05 4.00382 1.04397e-06 -7.78094e-05 1.08075e-06 -0.436295 1.01247e-06 1.5708 2.39364e-08
19.498 -0.436332 -0.436295 -3.6874e-05 4.00392 1.02663e-06 -7.65158e-05 1.0628e-06 -0.436295 9.95664e-07 1.5708 2.35312e-08
19.499 -0.436332 -0.436296 -3.62515e-05 4.00401 1.00931e-06 -7.52238e-05 1.04487e-06 -0.436296 9.78873e-07 1.5708 2.31264e-08
19.5 -0.436332 -0.436297 -3.56299e-05 4.0041 9.92012e-07 -7.39334e-05 1.02696e-06 -0.436297 9.62104e-07 1.5708 2.27222e-08
19.501 -0.436332 -0.436297 -3.5009e-05 4.00419 9.74736e-07 -7.26448e-05 1.00907e-06 -0.436297 9.45358e-07 1.5708 2.23185e-08
19.502 -0.436332 -0.436298 -3.4389e-05 4.00428 9.57483e-07 -7.13579e-05 9.91209e-07 -0.436298 9.28633e-07 1.5708 2.19153e-08
19.503 -0.436332 -0.436299 -3.37698e-05 4.00437 9.40253e-07 -7.00726e-05 9.73371e-07 -0.436299 9.11931e-07 1.5708 2.15127e-08
19.504 -0.436332 -0.436299 -3.31514e-05 4.00446 9.23047e-07 -6.87892e-05 9.55558e-07 -0.436299 8.95252e-07 1.5708 2.11107e-08
19.505 -0.436332 -0.4363 -3.25339e-05 4.00455 9.05866e-07 -6.75076e-05 9.37769e-07 -0.4363 8.78596e-07 1.5708 2.07092e-08
19.506 -0.436332 -0.4363 -3.19173e-05 4.00464 8.88708e-07 -6.62277e-05 9.20006e-07 -0.4363 8.61964e-07 1.5708 2.03083e-08
19.507 -0.436332 -0.436301 -3.13016e-05 4.00473 8.71575e-07 -6.49497e-05 9.02269e-07 -0.436301 8.45355e-07 1.5708 1.99079e-08
19.508 -0.436332 -0.436302 -3.06868e-05 4.00481 8.54468e-07 -6.36736e-05 8.84557e-07 -0.436302 8.28771e-07 1.5708 1.95082e-08
19.509 -0.436332 -0.436302 -3.00729e-05 4.0049 8.37385e-07 -6.23994e-05 8.66872e-07 -0.436302 8.12212e-07 1.5708 1.9109e-08
19.51 -0.436332 -0.436303 -2.94599e-05 4.00499 8.20329e-07 -6.11271e-05 8.49214e-07 -0.436303 7.95678e-07 1.5708 1.87105e-08
19.511 -0.436332 -0.436303 -2.88479e-05 4.00508 8.03299e-07 -5.98568e-05 8.31582e-07 -0.436303 7.79169e-07 1.5708 1.83126e-08
19.512 -0.436332 -0.436304 -2.82368e-05 4.00517 7.86295e-07 -5.85884e-05 8.13978e-07 -0.436304 7.62686e-07 1.5708 1.79153e-08
19.513 -0.436332 -0.436305 -2.76267e-05 4.00525 7.69318e-07 -5.73221e-05 7.96402e-07 -0.436305 7.46228e-07 1.5708 1.75186e-08
19.514 -0.436332 -0.436305 -2.70175e-05 4.00534 7.52369e-07 -5.60577e-05 7.78854e-07 -0.436305 7.29798e-07 1.5708 1.71225e-08
19.515 -0.436332 -0.436306 -2.64094e-05 4.00543 7.35446e-07 -5.47954e-05 7.61335e-07 -0.436306 7.13394e-07 1.5708 1.67272e-08
19.516 -0.436332 -0.436307 -2.58022e-05 4.00551 7.18552e-07 -5.35352e-05 7.43845e-07 -0.436307 6.97016e-07 1.5708 1.63324e-08
19.517 -0.436332 -0.436307 -2.51961e-05 4.0056 7.01686e-07 -5.22772e-05 7.26383e-07 -0.436307 6.80667e-07 1.5708 1.59384e-08
19.518 -0.436332 -0.436308 -2.4591e-05 4.00569 6.84849e-07 -5.10212e-05 7.08952e-07 -0.436308 6.64345e-07 1.5708 1.5545e-08
19.519 -0.436332 -0.436308 -2.39869e-05 4.00577 6.68041e-07 -4.97674e-05 6.9155e-07 -0.436308 6.48051e-07 1.5708 1.51522e-08
19.52 -0.436332 -0.436309 -2.33839e-05 4.00586 6.51262e-07 -4.85158e-05 6.74178e-07 -0.436309 6.31785e-07 1.5708 1.47602e-08
19.521 -0.436332 -0.43631 -2.27819e-05 4.00594 6.34512e-07 -4.72664e-05 6.56838e-07 -0.43631 6.15548e-07 1.5708 1.43689e-08
19.522 -0.436332 -0.43631 -2.21811e-05 4.00603 6.17792e-07 -4.60192e-05 6.39528e-07 -0.43631 5.9934e-07 1.5708 1.39782e-08
19.523 -0.436332 -0.436311 -2.15813e-05 4.00611 6.01103e-07 -4.47743e-05 6.2225e-07 -0.436311 5.83162e-07 1.5708 1.35883e-08
19.524 -0.436332 -0.436311 -2.09826e-05 4.00619 5.84444e-07 -4.35316e-05 6.05003e-07 -0.436311 5.67013e-07 1.5708 1.31991e-08
19.525 -0.436332 -0.436312 -2.0385e-05 4.00628 5.67817e-07 -4.22913e-05 5.87788e-07 -0.436312 5.50894e-07 1.5708 1.28106e-08
19.526 -0.436332 -0.436313 -1.97886e-05 4.00636 5.5122e-07 -4.10533e-05 5.70606e-07 -0.436313 5.34805e-07 1.5708 1.24229e-08
19.527 -0.436332 -0.436313 -1.91932e-05 4.00645 5.34655e-07 -3.98176e-05 5.53456e-07 -0.436313 5.18747e-07 1.5708 1.20359e-08
19.528 -0.436332 -0.436314 -1.85991e-05 4.00653 5.18122e-07 -3.85844e-05 5.36339e-07 -0.436314 5.0272e-07 1.5708 1.16496e-08
19.529 -0.436332 -0.436314 -1.8006e-05 4.00661 5.01621e-07 -3.73535e-05 5.19256e-07 -0.436314 4.86724e-07 1.5708 1.12641e-08
19.53 -0.436332 -0.436315 -1.74142e-05 4.00669 4.85153e-07 -3.6125e-05 5.02206e-07 -0.436315 4.70759e-07 1.5708 1.08794e-08
19.531 -0.436332 -0.436315 -1.68235e-05 4.00678 4.68718e-07 -3.48991e-05 4.85191e-07 -0.436315 4.54827e-07 1.5708 1.04954e-08
19.532 -0.436332 -0.436316 -1.6234e-05 4.00686 4.52315e-07 -3.36755e-05 4.6821e-07 -0.436316 4.38927e-07 1.5708 1.01122e-08
19.533 -0.436332 -0.436317 -1.56458e-05 4.00694 4.35947e-07 -3.24545e-05 4.51263e-07 -0.436317 4.23059e-07 1.5708 9.72979e-09
19.534 -0.436332 -0.436317 -1.50587e-05 4.00702 4.19612e-07 -3.1236e-05 4.34352e-07 -0.436317 4.07223e-07 1.5708 9.34818e-09
19.535 -0.436332 -0.436318 -1.44729e-05 4.0071 4.03311e-07 -3.00201e-05 4.17475e-07 -0.436318 3.91421e-07 1.5708 8.96737e-09
19.536 -0.436332 -0.436318 -1.38883e-05 4.00718 3.87045e-07 -2.88067e-05 4.00635e-07 -0.436318 3.75653e-07 1.5708 8.58737e-09
19.537 -0.436332 -0.436319 -1.33049e-05 4.00726 3.70813e-07 -2.75959e-05 3.8383e-07 -0.436319 3.59918e-07 1.5708 8.20818e-09
19.538 -0.436332 -0.43632 -1.27229e-05 4.00734 3.54617e-07 -2.63877e-05 3.67062e-07 -0.43632 3.44217e-07 1.5708 7.82982e-09
19.539 -0.436332 -0.43632 -1.2142e-05 4.00742 3.38455e-07 -2.51822e-05 3.5033e-07 -0.43632 3.2855e-07 1.5708 7.45229e-09
19.54 -0.436332 -0.436321 -1.15625e-05 4.0075 3.2233e-07 -2.39793e-05 3.33636e-07 -0.436321 3.12918e-07 1.5708 7.07559e-09
19.541 -0.436332 -0.436321 -1.09843e-05 4.00758 3.0624e-07 -2.27791e-05 3.16978e-07 -0.436321 2.9732e-07 1.5708 6.69973e-09
19.542 -0.436332 -0.436322 -1.04073e-05 4.00766 2.90187e-07 -2.15816e-05 3.00358e-07 -0.436322 2.81758e-07 1.5708 6.32473e-09
19.543 -0.436332 -0.436322 -9.8317e-06 4.00774 2.74171e-07 -2.03868e-05 2.83776e-07 -0.436322 2.66231e-07 1.5708 5.95058e-09
19.544 -0.436332 -0.436323 -9.2574e-06 4.00781 2.58191e-07 -1.91948e-05 2.67232e-07 -0.436323 2.5074e-07 1.5708 5.5773e-09
19.545 -0.436332 -0.436324 -8.68444e-06 4.00789 2.42248e-07 -1.80056e-05 2.50727e-07 -0.436324 2.35285e-07 1.5708 5.20489e-09
19.546 -0.436332 -0.436324 -8.11282e-06 4.00797 2.26343e-07 -1.68191e-05 2.3426e-07 -0.436324 2.19866e-07 1.5708 4.83336e-09
19.547 -0.436332 -0.436325 -7.54255e-06 4.00805 2.10476e-07 -1.56355e-05 2.17833e-07 -0.436325 2.04484e-07 1.5708 4.46271e-09
19.548 -0.436332 -0.436325 -6.97366e-06 4.00812 1.94646e-07 -1.44547e-05 2.01444e-07 -0.436325 1.89139e-07 1.5708 4.09295e-09
19.549 -0.436332 -0.436326 -6.40614e-06 4.0082 1.78855e-07 -1.32767e-05 1.85096e-07 -0.436326 1.73831e-07 1.5708 3.7241e-09
19.55 -0.436332 -0.436326 -5.84e-06 4.00828 1.63103e-07 -1.21016e-05 1.68787e-07 -0.436326 1.5856e-07 1.5708 3.35614e-09
19.551 -0.436332 -0.436327 -5.27527e-06 4.00835 1.47389e-07 -1.09295e-05 1.52519e-07 -0.436327 1.43327e-07 1.5708 2.9891e-09
19.552 -0.436332 -0.436328 -4.71194e-06 4.00843 1.31715e-07 -9.76024e-06 1.36291e-07 -0.436328 1.28132e-07 1.5708 2.62298e-09
19.553 -0.436332 -0.436328 -4.15003e-06 4.0085 1.1608e-07 -8.59394e-06 1.20104e-07 -0.436328 1.12975e-07 1.5708 2.25779e-09
19.554 -0.436332 -0.436329 -3.58955e-06 4.00858 1.00485e-07 -7.4306e-06 1.03959e-07 -0.436329 9.78565e-08 1.5708 1.89352e-09
19.555 -0.436332 -0.436329 -3.0305e-06 4.00865 8.49295e-08 -6.27024e-06 8.78544e-08 -0.436329 8.2777e-08 1.5708 1.5302e-09
19.556 -0.436332 -0.43633 -2.47291e-06 4.00872 6.94147e-08 -5.11289e-06 7.17919e-08 -0.43633 6.77365e-08 1.5708 1.16781e-09
19.557 -0.436332 -0.43633 -1.91677e-06 4.0088 5.39404e-08 -3.95857e-06 5.57713e-08 -0.43633 5.27353e-08 1.5708 8.06382e-10
19.558 -0.436332 -0.436331 -1.3621e-06 4.00887 3.8507e-08 -2.80729e-06 3.9793e-08 -0.436331 3.77737e-08 1.5708 4.45909e-10
19.559 -0.436332 -0.436332 -8.08902e-07 4.00895 2.31147e-08 -1.65908e-06 2.38573e-08 -0.436332 2.28519e-08 1.5708 8.63985e-11
19.56 -0.436332 -0.436332 -2.57194e-07 4.00902 7.76374e-09 -5.13954e-07 7.96445e-09 -0.436332 7.97027e-09 1.5708 -2.72142e-10
19.561 -0.436332 -0.436333 2.93017e-07 4.00909 -7.54553e-09 6.28066e-07 -7.88529e-09 -0.436333 -6.87101e-09 1.5708 -6.29706e-10
19.562 -0.436332 -0.436333 8.41722e-07 4.00916 -2.28129e-08 1.76696e-06 -2.36916e-08 -0.436333 -2.16717e-08 1.5708 -9.86287e-10
19.563 -0.436332 -0.436334 1.38891e-06 4.00923 -3.8038e-08 2.90271e-06 -3.94543e-08 -0.436334 -3.64315e-08 1.5708 -1.34188e-09
19.564 -0.436332 -0.436334 1.93458e-06 4.00931 -5.32208e-08 4.03529e-06 -5.51731e-08 -0.436334 -5.11501e-08 1.5708 -1.69648e-09
19.565 -0.436332 -0.436335 2.47871e-06 4.00938 -6.83608e-08 5.16469e-06 -7.08476e-08 -0.436335 -6.58274e-08 1.5708 -2.05008e-09
19.566 -0.436332 -0.436335 3.02129e-06 4.00945 -8.34578e-08 6.29089e-06 -8.64776e-08 -0.436335 -8.0463e-08 1.5708 -2.40267e-09
19.567 -0.436332 -0.436336 3.56233e-06 4.00952 -9.85117e-08 7.41386e-06 -1.02063e-07 -0.436336 -9.50567e-08 1.5708 -2.75425e-09
19.568 -0.436332 -0.436336 4.1018e-06 4.00959 -1.13522e-07 8.53359e-06 -1.17603e-07 -0.436336 -1.09608e-07 1.5708 -3.10481e-09
19.569 -0.436332 -0.436337 4.6397e-06 4.00966 -1.28489e-07 9.65006e-06 -1.33098e-07 -0.436337 -1.24118e-07 1.5708 -3.45434e-09
19.57 -0.436332 -0.436337 5.17602e-06 4.00973 -1.43411e-07 1.07632e-05 -1.48548e-07 -0.436337 -1.38584e-07 1.5708 -3.80285e-09
19.571 -0.436332 -0.436338 5.71075e-06 4.0098 -1.5829e-07 1.18731e-05 -1.63951e-07 -0.436338 -1.53008e-07 1.5708 -4.15031e-09
19.572 -0.436332 -0.436339 6.24388e-06 4.00987 -1.73124e-07 1.29797e-05 -1.79309e-07 -0.436339 -1.67389e-07 1.5708 -4.49674e-09
19.573 -0.436332 -0.436339 6.77541e-06 4.00993 -1.87913e-07 1.40829e-05 -1.9462e-07 -0.436339 -1.81726e-07 1.5708 -4.84212e-09
19.574 -0.436332 -0.43634 7.30532e-06 4.01 -2.02657e-07 1.51828e-05 -2.09885e-07 -0.43634 -1.9602e-07 1.5708 -5.18644e-09
19.575 -0.436332 -0.43634 7.8336e-06 4.01007 -2.17356e-07 1.62793e-05 -2.25103e-07 -0.43634 -2.10269e-07 1.5708 -5.52971e-09
19.576 -0.436332 -0.436341 8.36026e-06 4.01014 -2.3201e-07 1.73725e-05 -2.40274e-07 -0.436341 -2.24475e-07 1.5708 -5.87191e-09
19.577 -0.436332 -0.436341 8.88527e-06 4.0102 -2.46618e-07 1.84622e-05 -2.55398e-07 -0.436341 -2.38637e-07 1.5708 -6.21304e-09
19.578 -0.436332 -0.436342 9.40863e-06 4.01027 -2.61179e-07 1.95485e-05 -2.70474e-07 -0.436342 -2.52754e-07 1.5708 -6.5531e-09
19.579 -0.436332 -0.436342 9.93033e-06 4.01034 -2.75695e-07 2.06313e-05 -2.85502e-07 -0.436342 -2.66826e-07 1.5708 -6.89207e-09
19.58 -0.436332 -0.436343 1.04504e-05 4.0104 -2.90165e-07 2.17107e-05 -3.00482e-07 -0.436343 -2.80854e-07 1.5708 -7.22996e-09
19.581 -0.436332 -0.436343 1.09687e-05 4.01047 -3.04587e-07 2.27866e-05 -3.15414e-07 -0.436343 -2.94836e-07 1.5708 -7.56675e-09
19.582 -0.436332 -0.436344 1.14854e-05 4.01053 -3.18963e-07 2.3859e-05 -3.30298e-07 -0.436344 -3.08772e-07 1.5708 -7.90245e-09
19.583 -0.436332 -0.436344 1.20004e-05 4.0106 -3.33292e-07 2.49279e-05 -3.45132e-07 -0.436344 -3.22664e-07 1.5708 -8.23704e-09
19.584 -0.436332 -0.436345 1.25137e-05 4.01066 -3.47574e-07 2.59933e-05 -3.59918e-07 -0.436345 -3.36509e-07 1.5708 -8.57053e-09
19.585 -0.436332 -0.436345 1.30252e-05 4.01073 -3.61807e-07 2.70552e-05 -3.74655e-07 -0.436345 -3.50308e-07 1.5708 -8.9029e-09
19.586 -0.436332 -0.436346 1.35351e-05 4.01079 -3.75994e-07 2.81134e-05 -3.89342e-07 -0.436346 -3.64061e-07 1.57079 -9.23415e-09
19.587 -0.436332 -0.436346 1.40432e-05 4.01085 -3.90132e-07 2.91681e-05 -4.03979e-07 -0.436346 -3.77767e-07 1.57079 -9.56428e-09
19.588 -0.436332 -0.436347 1.45496e-05 4.01092 -4.04222e-07 3.02192e-05 -4.18566e-07 -0.436347 -3.91427e-07 1.57079 -9.89328e-09
19.589 -0.436332 -0.436347 1.50543e-05 4.01098 -4.18263e-07 3.12667e-05 -4.33104e-07 -0.436347 -4.05039e-07 1.57079 -1.02211e-08
19.59 -0.436332 -0.436348 1.55572e-05 4.01104 -4.32256e-07 3.23105e-05 -4.47591e-07 -0.436348 -4.18605e-07 1.57079 -1.05479e-08
19.591 -0.436332 -0.436348 1.60584e-05 4.0111 -4.462e-07 3.33508e-05 -4.62027e-07 -0.436348 -4.32123e-07 1.57079 -1.08735e-08
19.592 -0.436332 -0.436349 1.65578e-05 4.01117 -4.60095e-07 3.43873e-05 -4.76413e-07 -0.436349 -4.45594e-07 1.57079 -1.11979e-08
19.593 -0.436332 -0.436349 1.70554e-05 4.01123 -4.73941e-07 3.54202e-05 -4.90747e-07 -0.436349 -4.59017e-07 1.57079 -1.15212e-08
19.594 -0.436332 -0.43635 1.75513e-05 4.01129 -4.87737e-07 3.64494e-05 -5.05031e-07 -0.43635 -4.72392e-07 1.57079 -1.18433e-08
19.595 -0.436332 -0.43635 1.80453e-05 4.01135 -5.01484e-07 3.74749e-05 -5.19263e-07 -0.43635 -4.85719e-07 1.57079 -1.21643e-08
19.596 -0.436332 -0.436351 1.85376e-05 4.01141 -5.1518e-07 3.84966e-05 -5.33443e-07 -0.436351 -4.98997e-07 1.57079 -1.24841e-08
19.597 -0.436332 -0.436351 1.90281e-05 4.01147 -5.28827e-07 3.95146e-05 -5.47571e-07 -0.436351 -5.12227e-07 1.57079 -1.28027e-08
19.598 -0.436332 -0.436352 1.95167e-05 4.01153 -5.42423e-07 4.05289e-05 -5.61647e-07 -0.436352 -5.25408e-07 1.57079 -1.31201e-08
19.599 -0.436332 -0.436352 2.00036e-05 4.01159 -5.55969e-07 4.15394e-05 -5.75671e-07 -0.436352 -5.3854e-07 1.57079 -1.34364e-08
19.6 -0.436332 -0.436353 2.04886e-05 4.01165 -5.69464e-07 4.25462e-05 -5.89643e-07 -0.436353 -5.51623e-07 1.57079 -1.37514e-08
19.601 -0.436332 -0.436353 2.09718e-05 4.01171 -5.82908e-07 4.35491e-05 -6.03562e-07 -0.436353 -5.64657e-07 1.57079 -1.40653e-08
19.602 -0.436332 -0.436354 2.14532e-05 4.01176 -5.96301e-07 4.45482e-05 -6.17428e-07 -0.436354 -5.77641e-07 1.57079 -1.4378e-08
19.603 -0.436332 -0.436354 2.19327e-05 4.01182 -6.09643e-07 4.55435e-05 -6.31241e-07 -0.436354 -5.90576e-07 1.57079 -1.46895e-08
19.604 -0.436332 -0.436355 2.24104e-05 4.01188 -6.22933e-07 4.6535e-05 -6.45e-07 -0.436355 -6.0346e-07 1.57079 -1.49998e-08
19.605 -0.436332 -0.436355 2.28862e-05 4.01194 -6.36172e-07 4.75226e-05 -6.58706e-07 -0.436355 -6.16295e-07 1.57079 -1.53088e-08
19.606 -0.436332 -0.436356 2.33601e-05 4.01199 -6.49359e-07 4.85063e-05 -6.72359e-07 -0.436356 -6.29079e-07 1.57079 -1.56167e-08
19.607 -0.436332 -0.436356 2.38322e-05 4.01205 -6.62493e-07 4.94862e-05 -6.85957e-07 -0.436356 -6.41813e-07 1.57079 -1.59233e-08
19.608 -0.436332 -0.436357 2.43024e-05 4.01211 -6.75576e-07 5.04621e-05 -6.99502e-07 -0.436357 -6.54496e-07 1.57079 -1.62287e-08
19.609 -0.436332 -0.436357 2.47707e-05 4.01216 -6.88606e-07 5.14342e-05 -7.12992e-07 -0.436357 -6.67129e-07 1.57079 -1.65329e-08
19.61 -0.436332 -0.436358 2.52372e-05 4.01222 -7.01584e-07 5.24023e-05 -7.26428e-07 -0.436358 -6.7971e-07 1.57079 -1.68359e-08
19.611 -0.436332 -0.436358 2.57017e-05 4.01227 -7.14508e-07 5.33665e-05 -7.39809e-07 -0.436358 -6.92241e-07 1.57079 -1.71376e-08
19.612 -0.436332 -0.436358 2.61643e-05 4.01233 -7.2738e-07 5.43268e-05 -7.53135e-07 -0.436358 -7.0472e-07 1.57079 -1.74381e-08
19.613 -0.436332 -0.436359 2.66251e-05 4.01238 -7.40199e-07 5.52831e-05 -7.66407e-07 -0.436359 -7.17147e-07 1.57079 -1.77373e-08
19.614 -0.436332 -0.436359 2.70839e-05 4.01243 -7.52964e-07 5.62354e-05 -7.79623e-07 -0.436359 -7.29523e-07 1.57079 -1.80353e-08
19.615 -0.436332 -0.43636 2.75408e-05 4.01249 -7.65676e-07 5.71837e-05 -7.92784e-07 -0.43636 -7.41847e-07 1.57079 -1.83321e-08
19.616 -0.436332 -0.43636 2.79957e-05 4.01254 -7.78335e-07 5.8128e-05 -8.05889e-07 -0.43636 -7.5412e-07 1.57079 -1.86276e-08
19.617 -0.436332 -0.436361 2.84488e-05 4.01259 -7.90939e-07 5.90683e-05 -8.18939e-07 -0.436361 -7.6634e-07 1.57079 -1.89218e-08
19.618 -0.436332 -0.436361 2.88999e-05 4.01264 -8.0349e-07 6.00046e-05 -8.31933e-07 -0.436361 -7.78507e-07 1.57079 -1.92148e-08
19.619 -0.436332 -0.436362 2.9349e-05 4.0127 -8.15987e-07 6.09369e-05 -8.4487e-07 -0.436362 -7.90623e-07 1.57079 -1.95065e-08
19.62 -0.436332 -0.436362 2.97962e-05 4.01275 -8.28429e-07 6.18651e-05 -8.57752e-07 -0.436362 -8.02685e-07 1.57079 -1.97969e-08
19.621 -0.436332 -0.436363 3.02414e-05 4.0128 -8.40817e-07 6.27893e-05 -8.70577e-07 -0.436363 -8.14695e-07 1.57079 -2.0086e-08
19.622 -0.436332 -0.436363 3.06847e-05 4.01285 -8.5315e-07 6.37093e-05 -8.83346e-07 -0.436363 -8.26652e-07 1.57079 -2.03739e-08
19.623 -0.436332 -0.436363 3.1126e-05 4.0129 -8.65428e-07 6.46253e-05 -8.96058e-07 -0.436363 -8.38556e-07 1.57079 -2.06605e-08
19.624 -0.436332 -0.436364 3.15654e-05 4.01295 -8.77652e-07 6.55372e-05 -9.08713e-07 -0.436364 -8.50407e-07 1.57079 -2.09458e-08
19.625 -0.436332 -0.436364 3.20027e-05 4.013 -8.8982e-07 6.6445e-05 -9.21311e-07 -0.436364 -8.62204e-07 1.57079 -2.12299e-08
19.626 -0.436332 -0.436365 3.24381e-05 4.01305 -9.01934e-07 6.73487e-05 -9.33852e-07 -0.436365 -8.73948e-07 1.57079 -2.15126e-08
19.627 -0.436332 -0.436365 3.28715e-05 4.0131 -9.13991e-07 6.82482e-05 -9.46336e-07 -0.436365 -8.85638e-07 1.57079 -2.1794e-08
19.628 -0.436332 -0.436366 3.33029e-05 4.01315 -9.25994e-07 6.91436e-05 -9.58762e-07 -0.436366 -8.97274e-07 1.57079 -2.20742e-08
19.629 -0.436332 -0.436366 3.37323e-05 4.0132 -9.37941e-07 7.00349e-05 -9.71131e-07 -0.436366 -9.08857e-07 1.57079 -2.2353e-08
19.63 -0.436332 -0.436366 3.41597e-05 4.01324 -9.49831e-07 7.0922e-05 -9.83442e-07 -0.436366 -9.20385e-07 1.57079 -2.26305e-08
19.631 -0.436332 -0.436367 3.45851e-05 4.01329 -9.61666e-07 7.18049e-05 -9.95694e-07 -0.436367 -9.31859e-07 1.57079 -2.29068e-08
19.632 -0.436332 -0.436367 3.50084e-05 4.01334 -9.73445e-07 7.26836e-05 -1.00789e-06 -0.436367 -9.43279e-07 1.57079 -2.31817e-08
19.633 -0.436332 -0.436368 3.54298e-05 4.01338 -9.85168e-07 7.35582e-05 -1.02003e-06 -0.436368 -9.54644e-07 1.57079 -2.34553e-08
19.634 -0.436332 -0.436368 3.58491e-05 4.01343 -9.96834e-07 7.44285e-05 -1.0321e-06 -0.436368 -9.65955e-07 1.57079 -2.37275e-08
19.635 -0.436332 -0.436369 3.62664e-05 4.01348 -1.00844e-06 7.52946e-05 -1.04412e-06 -0.436369 -9.7721e-07 1.57079 -2.39985e-08
19.636 -0.436332 -0.436369 3.66816e-05 4.01352 -1.02e-06 7.61565e-05 -1.05609e-06 -0.436369 -9.88411e-07 1.57079 -2.42681e-08
19.637 -0.436332 -0.436369 3.70948e-05 4.01357 -1.03149e-06 7.70142e-05 -1.06799e-06 -0.436369 -9.99557e-07 1.57079 -2.45364e-08
19.638 -0.436332 -0.43637 3.7506e-05 4.01361 -1.04293e-06 7.78676e-05 -1.07983e-06 -0.43637 -1.01065e-06 1.57079 -2.48034e-08
19.639 -0.436332 -0.43637 3.79151e-05 4.01366 -1.05432e-06 7.87168e-05 -1.09162e-06 -0.43637 -1.02168e-06 1.57079 -2.5069e-08
19.64 -0.436332 -0.436371 3.83222e-05 4.0137 -1.06564e-06 7.95617e-05 -1.10334e-06 -0.436371 -1.03266e-06 1.57079 -2.53333e-08
19.641 -0.436332 -0.436371 3.87272e-05 4.01375 -1.07691e-06 8.04024e-05 -1.11501e-06 -0.436371 -1.04359e-06 1.57079 -2.55963e-08
19.642 -0.436332 -0.436371 3.91301e-05 4.01379 -1.08812e-06 8.12387e-05 -1.12661e-06 -0.436371 -1.05446e-06 1.57079 -2.58579e-08
19.643 -0.436332 -0.436372 3.9531e-05 4.01383 -1.09927e-06 8.20708e-05 -1.13816e-06 -0.436372 -1.06527e-06 1.57079 -2.61182e-08
19.644 -0.436332 -0.436372 3.99298e-05 4.01387 -1.11037e-06 8.28985e-05 -1.14965e-06 -0.436372 -1.07603e-06 1.57079 -2.63771e-08
19.645 -0.436332 -0.436373 4.03265e-05 4.01392 -1.12141e-06 8.3722e-05 -1.16108e-06 -0.436373 -1.08673e-06 1.57079 -2.66347e-08
19.646 -0.436332 -0.436373 4.07212e-05 4.01396 -1.13239e-06 8.45411e-05 -1.17244e-06 -0.436373 -1.09737e-06 1.57079 -2.68909e-08
19.647 -0.436332 -0.436373 4.11137e-05 4.014 -1.14331e-06 8.5356e-05 -1.18375e-06 -0.436373 -1.10796e-06 1.57079 -2.71458e-08
19.648 -0.436332 -0.436374 4.15042e-05 4.01404 -1.15417e-06 8.61664e-05 -1.195e-06 -0.436374 -1.1185e-06 1.57079 -2.73993e-08
19.649 -0.436332 -0.436374 4.18926e-05 4.01408 -1.16498e-06 8.69726e-05 -1.20618e-06 -0.436374 -1.12897e-06 1.57079 -2.76514e-08
19.65 -0.436332 -0.436375 4.22789e-05 4.01412 -1.17572e-06 8.77744e-05 -1.21731e-06 -0.436375 -1.13939e-06 1.57079 -2.79022e-08
19.651 -0.436332 -0.436375 4.26631e-05 4.01416 -1.18641e-06 8.85718e-05 -1.22838e-06 -0.436375 -1.14976e-06 1.57079 -2.81516e-08
19.652 -0.436332 -0.436375 4.30452e-05 4.0142 -1.19704e-06 8.93649e-05 -1.23938e-06 -0.436375 -1.16006e-06 1.57079 -2.83997e-08
19.653 -0.436332 -0.436376 4.34252e-05 4.01424 -1.20762e-06 9.01536e-05 -1.25033e-06 -0.436376 -1.17031e-06 1.57079 -2.86463e-08
19.654 -0.436332 -0.436376 4.3803e-05 4.01428 -1.21813e-06 9.09379e-05 -1.26121e-06 -0.436376 -1.1805e-06 1.57079 -2.88916e-08
19.655 -0.436332 -0.436376 4.41788e-05 4.01432 -1.22858e-06 9.17178e-05 -1.27204e-06 -0.436376 -1.19064e-06 1.57079 -2.91356e-08
19.656 -0.436332 -0.436377 4.45524e-05 4.01436 -1.23898e-06 9.24934e-05 -1.2828e-06 -0.436377 -1.20072e-06 1.57079 -2.93781e-08
19.657 -0.436332 -0.436377 4.4924e-05 4.01439 -1.24931e-06 9.32645e-05 -1.2935e-06 -0.436377 -1.21074e-06 1.57079 -2.96193e-08
19.658 -0.436332 -0.436378 4.52933e-05 4.01443 -1.25959e-06 9.40312e-05 -1.30414e-06 -0.436378 -1.2207e-06 1.57079 -2.98591e-08
19.659 -0.436332 -0.436378 4.56606e-05 4.01447 -1.26981e-06 9.47935e-05 -1.31472e-06 -0.436378 -1.23061e-06 1.57079 -3.00975e-08
19.66 -0.436332 -0.436378 4.60257e-05 4.01451 -1.27997e-06 9.55514e-05 -1.32524e-06 -0.436378 -1.24046e-06 1.57079 -3.03345e-08
19.661 -0.436332 -0.436379 4.63887e-05 4.01454 -1.29007e-06 9.63048e-05 -1.33569e-06 -0.436379 -1.25025e-06 1.57079 -3.05701e-08
19.662 -0.436332 -0.436379 4.67496e-05 4.01458 -1.30011e-06 9.70538e-05 -1.34609e-06 -0.436379 -1.25998e-06 1.57079 -3.08043e-08
19.663 -0.436332 -0.436379 4.71083e-05 4.01461 -1.31009e-06 9.77984e-05 -1.35642e-06 -0.436379 -1.26966e-06 1.57079 -3.10372e-08
19.664 -0.436332 -0.43638 4.74649e-05 4.01465 -1.32001e-06 9.85385e-05 -1.36669e-06 -0.43638 -1.27928e-06 1.57079 -3.12686e-08
19.665 -0.436332 -0.43638 4.78193e-05 4.01468 -1.32987e-06 9.92742e-05 -1.3769e-06 -0.43638 -1.28884e-06 1.57079 -3.14987e-08
19.666 -0.436332 -0.43638 4.81716e-05 4.01472 -1.33967e-06 0.000100005 -1.38704e-06 -0.43638 -1.29834e-06 1.57079 -3.17273e-08
19.667 -0.436332 -0.436381 4.85217e-05 4.01475 -1.34941e-06 0.000100732 -1.39713e-06 -0.436381 -1.30779e-06 1.57079 -3.19546e-08
19.668 -0.436332 -0.436381 4.88697e-05 4.01479 -1.35909e-06 0.000101454 -1.40715e-06 -0.436381 -1.31717e-06 1.57079 -3.21804e-08
19.669 -0.436332 -0.436382 4.92155e-05 4.01482 -1.36871e-06 0.000102172 -1.41711e-06 -0.436382 -1.3265e-06 1.57079 -3.24049e-08
19.67 -0.436332 -0.436382 4.95592e-05 4.01485 -1.37827e-06 0.000102885 -1.42701e-06 -0.436382 -1.33577e-06 1.57079 -3.26279e-08
19.671 -0.436332 -0.436382 4.99007e-05 4.01489 -1.38777e-06 0.000103594 -1.43685e-06 -0.436382 -1.34498e-06 1.57079 -3.28495e-08
19.672 -0.436332 -0.436383 5.024e-05 4.01492 -1.39721e-06 0.000104299 -1.44662e-06 -0.436383 -1.35413e-06 1.57079 -3.30697e-08
19.673 -0.436332 -0.436383 5.05771e-05 4.01495 -1.40659e-06 0.000104998 -1.45633e-06 -0.436383 -1.36323e-06 1.57079 -3.32886e-08
19.674 -0.436332 -0.436383 5.09121e-05 4.01498 -1.41591e-06 0.000105694 -1.46598e-06 -0.436383 -1.37226e-06 1.57079 -3.3506e-08
19.675 -0.436332 -0.436384 5.12449e-05 4.01501 -1.42517e-06 0.000106384 -1.47557e-06 -0.436384 -1.38124e-06 1.57079 -3.37219e-08
19.676 -0.436332 -0.436384 5.15755e-05 4.01504 -1.43437e-06 0.000107071 -1.48509e-06 -0.436384 -1.39016e-06 1.57079 -3.39365e-08
19.677 -0.436332 -0.436384 5.1904e-05 4.01507 -1.44351e-06 0.000107752 -1.49455e-06 -0.436384 -1.39902e-06 1.57079 -3.41497e-08
19.678 -0.436332 -0.436385 5.22303e-05 4.0151 -1.45258e-06 0.00010843 -1.50395e-06 -0.436385 -1.40782e-06 1.57079 -3.43614e-08
19.679 -0.436332 -0.436385 5.25544e-05 4.01513 -1.4616e-06 0.000109102 -1.51328e-06 -0.436385 -1.41656e-06 1.57079 -3.45717e-08
19.68 -0.436332 -0.436385 5.28763e-05 4.01516 -1.47055e-06 0.00010977 -1.52255e-06 -0.436385 -1.42524e-06 1.57079 -3.47806e-08
19.681 -0.436332 -0.436386 5.3196e-05 4.01519 -1.47945e-06 0.000110434 -1.53176e-06 -0.436386 -1.43387e-06 1.57079 -3.49881e-08
19.682 -0.436332 -0.436386 5.35135e-05 4.01522 -1.48828e-06 0.000111093 -1.54091e-06 -0.436386 -1.44243e-06 1.57079 -3.51941e-08
19.683 -0.436332 -0.436386 5.38289e-05 4.01525 -1.49706e-06 0.000111748 -1.54999e-06 -0.436386 -1.45094e-06 1.57079 -3.53988e-08
19.684 -0.436332 -0.436386 5.4142e-05 4.01528 -1.50577e-06 0.000112398 -1.55901e-06 -0.436386 -1.45939e-06 1.57079 -3.5602e-08
19.685 -0.436332 -0.436387 5.4453e-05 4.0153 -1.51442e-06 0.000113043 -1.56797e-06 -0.436387 -1.46777e-06 1.57079 -3.58037e-08
19.686 -0.436332 -0.436387 5.47617e-05 4.01533 -1.52301e-06 0.000113684 -1.57686e-06 -0.436387 -1.4761e-06 1.57079 -3.60041e-08
19.687 -0.436332 -0.436387 5.50683e-05 4.01536 -1.53154e-06 0.00011432 -1.58569e-06 -0.436387 -1.48437e-06 1.57079 -3.6203e-08
19.688 -0.436332 -0.436388 5.53727e-05 4.01538 -1.54001e-06 0.000114952 -1.59446e-06 -0.436388 -1.49258e-06 1.57079 -3.64005e-08
19.689 -0.436332 -0.436388 5.56748e-05 4.01541 -1.54841e-06 0.000115579 -1.60316e-06 -0.436388 -1.50073e-06 1.57079 -3.65965e-08
19.69 -0.436332 -0.436388 5.59748e-05 4.01544 -1.55676e-06 0.000116202 -1.6118e-06 -0.436388 -1.50882e-06 1.57079 -3.67911e-08
19.691 -0.436332 -0.436389 5.62725e-05 4.01546 -1.56504e-06 0.00011682 -1.62038e-06 -0.436389 -1.51686e-06 1.57079 -3.69843e-08
19.692 -0.436332 -0.436389 5.65681e-05 4.01549 -1.57326e-06 0.000117433 -1.62889e-06 -0.436389 -1.52483e-06 1.57079 -3.71761e-08
19.693 -0.436332 -0.436389 5.68614e-05 4.01551 -1.58142e-06 0.000118042 -1.63734e-06 -0.436389 -1.53274e-06 1.57079 -3.73664e-08
19.694 -0.436332 -0.436389 5.71526e-05 4.01553 -1.58952e-06 0.000118646 -1.64572e-06 -0.436389 -1.54059e-06 1.57079 -3.75553e-08
19.695 -0.436332 -0.43639 5.74415e-05 4.01556 -1.59756e-06 0.000119246 -1.65405e-06 -0.43639 -1.54839e-06 1.57079 -3.77427e-08
19.696 -0.436332 -0.43639 5.77282e-05 4.01558 -1.60554e-06 0.000119841 -1.6623e-06 -0.43639 -1.55612e-06 1.57079 -3.79288e-08
19.697 -0.436332 -0.43639 5.80127e-05 4.0156 -1.61345e-06 0.000120432 -1.6705e-06 -0.43639 -1.5638e-06 1.57079 -3.81133e-08
19.698 -0.436332 -0.436391 5.8295e-05 4.01563 -1.62131e-06 0.000121018 -1.67863e-06 -0.436391 -1.57141e-06 1.57079 -3.82965e-08
19.699 -0.436332 -0.436391 5.85751e-05 4.01565 -1.6291e-06 0.000121599 -1.6867e-06 -0.436391 -1.57896e-06 1.57079 -3.84782e-08
19.7 -0.436332 -0.436391 5.8853e-05 4.01567 -1.63683e-06 0.000122176 -1.6947e-06 -0.436391 -1.58646e-06 1.57079 -3.86584e-08
19.701 -0.436332 -0.436391 5.91286e-05 4.01569 -1.6445e-06 0.000122748 -1.70264e-06 -0.436391 -1.5939e-06 1.57079 -3.88372e-08
19.702 -0.436332 -0.436392 5.94021e-05 4.01571 -1.6521e-06 0.000123316 -1.71051e-06 -0.436392 -1.60127e-06 1.57079 -3.90146e-08
19.703 -0.436332 -0.436392 5.96733e-05 4.01574 -1.65965e-06 0.000123879 -1.71833e-06 -0.436392 -1.60859e-06 1.57079 -3.91906e-08
19.704 -0.436332 -0.436392 5.99423e-05 4.01576 -1.66713e-06 0.000124437 -1.72607e-06 -0.436392 -1.61584e-06 1.57079 -3.93651e-08
19.705 -0.436332 -0.436393 6.02091e-05 4.01578 -1.67455e-06 0.000124991 -1.73376e-06 -0.436393 -1.62304e-06 1.57079 -3.95381e-08
19.706 -0.436332 -0.436393 6.04737e-05 4.0158 -1.68191e-06 0.00012554 -1.74138e-06 -0.436393 -1.63018e-06 1.57079 -3.97097e-08
19.707 -0.436332 -0.436393 6.0736e-05 4.01582 -1.68921e-06 0.000126084 -1.74894e-06 -0.436393 -1.63725e-06 1.57079 -3.98799e-08
19.708 -0.436332 -0.436393 6.09961e-05 4.01583 -1.69645e-06 0.000126624 -1.75643e-06 -0.436393 -1.64427e-06 1.57079 -4.00486e-08
19.709 -0.436332 -0.436394 6.12541e-05 4.01585 -1.70362e-06 0.00012716 -1.76386e-06 -0.436394 -1.65123e-06 1.57079 -4.02159e-08
19.71 -0.436332 -0.436394 6.15098e-05 4.01587 -1.71074e-06 0.00012769 -1.77122e-06 -0.436394 -1.65812e-06 1.57079 -4.03818e-08
19.711 -0.436332 -0.436394 6.17632e-05 4.01589 -1.71779e-06 0.000128216 -1.77852e-06 -0.436394 -1.66496e-06 1.57079 -4.05462e-08
19.712 -0.436332 -0.436394 6.20145e-05 4.01591 -1.72478e-06 0.000128738 -1.78576e-06 -0.436394 -1.67174e-06 1.57079 -4.07091e-08
19.713 -0.436332 -0.436395 6.22635e-05 4.01592 -1.73171e-06 0.000129255 -1.79293e-06 -0.436395 -1.67846e-06 1.57079 -4.08706e-08
19.714 -0.436332 -0.436395 6.25103e-05 4.01594 -1.73857e-06 0.000129767 -1.80004e-06 -0.436395 -1.68511e-06 1.57079 -4.10307e-08
19.715 -0.436332 -0.436395 6.27549e-05 4.01596 -1.74538e-06 0.000130275 -1.80708e-06 -0.436395 -1.69171e-06 1.57079 -4.11893e-08
19.716 -0.436332 -0.436395 6.29973e-05 4.01597 -1.75212e-06 0.000130778 -1.81406e-06 -0.436395 -1.69825e-06 1.57079 -4.13465e-08
19.717 -0.436332 -0.436396 6.32374e-05 4.01599 -1.7588e-06 0.000131276 -1.82098e-06 -0.436396 -1.70473e-06 1.57079 -4.15023e-08
19.718 -0.436332 -0.436396 6.34754e-05 4.01601 -1.76542e-06 0.00013177 -1.82783e-06 -0.436396 -1.71115e-06 1.57079 -4.16565e-08
19.719 -0.436332 -0.436396 6.37111e-05 4.01602 -1.77198e-06 0.000132259 -1.83462e-06 -0.436396 -1.7175e-06 1.57079 -4.18094e-08
19.72 -0.436332 -0.436396 6.39446e-05 4.01604 -1.77847e-06 0.000132744 -1.84135e-06 -0.436396 -1.7238e-06 1.57079 -4.19608e-08
19.721 -0.436332 -0.436396 6.41758e-05 4.01605 -1.78491e-06 0.000133224 -1.84801e-06 -0.436396 -1.73004e-06 1.57079 -4.21108e-08
19.722 -0.436332 -0.436397 6.44049e-05 4.01607 -1.79128e-06 0.0001337 -1.85461e-06 -0.436397 -1.73622e-06 1.57079 -4.22593e-08
19.723 -0.436332 -0.436397 6.46317e-05 4.01608 -1.79759e-06 0.00013417 -1.86114e-06 -0.436397 -1.74234e-06 1.57079 -4.24064e-08
19.724 -0.436332 -0.436397 6.48563e-05 4.01609 -1.80384e-06 0.000134637 -1.86761e-06 -0.436397 -1.7484e-06 1.57079 -4.2552e-08
19.725 -0.436332 -0.436397 6.50787e-05 4.01611 -1.81002e-06 0.000135098 -1.87401e-06 -0.436397 -1.75439e-06 1.57079 -4.26962e-08
19.726 -0.436332 -0.436398 6.52989e-05 4.01612 -1.81615e-06 0.000135555 -1.88035e-06 -0.436398 -1.76033e-06 1.57079 -4.2839e-08
19.727 -0.436332 -0.436398 6.55169e-05 4.01613 -1.82221e-06 0.000136008 -1.88663e-06 -0.436398 -1.76621e-06 1.57079 -4.29803e-08
19.728 -0.436332 -0.436398 6.57326e-05 4.01614 -1.82821e-06 0.000136455 -1.89284e-06 -0.436398 -1.77203e-06 1.57079 -4.31202e-08
19.729 -0.436332 -0.436398 6.59461e-05 4.01616 -1.83415e-06 0.000136899 -1.89899e-06 -0.436398 -1.77779e-06 1.57079 -4.32586e-08
19.73 -0.436332 -0.436398 6.61575e-05 4.01617 -1.84003e-06 0.000137337 -1.90508e-06 -0.436398 -1.78349e-06 1.57079 -4.33956e-08
19.731 -0.436332 -0.436399 6.63666e-05 4.01618 -1.84585e-06 0.000137771 -1.9111e-06 -0.436399 -1.78913e-06 1.57079 -4.35312e-08
19.732 -0.436332 -0.436399 6.65734e-05 4.01619 -1.8516e-06 0.000138201 -1.91706e-06 -0.436399 -1.79471e-06 1.57079 -4.36653e-08
19.733 -0.436332 -0.436399 6.67781e-05 4.0162 -1.8573e-06 0.000138626 -1.92296e-06 -0.436399 -1.80023e-06 1.57079 -4.3798e-08
19.734 -0.436332 -0.436399 6.69806e-05 4.01621 -1.86293e-06 0.000139046 -1.92879e-06 -0.436399 -1.80569e-06 1.57079 -4.39292e-08
19.735 -0.436332 -0.436399 6.71808e-05 4.01622 -1.8685e-06 0.000139461 -1.93455e-06 -0.436399 -1.8111e-06 1.57079 -4.40591e-08
19.736 -0.436332 -0.4364 6.73789e-05 4.01623 -1.87401e-06 0.000139872 -1.94026e-06 -0.4364 -1.81644e-06 1.57079 -4.41874e-08
19.737 -0.436332 -0.4364 6.75747e-05 4.01624 -1.87946e-06 0.000140279 -1.9459e-06 -0.4364 -1.82172e-06 1.57079 -4.43144e-08
19.738 -0.436332 -0.4364 6.77683e-05 4.01625 -1.88484e-06 0.000140681 -1.95147e-06 -0.4364 -1.82694e-06 1.57079 -4.44399e-08
19.739 -0.436332 -0.4364 6.79598e-05 4.01625 -1.89017e-06 0.000141078 -1.95699e-06 -0.4364 -1.83211e-06 1.57079 -4.45639e-08
19.74 -0.436332 -0.4364 6.8149e-05 4.01626 -1.89543e-06 0.000141471 -1.96244e-06 -0.4364 -1.83721e-06 1.57079 -4.46866e-08
19.741 -0.436332 -0.436401 6.8336e-05 4.01627 -1.90063e-06 0.000141859 -1.96782e-06 -0.436401 -1.84226e-06 1.57079 -4.48078e-08
19.742 -0.436332 -0.436401 6.85208e-05 4.01628 -1.90577e-06 0.000142243 -1.97315e-06 -0.436401 -1.84724e-06 1.57079 -4.49276e-08
19.743 -0.436332 -0.436401 6.87034e-05 4.01628 -1.91085e-06 0.000142622 -1.9784e-06 -0.436401 -1.85217e-06 1.57079 -4.50459e-08
19.744 -0.436332 -0.436401 6.88838e-05 4.01629 -1.91587e-06 0.000142996 -1.9836e-06 -0.436401 -1.85703e-06 1.57079 -4.51628e-08
19.745 -0.436332 -0.436401 6.9062e-05 4.0163 -1.92083e-06 0.000143366 -1.98873e-06 -0.436401 -1.86184e-06 1.57079 -4.52783e-08
19.746 -0.436332 -0.436402 6.9238e-05 4.0163 -1.92573e-06 0.000143731 -1.9938e-06 -0.436402 -1.86659e-06 1.57079 -4.53924e-08
19.747 -0.436332 -0.436402 6.94119e-05 4.01631 -1.93056e-06 0.000144092 -1.99881e-06 -0.436402 -1.87128e-06 1.57079 -4.5505e-08
19.748 -0.436332 -0.436402 6.95835e-05 4.01631 -1.93534e-06 0.000144448 -2.00375e-06 -0.436402 -1.87591e-06 1.57079 -4.56163e-08
19.749 -0.436332 -0.436402 6.97529e-05 4.01632 -1.94005e-06 0.0001448 -2.00863e-06 -0.436402 -1.88048e-06 1.57079 -4.5726e-08
19.75 -0.436332 -0.436402 6.99202e-05 4.01632 -1.9447e-06 0.000145147 -2.01345e-06 -0.436402 -1.88499e-06 1.57079 -4.58344e-08
19.751 -0.436332 -0.436402 7.00853e-05 4.01633 -1.94929e-06 0.00014549 -2.0182e-06 -0.436402 -1.88944e-06 1.57079 -4.59414e-08
19.752 -0.436332 -0.436403 7.02481e-05 4.01633 -1.95382e-06 0.000145828 -2.02289e-06 -0.436403 -1.89383e-06 1.57079 -4.60469e-08
19.753 -0.436332 -0.436403 7.04088e-05 4.01634 -1.95829e-06 0.000146162 -2.02752e-06 -0.436403 -1.89817e-06 1.57079 -4.6151e-08
19.754 -0.436332 -0.436403 7.05673e-05 4.01634 -1.9627e-06 0.000146491 -2.03209e-06 -0.436403 -1.90244e-06 1.57079 -4.62537e-08
19.755 -0.436332 -0.436403 7.07237e-05 4.01634 -1.96705e-06 0.000146815 -2.03659e-06 -0.436403 -1.90666e-06 1.57079 -4.6355e-08
19.756 -0.436332 -0.436403 7.08778e-05 4.01634 -1.97134e-06 0.000147135 -2.04103e-06 -0.436403 -1.91082e-06 1.57079 -4.64548e-08
19.757 -0.436332 -0.436403 7.10298e-05 4.01635 -1.97557e-06 0.00014745 -2.0454e-06 -0.436403 -1.91492e-06 1.57079 -4.65533e-08
19.758 -0.436332 -0.436403 7.11796e-05 4.01635 -1.97973e-06 0.000147761 -2.04972e-06 -0.436403 -1.91896e-06 1.57079 -4.66503e-08
19.759 -0.436332 -0.436404 7.13272e-05 4.01635 -1.98384e-06 0.000148068 -2.05397e-06 -0.436404 -1.92294e-06 1.57079 -4.6746e-08
19.76 -0.436332 -0.436404 7.14727e-05 4.01635 -1.98789e-06 0.00014837 -2.05816e-06 -0.436404 -1.92687e-06 1.57079 -4.68402e-08
19.761 -0.436332 -0.436404 7.1616e-05 4.01635 -1.99187e-06 0.000148667 -2.06229e-06 -0.436404 -1.93073e-06 1.57079 -4.6933e-08
19.762 -0.436332 -0.436404 7.17572e-05 4.01635 -1.9958e-06 0.00014896 -2.06635e-06 -0.436404 -1.93454e-06 1.57079 -4.70244e-08
19.763 -0.436332 -0.436404 7.18961e-05 4.01635 -1.99966e-06 0.000149249 -2.07035e-06 -0.436404 -1.93829e-06 1.57079 -4.71144e-08
19.764 -0.436332 -0.436404 7.20329e-05 4.01636 -2.00347e-06 0.000149533 -2.07429e-06 -0.436404 -1.94198e-06 1.57079 -4.7203e-08
19.765 -0.436332 -0.436404 7.21676e-05 4.01635 -2.00722e-06 0.000149812 -2.07817e-06 -0.436404 -1.94561e-06 1.57079 -4.72902e-08
19.766 -0.436332 -0.436405 7.23001e-05 4.01635 -2.0109e-06 0.000150087 -2.08199e-06 -0.436405 -1.94918e-06 1.57079 -4.7376e-08
19.767 -0.436332 -0.436405 7.24305e-05 4.01635 -2.01453e-06 0.000150358 -2.08574e-06 -0.436405 -1.9527e-06 1.57079 -4.74604e-08
19.768 -0.436332 -0.436405 7.25587e-05 4.01635 -2.01809e-06 0.000150624 -2.08943e-06 -0.436405 -1.95616e-06 1.57079 -4.75434e-08
19.769 -0.436332 -0.436405 7.26847e-05 4.01635 -2.0216e-06 0.000150885 -2.09306e-06 -0.436405 -1.95956e-06 1.57079 -4.7625e-08
19.77 -0.436332 -0.436405 7.28086e-05 4.01635 -2.02505e-06 0.000151143 -2.09663e-06 -0.436405 -1.9629e-06 1.57079 -4.77052e-08
19.771 -0.436332 -0.436405 7.29304e-05 4.01635 -2.02843e-06 0.000151395 -2.10014e-06 -0.436405 -1.96619e-06 1.57079 -4.77841e-08
19.772 -0.436332 -0.436405 7.305e-05 4.01634 -2.03176e-06 0.000151644 -2.10358e-06 -0.436405 -1.96941e-06 1.57079 -4.78615e-08
19.773 -0.436332 -0.436405 7.31675e-05 4.01634 -2.03503e-06 0.000151888 -2.10697e-06 -0.436405 -1.97258e-06 1.57079 -4.79376e-08
19.774 -0.436332 -0.436406 7.32829e-05 4.01634 -2.03824e-06 0.000152127 -2.11029e-06 -0.436406 -1.9757e-06 1.57079 -4.80122e-08
19.775 -0.436332 -0.436406 7.33962e-05 4.01634 -2.04139e-06 0.000152362 -2.11355e-06 -0.436406 -1.97875e-06 1.57079 -4.80855e-08
19.776 -0.436332 -0.436406 7.35073e-05 4.01633 -2.04448e-06 0.000152593 -2.11675e-06 -0.436406 -1.98175e-06 1.57079 -4.81574e-08
19.777 -0.436332 -0.436406 7.36163e-05 4.01633 -2.04751e-06 0.000152819 -2.11989e-06 -0.436406 -1.98469e-06 1.57079 -4.82279e-08
19.778 -0.436332 -0.436406 7.37231e-05 4.01632 -2.05048e-06 0.000153041 -2.12297e-06 -0.436406 -1.98757e-06 1.57079 -4.82971e-08
19.779 -0.436332 -0.436406 7.38279e-05 4.01632 -2.0534e-06 0.000153258 -2.12598e-06 -0.436406 -1.9904e-06 1.57079 -4.83649e-08
19.78 -0.436332 -0.436406 7.39305e-05 4.01631 -2.05625e-06 0.000153471 -2.12894e-06 -0.436406 -1.99316e-06 1.57079 -4.84313e-08
19.781 -0.436332 -0.436406 7.4031e-05 4.01631 -2.05905e-06 0.00015368 -2.13183e-06 -0.436406 -1.99588e-06 1.57079 -4.84963e-08
19.782 -0.436332 -0.436406 7.41295e-05 4.0163 -2.06178e-06 0.000153884 -2.13467e-06 -0.436406 -1.99853e-06 1.57079 -4.856e-08
19.783 -0.436332 -0.436407 7.42258e-05 4.0163 -2.06446e-06 0.000154084 -2.13744e-06 -0.436407 -2.00113e-06 1.57079 -4.86223e-08
19.784 -0.436332 -0.436407 7.432e-05 4.01629 -2.06708e-06 0.00015428 -2.14015e-06 -0.436407 -2.00367e-06 1.57079 -4.86832e-08
19.785 -0.436332 -0.436407 7.44121e-05 4.01629 -2.06964e-06 0.000154471 -2.14281e-06 -0.436407 -2.00615e-06 1.57079 -4.87428e-08
19.786 -0.436332 -0.436407 7.45021e-05 4.01628 -2.07215e-06 0.000154658 -2.1454e-06 -0.436407 -2.00858e-06 1.57079 -4.8801e-08
19.787 -0.436332 -0.436407 7.45901e-05 4.01627 -2.07459e-06 0.00015484 -2.14793e-06 -0.436407 -2.01096e-06 1.57079 -4.88578e-08
19.788 -0.436332 -0.436407 7.46759e-05 4.01627 -2.07698e-06 0.000155018 -2.1504e-06 -0.436407 -2.01327e-06 1.57079 -4.89133e-08
19.789 -0.436332 -0.436407 7.47597e-05 4.01626 -2.07931e-06 0.000155192 -2.15281e-06 -0.436407 -2.01553e-06 1.57079 -4.89675e-08
19.79 -0.436332 -0.436407 7.48414e-05 4.01625 -2.08158e-06 0.000155362 -2.15517e-06 -0.436407 -2.01773e-06 1.57079 -4.90203e-08
19.791 -0.436332 -0.436407 7.4921e-05 4.01624 -2.0838e-06 0.000155527 -2.15746e-06 -0.436407 -2.01988e-06 1.57079 -4.90717e-08
19.792 -0.436332 -0.436407 7.49985e-05 4.01623 -2.08595e-06 0.000155688 -2.15969e-06 -0.436407 -2.02197e-06 1.57079 -4.91218e-08
19.793 -0.436332 -0.436407 7.5074e-05 4.01622 -2.08805e-06 0.000155845 -2.16186e-06 -0.436407 -2.02401e-06 1.57079 -4.91706e-08
19.794 -0.436332 -0.436407 7.51474e-05 4.01622 -2.09009e-06 0.000155997 -2.16398e-06 -0.436407 -2.02599e-06 1.57079 -4.9218e-08
19.795 -0.436332 -0.436408 7.52187e-05 4.01621 -2.09208e-06 0.000156145 -2.16603e-06 -0.436408 -2.02791e-06 1.57079 -4.92641e-08
19.796 -0.436332 -0.436408 7.5288e-05 4.0162 -2.094e-06 0.000156289 -2.16803e-06 -0.436408 -2.02978e-06 1.57079 -4.93088e-08
19.797 -0.436332 -0.436408 7.53552e-05 4.01619 -2.09587e-06 0.000156429 -2.16996e-06 -0.436408 -2.0316e-06 1.57079 -4.93522e-08
19.798 -0.436332 -0.436408 7.54204e-05 4.01618 -2.09769e-06 0.000156564 -2.17184e-06 -0.436408 -2.03335e-06 1.57079 -4.93943e-08
19.799 -0.436332 -0.436408 7.54835e-05 4.01617 -2.09944e-06 0.000156695 -2.17366e-06 -0.436408 -2.03506e-06 1.57079 -4.94351e-08
19.8 -0.436332 -0.436408 7.55446e-05 4.01616 -2.10114e-06 0.000156822 -2.17541e-06 -0.436408 -2.0367e-06 1.57079 -4.94745e-08
19.801 -0.436332 -0.436408 7.56037e-05 4.01614 -2.10278e-06 0.000156944 -2.17711e-06 -0.436408 -2.0383e-06 1.57079 -4.95126e-08
19.802 -0.436332 -0.436408 7.56607e-05 4.01613 -2.10437e-06 0.000157063 -2.17876e-06 -0.436408 -2.03984e-06 1.57079 -4.95494e-08
19.803 -0.436332 -0.436408 7.57157e-05 4.01612 -2.1059e-06 0.000157177 -2.18034e-06 -0.436408 -2.04132e-06 1.57079 -4.95848e-08
19.804 -0.436332 -0.436408 7.57687e-05 4.01611 -2.10737e-06 0.000157287 -2.18186e-06 -0.436408 -2.04275e-06 1.57079 -4.9619e-08
19.805 -0.436332 -0.436408 7.58196e-05 4.0161 -2.10879e-06 0.000157392 -2.18333e-06 -0.436408 -2.04412e-06 1.57079 -4.96518e-08
19.806 -0.436332 -0.436408 7.58686e-05 4.01609 -2.11015e-06 0.000157494 -2.18474e-06 -0.436408 -2.04544e-06 1.57079 -4.96834e-08
19.807 -0.436332 -0.436408 7.59155e-05 4.01607 -2.11145e-06 0.000157591 -2.18609e-06 -0.436408 -2.04671e-06 1.57079 -4.97136e-08
19.808 -0.436332 -0.436408 7.59604e-05 4.01606 -2.1127e-06 0.000157685 -2.18738e-06 -0.436408 -2.04792e-06 1.57079 -4.97425e-08
19.809 -0.436332 -0.436408 7.60033e-05 4.01605 -2.11389e-06 0.000157774 -2.18862e-06 -0.436408 -2.04908e-06 1.57079 -4.97701e-08
19.81 -0.436332 -0.436408 7.60442e-05 4.01603 -2.11503e-06 0.000157859 -2.1898e-06 -0.436408 -2.05018e-06 1.57079 -4.97964e-08
19.811 -0.436332 -0.436408 7.60831e-05 4.01602 -2.11611e-06 0.000157939 -2.19092e-06 -0.436408 -2.05123e-06 1.57079 -4.98215e-08
19.812 -0.436332 -0.436408 7.612e-05 4.01601 -2.11714e-06 0.000158016 -2.19198e-06 -0.436408 -2.05223e-06 1.57079 -4.98452e-08
19.813 -0.436332 -0.436408 7.6155e-05 4.01599 -2.11811e-06 0.000158089 -2.19298e-06 -0.436408 -2.05317e-06 1.57079 -4.98676e-08
19.814 -0.436332 -0.436409 7.61879e-05 4.01598 -2.11903e-06 0.000158157 -2.19393e-06 -0.436409 -2.05406e-06 1.57079 -4.98888e-08
19.815 -0.436332 -0.436409 7.62189e-05 4.01596 -2.11989e-06 0.000158221 -2.19482e-06 -0.436409 -2.05489e-06 1.57079 -4.99087e-08
19.816 -0.436332 -0.436409 7.62479e-05 4.01595 -2.1207e-06 0.000158281 -2.19566e-06 -0.436409 -2.05568e-06 1.57079 -4.99273e-08
19.817 -0.436332 -0.436409 7.6275e-05 4.01593 -2.12145e-06 0.000158338 -2.19644e-06 -0.436409 -2.05641e-06 1.57079 -4.99446e-08
19.818 -0.436332 -0.436409 7.63e-05 4.01592 -2.12214e-06 0.00015839 -2.19716e-06 -0.436409 -2.05708e-06 1.57079 -4.99606e-08
19.819 -0.436332 -0.436409 7.63232e-05 4.0159 -2.12279e-06 0.000158438 -2.19782e-06 -0.436409 -2.05771e-06 1.57079 -4.99754e-08
19.82 -0.436332 -0.436409 7.63443e-05 4.01588 -2.12337e-06 0.000158482 -2.19843e-06 -0.436409 -2.05828e-06 1.57079 -4.99889e-08
19.821 -0.436332 -0.436409 7.63636e-05 4.01587 -2.12391e-06 0.000158522 -2.19899e-06 -0.436409 -2.0588e-06 1.57079 -5.00011e-08
19.822 -0.436332 -0.436409 7.63808e-05 4.01585 -2.12439e-06 0.000158557 -2.19948e-06 -0.436409 -2.05926e-06 1.57079 -5.00121e-08
19.823 -0.436332 -0.436409 7.63962e-05 4.01583 -2.12481e-06 0.000158589 -2.19992e-06 -0.436409 -2.05968e-06 1.57079 -5.00218e-08
19.824 -0.436332 -0.436409 7.64096e-05 4.01582 -2.12519e-06 0.000158617 -2.20031e-06 -0.436409 -2.06004e-06 1.57079 -5.00303e-08
19.825 -0.436332 -0.436409 7.6421e-05 4.0158 -2.1255e-06 0.000158641 -2.20064e-06 -0.436409 -2.06035e-06 1.57079 -5.00375e-08
19.826 -0.436332 -0.436409 7.64306e-05 4.01578 -2.12577e-06 0.000158661 -2.20091e-06 -0.436409 -2.0606e-06 1.57079 -5.00435e-08
19.827 -0.436332 -0.436409 7.64382e-05 4.01576 -2.12598e-06 0.000158677 -2.20113e-06 -0.436409 -2.06081e-06 1.57079 -5.00482e-08
19.828 -0.436332 -0.436409 7.64439e-05 4.01574 -2.12614e-06 0.000158688 -2.20129e-06 -0.436409 -2.06096e-06 1.57079 -5.00517e-08
19.829 -0.436332 -0.436409 7.64477e-05 4.01573 -2.12624e-06 0.000158696 -2.2014e-06 -0.436409 -2.06107e-06 1.57079 -5.00539e-08
19.83 -0.436332 -0.436409 7.64496e-05 4.01571 -2.1263e-06 0.0001587 -2.20146e-06 -0.436409 -2.06112e-06 1.57079 -5.00549e-08
19.831 -0.436332 -0.436409 7.64497e-05 4.01569 -2.1263e-06 0.0001587 -2.20146e-06 -0.436409 -2.06112e-06 1.57079 -5.00547e-08
19.832 -0.436332 -0.436409 7.64478e-05 4.01567 -2.12624e-06 0.000158696 -2.2014e-06 -0.436409 -2.06107e-06 1.57079 -5.00532e-08
19.833 -0.436332 -0.436409 7.6444e-05 4.01565 -2.12614e-06 0.000158689 -2.20129e-06 -0.436409 -2.06097e-06 1.57079 -5.00505e-08
19.834 -0.436332 -0.436409 7.64383e-05 4.01563 -2.12598e-06 0.000158677 -2.20113e-06 -0.436409 -2.06081e-06 1.57079 -5.00466e-08
19.835 -0.436332 -0.436409 7.64308e-05 4.01561 -2.12577e-06 0.000158661 -2.20091e-06 -0.436409 -2.06061e-06 1.57079 -5.00415e-08
19.836 -0.436332 -0.436409 7.64214e-05 4.01559 -2.12551e-06 0.000158642 -2.20064e-06 -0.436409 -2.06036e-06 1.57079 -5.00351e-08
19.837 -0.436332 -0.436409 7.64101e-05 4.01557 -2.12519e-06 0.000158618 -2.20031e-06 -0.436409 -2.06005e-06 1.57079 -5.00276e-08
19.838 -0.436332 -0.436409 7.6397e-05 4.01555 -2.12483e-06 0.000158591 -2.19993e-06 -0.436409 -2.0597e-06 1.57079 -5.00188e-08
19.839 -0.436332 -0.436409 7.6382e-05 4.01553 -2.12441e-06 0.00015856 -2.1995e-06 -0.436409 -2.05929e-06 1.57079 -5.00088e-08
19.84 -0.436332 -0.436409 7.63651e-05 4.01551 -2.12394e-06 0.000158525 -2.19902e-06 -0.436409 -2.05884e-06 1.57079 -4.99977e-08
19.841 -0.436332 -0.436409 7.63464e-05 4.01549 -2.12342e-06 0.000158486 -2.19848e-06 -0.436409 -2.05834e-06 1.57079 -4.99853e-08
19.842 -0.436332 -0.436409 7.63259e-05 4.01546 -2.12285e-06 0.000158443 -2.19788e-06 -0.436409 -2.05778e-06 1.57079 -4.99717e-08
19.843 -0.436332 -0.436409 7.63036e-05 4.01544 -2.12222e-06 0.000158397 -2.19724e-06 -0.436409 -2.05718e-06 1.57079 -4.9957e-08
19.844 -0.436332 -0.436409 7.62794e-05 4.01542 -2.12155e-06 0.000158347 -2.19654e-06 -0.436409 -2.05653e-06 1.57079 -4.99411e-08
19.845 -0.436332 -0.436409 7.62533e-05 4.0154 -2.12083e-06 0.000158293 -2.19579e-06 -0.436409 -2.05583e-06 1.57079 -4.99239e-08
19.846 -0.436332 -0.436409 7.62255e-05 4.01537 -2.12005e-06 0.000158235 -2.19499e-06 -0.436409 -2.05507e-06 1.57079 -4.99056e-08
19.847 -0.436332 -0.436409 7.61959e-05 4.01535 -2.11922e-06 0.000158174 -2.19414e-06 -0.436409 -2.05428e-06 1.57079 -4.98862e-08
19.848 -0.436332 -0.436408 7.61644e-05 4.01533 -2.11835e-06 0.000158108 -2.19323e-06 -0.436408 -2.05343e-06 1.57079 -4.98655e-08
19.849 -0.436332 -0.436408 7.61312e-05 4.01531 -2.11742e-06 0.000158039 -2.19227e-06 -0.436408 -2.05253e-06 1.57079 -4.98437e-08
19.85 -0.436332 -0.436408 7.60961e-05 4.01528 -2.11645e-06 0.000157967 -2.19126e-06 -0.436408 -2.05158e-06 1.57079 -4.98207e-08
19.851 -0.436332 -0.436408 7.60593e-05 4.01526 -2.11542e-06 0.00015789 -2.1902e-06 -0.436408 -2.05059e-06 1.57079 -4.97965e-08
19.852 -0.436332 -0.436408 7.60207e-05 4.01523 -2.11435e-06 0.00015781 -2.18909e-06 -0.436408 -2.04955e-06 1.57079 -4.97712e-08
19.853 -0.436332 -0.436408 7.59803e-05 4.01521 -2.11322e-06 0.000157726 -2.18792e-06 -0.436408 -2.04846e-06 1.57079 -4.97448e-08
19.854 -0.436332 -0.436408 7.59381e-05 4.01519 -2.11205e-06 0.000157639 -2.18671e-06 -0.436408 -2.04732e-06 1.57079 -4.97172e-08
19.855 -0.436332 -0.436408 7.58942e-05 4.01516 -2.11083e-06 0.000157547 -2.18544e-06 -0.436408 -2.04614e-06 1.57079 -4.96884e-08
19.856 -0.436332 -0.436408 7.58485e-05 4.01514 -2.10955e-06 0.000157453 -2.18412e-06 -0.436408 -2.04491e-06 1.57079 -4.96585e-08
19.857 -0.436332 -0.436408 7.5801e-05 4.01511 -2.10823e-06 0.000157354 -2.18276e-06 -0.436408 -2.04363e-06 1.57079 -4.96275e-08
19.858 -0.436332 -0.436408 7.57518e-05 4.01509 -2.10686e-06 0.000157252 -2.18134e-06 -0.436408 -2.0423e-06 1.57079 -4.95953e-08
19.859 -0.436332 -0.436408 7.57009e-05 4.01506 -2.10545e-06 0.000157146 -2.17987e-06 -0.436408 -2.04093e-06 1.57079 -4.9562e-08
19.86 -0.436332 -0.436408 7.56482e-05 4.01503 -2.10398e-06 0.000157037 -2.17835e-06 -0.436408 -2.0395e-06 1.57079 -4.95276e-08
19.861 -0.436332 -0.436408 7.55938e-05 4.01501 -2.10247e-06 0.000156924 -2.17678e-06 -0.436408 -2.03804e-06 1.57079 -4.94921e-08
19.862 -0.436332 -0.436408 7.55377e-05 4.01498 -2.1009e-06 0.000156807 -2.17517e-06 -0.436408 -2.03652e-06 1.57079 -4.94554e-08
19.863 -0.436332 -0.436408 7.54799e-05 4.01496 -2.09929e-06 0.000156687 -2.1735e-06 -0.436408 -2.03496e-06 1.57079 -4.94176e-08
19.864 -0.436332 -0.436408 7.54203e-05 4.01493 -2.09764e-06 0.000156564 -2.17178e-06 -0.436408 -2.03336e-06 1.57079 -4.93787e-08
19.865 -0.436332 -0.436408 7.5359e-05 4.0149 -2.09593e-06 0.000156437 -2.17002e-06 -0.436408 -2.0317e-06 1.57079 -4.93387e-08
19.866 -0.436332 -0.436408 7.52961e-05 4.01488 -2.09418e-06 0.000156306 -2.1682e-06 -0.436408 -2.03001e-06 1.57079 -4.92976e-08
19.867 -0.436332 -0.436408 7.52314e-05 4.01485 -2.09238e-06 0.000156172 -2.16634e-06 -0.436408 -2.02826e-06 1.57079 -4.92554e-08
19.868 -0.436332 -0.436407 7.51651e-05 4.01482 -2.09053e-06 0.000156034 -2.16443e-06 -0.436407 -2.02647e-06 1.57079 -4.92121e-08
19.869 -0.436332 -0.436407 7.50971e-05 4.01479 -2.08864e-06 0.000155893 -2.16247e-06 -0.436407 -2.02464e-06 1.57079 -4.91677e-08
19.87 -0.436332 -0.436407 7.50274e-05 4.01477 -2.0867e-06 0.000155748 -2.16046e-06 -0.436407 -2.02276e-06 1.57079 -4.91223e-08
19.871 -0.436332 -0.436407 7.4956e-05 4.01474 -2.08471e-06 0.0001556 -2.15841e-06 -0.436407 -2.02083e-06 1.57079 -4.90757e-08
19.872 -0.436332 -0.436407 7.4883e-05 4.01471 -2.08268e-06 0.000155449 -2.1563e-06 -0.436407 -2.01886e-06 1.57079 -4.90281e-08
19.873 -0.436332 -0.436407 7.48083e-05 4.01468 -2.0806e-06 0.000155294 -2.15415e-06 -0.436407 -2.01685e-06 1.57079 -4.89794e-08
19.874 -0.436332 -0.436407 7.4732e-05 4.01465 -2.07848e-06 0.000155135 -2.15195e-06 -0.436407 -2.01479e-06 1.57079 -4.89296e-08
19.875 -0.436332 -0.436407 7.4654e-05 4.01462 -2.07631e-06 0.000154973 -2.1497e-06 -0.436407 -2.01269e-06 1.57079 -4.88787e-08
19.876 -0.436332 -0.436407 7.45744e-05 4.01459 -2.07409e-06 0.000154808 -2.14741e-06 -0.436407 -2.01054e-06 1.57079 -4.88268e-08
19.877 -0.436332 -0.436407 7.44931e-05 4.01457 -2.07183e-06 0.000154639 -2.14507e-06 -0.436407 -2.00835e-06 1.57079 -4.87739e-08
19.878 -0.436332 -0.436407 7.44103e-05 4.01454 -2.06953e-06 0.000154467 -2.14268e-06 -0.436407 -2.00611e-06 1.57079 -4.87198e-08
19.879 -0.436332 -0.436407 7.43258e-05 4.01451 -2.06718e-06 0.000154292 -2.14025e-06 -0.436407 -2.00384e-06 1.57079 -4.86648e-08
19.88 -0.436332 -0.436407 7.42397e-05 4.01448 -2.06478e-06 0.000154113 -2.13777e-06 -0.436407 -2.00151e-06 1.57079 -4.86087e-08
19.881 -0.436332 -0.436406 7.4152e-05 4.01445 -2.06234e-06 0.000153931 -2.13524e-06 -0.436406 -1.99915e-06 1.57079 -4.85515e-08
19.882 -0.436332 -0.436406 7.40627e-05 4.01442 -2.05986e-06 0.000153746 -2.13267e-06 -0.436406 -1.99674e-06 1.57079 -4.84933e-08
19.883 -0.436332 -0.436406 7.39718e-05 4.01439 -2.05733e-06 0.000153557 -2.13005e-06 -0.436406 -1.99429e-06 1.57079 -4.84341e-08
19.884 -0.436332 -0.436406 7.38794e-05 4.01436 -2.05475e-06 0.000153365 -2.12739e-06 -0.436406 -1.99179e-06 1.57079 -4.83738e-08
19.885 -0.436332 -0.436406 7.37853e-05 4.01432 -2.05214e-06 0.00015317 -2.12468e-06 -0.436406 -1.98926e-06 1.57079 -4.83126e-08
19.886 -0.436332 -0.436406 7.36897e-05 4.01429 -2.04948e-06 0.000152972 -2.12192e-06 -0.436406 -1.98668e-06 1.57079 -4.82503e-08
19.887 -0.436332 -0.436406 7.35925e-05 4.01426 -2.04677e-06 0.00015277 -2.11912e-06 -0.436406 -1.98406e-06 1.57079 -4.8187e-08
19.888 -0.436332 -0.436406 7.34938e-05 4.01423 -2.04403e-06 0.000152565 -2.11628e-06 -0.436406 -1.98139e-06 1.57079 -4.81226e-08
19.889 -0.436332 -0.436406 7.33935e-05 4.0142 -2.04123e-06 0.000152357 -2.11339e-06 -0.436406 -1.97869e-06 1.57079 -4.80573e-08
19.89 -0.436332 -0.436406 7.32917e-05 4.01417 -2.0384e-06 0.000152146 -2.11045e-06 -0.436406 -1.97594e-06 1.57079 -4.7991e-08
19.891 -0.436332 -0.436406 7.31883e-05 4.01414 -2.03552e-06 0.000151931 -2.10748e-06 -0.436406 -1.97315e-06 1.57079 -4.79236e-08
19.892 -0.436332 -0.436405 7.30834e-05 4.0141 -2.03261e-06 0.000151713 -2.10445e-06 -0.436405 -1.97032e-06 1.57079 -4.78553e-08
19.893 -0.436332 -0.436405 7.2977e-05 4.01407 -2.02964e-06 0.000151492 -2.10139e-06 -0.436405 -1.96745e-06 1.57079 -4.7786e-08
19.894 -0.436332 -0.436405 7.2869e-05 4.01404 -2.02664e-06 0.000151268 -2.09828e-06 -0.436405 -1.96454e-06 1.57079 -4.77157e-08
19.895 -0.436332 -0.436405 7.27596e-05 4.01401 -2.02359e-06 0.000151041 -2.09512e-06 -0.436405 -1.96159e-06 1.57079 -4.76444e-08
19.896 -0.436332 -0.436405 7.26486e-05 4.01398 -2.02051e-06 0.000150811 -2.09193e-06 -0.436405 -1.9586e-06 1.57079 -4.75722e-08
19.897 -0.436332 -0.436405 7.25361e-05 4.01394 -2.01738e-06 0.000150578 -2.08869e-06 -0.436405 -1.95556e-06 1.57079 -4.7499e-08
19.898 -0.436332 -0.436405 7.24222e-05 4.01391 -2.01421e-06 0.000150341 -2.08541e-06 -0.436405 -1.95249e-06 1.57079 -4.74248e-08
19.899 -0.436332 -0.436405 7.23068e-05 4.01388 -2.011e-06 0.000150101 -2.08208e-06 -0.436405 -1.94938e-06 1.57079 -4.73496e-08
19.9 -0.436332 -0.436405 7.21899e-05 4.01384 -2.00774e-06 0.000149859 -2.07871e-06 -0.436405 -1.94622e-06 1.57079 -4.72735e-08
19.901 -0.436332 -0.436404 7.20715e-05 4.01381 -2.00445e-06 0.000149613 -2.0753e-06 -0.436404 -1.94303e-06 1.57079 -4.71965e-08
19.902 -0.436332 -0.436404 7.19517e-05 4.01378 -2.00111e-06 0.000149364 -2.07185e-06 -0.436404 -1.9398e-06 1.57079 -4.71184e-08
19.903 -0.436332 -0.436404 7.18304e-05 4.01374 -1.99774e-06 0.000149113 -2.06836e-06 -0.436404 -1.93653e-06 1.57079 -4.70395e-08
19.904 -0.436332 -0.436404 7.17076e-05 4.01371 -1.99432e-06 0.000148858 -2.06482e-06 -0.436404 -1.93322e-06 1.57079 -4.69596e-08
19.905 -0.436332 -0.436404 7.15835e-05 4.01367 -1.99087e-06 0.0001486 -2.06124e-06 -0.436404 -1.92987e-06 1.57079 -4.68788e-08
19.906 -0.436332 -0.436404 7.14578e-05 4.01364 -1.98737e-06 0.000148339 -2.05762e-06 -0.436404 -1.92648e-06 1.57079 -4.6797e-08
19.907 -0.436332 -0.436404 7.13308e-05 4.0136 -1.98384e-06 0.000148076 -2.05396e-06 -0.436404 -1.92305e-06 1.57079 -4.67143e-08
19.908 -0.436332 -0.436404 7.12023e-05 4.01357 -1.98027e-06 0.000147809 -2.05026e-06 -0.436404 -1.91959e-06 1.57079 -4.66307e-08
19.909 -0.436332 -0.436403 7.10725e-05 4.01354 -1.97665e-06 0.00014754 -2.04652e-06 -0.436403 -1.91608e-06 1.57079 -4.65462e-08
19.91 -0.436332 -0.436403 7.09412e-05 4.0135 -1.973e-06 0.000147267 -2.04274e-06 -0.436403 -1.91254e-06 1.57079 -4.64607e-08
19.911 -0.436332 -0.436403 7.08085e-05 4.01347 -1.96931e-06 0.000146992 -2.03892e-06 -0.436403 -1.90896e-06 1.57079 -4.63744e-08
19.912 -0.436332 -0.436403 7.06744e-05 4.01343 -1.96558e-06 0.000146713 -2.03506e-06 -0.436403 -1.90535e-06 1.57079 -4.62871e-08
19.913 -0.436332 -0.436403 7.0539e-05 4.01339 -1.96181e-06 0.000146432 -2.03115e-06 -0.436403 -1.90169e-06 1.57079 -4.6199e-08
19.914 -0.436332 -0.436403 7.04021e-05 4.01336 -1.958e-06 0.000146148 -2.02721e-06 -0.436403 -1.898e-06 1.57079 -4.61099e-08
19.915 -0.436332 -0.436403 7.02639e-05 4.01332 -1.95415e-06 0.000145861 -2.02323e-06 -0.436403 -1.89428e-06 1.57079 -4.602e-08
19.916 -0.436332 -0.436402 7.01244e-05 4.01329 -1.95027e-06 0.000145572 -2.01921e-06 -0.436402 -1.89051e-06 1.57079 -4.59292e-08
19.917 -0.436332 -0.436402 6.99834e-05 4.01325 -1.94635e-06 0.000145279 -2.01515e-06 -0.436402 -1.88671e-06 1.57079 -4.58375e-08
19.918 -0.436332 -0.436402 6.98412e-05 4.01322 -1.94239e-06 0.000144984 -2.01105e-06 -0.436402 -1.88287e-06 1.57079 -4.57449e-08
19.919 -0.436332 -0.436402 6.96976e-05 4.01318 -1.9384e-06 0.000144686 -2.00691e-06 -0.436402 -1.879e-06 1.57079 -4.56515e-08
19.92 -0.436332 -0.436402 6.95526e-05 4.01314 -1.93436e-06 0.000144385 -2.00274e-06 -0.436402 -1.87509e-06 1.57079 -4.55571e-08
19.921 -0.436332 -0.436402 6.94063e-05 4.01311 -1.93029e-06 0.000144081 -1.99852e-06 -0.436402 -1.87114e-06 1.57079 -4.5462e-08
19.922 -0.436332 -0.436402 6.92587e-05 4.01307 -1.92619e-06 0.000143775 -1.99427e-06 -0.436402 -1.86716e-06 1.57079 -4.53659e-08
19.923 -0.436332 -0.436401 6.91098e-05 4.01303 -1.92204e-06 0.000143466 -1.98998e-06 -0.436401 -1.86315e-06 1.57079 -4.52691e-08
19.924 -0.436332 -0.436401 6.89596e-05 4.013 -1.91786e-06 0.000143154 -1.98566e-06 -0.436401 -1.85909e-06 1.57079 -4.51713e-08
19.925 -0.436332 -0.436401 6.88081e-05 4.01296 -1.91365e-06 0.00014284 -1.98129e-06 -0.436401 -1.85501e-06 1.57079 -4.50728e-08
19.926 -0.436332 -0.436401 6.86553e-05 4.01292 -1.9094e-06 0.000142522 -1.97689e-06 -0.436401 -1.85089e-06 1.57079 -4.49733e-08
19.927 -0.436332 -0.436401 6.85012e-05 4.01288 -1.90511e-06 0.000142203 -1.97245e-06 -0.436401 -1.84673e-06 1.57079 -4.48731e-08
19.928 -0.436332 -0.436401 6.83458e-05 4.01285 -1.90079e-06 0.00014188 -1.96797e-06 -0.436401 -1.84254e-06 1.57079 -4.4772e-08
19.929 -0.436332 -0.436401 6.81892e-05 4.01281 -1.89643e-06 0.000141555 -1.96346e-06 -0.436401 -1.83831e-06 1.57079 -4.46701e-08
19.93 -0.436332 -0.4364 6.80313e-05 4.01277 -1.89203e-06 0.000141227 -1.95891e-06 -0.4364 -1.83405e-06 1.57079 -4.45674e-08
19.931 -0.436332 -0.4364 6.78721e-05 4.01273 -1.88761e-06 0.000140897 -1.95433e-06 -0.4364 -1.82976e-06 1.57079 -4.44639e-08
19.932 -0.436332 -0.4364 6.77117e-05 4.0127 -1.88314e-06 0.000140564 -1.94971e-06 -0.4364 -1.82544e-06 1.57079 -4.43596e-08
19.933 -0.436332 -0.4364 6.75501e-05 4.01266 -1.87865e-06 0.000140229 -1.94505e-06 -0.4364 -1.82108e-06 1.57079 -4.42544e-08
19.934 -0.436332 -0.4364 6.73872e-05 4.01262 -1.87411e-06 0.00013989 -1.94036e-06 -0.4364 -1.81668e-06 1.57079 -4.41485e-08
19.935 -0.436332 -0.4364 6.72231e-05 4.01258 -1.86955e-06 0.00013955 -1.93563e-06 -0.4364 -1.81226e-06 1.57079 -4.40417e-08
19.936 -0.436332 -0.436399 6.70578e-05 4.01254 -1.86495e-06 0.000139207 -1.93087e-06 -0.436399 -1.8078e-06 1.57079 -4.39342e-08
19.937 -0.436332 -0.436399 6.68913e-05 4.0125 -1.86032e-06 0.000138861 -1.92607e-06 -0.436399 -1.80331e-06 1.57079 -4.38259e-08
19.938 -0.436332 -0.436399 6.67236e-05 4.01247 -1.85565e-06 0.000138513 -1.92124e-06 -0.436399 -1.79878e-06 1.57079 -4.37168e-08
19.939 -0.436332 -0.436399 6.65546e-05 4.01243 -1.85095e-06 0.000138162 -1.91638e-06 -0.436399 -1.79422e-06 1.57079 -4.36069e-08
19.94 -0.436332 -0.436399 6.63845e-05 4.01239 -1.84622e-06 0.000137809 -1.91148e-06 -0.436399 -1.78964e-06 1.57079 -4.34963e-08
19.941 -0.436332 -0.436399 6.62132e-05 4.01235 -1.84145e-06 0.000137454 -1.90654e-06 -0.436399 -1.78502e-06 1.57079 -4.33849e-08
19.942 -0.436332 -0.436398 6.60408e-05 4.01231 -1.83665e-06 0.000137096 -1.90157e-06 -0.436398 -1.78036e-06 1.57079 -4.32727e-08
19.943 -0.436332 -0.436398 6.58672e-05 4.01227 -1.83182e-06 0.000136735 -1.89657e-06 -0.436398 -1.77568e-06 1.57079 -4.31598e-08
19.944 -0.436332 -0.436398 6.56924e-05 4.01223 -1.82696e-06 0.000136373 -1.89154e-06 -0.436398 -1.77097e-06 1.57079 -4.30461e-08
19.945 -0.436332 -0.436398 6.55164e-05 4.01219 -1.82206e-06 0.000136007 -1.88647e-06 -0.436398 -1.76622e-06 1.57079 -4.29317e-08
19.946 -0.436332 -0.436398 6.53393e-05 4.01215 -1.81714e-06 0.00013564 -1.88137e-06 -0.436398 -1.76144e-06 1.57079 -4.28165e-08
19.947 -0.436332 -0.436397 6.51611e-05 4.01211 -1.81218e-06 0.00013527 -1.87624e-06 -0.436397 -1.75664e-06 1.57079 -4.27006e-08
19.948 -0.436332 -0.436397 6.49818e-05 4.01207 -1.80719e-06 0.000134898 -1.87107e-06 -0.436397 -1.7518e-06 1.57079 -4.2584e-08
19.949 -0.436332 -0.436397 6.48013e-05 4.01203 -1.80217e-06 0.000134523 -1.86587e-06 -0.436397 -1.74693e-06 1.57079 -4.24666e-08
19.95 -0.436332 -0.436397 6.46197e-05 4.01199 -1.79712e-06 0.000134146 -1.86064e-06 -0.436397 -1.74203e-06 1.57079 -4.23486e-08
19.951 -0.436332 -0.436397 6.44371e-05 4.01195 -1.79203e-06 0.000133767 -1.85538e-06 -0.436397 -1.73711e-06 1.57079 -4.22298e-08
19.952 -0.436332 -0.436397 6.42533e-05 4.01191 -1.78692e-06 0.000133386 -1.85008e-06 -0.436397 -1.73215e-06 1.57079 -4.21102e-08
19.953 -0.436332 -0.436396 6.40684e-05 4.01187 -1.78178e-06 0.000133002 -1.84476e-06 -0.436396 -1.72716e-06 1.57079 -4.199e-08
19.954 -0.436332 -0.436396 6.38825e-05 4.01183 -1.7766e-06 0.000132616 -1.8394e-06 -0.436396 -1.72215e-06 1.57079 -4.18691e-08
19.955 -0.436332 -0.436396 6.36954e-05 4.01179 -1.7714e-06 0.000132228 -1.83401e-06 -0.436396 -1.7171e-06 1.57079 -4.17475e-08
19.956 -0.436332 -0.436396 6.35073e-05 4.01175 -1.76617e-06 0.000131837 -1.8286e-06 -0.436396 -1.71203e-06 1.57079 -4.16252e-08
19.957 -0.436332 -0.436396 6.33182e-05 4.01171 -1.7609e-06 0.000131445 -1.82315e-06 -0.436396 -1.70693e-06 1.57079 -4.15022e-08
19.958 -0.436332 -0.436395 6.3128e-05 4.01167 -1.75561e-06 0.00013105 -1.81767e-06 -0.436395 -1.7018e-06 1.57079 -4.13785e-08
19.959 -0.436332 -0.436395 6.29367e-05 4.01163 -1.75029e-06 0.000130653 -1.81216e-06 -0.436395 -1.69664e-06 1.57079 -4.12541e-08
19.96 -0.436332 -0.436395 6.27444e-05 4.01159 -1.74494e-06 0.000130254 -1.80662e-06 -0.436395 -1.69145e-06 1.57079 -4.11291e-08
19.961 -0.436332 -0.436395 6.25511e-05 4.01155 -1.73956e-06 0.000129853 -1.80105e-06 -0.436395 -1.68624e-06 1.57079 -4.10034e-08
19.962 -0.436332 -0.436395 6.23568e-05 4.01151 -1.73415e-06 0.000129449 -1.79545e-06 -0.436395 -1.681e-06 1.57079 -4.0877e-08
19.963 -0.436332 -0.436394 6.21614e-05 4.01146 -1.72872e-06 0.000129044 -1.78983e-06 -0.436394 -1.67573e-06 1.57079 -4.075e-08
19.964 -0.436332 -0.436394 6.1965e-05 4.01142 -1.72326e-06 0.000128636 -1.78417e-06 -0.436394 -1.67043e-06 1.57079 -4.06223e-08
19.965 -0.436332 -0.436394 6.17677e-05 4.01138 -1.71776e-06 0.000128227 -1.77848e-06 -0.436394 -1.66511e-06 1.57079 -4.0494e-08
19.966 -0.436332 -0.436394 6.15693e-05 4.01134 -1.71225e-06 0.000127815 -1.77277e-06 -0.436394 -1.65976e-06 1.57079 -4.0365e-08
19.967 -0.436332 -0.436394 6.137e-05 4.0113 -1.7067e-06 0.000127401 -1.76703e-06 -0.436394 -1.65438e-06 1.57079 -4.02354e-08
19.968 -0.436332 -0.436393 6.11697e-05 4.01126 -1.70113e-06 0.000126985 -1.76126e-06 -0.436393 -1.64898e-06 1.57079 -4.01051e-08
19.969 -0.436332 -0.436393 6.09684e-05 4.01122 -1.69553e-06 0.000126567 -1.75546e-06 -0.436393 -1.64355e-06 1.57079 -3.99743e-08
19.97 -0.436332 -0.436393 6.07661e-05 4.01117 -1.6899e-06 0.000126148 -1.74963e-06 -0.436393 -1.63809e-06 1.57079 -3.98428e-08
19.971 -0.436332 -0.436393 6.05629e-05 4.01113 -1.68425e-06 0.000125726 -1.74378e-06 -0.436393 -1.63261e-06 1.57079 -3.97107e-08
19.972 -0.436332 -0.436393 6.03588e-05 4.01109 -1.67857e-06 0.000125302 -1.7379e-06 -0.436393 -1.6271e-06 1.57079 -3.95779e-08
19.973 -0.436332 -0.436392 6.01537e-05 4.01105 -1.67286e-06 0.000124877 -1.73199e-06 -0.436392 -1.62157e-06 1.57079 -3.94446e-08
19.974 -0.436332 -0.436392 5.99477e-05 4.01101 -1.66713e-06 0.000124449 -1.72606e-06 -0.436392 -1.61602e-06 1.57079 -3.93106e-08
19.975 -0.436332 -0.436392 5.97408e-05 4.01096 -1.66137e-06 0.000124019 -1.7201e-06 -0.436392 -1.61043e-06 1.57079 -3.91761e-08
19.976 -0.436332 -0.436392 5.95329e-05 4.01092 -1.65559e-06 0.000123588 -1.71411e-06 -0.436392 -1.60483e-06 1.57079 -3.9041e-08
19.977 -0.436332 -0.436392 5.93241e-05 4.01088 -1.64978e-06 0.000123155 -1.7081e-06 -0.436392 -1.5992e-06 1.57079 -3.89052e-08
19.978 -0.436332 -0.436391 5.91145e-05 4.01084 -1.64395e-06 0.00012272 -1.70206e-06 -0.436391 -1.59354e-06 1.57079 -3.87689e-08
19.979 -0.436332 -0.436391 5.89039e-05 4.0108 -1.63809e-06 0.000122282 -1.69599e-06 -0.436391 -1.58786e-06 1.57079 -3.8632e-08
19.98 -0.436332 -0.436391 5.86925e-05 4.01075 -1.63221e-06 0.000121844 -1.6899e-06 -0.436391 -1.58216e-06 1.57079 -3.84946e-08
19.981 -0.436332 -0.436391 5.84802e-05 4.01071 -1.6263e-06 0.000121403 -1.68379e-06 -0.436391 -1.57643e-06 1.57079 -3.83565e-08
19.982 -0.436332 -0.436391 5.8267e-05 4.01067 -1.62037e-06 0.00012096 -1.67765e-06 -0.436391 -1.57068e-06 1.57079 -3.82179e-08
19.983 -0.436332 -0.43639 5.80529e-05 4.01063 -1.61441e-06 0.000120516 -1.67148e-06 -0.43639 -1.56491e-06 1.57079 -3.80788e-08
19.984 -0.436332 -0.43639 5.7838e-05 4.01058 -1.60843e-06 0.00012007 -1.66529e-06 -0.43639 -1.55911e-06 1.57079 -3.79391e-08
19.985 -0.436332 -0.43639 5.76223e-05 4.01054 -1.60243e-06 0.000119622 -1.65907e-06 -0.43639 -1.55329e-06 1.57079 -3.77988e-08
19.986 -0.436332 -0.43639 5.74057e-05 4.0105 -1.59641e-06 0.000119173 -1.65284e-06 -0.43639 -1.54745e-06 1.57079 -3.7658e-08
19.987 -0.436332 -0.43639 5.71883e-05 4.01045 -1.59036e-06 0.000118721 -1.64657e-06 -0.43639 -1.54159e-06 1.57079 -3.75167e-08
19.988 -0.436332 -0.436389 5.697e-05 4.01041 -1.58428e-06 0.000118269 -1.64029e-06 -0.436389 -1.5357e-06 1.57079 -3.73748e-08
19.989 -0.436332 -0.436389 5.6751e-05 4.01037 -1.57819e-06 0.000117814 -1.63398e-06 -0.436389 -1.52979e-06 1.57079 -3.72324e-08
19.99 -0.436332 -0.436389 5.65311e-05 4.01033 -1.57207e-06 0.000117357 -1.62764e-06 -0.436389 -1.52386e-06 1.57079 -3.70894e-08
19.991 -0.436332 -0.436389 5.63104e-05 4.01028 -1.56593e-06 0.000116899 -1.62129e-06 -0.436389 -1.51791e-06 1.57079 -3.6946e-08
19.992 -0.436332 -0.436388 5.6089e-05 4.01024 -1.55977e-06 0.00011644 -1.61491e-06 -0.436388 -1.51193e-06 1.57079 -3.6802e-08
19.993 -0.436332 -0.436388 5.58667e-05 4.0102 -1.55359e-06 0.000115979 -1.60851e-06 -0.436388 -1.50594e-06 1.57079 -3.66575e-08
19.994 -0.436332 -0.436388 5.56437e-05 4.01015 -1.54738e-06 0.000115516 -1.60208e-06 -0.436388 -1.49992e-06 1.57079 -3.65125e-08
19.995 -0.436332 -0.436388 5.54199e-05 4.01011 -1.54116e-06 0.000115051 -1.59564e-06 -0.436388 -1.49389e-06 1.57079 -3.63671e-08
19.996 -0.436332 -0.436388 5.51954e-05 4.01007 -1.53491e-06 0.000114585 -1.58917e-06 -0.436388 -1.48783e-06 1.57079 -3.62211e-08
19.997 -0.436332 -0.436387 5.49701e-05 4.01002 -1.52864e-06 0.000114117 -1.58268e-06 -0.436387 -1.48175e-06 1.57079 -3.60746e-08
19.998 -0.436332 -0.436387 5.4744e-05 4.00998 -1.52235e-06 0.000113648 -1.57617e-06 -0.436387 -1.47566e-06 1.57079 -3.59277e-08
19.999 -0.436332 -0.436387 5.45172e-05 4.00994 -1.51604e-06 0.000113177 -1.56963e-06 -0.436387 -1.46954e-06 1.57079 -3.57802e-08
20 -0.436332 -0.436387 5.42897e-05 4.00989 -1.50971e-06 0.000112705 -1.56308e-06 -0.436387 -1.4634e-06 1.57079 -3.56323e-08
20.001 -0.436332 -0.436386 5.40614e-05 4.00985 -1.50336e-06 0.000112231 -1.5565e-06 -0.436386 -1.45724e-06 1.57079 -3.54839e-08
20.002 -0.436332 -0.436386 5.38324e-05 4.00981 -1.49699e-06 0.000111756 -1.54991e-06 -0.436386 -1.45107e-06 1.57079 -3.53351e-08
20.003 -0.436332 -0.436386 5.36028e-05 4.00976 -1.4906e-06 0.000111279 -1.54329e-06 -0.436386 -1.44487e-06 1.57079 -3.51858e-08
20.004 -0.436332 -0.436386 5.33724e-05 4.00972 -1.48419e-06 0.000110801 -1.53666e-06 -0.436386 -1.43866e-06 1.57079 -3.5036e-08
20.005 -0.436332 -0.436385 5.31413e-05 4.00967 -1.47776e-06 0.000110322 -1.53e-06 -0.436385 -1.43243e-06 1.57079 -3.48858e-08
20.006 -0.436332 -0.436385 5.29096e-05 4.00963 -1.47131e-06 0.000109841 -1.52332e-06 -0.436385 -1.42617e-06 1.57079 -3.47351e-08
20.007 -0.436332 -0.436385 5.26771e-05 4.00959 -1.46485e-06 0.000109358 -1.51663e-06 -0.436385 -1.4199e-06 1.57079 -3.4584e-08
20.008 -0.436332 -0.436385 5.2444e-05 4.00954 -1.45836e-06 0.000108874 -1.50991e-06 -0.436385 -1.41362e-06 1.57079 -3.44325e-08
20.009 -0.436332 -0.436385 5.22102e-05 4.0095 -1.45186e-06 0.000108389 -1.50318e-06 -0.436385 -1.40731e-06 1.57079 -3.42805e-08
20.01 -0.436332 -0.436384 5.19758e-05 4.00946 -1.44534e-06 0.000107902 -1.49643e-06 -0.436384 -1.40099e-06 1.57079 -3.41282e-08
20.011 -0.436332 -0.436384 5.17407e-05 4.00941 -1.4388e-06 0.000107415 -1.48966e-06 -0.436384 -1.39465e-06 1.57079 -3.39753e-08
20.012 -0.436332 -0.436384 5.1505e-05 4.00937 -1.43224e-06 0.000106925 -1.48287e-06 -0.436384 -1.38829e-06 1.57079 -3.38221e-08
20.013 -0.436332 -0.436384 5.12687e-05 4.00932 -1.42566e-06 0.000106435 -1.47606e-06 -0.436384 -1.38191e-06 1.57079 -3.36685e-08
20.014 -0.436332 -0.436383 5.10317e-05 4.00928 -1.41907e-06 0.000105943 -1.46923e-06 -0.436383 -1.37552e-06 1.57079 -3.35144e-08
20.015 -0.436332 -0.436383 5.07941e-05 4.00924 -1.41246e-06 0.00010545 -1.46239e-06 -0.436383 -1.36911e-06 1.57079 -3.336e-08
20.016 -0.436332 -0.436383 5.05559e-05 4.00919 -1.40583e-06 0.000104955 -1.45553e-06 -0.436383 -1.36269e-06 1.57079 -3.32052e-08
