playtime q_target_4 q_joint_4 q_error_4 tau_desired_4 q_joint_1 q_joint_2 q_joint_3 q_joint_4 q_joint_5 q_joint_6 q_joint_7
42.103 -0.436332 -0.523598 0.0872655 8.72674 1.32005e-07 2.75312e-07 -6.62845e-06 -0.523598 1.70715e-05 1.5708 -0.00196513
42.104 -0.436332 -0.523564 0.0872318 8.38582 5.24301e-07 1.86478e-05 -5.68297e-06 -0.523564 1.54807e-05 1.57079 -0.0019626
42.105 -0.436332 -0.523498 0.0871662 8.06059 1.30913e-06 5.4557e-05 -3.87224e-06 -0.523498 1.241e-05 1.57076 -0.00195793
42.106 -0.436332 -0.523403 0.0870705 7.75029 2.48485e-06 0.000107199 -1.26937e-06 -0.523403 7.95334e-06 1.57073 -0.00195136
42.107 -0.436332 -0.523279 0.0869465 7.4542 4.04794e-06 0.000175805 2.05816e-06 -0.523279 2.19963e-06 1.57068 -0.00194309
42.108 -0.436332 -0.523128 0.0867957 7.17163 5.99322e-06 0.000259644 6.04803e-06 -0.523128 -4.76719e-06 1.57062 -0.00193332
42.109 -0.436332 -0.522952 0.0866197 6.90195 8.31413e-06 0.000358015 1.06427e-05 -0.522952 -1.28678e-05 1.57056 -0.00192223
42.11 -0.436332 -0.522752 0.0864199 6.64454 1.10029e-05 0.00047025 1.57888e-05 -0.522752 -2.20272e-05 1.57049 -0.00190997
42.111 -0.436332 -0.52253 0.0861978 6.39883 1.40507e-05 0.000595713 2.14372e-05 -0.52253 -3.21748e-05 1.57041 -0.00189667
42.112 -0.436332 -0.522287 0.0859547 6.16426 1.7448e-05 0.000733794 2.75422e-05 -0.522287 -4.32437e-05 1.57033 -0.00188248
42.113 -0.436332 -0.522024 0.0856918 5.94034 2.11843e-05 0.000883911 3.40616e-05 -0.522024 -5.51708e-05 1.57024 -0.00186749
42.114 -0.436332 -0.521743 0.0854104 5.72655 2.52488e-05 0.00104551 4.09563e-05 -0.521743 -6.78968e-05 1.57015 -0.00185181
42.115 -0.436332 -0.521444 0.0851115 5.52245 2.963e-05 0.00121805 4.819e-05 -0.521444 -8.13654e-05 1.57006 -0.00183553
42.116 -0.436332 -0.521129 0.0847963 5.32759 3.43163e-05 0.00140104 5.5729e-05 -0.521129 -9.55236e-05 1.56997 -0.00181873
42.117 -0.436332 -0.520798 0.0844658 5.14155 3.92956e-05 0.00159399 6.35421e-05 -0.520798 -0.000110322 1.56987 -0.00180149
42.118 -0.436332 -0.520453 0.084121 4.96394 4.45557e-05 0.00179643 7.16001e-05 -0.520453 -0.000125712 1.56977 -0.00178387
42.119 -0.436332 -0.520095 0.0837628 4.79438 5.00843e-05 0.00200793 7.98762e-05 -0.520095 -0.000141651 1.56968 -0.00176592
42.12 -0.436332 -0.519724 0.0833921 4.63252 5.58691e-05 0.00222805 8.83453e-05 -0.519724 -0.000158096 1.56958 -0.00174771
42.121 -0.436332 -0.519342 0.0830098 4.47801 6.18977e-05 0.0024564 9.6984e-05 -0.519342 -0.000175008 1.56948 -0.00172928
42.122 -0.436332 -0.518949 0.0826167 4.33054 6.81578e-05 0.00269259 0.000105771 -0.518949 -0.000192349 1.56938 -0.00171067
42.123 -0.436332 -0.518546 0.0822136 4.18979 7.46371e-05 0.00293625 0.000114685 -0.518546 -0.000210085 1.56928 -0.00169192
42.124 -0.436332 -0.518133 0.0818011 4.05548 8.13237e-05 0.00318703 0.000123709 -0.518133 -0.000228182 1.56918 -0.00167306
42.125 -0.436332 -0.517712 0.08138 3.92733 8.82055e-05 0.00344459 0.000132823 -0.517712 -0.00024661 1.56908 -0.00165413
42.126 -0.436332 -0.517283 0.080951 3.80506 9.5271e-05 0.0037086 0.000142013 -0.517283 -0.000265339 1.56898 -0.00163514
42.127 -0.436332 -0.516847 0.0805147 3.68844 0.000102508 0.00397876 0.000151263 -0.516847 -0.000284341 1.56888 -0.00161613
42.128 -0.436332 -0.516404 0.0800717 3.57722 0.000109907 0.00425478 0.000160559 -0.516404 -0.000303591 1.56878 -0.00159712
42.129 -0.436332 -0.515955 0.0796226 3.47116 0.000117454 0.00453637 0.000169887 -0.515955 -0.000323064 1.56868 -0.00157812
42.13 -0.436332 -0.5155 0.0791679 3.37007 0.000125141 0.00482327 0.000179235 -0.5155 -0.000342738 1.56859 -0.00155915
42.131 -0.436332 -0.515041 0.0787082 3.27372 0.000132956 0.00511522 0.000188593 -0.515041 -0.000362589 1.5685 -0.00154023
42.132 -0.436332 -0.514576 0.078244 3.18191 0.000140889 0.00541196 0.000197948 -0.514576 -0.000382599 1.5684 -0.00152137
42.133 -0.436332 -0.514108 0.0777757 3.09446 0.000148931 0.00571327 0.000207291 -0.514108 -0.000402747 1.56831 -0.00150258
42.134 -0.436332 -0.513636 0.0773038 3.01119 0.000157071 0.00601893 0.000216612 -0.513636 -0.000423017 1.56822 -0.00148388
42.135 -0.436332 -0.513161 0.0768287 2.93193 0.0001653 0.00632871 0.000225904 -0.513161 -0.00044339 1.56813 -0.00146527
42.136 -0.436332 -0.512683 0.0763508 2.8565 0.000173608 0.00664242 0.000235157 -0.512683 -0.000463852 1.56804 -0.00144675
42.137 -0.436332 -0.512203 0.0758706 2.78476 0.000181989 0.00695986 0.000244365 -0.512203 -0.000484387 1.56796 -0.00142835
42.138 -0.436332 -0.511721 0.0753883 2.71655 0.000190431 0.00728083 0.00025352 -0.511721 -0.000504981 1.56787 -0.00141006
42.139 -0.436332 -0.511237 0.0749045 2.65172 0.000198929 0.00760517 0.000262615 -0.511237 -0.000525621 1.56779 -0.00139189
42.14 -0.436332 -0.510752 0.0744193 2.59015 0.000207472 0.0079327 0.000271645 -0.510752 -0.000546295 1.56771 -0.00137385
42.141 -0.436332 -0.510265 0.0739331 2.53169 0.000216055 0.00826326 0.000280604 -0.510265 -0.00056699 1.56762 -0.00135593
42.142 -0.436332 -0.509779 0.0734463 2.47623 0.000224669 0.0085967 0.000289486 -0.509779 -0.000587697 1.56754 -0.00133814
42.143 -0.436332 -0.509291 0.0729591 2.42364 0.000233307 0.00893286 0.000298286 -0.509291 -0.000608405 1.56747 -0.0013205
42.144 -0.436332 -0.508804 0.0724717 2.37381 0.000241963 0.0092716 0.000307001 -0.508804 -0.000629105 1.56739 -0.00130298
42.145 -0.436332 -0.508317 0.0719845 2.32662 0.00025063 0.00961279 0.000315625 -0.508317 -0.000649787 1.56731 -0.00128561
42.146 -0.436332 -0.50783 0.0714978 2.28197 0.000259302 0.00995629 0.000324155 -0.50783 -0.000670443 1.56724 -0.00126838
42.147 -0.436332 -0.507344 0.0710116 2.23977 0.000267972 0.010302 0.000332587 -0.507344 -0.000691065 1.56717 -0.0012513
42.148 -0.436332 -0.506859 0.0705264 2.1999 0.000276635 0.0106498 0.000340918 -0.506859 -0.000711647 1.5671 -0.00123436
42.149 -0.436332 -0.506374 0.0700422 2.16229 0.000285285 0.0109995 0.000349144 -0.506374 -0.000732181 1.56703 -0.00121756
42.15 -0.436332 -0.505892 0.0695593 2.12684 0.000293918 0.0113511 0.000357262 -0.505892 -0.000752661 1.56696 -0.00120091
42.151 -0.436332 -0.50541 0.0690778 2.09347 0.000302527 0.0117045 0.000365271 -0.50541 -0.00077308 1.56689 -0.00118441
42.152 -0.436332 -0.50493 0.068598 2.06209 0.000311108 0.0120595 0.000373167 -0.50493 -0.000793434 1.56682 -0.00116805
42.153 -0.436332 -0.504452 0.0681201 2.03262 0.000319657 0.0124161 0.000380948 -0.504452 -0.000813718 1.56676 -0.00115184
42.154 -0.436332 -0.503976 0.0676442 2.005 0.000328168 0.0127742 0.000388612 -0.503976 -0.000833926 1.56669 -0.00113578
42.155 -0.436332 -0.503503 0.0671704 1.97915 0.000336638 0.0131337 0.000396158 -0.503503 -0.000854053 1.56663 -0.00111986
42.156 -0.436332 -0.503031 0.0666989 1.955 0.000345063 0.0134945 0.000403583 -0.503031 -0.000874097 1.56657 -0.00110409
42.157 -0.436332 -0.502562 0.0662298 1.93249 0.000353438 0.0138565 0.000410886 -0.502562 -0.000894053 1.56651 -0.00108847
42.158 -0.436332 -0.502096 0.0657634 1.91155 0.000361761 0.0142197 0.000418066 -0.502096 -0.000913917 1.56645 -0.00107299
42.159 -0.436332 -0.501632 0.0652996 1.89211 0.000370027 0.014584 0.000425121 -0.501632 -0.000933687 1.56639 -0.00105765
42.16 -0.436332 -0.501171 0.0648386 1.87413 0.000378234 0.0149493 0.00043205 -0.501171 -0.000953359 1.56633 -0.00104246
42.161 -0.436332 -0.500713 0.0643806 1.85755 0.000386378 0.0153156 0.000438853 -0.500713 -0.00097293 1.56627 -0.00102742
42.162 -0.436332 -0.500258 0.0639255 1.84231 0.000394457 0.0156828 0.000445527 -0.500258 -0.000992399 1.56622 -0.00101252
42.163 -0.436332 -0.499806 0.0634736 1.82836 0.000402467 0.0160509 0.000452074 -0.499806 -0.00101176 1.56616 -0.000997754
42.164 -0.436332 -0.499357 0.0630249 1.81565 0.000410405 0.0164198 0.000458491 -0.499357 -0.00103102 1.56611 -0.000983133
42.165 -0.436332 -0.498912 0.0625796 1.80414 0.000418271 0.0167894 0.000464779 -0.498912 -0.00105016 1.56605 -0.000968653
42.166 -0.436332 -0.49847 0.0621376 1.79377 0.00042606 0.0171597 0.000470937 -0.49847 -0.0010692 1.566 -0.000954311
42.167 -0.436332 -0.498031 0.061699 1.78451 0.000433771 0.0175307 0.000476964 -0.498031 -0.00108812 1.56595 -0.000940108
42.168 -0.436332 -0.497596 0.061264 1.77632 0.000441402 0.0179023 0.000482861 -0.497596 -0.00110693 1.5659 -0.000926042
42.169 -0.436332 -0.497165 0.0608326 1.76914 0.000448951 0.0182745 0.000488627 -0.497165 -0.00112562 1.56585 -0.000912112
42.17 -0.436332 -0.496737 0.0604049 1.76295 0.000456415 0.0186472 0.000494262 -0.496737 -0.0011442 1.5658 -0.000898317
42.171 -0.436332 -0.496313 0.0599808 1.75771 0.000463794 0.0190204 0.000499766 -0.496313 -0.00116266 1.56575 -0.000884656
42.172 -0.436332 -0.495893 0.0595605 1.75338 0.000471086 0.0193941 0.000505139 -0.495893 -0.001181 1.5657 -0.000871127
42.173 -0.436332 -0.495476 0.0591441 1.74992 0.000478289 0.0197682 0.000510382 -0.495476 -0.00119923 1.56565 -0.000857731
42.174 -0.436332 -0.495064 0.0587315 1.74731 0.000485401 0.0201427 0.000515493 -0.495064 -0.00121733 1.5656 -0.000844465
42.175 -0.436332 -0.494655 0.0583228 1.74551 0.000492422 0.0205176 0.000520474 -0.494655 -0.00123531 1.56556 -0.000831329
42.176 -0.436332 -0.49425 0.0579181 1.7445 0.000499351 0.0208928 0.000525325 -0.49425 -0.00125317 1.56551 -0.000818322
42.177 -0.436332 -0.49385 0.0575174 1.74423 0.000506186 0.0212684 0.000530047 -0.49385 -0.00127092 1.56547 -0.000805442
42.178 -0.436332 -0.493453 0.0571206 1.74469 0.000512926 0.0216442 0.000534639 -0.493453 -0.00128854 1.56542 -0.000792688
42.179 -0.436332 -0.49306 0.0567279 1.74585 0.000519571 0.0220203 0.000539101 -0.49306 -0.00130604 1.56538 -0.00078006
42.18 -0.436332 -0.492672 0.0563393 1.74768 0.000526119 0.0223967 0.000543436 -0.492672 -0.00132341 1.56533 -0.000767556
42.181 -0.436332 -0.492287 0.0559548 1.75016 0.00053257 0.0227733 0.000547642 -0.492287 -0.00134067 1.56529 -0.000755174
42.182 -0.436332 -0.491907 0.0555743 1.75326 0.000538924 0.0231501 0.000551721 -0.491907 -0.00135781 1.56525 -0.000742915
42.183 -0.436332 -0.49153 0.0551981 1.75696 0.000545179 0.0235271 0.000555673 -0.49153 -0.00137482 1.56521 -0.000730777
42.184 -0.436332 -0.491158 0.0548259 1.76124 0.000551335 0.0239043 0.000559499 -0.491158 -0.00139172 1.56516 -0.000718758
42.185 -0.436332 -0.49079 0.054458 1.76608 0.000557392 0.0242816 0.000563199 -0.49079 -0.00140849 1.56512 -0.000706858
42.186 -0.436332 -0.490426 0.0540942 1.77145 0.000563349 0.0246591 0.000566774 -0.490426 -0.00142515 1.56508 -0.000695075
42.187 -0.436332 -0.490067 0.0537346 1.77734 0.000569207 0.0250367 0.000570226 -0.490067 -0.00144168 1.56504 -0.000683409
42.188 -0.436332 -0.489711 0.0533791 1.78373 0.000574964 0.0254145 0.000573553 -0.489711 -0.0014581 1.565 -0.000671859
42.189 -0.436332 -0.48936 0.0530279 1.7906 0.00058062 0.0257924 0.000576759 -0.48936 -0.0014744 1.56496 -0.000660422
42.19 -0.436332 -0.489013 0.0526809 1.79793 0.000586177 0.0261703 0.000579842 -0.489013 -0.00149057 1.56492 -0.0006491
42.191 -0.436332 -0.48867 0.0523381 1.80571 0.000591632 0.0265484 0.000582804 -0.48867 -0.00150664 1.56489 -0.000637889
42.192 -0.436332 -0.488332 0.0519995 1.81391 0.000596987 0.0269265 0.000585646 -0.488332 -0.00152258 1.56485 -0.00062679
42.193 -0.436332 -0.487997 0.0516651 1.82253 0.000602242 0.0273048 0.000588369 -0.487997 -0.00153841 1.56481 -0.0006158
42.194 -0.436332 -0.487667 0.0513349 1.83155 0.000607396 0.027683 0.000590974 -0.487667 -0.00155412 1.56477 -0.00060492
42.195 -0.436332 -0.487341 0.0510089 1.84096 0.000612449 0.0280614 0.000593461 -0.487341 -0.00156972 1.56473 -0.000594149
42.196 -0.436332 -0.487019 0.0506871 1.85074 0.000617402 0.0284398 0.000595831 -0.487019 -0.0015852 1.5647 -0.000583484
42.197 -0.436332 -0.486702 0.0503695 1.86087 0.000622255 0.0288182 0.000598086 -0.486702 -0.00160057 1.56466 -0.000572925
42.198 -0.436332 -0.486388 0.0500561 1.87136 0.000627009 0.0291967 0.000600225 -0.486388 -0.00161583 1.56462 -0.000562472
42.199 -0.436332 -0.486079 0.0497468 1.88217 0.000631662 0.0295753 0.000602251 -0.486079 -0.00163097 1.56459 -0.000552122
42.2 -0.436332 -0.485774 0.0494417 1.89331 0.000636217 0.0299538 0.000604165 -0.485774 -0.001646 1.56455 -0.000541876
42.201 -0.436332 -0.485473 0.0491408 1.90475 0.000640672 0.0303325 0.000605966 -0.485473 -0.00166093 1.56452 -0.000531732
42.202 -0.436332 -0.485176 0.048844 1.9165 0.000645029 0.0307111 0.000607656 -0.485176 -0.00167574 1.56448 -0.000521689
42.203 -0.436332 -0.484884 0.0485513 1.92854 0.000649288 0.0310898 0.000609237 -0.484884 -0.00169045 1.56445 -0.000511747
42.204 -0.436332 -0.484595 0.0482628 1.94085 0.000653449 0.0314685 0.000610708 -0.484595 -0.00170504 1.56441 -0.000501904
42.205 -0.436332 -0.484311 0.0479784 1.95343 0.000657513 0.0318472 0.000612072 -0.484311 -0.00171954 1.56438 -0.000492159
42.206 -0.436332 -0.48403 0.047698 1.96628 0.00066148 0.0322259 0.000613328 -0.48403 -0.00173392 1.56434 -0.000482511
42.207 -0.436332 -0.483754 0.0474217 1.97937 0.000665351 0.0326047 0.000614479 -0.483754 -0.0017482 1.56431 -0.00047296
42.208 -0.436332 -0.483482 0.0471495 1.99271 0.000669126 0.0329835 0.000615525 -0.483482 -0.00176238 1.56428 -0.000463505
42.209 -0.436332 -0.483214 0.0468813 2.00628 0.000672806 0.0333623 0.000616467 -0.483214 -0.00177645 1.56424 -0.000454145
42.21 -0.436332 -0.482949 0.0466172 2.02008 0.000676392 0.0337412 0.000617306 -0.482949 -0.00179042 1.56421 -0.000444878
42.211 -0.436332 -0.482689 0.046357 2.0341 0.000679883 0.03412 0.000618043 -0.482689 -0.00180429 1.56418 -0.000435704
42.212 -0.436332 -0.482433 0.0461008 2.04832 0.000683281 0.0344989 0.000618679 -0.482433 -0.00181806 1.56414 -0.000426622
42.213 -0.436332 -0.482181 0.0458486 2.06275 0.000686586 0.0348778 0.000619216 -0.482181 -0.00183173 1.56411 -0.000417631
42.214 -0.436332 -0.481933 0.0456003 2.07738 0.000689799 0.0352568 0.000619654 -0.481933 -0.0018453 1.56408 -0.000408731
42.215 -0.436332 -0.481688 0.045356 2.0922 0.000692921 0.0356358 0.000619994 -0.481688 -0.00185878 1.56405 -0.00039992
42.216 -0.436332 -0.481448 0.0451156 2.10721 0.000695952 0.0360148 0.000620238 -0.481448 -0.00187216 1.56401 -0.000391197
42.217 -0.436332 -0.481211 0.044879 2.12239 0.000698893 0.0363938 0.000620385 -0.481211 -0.00188544 1.56398 -0.000382562
42.218 -0.436332 -0.480979 0.0446463 2.13774 0.000701745 0.0367729 0.000620438 -0.480979 -0.00189863 1.56395 -0.000374014
42.219 -0.436332 -0.48075 0.0444175 2.15327 0.000704508 0.037152 0.000620398 -0.48075 -0.00191173 1.56392 -0.000365552
42.22 -0.436332 -0.480525 0.0441925 2.16895 0.000707183 0.0375312 0.000620265 -0.480525 -0.00192473 1.56389 -0.000357176
42.221 -0.436332 -0.480304 0.0439712 2.18479 0.000709771 0.0379104 0.00062004 -0.480304 -0.00193764 1.56386 -0.000348883
42.222 -0.436332 -0.480086 0.0437538 2.20078 0.000712273 0.0382897 0.000619725 -0.480086 -0.00195047 1.56383 -0.000340675
42.223 -0.436332 -0.479872 0.0435401 2.21691 0.000714688 0.038669 0.00061932 -0.479872 -0.0019632 1.5638 -0.000332549
42.224 -0.436332 -0.479662 0.0433301 2.23319 0.00071702 0.0390483 0.000618827 -0.479662 -0.00197584 1.56376 -0.000324505
42.225 -0.436332 -0.479456 0.0431238 2.2496 0.000719266 0.0394277 0.000618246 -0.479456 -0.0019884 1.56373 -0.000316542
42.226 -0.436332 -0.479254 0.0429212 2.26615 0.00072143 0.0398072 0.000617578 -0.479254 -0.00200087 1.5637 -0.00030866
42.227 -0.436332 -0.479055 0.0427223 2.28283 0.000723511 0.0401867 0.000616825 -0.479055 -0.00201326 1.56367 -0.000300857
42.228 -0.436332 -0.478859 0.042527 2.29963 0.000725511 0.0405663 0.000615988 -0.478859 -0.00202556 1.56364 -0.000293133
42.229 -0.436332 -0.478668 0.0423353 2.31655 0.000727429 0.040946 0.000615067 -0.478668 -0.00203777 1.56361 -0.000285488
42.23 -0.436332 -0.478479 0.0421471 2.33359 0.000729267 0.0413258 0.000614063 -0.478479 -0.00204991 1.56358 -0.00027792
42.231 -0.436332 -0.478295 0.0419626 2.35074 0.000731026 0.0417056 0.000612978 -0.478295 -0.00206196 1.56355 -0.000270428
42.232 -0.436332 -0.478114 0.0417816 2.368 0.000732707 0.0420855 0.000611812 -0.478114 -0.00207394 1.56352 -0.000263013
42.233 -0.436332 -0.477936 0.0416041 2.38537 0.000734309 0.0424655 0.000610566 -0.477936 -0.00208583 1.5635 -0.000255672
42.234 -0.436332 -0.477762 0.0414301 2.40284 0.000735835 0.0428456 0.000609242 -0.477762 -0.00209764 1.56347 -0.000248406
42.235 -0.436332 -0.477592 0.0412595 2.42041 0.000737285 0.0432258 0.00060784 -0.477592 -0.00210938 1.56344 -0.000241214
42.236 -0.436332 -0.477425 0.0410924 2.43808 0.000738659 0.043606 0.000606361 -0.477425 -0.00212104 1.56341 -0.000234095
42.237 -0.436332 -0.477261 0.0409287 2.45584 0.000739959 0.0439864 0.000604806 -0.477261 -0.00213262 1.56338 -0.000227048
42.238 -0.436332 -0.477101 0.0407684 2.4737 0.000741186 0.0443669 0.000603176 -0.477101 -0.00214413 1.56335 -0.000220073
42.239 -0.436332 -0.476944 0.0406114 2.49164 0.00074234 0.0447475 0.000601473 -0.476944 -0.00215557 1.56332 -0.000213168
42.24 -0.436332 -0.47679 0.0404578 2.50967 0.000743421 0.0451282 0.000599696 -0.47679 -0.00216693 1.56329 -0.000206334
42.241 -0.436332 -0.47664 0.0403075 2.52778 0.000744432 0.045509 0.000597847 -0.47664 -0.00217822 1.56326 -0.00019957
42.242 -0.436332 -0.476493 0.0401605 2.54598 0.000745372 0.0458899 0.000595927 -0.476493 -0.00218943 1.56324 -0.000192874
42.243 -0.436332 -0.476349 0.0400168 2.56425 0.000746243 0.046271 0.000593937 -0.476349 -0.00220058 1.56321 -0.000186247
42.244 -0.436332 -0.476209 0.0398763 2.5826 0.000747045 0.0466522 0.000591877 -0.476209 -0.00221166 1.56318 -0.000179688
42.245 -0.436332 -0.476071 0.039739 2.60103 0.000747779 0.0470335 0.000589748 -0.476071 -0.00222267 1.56315 -0.000173195
42.246 -0.436332 -0.475937 0.0396049 2.61953 0.000748446 0.047415 0.000587552 -0.475937 -0.00223361 1.56312 -0.000166768
42.247 -0.436332 -0.475806 0.0394739 2.6381 0.000749047 0.0477966 0.000585289 -0.475806 -0.00224448 1.5631 -0.000160408
42.248 -0.436332 -0.475678 0.0393462 2.65674 0.000749582 0.0481784 0.00058296 -0.475678 -0.00225529 1.56307 -0.000154112
42.249 -0.436332 -0.475554 0.0392215 2.67544 0.000750053 0.0485603 0.000580566 -0.475554 -0.00226604 1.56304 -0.00014788
42.25 -0.436332 -0.475432 0.0390999 2.69421 0.00075046 0.0489423 0.000578108 -0.475432 -0.00227671 1.56301 -0.000141713
42.251 -0.436332 -0.475314 0.0389814 2.71304 0.000750804 0.0493245 0.000575586 -0.475314 -0.00228733 1.56299 -0.000135608
42.252 -0.436332 -0.475198 0.0388659 2.73194 0.000751086 0.0497069 0.000573002 -0.475198 -0.00229788 1.56296 -0.000129566
42.253 -0.436332 -0.475086 0.0387535 2.75089 0.000751306 0.0500895 0.000570356 -0.475086 -0.00230837 1.56293 -0.000123586
42.254 -0.436332 -0.474976 0.038644 2.7699 0.000751466 0.0504722 0.000567649 -0.474976 -0.0023188 1.5629 -0.000117668
42.255 -0.436332 -0.47487 0.0385376 2.78897 0.000751566 0.0508551 0.000564882 -0.47487 -0.00232917 1.56288 -0.00011181
42.256 -0.436332 -0.474766 0.038434 2.8081 0.000751607 0.0512381 0.000562056 -0.474766 -0.00233948 1.56285 -0.000106012
42.257 -0.436332 -0.474666 0.0383334 2.82727 0.000751589 0.0516214 0.000559171 -0.474666 -0.00234973 1.56282 -0.000100274
42.258 -0.436332 -0.474568 0.0382357 2.84651 0.000751514 0.0520048 0.000556229 -0.474568 -0.00235992 1.5628 -9.45949e-05
42.259 -0.436332 -0.474473 0.0381409 2.86579 0.000751383 0.0523884 0.000553229 -0.474473 -0.00237006 1.56277 -8.89741e-05
42.26 -0.436332 -0.474381 0.0380489 2.88512 0.000751195 0.0527722 0.000550174 -0.474381 -0.00238014 1.56274 -8.34113e-05
42.261 -0.436332 -0.474292 0.0379598 2.9045 0.000750952 0.0531562 0.000547063 -0.474292 -0.00239016 1.56272 -7.79057e-05
42.262 -0.436332 -0.474206 0.0378734 2.92393 0.000750655 0.0535404 0.000543898 -0.474206 -0.00240013 1.56269 -7.24569e-05
42.263 -0.436332 -0.474122 0.0377899 2.9434 0.000750304 0.0539248 0.000540678 -0.474122 -0.00241004 1.56266 -6.70643e-05
42.264 -0.436332 -0.474041 0.0377091 2.96292 0.0007499 0.0543094 0.000537406 -0.474041 -0.0024199 1.56264 -6.17274e-05
42.265 -0.436332 -0.473963 0.037631 2.98248 0.000749444 0.0546942 0.000534081 -0.473963 -0.00242971 1.56261 -5.64456e-05
42.266 -0.436332 -0.473888 0.0375557 3.00209 0.000748937 0.0550792 0.000530704 -0.473888 -0.00243947 1.56258 -5.12183e-05
42.267 -0.436332 -0.473815 0.037483 3.02174 0.000748379 0.0554644 0.000527277 -0.473815 -0.00244917 1.56256 -4.60451e-05
42.268 -0.436332 -0.473745 0.037413 3.04143 0.000747771 0.0558499 0.000523799 -0.473745 -0.00245883 1.56253 -4.09254e-05
42.269 -0.436332 -0.473678 0.0373457 3.06115 0.000747113 0.0562356 0.000520272 -0.473678 -0.00246843 1.56251 -3.58588e-05
42.27 -0.436332 -0.473613 0.0372809 3.08092 0.000746407 0.0566215 0.000516696 -0.473613 -0.00247799 1.56248 -3.08446e-05
42.271 -0.436332 -0.473551 0.0372188 3.10073 0.000745653 0.0570076 0.000513072 -0.473551 -0.00248749 1.56245 -2.58824e-05
42.272 -0.436332 -0.473492 0.0371593 3.12057 0.000744852 0.0573939 0.0005094 -0.473492 -0.00249695 1.56243 -2.09717e-05
42.273 -0.436332 -0.473435 0.0371023 3.14045 0.000744005 0.0577805 0.000505682 -0.473435 -0.00250636 1.5624 -1.6112e-05
42.274 -0.436332 -0.47338 0.0370479 3.16036 0.000743111 0.0581673 0.000501918 -0.47338 -0.00251573 1.56238 -1.13028e-05
42.275 -0.436332 -0.473328 0.0369959 3.18031 0.000742173 0.0585544 0.000498108 -0.473328 -0.00252505 1.56235 -6.54351e-06
42.276 -0.436332 -0.473279 0.0369465 3.20029 0.00074119 0.0589417 0.000494253 -0.473279 -0.00253432 1.56233 -1.83378e-06
42.277 -0.436332 -0.473232 0.0368995 3.22031 0.000740164 0.0593292 0.000490354 -0.473232 -0.00254355 1.5623 2.82692e-06
42.278 -0.436332 -0.473187 0.036855 3.24036 0.000739094 0.059717 0.000486412 -0.473187 -0.00255274 1.56227 7.43907e-06
42.279 -0.436332 -0.473145 0.0368129 3.26044 0.000737983 0.060105 0.000482427 -0.473145 -0.00256188 1.56225 1.20031e-05
42.28 -0.436332 -0.473106 0.0367733 3.28055 0.000736829 0.0604933 0.000478399 -0.473106 -0.00257098 1.56222 1.65196e-05
42.281 -0.436332 -0.473068 0.036736 3.30069 0.000735634 0.0608819 0.00047433 -0.473068 -0.00258004 1.5622 2.09889e-05
42.282 -0.436332 -0.473033 0.0367011 3.32086 0.000734399 0.0612707 0.00047022 -0.473033 -0.00258906 1.56217 2.54115e-05
42.283 -0.436332 -0.473001 0.0366685 3.34106 0.000733125 0.0616597 0.00046607 -0.473001 -0.00259803 1.56215 2.97879e-05
42.284 -0.436332 -0.472971 0.0366382 3.36128 0.000731811 0.062049 0.000461879 -0.472971 -0.00260697 1.56212 3.41185e-05
42.285 -0.436332 -0.472943 0.0366103 3.38154 0.000730458 0.0624386 0.00045765 -0.472943 -0.00261586 1.5621 3.84037e-05
42.286 -0.436332 -0.472917 0.0365846 3.40182 0.000729068 0.0628285 0.000453382 -0.472917 -0.00262472 1.56207 4.26441e-05
42.287 -0.436332 -0.472894 0.0365612 3.42213 0.00072764 0.0632186 0.000449075 -0.472894 -0.00263354 1.56205 4.68399e-05
42.288 -0.436332 -0.472872 0.0365401 3.44246 0.000726176 0.0636089 0.000444732 -0.472872 -0.00264232 1.56202 5.09918e-05
42.289 -0.436332 -0.472853 0.0365211 3.46282 0.000724675 0.0639996 0.000440351 -0.472853 -0.00265106 1.562 5.51e-05
42.29 -0.436332 -0.472837 0.0365044 3.4832 0.000723139 0.0643905 0.000435934 -0.472837 -0.00265976 1.56198 5.91651e-05
42.291 -0.436332 -0.472822 0.0364899 3.50361 0.000721568 0.0647817 0.000431481 -0.472822 -0.00266843 1.56195 6.31874e-05
42.292 -0.436332 -0.47281 0.0364775 3.52404 0.000719963 0.0651731 0.000426993 -0.47281 -0.00267706 1.56193 6.71674e-05
42.293 -0.436332 -0.4728 0.0364673 3.54449 0.000718324 0.0655649 0.00042247 -0.4728 -0.00268566 1.5619 7.11054e-05
42.294 -0.436332 -0.472791 0.0364592 3.56497 0.000716652 0.0659569 0.000417912 -0.472791 -0.00269422 1.56188 7.50019e-05
42.295 -0.436332 -0.472786 0.0364532 3.58547 0.000714948 0.0663492 0.000413321 -0.472786 -0.00270275 1.56185 7.88573e-05
42.296 -0.436332 -0.472782 0.0364493 3.60599 0.000713211 0.0667418 0.000408697 -0.472782 -0.00271125 1.56183 8.2672e-05
42.297 -0.436332 -0.47278 0.0364475 3.62653 0.000711443 0.0671347 0.000404041 -0.47278 -0.00271971 1.56181 8.64463e-05
42.298 -0.436332 -0.47278 0.0364477 3.64709 0.000709644 0.0675278 0.000399352 -0.47278 -0.00272814 1.56178 9.01808e-05
42.299 -0.436332 -0.472782 0.03645 3.66767 0.000707815 0.0679212 0.000394631 -0.472782 -0.00273653 1.56176 9.38757e-05
42.3 -0.436332 -0.472787 0.0364543 3.68828 0.000705955 0.068315 0.000389879 -0.472787 -0.0027449 1.56173 9.75314e-05
42.301 -0.436332 -0.472793 0.0364605 3.7089 0.000704067 0.068709 0.000385097 -0.472793 -0.00275323 1.56171 0.000101148
42.302 -0.436332 -0.472801 0.0364688 3.72954 0.000702149 0.0691033 0.000380284 -0.472801 -0.00276153 1.56169 0.000104727
42.303 -0.436332 -0.472811 0.036479 3.7502 0.000700204 0.0694979 0.000375441 -0.472811 -0.00276981 1.56166 0.000108268
42.304 -0.436332 -0.472824 0.0364912 3.77087 0.00069823 0.0698927 0.00037057 -0.472824 -0.00277805 1.56164 0.00011177
42.305 -0.436332 -0.472838 0.0365053 3.79157 0.00069623 0.0702879 0.000365669 -0.472838 -0.00278626 1.56161 0.000115236
42.306 -0.436332 -0.472854 0.0365213 3.81228 0.000694202 0.0706834 0.00036074 -0.472854 -0.00279444 1.56159 0.000118665
42.307 -0.436332 -0.472872 0.0365392 3.833 0.000692148 0.0710791 0.000355783 -0.472872 -0.0028026 1.56157 0.000122057
42.308 -0.436332 -0.472891 0.036559 3.85375 0.000690069 0.0714752 0.000350799 -0.472891 -0.00281072 1.56154 0.000125413
42.309 -0.436332 -0.472913 0.0365807 3.87451 0.000687964 0.0718715 0.000345787 -0.472913 -0.00281882 1.56152 0.000128733
42.31 -0.436332 -0.472936 0.0366042 3.89529 0.000685835 0.0722682 0.000340749 -0.472936 -0.00282689 1.5615 0.000132018
42.311 -0.436332 -0.472962 0.0366295 3.91608 0.000683681 0.0726651 0.000335685 -0.472962 -0.00283494 1.56147 0.000135267
42.312 -0.436332 -0.472989 0.0366566 3.93688 0.000681503 0.0730624 0.000330595 -0.472989 -0.00284296 1.56145 0.000138482
42.313 -0.436332 -0.473018 0.0366855 3.9577 0.000679302 0.0734599 0.00032548 -0.473018 -0.00285095 1.56143 0.000141662
42.314 -0.436332 -0.473049 0.0367162 3.97854 0.000677077 0.0738577 0.00032034 -0.473049 -0.00285891 1.5614 0.000144808
42.315 -0.436332 -0.473081 0.0367486 3.99939 0.000674831 0.0742559 0.000315175 -0.473081 -0.00286685 1.56138 0.00014792
42.316 -0.436332 -0.473115 0.0367828 4.02025 0.000672562 0.0746543 0.000309986 -0.473115 -0.00287477 1.56136 0.000150999
42.317 -0.436332 -0.473151 0.0368188 4.04113 0.000670272 0.075053 0.000304773 -0.473151 -0.00288266 1.56133 0.000154045
42.318 -0.436332 -0.473189 0.0368564 4.06202 0.00066796 0.0754521 0.000299537 -0.473189 -0.00289053 1.56131 0.000157058
42.319 -0.436332 -0.473228 0.0368957 4.08292 0.000665628 0.0758514 0.000294279 -0.473228 -0.00289837 1.56129 0.000160038
42.32 -0.436332 -0.473269 0.0369368 4.10383 0.000663275 0.076251 0.000288997 -0.473269 -0.00290619 1.56127 0.000162986
42.321 -0.436332 -0.473312 0.0369794 4.12476 0.000660903 0.0766509 0.000283694 -0.473312 -0.00291398 1.56124 0.000165903
42.322 -0.436332 -0.473356 0.0370238 4.1457 0.00065851 0.0770512 0.000278368 -0.473356 -0.00292176 1.56122 0.000168788
42.323 -0.436332 -0.473402 0.0370697 4.16664 0.000656099 0.0774517 0.000273021 -0.473402 -0.00292951 1.5612 0.000171641
42.324 -0.436332 -0.47345 0.0371173 4.1876 0.000653669 0.0778525 0.000267653 -0.47345 -0.00293724 1.56117 0.000174464
42.325 -0.436332 -0.473499 0.0371665 4.20857 0.000651221 0.0782536 0.000262264 -0.473499 -0.00294495 1.56115 0.000177256
42.326 -0.436332 -0.47355 0.0372173 4.22955 0.000648755 0.0786551 0.000256855 -0.47355 -0.00295263 1.56113 0.000180017
42.327 -0.436332 -0.473602 0.0372697 4.25054 0.000646271 0.0790568 0.000251426 -0.473602 -0.0029603 1.56111 0.000182749
42.328 -0.436332 -0.473656 0.0373236 4.27155 0.000643771 0.0794588 0.000245977 -0.473656 -0.00296794 1.56108 0.000185451
42.329 -0.436332 -0.473711 0.037379 4.29256 0.000641253 0.0798611 0.000240509 -0.473711 -0.00297556 1.56106 0.000188123
42.33 -0.436332 -0.473768 0.037436 4.31357 0.000638719 0.0802637 0.000235021 -0.473768 -0.00298317 1.56104 0.000190767
42.331 -0.436332 -0.473827 0.0374946 4.3346 0.000636169 0.0806666 0.000229515 -0.473827 -0.00299075 1.56102 0.000193381
42.332 -0.436332 -0.473887 0.0375546 4.35564 0.000633603 0.0810698 0.000223991 -0.473887 -0.00299832 1.56099 0.000195967
42.333 -0.436332 -0.473948 0.0376161 4.37668 0.000631023 0.0814733 0.000218449 -0.473948 -0.00300586 1.56097 0.000198524
42.334 -0.436332 -0.474011 0.0376791 4.39774 0.000628427 0.0818771 0.000212888 -0.474011 -0.00301339 1.56095 0.000201054
42.335 -0.436332 -0.474076 0.0377435 4.4188 0.000625816 0.0822812 0.000207311 -0.474076 -0.0030209 1.56093 0.000203555
42.336 -0.436332 -0.474142 0.0378094 4.43987 0.000623191 0.0826856 0.000201716 -0.474142 -0.00302839 1.5609 0.00020603
42.337 -0.436332 -0.474209 0.0378767 4.46094 0.000620553 0.0830903 0.000196104 -0.474209 -0.00303586 1.56088 0.000208476
42.338 -0.436332 -0.474278 0.0379455 4.48203 0.0006179 0.0834953 0.000190476 -0.474278 -0.00304331 1.56086 0.000210897
42.339 -0.436332 -0.474348 0.0380156 4.50312 0.000615235 0.0839006 0.000184832 -0.474348 -0.00305075 1.56084 0.00021329
42.34 -0.436332 -0.474419 0.0380872 4.52421 0.000612556 0.0843061 0.000179172 -0.474419 -0.00305817 1.56082 0.000215657
42.341 -0.436332 -0.474492 0.0381601 4.54531 0.000609865 0.084712 0.000173496 -0.474492 -0.00306557 1.56079 0.000217997
42.342 -0.436332 -0.474567 0.0382344 4.56642 0.000607162 0.0851181 0.000167804 -0.474567 -0.00307296 1.56077 0.000220312
42.343 -0.436332 -0.474642 0.0383101 4.58754 0.000604446 0.0855245 0.000162098 -0.474642 -0.00308033 1.56075 0.000222601
42.344 -0.436332 -0.474719 0.0383871 4.60865 0.000601719 0.0859313 0.000156377 -0.474719 -0.00308768 1.56073 0.000224865
42.345 -0.436332 -0.474798 0.0384654 4.62978 0.000598981 0.0863383 0.000150641 -0.474798 -0.00309502 1.56071 0.000227104
42.346 -0.436332 -0.474877 0.038545 4.65091 0.000596231 0.0867456 0.000144891 -0.474877 -0.00310234 1.56069 0.000229318
42.347 -0.436332 -0.474958 0.038626 4.67204 0.000593471 0.0871531 0.000139127 -0.474958 -0.00310965 1.56066 0.000231507
42.348 -0.436332 -0.475041 0.0387082 4.69318 0.0005907 0.087561 0.000133349 -0.475041 -0.00311694 1.56064 0.000233671
42.349 -0.436332 -0.475124 0.0387917 4.71432 0.000587919 0.0879691 0.000127558 -0.475124 -0.00312422 1.56062 0.000235812
42.35 -0.436332 -0.475209 0.0388765 4.73547 0.000585128 0.0883775 0.000121754 -0.475209 -0.00313148 1.5606 0.000237928
42.351 -0.436332 -0.475295 0.0389625 4.75662 0.000582328 0.0887862 0.000115936 -0.475295 -0.00313873 1.56058 0.000240021
42.352 -0.436332 -0.475382 0.0390498 4.77777 0.000579518 0.0891952 0.000110106 -0.475382 -0.00314596 1.56056 0.00024209
42.353 -0.436332 -0.475471 0.0391383 4.79893 0.000576699 0.0896045 0.000104263 -0.475471 -0.00315318 1.56053 0.000244136
42.354 -0.436332 -0.47556 0.0392281 4.82009 0.000573871 0.090014 9.84082e-05 -0.47556 -0.00316039 1.56051 0.000246159
42.355 -0.436332 -0.475651 0.039319 4.84125 0.000571034 0.0904238 9.25413e-05 -0.475651 -0.00316758 1.56049 0.000248159
42.356 -0.436332 -0.475743 0.0394111 4.86242 0.00056819 0.0908339 8.66626e-05 -0.475743 -0.00317476 1.56047 0.000250137
42.357 -0.436332 -0.475837 0.0395044 4.88359 0.000565337 0.0912442 8.07723e-05 -0.475837 -0.00318192 1.56045 0.000252092
42.358 -0.436332 -0.475931 0.0395989 4.90475 0.000562476 0.0916548 7.48707e-05 -0.475931 -0.00318908 1.56043 0.000254025
42.359 -0.436332 -0.476027 0.0396946 4.92593 0.000559608 0.0920657 6.89581e-05 -0.476027 -0.00319622 1.56041 0.000255937
42.36 -0.436332 -0.476124 0.0397914 4.9471 0.000556733 0.0924769 6.30345e-05 -0.476124 -0.00320335 1.56039 0.000257826
42.361 -0.436332 -0.476222 0.0398893 4.96827 0.00055385 0.0928883 5.71003e-05 -0.476222 -0.00321046 1.56036 0.000259694
42.362 -0.436332 -0.476321 0.0399884 4.98945 0.000550961 0.0933 5.11557e-05 -0.476321 -0.00321757 1.56034 0.000261541
42.363 -0.436332 -0.476421 0.0400885 5.01062 0.000548065 0.0937119 4.52009e-05 -0.476421 -0.00322466 1.56032 0.000263367
42.364 -0.436332 -0.476522 0.0401898 5.0318 0.000545163 0.0941241 3.9236e-05 -0.476522 -0.00323174 1.5603 0.000265172
42.365 -0.436332 -0.476625 0.0402922 5.05298 0.000542254 0.0945366 3.32614e-05 -0.476625 -0.00323881 1.56028 0.000266956
42.366 -0.436332 -0.476728 0.0403957 5.07415 0.00053934 0.0949493 2.72771e-05 -0.476728 -0.00324586 1.56026 0.00026872
42.367 -0.436332 -0.476832 0.0405002 5.09533 0.00053642 0.0953622 2.12835e-05 -0.476832 -0.00325291 1.56024 0.000270464
42.368 -0.436332 -0.476938 0.0406058 5.11651 0.000533495 0.0957755 1.52807e-05 -0.476938 -0.00325995 1.56022 0.000272187
42.369 -0.436332 -0.477045 0.0407124 5.13768 0.000530564 0.0961889 9.26884e-06 -0.477045 -0.00326697 1.5602 0.000273891
42.37 -0.436332 -0.477152 0.0408201 5.15886 0.000527628 0.0966027 3.24821e-06 -0.477152 -0.00327399 1.56018 0.000275575
42.371 -0.436332 -0.477261 0.0409288 5.18003 0.000524688 0.0970166 -2.78103e-06 -0.477261 -0.00328099 1.56016 0.000277239
42.372 -0.436332 -0.477371 0.0410386 5.2012 0.000521742 0.0974308 -8.8187e-06 -0.477371 -0.00328798 1.56013 0.000278885
42.373 -0.436332 -0.477482 0.0411493 5.22237 0.000518793 0.0978453 -1.48646e-05 -0.477482 -0.00329497 1.56011 0.000280511
42.374 -0.436332 -0.477593 0.041261 5.24354 0.000515839 0.09826 -2.09186e-05 -0.477593 -0.00330194 1.56009 0.000282118
42.375 -0.436332 -0.477706 0.0413738 5.26471 0.000512881 0.0986749 -2.69804e-05 -0.477706 -0.0033089 1.56007 0.000283707
42.376 -0.436332 -0.47782 0.0414875 5.28588 0.000509919 0.0990901 -3.30499e-05 -0.47782 -0.00331586 1.56005 0.000285277
42.377 -0.436332 -0.477934 0.0416022 5.30704 0.000506954 0.0995055 -3.91269e-05 -0.477934 -0.0033228 1.56003 0.000286829
42.378 -0.436332 -0.47805 0.0417178 5.3282 0.000503985 0.0999211 -4.52113e-05 -0.47805 -0.00332973 1.56001 0.000288362
42.379 -0.436332 -0.478167 0.0418344 5.34936 0.000501013 0.100337 -5.13028e-05 -0.478167 -0.00333666 1.55999 0.000289878
42.38 -0.436332 -0.478284 0.0419519 5.37052 0.000498038 0.100753 -5.74014e-05 -0.478284 -0.00334358 1.55997 0.000291376
42.381 -0.436332 -0.478403 0.0420704 5.39167 0.00049506 0.101169 -6.35067e-05 -0.478403 -0.00335048 1.55995 0.000292856
42.382 -0.436332 -0.478522 0.0421898 5.41282 0.000492079 0.101586 -6.96187e-05 -0.478522 -0.00335738 1.55993 0.000294319
42.383 -0.436332 -0.478642 0.0423101 5.43396 0.000489096 0.102003 -7.57373e-05 -0.478642 -0.00336427 1.55991 0.000295764
42.384 -0.436332 -0.478764 0.0424313 5.45511 0.00048611 0.10242 -8.18621e-05 -0.478764 -0.00337115 1.55989 0.000297193
42.385 -0.436332 -0.478886 0.0425534 5.47624 0.000483122 0.102837 -8.79932e-05 -0.478886 -0.00337803 1.55987 0.000298604
42.386 -0.436332 -0.479009 0.0426763 5.49738 0.000480132 0.103254 -9.41303e-05 -0.479009 -0.00338489 1.55985 0.000299999
42.387 -0.436332 -0.479133 0.0428002 5.51851 0.000477139 0.103672 -0.000100273 -0.479133 -0.00339175 1.55983 0.000301377
42.388 -0.436332 -0.479257 0.0429249 5.53963 0.000474146 0.10409 -0.000106422 -0.479257 -0.0033986 1.55981 0.000302739
42.389 -0.436332 -0.479383 0.0430505 5.56075 0.00047115 0.104508 -0.000112576 -0.479383 -0.00340544 1.55979 0.000304084
42.39 -0.436332 -0.479509 0.0431769 5.58186 0.000468154 0.104926 -0.000118736 -0.479509 -0.00341227 1.55977 0.000305413
42.391 -0.436332 -0.479636 0.0433041 5.60297 0.000465155 0.105345 -0.000124901 -0.479636 -0.00341909 1.55975 0.000306727
42.392 -0.436332 -0.479765 0.0434322 5.62408 0.000462156 0.105763 -0.000131071 -0.479765 -0.00342591 1.55973 0.000308024
42.393 -0.436332 -0.479893 0.0435611 5.64518 0.000459156 0.106182 -0.000137246 -0.479893 -0.00343272 1.55971 0.000309306
42.394 -0.436332 -0.480023 0.0436909 5.66627 0.000456155 0.106601 -0.000143426 -0.480023 -0.00343952 1.55969 0.000310572
42.395 -0.436332 -0.480154 0.0438214 5.68735 0.000453153 0.10702 -0.00014961 -0.480154 -0.00344632 1.55967 0.000311823
42.396 -0.436332 -0.480285 0.0439527 5.70843 0.000450151 0.10744 -0.000155799 -0.480285 -0.00345311 1.55965 0.000313059
42.397 -0.436332 -0.480417 0.0440848 5.72951 0.000447148 0.107859 -0.000161993 -0.480417 -0.00345989 1.55963 0.00031428
42.398 -0.436332 -0.48055 0.0442177 5.75057 0.000444146 0.108279 -0.000168191 -0.48055 -0.00346666 1.55961 0.000315486
42.399 -0.436332 -0.480684 0.0443513 5.77163 0.000441142 0.108699 -0.000174393 -0.480684 -0.00347343 1.55959 0.000316677
42.4 -0.436332 -0.480818 0.0444857 5.79269 0.000438139 0.109119 -0.000180599 -0.480818 -0.00348019 1.55957 0.000317854
42.401 -0.436332 -0.480953 0.0446209 5.81373 0.000435136 0.10954 -0.000186808 -0.480953 -0.00348695 1.55955 0.000319016
42.402 -0.436332 -0.481089 0.0447568 5.83477 0.000432134 0.10996 -0.000193022 -0.481089 -0.00349369 1.55953 0.000320164
42.403 -0.436332 -0.481226 0.0448935 5.8558 0.000429131 0.110381 -0.000199239 -0.481226 -0.00350043 1.55951 0.000321297
42.404 -0.436332 -0.481363 0.0450308 5.87682 0.000426129 0.110802 -0.00020546 -0.481363 -0.00350717 1.55949 0.000322417
42.405 -0.436332 -0.481501 0.0451689 5.89783 0.000423128 0.111223 -0.000211685 -0.481501 -0.0035139 1.55947 0.000323523
42.406 -0.436332 -0.48164 0.0453077 5.91884 0.000420127 0.111644 -0.000217912 -0.48164 -0.00352062 1.55945 0.000324615
42.407 -0.436332 -0.48178 0.0454472 5.93984 0.000417128 0.112065 -0.000224143 -0.48178 -0.00352733 1.55943 0.000325693
42.408 -0.436332 -0.48192 0.0455875 5.96083 0.000414129 0.112487 -0.000230376 -0.48192 -0.00353404 1.55941 0.000326758
42.409 -0.436332 -0.482061 0.0457283 5.98181 0.000411131 0.112908 -0.000236613 -0.482061 -0.00354075 1.55939 0.00032781
42.41 -0.436332 -0.482202 0.0458699 6.00278 0.000408135 0.11333 -0.000242852 -0.482202 -0.00354745 1.55937 0.000328848
42.411 -0.436332 -0.482344 0.0460122 6.02374 0.00040514 0.113752 -0.000249095 -0.482344 -0.00355414 1.55935 0.000329873
42.412 -0.436332 -0.482487 0.0461551 6.04469 0.000402146 0.114174 -0.000255339 -0.482487 -0.00356082 1.55933 0.000330886
42.413 -0.436332 -0.482631 0.0462987 6.06563 0.000399154 0.114597 -0.000261586 -0.482631 -0.00356751 1.55932 0.000331885
42.414 -0.436332 -0.482775 0.0464429 6.08656 0.000396163 0.115019 -0.000267836 -0.482775 -0.00357418 1.5593 0.000332872
42.415 -0.436332 -0.48292 0.0465878 6.10749 0.000393174 0.115441 -0.000274088 -0.48292 -0.00358085 1.55928 0.000333847
42.416 -0.436332 -0.483066 0.0467333 6.1284 0.000390187 0.115864 -0.000280342 -0.483066 -0.00358751 1.55926 0.000334809
42.417 -0.436332 -0.483212 0.0468794 6.1493 0.000387202 0.116287 -0.000286598 -0.483212 -0.00359417 1.55924 0.000335758
42.418 -0.436332 -0.483358 0.0470262 6.17019 0.000384219 0.11671 -0.000292855 -0.483358 -0.00360083 1.55922 0.000336695
42.419 -0.436332 -0.483506 0.0471735 6.19107 0.000381238 0.117133 -0.000299115 -0.483506 -0.00360747 1.5592 0.000337621
42.42 -0.436332 -0.483654 0.0473215 6.21194 0.000378259 0.117556 -0.000305377 -0.483654 -0.00361412 1.55918 0.000338534
42.421 -0.436332 -0.483802 0.0474701 6.2328 0.000375282 0.117979 -0.00031164 -0.483802 -0.00362075 1.55916 0.000339436
42.422 -0.436332 -0.483952 0.0476193 6.25365 0.000372308 0.118403 -0.000317904 -0.483952 -0.00362739 1.55914 0.000340325
42.423 -0.436332 -0.484101 0.047769 6.27448 0.000369337 0.118826 -0.00032417 -0.484101 -0.00363401 1.55912 0.000341204
42.424 -0.436332 -0.484252 0.0479194 6.2953 0.000366368 0.11925 -0.000330437 -0.484252 -0.00364064 1.5591 0.00034207
42.425 -0.436332 -0.484403 0.0480703 6.31611 0.000363401 0.119674 -0.000336706 -0.484403 -0.00364725 1.55909 0.000342926
42.426 -0.436332 -0.484554 0.0482218 6.33691 0.000360437 0.120098 -0.000342975 -0.484554 -0.00365387 1.55907 0.00034377
42.427 -0.436332 -0.484706 0.0483738 6.3577 0.000357477 0.120521 -0.000349246 -0.484706 -0.00366047 1.55905 0.000344603
42.428 -0.436332 -0.484859 0.0485264 6.37847 0.000354519 0.120946 -0.000355518 -0.484859 -0.00366708 1.55903 0.000345425
42.429 -0.436332 -0.485012 0.0486795 6.39924 0.000351564 0.12137 -0.00036179 -0.485012 -0.00367368 1.55901 0.000346236
42.43 -0.436332 -0.485165 0.0488332 6.41998 0.000348612 0.121794 -0.000368063 -0.485165 -0.00368027 1.55899 0.000347036
42.431 -0.436332 -0.48532 0.0489874 6.44072 0.000345663 0.122218 -0.000374337 -0.48532 -0.00368686 1.55897 0.000347826
42.432 -0.436332 -0.485474 0.0491421 6.46144 0.000342717 0.122643 -0.000380612 -0.485474 -0.00369344 1.55895 0.000348604
42.433 -0.436332 -0.48563 0.0492973 6.48215 0.000339775 0.123067 -0.000386887 -0.48563 -0.00370002 1.55894 0.000349373
42.434 -0.436332 -0.485785 0.0494531 6.50285 0.000336836 0.123492 -0.000393162 -0.485785 -0.0037066 1.55892 0.000350131
42.435 -0.436332 -0.485942 0.0496093 6.52353 0.0003339 0.123916 -0.000399438 -0.485942 -0.00371317 1.5589 0.000350879
42.436 -0.436332 -0.486098 0.0497661 6.54419 0.000330968 0.124341 -0.000405714 -0.486098 -0.00371973 1.55888 0.000351616
42.437 -0.436332 -0.486256 0.0499233 6.56485 0.00032804 0.124766 -0.00041199 -0.486256 -0.00372629 1.55886 0.000352344
42.438 -0.436332 -0.486413 0.0500811 6.58549 0.000325115 0.125191 -0.000418266 -0.486413 -0.00373285 1.55884 0.000353061
42.439 -0.436332 -0.486572 0.0502393 6.60611 0.000322194 0.125616 -0.000424542 -0.486572 -0.0037394 1.55882 0.000353769
42.44 -0.436332 -0.48673 0.050398 6.62672 0.000319277 0.126041 -0.000430818 -0.48673 -0.00374595 1.55881 0.000354467
42.441 -0.436332 -0.486889 0.0505572 6.64732 0.000316363 0.126466 -0.000437094 -0.486889 -0.0037525 1.55879 0.000355155
42.442 -0.436332 -0.487049 0.0507168 6.6679 0.000313454 0.126891 -0.000443369 -0.487049 -0.00375904 1.55877 0.000355834
42.443 -0.436332 -0.487209 0.0508769 6.68846 0.000310548 0.127316 -0.000449645 -0.487209 -0.00376557 1.55875 0.000356503
42.444 -0.436332 -0.48737 0.0510374 6.70901 0.000307647 0.127741 -0.000455919 -0.48737 -0.0037721 1.55873 0.000357162
42.445 -0.436332 -0.487531 0.0511984 6.72954 0.000304749 0.128167 -0.000462194 -0.487531 -0.00377863 1.55871 0.000357813
42.446 -0.436332 -0.487692 0.0513598 6.75006 0.000301856 0.128592 -0.000468467 -0.487692 -0.00378515 1.55869 0.000358454
42.447 -0.436332 -0.487854 0.0515216 6.77056 0.000298967 0.129017 -0.000474741 -0.487854 -0.00379167 1.55868 0.000359086
42.448 -0.436332 -0.488016 0.0516839 6.79105 0.000296082 0.129443 -0.000481013 -0.488016 -0.00379819 1.55866 0.000359709
42.449 -0.436332 -0.488179 0.0518466 6.81152 0.000293201 0.129868 -0.000487284 -0.488179 -0.0038047 1.55864 0.000360324
42.45 -0.436332 -0.488342 0.0520097 6.83197 0.000290325 0.130293 -0.000493555 -0.488342 -0.00381121 1.55862 0.000360929
42.451 -0.436332 -0.488505 0.0521732 6.8524 0.000287453 0.130719 -0.000499825 -0.488505 -0.00381771 1.5586 0.000361526
42.452 -0.436332 -0.488669 0.0523371 6.87282 0.000284586 0.131144 -0.000506093 -0.488669 -0.00382421 1.55859 0.000362113
42.453 -0.436332 -0.488834 0.0525014 6.89323 0.000281723 0.13157 -0.000512361 -0.488834 -0.0038307 1.55857 0.000362693
42.454 -0.436332 -0.488998 0.0526661 6.91361 0.000278865 0.131995 -0.000518627 -0.488998 -0.00383719 1.55855 0.000363264
42.455 -0.436332 -0.489163 0.0528312 6.93398 0.000276011 0.132421 -0.000524893 -0.489163 -0.00384368 1.55853 0.000363826
42.456 -0.436332 -0.489329 0.0529966 6.95433 0.000273162 0.132846 -0.000531156 -0.489329 -0.00385016 1.55851 0.00036438
42.457 -0.436332 -0.489495 0.0531625 6.97466 0.000270318 0.133272 -0.000537419 -0.489495 -0.00385664 1.5585 0.000364926
42.458 -0.436332 -0.489661 0.0533287 6.99498 0.000267478 0.133698 -0.00054368 -0.489661 -0.00386312 1.55848 0.000365464
42.459 -0.436332 -0.489828 0.0534953 7.01527 0.000264644 0.134123 -0.000549939 -0.489828 -0.00386959 1.55846 0.000365994
42.46 -0.436332 -0.489995 0.0536622 7.03555 0.000261814 0.134549 -0.000556197 -0.489995 -0.00387605 1.55844 0.000366516
42.461 -0.436332 -0.490162 0.0538295 7.05581 0.000258989 0.134974 -0.000562454 -0.490162 -0.00388252 1.55842 0.000367029
42.462 -0.436332 -0.490329 0.0539971 7.07605 0.000256169 0.1354 -0.000568708 -0.490329 -0.00388898 1.55841 0.000367535
42.463 -0.436332 -0.490497 0.0541651 7.09628 0.000253354 0.135825 -0.000574961 -0.490497 -0.00389543 1.55839 0.000368034
42.464 -0.436332 -0.490666 0.0543334 7.11648 0.000250544 0.136251 -0.000581212 -0.490666 -0.00390188 1.55837 0.000368524
42.465 -0.436332 -0.490834 0.0545021 7.13667 0.000247739 0.136676 -0.000587461 -0.490834 -0.00390833 1.55835 0.000369007
42.466 -0.436332 -0.491003 0.054671 7.15683 0.00024494 0.137102 -0.000593708 -0.491003 -0.00391477 1.55833 0.000369483
42.467 -0.436332 -0.491173 0.0548403 7.17698 0.000242145 0.137527 -0.000599953 -0.491173 -0.00392121 1.55832 0.000369951
42.468 -0.436332 -0.491342 0.0550099 7.19711 0.000239356 0.137953 -0.000606196 -0.491342 -0.00392765 1.5583 0.000370411
42.469 -0.436332 -0.491512 0.0551799 7.21721 0.000236571 0.138378 -0.000612437 -0.491512 -0.00393408 1.55828 0.000370865
42.47 -0.436332 -0.491682 0.0553501 7.2373 0.000233792 0.138803 -0.000618675 -0.491682 -0.00394051 1.55826 0.000371311
42.471 -0.436332 -0.491853 0.0555206 7.25737 0.000231019 0.139229 -0.000624912 -0.491853 -0.00394693 1.55825 0.00037175
42.472 -0.436332 -0.492024 0.0556914 7.27741 0.000228251 0.139654 -0.000631145 -0.492024 -0.00395335 1.55823 0.000372182
42.473 -0.436332 -0.492195 0.0558626 7.29744 0.000225488 0.140079 -0.000637377 -0.492195 -0.00395977 1.55821 0.000372607
42.474 -0.436332 -0.492366 0.056034 7.31745 0.00022273 0.140504 -0.000643606 -0.492366 -0.00396618 1.55819 0.000373025
42.475 -0.436332 -0.492538 0.0562057 7.33743 0.000219978 0.140929 -0.000649832 -0.492538 -0.00397259 1.55818 0.000373436
42.476 -0.436332 -0.49271 0.0563776 7.3574 0.000217231 0.141354 -0.000656056 -0.49271 -0.003979 1.55816 0.000373841
42.477 -0.436332 -0.492882 0.0565499 7.37734 0.00021449 0.141779 -0.000662278 -0.492882 -0.0039854 1.55814 0.000374239
42.478 -0.436332 -0.493055 0.0567224 7.39727 0.000211755 0.142204 -0.000668496 -0.493055 -0.0039918 1.55812 0.00037463
42.479 -0.436332 -0.493227 0.0568951 7.41717 0.000209024 0.142629 -0.000674712 -0.493227 -0.00399819 1.55811 0.000375014
42.48 -0.436332 -0.4934 0.0570681 7.43705 0.0002063 0.143054 -0.000680925 -0.4934 -0.00400458 1.55809 0.000375392
42.481 -0.436332 -0.493574 0.0572414 7.45691 0.000203581 0.143478 -0.000687135 -0.493574 -0.00401097 1.55807 0.000375764
42.482 -0.436332 -0.493747 0.0574149 7.47674 0.000200868 0.143903 -0.000693342 -0.493747 -0.00401735 1.55805 0.000376129
42.483 -0.436332 -0.493921 0.0575887 7.49656 0.00019816 0.144328 -0.000699547 -0.493921 -0.00402373 1.55804 0.000376488
42.484 -0.436332 -0.494095 0.0577627 7.51635 0.000195458 0.144752 -0.000705748 -0.494095 -0.0040301 1.55802 0.00037684
42.485 -0.436332 -0.494269 0.057937 7.53612 0.000192762 0.145176 -0.000711946 -0.494269 -0.00403647 1.558 0.000377187
42.486 -0.436332 -0.494444 0.0581114 7.55587 0.000190072 0.145601 -0.000718141 -0.494444 -0.00404284 1.55798 0.000377527
42.487 -0.436332 -0.494618 0.0582861 7.57559 0.000187387 0.146025 -0.000724333 -0.494618 -0.0040492 1.55797 0.000377861
42.488 -0.436332 -0.494793 0.0584611 7.5953 0.000184709 0.146449 -0.000730521 -0.494793 -0.00405556 1.55795 0.00037819
42.489 -0.436332 -0.494969 0.0586362 7.61498 0.000182036 0.146873 -0.000736706 -0.494969 -0.00406191 1.55793 0.000378512
42.49 -0.436332 -0.495144 0.0588115 7.63463 0.000179369 0.147297 -0.000742888 -0.495144 -0.00406826 1.55792 0.000378829
42.491 -0.436332 -0.495319 0.0589871 7.65427 0.000176707 0.147721 -0.000749066 -0.495319 -0.00407461 1.5579 0.000379139
42.492 -0.436332 -0.495495 0.0591629 7.67388 0.000174052 0.148144 -0.000755241 -0.495495 -0.00408095 1.55788 0.000379444
42.493 -0.436332 -0.495671 0.0593388 7.69347 0.000171403 0.148568 -0.000761413 -0.495671 -0.00408729 1.55787 0.000379743
42.494 -0.436332 -0.495847 0.059515 7.71303 0.000168759 0.148991 -0.00076758 -0.495847 -0.00409363 1.55785 0.000380037
42.495 -0.436332 -0.496024 0.0596913 7.73257 0.000166122 0.149415 -0.000773745 -0.496024 -0.00409996 1.55783 0.000380325
42.496 -0.436332 -0.4962 0.0598678 7.75209 0.00016349 0.149838 -0.000779905 -0.4962 -0.00410629 1.55781 0.000380607
42.497 -0.436332 -0.496377 0.0600446 7.77158 0.000160865 0.150261 -0.000786062 -0.496377 -0.00411261 1.5578 0.000380884
42.498 -0.436332 -0.496554 0.0602214 7.79105 0.000158245 0.150684 -0.000792215 -0.496554 -0.00411893 1.55778 0.000381156
42.499 -0.436332 -0.496731 0.0603985 7.81049 0.000155632 0.151107 -0.000798364 -0.496731 -0.00412524 1.55776 0.000381422
42.5 -0.436332 -0.496908 0.0605757 7.82991 0.000153024 0.151529 -0.000804509 -0.496908 -0.00413155 1.55775 0.000381683
42.501 -0.436332 -0.497085 0.0607531 7.8493 0.000150423 0.151952 -0.000810651 -0.497085 -0.00413786 1.55773 0.000381939
42.502 -0.436332 -0.497263 0.0609307 7.86867 0.000147828 0.152374 -0.000816788 -0.497263 -0.00414416 1.55771 0.00038219
42.503 -0.436332 -0.497441 0.0611084 7.88802 0.000145239 0.152796 -0.000822921 -0.497441 -0.00415046 1.5577 0.000382435
42.504 -0.436332 -0.497619 0.0612863 7.90734 0.000142656 0.153218 -0.000829051 -0.497619 -0.00415675 1.55768 0.000382675
42.505 -0.436332 -0.497797 0.0614643 7.92663 0.000140079 0.15364 -0.000835176 -0.497797 -0.00416304 1.55766 0.000382911
42.506 -0.436332 -0.497975 0.0616425 7.9459 0.000137508 0.154062 -0.000841297 -0.497975 -0.00416933 1.55765 0.000383141
42.507 -0.436332 -0.498153 0.0618208 7.96514 0.000134944 0.154484 -0.000847414 -0.498153 -0.00417561 1.55763 0.000383366
42.508 -0.436332 -0.498332 0.0619992 7.98436 0.000132386 0.154905 -0.000853526 -0.498332 -0.00418189 1.55761 0.000383587
42.509 -0.436332 -0.49851 0.0621778 8.00355 0.000129834 0.155326 -0.000859635 -0.49851 -0.00418816 1.5576 0.000383803
42.51 -0.436332 -0.498689 0.0623565 8.02272 0.000127288 0.155747 -0.000865738 -0.498689 -0.00419443 1.55758 0.000384014
42.511 -0.436332 -0.498868 0.0625353 8.04186 0.000124748 0.156168 -0.000871838 -0.498868 -0.0042007 1.55756 0.00038422
42.512 -0.436332 -0.499047 0.0627143 8.06097 0.000122215 0.156589 -0.000877933 -0.499047 -0.00420696 1.55755 0.000384422
42.513 -0.436332 -0.499226 0.0628934 8.08006 0.000119688 0.15701 -0.000884023 -0.499226 -0.00421321 1.55753 0.000384619
42.514 -0.436332 -0.499405 0.0630726 8.09912 0.000117167 0.15743 -0.000890109 -0.499405 -0.00421946 1.55751 0.000384811
42.515 -0.436332 -0.499584 0.0632518 8.11815 0.000114653 0.15785 -0.000896191 -0.499584 -0.00422571 1.5575 0.000384999
42.516 -0.436332 -0.499764 0.0634313 8.13716 0.000112145 0.15827 -0.000902267 -0.499764 -0.00423195 1.55748 0.000385182
42.517 -0.436332 -0.499943 0.0636108 8.15614 0.000109643 0.15869 -0.000908339 -0.499943 -0.00423819 1.55746 0.000385361
42.518 -0.436332 -0.500123 0.0637904 8.1751 0.000107147 0.159109 -0.000914407 -0.500123 -0.00424443 1.55745 0.000385536
42.519 -0.436332 -0.500302 0.0639701 8.19402 0.000104658 0.159529 -0.000920469 -0.500302 -0.00425065 1.55743 0.000385706
42.52 -0.436332 -0.500482 0.0641499 8.21292 0.000102176 0.159948 -0.000926527 -0.500482 -0.00425688 1.55742 0.000385872
42.521 -0.436332 -0.500662 0.0643297 8.23179 9.96991e-05 0.160367 -0.00093258 -0.500662 -0.0042631 1.5574 0.000386034
42.522 -0.436332 -0.500842 0.0645097 8.25064 9.72292e-05 0.160786 -0.000938628 -0.500842 -0.00426932 1.55738 0.000386191
42.523 -0.436332 -0.501022 0.0646898 8.26945 9.47656e-05 0.161204 -0.000944671 -0.501022 -0.00427553 1.55737 0.000386345
42.524 -0.436332 -0.501202 0.0648699 8.28824 9.23084e-05 0.161622 -0.000950709 -0.501202 -0.00428173 1.55735 0.000386494
42.525 -0.436332 -0.501382 0.0650501 8.307 8.98576e-05 0.162041 -0.000956742 -0.501382 -0.00428794 1.55733 0.000386639
42.526 -0.436332 -0.501563 0.0652303 8.32573 8.74132e-05 0.162458 -0.00096277 -0.501563 -0.00429413 1.55732 0.000386781
42.527 -0.436332 -0.501743 0.0654107 8.34444 8.49753e-05 0.162876 -0.000968793 -0.501743 -0.00430033 1.5573 0.000386918
42.528 -0.436332 -0.501923 0.0655911 8.36311 8.25438e-05 0.163293 -0.00097481 -0.501923 -0.00430651 1.55729 0.000387051
42.529 -0.436332 -0.502104 0.0657715 8.38176 8.01188e-05 0.163711 -0.000980823 -0.502104 -0.0043127 1.55727 0.00038718
42.53 -0.436332 -0.502284 0.0659521 8.40038 7.77003e-05 0.164127 -0.00098683 -0.502284 -0.00431888 1.55725 0.000387306
42.531 -0.436332 -0.502465 0.0661326 8.41897 7.52882e-05 0.164544 -0.000992832 -0.502465 -0.00432505 1.55724 0.000387428
42.532 -0.436332 -0.502646 0.0663133 8.43753 7.28825e-05 0.164961 -0.000998828 -0.502646 -0.00433122 1.55722 0.000387546
42.533 -0.436332 -0.502826 0.0664939 8.45606 7.04834e-05 0.165377 -0.00100482 -0.502826 -0.00433738 1.55721 0.00038766
42.534 -0.436332 -0.503007 0.0666746 8.47457 6.80908e-05 0.165793 -0.00101081 -0.503007 -0.00434354 1.55719 0.00038777
42.535 -0.436332 -0.503188 0.0668554 8.49304 6.57046e-05 0.166208 -0.00101679 -0.503188 -0.0043497 1.55717 0.000387877
42.536 -0.436332 -0.503368 0.0670362 8.51149 6.3325e-05 0.166624 -0.00102276 -0.503368 -0.00435585 1.55716 0.00038798
42.537 -0.436332 -0.503549 0.067217 8.5299 6.09519e-05 0.167039 -0.00102873 -0.503549 -0.00436199 1.55714 0.00038808
42.538 -0.436332 -0.50373 0.0673978 8.54829 5.85853e-05 0.167454 -0.00103469 -0.50373 -0.00436813 1.55713 0.000388176
42.539 -0.436332 -0.503911 0.0675787 8.56664 5.62252e-05 0.167868 -0.00104065 -0.503911 -0.00437426 1.55711 0.000388269
42.54 -0.436332 -0.504092 0.0677596 8.58497 5.38717e-05 0.168283 -0.0010466 -0.504092 -0.00438039 1.5571 0.000388358
42.541 -0.436332 -0.504273 0.0679405 8.60326 5.15247e-05 0.168697 -0.00105255 -0.504273 -0.00438652 1.55708 0.000388444
42.542 -0.436332 -0.504454 0.0681215 8.62153 4.91842e-05 0.169111 -0.00105849 -0.504454 -0.00439264 1.55706 0.000388526
42.543 -0.436332 -0.504635 0.0683024 8.63976 4.68503e-05 0.169524 -0.00106443 -0.504635 -0.00439875 1.55705 0.000388605
42.544 -0.436332 -0.504816 0.0684834 8.65797 4.4523e-05 0.169937 -0.00107036 -0.504816 -0.00440486 1.55703 0.000388681
42.545 -0.436332 -0.504997 0.0686644 8.67614 4.22022e-05 0.17035 -0.00107628 -0.504997 -0.00441096 1.55702 0.000388753
42.546 -0.436332 -0.505178 0.0688453 8.69429 3.9888e-05 0.170763 -0.0010822 -0.505178 -0.00441706 1.557 0.000388822
42.547 -0.436332 -0.505359 0.0690263 8.7124 3.75803e-05 0.171175 -0.00108811 -0.505359 -0.00442316 1.55699 0.000388888
42.548 -0.436332 -0.50554 0.0692073 8.73048 3.52793e-05 0.171587 -0.00109401 -0.50554 -0.00442924 1.55697 0.000388951
42.549 -0.436332 -0.505721 0.0693883 8.74853 3.29848e-05 0.171999 -0.00109991 -0.505721 -0.00443533 1.55696 0.000389011
42.55 -0.436332 -0.505902 0.0695692 8.76655 3.06969e-05 0.172411 -0.00110581 -0.505902 -0.0044414 1.55694 0.000389068
42.551 -0.436332 -0.506082 0.0697502 8.78454 2.84156e-05 0.172822 -0.0011117 -0.506082 -0.00444748 1.55692 0.000389121
42.552 -0.436332 -0.506263 0.0699311 8.8025 2.61409e-05 0.173233 -0.00111758 -0.506263 -0.00445354 1.55691 0.000389171
42.553 -0.436332 -0.506444 0.070112 8.82042 2.38727e-05 0.173643 -0.00112345 -0.506444 -0.0044596 1.55689 0.000389219
42.554 -0.436332 -0.506625 0.0702929 8.83832 2.16112e-05 0.174053 -0.00112932 -0.506625 -0.00446566 1.55688 0.000389263
42.555 -0.436332 -0.506806 0.0704738 8.85618 1.93563e-05 0.174463 -0.00113518 -0.506806 -0.00447171 1.55686 0.000389305
42.556 -0.436332 -0.506987 0.0706547 8.87401 1.7108e-05 0.174873 -0.00114104 -0.506987 -0.00447775 1.55685 0.000389344
42.557 -0.436332 -0.507168 0.0708355 8.89181 1.48663e-05 0.175282 -0.00114689 -0.507168 -0.00448379 1.55683 0.000389379
42.558 -0.436332 -0.507349 0.0710163 8.90958 1.26313e-05 0.175691 -0.00115273 -0.507349 -0.00448982 1.55682 0.000389412
42.559 -0.436332 -0.507529 0.0711971 8.92731 1.04028e-05 0.176099 -0.00115857 -0.507529 -0.00449585 1.5568 0.000389443
42.56 -0.436332 -0.50771 0.0713778 8.94502 8.181e-06 0.176508 -0.0011644 -0.50771 -0.00450187 1.55679 0.00038947
42.561 -0.436332 -0.507891 0.0715585 8.96269 5.9658e-06 0.176915 -0.00117023 -0.507891 -0.00450789 1.55677 0.000389495
42.562 -0.436332 -0.508071 0.0717391 8.98033 3.75722e-06 0.177323 -0.00117604 -0.508071 -0.0045139 1.55676 0.000389517
42.563 -0.436332 -0.508252 0.0719197 8.99793 1.55527e-06 0.17773 -0.00118186 -0.508252 -0.00451991 1.55674 0.000389536
42.564 -0.436332 -0.508433 0.0721002 9.0155 -6.40046e-07 0.178137 -0.00118766 -0.508433 -0.0045259 1.55673 0.000389552
42.565 -0.436332 -0.508613 0.0722807 9.03304 -2.82873e-06 0.178544 -0.00119346 -0.508613 -0.0045319 1.55671 0.000389566
42.566 -0.436332 -0.508794 0.0724612 9.05055 -5.01078e-06 0.17895 -0.00119925 -0.508794 -0.00453788 1.5567 0.000389578
42.567 -0.436332 -0.508974 0.0726416 9.06802 -7.18619e-06 0.179355 -0.00120504 -0.508974 -0.00454386 1.55668 0.000389586
42.568 -0.436332 -0.509154 0.0728219 9.08547 -9.35496e-06 0.179761 -0.00121081 -0.509154 -0.00454984 1.55667 0.000389593
42.569 -0.436332 -0.509334 0.0730022 9.10287 -1.15171e-05 0.180166 -0.00121658 -0.509334 -0.00455581 1.55665 0.000389596
42.57 -0.436332 -0.509515 0.0731824 9.12025 -1.36726e-05 0.180571 -0.00122235 -0.509515 -0.00456177 1.55664 0.000389598
42.571 -0.436332 -0.509695 0.0733625 9.13759 -1.58214e-05 0.180975 -0.00122811 -0.509695 -0.00456773 1.55662 0.000389597
42.572 -0.436332 -0.509875 0.0735426 9.1549 -1.79636e-05 0.181379 -0.00123386 -0.509875 -0.00457368 1.55661 0.000389593
42.573 -0.436332 -0.510055 0.0737226 9.17217 -2.00992e-05 0.181782 -0.0012396 -0.510055 -0.00457963 1.55659 0.000389587
42.574 -0.436332 -0.510235 0.0739025 9.18941 -2.22281e-05 0.182186 -0.00124534 -0.510235 -0.00458556 1.55658 0.000389579
42.575 -0.436332 -0.510415 0.0740823 9.20662 -2.43503e-05 0.182588 -0.00125107 -0.510415 -0.0045915 1.55656 0.000389568
42.576 -0.436332 -0.510594 0.0742621 9.22379 -2.64659e-05 0.182991 -0.00125679 -0.510594 -0.00459742 1.55655 0.000389555
42.577 -0.436332 -0.510774 0.0744417 9.24093 -2.85749e-05 0.183393 -0.00126251 -0.510774 -0.00460334 1.55653 0.00038954
42.578 -0.436332 -0.510954 0.0746213 9.25803 -3.06772e-05 0.183794 -0.00126822 -0.510954 -0.00460926 1.55652 0.000389522
42.579 -0.436332 -0.511133 0.0748008 9.2751 -3.27729e-05 0.184196 -0.00127392 -0.511133 -0.00461516 1.5565 0.000389502
42.58 -0.436332 -0.511313 0.0749802 9.29213 -3.48619e-05 0.184597 -0.00127961 -0.511313 -0.00462107 1.55649 0.00038948
42.581 -0.436332 -0.511492 0.0751596 9.30914 -3.69442e-05 0.184997 -0.0012853 -0.511492 -0.00462696 1.55647 0.000389456
42.582 -0.436332 -0.511671 0.0753388 9.3261 -3.90199e-05 0.185397 -0.00129098 -0.511671 -0.00463285 1.55646 0.00038943
42.583 -0.436332 -0.51185 0.0755179 9.34303 -4.1089e-05 0.185797 -0.00129665 -0.51185 -0.00463873 1.55644 0.000389401
42.584 -0.436332 -0.512029 0.0756969 9.35993 -4.31514e-05 0.186196 -0.00130232 -0.512029 -0.0046446 1.55643 0.000389371
42.585 -0.436332 -0.512208 0.0758759 9.37679 -4.52071e-05 0.186595 -0.00130798 -0.512208 -0.00465047 1.55641 0.000389338
42.586 -0.436332 -0.512387 0.0760547 9.39362 -4.72562e-05 0.186993 -0.00131363 -0.512387 -0.00465634 1.5564 0.000389303
42.587 -0.436332 -0.512566 0.0762334 9.41041 -4.92986e-05 0.187391 -0.00131927 -0.512566 -0.00466219 1.55639 0.000389266
42.588 -0.436332 -0.512744 0.076412 9.42717 -5.13344e-05 0.187789 -0.00132491 -0.512744 -0.00466804 1.55637 0.000389228
42.589 -0.436332 -0.512923 0.0765905 9.44389 -5.33635e-05 0.188186 -0.00133053 -0.512923 -0.00467388 1.55636 0.000389187
42.59 -0.436332 -0.513101 0.0767688 9.46058 -5.5386e-05 0.188582 -0.00133615 -0.513101 -0.00467972 1.55634 0.000389144
42.591 -0.436332 -0.513279 0.0769471 9.47723 -5.74019e-05 0.188979 -0.00134177 -0.513279 -0.00468555 1.55633 0.000389099
42.592 -0.436332 -0.513458 0.0771252 9.49384 -5.9411e-05 0.189374 -0.00134737 -0.513458 -0.00469137 1.55631 0.000389053
42.593 -0.436332 -0.513636 0.0773032 9.51042 -6.14136e-05 0.18977 -0.00135297 -0.513636 -0.00469718 1.5563 0.000389004
42.594 -0.436332 -0.513813 0.0774811 9.52697 -6.34094e-05 0.190165 -0.00135856 -0.513813 -0.00470299 1.55629 0.000388954
42.595 -0.436332 -0.513991 0.0776589 9.54348 -6.53987e-05 0.190559 -0.00136415 -0.513991 -0.00470879 1.55627 0.000388902
42.596 -0.436332 -0.514169 0.0778365 9.55995 -6.73813e-05 0.190953 -0.00136972 -0.514169 -0.00471459 1.55626 0.000388848
42.597 -0.436332 -0.514346 0.078014 9.57639 -6.93572e-05 0.191347 -0.00137529 -0.514346 -0.00472037 1.55624 0.000388792
42.598 -0.436332 -0.514524 0.0781914 9.59279 -7.13265e-05 0.19174 -0.00138085 -0.514524 -0.00472615 1.55623 0.000388734
42.599 -0.436332 -0.514701 0.0783686 9.60915 -7.32891e-05 0.192133 -0.0013864 -0.514701 -0.00473193 1.55621 0.000388675
42.6 -0.436332 -0.514878 0.0785457 9.62548 -7.52451e-05 0.192525 -0.00139194 -0.514878 -0.00473769 1.5562 0.000388614
42.601 -0.436332 -0.515055 0.0787226 9.64177 -7.71945e-05 0.192917 -0.00139748 -0.515055 -0.00474345 1.55619 0.000388551
42.602 -0.436332 -0.515232 0.0788994 9.65803 -7.91372e-05 0.193308 -0.00140301 -0.515232 -0.0047492 1.55617 0.000388486
42.603 -0.436332 -0.515408 0.0790761 9.67424 -8.10733e-05 0.193699 -0.00140853 -0.515408 -0.00475495 1.55616 0.00038842
42.604 -0.436332 -0.515585 0.0792526 9.69043 -8.30027e-05 0.194089 -0.00141404 -0.515585 -0.00476069 1.55614 0.000388352
42.605 -0.436332 -0.515761 0.079429 9.70657 -8.49255e-05 0.194479 -0.00141955 -0.515761 -0.00476642 1.55613 0.000388283
42.606 -0.436332 -0.515938 0.0796052 9.72268 -8.68417e-05 0.194869 -0.00142504 -0.515938 -0.00477214 1.55612 0.000388211
42.607 -0.436332 -0.516114 0.0797813 9.73875 -8.87512e-05 0.195258 -0.00143053 -0.516114 -0.00477785 1.5561 0.000388139
42.608 -0.436332 -0.516289 0.0799572 9.75479 -9.06541e-05 0.195646 -0.00143601 -0.516289 -0.00478356 1.55609 0.000388064
42.609 -0.436332 -0.516465 0.0801329 9.77079 -9.25504e-05 0.196034 -0.00144148 -0.516465 -0.00478926 1.55607 0.000387988
42.61 -0.436332 -0.516641 0.0803085 9.78675 -9.444e-05 0.196422 -0.00144695 -0.516641 -0.00479496 1.55606 0.000387911
42.611 -0.436332 -0.516816 0.0804839 9.80267 -9.63231e-05 0.196809 -0.0014524 -0.516816 -0.00480064 1.55605 0.000387832
42.612 -0.436332 -0.516992 0.0806592 9.81856 -9.81994e-05 0.197195 -0.00145785 -0.516992 -0.00480632 1.55603 0.000387752
42.613 -0.436332 -0.517167 0.0808343 9.83441 -0.000100069 0.197581 -0.00146329 -0.517167 -0.00481199 1.55602 0.00038767
42.614 -0.436332 -0.517342 0.0810092 9.85022 -0.000101932 0.197967 -0.00146872 -0.517342 -0.00481765 1.55601 0.000387586
42.615 -0.436332 -0.517516 0.081184 9.86599 -0.000103789 0.198352 -0.00147414 -0.517516 -0.00482331 1.55599 0.000387502
42.616 -0.436332 -0.517691 0.0813586 9.88173 -0.000105639 0.198736 -0.00147956 -0.517691 -0.00482896 1.55598 0.000387415
42.617 -0.436332 -0.517865 0.081533 9.89743 -0.000107482 0.19912 -0.00148496 -0.517865 -0.0048346 1.55597 0.000387328
42.618 -0.436332 -0.51804 0.0817072 9.91309 -0.000109319 0.199504 -0.00149036 -0.51804 -0.00484023 1.55595 0.000387239
42.619 -0.436332 -0.518214 0.0818813 9.92871 -0.000111149 0.199887 -0.00149575 -0.518214 -0.00484586 1.55594 0.000387148
42.62 -0.436332 -0.518387 0.0820552 9.9443 -0.000112972 0.20027 -0.00150113 -0.518387 -0.00485147 1.55592 0.000387057
42.621 -0.436332 -0.518561 0.0822289 9.95985 -0.000114789 0.200652 -0.0015065 -0.518561 -0.00485708 1.55591 0.000386963
42.622 -0.436332 -0.518735 0.0824024 9.97535 -0.000116599 0.201033 -0.00151187 -0.518735 -0.00486268 1.5559 0.000386869
42.623 -0.436332 -0.518908 0.0825757 9.99083 -0.000118403 0.201414 -0.00151722 -0.518908 -0.00486828 1.55588 0.000386773
42.624 -0.436332 -0.519081 0.0827488 10.0063 -0.0001202 0.201794 -0.00152257 -0.519081 -0.00487386 1.55587 0.000386676
42.625 -0.436332 -0.519254 0.0829218 10.0217 -0.00012199 0.202174 -0.00152791 -0.519254 -0.00487944 1.55586 0.000386578
42.626 -0.436332 -0.519427 0.0830945 10.037 -0.000123774 0.202554 -0.00153324 -0.519427 -0.00488501 1.55584 0.000386479
42.627 -0.436332 -0.519599 0.0832671 10.0523 -0.000125551 0.202933 -0.00153856 -0.519599 -0.00489057 1.55583 0.000386378
42.628 -0.436332 -0.519772 0.0834395 10.0676 -0.000127322 0.203311 -0.00154387 -0.519772 -0.00489612 1.55582 0.000386276
42.629 -0.436332 -0.519944 0.0836116 10.0829 -0.000129086 0.203689 -0.00154917 -0.519944 -0.00490167 1.5558 0.000386173
42.63 -0.436332 -0.520116 0.0837836 10.0981 -0.000130844 0.204066 -0.00155447 -0.520116 -0.00490721 1.55579 0.000386068
42.631 -0.436332 -0.520288 0.0839554 10.1132 -0.000132595 0.204443 -0.00155975 -0.520288 -0.00491274 1.55578 0.000385963
42.632 -0.436332 -0.520459 0.0841269 10.1283 -0.000134339 0.204819 -0.00156503 -0.520459 -0.00491826 1.55576 0.000385856
42.633 -0.436332 -0.520631 0.0842983 10.1434 -0.000136077 0.205194 -0.0015703 -0.520631 -0.00492377 1.55575 0.000385748
42.634 -0.436332 -0.520802 0.0844695 10.1585 -0.000137808 0.205569 -0.00157556 -0.520802 -0.00492927 1.55574 0.000385639
42.635 -0.436332 -0.520973 0.0846404 10.1735 -0.000139532 0.205944 -0.00158081 -0.520973 -0.00493477 1.55573 0.000385529
42.636 -0.436332 -0.521143 0.0848111 10.1885 -0.00014125 0.206318 -0.00158605 -0.521143 -0.00494026 1.55571 0.000385418
42.637 -0.436332 -0.521314 0.0849817 10.2034 -0.000142962 0.206691 -0.00159128 -0.521314 -0.00494574 1.5557 0.000385306
42.638 -0.436332 -0.521484 0.085152 10.2183 -0.000144667 0.207064 -0.00159651 -0.521484 -0.00495121 1.55569 0.000385193
42.639 -0.436332 -0.521654 0.0853221 10.2331 -0.000146365 0.207436 -0.00160172 -0.521654 -0.00495667 1.55567 0.000385079
42.64 -0.436332 -0.521824 0.0854919 10.2479 -0.000148057 0.207808 -0.00160693 -0.521824 -0.00496213 1.55566 0.000384963
42.641 -0.436332 -0.521994 0.0856616 10.2627 -0.000149742 0.208179 -0.00161212 -0.521994 -0.00496757 1.55565 0.000384847
42.642 -0.436332 -0.522163 0.085831 10.2774 -0.000151421 0.20855 -0.00161731 -0.522163 -0.00497301 1.55563 0.00038473
42.643 -0.436332 -0.522333 0.0860002 10.2921 -0.000153093 0.20892 -0.00162249 -0.522333 -0.00497844 1.55562 0.000384611
42.644 -0.436332 -0.522502 0.0861692 10.3068 -0.000154758 0.209289 -0.00162766 -0.522502 -0.00498386 1.55561 0.000384492
42.645 -0.436332 -0.52267 0.086338 10.3214 -0.000156417 0.209658 -0.00163282 -0.52267 -0.00498927 1.5556 0.000384372
42.646 -0.436332 -0.522839 0.0865065 10.336 -0.00015807 0.210026 -0.00163797 -0.522839 -0.00499467 1.55558 0.00038425
42.647 -0.436332 -0.523007 0.0866748 10.3505 -0.000159716 0.210394 -0.00164311 -0.523007 -0.00500006 1.55557 0.000384128
42.648 -0.436332 -0.523175 0.0868429 10.365 -0.000161355 0.210761 -0.00164824 -0.523175 -0.00500545 1.55556 0.000384005
42.649 -0.436332 -0.523343 0.0870107 10.3795 -0.000162988 0.211128 -0.00165337 -0.523343 -0.00501083 1.55555 0.000383881
42.65 -0.436332 -0.523511 0.0871783 10.3939 -0.000164615 0.211494 -0.00165848 -0.523511 -0.00501619 1.55553 0.000383756
42.651 -0.436332 -0.523678 0.0873457 10.4083 -0.000166234 0.211859 -0.00166358 -0.523678 -0.00502155 1.55552 0.000383631
42.652 -0.436332 -0.523845 0.0875128 10.4226 -0.000167848 0.212224 -0.00166868 -0.523845 -0.0050269 1.55551 0.000383504
42.653 -0.436332 -0.524012 0.0876797 10.4369 -0.000169454 0.212588 -0.00167377 -0.524012 -0.00503224 1.55549 0.000383377
42.654 -0.436332 -0.524179 0.0878464 10.4512 -0.000171055 0.212951 -0.00167884 -0.524179 -0.00503758 1.55548 0.000383248
42.655 -0.436332 -0.524345 0.0880128 10.4654 -0.000172649 0.213314 -0.00168391 -0.524345 -0.0050429 1.55547 0.000383119
42.656 -0.436332 -0.524511 0.0881789 10.4795 -0.000174236 0.213677 -0.00168897 -0.524511 -0.00504821 1.55546 0.000382989
42.657 -0.436332 -0.524677 0.0883449 10.4937 -0.000175817 0.214038 -0.00169401 -0.524677 -0.00505352 1.55544 0.000382859
42.658 -0.436332 -0.524843 0.0885105 10.5078 -0.000177391 0.2144 -0.00169905 -0.524843 -0.00505881 1.55543 0.000382727
42.659 -0.436332 -0.525008 0.088676 10.5218 -0.000178959 0.21476 -0.00170408 -0.525008 -0.0050641 1.55542 0.000382595
42.66 -0.436332 -0.525173 0.0888411 10.5358 -0.00018052 0.21512 -0.0017091 -0.525173 -0.00506938 1.55541 0.000382462
42.661 -0.436332 -0.525338 0.0890061 10.5498 -0.000182075 0.215479 -0.00171411 -0.525338 -0.00507465 1.5554 0.000382328
42.662 -0.436332 -0.525503 0.0891707 10.5637 -0.000183623 0.215838 -0.00171911 -0.525503 -0.00507991 1.55538 0.000382193
42.663 -0.436332 -0.525667 0.0893351 10.5776 -0.000185165 0.216196 -0.0017241 -0.525667 -0.00508516 1.55537 0.000382058
42.664 -0.436332 -0.525832 0.0894993 10.5915 -0.0001867 0.216554 -0.00172908 -0.525832 -0.0050904 1.55536 0.000381922
42.665 -0.436332 -0.525995 0.0896632 10.6053 -0.000188229 0.21691 -0.00173405 -0.525995 -0.00509563 1.55535 0.000381785
42.666 -0.436332 -0.526159 0.0898268 10.6191 -0.000189751 0.217267 -0.00173901 -0.526159 -0.00510085 1.55533 0.000381648
42.667 -0.436332 -0.526323 0.0899902 10.6328 -0.000191267 0.217622 -0.00174397 -0.526323 -0.00510607 1.55532 0.00038151
42.668 -0.436332 -0.526486 0.0901533 10.6465 -0.000192777 0.217977 -0.00174891 -0.526486 -0.00511127 1.55531 0.000381371
42.669 -0.436332 -0.526648 0.0903162 10.6601 -0.00019428 0.218331 -0.00175384 -0.526648 -0.00511646 1.5553 0.000381232
42.67 -0.436332 -0.526811 0.0904788 10.6737 -0.000195776 0.218685 -0.00175876 -0.526811 -0.00512165 1.55529 0.000381092
42.671 -0.436332 -0.526973 0.0906411 10.6873 -0.000197266 0.219038 -0.00176368 -0.526973 -0.00512683 1.55527 0.000380951
42.672 -0.436332 -0.527135 0.0908031 10.7008 -0.00019875 0.219391 -0.00176858 -0.527135 -0.00513199 1.55526 0.00038081
42.673 -0.436332 -0.527297 0.0909649 10.7143 -0.000200227 0.219742 -0.00177347 -0.527297 -0.00513715 1.55525 0.000380668
42.674 -0.436332 -0.527459 0.0911264 10.7277 -0.000201698 0.220093 -0.00177835 -0.527459 -0.00514229 1.55524 0.000380525
42.675 -0.436332 -0.52762 0.0912877 10.7411 -0.000203162 0.220444 -0.00178323 -0.52762 -0.00514743 1.55523 0.000380382
42.676 -0.436332 -0.527781 0.0914486 10.7545 -0.00020462 0.220794 -0.00178809 -0.527781 -0.00515256 1.55521 0.000380238
42.677 -0.436332 -0.527942 0.0916093 10.7678 -0.000206072 0.221143 -0.00179294 -0.527942 -0.00515768 1.5552 0.000380094
42.678 -0.436332 -0.528102 0.0917697 10.7811 -0.000207517 0.221491 -0.00179779 -0.528102 -0.00516279 1.55519 0.000379949
42.679 -0.436332 -0.528262 0.0919299 10.7943 -0.000208955 0.221839 -0.00180262 -0.528262 -0.00516789 1.55518 0.000379804
42.68 -0.436332 -0.528422 0.0920897 10.8075 -0.000210387 0.222186 -0.00180744 -0.528422 -0.00517298 1.55517 0.000379658
42.681 -0.436332 -0.528582 0.0922493 10.8207 -0.000211813 0.222533 -0.00181226 -0.528582 -0.00517806 1.55516 0.000379512
42.682 -0.436332 -0.528741 0.0924086 10.8338 -0.000213233 0.222879 -0.00181706 -0.528741 -0.00518312 1.55514 0.000379365
42.683 -0.436332 -0.5289 0.0925676 10.8469 -0.000214646 0.223224 -0.00182185 -0.5289 -0.00518818 1.55513 0.000379217
42.684 -0.436332 -0.529059 0.0927263 10.8599 -0.000216052 0.223569 -0.00182663 -0.529059 -0.00519323 1.55512 0.000379069
42.685 -0.436332 -0.529217 0.0928848 10.8729 -0.000217452 0.223913 -0.00183141 -0.529217 -0.00519828 1.55511 0.000378921
42.686 -0.436332 -0.529375 0.0930429 10.8858 -0.000218846 0.224256 -0.00183617 -0.529375 -0.00520331 1.5551 0.000378772
42.687 -0.436332 -0.529533 0.0932008 10.8987 -0.000220233 0.224598 -0.00184092 -0.529533 -0.00520833 1.55509 0.000378622
42.688 -0.436332 -0.529691 0.0933583 10.9116 -0.000221614 0.22494 -0.00184566 -0.529691 -0.00521334 1.55507 0.000378472
42.689 -0.436332 -0.529848 0.0935156 10.9244 -0.000222989 0.225282 -0.00185039 -0.529848 -0.00521834 1.55506 0.000378322
42.69 -0.436332 -0.530005 0.0936726 10.9372 -0.000224357 0.225622 -0.00185512 -0.530005 -0.00522333 1.55505 0.000378171
42.691 -0.436332 -0.530162 0.0938293 10.9499 -0.000225719 0.225962 -0.00185983 -0.530162 -0.00522831 1.55504 0.00037802
42.692 -0.436332 -0.530318 0.0939857 10.9626 -0.000227075 0.226301 -0.00186453 -0.530318 -0.00523328 1.55503 0.000377868
42.693 -0.436332 -0.530474 0.0941418 10.9752 -0.000228424 0.22664 -0.00186922 -0.530474 -0.00523824 1.55502 0.000377716
42.694 -0.436332 -0.53063 0.0942976 10.9879 -0.000229767 0.226977 -0.0018739 -0.53063 -0.00524319 1.55501 0.000377564
42.695 -0.436332 -0.530785 0.0944531 11.0004 -0.000231103 0.227315 -0.00187857 -0.530785 -0.00524813 1.555 0.000377411
42.696 -0.436332 -0.530941 0.0946083 11.0129 -0.000232433 0.227651 -0.00188323 -0.530941 -0.00525306 1.55498 0.000377258
42.697 -0.436332 -0.531096 0.0947633 11.0254 -0.000233757 0.227987 -0.00188788 -0.531096 -0.00525798 1.55497 0.000377104
42.698 -0.436332 -0.53125 0.0949179 11.0379 -0.000235074 0.228322 -0.00189252 -0.53125 -0.00526289 1.55496 0.00037695
42.699 -0.436332 -0.531404 0.0950722 11.0503 -0.000236385 0.228656 -0.00189714 -0.531404 -0.00526779 1.55495 0.000376796
42.7 -0.436332 -0.531558 0.0952262 11.0626 -0.00023769 0.22899 -0.00190176 -0.531558 -0.00527268 1.55494 0.000376641
42.701 -0.436332 -0.531712 0.0953799 11.0749 -0.000238989 0.229323 -0.00190637 -0.531712 -0.00527756 1.55493 0.000376486
42.702 -0.436332 -0.531866 0.0955333 11.0872 -0.000240281 0.229655 -0.00191097 -0.531866 -0.00528243 1.55492 0.00037633
42.703 -0.436332 -0.532019 0.0956863 11.0994 -0.000241566 0.229987 -0.00191555 -0.532019 -0.00528728 1.55491 0.000376175
42.704 -0.436332 -0.532171 0.0958391 11.1116 -0.000242846 0.230318 -0.00192013 -0.532171 -0.00529213 1.5549 0.000376018
42.705 -0.436332 -0.532324 0.0959916 11.1238 -0.000244119 0.230648 -0.00192469 -0.532324 -0.00529697 1.55488 0.000375862
42.706 -0.436332 -0.532476 0.0961437 11.1359 -0.000245386 0.230977 -0.00192925 -0.532476 -0.0053018 1.55487 0.000375705
42.707 -0.436332 -0.532628 0.0962956 11.1479 -0.000246646 0.231306 -0.00193379 -0.532628 -0.00530661 1.55486 0.000375548
42.708 -0.436332 -0.532779 0.0964471 11.1599 -0.000247901 0.231634 -0.00193833 -0.532779 -0.00531142 1.55485 0.000375391
42.709 -0.436332 -0.532931 0.0965983 11.1719 -0.000249149 0.231961 -0.00194285 -0.532931 -0.00531622 1.55484 0.000375233
42.71 -0.436332 -0.533081 0.0967492 11.1839 -0.00025039 0.232288 -0.00194736 -0.533081 -0.005321 1.55483 0.000375076
42.711 -0.436332 -0.533232 0.0968998 11.1957 -0.000251626 0.232614 -0.00195186 -0.533232 -0.00532578 1.55482 0.000374917
42.712 -0.436332 -0.533382 0.09705 11.2076 -0.000252855 0.232939 -0.00195635 -0.533382 -0.00533054 1.55481 0.000374759
42.713 -0.436332 -0.533532 0.0972 11.2194 -0.000254078 0.233264 -0.00196083 -0.533532 -0.00533529 1.5548 0.0003746
42.714 -0.436332 -0.533682 0.0973496 11.2312 -0.000255294 0.233587 -0.0019653 -0.533682 -0.00534004 1.55479 0.000374442
42.715 -0.436332 -0.533831 0.0974989 11.2429 -0.000256505 0.233911 -0.00196976 -0.533831 -0.00534477 1.55478 0.000374282
42.716 -0.436332 -0.53398 0.0976478 11.2546 -0.000257709 0.234233 -0.00197421 -0.53398 -0.00534949 1.55477 0.000374123
42.717 -0.436332 -0.534129 0.0977965 11.2662 -0.000258907 0.234554 -0.00197865 -0.534129 -0.0053542 1.55476 0.000373963
42.718 -0.436332 -0.534277 0.0979448 11.2778 -0.000260098 0.234875 -0.00198307 -0.534277 -0.0053589 1.55474 0.000373804
42.719 -0.436332 -0.534425 0.0980928 11.2893 -0.000261284 0.235195 -0.00198749 -0.534425 -0.00536359 1.55473 0.000373644
42.72 -0.436332 -0.534573 0.0982405 11.3008 -0.000262463 0.235515 -0.00199189 -0.534573 -0.00536827 1.55472 0.000373483
42.721 -0.436332 -0.53472 0.0983879 11.3123 -0.000263636 0.235834 -0.00199629 -0.53472 -0.00537294 1.55471 0.000373323
42.722 -0.436332 -0.534867 0.0985349 11.3237 -0.000264802 0.236151 -0.00200067 -0.534867 -0.0053776 1.5547 0.000373162
42.723 -0.436332 -0.535014 0.0986816 11.3351 -0.000265963 0.236469 -0.00200504 -0.535014 -0.00538224 1.55469 0.000373002
42.724 -0.436332 -0.53516 0.0988279 11.3464 -0.000267117 0.236785 -0.0020094 -0.53516 -0.00538688 1.55468 0.000372841
42.725 -0.436332 -0.535306 0.098974 11.3577 -0.000268265 0.237101 -0.00201375 -0.535306 -0.0053915 1.55467 0.00037268
42.726 -0.436332 -0.535452 0.0991197 11.369 -0.000269407 0.237416 -0.00201809 -0.535452 -0.00539612 1.55466 0.000372518
42.727 -0.436332 -0.535597 0.099265 11.3802 -0.000270542 0.23773 -0.00202242 -0.535597 -0.00540072 1.55465 0.000372357
42.728 -0.436332 -0.535742 0.0994101 11.3913 -0.000271672 0.238044 -0.00202674 -0.535742 -0.00540531 1.55464 0.000372195
42.729 -0.436332 -0.535887 0.0995548 11.4025 -0.000272795 0.238356 -0.00203104 -0.535887 -0.00540989 1.55463 0.000372034
42.73 -0.436332 -0.536031 0.0996991 11.4135 -0.000273912 0.238668 -0.00203534 -0.536031 -0.00541446 1.55462 0.000371872
42.731 -0.436332 -0.536175 0.0998432 11.4246 -0.000275023 0.23898 -0.00203962 -0.536175 -0.00541902 1.55461 0.00037171
42.732 -0.436332 -0.536319 0.0999869 11.4356 -0.000276128 0.23929 -0.0020439 -0.536319 -0.00542357 1.5546 0.000371548
42.733 -0.436332 -0.536463 0.10013 11.4465 -0.000277226 0.2396 -0.00204816 -0.536463 -0.00542811 1.55459 0.000371385
42.734 -0.436332 -0.536606 0.100273 11.4574 -0.000278319 0.239909 -0.00205241 -0.536606 -0.00543263 1.55458 0.000371223
42.735 -0.436332 -0.536748 0.100416 11.4683 -0.000279405 0.240217 -0.00205665 -0.536748 -0.00543715 1.55457 0.000371061
42.736 -0.436332 -0.536891 0.100558 11.4791 -0.000280485 0.240525 -0.00206088 -0.536891 -0.00544165 1.55456 0.000370898
42.737 -0.436332 -0.537033 0.1007 11.4899 -0.000281559 0.240832 -0.0020651 -0.537033 -0.00544615 1.55455 0.000370735
42.738 -0.436332 -0.537174 0.100842 11.5006 -0.000282627 0.241138 -0.00206931 -0.537174 -0.00545063 1.55454 0.000370573
42.739 -0.436332 -0.537315 0.100983 11.5113 -0.000283689 0.241443 -0.0020735 -0.537315 -0.0054551 1.55453 0.00037041
42.74 -0.436332 -0.537456 0.101124 11.522 -0.000284744 0.241747 -0.00207769 -0.537456 -0.00545956 1.55452 0.000370247
42.741 -0.436332 -0.537597 0.101265 11.5326 -0.000285794 0.242051 -0.00208186 -0.537597 -0.00546401 1.55451 0.000370084
42.742 -0.436332 -0.537737 0.101405 11.5431 -0.000286837 0.242354 -0.00208602 -0.537737 -0.00546844 1.5545 0.000369921
42.743 -0.436332 -0.537877 0.101545 11.5536 -0.000287874 0.242656 -0.00209017 -0.537877 -0.00547287 1.55449 0.000369758
42.744 -0.436332 -0.538017 0.101684 11.5641 -0.000288905 0.242958 -0.00209431 -0.538017 -0.00547729 1.55448 0.000369595
42.745 -0.436332 -0.538156 0.101824 11.5746 -0.00028993 0.243258 -0.00209844 -0.538156 -0.00548169 1.55447 0.000369432
42.746 -0.436332 -0.538295 0.101963 11.5849 -0.000290949 0.243558 -0.00210256 -0.538295 -0.00548608 1.55446 0.000369268
42.747 -0.436332 -0.538433 0.102101 11.5953 -0.000291962 0.243857 -0.00210667 -0.538433 -0.00549046 1.55445 0.000369105
42.748 -0.436332 -0.538572 0.102239 11.6056 -0.000292969 0.244156 -0.00211076 -0.538572 -0.00549483 1.55444 0.000368942
42.749 -0.436332 -0.538709 0.102377 11.6159 -0.000293969 0.244453 -0.00211485 -0.538709 -0.00549919 1.55443 0.000368779
42.75 -0.436332 -0.538847 0.102515 11.6261 -0.000294964 0.24475 -0.00211892 -0.538847 -0.00550354 1.55442 0.000368615
42.751 -0.436332 -0.538984 0.102652 11.6362 -0.000295953 0.245046 -0.00212298 -0.538984 -0.00550787 1.55441 0.000368452
42.752 -0.436332 -0.539121 0.102788 11.6464 -0.000296935 0.245341 -0.00212703 -0.539121 -0.0055122 1.5544 0.000368289
42.753 -0.436332 -0.539257 0.102925 11.6565 -0.000297912 0.245636 -0.00213107 -0.539257 -0.00551651 1.5544 0.000368125
42.754 -0.436332 -0.539393 0.103061 11.6665 -0.000298882 0.245929 -0.0021351 -0.539393 -0.00552081 1.55439 0.000367962
42.755 -0.436332 -0.539529 0.103196 11.6765 -0.000299846 0.246222 -0.00213911 -0.539529 -0.0055251 1.55438 0.000367799
42.756 -0.436332 -0.539664 0.103332 11.6865 -0.000300805 0.246515 -0.00214312 -0.539664 -0.00552938 1.55437 0.000367635
42.757 -0.436332 -0.539799 0.103467 11.6964 -0.000301757 0.246806 -0.00214711 -0.539799 -0.00553365 1.55436 0.000367472
42.758 -0.436332 -0.539934 0.103601 11.7063 -0.000302703 0.247096 -0.00215109 -0.539934 -0.0055379 1.55435 0.000367309
42.759 -0.436332 -0.540068 0.103736 11.7161 -0.000303643 0.247386 -0.00215506 -0.540068 -0.00554215 1.55434 0.000367146
42.76 -0.436332 -0.540202 0.10387 11.7259 -0.000304578 0.247675 -0.00215902 -0.540202 -0.00554638 1.55433 0.000366982
42.761 -0.436332 -0.540335 0.104003 11.7356 -0.000305506 0.247963 -0.00216297 -0.540335 -0.0055506 1.55432 0.000366819
42.762 -0.436332 -0.540469 0.104136 11.7453 -0.000306428 0.248251 -0.0021669 -0.540469 -0.00555481 1.55431 0.000366656
42.763 -0.436332 -0.540601 0.104269 11.755 -0.000307345 0.248537 -0.00217083 -0.540601 -0.00555901 1.5543 0.000366493
42.764 -0.436332 -0.540734 0.104402 11.7646 -0.000308255 0.248823 -0.00217474 -0.540734 -0.00556319 1.55429 0.00036633
42.765 -0.436332 -0.540866 0.104534 11.7742 -0.000309159 0.249108 -0.00217864 -0.540866 -0.00556737 1.55428 0.000366167
42.766 -0.436332 -0.540998 0.104665 11.7837 -0.000310057 0.249393 -0.00218254 -0.540998 -0.00557153 1.55428 0.000366004
42.767 -0.436332 -0.541129 0.104797 11.7932 -0.00031095 0.249676 -0.00218641 -0.541129 -0.00557568 1.55427 0.000365841
42.768 -0.436332 -0.54126 0.104928 11.8026 -0.000311836 0.249959 -0.00219028 -0.54126 -0.00557982 1.55426 0.000365679
42.769 -0.436332 -0.541391 0.105058 11.812 -0.000312717 0.250241 -0.00219414 -0.541391 -0.00558395 1.55425 0.000365516
42.77 -0.436332 -0.541521 0.105189 11.8214 -0.000313591 0.250522 -0.00219798 -0.541521 -0.00558807 1.55424 0.000365353
42.771 -0.436332 -0.541651 0.105318 11.8307 -0.00031446 0.250802 -0.00220182 -0.541651 -0.00559217 1.55423 0.000365191
42.772 -0.436332 -0.54178 0.105448 11.84 -0.000315323 0.251081 -0.00220564 -0.54178 -0.00559626 1.55422 0.000365028
42.773 -0.436332 -0.541909 0.105577 11.8492 -0.000316179 0.25136 -0.00220945 -0.541909 -0.00560035 1.55421 0.000364866
42.774 -0.436332 -0.542038 0.105706 11.8584 -0.00031703 0.251638 -0.00221324 -0.542038 -0.00560442 1.5542 0.000364704
42.775 -0.436332 -0.542167 0.105834 11.8675 -0.000317875 0.251915 -0.00221703 -0.542167 -0.00560847 1.5542 0.000364542
42.776 -0.436332 -0.542295 0.105962 11.8766 -0.000318714 0.252191 -0.00222081 -0.542295 -0.00561252 1.55419 0.000364379
42.777 -0.436332 -0.542422 0.10609 11.8857 -0.000319547 0.252467 -0.00222457 -0.542422 -0.00561655 1.55418 0.000364218
42.778 -0.436332 -0.54255 0.106217 11.8947 -0.000320375 0.252741 -0.00222832 -0.54255 -0.00562058 1.55417 0.000364056
42.779 -0.436332 -0.542676 0.106344 11.9036 -0.000321196 0.253015 -0.00223206 -0.542676 -0.00562459 1.55416 0.000363894
42.78 -0.436332 -0.542803 0.106471 11.9126 -0.000322011 0.253288 -0.00223579 -0.542803 -0.00562859 1.55415 0.000363732
42.781 -0.436332 -0.542929 0.106597 11.9214 -0.000322821 0.25356 -0.00223951 -0.542929 -0.00563257 1.55414 0.000363571
42.782 -0.436332 -0.543055 0.106723 11.9303 -0.000323625 0.253832 -0.00224322 -0.543055 -0.00563655 1.55414 0.00036341
42.783 -0.436332 -0.54318 0.106848 11.9391 -0.000324423 0.254102 -0.00224691 -0.54318 -0.00564051 1.55413 0.000363248
42.784 -0.436332 -0.543305 0.106973 11.9478 -0.000325215 0.254372 -0.00225059 -0.543305 -0.00564446 1.55412 0.000363087
42.785 -0.436332 -0.54343 0.107098 11.9565 -0.000326001 0.254641 -0.00225426 -0.54343 -0.0056484 1.55411 0.000362926
42.786 -0.436332 -0.543554 0.107222 11.9652 -0.000326781 0.254909 -0.00225792 -0.543554 -0.00565233 1.5541 0.000362766
42.787 -0.436332 -0.543678 0.107346 11.9738 -0.000327556 0.255177 -0.00226157 -0.543678 -0.00565625 1.55409 0.000362605
42.788 -0.436332 -0.543802 0.10747 11.9824 -0.000328325 0.255443 -0.00226521 -0.543802 -0.00566015 1.55409 0.000362445
42.789 -0.436332 -0.543925 0.107593 11.9909 -0.000329088 0.255709 -0.00226883 -0.543925 -0.00566404 1.55408 0.000362284
42.79 -0.436332 -0.544048 0.107716 11.9994 -0.000329845 0.255974 -0.00227244 -0.544048 -0.00566792 1.55407 0.000362124
42.791 -0.436332 -0.54417 0.107838 12.0079 -0.000330596 0.256238 -0.00227604 -0.54417 -0.00567179 1.55406 0.000361964
42.792 -0.436332 -0.544292 0.10796 12.0163 -0.000331342 0.256501 -0.00227963 -0.544292 -0.00567565 1.55405 0.000361804
42.793 -0.436332 -0.544414 0.108082 12.0247 -0.000332081 0.256764 -0.00228321 -0.544414 -0.00567949 1.55404 0.000361645
42.794 -0.436332 -0.544535 0.108203 12.033 -0.000332815 0.257025 -0.00228677 -0.544535 -0.00568333 1.55404 0.000361485
42.795 -0.436332 -0.544656 0.108324 12.0413 -0.000333544 0.257286 -0.00229033 -0.544656 -0.00568715 1.55403 0.000361326
42.796 -0.436332 -0.544777 0.108444 12.0495 -0.000334266 0.257546 -0.00229387 -0.544777 -0.00569096 1.55402 0.000361167
42.797 -0.436332 -0.544897 0.108564 12.0577 -0.000334983 0.257805 -0.0022974 -0.544897 -0.00569475 1.55401 0.000361008
42.798 -0.436332 -0.545016 0.108684 12.0659 -0.000335694 0.258063 -0.00230092 -0.545016 -0.00569854 1.554 0.000360849
42.799 -0.436332 -0.545136 0.108804 12.074 -0.000336399 0.258321 -0.00230443 -0.545136 -0.00570231 1.554 0.00036069
42.8 -0.436332 -0.545255 0.108923 12.082 -0.000337099 0.258578 -0.00230792 -0.545255 -0.00570607 1.55399 0.000360532
42.801 -0.436332 -0.545373 0.109041 12.0901 -0.000337792 0.258833 -0.00231141 -0.545373 -0.00570982 1.55398 0.000360374
42.802 -0.436332 -0.545492 0.109159 12.098 -0.00033848 0.259089 -0.00231488 -0.545492 -0.00571355 1.55397 0.000360216
42.803 -0.436332 -0.545609 0.109277 12.106 -0.000339163 0.259343 -0.00231834 -0.545609 -0.00571728 1.55397 0.000360058
42.804 -0.436332 -0.545727 0.109395 12.1139 -0.000339839 0.259596 -0.00232179 -0.545727 -0.00572099 1.55396 0.000359901
42.805 -0.436332 -0.545844 0.109512 12.1217 -0.00034051 0.259849 -0.00232522 -0.545844 -0.00572469 1.55395 0.000359743
42.806 -0.436332 -0.545961 0.109628 12.1295 -0.000341176 0.2601 -0.00232865 -0.545961 -0.00572838 1.55394 0.000359586
42.807 -0.436332 -0.546077 0.109745 12.1373 -0.000341835 0.260351 -0.00233206 -0.546077 -0.00573205 1.55393 0.000359429
42.808 -0.436332 -0.546193 0.109861 12.145 -0.000342489 0.260601 -0.00233546 -0.546193 -0.00573572 1.55393 0.000359273
42.809 -0.436332 -0.546308 0.109976 12.1527 -0.000343138 0.26085 -0.00233885 -0.546308 -0.00573937 1.55392 0.000359116
42.81 -0.436332 -0.546423 0.110091 12.1604 -0.00034378 0.261099 -0.00234223 -0.546423 -0.00574301 1.55391 0.00035896
42.811 -0.436332 -0.546538 0.110206 12.168 -0.000344417 0.261346 -0.00234559 -0.546538 -0.00574664 1.5539 0.000358804
42.812 -0.436332 -0.546653 0.11032 12.1755 -0.000345049 0.261593 -0.00234895 -0.546653 -0.00575025 1.5539 0.000358648
42.813 -0.436332 -0.546766 0.110434 12.183 -0.000345674 0.261839 -0.00235229 -0.546766 -0.00575386 1.55389 0.000358493
42.814 -0.436332 -0.54688 0.110548 12.1905 -0.000346295 0.262084 -0.00235562 -0.54688 -0.00575745 1.55388 0.000358337
42.815 -0.436332 -0.546993 0.110661 12.1979 -0.000346909 0.262328 -0.00235894 -0.546993 -0.00576103 1.55387 0.000358182
42.816 -0.436332 -0.547106 0.110774 12.2053 -0.000347518 0.262572 -0.00236225 -0.547106 -0.00576459 1.55387 0.000358028
42.817 -0.436332 -0.547218 0.110886 12.2126 -0.000348121 0.262814 -0.00236554 -0.547218 -0.00576815 1.55386 0.000357873
42.818 -0.436332 -0.54733 0.110998 12.2199 -0.000348719 0.263056 -0.00236882 -0.54733 -0.00577169 1.55385 0.000357719
42.819 -0.436332 -0.547442 0.11111 12.2272 -0.000349311 0.263297 -0.0023721 -0.547442 -0.00577522 1.55384 0.000357565
42.82 -0.436332 -0.547553 0.111221 12.2344 -0.000349898 0.263537 -0.00237536 -0.547553 -0.00577874 1.55384 0.000357411
42.821 -0.436332 -0.547664 0.111332 12.2416 -0.000350479 0.263776 -0.0023786 -0.547664 -0.00578225 1.55383 0.000357257
42.822 -0.436332 -0.547775 0.111442 12.2487 -0.000351054 0.264014 -0.00238184 -0.547775 -0.00578574 1.55382 0.000357104
42.823 -0.436332 -0.547885 0.111552 12.2558 -0.000351624 0.264252 -0.00238506 -0.547885 -0.00578922 1.55382 0.000356951
42.824 -0.436332 -0.547994 0.111662 12.2629 -0.000352189 0.264488 -0.00238827 -0.547994 -0.00579269 1.55381 0.000356798
42.825 -0.436332 -0.548104 0.111771 12.2699 -0.000352747 0.264724 -0.00239147 -0.548104 -0.00579615 1.5538 0.000356646
42.826 -0.436332 -0.548212 0.11188 12.2768 -0.000353301 0.264959 -0.00239466 -0.548212 -0.00579959 1.55379 0.000356494
42.827 -0.436332 -0.548321 0.111989 12.2838 -0.000353849 0.265193 -0.00239784 -0.548321 -0.00580302 1.55379 0.000356342
42.828 -0.436332 -0.548429 0.112097 12.2906 -0.000354391 0.265427 -0.002401 -0.548429 -0.00580644 1.55378 0.00035619
42.829 -0.436332 -0.548537 0.112204 12.2975 -0.000354928 0.265659 -0.00240416 -0.548537 -0.00580985 1.55377 0.000356039
42.83 -0.436332 -0.548644 0.112312 12.3043 -0.000355459 0.265891 -0.0024073 -0.548644 -0.00581325 1.55377 0.000355888
42.831 -0.436332 -0.548751 0.112419 12.311 -0.000355985 0.266122 -0.00241043 -0.548751 -0.00581663 1.55376 0.000355737
42.832 -0.436332 -0.548858 0.112525 12.3177 -0.000356505 0.266351 -0.00241354 -0.548858 -0.00582 1.55375 0.000355587
42.833 -0.436332 -0.548964 0.112631 12.3244 -0.00035702 0.266581 -0.00241665 -0.548964 -0.00582336 1.55375 0.000355436
42.834 -0.436332 -0.549069 0.112737 12.331 -0.00035753 0.266809 -0.00241974 -0.549069 -0.00582671 1.55374 0.000355286
42.835 -0.436332 -0.549175 0.112842 12.3376 -0.000358034 0.267036 -0.00242283 -0.549175 -0.00583004 1.55373 0.000355137
42.836 -0.436332 -0.54928 0.112947 12.3442 -0.000358533 0.267263 -0.0024259 -0.54928 -0.00583337 1.55372 0.000354987
42.837 -0.436332 -0.549384 0.113052 12.3507 -0.000359026 0.267488 -0.00242895 -0.549384 -0.00583668 1.55372 0.000354838
42.838 -0.436332 -0.549488 0.113156 12.3571 -0.000359514 0.267713 -0.002432 -0.549488 -0.00583997 1.55371 0.00035469
42.839 -0.436332 -0.549592 0.11326 12.3635 -0.000359996 0.267937 -0.00243503 -0.549592 -0.00584326 1.5537 0.000354541
42.84 -0.436332 -0.549695 0.113363 12.3699 -0.000360473 0.26816 -0.00243806 -0.549695 -0.00584653 1.5537 0.000354393
42.841 -0.436332 -0.549798 0.113466 12.3763 -0.000360945 0.268383 -0.00244107 -0.549798 -0.00584979 1.55369 0.000354245
42.842 -0.436332 -0.549901 0.113569 12.3826 -0.000361411 0.268604 -0.00244406 -0.549901 -0.00585304 1.55369 0.000354098
42.843 -0.436332 -0.550003 0.113671 12.3888 -0.000361872 0.268825 -0.00244705 -0.550003 -0.00585628 1.55368 0.000353951
42.844 -0.436332 -0.550105 0.113773 12.395 -0.000362327 0.269045 -0.00245003 -0.550105 -0.0058595 1.55367 0.000353804
42.845 -0.436332 -0.550206 0.113874 12.4012 -0.000362778 0.269263 -0.00245299 -0.550206 -0.00586272 1.55367 0.000353657
42.846 -0.436332 -0.550307 0.113975 12.4073 -0.000363222 0.269482 -0.00245594 -0.550307 -0.00586591 1.55366 0.000353511
42.847 -0.436332 -0.550408 0.114076 12.4134 -0.000363662 0.269699 -0.00245888 -0.550408 -0.0058691 1.55365 0.000353365
42.848 -0.436332 -0.550508 0.114176 12.4194 -0.000364096 0.269915 -0.00246181 -0.550508 -0.00587228 1.55365 0.00035322
42.849 -0.436332 -0.550608 0.114276 12.4255 -0.000364525 0.270131 -0.00246472 -0.550608 -0.00587544 1.55364 0.000353075
42.85 -0.436332 -0.550707 0.114375 12.4314 -0.000364949 0.270345 -0.00246763 -0.550707 -0.00587859 1.55363 0.00035293
42.851 -0.436332 -0.550806 0.114474 12.4373 -0.000365367 0.270559 -0.00247052 -0.550806 -0.00588173 1.55363 0.000352785
42.852 -0.436332 -0.550905 0.114573 12.4432 -0.00036578 0.270772 -0.0024734 -0.550905 -0.00588485 1.55362 0.000352641
42.853 -0.436332 -0.551003 0.114671 12.4491 -0.000366188 0.270984 -0.00247627 -0.551003 -0.00588797 1.55361 0.000352497
42.854 -0.436332 -0.551101 0.114769 12.4549 -0.00036659 0.271195 -0.00247912 -0.551101 -0.00589107 1.55361 0.000352353
42.855 -0.436332 -0.551198 0.114866 12.4606 -0.000366987 0.271406 -0.00248197 -0.551198 -0.00589416 1.5536 0.00035221
42.856 -0.436332 -0.551295 0.114963 12.4663 -0.000367379 0.271615 -0.0024848 -0.551295 -0.00589723 1.5536 0.000352067
42.857 -0.436332 -0.551392 0.11506 12.472 -0.000367766 0.271824 -0.00248762 -0.551392 -0.0059003 1.55359 0.000351925
42.858 -0.436332 -0.551488 0.115156 12.4776 -0.000368147 0.272032 -0.00249043 -0.551488 -0.00590335 1.55358 0.000351783
42.859 -0.436332 -0.551584 0.115252 12.4832 -0.000368524 0.272239 -0.00249323 -0.551584 -0.00590639 1.55358 0.000351641
42.86 -0.436332 -0.551679 0.115347 12.4888 -0.000368895 0.272445 -0.00249601 -0.551679 -0.00590942 1.55357 0.000351499
42.861 -0.436332 -0.551774 0.115442 12.4943 -0.00036926 0.27265 -0.00249878 -0.551774 -0.00591243 1.55357 0.000351358
42.862 -0.436332 -0.551869 0.115537 12.4998 -0.000369621 0.272855 -0.00250155 -0.551869 -0.00591543 1.55356 0.000351217
42.863 -0.436332 -0.551963 0.115631 12.5052 -0.000369977 0.273058 -0.0025043 -0.551963 -0.00591842 1.55355 0.000351077
42.864 -0.436332 -0.552057 0.115725 12.5106 -0.000370327 0.273261 -0.00250703 -0.552057 -0.0059214 1.55355 0.000350937
42.865 -0.436332 -0.55215 0.115818 12.5159 -0.000370672 0.273463 -0.00250976 -0.55215 -0.00592437 1.55354 0.000350797
42.866 -0.436332 -0.552243 0.115911 12.5212 -0.000371012 0.273664 -0.00251247 -0.552243 -0.00592732 1.55354 0.000350658
42.867 -0.436332 -0.552336 0.116004 12.5265 -0.000371347 0.273864 -0.00251518 -0.552336 -0.00593026 1.55353 0.000350519
42.868 -0.436332 -0.552428 0.116096 12.5317 -0.000371677 0.274064 -0.00251787 -0.552428 -0.00593319 1.55353 0.00035038
42.869 -0.436332 -0.55252 0.116188 12.5369 -0.000372002 0.274262 -0.00252054 -0.55252 -0.0059361 1.55352 0.000350242
42.87 -0.436332 -0.552611 0.116279 12.5421 -0.000372321 0.27446 -0.00252321 -0.552611 -0.00593901 1.55351 0.000350104
42.871 -0.436332 -0.552702 0.11637 12.5472 -0.000372636 0.274657 -0.00252587 -0.552702 -0.0059419 1.55351 0.000349967
42.872 -0.436332 -0.552793 0.116461 12.5522 -0.000372945 0.274852 -0.00252851 -0.552793 -0.00594478 1.5535 0.000349829
42.873 -0.436332 -0.552883 0.116551 12.5573 -0.000373249 0.275048 -0.00253114 -0.552883 -0.00594765 1.5535 0.000349693
42.874 -0.436332 -0.552973 0.116641 12.5623 -0.000373548 0.275242 -0.00253376 -0.552973 -0.0059505 1.55349 0.000349556
42.875 -0.436332 -0.553063 0.11673 12.5672 -0.000373843 0.275435 -0.00253637 -0.553063 -0.00595334 1.55349 0.00034942
42.876 -0.436332 -0.553152 0.116819 12.5721 -0.000374132 0.275628 -0.00253896 -0.553152 -0.00595617 1.55348 0.000349284
42.877 -0.436332 -0.55324 0.116908 12.577 -0.000374416 0.275819 -0.00254155 -0.55324 -0.00595899 1.55348 0.000349149
42.878 -0.436332 -0.553328 0.116996 12.5818 -0.000374695 0.27601 -0.00254412 -0.553328 -0.0059618 1.55347 0.000349014
42.879 -0.436332 -0.553416 0.117084 12.5866 -0.000374969 0.2762 -0.00254668 -0.553416 -0.00596459 1.55346 0.00034888
42.88 -0.436332 -0.553504 0.117171 12.5913 -0.000375238 0.276389 -0.00254923 -0.553504 -0.00596737 1.55346 0.000348746
42.881 -0.436332 -0.553591 0.117258 12.596 -0.000375502 0.276577 -0.00255177 -0.553591 -0.00597014 1.55345 0.000348612
42.882 -0.436332 -0.553677 0.117345 12.6007 -0.000375761 0.276765 -0.00255429 -0.553677 -0.0059729 1.55345 0.000348479
42.883 -0.436332 -0.553763 0.117431 12.6053 -0.000376015 0.276951 -0.00255681 -0.553763 -0.00597564 1.55344 0.000348346
42.884 -0.436332 -0.553849 0.117517 12.6099 -0.000376264 0.277137 -0.00255931 -0.553849 -0.00597837 1.55344 0.000348213
42.885 -0.436332 -0.553935 0.117602 12.6145 -0.000376508 0.277322 -0.0025618 -0.553935 -0.00598109 1.55343 0.000348081
42.886 -0.436332 -0.55402 0.117687 12.619 -0.000376747 0.277506 -0.00256428 -0.55402 -0.0059838 1.55343 0.000347949
42.887 -0.436332 -0.554104 0.117772 12.6234 -0.000376982 0.277689 -0.00256674 -0.554104 -0.00598649 1.55342 0.000347818
42.888 -0.436332 -0.554189 0.117856 12.6279 -0.000377211 0.277871 -0.0025692 -0.554189 -0.00598918 1.55342 0.000347687
42.889 -0.436332 -0.554272 0.11794 12.6322 -0.000377436 0.278053 -0.00257164 -0.554272 -0.00599185 1.55341 0.000347556
42.89 -0.436332 -0.554356 0.118024 12.6366 -0.000377655 0.278233 -0.00257407 -0.554356 -0.0059945 1.55341 0.000347426
42.891 -0.436332 -0.554439 0.118107 12.6409 -0.00037787 0.278413 -0.00257649 -0.554439 -0.00599715 1.5534 0.000347296
42.892 -0.436332 -0.554521 0.118189 12.6452 -0.00037808 0.278592 -0.0025789 -0.554521 -0.00599978 1.5534 0.000347167
42.893 -0.436332 -0.554604 0.118271 12.6494 -0.000378285 0.27877 -0.00258129 -0.554604 -0.0060024 1.55339 0.000347038
42.894 -0.436332 -0.554686 0.118353 12.6536 -0.000378485 0.278947 -0.00258368 -0.554686 -0.00600501 1.55339 0.000346909
42.895 -0.436332 -0.554767 0.118435 12.6578 -0.00037868 0.279123 -0.00258605 -0.554767 -0.00600761 1.55338 0.000346781
42.896 -0.436332 -0.554848 0.118516 12.6619 -0.00037887 0.279299 -0.00258841 -0.554848 -0.0060102 1.55338 0.000346653
42.897 -0.436332 -0.554929 0.118596 12.6659 -0.000379056 0.279474 -0.00259076 -0.554929 -0.00601277 1.55337 0.000346525
42.898 -0.436332 -0.555009 0.118677 12.67 -0.000379237 0.279647 -0.0025931 -0.555009 -0.00601533 1.55337 0.000346398
42.899 -0.436332 -0.555089 0.118756 12.674 -0.000379413 0.27982 -0.00259542 -0.555089 -0.00601788 1.55336 0.000346272
42.9 -0.436332 -0.555168 0.118836 12.6779 -0.000379584 0.279992 -0.00259774 -0.555168 -0.00602041 1.55336 0.000346146
42.901 -0.436332 -0.555247 0.118915 12.6819 -0.00037975 0.280164 -0.00260004 -0.555247 -0.00602293 1.55335 0.00034602
42.902 -0.436332 -0.555326 0.118993 12.6857 -0.000379912 0.280334 -0.00260233 -0.555326 -0.00602545 1.55335 0.000345895
42.903 -0.436332 -0.555404 0.119072 12.6896 -0.000380069 0.280503 -0.00260461 -0.555404 -0.00602795 1.55334 0.00034577
42.904 -0.436332 -0.555482 0.11915 12.6934 -0.000380221 0.280672 -0.00260688 -0.555482 -0.00603043 1.55334 0.000345645
42.905 -0.436332 -0.555559 0.119227 12.6971 -0.000380368 0.28084 -0.00260914 -0.555559 -0.00603291 1.55333 0.000345521
42.906 -0.436332 -0.555636 0.119304 12.7009 -0.000380511 0.281007 -0.00261138 -0.555636 -0.00603537 1.55333 0.000345397
42.907 -0.436332 -0.555713 0.119381 12.7046 -0.000380649 0.281173 -0.00261361 -0.555713 -0.00603782 1.55333 0.000345274
42.908 -0.436332 -0.555789 0.119457 12.7082 -0.000380782 0.281338 -0.00261583 -0.555789 -0.00604026 1.55332 0.000345151
42.909 -0.436332 -0.555865 0.119533 12.7118 -0.000380911 0.281503 -0.00261804 -0.555865 -0.00604268 1.55332 0.000345029
42.91 -0.436332 -0.555941 0.119608 12.7154 -0.000381035 0.281666 -0.00262024 -0.555941 -0.0060451 1.55331 0.000344907
42.911 -0.436332 -0.556016 0.119683 12.7189 -0.000381154 0.281829 -0.00262243 -0.556016 -0.0060475 1.55331 0.000344785
42.912 -0.436332 -0.55609 0.119758 12.7224 -0.000381268 0.281991 -0.0026246 -0.55609 -0.00604989 1.5533 0.000344664
42.913 -0.436332 -0.556165 0.119832 12.7259 -0.000381378 0.282152 -0.00262677 -0.556165 -0.00605227 1.5533 0.000344543
42.914 -0.436332 -0.556238 0.119906 12.7293 -0.000381484 0.282312 -0.00262892 -0.556238 -0.00605463 1.55329 0.000344423
42.915 -0.436332 -0.556312 0.11998 12.7327 -0.000381584 0.282472 -0.00263106 -0.556312 -0.00605698 1.55329 0.000344303
42.916 -0.436332 -0.556385 0.120053 12.736 -0.00038168 0.28263 -0.00263319 -0.556385 -0.00605933 1.55329 0.000344184
42.917 -0.436332 -0.556458 0.120125 12.7393 -0.000381772 0.282788 -0.0026353 -0.556458 -0.00606165 1.55328 0.000344065
42.918 -0.436332 -0.55653 0.120198 12.7426 -0.000381859 0.282945 -0.00263741 -0.55653 -0.00606397 1.55328 0.000343946
42.919 -0.436332 -0.556602 0.12027 12.7459 -0.000381941 0.283101 -0.0026395 -0.556602 -0.00606628 1.55327 0.000343828
42.92 -0.436332 -0.556673 0.120341 12.749 -0.000382019 0.283256 -0.00264159 -0.556673 -0.00606857 1.55327 0.00034371
42.921 -0.436332 -0.556744 0.120412 12.7522 -0.000382092 0.28341 -0.00264366 -0.556744 -0.00607085 1.55327 0.000343593
42.922 -0.436332 -0.556815 0.120483 12.7553 -0.000382161 0.283564 -0.00264572 -0.556815 -0.00607312 1.55326 0.000343476
42.923 -0.436332 -0.556885 0.120553 12.7584 -0.000382225 0.283716 -0.00264776 -0.556885 -0.00607537 1.55326 0.00034336
42.924 -0.436332 -0.556955 0.120623 12.7614 -0.000382284 0.283868 -0.0026498 -0.556955 -0.00607762 1.55325 0.000343244
42.925 -0.436332 -0.557025 0.120693 12.7645 -0.00038234 0.284019 -0.00265183 -0.557025 -0.00607985 1.55325 0.000343128
42.926 -0.436332 -0.557094 0.120762 12.7674 -0.00038239 0.284169 -0.00265384 -0.557094 -0.00608207 1.55325 0.000343013
42.927 -0.436332 -0.557163 0.12083 12.7704 -0.000382436 0.284318 -0.00265584 -0.557163 -0.00608428 1.55324 0.000342899
42.928 -0.436332 -0.557231 0.120899 12.7733 -0.000382478 0.284467 -0.00265783 -0.557231 -0.00608647 1.55324 0.000342784
42.929 -0.436332 -0.557299 0.120967 12.7761 -0.000382515 0.284614 -0.00265981 -0.557299 -0.00608866 1.55323 0.000342671
42.93 -0.436332 -0.557367 0.121034 12.7789 -0.000382548 0.284761 -0.00266178 -0.557367 -0.00609083 1.55323 0.000342557
42.931 -0.436332 -0.557434 0.121101 12.7817 -0.000382576 0.284907 -0.00266374 -0.557434 -0.00609299 1.55323 0.000342444
42.932 -0.436332 -0.557501 0.121168 12.7845 -0.0003826 0.285052 -0.00266568 -0.557501 -0.00609514 1.55322 0.000342332
42.933 -0.436332 -0.557567 0.121235 12.7872 -0.00038262 0.285196 -0.00266762 -0.557567 -0.00609728 1.55322 0.00034222
42.934 -0.436332 -0.557633 0.121301 12.7899 -0.000382635 0.28534 -0.00266954 -0.557633 -0.0060994 1.55321 0.000342108
42.935 -0.436332 -0.557698 0.121366 12.7925 -0.000382646 0.285482 -0.00267145 -0.557698 -0.00610151 1.55321 0.000341997
42.936 -0.436332 -0.557764 0.121431 12.7951 -0.000382652 0.285624 -0.00267335 -0.557764 -0.00610361 1.55321 0.000341886
42.937 -0.436332 -0.557828 0.121496 12.7977 -0.000382654 0.285765 -0.00267524 -0.557828 -0.0061057 1.5532 0.000341776
42.938 -0.436332 -0.557893 0.121561 12.8002 -0.000382652 0.285905 -0.00267711 -0.557893 -0.00610778 1.5532 0.000341666
42.939 -0.436332 -0.557957 0.121625 12.8027 -0.000382645 0.286044 -0.00267898 -0.557957 -0.00610984 1.5532 0.000341557
42.94 -0.436332 -0.558021 0.121688 12.8051 -0.000382634 0.286183 -0.00268083 -0.558021 -0.00611189 1.55319 0.000341448
42.941 -0.436332 -0.558084 0.121751 12.8076 -0.000382619 0.28632 -0.00268268 -0.558084 -0.00611393 1.55319 0.00034134
42.942 -0.436332 -0.558147 0.121814 12.8099 -0.000382599 0.286457 -0.00268451 -0.558147 -0.00611596 1.55319 0.000341232
42.943 -0.436332 -0.558209 0.121877 12.8123 -0.000382575 0.286593 -0.00268633 -0.558209 -0.00611798 1.55318 0.000341124
42.944 -0.436332 -0.558271 0.121939 12.8146 -0.000382547 0.286728 -0.00268814 -0.558271 -0.00611999 1.55318 0.000341017
42.945 -0.436332 -0.558333 0.122001 12.8169 -0.000382515 0.286862 -0.00268994 -0.558333 -0.00612198 1.55318 0.000340911
42.946 -0.436332 -0.558394 0.122062 12.8191 -0.000382478 0.286996 -0.00269172 -0.558394 -0.00612396 1.55317 0.000340804
42.947 -0.436332 -0.558455 0.122123 12.8213 -0.000382437 0.287128 -0.0026935 -0.558455 -0.00612593 1.55317 0.000340699
42.948 -0.436332 -0.558516 0.122183 12.8235 -0.000382392 0.28726 -0.00269526 -0.558516 -0.00612789 1.55317 0.000340593
42.949 -0.436332 -0.558576 0.122243 12.8256 -0.000382342 0.287391 -0.00269702 -0.558576 -0.00612983 1.55316 0.000340489
42.95 -0.436332 -0.558635 0.122303 12.8277 -0.000382289 0.287521 -0.00269876 -0.558635 -0.00613177 1.55316 0.000340384
42.951 -0.436332 -0.558695 0.122362 12.8298 -0.000382231 0.28765 -0.00270049 -0.558695 -0.00613369 1.55316 0.00034028
42.952 -0.436332 -0.558754 0.122421 12.8318 -0.000382169 0.287779 -0.00270221 -0.558754 -0.0061356 1.55315 0.000340177
42.953 -0.436332 -0.558812 0.12248 12.8338 -0.000382103 0.287906 -0.00270392 -0.558812 -0.0061375 1.55315 0.000340074
42.954 -0.436332 -0.558871 0.122538 12.8358 -0.000382033 0.288033 -0.00270561 -0.558871 -0.00613939 1.55315 0.000339971
42.955 -0.436332 -0.558928 0.122596 12.8377 -0.000381958 0.288159 -0.0027073 -0.558928 -0.00614126 1.55314 0.000339869
42.956 -0.436332 -0.558986 0.122653 12.8396 -0.00038188 0.288284 -0.00270898 -0.558986 -0.00614312 1.55314 0.000339768
42.957 -0.436332 -0.559043 0.12271 12.8414 -0.000381797 0.288409 -0.00271064 -0.559043 -0.00614498 1.55314 0.000339666
42.958 -0.436332 -0.559099 0.122767 12.8432 -0.000381711 0.288532 -0.00271229 -0.559099 -0.00614682 1.55313 0.000339566
42.959 -0.436332 -0.559156 0.122823 12.845 -0.00038162 0.288655 -0.00271393 -0.559156 -0.00614864 1.55313 0.000339465
42.96 -0.436332 -0.559212 0.122879 12.8468 -0.000381525 0.288777 -0.00271557 -0.559212 -0.00615046 1.55313 0.000339366
42.961 -0.436332 -0.559267 0.122935 12.8485 -0.000381426 0.288898 -0.00271719 -0.559267 -0.00615227 1.55312 0.000339266
42.962 -0.436332 -0.559322 0.12299 12.8501 -0.000381323 0.289018 -0.00271879 -0.559322 -0.00615406 1.55312 0.000339168
42.963 -0.436332 -0.559377 0.123045 12.8518 -0.000381216 0.289138 -0.00272039 -0.559377 -0.00615584 1.55312 0.000339069
42.964 -0.436332 -0.559431 0.123099 12.8534 -0.000381105 0.289256 -0.00272198 -0.559431 -0.00615761 1.55312 0.000338971
42.965 -0.436332 -0.559485 0.123153 12.855 -0.00038099 0.289374 -0.00272355 -0.559485 -0.00615937 1.55311 0.000338874
42.966 -0.436332 -0.559539 0.123207 12.8565 -0.000380871 0.289491 -0.00272512 -0.559539 -0.00616112 1.55311 0.000338777
42.967 -0.436332 -0.559592 0.12326 12.858 -0.000380747 0.289607 -0.00272667 -0.559592 -0.00616285 1.55311 0.00033868
42.968 -0.436332 -0.559645 0.123313 12.8595 -0.00038062 0.289722 -0.00272821 -0.559645 -0.00616457 1.5531 0.000338584
42.969 -0.436332 -0.559697 0.123365 12.8609 -0.000380489 0.289837 -0.00272975 -0.559697 -0.00616629 1.5531 0.000338489
42.97 -0.436332 -0.559749 0.123417 12.8623 -0.000380354 0.289951 -0.00273127 -0.559749 -0.00616799 1.5531 0.000338393
42.971 -0.436332 -0.559801 0.123469 12.8637 -0.000380216 0.290064 -0.00273278 -0.559801 -0.00616968 1.5531 0.000338299
42.972 -0.436332 -0.559852 0.12352 12.865 -0.000380073 0.290176 -0.00273428 -0.559852 -0.00617135 1.55309 0.000338204
42.973 -0.436332 -0.559903 0.123571 12.8663 -0.000379926 0.290287 -0.00273576 -0.559903 -0.00617302 1.55309 0.000338111
42.974 -0.436332 -0.559954 0.123622 12.8676 -0.000379775 0.290398 -0.00273724 -0.559954 -0.00617467 1.55309 0.000338017
42.975 -0.436332 -0.560004 0.123672 12.8688 -0.000379621 0.290507 -0.00273871 -0.560004 -0.00617632 1.55309 0.000337925
42.976 -0.436332 -0.560054 0.123721 12.87 -0.000379463 0.290616 -0.00274016 -0.560054 -0.00617795 1.55308 0.000337832
42.977 -0.436332 -0.560103 0.123771 12.8712 -0.0003793 0.290724 -0.00274161 -0.560103 -0.00617957 1.55308 0.00033774
42.978 -0.436332 -0.560152 0.12382 12.8723 -0.000379134 0.290832 -0.00274304 -0.560152 -0.00618118 1.55308 0.000337649
42.979 -0.436332 -0.560201 0.123869 12.8734 -0.000378964 0.290938 -0.00274446 -0.560201 -0.00618277 1.55308 0.000337558
42.98 -0.436332 -0.560249 0.123917 12.8745 -0.000378791 0.291044 -0.00274588 -0.560249 -0.00618436 1.55307 0.000337468
42.981 -0.436332 -0.560297 0.123965 12.8755 -0.000378613 0.291149 -0.00274728 -0.560297 -0.00618593 1.55307 0.000337378
42.982 -0.436332 -0.560345 0.124012 12.8765 -0.000378432 0.291253 -0.00274867 -0.560345 -0.00618749 1.55307 0.000337288
42.983 -0.436332 -0.560392 0.124059 12.8775 -0.000378247 0.291356 -0.00275005 -0.560392 -0.00618905 1.55307 0.000337199
42.984 -0.436332 -0.560439 0.124106 12.8784 -0.000378058 0.291458 -0.00275142 -0.560439 -0.00619059 1.55306 0.00033711
42.985 -0.436332 -0.560485 0.124153 12.8793 -0.000377865 0.29156 -0.00275278 -0.560485 -0.00619211 1.55306 0.000337022
42.986 -0.436332 -0.560531 0.124199 12.8802 -0.000377669 0.291661 -0.00275412 -0.560531 -0.00619363 1.55306 0.000336935
42.987 -0.436332 -0.560577 0.124244 12.881 -0.000377469 0.291761 -0.00275546 -0.560577 -0.00619514 1.55306 0.000336848
42.988 -0.436332 -0.560622 0.12429 12.8818 -0.000377265 0.29186 -0.00275679 -0.560622 -0.00619663 1.55306 0.000336761
42.989 -0.436332 -0.560667 0.124334 12.8826 -0.000377057 0.291959 -0.0027581 -0.560667 -0.00619812 1.55305 0.000336675
42.99 -0.436332 -0.560711 0.124379 12.8833 -0.000376846 0.292056 -0.00275941 -0.560711 -0.00619959 1.55305 0.000336589
42.991 -0.436332 -0.560756 0.124423 12.884 -0.000376631 0.292153 -0.0027607 -0.560756 -0.00620105 1.55305 0.000336504
42.992 -0.436332 -0.560799 0.124467 12.8847 -0.000376412 0.29225 -0.00276199 -0.560799 -0.0062025 1.55305 0.000336419
42.993 -0.436332 -0.560843 0.12451 12.8853 -0.00037619 0.292345 -0.00276326 -0.560843 -0.00620394 1.55304 0.000336334
42.994 -0.436332 -0.560886 0.124553 12.8859 -0.000375964 0.292439 -0.00276452 -0.560886 -0.00620536 1.55304 0.000336251
42.995 -0.436332 -0.560928 0.124596 12.8865 -0.000375735 0.292533 -0.00276577 -0.560928 -0.00620678 1.55304 0.000336167
42.996 -0.436332 -0.560971 0.124638 12.887 -0.000375502 0.292626 -0.00276701 -0.560971 -0.00620818 1.55304 0.000336084
42.997 -0.436332 -0.561013 0.12468 12.8876 -0.000375265 0.292718 -0.00276825 -0.561013 -0.00620958 1.55304 0.000336002
42.998 -0.436332 -0.561054 0.124722 12.888 -0.000375025 0.29281 -0.00276947 -0.561054 -0.00621096 1.55303 0.00033592
42.999 -0.436332 -0.561096 0.124763 12.8885 -0.000374781 0.2929 -0.00277068 -0.561096 -0.00621233 1.55303 0.000335838
43 -0.436332 -0.561136 0.124804 12.8889 -0.000374534 0.29299 -0.00277188 -0.561136 -0.00621369 1.55303 0.000335757
43.001 -0.436332 -0.561177 0.124845 12.8893 -0.000374283 0.293079 -0.00277306 -0.561177 -0.00621504 1.55303 0.000335677
43.002 -0.436332 -0.561217 0.124885 12.8896 -0.000374028 0.293167 -0.00277424 -0.561217 -0.00621638 1.55303 0.000335597
43.003 -0.436332 -0.561257 0.124924 12.89 -0.00037377 0.293255 -0.00277541 -0.561257 -0.00621771 1.55303 0.000335517
43.004 -0.436332 -0.561296 0.124964 12.8902 -0.000373509 0.293342 -0.00277657 -0.561296 -0.00621902 1.55302 0.000335438
43.005 -0.436332 -0.561335 0.125003 12.8905 -0.000373244 0.293428 -0.00277772 -0.561335 -0.00622033 1.55302 0.000335359
43.006 -0.436332 -0.561374 0.125042 12.8907 -0.000372975 0.293513 -0.00277885 -0.561374 -0.00622162 1.55302 0.000335281
43.007 -0.436332 -0.561412 0.12508 12.8909 -0.000372703 0.293597 -0.00277998 -0.561412 -0.0062229 1.55302 0.000335203
43.008 -0.436332 -0.56145 0.125118 12.8911 -0.000372428 0.293681 -0.0027811 -0.56145 -0.00622417 1.55302 0.000335126
43.009 -0.436332 -0.561488 0.125155 12.8912 -0.000372149 0.293763 -0.0027822 -0.561488 -0.00622544 1.55302 0.000335049
43.01 -0.436332 -0.561525 0.125193 12.8913 -0.000371867 0.293845 -0.0027833 -0.561525 -0.00622669 1.55301 0.000334973
43.011 -0.436332 -0.561562 0.125229 12.8914 -0.000371581 0.293927 -0.00278438 -0.561562 -0.00622792 1.55301 0.000334897
43.012 -0.436332 -0.561598 0.125266 12.8914 -0.000371292 0.294007 -0.00278546 -0.561598 -0.00622915 1.55301 0.000334822
43.013 -0.436332 -0.561634 0.125302 12.8914 -0.000371 0.294087 -0.00278652 -0.561634 -0.00623037 1.55301 0.000334747
43.014 -0.436332 -0.56167 0.125338 12.8914 -0.000370704 0.294166 -0.00278758 -0.56167 -0.00623158 1.55301 0.000334673
43.015 -0.436332 -0.561705 0.125373 12.8914 -0.000370405 0.294244 -0.00278862 -0.561705 -0.00623277 1.55301 0.000334599
43.016 -0.436332 -0.56174 0.125408 12.8913 -0.000370102 0.294322 -0.00278965 -0.56174 -0.00623396 1.553 0.000334525
43.017 -0.436332 -0.561775 0.125443 12.8912 -0.000369796 0.294398 -0.00279068 -0.561775 -0.00623513 1.553 0.000334452
43.018 -0.436332 -0.56181 0.125477 12.891 -0.000369487 0.294474 -0.00279169 -0.56181 -0.00623629 1.553 0.00033438
43.019 -0.436332 -0.561843 0.125511 12.8909 -0.000369174 0.294549 -0.00279269 -0.561843 -0.00623744 1.553 0.000334308
43.02 -0.436332 -0.561877 0.125545 12.8907 -0.000368859 0.294624 -0.00279369 -0.561877 -0.00623858 1.553 0.000334236
43.021 -0.436332 -0.56191 0.125578 12.8904 -0.00036854 0.294697 -0.00279467 -0.56191 -0.00623971 1.553 0.000334165
43.022 -0.436332 -0.561943 0.125611 12.8902 -0.000368217 0.29477 -0.00279564 -0.561943 -0.00624083 1.553 0.000334095
43.023 -0.436332 -0.561976 0.125644 12.8899 -0.000367892 0.294842 -0.00279661 -0.561976 -0.00624194 1.55299 0.000334025
43.024 -0.436332 -0.562008 0.125676 12.8896 -0.000367563 0.294914 -0.00279756 -0.562008 -0.00624304 1.55299 0.000333955
43.025 -0.436332 -0.56204 0.125708 12.8892 -0.000367231 0.294984 -0.0027985 -0.56204 -0.00624413 1.55299 0.000333886
43.026 -0.436332 -0.562071 0.125739 12.8888 -0.000366896 0.295054 -0.00279943 -0.562071 -0.00624521 1.55299 0.000333817
43.027 -0.436332 -0.562102 0.12577 12.8884 -0.000366557 0.295123 -0.00280036 -0.562102 -0.00624627 1.55299 0.000333749
43.028 -0.436332 -0.562133 0.125801 12.888 -0.000366216 0.295192 -0.00280127 -0.562133 -0.00624733 1.55299 0.000333681
43.029 -0.436332 -0.562164 0.125831 12.8875 -0.000365871 0.295259 -0.00280217 -0.562164 -0.00624837 1.55299 0.000333614
43.03 -0.436332 -0.562194 0.125861 12.887 -0.000365523 0.295326 -0.00280306 -0.562194 -0.00624941 1.55299 0.000333547
43.031 -0.436332 -0.562224 0.125891 12.8865 -0.000365172 0.295392 -0.00280395 -0.562224 -0.00625043 1.55299 0.000333481
43.032 -0.436332 -0.562253 0.125921 12.8859 -0.000364817 0.295458 -0.00280482 -0.562253 -0.00625144 1.55298 0.000333415
43.033 -0.436332 -0.562282 0.12595 12.8853 -0.00036446 0.295522 -0.00280568 -0.562282 -0.00625245 1.55298 0.00033335
43.034 -0.436332 -0.562311 0.125978 12.8847 -0.0003641 0.295586 -0.00280654 -0.562311 -0.00625344 1.55298 0.000333285
43.035 -0.436332 -0.562339 0.126007 12.8841 -0.000363736 0.295649 -0.00280738 -0.562339 -0.00625442 1.55298 0.00033322
43.036 -0.436332 -0.562367 0.126035 12.8834 -0.000363369 0.295712 -0.00280821 -0.562367 -0.00625539 1.55298 0.000333157
43.037 -0.436332 -0.562395 0.126062 12.8827 -0.000363 0.295773 -0.00280903 -0.562395 -0.00625635 1.55298 0.000333093
43.038 -0.436332 -0.562422 0.12609 12.882 -0.000362627 0.295834 -0.00280985 -0.562422 -0.0062573 1.55298 0.00033303
43.039 -0.436332 -0.562449 0.126117 12.8812 -0.000362251 0.295894 -0.00281065 -0.562449 -0.00625824 1.55298 0.000332968
43.04 -0.436332 -0.562476 0.126143 12.8804 -0.000361872 0.295954 -0.00281145 -0.562476 -0.00625917 1.55298 0.000332906
43.041 -0.436332 -0.562502 0.126169 12.8796 -0.00036149 0.296012 -0.00281223 -0.562502 -0.00626009 1.55298 0.000332844
43.042 -0.436332 -0.562528 0.126195 12.8788 -0.000361106 0.29607 -0.002813 -0.562528 -0.006261 1.55297 0.000332783
43.043 -0.436332 -0.562553 0.126221 12.8779 -0.000360718 0.296128 -0.00281377 -0.562553 -0.00626189 1.55297 0.000332722
43.044 -0.436332 -0.562579 0.126246 12.877 -0.000360327 0.296184 -0.00281452 -0.562579 -0.00626278 1.55297 0.000332662
43.045 -0.436332 -0.562603 0.126271 12.8761 -0.000359933 0.29624 -0.00281527 -0.562603 -0.00626366 1.55297 0.000332603
43.046 -0.436332 -0.562628 0.126296 12.8751 -0.000359537 0.296295 -0.002816 -0.562628 -0.00626453 1.55297 0.000332543
43.047 -0.436332 -0.562652 0.12632 12.8742 -0.000359137 0.296349 -0.00281673 -0.562652 -0.00626538 1.55297 0.000332485
43.048 -0.436332 -0.562676 0.126344 12.8732 -0.000358735 0.296403 -0.00281745 -0.562676 -0.00626623 1.55297 0.000332426
43.049 -0.436332 -0.5627 0.126367 12.8721 -0.000358329 0.296456 -0.00281815 -0.5627 -0.00626707 1.55297 0.000332369
43.05 -0.436332 -0.562723 0.126391 12.8711 -0.000357921 0.296508 -0.00281885 -0.562723 -0.00626789 1.55297 0.000332311
43.051 -0.436332 -0.562746 0.126413 12.87 -0.00035751 0.296559 -0.00281954 -0.562746 -0.00626871 1.55297 0.000332255
43.052 -0.436332 -0.562768 0.126436 12.8688 -0.000357096 0.29661 -0.00282022 -0.562768 -0.00626951 1.55297 0.000332198
43.053 -0.436332 -0.56279 0.126458 12.8677 -0.000356679 0.29666 -0.00282088 -0.56279 -0.00627031 1.55297 0.000332142
43.054 -0.436332 -0.562812 0.12648 12.8665 -0.000356259 0.296709 -0.00282154 -0.562812 -0.00627109 1.55297 0.000332087
43.055 -0.436332 -0.562834 0.126501 12.8653 -0.000355836 0.296758 -0.00282219 -0.562834 -0.00627187 1.55297 0.000332032
43.056 -0.436332 -0.562855 0.126523 12.8641 -0.000355411 0.296805 -0.00282283 -0.562855 -0.00627263 1.55297 0.000331977
43.057 -0.436332 -0.562876 0.126543 12.8629 -0.000354983 0.296853 -0.00282346 -0.562876 -0.00627339 1.55297 0.000331923
43.058 -0.436332 -0.562896 0.126564 12.8616 -0.000354552 0.296899 -0.00282408 -0.562896 -0.00627413 1.55296 0.00033187
43.059 -0.436332 -0.562917 0.126584 12.8603 -0.000354118 0.296945 -0.00282469 -0.562917 -0.00627487 1.55296 0.000331817
43.06 -0.436332 -0.562936 0.126604 12.8589 -0.000353682 0.29699 -0.0028253 -0.562936 -0.00627559 1.55296 0.000331764
43.061 -0.436332 -0.562956 0.126624 12.8576 -0.000353243 0.297034 -0.00282589 -0.562956 -0.00627631 1.55296 0.000331712
43.062 -0.436332 -0.562975 0.126643 12.8562 -0.000352801 0.297077 -0.00282647 -0.562975 -0.00627701 1.55296 0.000331661
43.063 -0.436332 -0.562994 0.126662 12.8548 -0.000352356 0.29712 -0.00282705 -0.562994 -0.00627771 1.55296 0.000331609
43.064 -0.436332 -0.563012 0.12668 12.8533 -0.000351909 0.297162 -0.00282761 -0.563012 -0.00627839 1.55296 0.000331559
43.065 -0.436332 -0.563031 0.126698 12.8519 -0.000351459 0.297204 -0.00282817 -0.563031 -0.00627907 1.55296 0.000331508
43.066 -0.436332 -0.563049 0.126716 12.8504 -0.000351006 0.297245 -0.00282871 -0.563049 -0.00627973 1.55296 0.000331459
43.067 -0.436332 -0.563066 0.126734 12.8489 -0.000350551 0.297285 -0.00282925 -0.563066 -0.00628039 1.55296 0.000331409
43.068 -0.436332 -0.563083 0.126751 12.8473 -0.000350093 0.297324 -0.00282978 -0.563083 -0.00628103 1.55296 0.000331361
43.069 -0.436332 -0.5631 0.126768 12.8458 -0.000349632 0.297363 -0.00283029 -0.5631 -0.00628167 1.55296 0.000331312
43.07 -0.436332 -0.563117 0.126784 12.8442 -0.000349169 0.297401 -0.0028308 -0.563117 -0.0062823 1.55296 0.000331264
43.071 -0.436332 -0.563133 0.126801 12.8425 -0.000348703 0.297438 -0.0028313 -0.563133 -0.00628291 1.55296 0.000331217
43.072 -0.436332 -0.563149 0.126817 12.8409 -0.000348234 0.297474 -0.00283179 -0.563149 -0.00628352 1.55296 0.00033117
43.073 -0.436332 -0.563165 0.126832 12.8392 -0.000347763 0.29751 -0.00283227 -0.563165 -0.00628411 1.55296 0.000331123
43.074 -0.436332 -0.56318 0.126848 12.8375 -0.00034729 0.297545 -0.00283275 -0.56318 -0.0062847 1.55296 0.000331077
43.075 -0.436332 -0.563195 0.126862 12.8358 -0.000346814 0.29758 -0.00283321 -0.563195 -0.00628528 1.55296 0.000331032
43.076 -0.436332 -0.563209 0.126877 12.8341 -0.000346335 0.297614 -0.00283366 -0.563209 -0.00628584 1.55296 0.000330987
43.077 -0.436332 -0.563224 0.126891 12.8323 -0.000345854 0.297647 -0.00283411 -0.563224 -0.0062864 1.55296 0.000330942
43.078 -0.436332 -0.563238 0.126905 12.8305 -0.00034537 0.297679 -0.00283455 -0.563238 -0.00628695 1.55296 0.000330898
43.079 -0.436332 -0.563251 0.126919 12.8287 -0.000344884 0.297711 -0.00283497 -0.563251 -0.00628749 1.55296 0.000330854
43.08 -0.436332 -0.563265 0.126932 12.8268 -0.000344395 0.297742 -0.00283539 -0.563265 -0.00628802 1.55296 0.000330811
43.081 -0.436332 -0.563278 0.126946 12.825 -0.000343904 0.297773 -0.0028358 -0.563278 -0.00628853 1.55296 0.000330768
43.082 -0.436332 -0.563291 0.126958 12.8231 -0.00034341 0.297802 -0.0028362 -0.563291 -0.00628904 1.55296 0.000330726
43.083 -0.436332 -0.563303 0.126971 12.8212 -0.000342914 0.297831 -0.00283659 -0.563303 -0.00628954 1.55296 0.000330684
43.084 -0.436332 -0.563315 0.126983 12.8192 -0.000342415 0.29786 -0.00283697 -0.563315 -0.00629003 1.55296 0.000330643
43.085 -0.436332 -0.563327 0.126995 12.8172 -0.000341914 0.297887 -0.00283735 -0.563327 -0.00629052 1.55296 0.000330602
43.086 -0.436332 -0.563338 0.127006 12.8152 -0.000341411 0.297914 -0.00283771 -0.563338 -0.00629099 1.55296 0.000330561
43.087 -0.436332 -0.563349 0.127017 12.8132 -0.000340905 0.297941 -0.00283807 -0.563349 -0.00629145 1.55296 0.000330521
43.088 -0.436332 -0.56336 0.127028 12.8112 -0.000340397 0.297966 -0.00283841 -0.56336 -0.0062919 1.55296 0.000330482
43.089 -0.436332 -0.563371 0.127038 12.8091 -0.000339887 0.297991 -0.00283875 -0.563371 -0.00629234 1.55296 0.000330443
43.09 -0.436332 -0.563381 0.127049 12.807 -0.000339374 0.298016 -0.00283908 -0.563381 -0.00629278 1.55296 0.000330404
43.091 -0.436332 -0.563391 0.127059 12.8049 -0.000338859 0.298039 -0.0028394 -0.563391 -0.0062932 1.55296 0.000330366
43.092 -0.436332 -0.563401 0.127068 12.8028 -0.000338341 0.298062 -0.00283971 -0.563401 -0.00629362 1.55296 0.000330328
43.093 -0.436332 -0.56341 0.127078 12.8006 -0.000337821 0.298085 -0.00284001 -0.56341 -0.00629402 1.55296 0.000330291
43.094 -0.436332 -0.563419 0.127086 12.7985 -0.000337299 0.298107 -0.00284031 -0.563419 -0.00629442 1.55296 0.000330254
43.095 -0.436332 -0.563427 0.127095 12.7962 -0.000336775 0.298128 -0.00284059 -0.563427 -0.00629481 1.55296 0.000330218
43.096 -0.436332 -0.563436 0.127104 12.794 -0.000336248 0.298148 -0.00284087 -0.563436 -0.00629518 1.55296 0.000330182
43.097 -0.436332 -0.563444 0.127112 12.7918 -0.000335719 0.298168 -0.00284114 -0.563444 -0.00629555 1.55296 0.000330147
43.098 -0.436332 -0.563452 0.127119 12.7895 -0.000335188 0.298187 -0.0028414 -0.563452 -0.00629591 1.55296 0.000330112
43.099 -0.436332 -0.563459 0.127127 12.7872 -0.000334654 0.298205 -0.00284165 -0.563459 -0.00629626 1.55297 0.000330077
43.1 -0.436332 -0.563466 0.127134 12.7849 -0.000334118 0.298223 -0.00284189 -0.563466 -0.0062966 1.55297 0.000330043
43.101 -0.436332 -0.563473 0.127141 12.7825 -0.000333581 0.29824 -0.00284212 -0.563473 -0.00629693 1.55297 0.000330009
43.102 -0.436332 -0.56348 0.127147 12.7802 -0.00033304 0.298257 -0.00284235 -0.56348 -0.00629726 1.55297 0.000329976
43.103 -0.436332 -0.563486 0.127154 12.7778 -0.000332498 0.298272 -0.00284257 -0.563486 -0.00629757 1.55297 0.000329944
43.104 -0.436332 -0.563492 0.12716 12.7754 -0.000331954 0.298288 -0.00284277 -0.563492 -0.00629787 1.55297 0.000329911
43.105 -0.436332 -0.563497 0.127165 12.7729 -0.000331407 0.298302 -0.00284297 -0.563497 -0.00629817 1.55297 0.00032988
43.106 -0.436332 -0.563503 0.12717 12.7705 -0.000330858 0.298316 -0.00284317 -0.563503 -0.00629846 1.55297 0.000329848
43.107 -0.436332 -0.563508 0.127176 12.768 -0.000330308 0.298329 -0.00284335 -0.563508 -0.00629873 1.55297 0.000329817
43.108 -0.436332 -0.563513 0.12718 12.7655 -0.000329755 0.298342 -0.00284352 -0.563513 -0.006299 1.55297 0.000329787
43.109 -0.436332 -0.563517 0.127185 12.763 -0.000329199 0.298354 -0.00284369 -0.563517 -0.00629926 1.55297 0.000329757
43.11 -0.436332 -0.563521 0.127189 12.7604 -0.000328642 0.298365 -0.00284385 -0.563521 -0.00629951 1.55297 0.000329728
43.111 -0.436332 -0.563525 0.127193 12.7579 -0.000328083 0.298376 -0.00284399 -0.563525 -0.00629975 1.55297 0.000329698
43.112 -0.436332 -0.563529 0.127196 12.7553 -0.000327522 0.298386 -0.00284414 -0.563529 -0.00629998 1.55297 0.00032967
43.113 -0.436332 -0.563532 0.1272 12.7527 -0.000326958 0.298395 -0.00284427 -0.563532 -0.00630021 1.55297 0.000329642
43.114 -0.436332 -0.563535 0.127203 12.75 -0.000326393 0.298404 -0.00284439 -0.563535 -0.00630042 1.55297 0.000329614
43.115 -0.436332 -0.563538 0.127205 12.7474 -0.000325825 0.298412 -0.00284451 -0.563538 -0.00630063 1.55297 0.000329587
43.116 -0.436332 -0.56354 0.127208 12.7447 -0.000325256 0.29842 -0.00284462 -0.56354 -0.00630083 1.55298 0.00032956
43.117 -0.436332 -0.563542 0.12721 12.742 -0.000324684 0.298427 -0.00284472 -0.563542 -0.00630101 1.55298 0.000329534
43.118 -0.436332 -0.563544 0.127212 12.7393 -0.000324111 0.298433 -0.00284481 -0.563544 -0.00630119 1.55298 0.000329508
43.119 -0.436332 -0.563545 0.127213 12.7365 -0.000323536 0.298439 -0.00284489 -0.563545 -0.00630136 1.55298 0.000329482
43.12 -0.436332 -0.563547 0.127214 12.7338 -0.000322958 0.298444 -0.00284497 -0.563547 -0.00630153 1.55298 0.000329457
43.121 -0.436332 -0.563548 0.127215 12.731 -0.000322379 0.298449 -0.00284503 -0.563548 -0.00630168 1.55298 0.000329432
43.122 -0.436332 -0.563548 0.127216 12.7282 -0.000321797 0.298452 -0.00284509 -0.563548 -0.00630182 1.55298 0.000329408
43.123 -0.436332 -0.563549 0.127216 12.7254 -0.000321214 0.298456 -0.00284514 -0.563549 -0.00630196 1.55298 0.000329385
43.124 -0.436332 -0.563549 0.127216 12.7225 -0.000320629 0.298458 -0.00284518 -0.563549 -0.00630209 1.55298 0.000329361
43.125 -0.436332 -0.563548 0.127216 12.7197 -0.000320042 0.29846 -0.00284522 -0.563548 -0.00630221 1.55298 0.000329339
43.126 -0.436332 -0.563548 0.127216 12.7168 -0.000319453 0.298462 -0.00284524 -0.563548 -0.00630232 1.55298 0.000329316
43.127 -0.436332 -0.563547 0.127215 12.7139 -0.000318862 0.298463 -0.00284526 -0.563547 -0.00630242 1.55298 0.000329294
43.128 -0.436332 -0.563546 0.127214 12.7109 -0.00031827 0.298463 -0.00284527 -0.563546 -0.00630251 1.55299 0.000329273
43.129 -0.436332 -0.563545 0.127213 12.708 -0.000317675 0.298462 -0.00284528 -0.563545 -0.0063026 1.55299 0.000329252
43.13 -0.436332 -0.563543 0.127211 12.705 -0.000317079 0.298461 -0.00284527 -0.563543 -0.00630267 1.55299 0.000329231
43.131 -0.436332 -0.563541 0.127209 12.702 -0.000316481 0.29846 -0.00284526 -0.563541 -0.00630274 1.55299 0.000329211
43.132 -0.436332 -0.563539 0.127207 12.699 -0.000315881 0.298457 -0.00284524 -0.563539 -0.0063028 1.55299 0.000329191
43.133 -0.436332 -0.563537 0.127204 12.696 -0.000315279 0.298455 -0.00284521 -0.563537 -0.00630285 1.55299 0.000329172
43.134 -0.436332 -0.563534 0.127202 12.693 -0.000314676 0.298451 -0.00284517 -0.563534 -0.00630289 1.55299 0.000329153
43.135 -0.436332 -0.563531 0.127199 12.6899 -0.00031407 0.298447 -0.00284513 -0.563531 -0.00630293 1.55299 0.000329135
43.136 -0.436332 -0.563528 0.127195 12.6868 -0.000313463 0.298443 -0.00284507 -0.563528 -0.00630295 1.55299 0.000329117
43.137 -0.436332 -0.563524 0.127192 12.6837 -0.000312854 0.298437 -0.00284501 -0.563524 -0.00630297 1.553 0.000329099
43.138 -0.436332 -0.56352 0.127188 12.6806 -0.000312244 0.298432 -0.00284494 -0.56352 -0.00630298 1.553 0.000329082
43.139 -0.436332 -0.563516 0.127184 12.6774 -0.000311632 0.298425 -0.00284487 -0.563516 -0.00630298 1.553 0.000329065
43.14 -0.436332 -0.563512 0.12718 12.6743 -0.000311018 0.298418 -0.00284479 -0.563512 -0.00630297 1.553 0.000329049
43.141 -0.436332 -0.563507 0.127175 12.6711 -0.000310402 0.298411 -0.00284469 -0.563507 -0.00630296 1.553 0.000329033
43.142 -0.436332 -0.563502 0.12717 12.6679 -0.000309785 0.298403 -0.0028446 -0.563502 -0.00630293 1.553 0.000329018
43.143 -0.436332 -0.563497 0.127165 12.6647 -0.000309165 0.298394 -0.00284449 -0.563497 -0.0063029 1.553 0.000329003
43.144 -0.436332 -0.563492 0.127159 12.6614 -0.000308545 0.298385 -0.00284437 -0.563492 -0.00630286 1.553 0.000328988
43.145 -0.436332 -0.563486 0.127154 12.6582 -0.000307922 0.298375 -0.00284425 -0.563486 -0.00630281 1.55301 0.000328974
43.146 -0.436332 -0.56348 0.127148 12.6549 -0.000307298 0.298364 -0.00284412 -0.56348 -0.00630276 1.55301 0.00032896
43.147 -0.436332 -0.563474 0.127141 12.6516 -0.000306673 0.298353 -0.00284399 -0.563474 -0.00630269 1.55301 0.000328947
43.148 -0.436332 -0.563467 0.127135 12.6483 -0.000306046 0.298342 -0.00284384 -0.563467 -0.00630262 1.55301 0.000328934
43.149 -0.436332 -0.56346 0.127128 12.645 -0.000305417 0.29833 -0.00284369 -0.56346 -0.00630254 1.55301 0.000328922
43.15 -0.436332 -0.563453 0.127121 12.6416 -0.000304786 0.298317 -0.00284353 -0.563453 -0.00630245 1.55301 0.00032891
43.151 -0.436332 -0.563446 0.127114 12.6382 -0.000304154 0.298304 -0.00284336 -0.563446 -0.00630235 1.55301 0.000328898
43.152 -0.436332 -0.563439 0.127106 12.6348 -0.000303521 0.29829 -0.00284319 -0.563439 -0.00630225 1.55302 0.000328887
43.153 -0.436332 -0.563431 0.127098 12.6314 -0.000302886 0.298276 -0.00284301 -0.563431 -0.00630213 1.55302 0.000328877
43.154 -0.436332 -0.563423 0.12709 12.628 -0.000302249 0.298261 -0.00284282 -0.563423 -0.00630201 1.55302 0.000328866
43.155 -0.436332 -0.563414 0.127082 12.6246 -0.000301611 0.298245 -0.00284262 -0.563414 -0.00630189 1.55302 0.000328856
43.156 -0.436332 -0.563406 0.127073 12.6211 -0.000300971 0.298229 -0.00284242 -0.563406 -0.00630175 1.55302 0.000328847
43.157 -0.436332 -0.563397 0.127064 12.6176 -0.00030033 0.298212 -0.00284221 -0.563397 -0.00630161 1.55302 0.000328838
43.158 -0.436332 -0.563388 0.127055 12.6141 -0.000299688 0.298195 -0.00284199 -0.563388 -0.00630145 1.55302 0.000328829
43.159 -0.436332 -0.563378 0.127046 12.6106 -0.000299044 0.298177 -0.00284176 -0.563378 -0.00630129 1.55303 0.000328821
43.16 -0.436332 -0.563369 0.127036 12.6071 -0.000298398 0.298159 -0.00284153 -0.563369 -0.00630113 1.55303 0.000328813
43.161 -0.436332 -0.563359 0.127026 12.6036 -0.000297751 0.29814 -0.00284129 -0.563359 -0.00630095 1.55303 0.000328806
43.162 -0.436332 -0.563348 0.127016 12.6 -0.000297102 0.298121 -0.00284104 -0.563348 -0.00630077 1.55303 0.000328799
43.163 -0.436332 -0.563338 0.127006 12.5964 -0.000296452 0.298101 -0.00284079 -0.563338 -0.00630058 1.55303 0.000328793
43.164 -0.436332 -0.563327 0.126995 12.5928 -0.000295801 0.29808 -0.00284053 -0.563327 -0.00630038 1.55303 0.000328787
43.165 -0.436332 -0.563316 0.126984 12.5892 -0.000295148 0.298059 -0.00284026 -0.563316 -0.00630017 1.55303 0.000328781
43.166 -0.436332 -0.563305 0.126973 12.5856 -0.000294494 0.298038 -0.00283998 -0.563305 -0.00629996 1.55304 0.000328776
43.167 -0.436332 -0.563294 0.126962 12.5819 -0.000293839 0.298016 -0.0028397 -0.563294 -0.00629974 1.55304 0.000328771
43.168 -0.436332 -0.563282 0.12695 12.5783 -0.000293182 0.297993 -0.00283941 -0.563282 -0.00629951 1.55304 0.000328767
43.169 -0.436332 -0.56327 0.126938 12.5746 -0.000292524 0.29797 -0.00283911 -0.56327 -0.00629927 1.55304 0.000328762
43.17 -0.436332 -0.563258 0.126926 12.5709 -0.000291864 0.297946 -0.0028388 -0.563258 -0.00629903 1.55304 0.000328759
43.171 -0.436332 -0.563246 0.126913 12.5672 -0.000291203 0.297922 -0.00283849 -0.563246 -0.00629878 1.55304 0.000328756
43.172 -0.436332 -0.563233 0.126901 12.5634 -0.000290541 0.297897 -0.00283817 -0.563233 -0.00629852 1.55305 0.000328753
43.173 -0.436332 -0.56322 0.126888 12.5597 -0.000289877 0.297872 -0.00283785 -0.56322 -0.00629825 1.55305 0.000328751
43.174 -0.436332 -0.563207 0.126875 12.5559 -0.000289213 0.297846 -0.00283752 -0.563207 -0.00629798 1.55305 0.000328749
43.175 -0.436332 -0.563194 0.126861 12.5521 -0.000288547 0.297819 -0.00283718 -0.563194 -0.0062977 1.55305 0.000328747
43.176 -0.436332 -0.56318 0.126848 12.5483 -0.000287879 0.297792 -0.00283683 -0.56318 -0.00629741 1.55305 0.000328746
43.177 -0.436332 -0.563166 0.126834 12.5445 -0.00028721 0.297765 -0.00283648 -0.563166 -0.00629711 1.55306 0.000328745
43.178 -0.436332 -0.563152 0.12682 12.5407 -0.000286541 0.297737 -0.00283612 -0.563152 -0.00629681 1.55306 0.000328745
43.179 -0.436332 -0.563138 0.126805 12.5369 -0.000285869 0.297709 -0.00283575 -0.563138 -0.0062965 1.55306 0.000328745
43.18 -0.436332 -0.563123 0.126791 12.533 -0.000285197 0.29768 -0.00283538 -0.563123 -0.00629618 1.55306 0.000328745
43.181 -0.436332 -0.563108 0.126776 12.5291 -0.000284523 0.29765 -0.002835 -0.563108 -0.00629585 1.55306 0.000328746
43.182 -0.436332 -0.563093 0.126761 12.5252 -0.000283849 0.29762 -0.00283461 -0.563093 -0.00629552 1.55306 0.000328748
43.183 -0.436332 -0.563078 0.126745 12.5213 -0.000283173 0.29759 -0.00283422 -0.563078 -0.00629518 1.55307 0.000328749
43.184 -0.436332 -0.563062 0.12673 12.5174 -0.000282495 0.297559 -0.00283382 -0.563062 -0.00629484 1.55307 0.000328751
43.185 -0.436332 -0.563046 0.126714 12.5135 -0.000281817 0.297527 -0.00283341 -0.563046 -0.00629448 1.55307 0.000328754
43.186 -0.436332 -0.56303 0.126698 12.5095 -0.000281138 0.297495 -0.002833 -0.56303 -0.00629412 1.55307 0.000328757
43.187 -0.436332 -0.563014 0.126682 12.5056 -0.000280457 0.297462 -0.00283257 -0.563014 -0.00629375 1.55307 0.00032876
43.188 -0.436332 -0.562998 0.126665 12.5016 -0.000279775 0.297429 -0.00283215 -0.562998 -0.00629338 1.55308 0.000328764
43.189 -0.436332 -0.562981 0.126649 12.4976 -0.000279092 0.297396 -0.00283171 -0.562981 -0.00629299 1.55308 0.000328768
43.19 -0.436332 -0.562964 0.126632 12.4936 -0.000278408 0.297362 -0.00283127 -0.562964 -0.0062926 1.55308 0.000328772
43.191 -0.436332 -0.562947 0.126614 12.4895 -0.000277723 0.297327 -0.00283083 -0.562947 -0.00629221 1.55308 0.000328777
43.192 -0.436332 -0.562929 0.126597 12.4855 -0.000277037 0.297292 -0.00283037 -0.562929 -0.0062918 1.55308 0.000328782
43.193 -0.436332 -0.562912 0.126579 12.4815 -0.00027635 0.297257 -0.00282991 -0.562912 -0.00629139 1.55309 0.000328788
43.194 -0.436332 -0.562894 0.126561 12.4774 -0.000275661 0.297221 -0.00282945 -0.562894 -0.00629098 1.55309 0.000328794
43.195 -0.436332 -0.562876 0.126543 12.4733 -0.000274972 0.297184 -0.00282897 -0.562876 -0.00629055 1.55309 0.0003288
43.196 -0.436332 -0.562857 0.126525 12.4692 -0.000274281 0.297147 -0.00282849 -0.562857 -0.00629012 1.55309 0.000328807
43.197 -0.436332 -0.562839 0.126506 12.4651 -0.00027359 0.29711 -0.00282801 -0.562839 -0.00628968 1.55309 0.000328814
43.198 -0.436332 -0.56282 0.126488 12.461 -0.000272897 0.297072 -0.00282752 -0.56282 -0.00628924 1.5531 0.000328822
43.199 -0.436332 -0.562801 0.126469 12.4568 -0.000272204 0.297033 -0.00282702 -0.562801 -0.00628879 1.5531 0.00032883
43.2 -0.436332 -0.562782 0.126449 12.4527 -0.000271509 0.296994 -0.00282651 -0.562782 -0.00628833 1.5531 0.000328838
43.201 -0.436332 -0.562762 0.12643 12.4485 -0.000270814 0.296955 -0.002826 -0.562762 -0.00628786 1.5531 0.000328847
43.202 -0.436332 -0.562743 0.12641 12.4443 -0.000270117 0.296915 -0.00282549 -0.562743 -0.00628739 1.55311 0.000328856
43.203 -0.436332 -0.562723 0.12639 12.4401 -0.00026942 0.296875 -0.00282496 -0.562723 -0.00628691 1.55311 0.000328866
43.204 -0.436332 -0.562703 0.12637 12.4359 -0.000268721 0.296834 -0.00282443 -0.562703 -0.00628642 1.55311 0.000328876
43.205 -0.436332 -0.562682 0.12635 12.4317 -0.000268022 0.296792 -0.0028239 -0.562682 -0.00628593 1.55311 0.000328886
43.206 -0.436332 -0.562662 0.126329 12.4275 -0.000267321 0.296751 -0.00282335 -0.562662 -0.00628543 1.55311 0.000328897
43.207 -0.436332 -0.562641 0.126309 12.4232 -0.00026662 0.296708 -0.0028228 -0.562641 -0.00628493 1.55312 0.000328908
43.208 -0.436332 -0.56262 0.126288 12.419 -0.000265918 0.296666 -0.00282225 -0.56262 -0.00628442 1.55312 0.000328919
43.209 -0.436332 -0.562599 0.126266 12.4147 -0.000265215 0.296622 -0.00282169 -0.562599 -0.0062839 1.55312 0.000328931
43.21 -0.436332 -0.562577 0.126245 12.4104 -0.000264511 0.296579 -0.00282112 -0.562577 -0.00628337 1.55312 0.000328943
43.211 -0.436332 -0.562556 0.126223 12.4061 -0.000263806 0.296535 -0.00282055 -0.562556 -0.00628284 1.55313 0.000328956
43.212 -0.436332 -0.562534 0.126202 12.4018 -0.0002631 0.29649 -0.00281997 -0.562534 -0.0062823 1.55313 0.000328968
43.213 -0.436332 -0.562512 0.12618 12.3975 -0.000262394 0.296445 -0.00281938 -0.562512 -0.00628176 1.55313 0.000328982
43.214 -0.436332 -0.56249 0.126157 12.3931 -0.000261686 0.2964 -0.00281879 -0.56249 -0.00628121 1.55313 0.000328995
43.215 -0.436332 -0.562467 0.126135 12.3888 -0.000260978 0.296354 -0.0028182 -0.562467 -0.00628065 1.55313 0.00032901
43.216 -0.436332 -0.562444 0.126112 12.3844 -0.000260269 0.296307 -0.00281759 -0.562444 -0.00628008 1.55314 0.000329024
43.217 -0.436332 -0.562422 0.126089 12.3801 -0.000259559 0.29626 -0.00281698 -0.562422 -0.00627951 1.55314 0.000329039
43.218 -0.436332 -0.562398 0.126066 12.3757 -0.000258848 0.296213 -0.00281637 -0.562398 -0.00627894 1.55314 0.000329054
43.219 -0.436332 -0.562375 0.126043 12.3713 -0.000258137 0.296165 -0.00281575 -0.562375 -0.00627835 1.55314 0.000329069
43.22 -0.436332 -0.562352 0.126019 12.3669 -0.000257424 0.296117 -0.00281512 -0.562352 -0.00627777 1.55315 0.000329085
43.221 -0.436332 -0.562328 0.125996 12.3624 -0.000256711 0.296069 -0.00281449 -0.562328 -0.00627717 1.55315 0.000329102
43.222 -0.436332 -0.562304 0.125972 12.358 -0.000255997 0.296019 -0.00281385 -0.562304 -0.00627657 1.55315 0.000329118
43.223 -0.436332 -0.56228 0.125948 12.3536 -0.000255283 0.29597 -0.0028132 -0.56228 -0.00627596 1.55315 0.000329135
43.224 -0.436332 -0.562256 0.125923 12.3491 -0.000254567 0.29592 -0.00281255 -0.562256 -0.00627535 1.55316 0.000329153
43.225 -0.436332 -0.562231 0.125899 12.3446 -0.000253851 0.29587 -0.0028119 -0.562231 -0.00627473 1.55316 0.00032917
43.226 -0.436332 -0.562206 0.125874 12.3402 -0.000253134 0.295819 -0.00281124 -0.562206 -0.0062741 1.55316 0.000329189
43.227 -0.436332 -0.562181 0.125849 12.3357 -0.000252417 0.295768 -0.00281057 -0.562181 -0.00627347 1.55316 0.000329207
43.228 -0.436332 -0.562156 0.125824 12.3312 -0.000251699 0.295716 -0.0028099 -0.562156 -0.00627283 1.55317 0.000329226
43.229 -0.436332 -0.562131 0.125799 12.3266 -0.00025098 0.295664 -0.00280922 -0.562131 -0.00627218 1.55317 0.000329245
43.23 -0.436332 -0.562105 0.125773 12.3221 -0.00025026 0.295611 -0.00280853 -0.562105 -0.00627153 1.55317 0.000329265
43.231 -0.436332 -0.56208 0.125747 12.3176 -0.00024954 0.295558 -0.00280784 -0.56208 -0.00627087 1.55317 0.000329284
43.232 -0.436332 -0.562054 0.125722 12.313 -0.000248819 0.295505 -0.00280715 -0.562054 -0.00627021 1.55318 0.000329305
43.233 -0.436332 -0.562028 0.125695 12.3085 -0.000248097 0.295451 -0.00280645 -0.562028 -0.00626954 1.55318 0.000329325
43.234 -0.436332 -0.562001 0.125669 12.3039 -0.000247375 0.295397 -0.00280574 -0.562001 -0.00626887 1.55318 0.000329346
43.235 -0.436332 -0.561975 0.125643 12.2993 -0.000246652 0.295342 -0.00280503 -0.561975 -0.00626819 1.55318 0.000329368
43.236 -0.436332 -0.561948 0.125616 12.2947 -0.000245928 0.295287 -0.00280431 -0.561948 -0.0062675 1.55319 0.000329389
43.237 -0.436332 -0.561921 0.125589 12.2901 -0.000245204 0.295232 -0.00280358 -0.561921 -0.00626681 1.55319 0.000329411
43.238 -0.436332 -0.561894 0.125562 12.2855 -0.000244479 0.295176 -0.00280286 -0.561894 -0.00626611 1.55319 0.000329434
43.239 -0.436332 -0.561867 0.125535 12.2809 -0.000243754 0.295119 -0.00280212 -0.561867 -0.0062654 1.55319 0.000329456
43.24 -0.436332 -0.56184 0.125507 12.2763 -0.000243028 0.295063 -0.00280138 -0.56184 -0.00626469 1.5532 0.00032948
43.241 -0.436332 -0.561812 0.12548 12.2716 -0.000242302 0.295006 -0.00280064 -0.561812 -0.00626398 1.5532 0.000329503
43.242 -0.436332 -0.561784 0.125452 12.267 -0.000241575 0.294948 -0.00279989 -0.561784 -0.00626326 1.5532 0.000329527
43.243 -0.436332 -0.561756 0.125424 12.2623 -0.000240847 0.29489 -0.00279913 -0.561756 -0.00626253 1.5532 0.000329551
43.244 -0.436332 -0.561728 0.125396 12.2576 -0.000240119 0.294832 -0.00279837 -0.561728 -0.0062618 1.55321 0.000329575
43.245 -0.436332 -0.5617 0.125367 12.2529 -0.00023939 0.294773 -0.0027976 -0.5617 -0.00626106 1.55321 0.0003296
43.246 -0.436332 -0.561671 0.125339 12.2482 -0.000238661 0.294714 -0.00279683 -0.561671 -0.00626031 1.55321 0.000329625
43.247 -0.436332 -0.561642 0.12531 12.2435 -0.000237931 0.294654 -0.00279605 -0.561642 -0.00625956 1.55322 0.000329651
43.248 -0.436332 -0.561613 0.125281 12.2388 -0.000237201 0.294594 -0.00279527 -0.561613 -0.00625881 1.55322 0.000329677
43.249 -0.436332 -0.561584 0.125252 12.2341 -0.00023647 0.294534 -0.00279448 -0.561584 -0.00625804 1.55322 0.000329703
43.25 -0.436332 -0.561555 0.125223 12.2294 -0.000235739 0.294473 -0.00279369 -0.561555 -0.00625728 1.55322 0.000329729
43.251 -0.436332 -0.561525 0.125193 12.2246 -0.000235007 0.294412 -0.00279289 -0.561525 -0.00625651 1.55323 0.000329756
43.252 -0.436332 -0.561496 0.125163 12.2199 -0.000234275 0.294351 -0.00279209 -0.561496 -0.00625573 1.55323 0.000329783
43.253 -0.436332 -0.561466 0.125134 12.2151 -0.000233543 0.294289 -0.00279128 -0.561466 -0.00625494 1.55323 0.000329811
43.254 -0.436332 -0.561436 0.125104 12.2103 -0.000232809 0.294227 -0.00279047 -0.561436 -0.00625415 1.55323 0.000329839
43.255 -0.436332 -0.561406 0.125073 12.2056 -0.000232076 0.294164 -0.00278965 -0.561406 -0.00625336 1.55324 0.000329867
43.256 -0.436332 -0.561375 0.125043 12.2008 -0.000231342 0.294101 -0.00278883 -0.561375 -0.00625256 1.55324 0.000329896
43.257 -0.436332 -0.561345 0.125013 12.196 -0.000230608 0.294038 -0.002788 -0.561345 -0.00625176 1.55324 0.000329924
43.258 -0.436332 -0.561314 0.124982 12.1912 -0.000229873 0.293974 -0.00278717 -0.561314 -0.00625095 1.55325 0.000329954
43.259 -0.436332 -0.561283 0.124951 12.1864 -0.000229138 0.29391 -0.00278633 -0.561283 -0.00625013 1.55325 0.000329983
43.26 -0.436332 -0.561252 0.12492 12.1815 -0.000228402 0.293845 -0.00278548 -0.561252 -0.00624931 1.55325 0.000330013
43.261 -0.436332 -0.561221 0.124889 12.1767 -0.000227666 0.29378 -0.00278464 -0.561221 -0.00624848 1.55325 0.000330043
43.262 -0.436332 -0.56119 0.124857 12.1719 -0.00022693 0.293715 -0.00278378 -0.56119 -0.00624765 1.55326 0.000330074
43.263 -0.436332 -0.561158 0.124826 12.167 -0.000226193 0.293649 -0.00278292 -0.561158 -0.00624681 1.55326 0.000330105
43.264 -0.436332 -0.561126 0.124794 12.1622 -0.000225456 0.293584 -0.00278206 -0.561126 -0.00624597 1.55326 0.000330136
43.265 -0.436332 -0.561095 0.124762 12.1573 -0.000224719 0.293517 -0.00278119 -0.561095 -0.00624512 1.55327 0.000330167
43.266 -0.436332 -0.561062 0.12473 12.1524 -0.000223981 0.29345 -0.00278032 -0.561062 -0.00624427 1.55327 0.000330199
43.267 -0.436332 -0.56103 0.124698 12.1475 -0.000223243 0.293383 -0.00277944 -0.56103 -0.00624341 1.55327 0.000330231
43.268 -0.436332 -0.560998 0.124666 12.1426 -0.000222504 0.293316 -0.00277856 -0.560998 -0.00624255 1.55327 0.000330264
43.269 -0.436332 -0.560965 0.124633 12.1377 -0.000221766 0.293248 -0.00277767 -0.560965 -0.00624168 1.55328 0.000330296
43.27 -0.436332 -0.560933 0.1246 12.1328 -0.000221027 0.29318 -0.00277678 -0.560933 -0.00624081 1.55328 0.000330329
43.271 -0.436332 -0.5609 0.124567 12.1279 -0.000220287 0.293111 -0.00277589 -0.5609 -0.00623993 1.55328 0.000330363
43.272 -0.436332 -0.560867 0.124534 12.123 -0.000219548 0.293043 -0.00277498 -0.560867 -0.00623905 1.55329 0.000330397
43.273 -0.436332 -0.560833 0.124501 12.1181 -0.000218808 0.292973 -0.00277408 -0.560833 -0.00623816 1.55329 0.000330431
43.274 -0.436332 -0.5608 0.124468 12.1131 -0.000218068 0.292904 -0.00277317 -0.5608 -0.00623727 1.55329 0.000330465
43.275 -0.436332 -0.560767 0.124434 12.1082 -0.000217327 0.292834 -0.00277225 -0.560767 -0.00623637 1.5533 0.0003305
43.276 -0.436332 -0.560733 0.124401 12.1032 -0.000216587 0.292764 -0.00277133 -0.560733 -0.00623547 1.5533 0.000330535
43.277 -0.436332 -0.560699 0.124367 12.0983 -0.000215846 0.292693 -0.00277041 -0.560699 -0.00623456 1.5533 0.00033057
43.278 -0.436332 -0.560665 0.124333 12.0933 -0.000215105 0.292622 -0.00276948 -0.560665 -0.00623365 1.5533 0.000330605
43.279 -0.436332 -0.560631 0.124299 12.0883 -0.000214363 0.292551 -0.00276855 -0.560631 -0.00623273 1.55331 0.000330641
43.28 -0.436332 -0.560597 0.124264 12.0834 -0.000213622 0.292479 -0.00276761 -0.560597 -0.00623181 1.55331 0.000330678
43.281 -0.436332 -0.560562 0.12423 12.0784 -0.00021288 0.292407 -0.00276667 -0.560562 -0.00623088 1.55331 0.000330714
43.282 -0.436332 -0.560527 0.124195 12.0734 -0.000212138 0.292335 -0.00276572 -0.560527 -0.00622995 1.55332 0.000330751
43.283 -0.436332 -0.560493 0.12416 12.0684 -0.000211396 0.292263 -0.00276477 -0.560493 -0.00622901 1.55332 0.000330788
43.284 -0.436332 -0.560458 0.124126 12.0634 -0.000210654 0.29219 -0.00276381 -0.560458 -0.00622807 1.55332 0.000330826
43.285 -0.436332 -0.560423 0.12409 12.0584 -0.000209911 0.292116 -0.00276285 -0.560423 -0.00622713 1.55333 0.000330863
43.286 -0.436332 -0.560388 0.124055 12.0533 -0.000209169 0.292043 -0.00276189 -0.560388 -0.00622618 1.55333 0.000330901
43.287 -0.436332 -0.560352 0.12402 12.0483 -0.000208426 0.291969 -0.00276092 -0.560352 -0.00622522 1.55333 0.00033094
43.288 -0.436332 -0.560317 0.123984 12.0433 -0.000207683 0.291895 -0.00275995 -0.560317 -0.00622426 1.55333 0.000330978
43.289 -0.436332 -0.560281 0.123949 12.0382 -0.00020694 0.29182 -0.00275897 -0.560281 -0.0062233 1.55334 0.000331017
43.29 -0.436332 -0.560245 0.123913 12.0332 -0.000206197 0.291745 -0.00275799 -0.560245 -0.00622233 1.55334 0.000331057
43.291 -0.436332 -0.560209 0.123877 12.0281 -0.000205453 0.29167 -0.002757 -0.560209 -0.00622135 1.55334 0.000331096
43.292 -0.436332 -0.560173 0.123841 12.0231 -0.00020471 0.291595 -0.00275601 -0.560173 -0.00622037 1.55335 0.000331136
43.293 -0.436332 -0.560137 0.123805 12.018 -0.000203966 0.291519 -0.00275502 -0.560137 -0.00621939 1.55335 0.000331176
43.294 -0.436332 -0.5601 0.123768 12.0129 -0.000203223 0.291443 -0.00275402 -0.5601 -0.0062184 1.55335 0.000331216
43.295 -0.436332 -0.560064 0.123732 12.0079 -0.000202479 0.291366 -0.00275301 -0.560064 -0.00621741 1.55336 0.000331257
43.296 -0.436332 -0.560027 0.123695 12.0028 -0.000201735 0.291289 -0.00275201 -0.560027 -0.00621642 1.55336 0.000331298
43.297 -0.436332 -0.55999 0.123658 11.9977 -0.000200991 0.291212 -0.002751 -0.55999 -0.00621542 1.55336 0.000331339
43.298 -0.436332 -0.559954 0.123621 11.9926 -0.000200247 0.291135 -0.00274998 -0.559954 -0.00621441 1.55337 0.000331381
43.299 -0.436332 -0.559916 0.123584 11.9875 -0.000199503 0.291057 -0.00274896 -0.559916 -0.0062134 1.55337 0.000331423
43.3 -0.436332 -0.559879 0.123547 11.9824 -0.000198759 0.290979 -0.00274794 -0.559879 -0.00621239 1.55337 0.000331465
43.301 -0.436332 -0.559842 0.12351 11.9773 -0.000198015 0.290901 -0.00274691 -0.559842 -0.00621137 1.55337 0.000331508
43.302 -0.436332 -0.559804 0.123472 11.9722 -0.000197271 0.290823 -0.00274588 -0.559804 -0.00621035 1.55338 0.00033155
43.303 -0.436332 -0.559767 0.123434 11.9671 -0.000196527 0.290744 -0.00274484 -0.559767 -0.00620932 1.55338 0.000331593
43.304 -0.436332 -0.559729 0.123397 11.9619 -0.000195783 0.290665 -0.0027438 -0.559729 -0.00620829 1.55338 0.000331637
43.305 -0.436332 -0.559691 0.123359 11.9568 -0.000195038 0.290585 -0.00274276 -0.559691 -0.00620726 1.55339 0.00033168
43.306 -0.436332 -0.559653 0.123321 11.9517 -0.000194294 0.290505 -0.00274171 -0.559653 -0.00620622 1.55339 0.000331724
43.307 -0.436332 -0.559615 0.123282 11.9465 -0.00019355 0.290425 -0.00274066 -0.559615 -0.00620517 1.55339 0.000331768
43.308 -0.436332 -0.559577 0.123244 11.9414 -0.000192806 0.290345 -0.00273961 -0.559577 -0.00620413 1.5534 0.000331812
43.309 -0.436332 -0.559538 0.123206 11.9362 -0.000192062 0.290264 -0.00273855 -0.559538 -0.00620308 1.5534 0.000331857
43.31 -0.436332 -0.5595 0.123167 11.9311 -0.000191318 0.290184 -0.00273749 -0.5595 -0.00620202 1.5534 0.000331902
43.311 -0.436332 -0.559461 0.123128 11.9259 -0.000190574 0.290102 -0.00273642 -0.559461 -0.00620096 1.55341 0.000331947
43.312 -0.436332 -0.559422 0.12309 11.9207 -0.00018983 0.290021 -0.00273535 -0.559422 -0.0061999 1.55341 0.000331993
43.313 -0.436332 -0.559383 0.123051 11.9156 -0.000189086 0.289939 -0.00273427 -0.559383 -0.00619883 1.55341 0.000332039
43.314 -0.436332 -0.559344 0.123012 11.9104 -0.000188342 0.289857 -0.0027332 -0.559344 -0.00619776 1.55342 0.000332085
43.315 -0.436332 -0.559305 0.122972 11.9052 -0.000187598 0.289775 -0.00273212 -0.559305 -0.00619668 1.55342 0.000332131
43.316 -0.436332 -0.559265 0.122933 11.9 -0.000186854 0.289692 -0.00273103 -0.559265 -0.0061956 1.55342 0.000332178
43.317 -0.436332 -0.559226 0.122894 11.8949 -0.000186111 0.28961 -0.00272994 -0.559226 -0.00619452 1.55343 0.000332224
43.318 -0.436332 -0.559186 0.122854 11.8897 -0.000185367 0.289527 -0.00272885 -0.559186 -0.00619343 1.55343 0.000332272
43.319 -0.436332 -0.559147 0.122814 11.8845 -0.000184623 0.289443 -0.00272775 -0.559147 -0.00619234 1.55343 0.000332319
43.32 -0.436332 -0.559107 0.122775 11.8793 -0.00018388 0.28936 -0.00272665 -0.559107 -0.00619124 1.55344 0.000332367
43.321 -0.436332 -0.559067 0.122735 11.8741 -0.000183137 0.289276 -0.00272555 -0.559067 -0.00619014 1.55344 0.000332415
43.322 -0.436332 -0.559027 0.122695 11.8689 -0.000182394 0.289192 -0.00272444 -0.559027 -0.00618904 1.55344 0.000332463
43.323 -0.436332 -0.558987 0.122654 11.8636 -0.000181651 0.289107 -0.00272333 -0.558987 -0.00618794 1.55345 0.000332511
43.324 -0.436332 -0.558946 0.122614 11.8584 -0.000180908 0.289022 -0.00272222 -0.558946 -0.00618682 1.55345 0.00033256
43.325 -0.436332 -0.558906 0.122574 11.8532 -0.000180165 0.288938 -0.0027211 -0.558906 -0.00618571 1.55345 0.000332609
43.326 -0.436332 -0.558865 0.122533 11.848 -0.000179423 0.288852 -0.00271998 -0.558865 -0.00618459 1.55346 0.000332658
43.327 -0.436332 -0.558825 0.122493 11.8428 -0.00017868 0.288767 -0.00271885 -0.558825 -0.00618347 1.55346 0.000332707
43.328 -0.436332 -0.558784 0.122452 11.8375 -0.000177938 0.288681 -0.00271772 -0.558784 -0.00618235 1.55346 0.000332757
43.329 -0.436332 -0.558743 0.122411 11.8323 -0.000177196 0.288595 -0.00271659 -0.558743 -0.00618122 1.55347 0.000332807
43.33 -0.436332 -0.558702 0.12237 11.8271 -0.000176454 0.288509 -0.00271546 -0.558702 -0.00618008 1.55347 0.000332857
43.331 -0.436332 -0.558661 0.122329 11.8218 -0.000175712 0.288423 -0.00271432 -0.558661 -0.00617895 1.55347 0.000332908
43.332 -0.436332 -0.55862 0.122288 11.8166 -0.000174971 0.288336 -0.00271318 -0.55862 -0.00617781 1.55348 0.000332959
43.333 -0.436332 -0.558579 0.122246 11.8114 -0.000174229 0.288249 -0.00271203 -0.558579 -0.00617666 1.55348 0.00033301
43.334 -0.436332 -0.558537 0.122205 11.8061 -0.000173488 0.288162 -0.00271088 -0.558537 -0.00617552 1.55348 0.000333061
43.335 -0.436332 -0.558496 0.122163 11.8009 -0.000172747 0.288074 -0.00270973 -0.558496 -0.00617437 1.55349 0.000333112
43.336 -0.436332 -0.558454 0.122122 11.7956 -0.000172007 0.287987 -0.00270858 -0.558454 -0.00617321 1.55349 0.000333164
43.337 -0.436332 -0.558412 0.12208 11.7903 -0.000171266 0.287899 -0.00270742 -0.558412 -0.00617206 1.55349 0.000333216
43.338 -0.436332 -0.55837 0.122038 11.7851 -0.000170526 0.287811 -0.00270626 -0.55837 -0.0061709 1.5535 0.000333268
43.339 -0.436332 -0.558328 0.121996 11.7798 -0.000169786 0.287722 -0.00270509 -0.558328 -0.00616973 1.5535 0.000333321
43.34 -0.436332 -0.558286 0.121954 11.7746 -0.000169046 0.287634 -0.00270393 -0.558286 -0.00616856 1.5535 0.000333373
43.341 -0.436332 -0.558244 0.121912 11.7693 -0.000168307 0.287545 -0.00270275 -0.558244 -0.00616739 1.55351 0.000333426
43.342 -0.436332 -0.558202 0.121869 11.764 -0.000167568 0.287456 -0.00270158 -0.558202 -0.00616622 1.55351 0.000333479
43.343 -0.436332 -0.558159 0.121827 11.7588 -0.000166829 0.287367 -0.0027004 -0.558159 -0.00616504 1.55351 0.000333533
43.344 -0.436332 -0.558117 0.121785 11.7535 -0.00016609 0.287277 -0.00269922 -0.558117 -0.00616386 1.55352 0.000333587
43.345 -0.436332 -0.558074 0.121742 11.7482 -0.000165352 0.287188 -0.00269804 -0.558074 -0.00616268 1.55352 0.00033364
43.346 -0.436332 -0.558032 0.121699 11.7429 -0.000164614 0.287098 -0.00269685 -0.558032 -0.00616149 1.55352 0.000333695
43.347 -0.436332 -0.557989 0.121656 11.7377 -0.000163876 0.287008 -0.00269566 -0.557989 -0.0061603 1.55353 0.000333749
43.348 -0.436332 -0.557946 0.121614 11.7324 -0.000163138 0.286917 -0.00269447 -0.557946 -0.0061591 1.55353 0.000333803
43.349 -0.436332 -0.557903 0.121571 11.7271 -0.000162401 0.286827 -0.00269328 -0.557903 -0.00615791 1.55353 0.000333858
43.35 -0.436332 -0.55786 0.121527 11.7218 -0.000161664 0.286736 -0.00269208 -0.55786 -0.00615671 1.55354 0.000333913
43.351 -0.436332 -0.557817 0.121484 11.7165 -0.000160928 0.286645 -0.00269087 -0.557817 -0.0061555 1.55354 0.000333969
43.352 -0.436332 -0.557773 0.121441 11.7112 -0.000160192 0.286554 -0.00268967 -0.557773 -0.0061543 1.55354 0.000334024
43.353 -0.436332 -0.55773 0.121398 11.7059 -0.000159456 0.286462 -0.00268846 -0.55773 -0.00615309 1.55355 0.00033408
43.354 -0.436332 -0.557686 0.121354 11.7006 -0.00015872 0.28637 -0.00268725 -0.557686 -0.00615187 1.55355 0.000334136
43.355 -0.436332 -0.557643 0.121311 11.6953 -0.000157985 0.286279 -0.00268604 -0.557643 -0.00615066 1.55355 0.000334192
43.356 -0.436332 -0.557599 0.121267 11.6901 -0.00015725 0.286187 -0.00268482 -0.557599 -0.00614944 1.55356 0.000334248
43.357 -0.436332 -0.557555 0.121223 11.6848 -0.000156516 0.286094 -0.00268361 -0.557555 -0.00614822 1.55356 0.000334305
43.358 -0.436332 -0.557512 0.121179 11.6795 -0.000155782 0.286002 -0.00268238 -0.557512 -0.00614699 1.55356 0.000334362
43.359 -0.436332 -0.557468 0.121135 11.6742 -0.000155048 0.285909 -0.00268116 -0.557468 -0.00614577 1.55357 0.000334419
43.36 -0.436332 -0.557424 0.121091 11.6689 -0.000154315 0.285816 -0.00267993 -0.557424 -0.00614454 1.55357 0.000334476
43.361 -0.436332 -0.557379 0.121047 11.6636 -0.000153582 0.285723 -0.0026787 -0.557379 -0.0061433 1.55358 0.000334534
43.362 -0.436332 -0.557335 0.121003 11.6583 -0.000152849 0.28563 -0.00267747 -0.557335 -0.00614207 1.55358 0.000334591
43.363 -0.436332 -0.557291 0.120959 11.653 -0.000152117 0.285537 -0.00267623 -0.557291 -0.00614083 1.55358 0.000334649
43.364 -0.436332 -0.557247 0.120914 11.6476 -0.000151385 0.285443 -0.002675 -0.557247 -0.00613958 1.55359 0.000334707
43.365 -0.436332 -0.557202 0.12087 11.6423 -0.000150654 0.285349 -0.00267376 -0.557202 -0.00613834 1.55359 0.000334766
43.366 -0.436332 -0.557158 0.120825 11.637 -0.000149923 0.285255 -0.00267251 -0.557158 -0.00613709 1.55359 0.000334824
43.367 -0.436332 -0.557113 0.120781 11.6317 -0.000149192 0.285161 -0.00267127 -0.557113 -0.00613584 1.5536 0.000334883
43.368 -0.436332 -0.557068 0.120736 11.6264 -0.000148462 0.285067 -0.00267002 -0.557068 -0.00613459 1.5536 0.000334942
43.369 -0.436332 -0.557023 0.120691 11.6211 -0.000147733 0.284972 -0.00266877 -0.557023 -0.00613333 1.5536 0.000335001
43.37 -0.436332 -0.556979 0.120646 11.6158 -0.000147003 0.284877 -0.00266751 -0.556979 -0.00613207 1.55361 0.000335061
43.371 -0.436332 -0.556934 0.120601 11.6105 -0.000146275 0.284782 -0.00266626 -0.556934 -0.00613081 1.55361 0.00033512
43.372 -0.436332 -0.556889 0.120556 11.6052 -0.000145546 0.284687 -0.002665 -0.556889 -0.00612955 1.55361 0.00033518
43.373 -0.436332 -0.556843 0.120511 11.5999 -0.000144819 0.284592 -0.00266374 -0.556843 -0.00612828 1.55362 0.00033524
43.374 -0.436332 -0.556798 0.120466 11.5946 -0.000144091 0.284496 -0.00266247 -0.556798 -0.00612701 1.55362 0.0003353
43.375 -0.436332 -0.556753 0.120421 11.5893 -0.000143364 0.284401 -0.00266121 -0.556753 -0.00612574 1.55362 0.000335361
43.376 -0.436332 -0.556708 0.120375 11.5839 -0.000142638 0.284305 -0.00265994 -0.556708 -0.00612446 1.55363 0.000335421
43.377 -0.436332 -0.556662 0.12033 11.5786 -0.000141912 0.284209 -0.00265867 -0.556662 -0.00612319 1.55363 0.000335482
43.378 -0.436332 -0.556617 0.120284 11.5733 -0.000141186 0.284113 -0.00265739 -0.556617 -0.00612191 1.55363 0.000335543
43.379 -0.436332 -0.556571 0.120239 11.568 -0.000140461 0.284017 -0.00265612 -0.556571 -0.00612063 1.55364 0.000335605
43.38 -0.436332 -0.556525 0.120193 11.5627 -0.000139737 0.28392 -0.00265484 -0.556525 -0.00611934 1.55364 0.000335666
43.381 -0.436332 -0.55648 0.120147 11.5574 -0.000139013 0.283824 -0.00265356 -0.55648 -0.00611805 1.55365 0.000335728
43.382 -0.436332 -0.556434 0.120102 11.5521 -0.00013829 0.283727 -0.00265228 -0.556434 -0.00611676 1.55365 0.000335789
43.383 -0.436332 -0.556388 0.120056 11.5468 -0.000137567 0.28363 -0.00265099 -0.556388 -0.00611547 1.55365 0.000335851
43.384 -0.436332 -0.556342 0.12001 11.5415 -0.000136844 0.283533 -0.00264971 -0.556342 -0.00611418 1.55366 0.000335914
43.385 -0.436332 -0.556296 0.119964 11.5362 -0.000136122 0.283435 -0.00264842 -0.556296 -0.00611288 1.55366 0.000335976
43.386 -0.436332 -0.55625 0.119918 11.5308 -0.000135401 0.283338 -0.00264712 -0.55625 -0.00611158 1.55366 0.000336038
43.387 -0.436332 -0.556204 0.119871 11.5255 -0.00013468 0.28324 -0.00264583 -0.556204 -0.00611028 1.55367 0.000336101
43.388 -0.436332 -0.556158 0.119825 11.5202 -0.00013396 0.283143 -0.00264453 -0.556158 -0.00610898 1.55367 0.000336164
43.389 -0.436332 -0.556111 0.119779 11.5149 -0.00013324 0.283045 -0.00264324 -0.556111 -0.00610767 1.55367 0.000336227
43.39 -0.436332 -0.556065 0.119733 11.5096 -0.000132521 0.282947 -0.00264194 -0.556065 -0.00610636 1.55368 0.000336291
43.391 -0.436332 -0.556018 0.119686 11.5043 -0.000131803 0.282849 -0.00264063 -0.556018 -0.00610505 1.55368 0.000336354
43.392 -0.436332 -0.555972 0.11964 11.499 -0.000131085 0.28275 -0.00263933 -0.555972 -0.00610374 1.55368 0.000336418
43.393 -0.436332 -0.555925 0.119593 11.4937 -0.000130367 0.282652 -0.00263802 -0.555925 -0.00610242 1.55369 0.000336482
43.394 -0.436332 -0.555879 0.119546 11.4884 -0.00012965 0.282553 -0.00263671 -0.555879 -0.00610111 1.55369 0.000336546
43.395 -0.436332 -0.555832 0.1195 11.4831 -0.000128934 0.282454 -0.0026354 -0.555832 -0.00609979 1.5537 0.00033661
43.396 -0.436332 -0.555785 0.119453 11.4778 -0.000128218 0.282356 -0.00263409 -0.555785 -0.00609847 1.5537 0.000336674
43.397 -0.436332 -0.555739 0.119406 11.4725 -0.000127503 0.282257 -0.00263277 -0.555739 -0.00609714 1.5537 0.000336739
43.398 -0.436332 -0.555692 0.119359 11.4672 -0.000126789 0.282157 -0.00263146 -0.555692 -0.00609582 1.55371 0.000336803
43.399 -0.436332 -0.555645 0.119312 11.4619 -0.000126075 0.282058 -0.00263014 -0.555645 -0.00609449 1.55371 0.000336868
43.4 -0.436332 -0.555598 0.119265 11.4566 -0.000125361 0.281959 -0.00262882 -0.555598 -0.00609316 1.55371 0.000336933
43.401 -0.436332 -0.555551 0.119218 11.4513 -0.000124649 0.281859 -0.00262749 -0.555551 -0.00609183 1.55372 0.000336999
43.402 -0.436332 -0.555504 0.119171 11.446 -0.000123937 0.281759 -0.00262617 -0.555504 -0.00609049 1.55372 0.000337064
43.403 -0.436332 -0.555456 0.119124 11.4407 -0.000123225 0.28166 -0.00262484 -0.555456 -0.00608916 1.55372 0.00033713
43.404 -0.436332 -0.555409 0.119077 11.4354 -0.000122515 0.28156 -0.00262351 -0.555409 -0.00608782 1.55373 0.000337195
43.405 -0.436332 -0.555362 0.11903 11.4302 -0.000121804 0.28146 -0.00262218 -0.555362 -0.00608648 1.55373 0.000337261
43.406 -0.436332 -0.555315 0.118982 11.4249 -0.000121095 0.281359 -0.00262085 -0.555315 -0.00608514 1.55373 0.000337327
43.407 -0.436332 -0.555267 0.118935 11.4196 -0.000120386 0.281259 -0.00261952 -0.555267 -0.00608379 1.55374 0.000337394
43.408 -0.436332 -0.55522 0.118887 11.4143 -0.000119678 0.281159 -0.00261818 -0.55522 -0.00608245 1.55374 0.00033746
43.409 -0.436332 -0.555172 0.11884 11.409 -0.00011897 0.281058 -0.00261684 -0.555172 -0.0060811 1.55375 0.000337527
43.41 -0.436332 -0.555125 0.118792 11.4037 -0.000118263 0.280957 -0.00261551 -0.555125 -0.00607975 1.55375 0.000337593
43.411 -0.436332 -0.555077 0.118745 11.3985 -0.000117557 0.280857 -0.00261416 -0.555077 -0.0060784 1.55375 0.00033766
43.412 -0.436332 -0.555029 0.118697 11.3932 -0.000116852 0.280756 -0.00261282 -0.555029 -0.00607705 1.55376 0.000337727
43.413 -0.436332 -0.554982 0.118649 11.3879 -0.000116147 0.280655 -0.00261148 -0.554982 -0.00607569 1.55376 0.000337794
43.414 -0.436332 -0.554934 0.118602 11.3827 -0.000115442 0.280553 -0.00261013 -0.554934 -0.00607434 1.55376 0.000337862
43.415 -0.436332 -0.554886 0.118554 11.3774 -0.000114739 0.280452 -0.00260878 -0.554886 -0.00607298 1.55377 0.000337929
43.416 -0.436332 -0.554838 0.118506 11.3721 -0.000114036 0.280351 -0.00260743 -0.554838 -0.00607162 1.55377 0.000337997
43.417 -0.436332 -0.55479 0.118458 11.3669 -0.000113334 0.280249 -0.00260608 -0.55479 -0.00607026 1.55377 0.000338065
43.418 -0.436332 -0.554742 0.11841 11.3616 -0.000112633 0.280148 -0.00260473 -0.554742 -0.00606889 1.55378 0.000338133
43.419 -0.436332 -0.554694 0.118362 11.3563 -0.000111932 0.280046 -0.00260338 -0.554694 -0.00606753 1.55378 0.000338201
43.42 -0.436332 -0.554646 0.118314 11.3511 -0.000111232 0.279944 -0.00260202 -0.554646 -0.00606616 1.55378 0.000338269
43.421 -0.436332 -0.554598 0.118266 11.3458 -0.000110533 0.279843 -0.00260066 -0.554598 -0.00606479 1.55379 0.000338338
43.422 -0.436332 -0.55455 0.118218 11.3406 -0.000109834 0.279741 -0.0025993 -0.55455 -0.00606342 1.55379 0.000338406
43.423 -0.436332 -0.554502 0.11817 11.3353 -0.000109136 0.279639 -0.00259794 -0.554502 -0.00606205 1.5538 0.000338475
43.424 -0.436332 -0.554454 0.118122 11.3301 -0.000108439 0.279536 -0.00259658 -0.554454 -0.00606068 1.5538 0.000338544
43.425 -0.436332 -0.554406 0.118073 11.3248 -0.000107743 0.279434 -0.00259522 -0.554406 -0.0060593 1.5538 0.000338613
43.426 -0.436332 -0.554357 0.118025 11.3196 -0.000107047 0.279332 -0.00259385 -0.554357 -0.00605793 1.55381 0.000338682
43.427 -0.436332 -0.554309 0.117977 11.3144 -0.000106352 0.279229 -0.00259249 -0.554309 -0.00605655 1.55381 0.000338751
43.428 -0.436332 -0.554261 0.117928 11.3091 -0.000105658 0.279127 -0.00259112 -0.554261 -0.00605517 1.55381 0.000338821
43.429 -0.436332 -0.554212 0.11788 11.3039 -0.000104964 0.279024 -0.00258975 -0.554212 -0.00605379 1.55382 0.00033889
43.43 -0.436332 -0.554164 0.117831 11.2987 -0.000104272 0.278921 -0.00258838 -0.554164 -0.00605241 1.55382 0.00033896
43.431 -0.436332 -0.554115 0.117783 11.2934 -0.00010358 0.278819 -0.00258701 -0.554115 -0.00605102 1.55382 0.00033903
43.432 -0.436332 -0.554067 0.117734 11.2882 -0.000102889 0.278716 -0.00258564 -0.554067 -0.00604964 1.55383 0.0003391
43.433 -0.436332 -0.554018 0.117686 11.283 -0.000102198 0.278613 -0.00258426 -0.554018 -0.00604825 1.55383 0.00033917
43.434 -0.436332 -0.55397 0.117637 11.2778 -0.000101509 0.27851 -0.00258289 -0.55397 -0.00604687 1.55384 0.00033924
43.435 -0.436332 -0.553921 0.117589 11.2726 -0.00010082 0.278407 -0.00258151 -0.553921 -0.00604548 1.55384 0.000339311
43.436 -0.436332 -0.553872 0.11754 11.2674 -0.000100132 0.278303 -0.00258013 -0.553872 -0.00604409 1.55384 0.000339381
43.437 -0.436332 -0.553824 0.117491 11.2622 -9.94449e-05 0.2782 -0.00257875 -0.553824 -0.0060427 1.55385 0.000339452
43.438 -0.436332 -0.553775 0.117443 11.257 -9.87584e-05 0.278097 -0.00257737 -0.553775 -0.0060413 1.55385 0.000339522
43.439 -0.436332 -0.553726 0.117394 11.2518 -9.80728e-05 0.277993 -0.00257599 -0.553726 -0.00603991 1.55385 0.000339593
43.44 -0.436332 -0.553677 0.117345 11.2466 -9.7388e-05 0.27789 -0.00257461 -0.553677 -0.00603851 1.55386 0.000339664
43.441 -0.436332 -0.553629 0.117296 11.2414 -9.6704e-05 0.277786 -0.00257322 -0.553629 -0.00603712 1.55386 0.000339735
43.442 -0.436332 -0.55358 0.117247 11.2362 -9.60207e-05 0.277683 -0.00257184 -0.55358 -0.00603572 1.55386 0.000339807
43.443 -0.436332 -0.553531 0.117198 11.231 -9.53383e-05 0.277579 -0.00257045 -0.553531 -0.00603432 1.55387 0.000339878
43.444 -0.436332 -0.553482 0.11715 11.2258 -9.46568e-05 0.277475 -0.00256906 -0.553482 -0.00603292 1.55387 0.00033995
43.445 -0.436332 -0.553433 0.117101 11.2207 -9.3976e-05 0.277371 -0.00256767 -0.553433 -0.00603152 1.55387 0.000340021
43.446 -0.436332 -0.553384 0.117052 11.2155 -9.32961e-05 0.277267 -0.00256628 -0.553384 -0.00603012 1.55388 0.000340093
43.447 -0.436332 -0.553335 0.117003 11.2103 -9.2617e-05 0.277163 -0.00256489 -0.553335 -0.00602871 1.55388 0.000340165
43.448 -0.436332 -0.553286 0.116954 11.2051 -9.19387e-05 0.277059 -0.0025635 -0.553286 -0.00602731 1.55389 0.000340237
43.449 -0.436332 -0.553237 0.116905 11.2 -9.12613e-05 0.276955 -0.00256211 -0.553237 -0.0060259 1.55389 0.000340309
43.45 -0.436332 -0.553188 0.116856 11.1948 -9.05847e-05 0.276851 -0.00256072 -0.553188 -0.0060245 1.55389 0.000340381
43.451 -0.436332 -0.553139 0.116806 11.1897 -8.9909e-05 0.276747 -0.00255932 -0.553139 -0.00602309 1.5539 0.000340454
43.452 -0.436332 -0.55309 0.116757 11.1845 -8.92341e-05 0.276643 -0.00255792 -0.55309 -0.00602168 1.5539 0.000340526
43.453 -0.436332 -0.55304 0.116708 11.1794 -8.85601e-05 0.276538 -0.00255653 -0.55304 -0.00602027 1.5539 0.000340599
43.454 -0.436332 -0.552991 0.116659 11.1742 -8.78869e-05 0.276434 -0.00255513 -0.552991 -0.00601886 1.55391 0.000340671
43.455 -0.436332 -0.552942 0.11661 11.1691 -8.72146e-05 0.276329 -0.00255373 -0.552942 -0.00601745 1.55391 0.000340744
43.456 -0.436332 -0.552893 0.116561 11.164 -8.65432e-05 0.276225 -0.00255233 -0.552893 -0.00601604 1.55391 0.000340817
43.457 -0.436332 -0.552844 0.116511 11.1589 -8.58726e-05 0.27612 -0.00255093 -0.552844 -0.00601462 1.55392 0.00034089
43.458 -0.436332 -0.552794 0.116462 11.1537 -8.5203e-05 0.276016 -0.00254953 -0.552794 -0.00601321 1.55392 0.000340963
43.459 -0.436332 -0.552745 0.116413 11.1486 -8.45342e-05 0.275911 -0.00254813 -0.552745 -0.00601179 1.55392 0.000341036
43.46 -0.436332 -0.552696 0.116364 11.1435 -8.38663e-05 0.275807 -0.00254673 -0.552696 -0.00601038 1.55393 0.00034111
43.461 -0.436332 -0.552647 0.116314 11.1384 -8.31992e-05 0.275702 -0.00254532 -0.552647 -0.00600896 1.55393 0.000341183
43.462 -0.436332 -0.552597 0.116265 11.1333 -8.25331e-05 0.275597 -0.00254392 -0.552597 -0.00600754 1.55394 0.000341256
43.463 -0.436332 -0.552548 0.116216 11.1282 -8.18679e-05 0.275492 -0.00254251 -0.552548 -0.00600613 1.55394 0.00034133
43.464 -0.436332 -0.552499 0.116166 11.1231 -8.12035e-05 0.275388 -0.00254111 -0.552499 -0.00600471 1.55394 0.000341404
43.465 -0.436332 -0.552449 0.116117 11.118 -8.05401e-05 0.275283 -0.0025397 -0.552449 -0.00600329 1.55395 0.000341478
43.466 -0.436332 -0.5524 0.116068 11.1129 -7.98776e-05 0.275178 -0.00253829 -0.5524 -0.00600187 1.55395 0.000341552
43.467 -0.436332 -0.55235 0.116018 11.1078 -7.9216e-05 0.275073 -0.00253688 -0.55235 -0.00600045 1.55395 0.000341626
43.468 -0.436332 -0.552301 0.115969 11.1028 -7.85553e-05 0.274968 -0.00253547 -0.552301 -0.00599902 1.55396 0.0003417
43.469 -0.436332 -0.552252 0.115919 11.0977 -7.78955e-05 0.274863 -0.00253406 -0.552252 -0.0059976 1.55396 0.000341774
43.47 -0.436332 -0.552202 0.11587 11.0926 -7.72367e-05 0.274758 -0.00253265 -0.552202 -0.00599618 1.55396 0.000341848
43.471 -0.436332 -0.552153 0.11582 11.0876 -7.65788e-05 0.274653 -0.00253124 -0.552153 -0.00599475 1.55397 0.000341922
43.472 -0.436332 -0.552103 0.115771 11.0825 -7.59218e-05 0.274548 -0.00252983 -0.552103 -0.00599333 1.55397 0.000341997
43.473 -0.436332 -0.552054 0.115721 11.0775 -7.52657e-05 0.274443 -0.00252842 -0.552054 -0.0059919 1.55397 0.000342072
43.474 -0.436332 -0.552004 0.115672 11.0724 -7.46106e-05 0.274337 -0.00252701 -0.552004 -0.00599048 1.55398 0.000342146
43.475 -0.436332 -0.551955 0.115623 11.0674 -7.39564e-05 0.274232 -0.00252559 -0.551955 -0.00598905 1.55398 0.000342221
43.476 -0.436332 -0.551905 0.115573 11.0624 -7.33032e-05 0.274127 -0.00252418 -0.551905 -0.00598762 1.55399 0.000342296
43.477 -0.436332 -0.551856 0.115524 11.0573 -7.26509e-05 0.274022 -0.00252277 -0.551856 -0.0059862 1.55399 0.000342371
43.478 -0.436332 -0.551806 0.115474 11.0523 -7.19996e-05 0.273917 -0.00252135 -0.551806 -0.00598477 1.55399 0.000342446
43.479 -0.436332 -0.551757 0.115424 11.0473 -7.13492e-05 0.273811 -0.00251994 -0.551757 -0.00598334 1.554 0.000342521
43.48 -0.436332 -0.551707 0.115375 11.0423 -7.06998e-05 0.273706 -0.00251852 -0.551707 -0.00598191 1.554 0.000342596
43.481 -0.436332 -0.551658 0.115325 11.0373 -7.00514e-05 0.273601 -0.00251711 -0.551658 -0.00598048 1.554 0.000342671
43.482 -0.436332 -0.551608 0.115276 11.0323 -6.94039e-05 0.273495 -0.00251569 -0.551608 -0.00597905 1.55401 0.000342746
43.483 -0.436332 -0.551559 0.115226 11.0273 -6.87574e-05 0.27339 -0.00251427 -0.551559 -0.00597762 1.55401 0.000342822
43.484 -0.436332 -0.551509 0.115177 11.0223 -6.81119e-05 0.273285 -0.00251285 -0.551509 -0.00597619 1.55401 0.000342897
43.485 -0.436332 -0.55146 0.115127 11.0173 -6.74673e-05 0.273179 -0.00251144 -0.55146 -0.00597476 1.55402 0.000342973
43.486 -0.436332 -0.55141 0.115078 11.0123 -6.68237e-05 0.273074 -0.00251002 -0.55141 -0.00597333 1.55402 0.000343048
43.487 -0.436332 -0.551361 0.115028 11.0074 -6.61811e-05 0.272969 -0.0025086 -0.551361 -0.00597189 1.55402 0.000343124
43.488 -0.436332 -0.551311 0.114979 11.0024 -6.55395e-05 0.272863 -0.00250718 -0.551311 -0.00597046 1.55403 0.0003432
43.489 -0.436332 -0.551261 0.114929 10.9974 -6.48989e-05 0.272758 -0.00250576 -0.551261 -0.00596903 1.55403 0.000343276
43.49 -0.436332 -0.551212 0.11488 10.9925 -6.42593e-05 0.272653 -0.00250434 -0.551212 -0.0059676 1.55404 0.000343352
43.491 -0.436332 -0.551162 0.11483 10.9875 -6.36207e-05 0.272547 -0.00250292 -0.551162 -0.00596616 1.55404 0.000343428
43.492 -0.436332 -0.551113 0.11478 10.9826 -6.29831e-05 0.272442 -0.0025015 -0.551113 -0.00596473 1.55404 0.000343504
43.493 -0.436332 -0.551063 0.114731 10.9777 -6.23465e-05 0.272336 -0.00250008 -0.551063 -0.0059633 1.55405 0.00034358
43.494 -0.436332 -0.551014 0.114681 10.9727 -6.17109e-05 0.272231 -0.00249866 -0.551014 -0.00596186 1.55405 0.000343656
43.495 -0.436332 -0.550964 0.114632 10.9678 -6.10763e-05 0.272126 -0.00249724 -0.550964 -0.00596043 1.55405 0.000343732
43.496 -0.436332 -0.550915 0.114582 10.9629 -6.04428e-05 0.27202 -0.00249582 -0.550915 -0.00595899 1.55406 0.000343809
43.497 -0.436332 -0.550865 0.114533 10.958 -5.98102e-05 0.271915 -0.0024944 -0.550865 -0.00595756 1.55406 0.000343885
43.498 -0.436332 -0.550816 0.114483 10.9531 -5.91787e-05 0.27181 -0.00249298 -0.550816 -0.00595612 1.55406 0.000343962
43.499 -0.436332 -0.550766 0.114434 10.9482 -5.85482e-05 0.271704 -0.00249156 -0.550766 -0.00595469 1.55407 0.000344038
43.5 -0.436332 -0.550717 0.114384 10.9433 -5.79187e-05 0.271599 -0.00249013 -0.550717 -0.00595325 1.55407 0.000344115
43.501 -0.436332 -0.550667 0.114335 10.9384 -5.72903e-05 0.271493 -0.00248871 -0.550667 -0.00595182 1.55407 0.000344191
43.502 -0.436332 -0.550618 0.114285 10.9335 -5.66629e-05 0.271388 -0.00248729 -0.550618 -0.00595038 1.55408 0.000344268
43.503 -0.436332 -0.550568 0.114236 10.9286 -5.60365e-05 0.271283 -0.00248587 -0.550568 -0.00594895 1.55408 0.000344345
43.504 -0.436332 -0.550519 0.114186 10.9238 -5.54112e-05 0.271178 -0.00248445 -0.550519 -0.00594751 1.55408 0.000344421
43.505 -0.436332 -0.550469 0.114137 10.9189 -5.47869e-05 0.271072 -0.00248302 -0.550469 -0.00594608 1.55409 0.000344498
43.506 -0.436332 -0.55042 0.114087 10.9141 -5.41637e-05 0.270967 -0.0024816 -0.55042 -0.00594464 1.55409 0.000344575
43.507 -0.436332 -0.55037 0.114038 10.9092 -5.35415e-05 0.270862 -0.00248018 -0.55037 -0.00594321 1.55409 0.000344652
43.508 -0.436332 -0.550321 0.113988 10.9044 -5.29204e-05 0.270756 -0.00247876 -0.550321 -0.00594177 1.5541 0.000344729
43.509 -0.436332 -0.550271 0.113939 10.8995 -5.23004e-05 0.270651 -0.00247733 -0.550271 -0.00594033 1.5541 0.000344806
43.51 -0.436332 -0.550222 0.11389 10.8947 -5.16814e-05 0.270546 -0.00247591 -0.550222 -0.0059389 1.55411 0.000344883
43.511 -0.436332 -0.550172 0.11384 10.8899 -5.10634e-05 0.270441 -0.00247449 -0.550172 -0.00593746 1.55411 0.000344961
43.512 -0.436332 -0.550123 0.113791 10.8851 -5.04465e-05 0.270336 -0.00247307 -0.550123 -0.00593603 1.55411 0.000345038
43.513 -0.436332 -0.550074 0.113741 10.8803 -4.98307e-05 0.27023 -0.00247165 -0.550074 -0.00593459 1.55412 0.000345115
43.514 -0.436332 -0.550024 0.113692 10.8755 -4.9216e-05 0.270125 -0.00247022 -0.550024 -0.00593316 1.55412 0.000345192
43.515 -0.436332 -0.549975 0.113643 10.8707 -4.86024e-05 0.27002 -0.0024688 -0.549975 -0.00593172 1.55412 0.00034527
43.516 -0.436332 -0.549926 0.113593 10.8659 -4.79898e-05 0.269915 -0.00246738 -0.549926 -0.00593029 1.55413 0.000345347
43.517 -0.436332 -0.549876 0.113544 10.8611 -4.73783e-05 0.26981 -0.00246596 -0.549876 -0.00592885 1.55413 0.000345425
43.518 -0.436332 -0.549827 0.113495 10.8563 -4.67679e-05 0.269705 -0.00246454 -0.549827 -0.00592742 1.55413 0.000345502
43.519 -0.436332 -0.549778 0.113445 10.8516 -4.61586e-05 0.2696 -0.00246312 -0.549778 -0.00592598 1.55414 0.00034558
43.52 -0.436332 -0.549728 0.113396 10.8468 -4.55504e-05 0.269495 -0.0024617 -0.549728 -0.00592455 1.55414 0.000345657
43.521 -0.436332 -0.549679 0.113347 10.8421 -4.49432e-05 0.26939 -0.00246027 -0.549679 -0.00592312 1.55414 0.000345735
43.522 -0.436332 -0.54963 0.113298 10.8373 -4.43372e-05 0.269285 -0.00245885 -0.54963 -0.00592168 1.55415 0.000345812
43.523 -0.436332 -0.549581 0.113248 10.8326 -4.37323e-05 0.269181 -0.00245743 -0.549581 -0.00592025 1.55415 0.00034589
43.524 -0.436332 -0.549531 0.113199 10.8279 -4.31284e-05 0.269076 -0.00245601 -0.549531 -0.00591882 1.55415 0.000345968
43.525 -0.436332 -0.549482 0.11315 10.8231 -4.25257e-05 0.268971 -0.00245459 -0.549482 -0.00591738 1.55416 0.000346046
43.526 -0.436332 -0.549433 0.113101 10.8184 -4.19241e-05 0.268866 -0.00245317 -0.549433 -0.00591595 1.55416 0.000346123
43.527 -0.436332 -0.549384 0.113052 10.8137 -4.13236e-05 0.268762 -0.00245175 -0.549384 -0.00591452 1.55416 0.000346201
43.528 -0.436332 -0.549335 0.113002 10.809 -4.07242e-05 0.268657 -0.00245033 -0.549335 -0.00591309 1.55417 0.000346279
43.529 -0.436332 -0.549286 0.112953 10.8043 -4.01259e-05 0.268552 -0.00244892 -0.549286 -0.00591165 1.55417 0.000346357
43.53 -0.436332 -0.549237 0.112904 10.7997 -3.95288e-05 0.268448 -0.0024475 -0.549237 -0.00591022 1.55417 0.000346435
43.531 -0.436332 -0.549188 0.112855 10.795 -3.89328e-05 0.268343 -0.00244608 -0.549188 -0.00590879 1.55418 0.000346513
43.532 -0.436332 -0.549139 0.112806 10.7903 -3.83379e-05 0.268239 -0.00244466 -0.549139 -0.00590736 1.55418 0.000346591
43.533 -0.436332 -0.54909 0.112757 10.7856 -3.77441e-05 0.268134 -0.00244324 -0.54909 -0.00590593 1.55418 0.000346669
43.534 -0.436332 -0.549041 0.112708 10.781 -3.71515e-05 0.26803 -0.00244183 -0.549041 -0.0059045 1.55419 0.000346747
43.535 -0.436332 -0.548992 0.112659 10.7763 -3.65599e-05 0.267926 -0.00244041 -0.548992 -0.00590307 1.55419 0.000346825
43.536 -0.436332 -0.548943 0.11261 10.7717 -3.59696e-05 0.267821 -0.00243899 -0.548943 -0.00590164 1.55419 0.000346903
43.537 -0.436332 -0.548894 0.112561 10.7671 -3.53803e-05 0.267717 -0.00243758 -0.548894 -0.00590022 1.5542 0.000346981
43.538 -0.436332 -0.548845 0.112513 10.7625 -3.47923e-05 0.267613 -0.00243616 -0.548845 -0.00589879 1.5542 0.000347059
43.539 -0.436332 -0.548796 0.112464 10.7578 -3.42053e-05 0.267509 -0.00243475 -0.548796 -0.00589736 1.5542 0.000347137
43.54 -0.436332 -0.548747 0.112415 10.7532 -3.36195e-05 0.267405 -0.00243333 -0.548747 -0.00589593 1.55421 0.000347215
43.541 -0.436332 -0.548698 0.112366 10.7486 -3.30349e-05 0.267301 -0.00243192 -0.548698 -0.00589451 1.55421 0.000347293
43.542 -0.436332 -0.54865 0.112317 10.744 -3.24514e-05 0.267197 -0.00243051 -0.54865 -0.00589308 1.55421 0.000347372
43.543 -0.436332 -0.548601 0.112269 10.7395 -3.18691e-05 0.267093 -0.00242909 -0.548601 -0.00589166 1.55422 0.00034745
43.544 -0.436332 -0.548552 0.11222 10.7349 -3.12879e-05 0.266989 -0.00242768 -0.548552 -0.00589023 1.55422 0.000347528
43.545 -0.436332 -0.548503 0.112171 10.7303 -3.07079e-05 0.266885 -0.00242627 -0.548503 -0.00588881 1.55422 0.000347606
43.546 -0.436332 -0.548455 0.112123 10.7258 -3.0129e-05 0.266782 -0.00242486 -0.548455 -0.00588738 1.55423 0.000347685
43.547 -0.436332 -0.548406 0.112074 10.7212 -2.95513e-05 0.266678 -0.00242345 -0.548406 -0.00588596 1.55423 0.000347763
43.548 -0.436332 -0.548358 0.112025 10.7167 -2.89748e-05 0.266574 -0.00242204 -0.548358 -0.00588454 1.55423 0.000347841
43.549 -0.436332 -0.548309 0.111977 10.7121 -2.83995e-05 0.266471 -0.00242063 -0.548309 -0.00588312 1.55424 0.000347919
43.55 -0.436332 -0.548261 0.111928 10.7076 -2.78253e-05 0.266367 -0.00241922 -0.548261 -0.0058817 1.55424 0.000347998
43.551 -0.436332 -0.548212 0.11188 10.7031 -2.72523e-05 0.266264 -0.00241781 -0.548212 -0.00588028 1.55424 0.000348076
43.552 -0.436332 -0.548164 0.111831 10.6986 -2.66805e-05 0.266161 -0.0024164 -0.548164 -0.00587886 1.55425 0.000348154
43.553 -0.436332 -0.548115 0.111783 10.6941 -2.61098e-05 0.266057 -0.002415 -0.548115 -0.00587744 1.55425 0.000348233
43.554 -0.436332 -0.548067 0.111734 10.6896 -2.55404e-05 0.265954 -0.00241359 -0.548067 -0.00587602 1.55425 0.000348311
43.555 -0.436332 -0.548018 0.111686 10.6851 -2.49721e-05 0.265851 -0.00241218 -0.548018 -0.0058746 1.55426 0.000348389
43.556 -0.436332 -0.54797 0.111638 10.6806 -2.4405e-05 0.265748 -0.00241078 -0.54797 -0.00587319 1.55426 0.000348468
43.557 -0.436332 -0.547922 0.11159 10.6761 -2.38392e-05 0.265645 -0.00240937 -0.547922 -0.00587177 1.55426 0.000348546
43.558 -0.436332 -0.547874 0.111541 10.6717 -2.32745e-05 0.265542 -0.00240797 -0.547874 -0.00587036 1.55427 0.000348624
43.559 -0.436332 -0.547825 0.111493 10.6672 -2.2711e-05 0.265439 -0.00240657 -0.547825 -0.00586894 1.55427 0.000348703
43.56 -0.436332 -0.547777 0.111445 10.6628 -2.21487e-05 0.265337 -0.00240517 -0.547777 -0.00586753 1.55427 0.000348781
43.561 -0.436332 -0.547729 0.111397 10.6583 -2.15876e-05 0.265234 -0.00240377 -0.547729 -0.00586612 1.55428 0.000348859
43.562 -0.436332 -0.547681 0.111349 10.6539 -2.10277e-05 0.265131 -0.00240237 -0.547681 -0.0058647 1.55428 0.000348938
43.563 -0.436332 -0.547633 0.111301 10.6495 -2.0469e-05 0.265029 -0.00240097 -0.547633 -0.00586329 1.55428 0.000349016
43.564 -0.436332 -0.547585 0.111253 10.6451 -1.99115e-05 0.264926 -0.00239957 -0.547585 -0.00586188 1.55429 0.000349094
43.565 -0.436332 -0.547537 0.111205 10.6407 -1.93553e-05 0.264824 -0.00239817 -0.547537 -0.00586047 1.55429 0.000349173
43.566 -0.436332 -0.547489 0.111157 10.6363 -1.88002e-05 0.264722 -0.00239677 -0.547489 -0.00585907 1.55429 0.000349251
43.567 -0.436332 -0.547441 0.111109 10.6319 -1.82464e-05 0.26462 -0.00239538 -0.547441 -0.00585766 1.5543 0.000349329
43.568 -0.436332 -0.547393 0.111061 10.6275 -1.76938e-05 0.264517 -0.00239398 -0.547393 -0.00585625 1.5543 0.000349408
43.569 -0.436332 -0.547345 0.111013 10.6232 -1.71424e-05 0.264415 -0.00239259 -0.547345 -0.00585485 1.5543 0.000349486
43.57 -0.436332 -0.547298 0.110965 10.6188 -1.65922e-05 0.264313 -0.00239119 -0.547298 -0.00585344 1.55431 0.000349564
43.571 -0.436332 -0.54725 0.110918 10.6144 -1.60432e-05 0.264212 -0.0023898 -0.54725 -0.00585204 1.55431 0.000349642
43.572 -0.436332 -0.547202 0.11087 10.6101 -1.54955e-05 0.26411 -0.00238841 -0.547202 -0.00585064 1.55431 0.000349721
43.573 -0.436332 -0.547155 0.110822 10.6058 -1.4949e-05 0.264008 -0.00238702 -0.547155 -0.00584923 1.55432 0.000349799
43.574 -0.436332 -0.547107 0.110775 10.6015 -1.44037e-05 0.263907 -0.00238563 -0.547107 -0.00584783 1.55432 0.000349877
43.575 -0.436332 -0.547059 0.110727 10.5971 -1.38597e-05 0.263805 -0.00238424 -0.547059 -0.00584643 1.55432 0.000349955
43.576 -0.436332 -0.547012 0.11068 10.5928 -1.33169e-05 0.263704 -0.00238285 -0.547012 -0.00584504 1.55433 0.000350034
43.577 -0.436332 -0.546964 0.110632 10.5885 -1.27754e-05 0.263602 -0.00238147 -0.546964 -0.00584364 1.55433 0.000350112
43.578 -0.436332 -0.546917 0.110585 10.5842 -1.2235e-05 0.263501 -0.00238008 -0.546917 -0.00584224 1.55433 0.00035019
43.579 -0.436332 -0.54687 0.110537 10.58 -1.1696e-05 0.2634 -0.00237869 -0.54687 -0.00584085 1.55434 0.000350268
43.58 -0.436332 -0.546822 0.11049 10.5757 -1.11581e-05 0.263299 -0.00237731 -0.546822 -0.00583945 1.55434 0.000350346
43.581 -0.436332 -0.546775 0.110443 10.5714 -1.06216e-05 0.263198 -0.00237593 -0.546775 -0.00583806 1.55434 0.000350425
43.582 -0.436332 -0.546728 0.110395 10.5672 -1.00862e-05 0.263097 -0.00237455 -0.546728 -0.00583667 1.55435 0.000350503
43.583 -0.436332 -0.546681 0.110348 10.5629 -9.55214e-06 0.262996 -0.00237317 -0.546681 -0.00583528 1.55435 0.000350581
43.584 -0.436332 -0.546633 0.110301 10.5587 -9.01931e-06 0.262896 -0.00237179 -0.546633 -0.00583389 1.55435 0.000350659
43.585 -0.436332 -0.546586 0.110254 10.5545 -8.48774e-06 0.262795 -0.00237041 -0.546586 -0.0058325 1.55435 0.000350737
43.586 -0.436332 -0.546539 0.110207 10.5503 -7.95742e-06 0.262695 -0.00236903 -0.546539 -0.00583111 1.55436 0.000350815
43.587 -0.436332 -0.546492 0.11016 10.5461 -7.42836e-06 0.262595 -0.00236766 -0.546492 -0.00582972 1.55436 0.000350893
43.588 -0.436332 -0.546445 0.110113 10.5419 -6.90057e-06 0.262494 -0.00236628 -0.546445 -0.00582834 1.55436 0.000350971
43.589 -0.436332 -0.546398 0.110066 10.5377 -6.37403e-06 0.262394 -0.00236491 -0.546398 -0.00582696 1.55437 0.000351049
43.59 -0.436332 -0.546352 0.110019 10.5335 -5.84877e-06 0.262294 -0.00236353 -0.546352 -0.00582557 1.55437 0.000351127
43.591 -0.436332 -0.546305 0.109973 10.5293 -5.32477e-06 0.262194 -0.00236216 -0.546305 -0.00582419 1.55437 0.000351205
43.592 -0.436332 -0.546258 0.109926 10.5252 -4.80204e-06 0.262094 -0.00236079 -0.546258 -0.00582281 1.55438 0.000351283
43.593 -0.436332 -0.546211 0.109879 10.521 -4.28058e-06 0.261995 -0.00235942 -0.546211 -0.00582143 1.55438 0.000351361
43.594 -0.436332 -0.546165 0.109832 10.5169 -3.7604e-06 0.261895 -0.00235805 -0.546165 -0.00582005 1.55438 0.000351438
43.595 -0.436332 -0.546118 0.109786 10.5127 -3.24149e-06 0.261796 -0.00235669 -0.546118 -0.00581868 1.55439 0.000351516
43.596 -0.436332 -0.546072 0.109739 10.5086 -2.72386e-06 0.261696 -0.00235532 -0.546072 -0.0058173 1.55439 0.000351594
43.597 -0.436332 -0.546025 0.109693 10.5045 -2.20751e-06 0.261597 -0.00235396 -0.546025 -0.00581593 1.55439 0.000351672
43.598 -0.436332 -0.545979 0.109646 10.5004 -1.69244e-06 0.261498 -0.0023526 -0.545979 -0.00581456 1.5544 0.000351749
43.599 -0.436332 -0.545932 0.1096 10.4963 -1.17866e-06 0.261399 -0.00235123 -0.545932 -0.00581319 1.5544 0.000351827
43.6 -0.436332 -0.545886 0.109554 10.4922 -6.66156e-07 0.2613 -0.00234987 -0.545886 -0.00581182 1.5544 0.000351905
43.601 -0.436332 -0.54584 0.109508 10.4882 -1.54944e-07 0.261201 -0.00234851 -0.54584 -0.00581045 1.5544 0.000351982
43.602 -0.436332 -0.545794 0.109461 10.4841 3.54979e-07 0.261102 -0.00234716 -0.545794 -0.00580908 1.55441 0.00035206
43.603 -0.436332 -0.545747 0.109415 10.48 8.63611e-07 0.261004 -0.0023458 -0.545747 -0.00580772 1.55441 0.000352137
43.604 -0.436332 -0.545701 0.109369 10.476 1.37095e-06 0.260905 -0.00234445 -0.545701 -0.00580635 1.55441 0.000352215
43.605 -0.436332 -0.545655 0.109323 10.4719 1.87699e-06 0.260807 -0.00234309 -0.545655 -0.00580499 1.55442 0.000352292
43.606 -0.436332 -0.545609 0.109277 10.4679 2.38174e-06 0.260709 -0.00234174 -0.545609 -0.00580363 1.55442 0.00035237
43.607 -0.436332 -0.545563 0.109231 10.4639 2.88519e-06 0.26061 -0.00234039 -0.545563 -0.00580227 1.55442 0.000352447
43.608 -0.436332 -0.545518 0.109185 10.4599 3.38733e-06 0.260512 -0.00233904 -0.545518 -0.00580091 1.55443 0.000352524
43.609 -0.436332 -0.545472 0.109139 10.4559 3.88818e-06 0.260415 -0.00233769 -0.545472 -0.00579955 1.55443 0.000352602
43.61 -0.436332 -0.545426 0.109094 10.4519 4.38772e-06 0.260317 -0.00233634 -0.545426 -0.0057982 1.55443 0.000352679
43.611 -0.436332 -0.54538 0.109048 10.4479 4.88595e-06 0.260219 -0.002335 -0.54538 -0.00579684 1.55444 0.000352756
43.612 -0.436332 -0.545335 0.109002 10.444 5.38288e-06 0.260122 -0.00233365 -0.545335 -0.00579549 1.55444 0.000352833
43.613 -0.436332 -0.545289 0.108957 10.44 5.8785e-06 0.260024 -0.00233231 -0.545289 -0.00579414 1.55444 0.00035291
43.614 -0.436332 -0.545244 0.108911 10.436 6.3728e-06 0.259927 -0.00233097 -0.545244 -0.00579279 1.55444 0.000352987
43.615 -0.436332 -0.545198 0.108866 10.4321 6.86579e-06 0.25983 -0.00232963 -0.545198 -0.00579144 1.55445 0.000353064
43.616 -0.436332 -0.545153 0.10882 10.4282 7.35747e-06 0.259733 -0.00232829 -0.545153 -0.00579009 1.55445 0.000353141
43.617 -0.436332 -0.545107 0.108775 10.4243 7.84783e-06 0.259636 -0.00232696 -0.545107 -0.00578875 1.55445 0.000353218
43.618 -0.436332 -0.545062 0.10873 10.4203 8.33687e-06 0.259539 -0.00232562 -0.545062 -0.0057874 1.55446 0.000353295
43.619 -0.436332 -0.545017 0.108685 10.4164 8.8246e-06 0.259443 -0.00232429 -0.545017 -0.00578606 1.55446 0.000353372
43.62 -0.436332 -0.544972 0.10864 10.4125 9.311e-06 0.259346 -0.00232296 -0.544972 -0.00578472 1.55446 0.000353449
43.621 -0.436332 -0.544927 0.108594 10.4087 9.79607e-06 0.25925 -0.00232162 -0.544927 -0.00578338 1.55446 0.000353525
43.622 -0.436332 -0.544882 0.108549 10.4048 1.02798e-05 0.259154 -0.0023203 -0.544882 -0.00578205 1.55447 0.000353602
43.623 -0.436332 -0.544837 0.108505 10.4009 1.07623e-05 0.259058 -0.00231897 -0.544837 -0.00578071 1.55447 0.000353679
43.624 -0.436332 -0.544792 0.10846 10.3971 1.12433e-05 0.258962 -0.00231764 -0.544792 -0.00577938 1.55447 0.000353755
43.625 -0.436332 -0.544747 0.108415 10.3932 1.17231e-05 0.258866 -0.00231632 -0.544747 -0.00577805 1.55448 0.000353832
43.626 -0.436332 -0.544702 0.10837 10.3894 1.22015e-05 0.25877 -0.00231499 -0.544702 -0.00577671 1.55448 0.000353908
43.627 -0.436332 -0.544658 0.108325 10.3856 1.26787e-05 0.258674 -0.00231367 -0.544658 -0.00577539 1.55448 0.000353984
43.628 -0.436332 -0.544613 0.108281 10.3818 1.31544e-05 0.258579 -0.00231235 -0.544613 -0.00577406 1.55449 0.000354061
43.629 -0.436332 -0.544568 0.108236 10.378 1.36288e-05 0.258484 -0.00231104 -0.544568 -0.00577273 1.55449 0.000354137
43.63 -0.436332 -0.544524 0.108192 10.3742 1.41019e-05 0.258389 -0.00230972 -0.544524 -0.00577141 1.55449 0.000354213
43.631 -0.436332 -0.54448 0.108147 10.3704 1.45737e-05 0.258294 -0.00230841 -0.54448 -0.00577009 1.55449 0.000354289
43.632 -0.436332 -0.544435 0.108103 10.3666 1.50441e-05 0.258199 -0.00230709 -0.544435 -0.00576877 1.5545 0.000354365
43.633 -0.436332 -0.544391 0.108059 10.3629 1.55132e-05 0.258104 -0.00230578 -0.544391 -0.00576745 1.5545 0.000354441
43.634 -0.436332 -0.544347 0.108014 10.3591 1.59809e-05 0.258009 -0.00230447 -0.544347 -0.00576613 1.5545 0.000354517
43.635 -0.436332 -0.544302 0.10797 10.3554 1.64473e-05 0.257915 -0.00230316 -0.544302 -0.00576482 1.55451 0.000354593
43.636 -0.436332 -0.544258 0.107926 10.3516 1.69123e-05 0.257821 -0.00230186 -0.544258 -0.0057635 1.55451 0.000354669
43.637 -0.436332 -0.544214 0.107882 10.3479 1.7376e-05 0.257726 -0.00230055 -0.544214 -0.00576219 1.55451 0.000354745
43.638 -0.436332 -0.54417 0.107838 10.3442 1.78383e-05 0.257632 -0.00229925 -0.54417 -0.00576088 1.55451 0.000354821
43.639 -0.436332 -0.544126 0.107794 10.3405 1.82993e-05 0.257539 -0.00229795 -0.544126 -0.00575957 1.55452 0.000354896
43.64 -0.436332 -0.544083 0.10775 10.3368 1.87589e-05 0.257445 -0.00229665 -0.544083 -0.00575827 1.55452 0.000354972
43.641 -0.436332 -0.544039 0.107707 10.3331 1.92172e-05 0.257351 -0.00229535 -0.544039 -0.00575696 1.55452 0.000355047
43.642 -0.436332 -0.543995 0.107663 10.3295 1.96741e-05 0.257258 -0.00229406 -0.543995 -0.00575566 1.55453 0.000355123
43.643 -0.436332 -0.543952 0.107619 10.3258 2.01297e-05 0.257164 -0.00229276 -0.543952 -0.00575436 1.55453 0.000355198
43.644 -0.436332 -0.543908 0.107576 10.3222 2.05839e-05 0.257071 -0.00229147 -0.543908 -0.00575306 1.55453 0.000355273
43.645 -0.436332 -0.543865 0.107532 10.3185 2.10367e-05 0.256978 -0.00229018 -0.543865 -0.00575176 1.55453 0.000355349
43.646 -0.436332 -0.543821 0.107489 10.3149 2.14882e-05 0.256886 -0.00228889 -0.543821 -0.00575047 1.55454 0.000355424
43.647 -0.436332 -0.543778 0.107446 10.3113 2.19383e-05 0.256793 -0.0022876 -0.543778 -0.00574917 1.55454 0.000355499
43.648 -0.436332 -0.543735 0.107402 10.3077 2.23871e-05 0.2567 -0.00228632 -0.543735 -0.00574788 1.55454 0.000355574
43.649 -0.436332 -0.543691 0.107359 10.3041 2.28344e-05 0.256608 -0.00228503 -0.543691 -0.00574659 1.55455 0.000355649
43.65 -0.436332 -0.543648 0.107316 10.3005 2.32805e-05 0.256516 -0.00228375 -0.543648 -0.0057453 1.55455 0.000355724
43.651 -0.436332 -0.543605 0.107273 10.2969 2.37251e-05 0.256424 -0.00228247 -0.543605 -0.00574402 1.55455 0.000355799
43.652 -0.436332 -0.543562 0.10723 10.2933 2.41684e-05 0.256332 -0.0022812 -0.543562 -0.00574273 1.55455 0.000355873
43.653 -0.436332 -0.543519 0.107187 10.2898 2.46103e-05 0.25624 -0.00227992 -0.543519 -0.00574145 1.55456 0.000355948
43.654 -0.436332 -0.543477 0.107144 10.2862 2.50508e-05 0.256148 -0.00227865 -0.543477 -0.00574017 1.55456 0.000356022
43.655 -0.436332 -0.543434 0.107102 10.2827 2.549e-05 0.256057 -0.00227737 -0.543434 -0.00573889 1.55456 0.000356097
43.656 -0.436332 -0.543391 0.107059 10.2792 2.59278e-05 0.255965 -0.0022761 -0.543391 -0.00573762 1.55456 0.000356171
43.657 -0.436332 -0.543349 0.107016 10.2757 2.63642e-05 0.255874 -0.00227484 -0.543349 -0.00573634 1.55457 0.000356246
43.658 -0.436332 -0.543306 0.106974 10.2722 2.67992e-05 0.255783 -0.00227357 -0.543306 -0.00573507 1.55457 0.00035632
43.659 -0.436332 -0.543264 0.106931 10.2687 2.72329e-05 0.255692 -0.00227231 -0.543264 -0.0057338 1.55457 0.000356394
43.66 -0.436332 -0.543221 0.106889 10.2652 2.76651e-05 0.255602 -0.00227104 -0.543221 -0.00573253 1.55458 0.000356468
43.661 -0.436332 -0.543179 0.106847 10.2617 2.8096e-05 0.255511 -0.00226978 -0.543179 -0.00573127 1.55458 0.000356542
43.662 -0.436332 -0.543137 0.106804 10.2583 2.85255e-05 0.255421 -0.00226852 -0.543137 -0.00573 1.55458 0.000356616
43.663 -0.436332 -0.543095 0.106762 10.2548 2.89537e-05 0.255331 -0.00226727 -0.543095 -0.00572874 1.55458 0.00035669
43.664 -0.436332 -0.543053 0.10672 10.2514 2.93804e-05 0.25524 -0.00226601 -0.543053 -0.00572748 1.55459 0.000356764
43.665 -0.436332 -0.543011 0.106678 10.2479 2.98058e-05 0.255151 -0.00226476 -0.543011 -0.00572622 1.55459 0.000356837
43.666 -0.436332 -0.542969 0.106636 10.2445 3.02297e-05 0.255061 -0.00226351 -0.542969 -0.00572497 1.55459 0.000356911
43.667 -0.436332 -0.542927 0.106594 10.2411 3.06523e-05 0.254971 -0.00226226 -0.542927 -0.00572371 1.55459 0.000356985
43.668 -0.436332 -0.542885 0.106553 10.2377 3.10735e-05 0.254882 -0.00226101 -0.542885 -0.00572246 1.5546 0.000357058
43.669 -0.436332 -0.542843 0.106511 10.2343 3.14933e-05 0.254793 -0.00225977 -0.542843 -0.00572121 1.5546 0.000357131
43.67 -0.436332 -0.542802 0.106469 10.2309 3.19117e-05 0.254704 -0.00225853 -0.542802 -0.00571996 1.5546 0.000357205
43.671 -0.436332 -0.54276 0.106428 10.2276 3.23287e-05 0.254615 -0.00225729 -0.54276 -0.00571872 1.55461 0.000357278
43.672 -0.436332 -0.542719 0.106386 10.2242 3.27443e-05 0.254526 -0.00225605 -0.542719 -0.00571747 1.55461 0.000357351
43.673 -0.436332 -0.542677 0.106345 10.2209 3.31586e-05 0.254437 -0.00225481 -0.542677 -0.00571623 1.55461 0.000357424
43.674 -0.436332 -0.542636 0.106304 10.2175 3.35714e-05 0.254349 -0.00225358 -0.542636 -0.00571499 1.55461 0.000357497
43.675 -0.436332 -0.542595 0.106263 10.2142 3.39828e-05 0.254261 -0.00225235 -0.542595 -0.00571376 1.55462 0.000357569
43.676 -0.436332 -0.542554 0.106222 10.2109 3.43929e-05 0.254173 -0.00225112 -0.542554 -0.00571252 1.55462 0.000357642
43.677 -0.436332 -0.542513 0.10618 10.2076 3.48015e-05 0.254085 -0.00224989 -0.542513 -0.00571129 1.55462 0.000357715
43.678 -0.436332 -0.542472 0.106139 10.2043 3.52087e-05 0.253997 -0.00224866 -0.542472 -0.00571006 1.55462 0.000357787
43.679 -0.436332 -0.542431 0.106099 10.201 3.56146e-05 0.253909 -0.00224744 -0.542431 -0.00570883 1.55463 0.00035786
43.68 -0.436332 -0.54239 0.106058 10.1977 3.6019e-05 0.253822 -0.00224622 -0.54239 -0.0057076 1.55463 0.000357932
43.681 -0.436332 -0.542349 0.106017 10.1945 3.6422e-05 0.253735 -0.002245 -0.542349 -0.00570638 1.55463 0.000358004
43.682 -0.436332 -0.542309 0.105976 10.1912 3.68237e-05 0.253648 -0.00224378 -0.542309 -0.00570516 1.55463 0.000358077
43.683 -0.436332 -0.542268 0.105936 10.188 3.72239e-05 0.253561 -0.00224256 -0.542268 -0.00570394 1.55464 0.000358149
43.684 -0.436332 -0.542228 0.105895 10.1848 3.76227e-05 0.253474 -0.00224135 -0.542228 -0.00570272 1.55464 0.000358221
43.685 -0.436332 -0.542187 0.105855 10.1816 3.80201e-05 0.253388 -0.00224014 -0.542187 -0.0057015 1.55464 0.000358292
43.686 -0.436332 -0.542147 0.105815 10.1783 3.84161e-05 0.253301 -0.00223893 -0.542147 -0.00570029 1.55464 0.000358364
43.687 -0.436332 -0.542107 0.105774 10.1751 3.88107e-05 0.253215 -0.00223772 -0.542107 -0.00569908 1.55465 0.000358436
43.688 -0.436332 -0.542067 0.105734 10.172 3.92039e-05 0.253129 -0.00223652 -0.542067 -0.00569787 1.55465 0.000358507
43.689 -0.436332 -0.542027 0.105694 10.1688 3.95956e-05 0.253043 -0.00223532 -0.542027 -0.00569667 1.55465 0.000358579
43.69 -0.436332 -0.541987 0.105654 10.1656 3.9986e-05 0.252958 -0.00223412 -0.541987 -0.00569546 1.55465 0.00035865
43.691 -0.436332 -0.541947 0.105614 10.1625 4.0375e-05 0.252872 -0.00223292 -0.541947 -0.00569426 1.55466 0.000358722
43.692 -0.436332 -0.541907 0.105575 10.1593 4.07625e-05 0.252787 -0.00223173 -0.541907 -0.00569306 1.55466 0.000358793
43.693 -0.436332 -0.541867 0.105535 10.1562 4.11486e-05 0.252702 -0.00223053 -0.541867 -0.00569186 1.55466 0.000358864
43.694 -0.436332 -0.541828 0.105495 10.1531 4.15333e-05 0.252617 -0.00222934 -0.541828 -0.00569067 1.55466 0.000358935
43.695 -0.436332 -0.541788 0.105456 10.15 4.19166e-05 0.252532 -0.00222815 -0.541788 -0.00568948 1.55467 0.000359006
43.696 -0.436332 -0.541748 0.105416 10.1469 4.22985e-05 0.252447 -0.00222697 -0.541748 -0.00568829 1.55467 0.000359076
43.697 -0.436332 -0.541709 0.105377 10.1438 4.26789e-05 0.252363 -0.00222578 -0.541709 -0.0056871 1.55467 0.000359147
43.698 -0.436332 -0.54167 0.105337 10.1407 4.3058e-05 0.252279 -0.0022246 -0.54167 -0.00568591 1.55467 0.000359218
43.699 -0.436332 -0.541631 0.105298 10.1376 4.34356e-05 0.252195 -0.00222342 -0.541631 -0.00568473 1.55468 0.000359288
43.7 -0.436332 -0.541591 0.105259 10.1346 4.38118e-05 0.252111 -0.00222224 -0.541591 -0.00568355 1.55468 0.000359359
43.701 -0.436332 -0.541552 0.10522 10.1315 4.41866e-05 0.252027 -0.00222107 -0.541552 -0.00568237 1.55468 0.000359429
43.702 -0.436332 -0.541513 0.105181 10.1285 4.45599e-05 0.251944 -0.00221989 -0.541513 -0.00568119 1.55468 0.000359499
43.703 -0.436332 -0.541475 0.105142 10.1255 4.49319e-05 0.25186 -0.00221872 -0.541475 -0.00568002 1.55469 0.000359569
43.704 -0.436332 -0.541436 0.105103 10.1225 4.53024e-05 0.251777 -0.00221756 -0.541436 -0.00567885 1.55469 0.000359639
43.705 -0.436332 -0.541397 0.105065 10.1195 4.56715e-05 0.251694 -0.00221639 -0.541397 -0.00567768 1.55469 0.000359709
43.706 -0.436332 -0.541358 0.105026 10.1165 4.60392e-05 0.251611 -0.00221523 -0.541358 -0.00567651 1.55469 0.000359778
43.707 -0.436332 -0.54132 0.104988 10.1135 4.64054e-05 0.251529 -0.00221407 -0.54132 -0.00567535 1.5547 0.000359848
43.708 -0.436332 -0.541281 0.104949 10.1105 4.67702e-05 0.251446 -0.00221291 -0.541281 -0.00567418 1.5547 0.000359917
43.709 -0.436332 -0.541243 0.104911 10.1076 4.71336e-05 0.251364 -0.00221175 -0.541243 -0.00567302 1.5547 0.000359987
43.71 -0.436332 -0.541205 0.104873 10.1046 4.74956e-05 0.251282 -0.0022106 -0.541205 -0.00567187 1.5547 0.000360056
43.711 -0.436332 -0.541167 0.104834 10.1017 4.78561e-05 0.2512 -0.00220944 -0.541167 -0.00567071 1.55471 0.000360125
43.712 -0.436332 -0.541129 0.104796 10.0988 4.82153e-05 0.251119 -0.0022083 -0.541129 -0.00566956 1.55471 0.000360194
43.713 -0.436332 -0.541091 0.104758 10.0959 4.85729e-05 0.251037 -0.00220715 -0.541091 -0.00566841 1.55471 0.000360263
43.714 -0.436332 -0.541053 0.10472 10.093 4.89292e-05 0.250956 -0.002206 -0.541053 -0.00566726 1.55471 0.000360332
43.715 -0.436332 -0.541015 0.104683 10.0901 4.9284e-05 0.250875 -0.00220486 -0.541015 -0.00566612 1.55471 0.000360401
43.716 -0.436332 -0.540977 0.104645 10.0872 4.96374e-05 0.250794 -0.00220372 -0.540977 -0.00566498 1.55472 0.000360469
43.717 -0.436332 -0.54094 0.104607 10.0843 4.99894e-05 0.250713 -0.00220258 -0.54094 -0.00566384 1.55472 0.000360538
43.718 -0.436332 -0.540902 0.10457 10.0815 5.03399e-05 0.250632 -0.00220145 -0.540902 -0.0056627 1.55472 0.000360606
43.719 -0.436332 -0.540865 0.104532 10.0786 5.06891e-05 0.250552 -0.00220032 -0.540865 -0.00566156 1.55472 0.000360674
43.72 -0.436332 -0.540827 0.104495 10.0758 5.10367e-05 0.250472 -0.00219919 -0.540827 -0.00566043 1.55473 0.000360743
43.721 -0.436332 -0.54079 0.104458 10.0729 5.1383e-05 0.250392 -0.00219806 -0.54079 -0.0056593 1.55473 0.000360811
43.722 -0.436332 -0.540753 0.10442 10.0701 5.17278e-05 0.250312 -0.00219693 -0.540753 -0.00565817 1.55473 0.000360878
43.723 -0.436332 -0.540716 0.104383 10.0673 5.20712e-05 0.250233 -0.00219581 -0.540716 -0.00565705 1.55473 0.000360946
43.724 -0.436332 -0.540679 0.104346 10.0645 5.24131e-05 0.250153 -0.00219469 -0.540679 -0.00565592 1.55474 0.000361014
43.725 -0.436332 -0.540642 0.104309 10.0617 5.27536e-05 0.250074 -0.00219357 -0.540642 -0.0056548 1.55474 0.000361081
43.726 -0.436332 -0.540605 0.104272 10.059 5.30927e-05 0.249995 -0.00219246 -0.540605 -0.00565369 1.55474 0.000361149
43.727 -0.436332 -0.540568 0.104236 10.0562 5.34304e-05 0.249916 -0.00219135 -0.540568 -0.00565257 1.55474 0.000361216
43.728 -0.436332 -0.540531 0.104199 10.0535 5.37666e-05 0.249838 -0.00219024 -0.540531 -0.00565146 1.55474 0.000361283
43.729 -0.436332 -0.540495 0.104163 10.0507 5.41013e-05 0.249759 -0.00218913 -0.540495 -0.00565035 1.55475 0.00036135
43.73 -0.436332 -0.540458 0.104126 10.048 5.44347e-05 0.249681 -0.00218802 -0.540458 -0.00564924 1.55475 0.000361417
43.731 -0.436332 -0.540422 0.10409 10.0453 5.47666e-05 0.249603 -0.00218692 -0.540422 -0.00564814 1.55475 0.000361484
43.732 -0.436332 -0.540386 0.104053 10.0426 5.5097e-05 0.249525 -0.00218582 -0.540386 -0.00564703 1.55475 0.000361551
43.733 -0.436332 -0.54035 0.104017 10.0399 5.54261e-05 0.249447 -0.00218472 -0.54035 -0.00564593 1.55476 0.000361617
43.734 -0.436332 -0.540313 0.103981 10.0372 5.57537e-05 0.24937 -0.00218363 -0.540313 -0.00564484 1.55476 0.000361684
43.735 -0.436332 -0.540277 0.103945 10.0345 5.60798e-05 0.249293 -0.00218253 -0.540277 -0.00564374 1.55476 0.00036175
43.736 -0.436332 -0.540242 0.103909 10.0319 5.64045e-05 0.249216 -0.00218144 -0.540242 -0.00564265 1.55476 0.000361816
43.737 -0.436332 -0.540206 0.103873 10.0292 5.67278e-05 0.249139 -0.00218036 -0.540206 -0.00564156 1.55476 0.000361882
43.738 -0.436332 -0.54017 0.103838 10.0266 5.70496e-05 0.249062 -0.00217927 -0.54017 -0.00564047 1.55477 0.000361948
43.739 -0.436332 -0.540134 0.103802 10.0239 5.73701e-05 0.248986 -0.00217819 -0.540134 -0.00563939 1.55477 0.000362014
43.74 -0.436332 -0.540099 0.103767 10.0213 5.7689e-05 0.248909 -0.00217711 -0.540099 -0.00563831 1.55477 0.00036208
43.741 -0.436332 -0.540063 0.103731 10.0187 5.80065e-05 0.248833 -0.00217603 -0.540063 -0.00563723 1.55477 0.000362146
43.742 -0.436332 -0.540028 0.103696 10.0161 5.83226e-05 0.248758 -0.00217496 -0.540028 -0.00563615 1.55478 0.000362211
43.743 -0.436332 -0.539993 0.103661 10.0135 5.86373e-05 0.248682 -0.00217389 -0.539993 -0.00563508 1.55478 0.000362276
43.744 -0.436332 -0.539958 0.103625 10.011 5.89505e-05 0.248606 -0.00217282 -0.539958 -0.00563401 1.55478 0.000362341
43.745 -0.436332 -0.539923 0.10359 10.0084 5.92622e-05 0.248531 -0.00217175 -0.539923 -0.00563294 1.55478 0.000362407
43.746 -0.436332 -0.539888 0.103555 10.0058 5.95726e-05 0.248456 -0.00217069 -0.539888 -0.00563187 1.55478 0.000362471
43.747 -0.436332 -0.539853 0.10352 10.0033 5.98814e-05 0.248381 -0.00216962 -0.539853 -0.00563081 1.55479 0.000362536
43.748 -0.436332 -0.539818 0.103486 10.0008 6.01889e-05 0.248306 -0.00216856 -0.539818 -0.00562975 1.55479 0.000362601
43.749 -0.436332 -0.539783 0.103451 9.99826 6.04949e-05 0.248232 -0.00216751 -0.539783 -0.00562869 1.55479 0.000362666
43.75 -0.436332 -0.539749 0.103416 9.99575 6.07995e-05 0.248158 -0.00216645 -0.539749 -0.00562763 1.55479 0.00036273
43.751 -0.436332 -0.539714 0.103382 9.99325 6.11026e-05 0.248084 -0.0021654 -0.539714 -0.00562658 1.55479 0.000362794
43.752 -0.436332 -0.53968 0.103348 9.99077 6.14043e-05 0.24801 -0.00216435 -0.53968 -0.00562553 1.5548 0.000362858
43.753 -0.436332 -0.539646 0.103313 9.98829 6.17045e-05 0.247936 -0.00216331 -0.539646 -0.00562448 1.5548 0.000362922
43.754 -0.436332 -0.539611 0.103279 9.98583 6.20033e-05 0.247863 -0.00216227 -0.539611 -0.00562344 1.5548 0.000362986
43.755 -0.436332 -0.539577 0.103245 9.98337 6.23007e-05 0.247789 -0.00216122 -0.539577 -0.0056224 1.5548 0.00036305
43.756 -0.436332 -0.539543 0.103211 9.98093 6.25966e-05 0.247716 -0.00216019 -0.539543 -0.00562136 1.5548 0.000363114
43.757 -0.436332 -0.539509 0.103177 9.9785 6.28911e-05 0.247644 -0.00215915 -0.539509 -0.00562032 1.55481 0.000363177
43.758 -0.436332 -0.539475 0.103143 9.97608 6.31841e-05 0.247571 -0.00215812 -0.539475 -0.00561929 1.55481 0.000363241
43.759 -0.436332 -0.539442 0.103109 9.97367 6.34757e-05 0.247498 -0.00215709 -0.539442 -0.00561826 1.55481 0.000363304
43.76 -0.436332 -0.539408 0.103076 9.97127 6.37659e-05 0.247426 -0.00215606 -0.539408 -0.00561723 1.55481 0.000363367
43.761 -0.436332 -0.539375 0.103042 9.96889 6.40546e-05 0.247354 -0.00215504 -0.539375 -0.0056162 1.55481 0.00036343
43.762 -0.436332 -0.539341 0.103009 9.96651 6.43419e-05 0.247282 -0.00215402 -0.539341 -0.00561518 1.55482 0.000363493
43.763 -0.436332 -0.539308 0.102975 9.96414 6.46277e-05 0.247211 -0.002153 -0.539308 -0.00561416 1.55482 0.000363555
43.764 -0.436332 -0.539275 0.102942 9.96179 6.49121e-05 0.247139 -0.00215198 -0.539275 -0.00561314 1.55482 0.000363618
43.765 -0.436332 -0.539241 0.102909 9.95945 6.51951e-05 0.247068 -0.00215097 -0.539241 -0.00561213 1.55482 0.00036368
43.766 -0.436332 -0.539208 0.102876 9.95711 6.54766e-05 0.246997 -0.00214996 -0.539208 -0.00561111 1.55482 0.000363743
43.767 -0.436332 -0.539175 0.102843 9.95479 6.57566e-05 0.246926 -0.00214895 -0.539175 -0.0056101 1.55483 0.000363805
43.768 -0.436332 -0.539143 0.10281 9.95248 6.60353e-05 0.246856 -0.00214794 -0.539143 -0.0056091 1.55483 0.000363867
43.769 -0.436332 -0.53911 0.102777 9.95018 6.63125e-05 0.246785 -0.00214694 -0.53911 -0.00560809 1.55483 0.000363929
43.77 -0.436332 -0.539077 0.102745 9.94789 6.65882e-05 0.246715 -0.00214594 -0.539077 -0.00560709 1.55483 0.00036399
43.771 -0.436332 -0.539045 0.102712 9.94561 6.68625e-05 0.246645 -0.00214494 -0.539045 -0.00560609 1.55483 0.000364052
43.772 -0.436332 -0.539012 0.10268 9.94335 6.71354e-05 0.246575 -0.00214395 -0.539012 -0.0056051 1.55484 0.000364114
43.773 -0.436332 -0.53898 0.102647 9.94109 6.74069e-05 0.246506 -0.00214295 -0.53898 -0.00560411 1.55484 0.000364175
43.774 -0.436332 -0.538947 0.102615 9.93885 6.76769e-05 0.246437 -0.00214196 -0.538947 -0.00560312 1.55484 0.000364236
43.775 -0.436332 -0.538915 0.102583 9.93661 6.79454e-05 0.246367 -0.00214098 -0.538915 -0.00560213 1.55484 0.000364297
43.776 -0.436332 -0.538883 0.102551 9.93439 6.82125e-05 0.246298 -0.00213999 -0.538883 -0.00560114 1.55484 0.000364358
43.777 -0.436332 -0.538851 0.102519 9.93218 6.84782e-05 0.24623 -0.00213901 -0.538851 -0.00560016 1.55485 0.000364419
43.778 -0.436332 -0.538819 0.102487 9.92998 6.87425e-05 0.246161 -0.00213804 -0.538819 -0.00559918 1.55485 0.000364479
43.779 -0.436332 -0.538788 0.102455 9.92779 6.90053e-05 0.246093 -0.00213706 -0.538788 -0.00559821 1.55485 0.00036454
43.78 -0.436332 -0.538756 0.102424 9.92561 6.92666e-05 0.246025 -0.00213609 -0.538756 -0.00559723 1.55485 0.0003646
43.781 -0.436332 -0.538724 0.102392 9.92344 6.95266e-05 0.245957 -0.00213512 -0.538724 -0.00559626 1.55485 0.00036466
43.782 -0.436332 -0.538693 0.102361 9.92128 6.97851e-05 0.245889 -0.00213415 -0.538693 -0.0055953 1.55486 0.00036472
43.783 -0.436332 -0.538662 0.102329 9.91913 7.00421e-05 0.245822 -0.00213319 -0.538662 -0.00559433 1.55486 0.00036478
43.784 -0.436332 -0.53863 0.102298 9.917 7.02978e-05 0.245755 -0.00213223 -0.53863 -0.00559337 1.55486 0.00036484
43.785 -0.436332 -0.538599 0.102267 9.91487 7.05519e-05 0.245688 -0.00213127 -0.538599 -0.00559241 1.55486 0.0003649
43.786 -0.436332 -0.538568 0.102236 9.91276 7.08047e-05 0.245621 -0.00213031 -0.538568 -0.00559145 1.55486 0.000364959
43.787 -0.436332 -0.538537 0.102205 9.91065 7.1056e-05 0.245554 -0.00212936 -0.538537 -0.0055905 1.55486 0.000365019
43.788 -0.436332 -0.538506 0.102174 9.90856 7.13059e-05 0.245488 -0.00212841 -0.538506 -0.00558955 1.55487 0.000365078
43.789 -0.436332 -0.538475 0.102143 9.90648 7.15544e-05 0.245421 -0.00212746 -0.538475 -0.0055886 1.55487 0.000365137
43.79 -0.436332 -0.538445 0.102112 9.90441 7.18014e-05 0.245355 -0.00212652 -0.538445 -0.00558765 1.55487 0.000365196
43.791 -0.436332 -0.538414 0.102082 9.90235 7.2047e-05 0.24529 -0.00212557 -0.538414 -0.00558671 1.55487 0.000365254
43.792 -0.436332 -0.538384 0.102051 9.9003 7.22911e-05 0.245224 -0.00212463 -0.538384 -0.00558577 1.55487 0.000365313
43.793 -0.436332 -0.538353 0.102021 9.89826 7.25338e-05 0.245159 -0.0021237 -0.538353 -0.00558484 1.55488 0.000365372
43.794 -0.436332 -0.538323 0.101991 9.89623 7.27751e-05 0.245094 -0.00212277 -0.538323 -0.0055839 1.55488 0.00036543
43.795 -0.436332 -0.538293 0.10196 9.89422 7.3015e-05 0.245029 -0.00212183 -0.538293 -0.00558297 1.55488 0.000365488
43.796 -0.436332 -0.538263 0.10193 9.89221 7.32534e-05 0.244964 -0.00212091 -0.538263 -0.00558204 1.55488 0.000365546
43.797 -0.436332 -0.538233 0.1019 9.89022 7.34904e-05 0.2449 -0.00211998 -0.538233 -0.00558112 1.55488 0.000365604
43.798 -0.436332 -0.538203 0.10187 9.88823 7.37259e-05 0.244835 -0.00211906 -0.538203 -0.0055802 1.55488 0.000365662
43.799 -0.436332 -0.538173 0.101841 9.88626 7.39601e-05 0.244771 -0.00211814 -0.538173 -0.00557928 1.55489 0.000365719
43.8 -0.436332 -0.538143 0.101811 9.8843 7.41928e-05 0.244707 -0.00211723 -0.538143 -0.00557836 1.55489 0.000365777
43.801 -0.436332 -0.538114 0.101781 9.88234 7.44241e-05 0.244644 -0.00211631 -0.538114 -0.00557745 1.55489 0.000365834
43.802 -0.436332 -0.538084 0.101752 9.8804 7.46539e-05 0.24458 -0.0021154 -0.538084 -0.00557653 1.55489 0.000365891
43.803 -0.436332 -0.538055 0.101723 9.87847 7.48823e-05 0.244517 -0.00211449 -0.538055 -0.00557563 1.55489 0.000365948
43.804 -0.436332 -0.538026 0.101693 9.87655 7.51093e-05 0.244454 -0.00211359 -0.538026 -0.00557472 1.55489 0.000366005
43.805 -0.436332 -0.537996 0.101664 9.87465 7.53349e-05 0.244391 -0.00211269 -0.537996 -0.00557382 1.5549 0.000366062
43.806 -0.436332 -0.537967 0.101635 9.87275 7.55591e-05 0.244329 -0.00211179 -0.537967 -0.00557292 1.5549 0.000366118
43.807 -0.436332 -0.537938 0.101606 9.87086 7.57818e-05 0.244266 -0.00211089 -0.537938 -0.00557202 1.5549 0.000366175
43.808 -0.436332 -0.53791 0.101577 9.86898 7.60031e-05 0.244204 -0.00211 -0.53791 -0.00557113 1.5549 0.000366231
43.809 -0.436332 -0.537881 0.101548 9.86712 7.6223e-05 0.244142 -0.00210911 -0.537881 -0.00557024 1.5549 0.000366287
43.81 -0.436332 -0.537852 0.10152 9.86526 7.64414e-05 0.24408 -0.00210822 -0.537852 -0.00556935 1.5549 0.000366343
43.811 -0.436332 -0.537823 0.101491 9.86342 7.66584e-05 0.244019 -0.00210734 -0.537823 -0.00556847 1.55491 0.000366399
43.812 -0.436332 -0.537795 0.101463 9.86158 7.68741e-05 0.243958 -0.00210645 -0.537795 -0.00556758 1.55491 0.000366454
43.813 -0.436332 -0.537767 0.101434 9.85976 7.70883e-05 0.243897 -0.00210558 -0.537767 -0.0055667 1.55491 0.00036651
43.814 -0.436332 -0.537738 0.101406 9.85795 7.7301e-05 0.243836 -0.0021047 -0.537738 -0.00556583 1.55491 0.000366565
43.815 -0.436332 -0.53771 0.101378 9.85615 7.75124e-05 0.243775 -0.00210383 -0.53771 -0.00556495 1.55491 0.00036662
43.816 -0.436332 -0.537682 0.10135 9.85436 7.77223e-05 0.243715 -0.00210296 -0.537682 -0.00556408 1.55491 0.000366676
43.817 -0.436332 -0.537654 0.101322 9.85258 7.79308e-05 0.243654 -0.00210209 -0.537654 -0.00556322 1.55492 0.00036673
43.818 -0.436332 -0.537626 0.101294 9.85081 7.81379e-05 0.243595 -0.00210123 -0.537626 -0.00556235 1.55492 0.000366785
43.819 -0.436332 -0.537599 0.101266 9.84905 7.83436e-05 0.243535 -0.00210036 -0.537599 -0.00556149 1.55492 0.00036684
43.82 -0.436332 -0.537571 0.101239 9.8473 7.85479e-05 0.243475 -0.00209951 -0.537571 -0.00556063 1.55492 0.000366894
43.821 -0.436332 -0.537543 0.101211 9.84556 7.87508e-05 0.243416 -0.00209865 -0.537543 -0.00555978 1.55492 0.000366948
43.822 -0.436332 -0.537516 0.101184 9.84384 7.89522e-05 0.243357 -0.0020978 -0.537516 -0.00555892 1.55492 0.000367003
43.823 -0.436332 -0.537489 0.101156 9.84212 7.91523e-05 0.243298 -0.00209695 -0.537489 -0.00555807 1.55493 0.000367057
43.824 -0.436332 -0.537461 0.101129 9.84041 7.93509e-05 0.243239 -0.0020961 -0.537461 -0.00555723 1.55493 0.00036711
43.825 -0.436332 -0.537434 0.101102 9.83872 7.95481e-05 0.243181 -0.00209526 -0.537434 -0.00555638 1.55493 0.000367164
43.826 -0.436332 -0.537407 0.101075 9.83703 7.97439e-05 0.243122 -0.00209442 -0.537407 -0.00555554 1.55493 0.000367218
43.827 -0.436332 -0.53738 0.101048 9.83536 7.99383e-05 0.243064 -0.00209358 -0.53738 -0.0055547 1.55493 0.000367271
43.828 -0.436332 -0.537353 0.101021 9.8337 8.01313e-05 0.243006 -0.00209274 -0.537353 -0.00555387 1.55493 0.000367324
43.829 -0.436332 -0.537327 0.100994 9.83204 8.03229e-05 0.242949 -0.00209191 -0.537327 -0.00555303 1.55493 0.000367377
43.83 -0.436332 -0.5373 0.100968 9.8304 8.05131e-05 0.242891 -0.00209108 -0.5373 -0.00555221 1.55494 0.00036743
43.831 -0.436332 -0.537273 0.100941 9.82877 8.07019e-05 0.242834 -0.00209026 -0.537273 -0.00555138 1.55494 0.000367483
43.832 -0.436332 -0.537247 0.100915 9.82715 8.08892e-05 0.242777 -0.00208943 -0.537247 -0.00555056 1.55494 0.000367535
43.833 -0.436332 -0.537221 0.100888 9.82554 8.10752e-05 0.242721 -0.00208861 -0.537221 -0.00554973 1.55494 0.000367588
43.834 -0.436332 -0.537194 0.100862 9.82394 8.12598e-05 0.242664 -0.00208779 -0.537194 -0.00554892 1.55494 0.00036764
43.835 -0.436332 -0.537168 0.100836 9.82235 8.14429e-05 0.242608 -0.00208698 -0.537168 -0.0055481 1.55494 0.000367692
43.836 -0.436332 -0.537142 0.10081 9.82077 8.16247e-05 0.242552 -0.00208617 -0.537142 -0.00554729 1.55494 0.000367744
43.837 -0.436332 -0.537116 0.100784 9.8192 8.18051e-05 0.242496 -0.00208536 -0.537116 -0.00554648 1.55495 0.000367796
43.838 -0.436332 -0.537091 0.100758 9.81764 8.19841e-05 0.24244 -0.00208455 -0.537091 -0.00554568 1.55495 0.000367848
43.839 -0.436332 -0.537065 0.100733 9.81609 8.21616e-05 0.242385 -0.00208375 -0.537065 -0.00554487 1.55495 0.000367899
43.84 -0.436332 -0.537039 0.100707 9.81456 8.23378e-05 0.24233 -0.00208295 -0.537039 -0.00554407 1.55495 0.00036795
43.841 -0.436332 -0.537014 0.100681 9.81303 8.25126e-05 0.242275 -0.00208216 -0.537014 -0.00554328 1.55495 0.000368002
43.842 -0.436332 -0.536988 0.100656 9.81151 8.2686e-05 0.24222 -0.00208136 -0.536988 -0.00554248 1.55495 0.000368053
43.843 -0.436332 -0.536963 0.100631 9.81001 8.2858e-05 0.242165 -0.00208057 -0.536963 -0.00554169 1.55495 0.000368103
43.844 -0.436332 -0.536938 0.100605 9.80851 8.30286e-05 0.242111 -0.00207978 -0.536938 -0.0055409 1.55496 0.000368154
43.845 -0.436332 -0.536913 0.10058 9.80703 8.31979e-05 0.242057 -0.002079 -0.536913 -0.00554012 1.55496 0.000368205
43.846 -0.436332 -0.536888 0.100555 9.80555 8.33657e-05 0.242003 -0.00207822 -0.536888 -0.00553934 1.55496 0.000368255
43.847 -0.436332 -0.536863 0.10053 9.80409 8.35322e-05 0.241949 -0.00207744 -0.536863 -0.00553856 1.55496 0.000368305
43.848 -0.436332 -0.536838 0.100506 9.80263 8.36972e-05 0.241896 -0.00207666 -0.536838 -0.00553778 1.55496 0.000368355
43.849 -0.436332 -0.536813 0.100481 9.80119 8.38609e-05 0.241842 -0.00207589 -0.536813 -0.00553701 1.55496 0.000368405
43.85 -0.436332 -0.536789 0.100456 9.79976 8.40232e-05 0.241789 -0.00207512 -0.536789 -0.00553624 1.55496 0.000368455
43.851 -0.436332 -0.536764 0.100432 9.79833 8.41841e-05 0.241736 -0.00207435 -0.536764 -0.00553547 1.55497 0.000368505
43.852 -0.436332 -0.53674 0.100408 9.79692 8.43437e-05 0.241684 -0.00207359 -0.53674 -0.00553471 1.55497 0.000368554
43.853 -0.436332 -0.536716 0.100383 9.79552 8.45019e-05 0.241632 -0.00207283 -0.536716 -0.00553394 1.55497 0.000368603
43.854 -0.436332 -0.536691 0.100359 9.79413 8.46586e-05 0.241579 -0.00207207 -0.536691 -0.00553319 1.55497 0.000368652
43.855 -0.436332 -0.536667 0.100335 9.79274 8.4814e-05 0.241527 -0.00207131 -0.536667 -0.00553243 1.55497 0.000368701
43.856 -0.436332 -0.536643 0.100311 9.79137 8.49681e-05 0.241476 -0.00207056 -0.536643 -0.00553168 1.55497 0.00036875
43.857 -0.436332 -0.536619 0.100287 9.79001 8.51207e-05 0.241424 -0.00206981 -0.536619 -0.00553093 1.55497 0.000368799
43.858 -0.436332 -0.536596 0.100263 9.78866 8.5272e-05 0.241373 -0.00206907 -0.536596 -0.00553018 1.55497 0.000368847
43.859 -0.436332 -0.536572 0.10024 9.78732 8.54219e-05 0.241322 -0.00206832 -0.536572 -0.00552944 1.55498 0.000368896
43.86 -0.436332 -0.536548 0.100216 9.78599 8.55705e-05 0.241271 -0.00206758 -0.536548 -0.0055287 1.55498 0.000368944
43.861 -0.436332 -0.536525 0.100193 9.78467 8.57177e-05 0.24122 -0.00206685 -0.536525 -0.00552796 1.55498 0.000368992
43.862 -0.436332 -0.536502 0.100169 9.78336 8.58635e-05 0.24117 -0.00206611 -0.536502 -0.00552723 1.55498 0.00036904
43.863 -0.436332 -0.536478 0.100146 9.78206 8.60079e-05 0.24112 -0.00206538 -0.536478 -0.00552649 1.55498 0.000369087
43.864 -0.436332 -0.536455 0.100123 9.78077 8.6151e-05 0.24107 -0.00206465 -0.536455 -0.00552577 1.55498 0.000369135
43.865 -0.436332 -0.536432 0.1001 9.77949 8.62927e-05 0.24102 -0.00206393 -0.536432 -0.00552504 1.55498 0.000369182
43.866 -0.436332 -0.536409 0.100077 9.77822 8.64331e-05 0.24097 -0.00206321 -0.536409 -0.00552432 1.55499 0.000369229
43.867 -0.436332 -0.536386 0.100054 9.77696 8.65721e-05 0.240921 -0.00206249 -0.536386 -0.0055236 1.55499 0.000369276
43.868 -0.436332 -0.536364 0.100031 9.77571 8.67097e-05 0.240872 -0.00206177 -0.536364 -0.00552288 1.55499 0.000369323
43.869 -0.436332 -0.536341 0.100009 9.77447 8.6846e-05 0.240823 -0.00206106 -0.536341 -0.00552217 1.55499 0.00036937
43.87 -0.436332 -0.536319 0.0999862 9.77324 8.69809e-05 0.240774 -0.00206035 -0.536319 -0.00552146 1.55499 0.000369417
43.871 -0.436332 -0.536296 0.0999638 9.77202 8.71145e-05 0.240726 -0.00205964 -0.536296 -0.00552075 1.55499 0.000369463
43.872 -0.436332 -0.536274 0.0999414 9.77081 8.72467e-05 0.240678 -0.00205894 -0.536274 -0.00552004 1.55499 0.000369509
43.873 -0.436332 -0.536252 0.0999192 9.76961 8.73776e-05 0.24063 -0.00205823 -0.536252 -0.00551934 1.55499 0.000369555
43.874 -0.436332 -0.536229 0.0998971 9.76843 8.75071e-05 0.240582 -0.00205754 -0.536229 -0.00551864 1.55499 0.000369601
43.875 -0.436332 -0.536207 0.099875 9.76725 8.76353e-05 0.240534 -0.00205684 -0.536207 -0.00551795 1.555 0.000369647
43.876 -0.436332 -0.536185 0.0998531 9.76608 8.77621e-05 0.240487 -0.00205615 -0.536185 -0.00551726 1.555 0.000369692
43.877 -0.436332 -0.536164 0.0998313 9.76492 8.78876e-05 0.24044 -0.00205546 -0.536164 -0.00551657 1.555 0.000369738
43.878 -0.436332 -0.536142 0.0998096 9.76377 8.80117e-05 0.240393 -0.00205477 -0.536142 -0.00551588 1.555 0.000369783
43.879 -0.436332 -0.53612 0.099788 9.76263 8.81345e-05 0.240346 -0.00205409 -0.53612 -0.00551519 1.555 0.000369828
43.88 -0.436332 -0.536099 0.0997664 9.7615 8.8256e-05 0.2403 -0.00205341 -0.536099 -0.00551451 1.555 0.000369873
43.881 -0.436332 -0.536077 0.099745 9.76038 8.83761e-05 0.240253 -0.00205273 -0.536077 -0.00551384 1.555 0.000369918
43.882 -0.436332 -0.536056 0.0997237 9.75927 8.84949e-05 0.240207 -0.00205206 -0.536056 -0.00551316 1.555 0.000369963
43.883 -0.436332 -0.536035 0.0997025 9.75817 8.86124e-05 0.240161 -0.00205139 -0.536035 -0.00551249 1.55501 0.000370007
43.884 -0.436332 -0.536014 0.0996814 9.75709 8.87285e-05 0.240116 -0.00205072 -0.536014 -0.00551182 1.55501 0.000370051
43.885 -0.436332 -0.535993 0.0996604 9.75601 8.88433e-05 0.24007 -0.00205005 -0.535993 -0.00551115 1.55501 0.000370095
43.886 -0.436332 -0.535972 0.0996395 9.75494 8.89567e-05 0.240025 -0.00204939 -0.535972 -0.00551049 1.55501 0.000370139
43.887 -0.436332 -0.535951 0.0996187 9.75388 8.90689e-05 0.23998 -0.00204873 -0.535951 -0.00550983 1.55501 0.000370183
43.888 -0.436332 -0.53593 0.099598 9.75283 8.91797e-05 0.239935 -0.00204808 -0.53593 -0.00550918 1.55501 0.000370227
43.889 -0.436332 -0.53591 0.0995774 9.75179 8.92891e-05 0.239891 -0.00204742 -0.53591 -0.00550852 1.55501 0.00037027
43.89 -0.436332 -0.535889 0.0995569 9.75076 8.93973e-05 0.239847 -0.00204677 -0.535889 -0.00550787 1.55501 0.000370314
43.891 -0.436332 -0.535869 0.0995365 9.74974 8.95041e-05 0.239802 -0.00204613 -0.535869 -0.00550722 1.55501 0.000370357
43.892 -0.436332 -0.535849 0.0995162 9.74873 8.96097e-05 0.239759 -0.00204548 -0.535849 -0.00550658 1.55501 0.0003704
43.893 -0.436332 -0.535828 0.099496 9.74772 8.97139e-05 0.239715 -0.00204484 -0.535828 -0.00550594 1.55502 0.000370443
43.894 -0.436332 -0.535808 0.099476 9.74673 8.98168e-05 0.239671 -0.0020442 -0.535808 -0.0055053 1.55502 0.000370485
43.895 -0.436332 -0.535788 0.099456 9.74575 8.99183e-05 0.239628 -0.00204357 -0.535788 -0.00550466 1.55502 0.000370528
43.896 -0.436332 -0.535768 0.0994361 9.74478 9.00186e-05 0.239585 -0.00204294 -0.535768 -0.00550403 1.55502 0.00037057
43.897 -0.436332 -0.535749 0.0994163 9.74382 9.01176e-05 0.239542 -0.00204231 -0.535749 -0.0055034 1.55502 0.000370612
43.898 -0.436332 -0.535729 0.0993966 9.74287 9.02152e-05 0.2395 -0.00204168 -0.535729 -0.00550277 1.55502 0.000370654
43.899 -0.436332 -0.535709 0.0993771 9.74192 9.03115e-05 0.239457 -0.00204106 -0.535709 -0.00550215 1.55502 0.000370696
43.9 -0.436332 -0.53569 0.0993576 9.74099 9.04066e-05 0.239415 -0.00204044 -0.53569 -0.00550152 1.55502 0.000370738
43.901 -0.436332 -0.535671 0.0993382 9.74007 9.05003e-05 0.239373 -0.00203982 -0.535671 -0.00550091 1.55502 0.000370779
43.902 -0.436332 -0.535651 0.0993189 9.73915 9.05927e-05 0.239332 -0.00203921 -0.535651 -0.00550029 1.55502 0.000370821
43.903 -0.436332 -0.535632 0.0992998 9.73825 9.06839e-05 0.23929 -0.0020386 -0.535632 -0.00549968 1.55503 0.000370862
43.904 -0.436332 -0.535613 0.0992807 9.73736 9.07737e-05 0.239249 -0.00203799 -0.535613 -0.00549907 1.55503 0.000370903
43.905 -0.436332 -0.535594 0.0992617 9.73647 9.08623e-05 0.239208 -0.00203738 -0.535594 -0.00549846 1.55503 0.000370944
43.906 -0.436332 -0.535575 0.0992428 9.7356 9.09495e-05 0.239167 -0.00203678 -0.535575 -0.00549786 1.55503 0.000370984
43.907 -0.436332 -0.535556 0.0992241 9.73473 9.10355e-05 0.239126 -0.00203618 -0.535556 -0.00549726 1.55503 0.000371025
43.908 -0.436332 -0.535538 0.0992054 9.73387 9.11201e-05 0.239086 -0.00203558 -0.535538 -0.00549666 1.55503 0.000371065
43.909 -0.436332 -0.535519 0.0991868 9.73303 9.12035e-05 0.239046 -0.00203499 -0.535519 -0.00549607 1.55503 0.000371105
43.91 -0.436332 -0.535501 0.0991684 9.73219 9.12856e-05 0.239006 -0.0020344 -0.535501 -0.00549548 1.55503 0.000371145
43.911 -0.436332 -0.535482 0.09915 9.73136 9.13664e-05 0.238966 -0.00203381 -0.535482 -0.00549489 1.55503 0.000371185
43.912 -0.436332 -0.535464 0.0991318 9.73054 9.1446e-05 0.238926 -0.00203323 -0.535464 -0.0054943 1.55503 0.000371225
43.913 -0.436332 -0.535446 0.0991136 9.72974 9.15242e-05 0.238887 -0.00203265 -0.535446 -0.00549372 1.55504 0.000371265
43.914 -0.436332 -0.535428 0.0990955 9.72894 9.16012e-05 0.238848 -0.00203207 -0.535428 -0.00549314 1.55504 0.000371304
43.915 -0.436332 -0.53541 0.0990776 9.72815 9.16769e-05 0.238809 -0.0020315 -0.53541 -0.00549257 1.55504 0.000371343
43.916 -0.436332 -0.535392 0.0990597 9.72737 9.17514e-05 0.23877 -0.00203092 -0.535392 -0.00549199 1.55504 0.000371382
43.917 -0.436332 -0.535374 0.0990419 9.72659 9.18245e-05 0.238732 -0.00203035 -0.535374 -0.00549142 1.55504 0.000371421
43.918 -0.436332 -0.535357 0.0990243 9.72583 9.18964e-05 0.238693 -0.00202979 -0.535357 -0.00549085 1.55504 0.00037146
43.919 -0.436332 -0.535339 0.0990067 9.72508 9.19671e-05 0.238655 -0.00202922 -0.535339 -0.00549029 1.55504 0.000371498
43.92 -0.436332 -0.535322 0.0989893 9.72434 9.20364e-05 0.238617 -0.00202866 -0.535322 -0.00548973 1.55504 0.000371537
43.921 -0.436332 -0.535304 0.0989719 9.7236 9.21046e-05 0.23858 -0.00202811 -0.535304 -0.00548917 1.55504 0.000371575
43.922 -0.436332 -0.535287 0.0989547 9.72288 9.21714e-05 0.238542 -0.00202755 -0.535287 -0.00548861 1.55504 0.000371613
43.923 -0.436332 -0.53527 0.0989375 9.72216 9.2237e-05 0.238505 -0.002027 -0.53527 -0.00548806 1.55504 0.000371651
43.924 -0.436332 -0.535253 0.0989204 9.72146 9.23013e-05 0.238468 -0.00202645 -0.535253 -0.00548751 1.55504 0.000371689
43.925 -0.436332 -0.535236 0.0989035 9.72076 9.23644e-05 0.238431 -0.00202591 -0.535236 -0.00548696 1.55505 0.000371726
43.926 -0.436332 -0.535219 0.0988866 9.72007 9.24262e-05 0.238395 -0.00202536 -0.535219 -0.00548642 1.55505 0.000371764
43.927 -0.436332 -0.535202 0.0988699 9.7194 9.24868e-05 0.238358 -0.00202483 -0.535202 -0.00548588 1.55505 0.000371801
43.928 -0.436332 -0.535186 0.0988532 9.71873 9.25462e-05 0.238322 -0.00202429 -0.535186 -0.00548534 1.55505 0.000371838
43.929 -0.436332 -0.535169 0.0988366 9.71807 9.26042e-05 0.238286 -0.00202376 -0.535169 -0.00548481 1.55505 0.000371875
43.93 -0.436332 -0.535152 0.0988202 9.71742 9.26611e-05 0.23825 -0.00202322 -0.535152 -0.00548427 1.55505 0.000371912
43.931 -0.436332 -0.535136 0.0988038 9.71678 9.27167e-05 0.238215 -0.0020227 -0.535136 -0.00548374 1.55505 0.000371948
43.932 -0.436332 -0.53512 0.0987876 9.71614 9.27711e-05 0.23818 -0.00202217 -0.53512 -0.00548322 1.55505 0.000371985
43.933 -0.436332 -0.535104 0.0987714 9.71552 9.28242e-05 0.238145 -0.00202165 -0.535104 -0.00548269 1.55505 0.000372021
43.934 -0.436332 -0.535088 0.0987553 9.71491 9.28761e-05 0.23811 -0.00202113 -0.535088 -0.00548217 1.55505 0.000372057
43.935 -0.436332 -0.535072 0.0987394 9.7143 9.29268e-05 0.238075 -0.00202062 -0.535072 -0.00548166 1.55505 0.000372093
43.936 -0.436332 -0.535056 0.0987235 9.71371 9.29762e-05 0.23804 -0.0020201 -0.535056 -0.00548114 1.55505 0.000372129
43.937 -0.436332 -0.53504 0.0987077 9.71312 9.30245e-05 0.238006 -0.00201959 -0.53504 -0.00548063 1.55505 0.000372164
43.938 -0.436332 -0.535024 0.0986921 9.71254 9.30715e-05 0.237972 -0.00201909 -0.535024 -0.00548012 1.55506 0.0003722
43.939 -0.436332 -0.535009 0.0986765 9.71197 9.31172e-05 0.237938 -0.00201858 -0.535009 -0.00547962 1.55506 0.000372235
43.94 -0.436332 -0.534993 0.098661 9.71141 9.31618e-05 0.237905 -0.00201808 -0.534993 -0.00547911 1.55506 0.00037227
43.941 -0.436332 -0.534978 0.0986457 9.71086 9.32051e-05 0.237871 -0.00201758 -0.534978 -0.00547861 1.55506 0.000372305
43.942 -0.436332 -0.534963 0.0986304 9.71032 9.32472e-05 0.237838 -0.00201709 -0.534963 -0.00547812 1.55506 0.00037234
43.943 -0.436332 -0.534948 0.0986152 9.70979 9.32882e-05 0.237805 -0.0020166 -0.534948 -0.00547762 1.55506 0.000372375
43.944 -0.436332 -0.534932 0.0986001 9.70926 9.33279e-05 0.237772 -0.00201611 -0.534932 -0.00547713 1.55506 0.000372409
43.945 -0.436332 -0.534917 0.0985852 9.70875 9.33663e-05 0.23774 -0.00201562 -0.534917 -0.00547664 1.55506 0.000372443
43.946 -0.436332 -0.534903 0.0985703 9.70824 9.34036e-05 0.237707 -0.00201514 -0.534903 -0.00547616 1.55506 0.000372478
43.947 -0.436332 -0.534888 0.0985555 9.70774 9.34397e-05 0.237675 -0.00201466 -0.534888 -0.00547568 1.55506 0.000372512
43.948 -0.436332 -0.534873 0.0985408 9.70725 9.34746e-05 0.237643 -0.00201418 -0.534873 -0.0054752 1.55506 0.000372545
43.949 -0.436332 -0.534859 0.0985262 9.70677 9.35083e-05 0.237612 -0.00201371 -0.534859 -0.00547472 1.55506 0.000372579
43.95 -0.436332 -0.534844 0.0985118 9.7063 9.35408e-05 0.23758 -0.00201324 -0.534844 -0.00547425 1.55506 0.000372613
43.951 -0.436332 -0.53483 0.0984974 9.70584 9.35721e-05 0.237549 -0.00201277 -0.53483 -0.00547377 1.55506 0.000372646
43.952 -0.436332 -0.534815 0.0984831 9.70539 9.36022e-05 0.237518 -0.0020123 -0.534815 -0.00547331 1.55507 0.000372679
43.953 -0.436332 -0.534801 0.0984689 9.70494 9.36311e-05 0.237487 -0.00201184 -0.534801 -0.00547284 1.55507 0.000372712
43.954 -0.436332 -0.534787 0.0984548 9.70451 9.36589e-05 0.237456 -0.00201138 -0.534787 -0.00547238 1.55507 0.000372745
43.955 -0.436332 -0.534773 0.0984408 9.70408 9.36854e-05 0.237426 -0.00201092 -0.534773 -0.00547192 1.55507 0.000372778
43.956 -0.436332 -0.534759 0.0984269 9.70366 9.37108e-05 0.237395 -0.00201047 -0.534759 -0.00547146 1.55507 0.00037281
43.957 -0.436332 -0.534745 0.0984131 9.70325 9.3735e-05 0.237365 -0.00201002 -0.534745 -0.00547101 1.55507 0.000372842
43.958 -0.436332 -0.534732 0.0983994 9.70285 9.3758e-05 0.237335 -0.00200957 -0.534732 -0.00547056 1.55507 0.000372875
43.959 -0.436332 -0.534718 0.0983858 9.70246 9.37799e-05 0.237306 -0.00200912 -0.534718 -0.00547011 1.55507 0.000372907
43.96 -0.436332 -0.534705 0.0983722 9.70207 9.38006e-05 0.237276 -0.00200868 -0.534705 -0.00546967 1.55507 0.000372939
43.961 -0.436332 -0.534691 0.0983588 9.7017 9.38201e-05 0.237247 -0.00200824 -0.534691 -0.00546923 1.55507 0.00037297
43.962 -0.436332 -0.534678 0.0983455 9.70133 9.38384e-05 0.237218 -0.00200781 -0.534678 -0.00546879 1.55507 0.000373002
43.963 -0.436332 -0.534665 0.0983323 9.70097 9.38556e-05 0.237189 -0.00200737 -0.534665 -0.00546835 1.55507 0.000373033
43.964 -0.436332 -0.534651 0.0983191 9.70063 9.38716e-05 0.237161 -0.00200694 -0.534651 -0.00546792 1.55507 0.000373064
43.965 -0.436332 -0.534638 0.0983061 9.70028 9.38865e-05 0.237132 -0.00200651 -0.534638 -0.00546749 1.55507 0.000373095
43.966 -0.436332 -0.534625 0.0982932 9.69995 9.39002e-05 0.237104 -0.00200609 -0.534625 -0.00546706 1.55507 0.000373126
43.967 -0.436332 -0.534613 0.0982803 9.69963 9.39128e-05 0.237076 -0.00200567 -0.534613 -0.00546664 1.55507 0.000373157
43.968 -0.436332 -0.5346 0.0982676 9.69931 9.39242e-05 0.237048 -0.00200525 -0.5346 -0.00546621 1.55507 0.000373188
43.969 -0.436332 -0.534587 0.0982549 9.699 9.39344e-05 0.23702 -0.00200483 -0.534587 -0.0054658 1.55508 0.000373218
43.97 -0.436332 -0.534575 0.0982424 9.69871 9.39436e-05 0.236993 -0.00200442 -0.534575 -0.00546538 1.55508 0.000373248
43.971 -0.436332 -0.534562 0.0982299 9.69842 9.39515e-05 0.236966 -0.00200401 -0.534562 -0.00546497 1.55508 0.000373278
43.972 -0.436332 -0.53455 0.0982176 9.69813 9.39584e-05 0.236939 -0.0020036 -0.53455 -0.00546456 1.55508 0.000373308
43.973 -0.436332 -0.534538 0.0982053 9.69786 9.39641e-05 0.236912 -0.0020032 -0.534538 -0.00546415 1.55508 0.000373338
43.974 -0.436332 -0.534525 0.0981931 9.69759 9.39687e-05 0.236886 -0.00200279 -0.534525 -0.00546374 1.55508 0.000373368
43.975 -0.436332 -0.534513 0.0981811 9.69734 9.39721e-05 0.236859 -0.0020024 -0.534513 -0.00546334 1.55508 0.000373397
43.976 -0.436332 -0.534501 0.0981691 9.69709 9.39744e-05 0.236833 -0.002002 -0.534501 -0.00546294 1.55508 0.000373426
43.977 -0.436332 -0.534489 0.0981572 9.69685 9.39756e-05 0.236807 -0.00200161 -0.534489 -0.00546255 1.55508 0.000373456
43.978 -0.436332 -0.534478 0.0981454 9.69662 9.39757e-05 0.236781 -0.00200122 -0.534478 -0.00546215 1.55508 0.000373484
43.979 -0.436332 -0.534466 0.0981337 9.69639 9.39746e-05 0.236756 -0.00200083 -0.534466 -0.00546176 1.55508 0.000373513
43.98 -0.436332 -0.534454 0.0981221 9.69618 9.39724e-05 0.23673 -0.00200044 -0.534454 -0.00546138 1.55508 0.000373542
43.981 -0.436332 -0.534443 0.0981106 9.69597 9.39692e-05 0.236705 -0.00200006 -0.534443 -0.00546099 1.55508 0.00037357
43.982 -0.436332 -0.534431 0.0980992 9.69577 9.39648e-05 0.23668 -0.00199968 -0.534431 -0.00546061 1.55508 0.000373599
43.983 -0.436332 -0.53442 0.0980878 9.69558 9.39592e-05 0.236655 -0.00199931 -0.53442 -0.00546023 1.55508 0.000373627
43.984 -0.436332 -0.534409 0.0980766 9.6954 9.39526e-05 0.236631 -0.00199893 -0.534409 -0.00545985 1.55508 0.000373655
43.985 -0.436332 -0.534398 0.0980655 9.69522 9.39449e-05 0.236606 -0.00199856 -0.534398 -0.00545948 1.55508 0.000373683
43.986 -0.436332 -0.534387 0.0980544 9.69506 9.39361e-05 0.236582 -0.0019982 -0.534387 -0.00545911 1.55508 0.00037371
43.987 -0.436332 -0.534376 0.0980435 9.6949 9.39262e-05 0.236558 -0.00199783 -0.534376 -0.00545874 1.55508 0.000373738
43.988 -0.436332 -0.534365 0.0980327 9.69475 9.39152e-05 0.236535 -0.00199747 -0.534365 -0.00545838 1.55508 0.000373765
43.989 -0.436332 -0.534354 0.0980219 9.69461 9.39031e-05 0.236511 -0.00199711 -0.534354 -0.00545802 1.55508 0.000373793
43.99 -0.436332 -0.534344 0.0980112 9.69447 9.38899e-05 0.236488 -0.00199676 -0.534344 -0.00545766 1.55509 0.00037382
43.991 -0.436332 -0.534333 0.0980007 9.69434 9.38756e-05 0.236464 -0.0019964 -0.534333 -0.0054573 1.55509 0.000373846
43.992 -0.436332 -0.534322 0.0979902 9.69423 9.38602e-05 0.236441 -0.00199605 -0.534322 -0.00545695 1.55509 0.000373873
43.993 -0.436332 -0.534312 0.0979798 9.69412 9.38438e-05 0.236419 -0.0019957 -0.534312 -0.00545659 1.55509 0.0003739
43.994 -0.436332 -0.534302 0.0979695 9.69401 9.38263e-05 0.236396 -0.00199536 -0.534302 -0.00545625 1.55509 0.000373926
43.995 -0.436332 -0.534292 0.0979593 9.69392 9.38077e-05 0.236374 -0.00199502 -0.534292 -0.0054559 1.55509 0.000373952
43.996 -0.436332 -0.534281 0.0979492 9.69383 9.3788e-05 0.236352 -0.00199468 -0.534281 -0.00545556 1.55509 0.000373978
43.997 -0.436332 -0.534271 0.0979392 9.69375 9.37672e-05 0.23633 -0.00199434 -0.534271 -0.00545522 1.55509 0.000374004
43.998 -0.436332 -0.534262 0.0979292 9.69368 9.37454e-05 0.236308 -0.00199401 -0.534262 -0.00545488 1.55509 0.00037403
43.999 -0.436332 -0.534252 0.0979194 9.69362 9.37226e-05 0.236286 -0.00199368 -0.534252 -0.00545455 1.55509 0.000374056
44 -0.436332 -0.534242 0.0979097 9.69357 9.36986e-05 0.236265 -0.00199335 -0.534242 -0.00545421 1.55509 0.000374081
44.001 -0.436332 -0.534232 0.0979 9.69352 9.36736e-05 0.236244 -0.00199302 -0.534232 -0.00545389 1.55509 0.000374107
44.002 -0.436332 -0.534223 0.0978905 9.69348 9.36476e-05 0.236223 -0.0019927 -0.534223 -0.00545356 1.55509 0.000374132
44.003 -0.436332 -0.534213 0.097881 9.69345 9.36205e-05 0.236202 -0.00199238 -0.534213 -0.00545324 1.55509 0.000374157
44.004 -0.436332 -0.534204 0.0978716 9.69342 9.35923e-05 0.236181 -0.00199206 -0.534204 -0.00545292 1.55509 0.000374182
44.005 -0.436332 -0.534195 0.0978623 9.69341 9.35632e-05 0.236161 -0.00199175 -0.534195 -0.0054526 1.55509 0.000374206
44.006 -0.436332 -0.534185 0.0978532 9.6934 9.35329e-05 0.236141 -0.00199144 -0.534185 -0.00545228 1.55509 0.000374231
44.007 -0.436332 -0.534176 0.0978441 9.6934 9.35016e-05 0.23612 -0.00199113 -0.534176 -0.00545197 1.55509 0.000374255
44.008 -0.436332 -0.534167 0.097835 9.6934 9.34693e-05 0.236101 -0.00199082 -0.534167 -0.00545166 1.55509 0.000374279
44.009 -0.436332 -0.534158 0.0978261 9.69342 9.3436e-05 0.236081 -0.00199052 -0.534158 -0.00545135 1.55509 0.000374303
44.01 -0.436332 -0.53415 0.0978173 9.69344 9.34016e-05 0.236062 -0.00199022 -0.53415 -0.00545105 1.55509 0.000374327
44.011 -0.436332 -0.534141 0.0978086 9.69347 9.33662e-05 0.236042 -0.00198992 -0.534141 -0.00545075 1.55509 0.000374351
44.012 -0.436332 -0.534132 0.0977999 9.69351 9.33297e-05 0.236023 -0.00198963 -0.534132 -0.00545045 1.55509 0.000374375
44.013 -0.436332 -0.534124 0.0977913 9.69355 9.32923e-05 0.236004 -0.00198934 -0.534124 -0.00545015 1.55509 0.000374398
44.014 -0.436332 -0.534115 0.0977829 9.6936 9.32538e-05 0.235986 -0.00198905 -0.534115 -0.00544986 1.55509 0.000374421
44.015 -0.436332 -0.534107 0.0977745 9.69366 9.32143e-05 0.235967 -0.00198876 -0.534107 -0.00544957 1.55509 0.000374444
44.016 -0.436332 -0.534099 0.0977662 9.69373 9.31738e-05 0.235949 -0.00198848 -0.534099 -0.00544928 1.55509 0.000374467
44.017 -0.436332 -0.53409 0.097758 9.69381 9.31323e-05 0.235931 -0.00198819 -0.53409 -0.005449 1.55509 0.00037449
44.018 -0.436332 -0.534082 0.0977499 9.69389 9.30898e-05 0.235913 -0.00198792 -0.534082 -0.00544871 1.55509 0.000374513
44.019 -0.436332 -0.534074 0.0977419 9.69398 9.30462e-05 0.235895 -0.00198764 -0.534074 -0.00544843 1.55509 0.000374535
44.02 -0.436332 -0.534066 0.0977339 9.69407 9.30017e-05 0.235878 -0.00198737 -0.534066 -0.00544816 1.55509 0.000374558
44.021 -0.436332 -0.534058 0.0977261 9.69418 9.29562e-05 0.23586 -0.0019871 -0.534058 -0.00544788 1.55509 0.00037458
44.022 -0.436332 -0.534051 0.0977184 9.69429 9.29096e-05 0.235843 -0.00198683 -0.534051 -0.00544761 1.55509 0.000374602
44.023 -0.436332 -0.534043 0.0977107 9.69441 9.28621e-05 0.235826 -0.00198656 -0.534043 -0.00544734 1.5551 0.000374624
44.024 -0.436332 -0.534035 0.0977031 9.69454 9.28136e-05 0.235809 -0.0019863 -0.534035 -0.00544707 1.5551 0.000374645
44.025 -0.436332 -0.534028 0.0976956 9.69467 9.27641e-05 0.235793 -0.00198604 -0.534028 -0.00544681 1.5551 0.000374667
44.026 -0.436332 -0.534021 0.0976882 9.69481 9.27136e-05 0.235776 -0.00198579 -0.534021 -0.00544655 1.5551 0.000374688
44.027 -0.436332 -0.534013 0.0976809 9.69496 9.26622e-05 0.23576 -0.00198553 -0.534013 -0.00544629 1.5551 0.00037471
44.028 -0.436332 -0.534006 0.0976737 9.69511 9.26097e-05 0.235744 -0.00198528 -0.534006 -0.00544603 1.5551 0.000374731
44.029 -0.436332 -0.533999 0.0976665 9.69528 9.25563e-05 0.235728 -0.00198503 -0.533999 -0.00544578 1.5551 0.000374752
44.03 -0.436332 -0.533992 0.0976595 9.69545 9.25019e-05 0.235713 -0.00198479 -0.533992 -0.00544553 1.5551 0.000374773
44.031 -0.436332 -0.533985 0.0976525 9.69562 9.24466e-05 0.235697 -0.00198454 -0.533985 -0.00544528 1.5551 0.000374793
44.032 -0.436332 -0.533978 0.0976457 9.69581 9.23903e-05 0.235682 -0.0019843 -0.533978 -0.00544504 1.5551 0.000374814
44.033 -0.436332 -0.533971 0.0976389 9.696 9.2333e-05 0.235667 -0.00198406 -0.533971 -0.0054448 1.5551 0.000374834
44.034 -0.436332 -0.533964 0.0976322 9.6962 9.22748e-05 0.235652 -0.00198383 -0.533964 -0.00544456 1.5551 0.000374854
44.035 -0.436332 -0.533958 0.0976255 9.6964 9.22156e-05 0.235637 -0.00198359 -0.533958 -0.00544432 1.5551 0.000374874
44.036 -0.436332 -0.533951 0.097619 9.69662 9.21554e-05 0.235623 -0.00198336 -0.533951 -0.00544408 1.5551 0.000374894
44.037 -0.436332 -0.533945 0.0976126 9.69684 9.20944e-05 0.235608 -0.00198314 -0.533945 -0.00544385 1.5551 0.000374914
44.038 -0.436332 -0.533939 0.0976062 9.69706 9.20323e-05 0.235594 -0.00198291 -0.533939 -0.00544362 1.5551 0.000374934
44.039 -0.436332 -0.533932 0.0976 9.6973 9.19693e-05 0.23558 -0.00198269 -0.533932 -0.0054434 1.5551 0.000374953
44.04 -0.436332 -0.533926 0.0975938 9.69754 9.19054e-05 0.235566 -0.00198247 -0.533926 -0.00544317 1.5551 0.000374972
44.041 -0.436332 -0.53392 0.0975877 9.69778 9.18406e-05 0.235553 -0.00198225 -0.53392 -0.00544295 1.5551 0.000374991
44.042 -0.436332 -0.533914 0.0975817 9.69804 9.17748e-05 0.235539 -0.00198204 -0.533914 -0.00544273 1.5551 0.00037501
44.043 -0.436332 -0.533908 0.0975757 9.6983 9.1708e-05 0.235526 -0.00198183 -0.533908 -0.00544251 1.5551 0.000375029
44.044 -0.436332 -0.533902 0.0975699 9.69857 9.16404e-05 0.235513 -0.00198162 -0.533902 -0.0054423 1.5551 0.000375048
44.045 -0.436332 -0.533896 0.0975641 9.69884 9.15718e-05 0.2355 -0.00198141 -0.533896 -0.00544209 1.5551 0.000375066
44.046 -0.436332 -0.533891 0.0975585 9.69913 9.15023e-05 0.235487 -0.00198121 -0.533891 -0.00544188 1.5551 0.000375085
44.047 -0.436332 -0.533885 0.0975529 9.69941 9.14319e-05 0.235475 -0.00198101 -0.533885 -0.00544167 1.5551 0.000375103
44.048 -0.436332 -0.53388 0.0975474 9.69971 9.13606e-05 0.235463 -0.00198081 -0.53388 -0.00544147 1.5551 0.000375121
44.049 -0.436332 -0.533874 0.0975419 9.70001 9.12884e-05 0.23545 -0.00198061 -0.533874 -0.00544127 1.5551 0.000375139
44.05 -0.436332 -0.533869 0.0975366 9.70032 9.12152e-05 0.235438 -0.00198042 -0.533869 -0.00544107 1.5551 0.000375157
44.051 -0.436332 -0.533864 0.0975314 9.70064 9.11412e-05 0.235427 -0.00198023 -0.533864 -0.00544088 1.5551 0.000375175
44.052 -0.436332 -0.533859 0.0975262 9.70096 9.10662e-05 0.235415 -0.00198004 -0.533859 -0.00544068 1.5551 0.000375192
44.053 -0.436332 -0.533853 0.0975211 9.70129 9.09904e-05 0.235404 -0.00197985 -0.533853 -0.00544049 1.5551 0.000375209
44.054 -0.436332 -0.533848 0.0975161 9.70163 9.09136e-05 0.235392 -0.00197967 -0.533848 -0.0054403 1.5551 0.000375227
44.055 -0.436332 -0.533844 0.0975112 9.70197 9.0836e-05 0.235381 -0.00197949 -0.533844 -0.00544012 1.5551 0.000375244
44.056 -0.436332 -0.533839 0.0975064 9.70232 9.07575e-05 0.23537 -0.00197931 -0.533839 -0.00543993 1.5551 0.000375261
44.057 -0.436332 -0.533834 0.0975016 9.70267 9.06781e-05 0.23536 -0.00197914 -0.533834 -0.00543975 1.5551 0.000375277
44.058 -0.436332 -0.533829 0.097497 9.70304 9.05978e-05 0.235349 -0.00197896 -0.533829 -0.00543958 1.5551 0.000375294
44.059 -0.436332 -0.533825 0.0974924 9.70341 9.05166e-05 0.235339 -0.00197879 -0.533825 -0.0054394 1.5551 0.00037531
44.06 -0.436332 -0.53382 0.0974879 9.70378 9.04346e-05 0.235328 -0.00197862 -0.53382 -0.00543923 1.5551 0.000375327
44.061 -0.436332 -0.533816 0.0974835 9.70416 9.03516e-05 0.235318 -0.00197846 -0.533816 -0.00543906 1.5551 0.000375343
44.062 -0.436332 -0.533811 0.0974791 9.70455 9.02678e-05 0.235309 -0.0019783 -0.533811 -0.00543889 1.5551 0.000375359
44.063 -0.436332 -0.533807 0.0974749 9.70495 9.01832e-05 0.235299 -0.00197814 -0.533807 -0.00543872 1.5551 0.000375375
44.064 -0.436332 -0.533803 0.0974707 9.70535 9.00977e-05 0.235289 -0.00197798 -0.533803 -0.00543856 1.5551 0.00037539
44.065 -0.436332 -0.533799 0.0974666 9.70576 9.00113e-05 0.23528 -0.00197782 -0.533799 -0.0054384 1.5551 0.000375406
44.066 -0.436332 -0.533795 0.0974626 9.70617 8.99241e-05 0.235271 -0.00197767 -0.533795 -0.00543824 1.5551 0.000375422
44.067 -0.436332 -0.533791 0.0974587 9.70659 8.9836e-05 0.235262 -0.00197752 -0.533791 -0.00543808 1.5551 0.000375437
44.068 -0.436332 -0.533787 0.0974548 9.70702 8.9747e-05 0.235253 -0.00197737 -0.533787 -0.00543793 1.5551 0.000375452
44.069 -0.436332 -0.533783 0.0974511 9.70745 8.96573e-05 0.235245 -0.00197723 -0.533783 -0.00543778 1.5551 0.000375467
44.07 -0.436332 -0.53378 0.0974474 9.70789 8.95666e-05 0.235236 -0.00197708 -0.53378 -0.00543763 1.5551 0.000375482
44.071 -0.436332 -0.533776 0.0974438 9.70834 8.94752e-05 0.235228 -0.00197694 -0.533776 -0.00543749 1.5551 0.000375497
44.072 -0.436332 -0.533773 0.0974402 9.70879 8.93829e-05 0.23522 -0.00197681 -0.533773 -0.00543734 1.5551 0.000375511
44.073 -0.436332 -0.533769 0.0974368 9.70925 8.92897e-05 0.235212 -0.00197667 -0.533769 -0.0054372 1.5551 0.000375526
44.074 -0.436332 -0.533766 0.0974334 9.70971 8.91958e-05 0.235204 -0.00197654 -0.533766 -0.00543706 1.5551 0.00037554
44.075 -0.436332 -0.533762 0.0974302 9.71018 8.9101e-05 0.235196 -0.00197641 -0.533762 -0.00543693 1.5551 0.000375554
44.076 -0.436332 -0.533759 0.0974269 9.71066 8.90053e-05 0.235189 -0.00197628 -0.533759 -0.0054368 1.5551 0.000375568
44.077 -0.436332 -0.533756 0.0974238 9.71114 8.89089e-05 0.235182 -0.00197615 -0.533756 -0.00543666 1.5551 0.000375582
44.078 -0.436332 -0.533753 0.0974208 9.71163 8.88117e-05 0.235175 -0.00197603 -0.533753 -0.00543654 1.5551 0.000375596
44.079 -0.436332 -0.53375 0.0974178 9.71213 8.87136e-05 0.235168 -0.00197591 -0.53375 -0.00543641 1.5551 0.000375609
44.08 -0.436332 -0.533747 0.0974149 9.71263 8.86147e-05 0.235161 -0.00197579 -0.533747 -0.00543629 1.5551 0.000375623
44.081 -0.436332 -0.533744 0.0974121 9.71314 8.8515e-05 0.235154 -0.00197568 -0.533744 -0.00543616 1.5551 0.000375636
44.082 -0.436332 -0.533742 0.0974094 9.71365 8.84145e-05 0.235148 -0.00197556 -0.533742 -0.00543605 1.5551 0.000375649
44.083 -0.436332 -0.533739 0.0974067 9.71417 8.83133e-05 0.235142 -0.00197545 -0.533739 -0.00543593 1.5551 0.000375662
44.084 -0.436332 -0.533736 0.0974042 9.7147 8.82112e-05 0.235136 -0.00197534 -0.533736 -0.00543581 1.5551 0.000375675
44.085 -0.436332 -0.533734 0.0974017 9.71523 8.81083e-05 0.23513 -0.00197524 -0.533734 -0.0054357 1.5551 0.000375688
44.086 -0.436332 -0.533732 0.0973993 9.71577 8.80046e-05 0.235124 -0.00197513 -0.533732 -0.00543559 1.5551 0.0003757
44.087 -0.436332 -0.533729 0.0973969 9.71631 8.79002e-05 0.235119 -0.00197503 -0.533729 -0.00543549 1.5551 0.000375713
44.088 -0.436332 -0.533727 0.0973947 9.71686 8.77949e-05 0.235113 -0.00197493 -0.533727 -0.00543538 1.5551 0.000375725
44.089 -0.436332 -0.533725 0.0973925 9.71741 8.76889e-05 0.235108 -0.00197484 -0.533725 -0.00543528 1.5551 0.000375737
44.09 -0.436332 -0.533723 0.0973904 9.71798 8.75821e-05 0.235103 -0.00197474 -0.533723 -0.00543518 1.5551 0.000375749
44.091 -0.436332 -0.533721 0.0973883 9.71854 8.74745e-05 0.235098 -0.00197465 -0.533721 -0.00543508 1.5551 0.000375761
44.092 -0.436332 -0.533719 0.0973864 9.71912 8.73662e-05 0.235093 -0.00197456 -0.533719 -0.00543499 1.5551 0.000375773
44.093 -0.436332 -0.533717 0.0973845 9.71969 8.72571e-05 0.235089 -0.00197447 -0.533717 -0.00543489 1.5551 0.000375784
44.094 -0.436332 -0.533715 0.0973827 9.72028 8.71472e-05 0.235084 -0.00197439 -0.533715 -0.0054348 1.5551 0.000375796
44.095 -0.436332 -0.533713 0.097381 9.72087 8.70366e-05 0.23508 -0.00197431 -0.533713 -0.00543472 1.5551 0.000375807
44.096 -0.436332 -0.533712 0.0973793 9.72147 8.69252e-05 0.235076 -0.00197423 -0.533712 -0.00543463 1.5551 0.000375819
44.097 -0.436332 -0.53371 0.0973778 9.72207 8.68131e-05 0.235072 -0.00197415 -0.53371 -0.00543455 1.5551 0.00037583
44.098 -0.436332 -0.533709 0.0973763 9.72267 8.67002e-05 0.235068 -0.00197407 -0.533709 -0.00543446 1.5551 0.000375841
44.099 -0.436332 -0.533707 0.0973749 9.72329 8.65865e-05 0.235064 -0.001974 -0.533707 -0.00543439 1.5551 0.000375851
44.1 -0.436332 -0.533706 0.0973735 9.72391 8.64721e-05 0.235061 -0.00197393 -0.533706 -0.00543431 1.5551 0.000375862
44.101 -0.436332 -0.533705 0.0973722 9.72453 8.6357e-05 0.235058 -0.00197386 -0.533705 -0.00543423 1.5551 0.000375872
44.102 -0.436332 -0.533703 0.0973711 9.72516 8.62412e-05 0.235055 -0.0019738 -0.533703 -0.00543416 1.55509 0.000375883
44.103 -0.436332 -0.533702 0.0973699 9.7258 8.61246e-05 0.235052 -0.00197373 -0.533702 -0.00543409 1.55509 0.000375893
44.104 -0.436332 -0.533701 0.0973689 9.72644 8.60072e-05 0.235049 -0.00197367 -0.533701 -0.00543403 1.55509 0.000375903
44.105 -0.436332 -0.5337 0.0973679 9.72708 8.58892e-05 0.235046 -0.00197361 -0.5337 -0.00543396 1.55509 0.000375913
44.106 -0.436332 -0.533699 0.097367 9.72774 8.57704e-05 0.235044 -0.00197356 -0.533699 -0.0054339 1.55509 0.000375923
44.107 -0.436332 -0.533699 0.0973662 9.72839 8.56509e-05 0.235041 -0.0019735 -0.533699 -0.00543384 1.55509 0.000375933
44.108 -0.436332 -0.533698 0.0973654 9.72906 8.55307e-05 0.235039 -0.00197345 -0.533698 -0.00543378 1.55509 0.000375942
44.109 -0.436332 -0.533697 0.0973648 9.72973 8.54098e-05 0.235037 -0.0019734 -0.533697 -0.00543372 1.55509 0.000375952
44.11 -0.436332 -0.533696 0.0973642 9.7304 8.52882e-05 0.235035 -0.00197335 -0.533696 -0.00543367 1.55509 0.000375961
44.111 -0.436332 -0.533696 0.0973636 9.73108 8.51658e-05 0.235034 -0.00197331 -0.533696 -0.00543362 1.55509 0.00037597
44.112 -0.436332 -0.533695 0.0973632 9.73176 8.50428e-05 0.235032 -0.00197326 -0.533695 -0.00543357 1.55509 0.000375979
44.113 -0.436332 -0.533695 0.0973628 9.73245 8.4919e-05 0.235031 -0.00197322 -0.533695 -0.00543352 1.55509 0.000375988
44.114 -0.436332 -0.533695 0.0973625 9.73315 8.47946e-05 0.23503 -0.00197318 -0.533695 -0.00543348 1.55509 0.000375997
44.115 -0.436332 -0.533695 0.0973623 9.73385 8.46695e-05 0.235028 -0.00197315 -0.533695 -0.00543344 1.55509 0.000376006
44.116 -0.436332 -0.533694 0.0973621 9.73455 8.45436e-05 0.235028 -0.00197311 -0.533694 -0.00543339 1.55509 0.000376014
44.117 -0.436332 -0.533694 0.097362 9.73527 8.44171e-05 0.235027 -0.00197308 -0.533694 -0.00543336 1.55509 0.000376022
44.118 -0.436332 -0.533694 0.097362 9.73598 8.42899e-05 0.235026 -0.00197305 -0.533694 -0.00543332 1.55509 0.000376031
44.119 -0.436332 -0.533694 0.097362 9.7367 8.41621e-05 0.235026 -0.00197303 -0.533694 -0.00543329 1.55509 0.000376039
44.12 -0.436332 -0.533694 0.0973621 9.73743 8.40335e-05 0.235025 -0.001973 -0.533694 -0.00543326 1.55509 0.000376047
44.121 -0.436332 -0.533695 0.0973623 9.73816 8.39043e-05 0.235025 -0.00197298 -0.533695 -0.00543323 1.55509 0.000376055
44.122 -0.436332 -0.533695 0.0973626 9.7389 8.37744e-05 0.235025 -0.00197296 -0.533695 -0.0054332 1.55509 0.000376062
44.123 -0.436332 -0.533695 0.0973629 9.73964 8.36439e-05 0.235025 -0.00197294 -0.533695 -0.00543317 1.55509 0.00037607
44.124 -0.436332 -0.533696 0.0973633 9.74039 8.35127e-05 0.235026 -0.00197292 -0.533696 -0.00543315 1.55509 0.000376077
44.125 -0.436332 -0.533696 0.0973638 9.74114 8.33808e-05 0.235026 -0.00197291 -0.533696 -0.00543313 1.55509 0.000376085
44.126 -0.436332 -0.533697 0.0973644 9.7419 8.32482e-05 0.235027 -0.0019729 -0.533697 -0.00543311 1.55509 0.000376092
44.127 -0.436332 -0.533697 0.097365 9.74266 8.31151e-05 0.235027 -0.00197289 -0.533697 -0.0054331 1.55509 0.000376099
44.128 -0.436332 -0.533698 0.0973657 9.74343 8.29812e-05 0.235028 -0.00197288 -0.533698 -0.00543308 1.55509 0.000376106
44.129 -0.436332 -0.533699 0.0973664 9.7442 8.28467e-05 0.235029 -0.00197287 -0.533699 -0.00543307 1.55509 0.000376113
44.13 -0.436332 -0.5337 0.0973673 9.74498 8.27116e-05 0.235031 -0.00197287 -0.5337 -0.00543306 1.55509 0.000376119
44.131 -0.436332 -0.5337 0.0973681 9.74576 8.25759e-05 0.235032 -0.00197287 -0.5337 -0.00543305 1.55509 0.000376126
44.132 -0.436332 -0.533701 0.0973691 9.74655 8.24395e-05 0.235034 -0.00197287 -0.533701 -0.00543305 1.55509 0.000376132
44.133 -0.436332 -0.533702 0.0973701 9.74734 8.23024e-05 0.235035 -0.00197287 -0.533702 -0.00543305 1.55509 0.000376139
44.134 -0.436332 -0.533704 0.0973712 9.74814 8.21648e-05 0.235037 -0.00197288 -0.533704 -0.00543304 1.55509 0.000376145
44.135 -0.436332 -0.533705 0.0973724 9.74894 8.20265e-05 0.235039 -0.00197289 -0.533705 -0.00543305 1.55509 0.000376151
44.136 -0.436332 -0.533706 0.0973737 9.74975 8.18876e-05 0.235041 -0.0019729 -0.533706 -0.00543305 1.55509 0.000376157
44.137 -0.436332 -0.533707 0.097375 9.75056 8.17481e-05 0.235043 -0.00197291 -0.533707 -0.00543305 1.55509 0.000376163
44.138 -0.436332 -0.533709 0.0973763 9.75137 8.16079e-05 0.235046 -0.00197292 -0.533709 -0.00543306 1.55508 0.000376168
44.139 -0.436332 -0.53371 0.0973778 9.7522 8.14672e-05 0.235048 -0.00197294 -0.53371 -0.00543307 1.55508 0.000376174
44.14 -0.436332 -0.533712 0.0973793 9.75302 8.13258e-05 0.235051 -0.00197295 -0.533712 -0.00543308 1.55508 0.000376179
44.141 -0.436332 -0.533713 0.0973809 9.75385 8.11839e-05 0.235054 -0.00197297 -0.533713 -0.0054331 1.55508 0.000376184
44.142 -0.436332 -0.533715 0.0973825 9.75469 8.10413e-05 0.235057 -0.001973 -0.533715 -0.00543311 1.55508 0.00037619
44.143 -0.436332 -0.533717 0.0973842 9.75553 8.08981e-05 0.23506 -0.00197302 -0.533717 -0.00543313 1.55508 0.000376195
44.144 -0.436332 -0.533718 0.097386 9.75637 8.07544e-05 0.235063 -0.00197305 -0.533718 -0.00543315 1.55508 0.0003762
44.145 -0.436332 -0.53372 0.0973878 9.75722 8.061e-05 0.235066 -0.00197308 -0.53372 -0.00543317 1.55508 0.000376204
44.146 -0.436332 -0.533722 0.0973897 9.75808 8.04651e-05 0.23507 -0.00197311 -0.533722 -0.00543319 1.55508 0.000376209
44.147 -0.436332 -0.533724 0.0973917 9.75893 8.03196e-05 0.235073 -0.00197314 -0.533724 -0.00543322 1.55508 0.000376214
44.148 -0.436332 -0.533726 0.0973938 9.7598 8.01734e-05 0.235077 -0.00197317 -0.533726 -0.00543325 1.55508 0.000376218
44.149 -0.436332 -0.533728 0.0973959 9.76066 8.00268e-05 0.235081 -0.00197321 -0.533728 -0.00543328 1.55508 0.000376222
44.15 -0.436332 -0.53373 0.097398 9.76154 7.98795e-05 0.235085 -0.00197325 -0.53373 -0.00543331 1.55508 0.000376226
44.151 -0.436332 -0.533733 0.0974003 9.76241 7.97317e-05 0.23509 -0.00197329 -0.533733 -0.00543334 1.55508 0.00037623
44.152 -0.436332 -0.533735 0.0974026 9.76329 7.95833e-05 0.235094 -0.00197333 -0.533735 -0.00543338 1.55508 0.000376234
44.153 -0.436332 -0.533737 0.097405 9.76418 7.94343e-05 0.235098 -0.00197338 -0.533737 -0.00543342 1.55508 0.000376238
44.154 -0.436332 -0.53374 0.0974074 9.76507 7.92848e-05 0.235103 -0.00197342 -0.53374 -0.00543346 1.55508 0.000376242
44.155 -0.436332 -0.533742 0.0974099 9.76596 7.91347e-05 0.235108 -0.00197347 -0.533742 -0.0054335 1.55508 0.000376245
44.156 -0.436332 -0.533745 0.0974124 9.76686 7.89841e-05 0.235113 -0.00197352 -0.533745 -0.00543355 1.55508 0.000376249
44.157 -0.436332 -0.533747 0.0974151 9.76776 7.88329e-05 0.235118 -0.00197358 -0.533747 -0.00543359 1.55508 0.000376252
44.158 -0.436332 -0.53375 0.0974178 9.76867 7.86811e-05 0.235123 -0.00197363 -0.53375 -0.00543364 1.55508 0.000376255
44.159 -0.436332 -0.533753 0.0974205 9.76958 7.85289e-05 0.235128 -0.00197369 -0.533753 -0.00543369 1.55508 0.000376259
44.16 -0.436332 -0.533756 0.0974233 9.7705 7.8376e-05 0.235134 -0.00197375 -0.533756 -0.00543374 1.55508 0.000376262
44.161 -0.436332 -0.533759 0.0974262 9.77142 7.82227e-05 0.23514 -0.00197381 -0.533759 -0.0054338 1.55508 0.000376264
44.162 -0.436332 -0.533761 0.0974292 9.77234 7.80688e-05 0.235145 -0.00197387 -0.533761 -0.00543385 1.55508 0.000376267
44.163 -0.436332 -0.533764 0.0974322 9.77327 7.79144e-05 0.235151 -0.00197393 -0.533764 -0.00543391 1.55507 0.00037627
44.164 -0.436332 -0.533768 0.0974352 9.77421 7.77594e-05 0.235157 -0.001974 -0.533768 -0.00543397 1.55507 0.000376272
44.165 -0.436332 -0.533771 0.0974384 9.77514 7.76039e-05 0.235163 -0.00197407 -0.533771 -0.00543403 1.55507 0.000376275
44.166 -0.436332 -0.533774 0.0974416 9.77608 7.74479e-05 0.23517 -0.00197414 -0.533774 -0.0054341 1.55507 0.000376277
44.167 -0.436332 -0.533777 0.0974448 9.77703 7.72914e-05 0.235176 -0.00197421 -0.533777 -0.00543416 1.55507 0.000376279
44.168 -0.436332 -0.53378 0.0974481 9.77798 7.71344e-05 0.235183 -0.00197429 -0.53378 -0.00543423 1.55507 0.000376281
44.169 -0.436332 -0.533784 0.0974515 9.77893 7.69769e-05 0.235189 -0.00197436 -0.533784 -0.0054343 1.55507 0.000376283
44.17 -0.436332 -0.533787 0.0974549 9.77989 7.68188e-05 0.235196 -0.00197444 -0.533787 -0.00543437 1.55507 0.000376285
44.171 -0.436332 -0.533791 0.0974584 9.78085 7.66603e-05 0.235203 -0.00197452 -0.533791 -0.00543444 1.55507 0.000376286
44.172 -0.436332 -0.533794 0.097462 9.78182 7.65012e-05 0.23521 -0.0019746 -0.533794 -0.00543452 1.55507 0.000376288
44.173 -0.436332 -0.533798 0.0974656 9.78279 7.63417e-05 0.235217 -0.00197469 -0.533798 -0.0054346 1.55507 0.000376289
44.174 -0.436332 -0.533802 0.0974693 9.78376 7.61816e-05 0.235225 -0.00197477 -0.533802 -0.00543468 1.55507 0.000376291
44.175 -0.436332 -0.533805 0.0974731 9.78474 7.60211e-05 0.235232 -0.00197486 -0.533805 -0.00543476 1.55507 0.000376292
44.176 -0.436332 -0.533809 0.0974769 9.78572 7.586e-05 0.23524 -0.00197495 -0.533809 -0.00543484 1.55507 0.000376293
44.177 -0.436332 -0.533813 0.0974807 9.78671 7.56985e-05 0.235247 -0.00197504 -0.533813 -0.00543492 1.55507 0.000376294
44.178 -0.436332 -0.533817 0.0974846 9.78769 7.55366e-05 0.235255 -0.00197514 -0.533817 -0.00543501 1.55507 0.000376295
44.179 -0.436332 -0.533821 0.0974886 9.78869 7.53741e-05 0.235263 -0.00197523 -0.533821 -0.0054351 1.55507 0.000376296
44.18 -0.436332 -0.533825 0.0974927 9.78968 7.52111e-05 0.235271 -0.00197533 -0.533825 -0.00543519 1.55507 0.000376296
44.181 -0.436332 -0.533829 0.0974968 9.79069 7.50477e-05 0.23528 -0.00197543 -0.533829 -0.00543528 1.55507 0.000376297
44.182 -0.436332 -0.533833 0.0975009 9.79169 7.48839e-05 0.235288 -0.00197553 -0.533833 -0.00543538 1.55507 0.000376297
44.183 -0.436332 -0.533837 0.0975051 9.7927 7.47195e-05 0.235296 -0.00197563 -0.533837 -0.00543547 1.55506 0.000376298
44.184 -0.436332 -0.533842 0.0975094 9.79371 7.45547e-05 0.235305 -0.00197573 -0.533842 -0.00543557 1.55506 0.000376298
44.185 -0.436332 -0.533846 0.0975138 9.79473 7.43894e-05 0.235314 -0.00197584 -0.533846 -0.00543567 1.55506 0.000376298
44.186 -0.436332 -0.53385 0.0975182 9.79575 7.42237e-05 0.235323 -0.00197595 -0.53385 -0.00543577 1.55506 0.000376298
44.187 -0.436332 -0.533855 0.0975226 9.79677 7.40576e-05 0.235332 -0.00197606 -0.533855 -0.00543587 1.55506 0.000376298
44.188 -0.436332 -0.533859 0.0975271 9.7978 7.38909e-05 0.235341 -0.00197617 -0.533859 -0.00543598 1.55506 0.000376297
44.189 -0.436332 -0.533864 0.0975317 9.79883 7.37239e-05 0.23535 -0.00197628 -0.533864 -0.00543608 1.55506 0.000376297
44.19 -0.436332 -0.533869 0.0975363 9.79986 7.35564e-05 0.235359 -0.0019764 -0.533869 -0.00543619 1.55506 0.000376297
44.191 -0.436332 -0.533873 0.097541 9.8009 7.33884e-05 0.235369 -0.00197652 -0.533873 -0.0054363 1.55506 0.000376296
44.192 -0.436332 -0.533878 0.0975457 9.80194 7.32201e-05 0.235378 -0.00197663 -0.533878 -0.00543642 1.55506 0.000376295
44.193 -0.436332 -0.533883 0.0975505 9.80299 7.30513e-05 0.235388 -0.00197675 -0.533883 -0.00543653 1.55506 0.000376294
44.194 -0.436332 -0.533888 0.0975554 9.80404 7.2882e-05 0.235398 -0.00197688 -0.533888 -0.00543664 1.55506 0.000376294
44.195 -0.436332 -0.533893 0.0975603 9.80509 7.27124e-05 0.235408 -0.001977 -0.533893 -0.00543676 1.55506 0.000376293
44.196 -0.436332 -0.533898 0.0975652 9.80614 7.25423e-05 0.235418 -0.00197713 -0.533898 -0.00543688 1.55506 0.000376291
44.197 -0.436332 -0.533903 0.0975702 9.8072 7.23718e-05 0.235428 -0.00197725 -0.533903 -0.005437 1.55506 0.00037629
44.198 -0.436332 -0.533908 0.0975753 9.80826 7.22009e-05 0.235438 -0.00197738 -0.533908 -0.00543712 1.55506 0.000376289
44.199 -0.436332 -0.533913 0.0975804 9.80933 7.20296e-05 0.235449 -0.00197751 -0.533913 -0.00543725 1.55506 0.000376287
44.2 -0.436332 -0.533918 0.0975856 9.8104 7.18578e-05 0.235459 -0.00197765 -0.533918 -0.00543738 1.55506 0.000376286
44.201 -0.436332 -0.533923 0.0975909 9.81147 7.16857e-05 0.23547 -0.00197778 -0.533923 -0.0054375 1.55505 0.000376284
44.202 -0.436332 -0.533928 0.0975962 9.81255 7.15131e-05 0.235481 -0.00197792 -0.533928 -0.00543763 1.55505 0.000376282
44.203 -0.436332 -0.533934 0.0976015 9.81363 7.13402e-05 0.235492 -0.00197806 -0.533934 -0.00543776 1.55505 0.000376281
44.204 -0.436332 -0.533939 0.0976069 9.81471 7.11669e-05 0.235503 -0.0019782 -0.533939 -0.0054379 1.55505 0.000376279
44.205 -0.436332 -0.533945 0.0976124 9.8158 7.09931e-05 0.235514 -0.00197834 -0.533945 -0.00543803 1.55505 0.000376277
44.206 -0.436332 -0.53395 0.0976179 9.81689 7.0819e-05 0.235525 -0.00197848 -0.53395 -0.00543817 1.55505 0.000376274
44.207 -0.436332 -0.533956 0.0976234 9.81798 7.06445e-05 0.235537 -0.00197862 -0.533956 -0.00543831 1.55505 0.000376272
44.208 -0.436332 -0.533961 0.0976291 9.81908 7.04696e-05 0.235548 -0.00197877 -0.533961 -0.00543845 1.55505 0.00037627
44.209 -0.436332 -0.533967 0.0976347 9.82017 7.02944e-05 0.23556 -0.00197892 -0.533967 -0.00543859 1.55505 0.000376267
44.21 -0.436332 -0.533973 0.0976405 9.82128 7.01187e-05 0.235571 -0.00197907 -0.533973 -0.00543873 1.55505 0.000376265
44.211 -0.436332 -0.533979 0.0976462 9.82238 6.99427e-05 0.235583 -0.00197922 -0.533979 -0.00543887 1.55505 0.000376262
44.212 -0.436332 -0.533984 0.0976521 9.82349 6.97664e-05 0.235595 -0.00197937 -0.533984 -0.00543902 1.55505 0.000376259
44.213 -0.436332 -0.53399 0.0976579 9.8246 6.95896e-05 0.235607 -0.00197953 -0.53399 -0.00543917 1.55505 0.000376256
44.214 -0.436332 -0.533996 0.0976639 9.82572 6.94125e-05 0.235619 -0.00197968 -0.533996 -0.00543932 1.55505 0.000376253
44.215 -0.436332 -0.534002 0.0976699 9.82684 6.9235e-05 0.235632 -0.00197984 -0.534002 -0.00543947 1.55505 0.00037625
44.216 -0.436332 -0.534008 0.0976759 9.82796 6.90572e-05 0.235644 -0.00198 -0.534008 -0.00543962 1.55505 0.000376247
44.217 -0.436332 -0.534014 0.097682 9.82908 6.8879e-05 0.235657 -0.00198016 -0.534014 -0.00543978 1.55505 0.000376243
44.218 -0.436332 -0.53402 0.0976881 9.83021 6.87005e-05 0.235669 -0.00198033 -0.53402 -0.00543993 1.55504 0.00037624
44.219 -0.436332 -0.534027 0.0976943 9.83134 6.85216e-05 0.235682 -0.00198049 -0.534027 -0.00544009 1.55504 0.000376237
44.22 -0.436332 -0.534033 0.0977006 9.83247 6.83424e-05 0.235695 -0.00198066 -0.534033 -0.00544025 1.55504 0.000376233
44.221 -0.436332 -0.534039 0.0977068 9.83361 6.81628e-05 0.235708 -0.00198082 -0.534039 -0.00544041 1.55504 0.000376229
44.222 -0.436332 -0.534046 0.0977132 9.83475 6.79829e-05 0.235721 -0.00198099 -0.534046 -0.00544058 1.55504 0.000376225
44.223 -0.436332 -0.534052 0.0977196 9.83589 6.78027e-05 0.235734 -0.00198116 -0.534052 -0.00544074 1.55504 0.000376221
44.224 -0.436332 -0.534058 0.097726 9.83703 6.76221e-05 0.235747 -0.00198134 -0.534058 -0.00544091 1.55504 0.000376217
44.225 -0.436332 -0.534065 0.0977325 9.83818 6.74412e-05 0.235761 -0.00198151 -0.534065 -0.00544107 1.55504 0.000376213
44.226 -0.436332 -0.534071 0.0977391 9.83933 6.726e-05 0.235774 -0.00198169 -0.534071 -0.00544124 1.55504 0.000376209
44.227 -0.436332 -0.534078 0.0977457 9.84048 6.70785e-05 0.235788 -0.00198186 -0.534078 -0.00544141 1.55504 0.000376205
44.228 -0.436332 -0.534085 0.0977523 9.84164 6.68966e-05 0.235801 -0.00198204 -0.534085 -0.00544158 1.55504 0.0003762
44.229 -0.436332 -0.534091 0.097759 9.8428 6.67144e-05 0.235815 -0.00198222 -0.534091 -0.00544176 1.55504 0.000376196
44.23 -0.436332 -0.534098 0.0977657 9.84396 6.65319e-05 0.235829 -0.0019824 -0.534098 -0.00544193 1.55504 0.000376191
44.231 -0.436332 -0.534105 0.0977725 9.84512 6.63491e-05 0.235843 -0.00198259 -0.534105 -0.00544211 1.55504 0.000376187
44.232 -0.436332 -0.534112 0.0977793 9.84629 6.6166e-05 0.235857 -0.00198277 -0.534112 -0.00544229 1.55504 0.000376182
44.233 -0.436332 -0.534119 0.0977862 9.84746 6.59826e-05 0.235871 -0.00198296 -0.534119 -0.00544247 1.55503 0.000376177
44.234 -0.436332 -0.534125 0.0977932 9.84863 6.57989e-05 0.235886 -0.00198314 -0.534125 -0.00544265 1.55503 0.000376172
44.235 -0.436332 -0.534132 0.0978001 9.84981 6.56149e-05 0.2359 -0.00198333 -0.534132 -0.00544283 1.55503 0.000376167
44.236 -0.436332 -0.534139 0.0978072 9.85099 6.54306e-05 0.235915 -0.00198352 -0.534139 -0.00544302 1.55503 0.000376162
44.237 -0.436332 -0.534147 0.0978142 9.85217 6.5246e-05 0.235929 -0.00198372 -0.534147 -0.0054432 1.55503 0.000376156
44.238 -0.436332 -0.534154 0.0978214 9.85335 6.50612e-05 0.235944 -0.00198391 -0.534154 -0.00544339 1.55503 0.000376151
44.239 -0.436332 -0.534161 0.0978285 9.85454 6.4876e-05 0.235959 -0.00198411 -0.534161 -0.00544358 1.55503 0.000376146
44.24 -0.436332 -0.534168 0.0978357 9.85572 6.46906e-05 0.235974 -0.0019843 -0.534168 -0.00544377 1.55503 0.00037614
44.241 -0.436332 -0.534175 0.097843 9.85692 6.45049e-05 0.235989 -0.0019845 -0.534175 -0.00544396 1.55503 0.000376134
44.242 -0.436332 -0.534183 0.0978503 9.85811 6.43189e-05 0.236004 -0.0019847 -0.534183 -0.00544415 1.55503 0.000376129
44.243 -0.436332 -0.53419 0.0978577 9.8593 6.41326e-05 0.236019 -0.0019849 -0.53419 -0.00544435 1.55503 0.000376123
44.244 -0.436332 -0.534197 0.0978651 9.8605 6.39461e-05 0.236034 -0.0019851 -0.534197 -0.00544454 1.55503 0.000376117
44.245 -0.436332 -0.534205 0.0978725 9.8617 6.37593e-05 0.23605 -0.00198531 -0.534205 -0.00544474 1.55503 0.000376111
44.246 -0.436332 -0.534212 0.09788 9.86291 6.35722e-05 0.236065 -0.00198551 -0.534212 -0.00544494 1.55503 0.000376105
44.247 -0.436332 -0.53422 0.0978875 9.86411 6.33849e-05 0.236081 -0.00198572 -0.53422 -0.00544514 1.55503 0.000376099
44.248 -0.436332 -0.534227 0.0978951 9.86532 6.31973e-05 0.236097 -0.00198593 -0.534227 -0.00544534 1.55502 0.000376092
44.249 -0.436332 -0.534235 0.0979027 9.86653 6.30095e-05 0.236113 -0.00198614 -0.534235 -0.00544555 1.55502 0.000376086
44.25 -0.436332 -0.534243 0.0979104 9.86774 6.28214e-05 0.236128 -0.00198635 -0.534243 -0.00544575 1.55502 0.000376079
44.251 -0.436332 -0.53425 0.0979181 9.86896 6.26331e-05 0.236144 -0.00198656 -0.53425 -0.00544596 1.55502 0.000376073
44.252 -0.436332 -0.534258 0.0979259 9.87017 6.24445e-05 0.236161 -0.00198678 -0.534258 -0.00544616 1.55502 0.000376066
44.253 -0.436332 -0.534266 0.0979337 9.87139 6.22557e-05 0.236177 -0.00198699 -0.534266 -0.00544637 1.55502 0.000376059
44.254 -0.436332 -0.534274 0.0979415 9.87262 6.20666e-05 0.236193 -0.00198721 -0.534274 -0.00544658 1.55502 0.000376053
44.255 -0.436332 -0.534282 0.0979494 9.87384 6.18773e-05 0.236209 -0.00198742 -0.534282 -0.0054468 1.55502 0.000376046
44.256 -0.436332 -0.53429 0.0979574 9.87507 6.16878e-05 0.236226 -0.00198764 -0.53429 -0.00544701 1.55502 0.000376039
44.257 -0.436332 -0.534298 0.0979653 9.87629 6.14981e-05 0.236242 -0.00198786 -0.534298 -0.00544722 1.55502 0.000376032
44.258 -0.436332 -0.534306 0.0979734 9.87753 6.13081e-05 0.236259 -0.00198809 -0.534306 -0.00544744 1.55502 0.000376024
44.259 -0.436332 -0.534314 0.0979814 9.87876 6.11179e-05 0.236276 -0.00198831 -0.534314 -0.00544766 1.55502 0.000376017
44.26 -0.436332 -0.534322 0.0979895 9.87999 6.09275e-05 0.236293 -0.00198854 -0.534322 -0.00544788 1.55502 0.00037601
44.261 -0.436332 -0.53433 0.0979977 9.88123 6.07369e-05 0.23631 -0.00198876 -0.53433 -0.0054481 1.55501 0.000376002
44.262 -0.436332 -0.534338 0.0980059 9.88247 6.0546e-05 0.236327 -0.00198899 -0.534338 -0.00544832 1.55501 0.000375995
44.263 -0.436332 -0.534346 0.0980141 9.88371 6.03549e-05 0.236344 -0.00198922 -0.534346 -0.00544854 1.55501 0.000375987
44.264 -0.436332 -0.534355 0.0980224 9.88495 6.01637e-05 0.236361 -0.00198945 -0.534355 -0.00544876 1.55501 0.000375979
44.265 -0.436332 -0.534363 0.0980307 9.8862 5.99722e-05 0.236378 -0.00198968 -0.534363 -0.00544899 1.55501 0.000375972
44.266 -0.436332 -0.534371 0.098039 9.88745 5.97805e-05 0.236396 -0.00198991 -0.534371 -0.00544922 1.55501 0.000375964
44.267 -0.436332 -0.53438 0.0980474 9.8887 5.95886e-05 0.236413 -0.00199015 -0.53438 -0.00544944 1.55501 0.000375956
44.268 -0.436332 -0.534388 0.0980559 9.88995 5.93966e-05 0.236431 -0.00199038 -0.534388 -0.00544967 1.55501 0.000375948
44.269 -0.436332 -0.534397 0.0980643 9.8912 5.92043e-05 0.236448 -0.00199062 -0.534397 -0.0054499 1.55501 0.00037594
44.27 -0.436332 -0.534405 0.0980729 9.89246 5.90119e-05 0.236466 -0.00199086 -0.534405 -0.00545013 1.55501 0.000375932
44.271 -0.436332 -0.534414 0.0980814 9.89371 5.88192e-05 0.236484 -0.00199109 -0.534414 -0.00545037 1.55501 0.000375923
44.272 -0.436332 -0.534422 0.09809 9.89497 5.86264e-05 0.236502 -0.00199133 -0.534422 -0.0054506 1.55501 0.000375915
44.273 -0.436332 -0.534431 0.0980986 9.89623 5.84334e-05 0.23652 -0.00199158 -0.534431 -0.00545084 1.55501 0.000375906
44.274 -0.436332 -0.53444 0.0981073 9.8975 5.82402e-05 0.236538 -0.00199182 -0.53444 -0.00545108 1.55501 0.000375898
44.275 -0.436332 -0.534448 0.098116 9.89876 5.80468e-05 0.236556 -0.00199206 -0.534448 -0.00545131 1.555 0.000375889
44.276 -0.436332 -0.534457 0.0981248 9.90003 5.78533e-05 0.236574 -0.00199231 -0.534457 -0.00545155 1.555 0.000375881
44.277 -0.436332 -0.534466 0.0981336 9.9013 5.76596e-05 0.236593 -0.00199256 -0.534466 -0.00545179 1.555 0.000375872
44.278 -0.436332 -0.534475 0.0981424 9.90257 5.74657e-05 0.236611 -0.0019928 -0.534475 -0.00545204 1.555 0.000375863
44.279 -0.436332 -0.534484 0.0981513 9.90384 5.72716e-05 0.23663 -0.00199305 -0.534484 -0.00545228 1.555 0.000375854
44.28 -0.436332 -0.534493 0.0981602 9.90511 5.70774e-05 0.236648 -0.0019933 -0.534493 -0.00545252 1.555 0.000375845
44.281 -0.436332 -0.534501 0.0981691 9.90639 5.68831e-05 0.236667 -0.00199355 -0.534501 -0.00545277 1.555 0.000375836
44.282 -0.436332 -0.53451 0.0981781 9.90767 5.66886e-05 0.236686 -0.00199381 -0.53451 -0.00545302 1.555 0.000375827
44.283 -0.436332 -0.534519 0.0981872 9.90895 5.64939e-05 0.236704 -0.00199406 -0.534519 -0.00545326 1.555 0.000375817
44.284 -0.436332 -0.534529 0.0981962 9.91023 5.62991e-05 0.236723 -0.00199432 -0.534529 -0.00545351 1.555 0.000375808
44.285 -0.436332 -0.534538 0.0982053 9.91151 5.61041e-05 0.236742 -0.00199457 -0.534538 -0.00545376 1.555 0.000375799
44.286 -0.436332 -0.534547 0.0982144 9.91279 5.5909e-05 0.236761 -0.00199483 -0.534547 -0.00545402 1.555 0.000375789
44.287 -0.436332 -0.534556 0.0982236 9.91408 5.57138e-05 0.236781 -0.00199509 -0.534556 -0.00545427 1.55499 0.00037578
44.288 -0.436332 -0.534565 0.0982328 9.91536 5.55184e-05 0.2368 -0.00199535 -0.534565 -0.00545452 1.55499 0.00037577
44.289 -0.436332 -0.534574 0.0982421 9.91665 5.53228e-05 0.236819 -0.00199561 -0.534574 -0.00545478 1.55499 0.00037576
44.29 -0.436332 -0.534584 0.0982514 9.91794 5.51272e-05 0.236838 -0.00199587 -0.534584 -0.00545503 1.55499 0.00037575
44.291 -0.436332 -0.534593 0.0982607 9.91923 5.49314e-05 0.236858 -0.00199613 -0.534593 -0.00545529 1.55499 0.00037574
44.292 -0.436332 -0.534602 0.09827 9.92053 5.47355e-05 0.236878 -0.0019964 -0.534602 -0.00545555 1.55499 0.000375731
44.293 -0.436332 -0.534612 0.0982794 9.92182 5.45394e-05 0.236897 -0.00199666 -0.534612 -0.00545581 1.55499 0.000375721
44.294 -0.436332 -0.534621 0.0982888 9.92312 5.43433e-05 0.236917 -0.00199693 -0.534621 -0.00545607 1.55499 0.00037571
44.295 -0.436332 -0.534631 0.0982983 9.92442 5.4147e-05 0.236937 -0.0019972 -0.534631 -0.00545633 1.55499 0.0003757
44.296 -0.436332 -0.53464 0.0983078 9.92572 5.39506e-05 0.236956 -0.00199747 -0.53464 -0.0054566 1.55499 0.00037569
44.297 -0.436332 -0.53465 0.0983173 9.92702 5.37541e-05 0.236976 -0.00199774 -0.53465 -0.00545686 1.55499 0.00037568
44.298 -0.436332 -0.534659 0.0983269 9.92832 5.35575e-05 0.236996 -0.00199801 -0.534659 -0.00545713 1.55499 0.000375669
44.299 -0.436332 -0.534669 0.0983365 9.92962 5.33607e-05 0.237016 -0.00199828 -0.534669 -0.00545739 1.55499 0.000375659
44.3 -0.436332 -0.534678 0.0983461 9.93093 5.31639e-05 0.237037 -0.00199855 -0.534678 -0.00545766 1.55498 0.000375648
44.301 -0.436332 -0.534688 0.0983558 9.93223 5.2967e-05 0.237057 -0.00199883 -0.534688 -0.00545793 1.55498 0.000375638
44.302 -0.436332 -0.534698 0.0983655 9.93354 5.27699e-05 0.237077 -0.0019991 -0.534698 -0.0054582 1.55498 0.000375627
44.303 -0.436332 -0.534708 0.0983752 9.93485 5.25728e-05 0.237097 -0.00199938 -0.534708 -0.00545847 1.55498 0.000375616
44.304 -0.436332 -0.534717 0.098385 9.93616 5.23756e-05 0.237118 -0.00199966 -0.534717 -0.00545874 1.55498 0.000375605
44.305 -0.436332 -0.534727 0.0983948 9.93747 5.21782e-05 0.237138 -0.00199994 -0.534727 -0.00545902 1.55498 0.000375594
44.306 -0.436332 -0.534737 0.0984046 9.93878 5.19808e-05 0.237159 -0.00200022 -0.534737 -0.00545929 1.55498 0.000375583
44.307 -0.436332 -0.534747 0.0984145 9.9401 5.17833e-05 0.23718 -0.0020005 -0.534747 -0.00545957 1.55498 0.000375572
44.308 -0.436332 -0.534757 0.0984244 9.94141 5.15858e-05 0.2372 -0.00200078 -0.534757 -0.00545984 1.55498 0.000375561
44.309 -0.436332 -0.534767 0.0984343 9.94273 5.13881e-05 0.237221 -0.00200106 -0.534767 -0.00546012 1.55498 0.00037555
44.31 -0.436332 -0.534777 0.0984443 9.94404 5.11904e-05 0.237242 -0.00200134 -0.534777 -0.0054604 1.55498 0.000375539
44.311 -0.436332 -0.534787 0.0984542 9.94536 5.09925e-05 0.237263 -0.00200163 -0.534787 -0.00546068 1.55498 0.000375527
44.312 -0.436332 -0.534797 0.0984643 9.94668 5.07947e-05 0.237284 -0.00200192 -0.534797 -0.00546096 1.55497 0.000375516
44.313 -0.436332 -0.534807 0.0984743 9.948 5.05967e-05 0.237305 -0.0020022 -0.534807 -0.00546124 1.55497 0.000375504
44.314 -0.436332 -0.534817 0.0984844 9.94932 5.03987e-05 0.237326 -0.00200249 -0.534817 -0.00546152 1.55497 0.000375493
44.315 -0.436332 -0.534827 0.0984945 9.95065 5.02006e-05 0.237347 -0.00200278 -0.534827 -0.00546181 1.55497 0.000375481
44.316 -0.436332 -0.534837 0.0985047 9.95197 5.00025e-05 0.237369 -0.00200307 -0.534837 -0.00546209 1.55497 0.00037547
44.317 -0.436332 -0.534847 0.0985149 9.9533 4.98042e-05 0.23739 -0.00200336 -0.534847 -0.00546238 1.55497 0.000375458
44.318 -0.436332 -0.534857 0.0985251 9.95462 4.9606e-05 0.237411 -0.00200365 -0.534857 -0.00546267 1.55497 0.000375446
44.319 -0.436332 -0.534868 0.0985353 9.95595 4.94077e-05 0.237433 -0.00200394 -0.534868 -0.00546295 1.55497 0.000375434
44.32 -0.436332 -0.534878 0.0985456 9.95728 4.92093e-05 0.237454 -0.00200424 -0.534878 -0.00546324 1.55497 0.000375422
44.321 -0.436332 -0.534888 0.0985559 9.95861 4.90109e-05 0.237476 -0.00200453 -0.534888 -0.00546353 1.55497 0.00037541
44.322 -0.436332 -0.534899 0.0985662 9.95994 4.88124e-05 0.237498 -0.00200483 -0.534899 -0.00546382 1.55497 0.000375398
44.323 -0.436332 -0.534909 0.0985766 9.96127 4.86139e-05 0.237519 -0.00200513 -0.534909 -0.00546411 1.55497 0.000375386
44.324 -0.436332 -0.534919 0.098587 9.9626 4.84154e-05 0.237541 -0.00200542 -0.534919 -0.00546441 1.55496 0.000375374
44.325 -0.436332 -0.53493 0.0985974 9.96393 4.82168e-05 0.237563 -0.00200572 -0.53493 -0.0054647 1.55496 0.000375361
44.326 -0.436332 -0.53494 0.0986078 9.96526 4.80181e-05 0.237585 -0.00200602 -0.53494 -0.005465 1.55496 0.000375349
44.327 -0.436332 -0.534951 0.0986183 9.9666 4.78195e-05 0.237607 -0.00200632 -0.534951 -0.00546529 1.55496 0.000375337
44.328 -0.436332 -0.534961 0.0986288 9.96793 4.76208e-05 0.237629 -0.00200662 -0.534961 -0.00546559 1.55496 0.000375324
44.329 -0.436332 -0.534972 0.0986394 9.96927 4.74221e-05 0.237651 -0.00200692 -0.534972 -0.00546588 1.55496 0.000375312
44.33 -0.436332 -0.534982 0.0986499 9.97061 4.72233e-05 0.237673 -0.00200723 -0.534982 -0.00546618 1.55496 0.000375299
44.331 -0.436332 -0.534993 0.0986605 9.97195 4.70246e-05 0.237696 -0.00200753 -0.534993 -0.00546648 1.55496 0.000375286
44.332 -0.436332 -0.535003 0.0986711 9.97328 4.68258e-05 0.237718 -0.00200784 -0.535003 -0.00546678 1.55496 0.000375274
44.333 -0.436332 -0.535014 0.0986818 9.97462 4.6627e-05 0.23774 -0.00200814 -0.535014 -0.00546708 1.55496 0.000375261
44.334 -0.436332 -0.535025 0.0986924 9.97596 4.64282e-05 0.237763 -0.00200845 -0.535025 -0.00546738 1.55496 0.000375248
44.335 -0.436332 -0.535035 0.0987031 9.9773 4.62293e-05 0.237785 -0.00200876 -0.535035 -0.00546769 1.55495 0.000375235
44.336 -0.436332 -0.535046 0.0987139 9.97865 4.60305e-05 0.237808 -0.00200906 -0.535046 -0.00546799 1.55495 0.000375222
44.337 -0.436332 -0.535057 0.0987246 9.97999 4.58317e-05 0.23783 -0.00200937 -0.535057 -0.0054683 1.55495 0.000375209
44.338 -0.436332 -0.535068 0.0987354 9.98133 4.56328e-05 0.237853 -0.00200968 -0.535068 -0.0054686 1.55495 0.000375196
44.339 -0.436332 -0.535079 0.0987462 9.98267 4.54339e-05 0.237875 -0.00200999 -0.535079 -0.00546891 1.55495 0.000375183
44.34 -0.436332 -0.535089 0.098757 9.98402 4.52351e-05 0.237898 -0.00201031 -0.535089 -0.00546922 1.55495 0.000375169
44.341 -0.436332 -0.5351 0.0987679 9.98536 4.50362e-05 0.237921 -0.00201062 -0.5351 -0.00546952 1.55495 0.000375156
44.342 -0.436332 -0.535111 0.0987788 9.98671 4.48374e-05 0.237944 -0.00201093 -0.535111 -0.00546983 1.55495 0.000375143
44.343 -0.436332 -0.535122 0.0987897 9.98805 4.46385e-05 0.237967 -0.00201125 -0.535122 -0.00547014 1.55495 0.000375129
44.344 -0.436332 -0.535133 0.0988006 9.9894 4.44397e-05 0.23799 -0.00201156 -0.535133 -0.00547045 1.55495 0.000375116
44.345 -0.436332 -0.535144 0.0988116 9.99075 4.42409e-05 0.238013 -0.00201188 -0.535144 -0.00547076 1.55495 0.000375102
44.346 -0.436332 -0.535155 0.0988226 9.9921 4.40421e-05 0.238036 -0.00201219 -0.535155 -0.00547108 1.55495 0.000375089
44.347 -0.436332 -0.535166 0.0988336 9.99344 4.38433e-05 0.238059 -0.00201251 -0.535166 -0.00547139 1.55494 0.000375075
44.348 -0.436332 -0.535177 0.0988446 9.99479 4.36445e-05 0.238082 -0.00201283 -0.535177 -0.0054717 1.55494 0.000375062
44.349 -0.436332 -0.535188 0.0988557 9.99614 4.34458e-05 0.238105 -0.00201315 -0.535188 -0.00547202 1.55494 0.000375048
44.35 -0.436332 -0.535199 0.0988667 9.99749 4.3247e-05 0.238129 -0.00201347 -0.535199 -0.00547233 1.55494 0.000375034
44.351 -0.436332 -0.53521 0.0988779 9.99884 4.30483e-05 0.238152 -0.00201379 -0.53521 -0.00547265 1.55494 0.00037502
44.352 -0.436332 -0.535221 0.098889 10.0002 4.28497e-05 0.238176 -0.00201411 -0.535221 -0.00547297 1.55494 0.000375006
44.353 -0.436332 -0.535232 0.0989001 10.0015 4.2651e-05 0.238199 -0.00201443 -0.535232 -0.00547328 1.55494 0.000374992
44.354 -0.436332 -0.535244 0.0989113 10.0029 4.24524e-05 0.238222 -0.00201475 -0.535244 -0.0054736 1.55494 0.000374978
44.355 -0.436332 -0.535255 0.0989225 10.0042 4.22538e-05 0.238246 -0.00201508 -0.535255 -0.00547392 1.55494 0.000374964
44.356 -0.436332 -0.535266 0.0989337 10.0056 4.20553e-05 0.23827 -0.0020154 -0.535266 -0.00547424 1.55494 0.00037495
44.357 -0.436332 -0.535277 0.098945 10.0069 4.18568e-05 0.238293 -0.00201573 -0.535277 -0.00547456 1.55494 0.000374936
44.358 -0.436332 -0.535289 0.0989562 10.0083 4.16584e-05 0.238317 -0.00201605 -0.535289 -0.00547489 1.55493 0.000374922
44.359 -0.436332 -0.5353 0.0989675 10.0097 4.146e-05 0.238341 -0.00201638 -0.5353 -0.00547521 1.55493 0.000374907
44.36 -0.436332 -0.535311 0.0989788 10.011 4.12616e-05 0.238365 -0.00201671 -0.535311 -0.00547553 1.55493 0.000374893
44.361 -0.436332 -0.535322 0.0989902 10.0124 4.10633e-05 0.238388 -0.00201704 -0.535322 -0.00547586 1.55493 0.000374878
44.362 -0.436332 -0.535334 0.0990015 10.0137 4.0865e-05 0.238412 -0.00201736 -0.535334 -0.00547618 1.55493 0.000374864
44.363 -0.436332 -0.535345 0.0990129 10.0151 4.06668e-05 0.238436 -0.00201769 -0.535345 -0.00547651 1.55493 0.000374849
44.364 -0.436332 -0.535357 0.0990243 10.0164 4.04687e-05 0.23846 -0.00201802 -0.535357 -0.00547683 1.55493 0.000374835
44.365 -0.436332 -0.535368 0.0990357 10.0178 4.02706e-05 0.238484 -0.00201835 -0.535368 -0.00547716 1.55493 0.00037482
44.366 -0.436332 -0.535379 0.0990472 10.0191 4.00726e-05 0.238508 -0.00201869 -0.535379 -0.00547749 1.55493 0.000374806
44.367 -0.436332 -0.535391 0.0990586 10.0205 3.98746e-05 0.238533 -0.00201902 -0.535391 -0.00547782 1.55493 0.000374791
44.368 -0.436332 -0.535402 0.0990701 10.0218 3.96768e-05 0.238557 -0.00201935 -0.535402 -0.00547814 1.55493 0.000374776
44.369 -0.436332 -0.535414 0.0990816 10.0232 3.94789e-05 0.238581 -0.00201968 -0.535414 -0.00547847 1.55492 0.000374761
44.37 -0.436332 -0.535425 0.0990931 10.0246 3.92812e-05 0.238605 -0.00202002 -0.535425 -0.00547881 1.55492 0.000374746
44.371 -0.436332 -0.535437 0.0991047 10.0259 3.90835e-05 0.238629 -0.00202035 -0.535437 -0.00547914 1.55492 0.000374731
44.372 -0.436332 -0.535449 0.0991163 10.0273 3.88859e-05 0.238654 -0.00202069 -0.535449 -0.00547947 1.55492 0.000374716
44.373 -0.436332 -0.53546 0.0991278 10.0286 3.86884e-05 0.238678 -0.00202103 -0.53546 -0.0054798 1.55492 0.000374701
44.374 -0.436332 -0.535472 0.0991394 10.03 3.84909e-05 0.238703 -0.00202136 -0.535472 -0.00548013 1.55492 0.000374686
44.375 -0.436332 -0.535483 0.0991511 10.0313 3.82936e-05 0.238727 -0.0020217 -0.535483 -0.00548047 1.55492 0.000374671
44.376 -0.436332 -0.535495 0.0991627 10.0327 3.80963e-05 0.238752 -0.00202204 -0.535495 -0.0054808 1.55492 0.000374656
44.377 -0.436332 -0.535507 0.0991744 10.034 3.78991e-05 0.238776 -0.00202238 -0.535507 -0.00548114 1.55492 0.000374641
44.378 -0.436332 -0.535518 0.099186 10.0354 3.7702e-05 0.238801 -0.00202272 -0.535518 -0.00548147 1.55492 0.000374626
44.379 -0.436332 -0.53553 0.0991977 10.0368 3.7505e-05 0.238826 -0.00202306 -0.53553 -0.00548181 1.55492 0.00037461
44.38 -0.436332 -0.535542 0.0992095 10.0381 3.7308e-05 0.23885 -0.0020234 -0.535542 -0.00548215 1.55491 0.000374595
44.381 -0.436332 -0.535554 0.0992212 10.0395 3.71112e-05 0.238875 -0.00202374 -0.535554 -0.00548248 1.55491 0.000374579
44.382 -0.436332 -0.535565 0.0992329 10.0408 3.69145e-05 0.2389 -0.00202408 -0.535565 -0.00548282 1.55491 0.000374564
44.383 -0.436332 -0.535577 0.0992447 10.0422 3.67178e-05 0.238924 -0.00202442 -0.535577 -0.00548316 1.55491 0.000374548
44.384 -0.436332 -0.535589 0.0992565 10.0435 3.65213e-05 0.238949 -0.00202476 -0.535589 -0.0054835 1.55491 0.000374533
44.385 -0.436332 -0.535601 0.0992683 10.0449 3.63249e-05 0.238974 -0.00202511 -0.535601 -0.00548384 1.55491 0.000374517
44.386 -0.436332 -0.535612 0.0992801 10.0462 3.61286e-05 0.238999 -0.00202545 -0.535612 -0.00548418 1.55491 0.000374502
44.387 -0.436332 -0.535624 0.099292 10.0476 3.59324e-05 0.239024 -0.0020258 -0.535624 -0.00548452 1.55491 0.000374486
44.388 -0.436332 -0.535636 0.0993038 10.049 3.57362e-05 0.239049 -0.00202614 -0.535636 -0.00548487 1.55491 0.00037447
44.389 -0.436332 -0.535648 0.0993157 10.0503 3.55403e-05 0.239074 -0.00202649 -0.535648 -0.00548521 1.55491 0.000374454
44.39 -0.436332 -0.53566 0.0993276 10.0517 3.53444e-05 0.239099 -0.00202683 -0.53566 -0.00548555 1.55491 0.000374439
44.391 -0.436332 -0.535672 0.0993395 10.053 3.51486e-05 0.239124 -0.00202718 -0.535672 -0.00548589 1.5549 0.000374423
44.392 -0.436332 -0.535684 0.0993514 10.0544 3.4953e-05 0.239149 -0.00202753 -0.535684 -0.00548624 1.5549 0.000374407
44.393 -0.436332 -0.535696 0.0993634 10.0557 3.47575e-05 0.239175 -0.00202788 -0.535696 -0.00548658 1.5549 0.000374391
44.394 -0.436332 -0.535708 0.0993753 10.0571 3.45621e-05 0.2392 -0.00202822 -0.535708 -0.00548693 1.5549 0.000374375
44.395 -0.436332 -0.53572 0.0993873 10.0584 3.43668e-05 0.239225 -0.00202857 -0.53572 -0.00548727 1.5549 0.000374359
44.396 -0.436332 -0.535732 0.0993993 10.0598 3.41716e-05 0.23925 -0.00202892 -0.535732 -0.00548762 1.5549 0.000374343
44.397 -0.436332 -0.535744 0.0994113 10.0611 3.39766e-05 0.239276 -0.00202927 -0.535744 -0.00548797 1.5549 0.000374327
44.398 -0.436332 -0.535756 0.0994233 10.0625 3.37817e-05 0.239301 -0.00202962 -0.535756 -0.00548832 1.5549 0.00037431
44.399 -0.436332 -0.535768 0.0994353 10.0638 3.3587e-05 0.239326 -0.00202997 -0.535768 -0.00548866 1.5549 0.000374294
44.4 -0.436332 -0.53578 0.0994474 10.0652 3.33924e-05 0.239352 -0.00203032 -0.53578 -0.00548901 1.5549 0.000374278
44.401 -0.436332 -0.535792 0.0994594 10.0665 3.31979e-05 0.239377 -0.00203068 -0.535792 -0.00548936 1.5549 0.000374262
44.402 -0.436332 -0.535804 0.0994715 10.0679 3.30035e-05 0.239403 -0.00203103 -0.535804 -0.00548971 1.55489 0.000374245
44.403 -0.436332 -0.535816 0.0994836 10.0692 3.28093e-05 0.239428 -0.00203138 -0.535816 -0.00549006 1.55489 0.000374229
44.404 -0.436332 -0.535828 0.0994957 10.0706 3.26153e-05 0.239454 -0.00203173 -0.535828 -0.00549041 1.55489 0.000374213
44.405 -0.436332 -0.53584 0.0995078 10.0719 3.24214e-05 0.239479 -0.00203209 -0.53584 -0.00549076 1.55489 0.000374196
44.406 -0.436332 -0.535852 0.0995199 10.0733 3.22276e-05 0.239505 -0.00203244 -0.535852 -0.00549111 1.55489 0.00037418
44.407 -0.436332 -0.535864 0.0995321 10.0746 3.2034e-05 0.239531 -0.0020328 -0.535864 -0.00549147 1.55489 0.000374163
44.408 -0.436332 -0.535877 0.0995442 10.076 3.18405e-05 0.239556 -0.00203315 -0.535877 -0.00549182 1.55489 0.000374147
44.409 -0.436332 -0.535889 0.0995564 10.0773 3.16472e-05 0.239582 -0.00203351 -0.535889 -0.00549217 1.55489 0.00037413
44.41 -0.436332 -0.535901 0.0995686 10.0787 3.1454e-05 0.239608 -0.00203386 -0.535901 -0.00549253 1.55489 0.000374113
44.411 -0.436332 -0.535913 0.0995808 10.08 3.1261e-05 0.239633 -0.00203422 -0.535913 -0.00549288 1.55489 0.000374097
44.412 -0.436332 -0.535925 0.099593 10.0814 3.10682e-05 0.239659 -0.00203458 -0.535925 -0.00549323 1.55489 0.00037408
44.413 -0.436332 -0.535938 0.0996052 10.0827 3.08755e-05 0.239685 -0.00203494 -0.535938 -0.00549359 1.55488 0.000374063
44.414 -0.436332 -0.53595 0.0996175 10.0841 3.0683e-05 0.239711 -0.00203529 -0.53595 -0.00549394 1.55488 0.000374046
44.415 -0.436332 -0.535962 0.0996297 10.0854 3.04906e-05 0.239737 -0.00203565 -0.535962 -0.0054943 1.55488 0.000374029
44.416 -0.436332 -0.535974 0.099642 10.0868 3.02984e-05 0.239763 -0.00203601 -0.535974 -0.00549466 1.55488 0.000374013
44.417 -0.436332 -0.535987 0.0996542 10.0881 3.01064e-05 0.239789 -0.00203637 -0.535987 -0.00549501 1.55488 0.000373996
44.418 -0.436332 -0.535999 0.0996665 10.0895 2.99146e-05 0.239814 -0.00203673 -0.535999 -0.00549537 1.55488 0.000373979
44.419 -0.436332 -0.536011 0.0996788 10.0908 2.97229e-05 0.23984 -0.00203709 -0.536011 -0.00549573 1.55488 0.000373962
44.42 -0.436332 -0.536023 0.0996911 10.0921 2.95314e-05 0.239866 -0.00203745 -0.536023 -0.00549608 1.55488 0.000373945
44.421 -0.436332 -0.536036 0.0997034 10.0935 2.934e-05 0.239892 -0.00203781 -0.536036 -0.00549644 1.55488 0.000373928
44.422 -0.436332 -0.536048 0.0997157 10.0948 2.91489e-05 0.239918 -0.00203817 -0.536048 -0.0054968 1.55488 0.000373911
44.423 -0.436332 -0.53606 0.0997281 10.0962 2.89579e-05 0.239945 -0.00203853 -0.53606 -0.00549716 1.55488 0.000373894
44.424 -0.436332 -0.536073 0.0997404 10.0975 2.87671e-05 0.239971 -0.00203889 -0.536073 -0.00549752 1.55487 0.000373876
44.425 -0.436332 -0.536085 0.0997528 10.0988 2.85765e-05 0.239997 -0.00203925 -0.536085 -0.00549788 1.55487 0.000373859
44.426 -0.436332 -0.536097 0.0997651 10.1002 2.83861e-05 0.240023 -0.00203962 -0.536097 -0.00549824 1.55487 0.000373842
44.427 -0.436332 -0.53611 0.0997775 10.1015 2.81959e-05 0.240049 -0.00203998 -0.53611 -0.0054986 1.55487 0.000373825
44.428 -0.436332 -0.536122 0.0997899 10.1029 2.80058e-05 0.240075 -0.00204034 -0.536122 -0.00549896 1.55487 0.000373807
44.429 -0.436332 -0.536135 0.0998023 10.1042 2.7816e-05 0.240101 -0.00204071 -0.536135 -0.00549932 1.55487 0.00037379
44.43 -0.436332 -0.536147 0.0998147 10.1055 2.76263e-05 0.240128 -0.00204107 -0.536147 -0.00549968 1.55487 0.000373773
44.431 -0.436332 -0.536159 0.0998271 10.1069 2.74368e-05 0.240154 -0.00204143 -0.536159 -0.00550005 1.55487 0.000373755
44.432 -0.436332 -0.536172 0.0998395 10.1082 2.72475e-05 0.24018 -0.0020418 -0.536172 -0.00550041 1.55487 0.000373738
44.433 -0.436332 -0.536184 0.099852 10.1095 2.70585e-05 0.240206 -0.00204216 -0.536184 -0.00550077 1.55487 0.000373721
44.434 -0.436332 -0.536197 0.0998644 10.1109 2.68696e-05 0.240233 -0.00204253 -0.536197 -0.00550113 1.55486 0.000373703
44.435 -0.436332 -0.536209 0.0998769 10.1122 2.66809e-05 0.240259 -0.00204289 -0.536209 -0.0055015 1.55486 0.000373686
44.436 -0.436332 -0.536222 0.0998893 10.1135 2.64924e-05 0.240285 -0.00204326 -0.536222 -0.00550186 1.55486 0.000373668
44.437 -0.436332 -0.536234 0.0999018 10.1148 2.63042e-05 0.240312 -0.00204362 -0.536234 -0.00550223 1.55486 0.00037365
44.438 -0.436332 -0.536247 0.0999143 10.1162 2.61161e-05 0.240338 -0.00204399 -0.536247 -0.00550259 1.55486 0.000373633
44.439 -0.436332 -0.536259 0.0999268 10.1175 2.59282e-05 0.240364 -0.00204436 -0.536259 -0.00550295 1.55486 0.000373615
44.44 -0.436332 -0.536272 0.0999392 10.1188 2.57406e-05 0.240391 -0.00204472 -0.536272 -0.00550332 1.55486 0.000373598
44.441 -0.436332 -0.536284 0.0999517 10.1202 2.55532e-05 0.240417 -0.00204509 -0.536284 -0.00550369 1.55486 0.00037358
44.442 -0.436332 -0.536297 0.0999643 10.1215 2.5366e-05 0.240444 -0.00204546 -0.536297 -0.00550405 1.55486 0.000373562
44.443 -0.436332 -0.536309 0.0999768 10.1228 2.51789e-05 0.24047 -0.00204582 -0.536309 -0.00550442 1.55486 0.000373544
44.444 -0.436332 -0.536322 0.0999893 10.1241 2.49922e-05 0.240497 -0.00204619 -0.536322 -0.00550478 1.55486 0.000373527
44.445 -0.436332 -0.536334 0.100002 10.1255 2.48056e-05 0.240523 -0.00204656 -0.536334 -0.00550515 1.55485 0.000373509
44.446 -0.436332 -0.536347 0.100014 10.1268 2.46192e-05 0.24055 -0.00204693 -0.536347 -0.00550552 1.55485 0.000373491
44.447 -0.436332 -0.536359 0.100027 10.1281 2.44331e-05 0.240576 -0.0020473 -0.536359 -0.00550588 1.55485 0.000373473
44.448 -0.436332 -0.536372 0.100039 10.1294 2.42472e-05 0.240603 -0.00204767 -0.536372 -0.00550625 1.55485 0.000373455
44.449 -0.436332 -0.536384 0.100052 10.1307 2.40615e-05 0.240629 -0.00204803 -0.536384 -0.00550662 1.55485 0.000373437
44.45 -0.436332 -0.536397 0.100065 10.132 2.38761e-05 0.240656 -0.0020484 -0.536397 -0.00550699 1.55485 0.00037342
44.451 -0.436332 -0.536409 0.100077 10.1334 2.36908e-05 0.240683 -0.00204877 -0.536409 -0.00550735 1.55485 0.000373402
44.452 -0.436332 -0.536422 0.10009 10.1347 2.35059e-05 0.240709 -0.00204914 -0.536422 -0.00550772 1.55485 0.000373384
44.453 -0.436332 -0.536435 0.100102 10.136 2.33211e-05 0.240736 -0.00204951 -0.536435 -0.00550809 1.55485 0.000373366
44.454 -0.436332 -0.536447 0.100115 10.1373 2.31366e-05 0.240762 -0.00204988 -0.536447 -0.00550846 1.55485 0.000373348
44.455 -0.436332 -0.53646 0.100127 10.1386 2.29523e-05 0.240789 -0.00205025 -0.53646 -0.00550883 1.55485 0.00037333
44.456 -0.436332 -0.536472 0.10014 10.1399 2.27682e-05 0.240816 -0.00205062 -0.536472 -0.0055092 1.55484 0.000373311
44.457 -0.436332 -0.536485 0.100153 10.1412 2.25844e-05 0.240842 -0.00205099 -0.536485 -0.00550957 1.55484 0.000373293
44.458 -0.436332 -0.536498 0.100165 10.1425 2.24008e-05 0.240869 -0.00205137 -0.536498 -0.00550994 1.55484 0.000373275
44.459 -0.436332 -0.53651 0.100178 10.1439 2.22175e-05 0.240896 -0.00205174 -0.53651 -0.00551031 1.55484 0.000373257
44.46 -0.436332 -0.536523 0.10019 10.1452 2.20344e-05 0.240922 -0.00205211 -0.536523 -0.00551068 1.55484 0.000373239
44.461 -0.436332 -0.536535 0.100203 10.1465 2.18515e-05 0.240949 -0.00205248 -0.536535 -0.00551105 1.55484 0.000373221
44.462 -0.436332 -0.536548 0.100216 10.1478 2.16689e-05 0.240976 -0.00205285 -0.536548 -0.00551142 1.55484 0.000373202
44.463 -0.436332 -0.536561 0.100228 10.1491 2.14865e-05 0.241002 -0.00205322 -0.536561 -0.00551179 1.55484 0.000373184
44.464 -0.436332 -0.536573 0.100241 10.1504 2.13044e-05 0.241029 -0.00205359 -0.536573 -0.00551216 1.55484 0.000373166
44.465 -0.436332 -0.536586 0.100254 10.1517 2.11226e-05 0.241056 -0.00205397 -0.536586 -0.00551253 1.55484 0.000373148
44.466 -0.436332 -0.536599 0.100266 10.153 2.09409e-05 0.241083 -0.00205434 -0.536599 -0.0055129 1.55484 0.000373129
44.467 -0.436332 -0.536611 0.100279 10.1543 2.07596e-05 0.241109 -0.00205471 -0.536611 -0.00551327 1.55483 0.000373111
44.468 -0.436332 -0.536624 0.100291 10.1556 2.05785e-05 0.241136 -0.00205508 -0.536624 -0.00551364 1.55483 0.000373093
44.469 -0.436332 -0.536636 0.100304 10.1569 2.03976e-05 0.241163 -0.00205546 -0.536636 -0.00551402 1.55483 0.000373074
44.47 -0.436332 -0.536649 0.100317 10.1582 2.02171e-05 0.24119 -0.00205583 -0.536649 -0.00551439 1.55483 0.000373056
44.471 -0.436332 -0.536662 0.100329 10.1595 2.00367e-05 0.241217 -0.0020562 -0.536662 -0.00551476 1.55483 0.000373037
44.472 -0.436332 -0.536674 0.100342 10.1607 1.98567e-05 0.241243 -0.00205657 -0.536674 -0.00551513 1.55483 0.000373019
44.473 -0.436332 -0.536687 0.100355 10.162 1.96769e-05 0.24127 -0.00205695 -0.536687 -0.0055155 1.55483 0.000373001
44.474 -0.436332 -0.5367 0.100367 10.1633 1.94973e-05 0.241297 -0.00205732 -0.5367 -0.00551588 1.55483 0.000372982
44.475 -0.436332 -0.536712 0.10038 10.1646 1.9318e-05 0.241324 -0.00205769 -0.536712 -0.00551625 1.55483 0.000372964
44.476 -0.436332 -0.536725 0.100393 10.1659 1.9139e-05 0.241351 -0.00205807 -0.536725 -0.00551662 1.55483 0.000372945
44.477 -0.436332 -0.536738 0.100405 10.1672 1.89603e-05 0.241377 -0.00205844 -0.536738 -0.005517 1.55483 0.000372926
44.478 -0.436332 -0.53675 0.100418 10.1685 1.87818e-05 0.241404 -0.00205881 -0.53675 -0.00551737 1.55482 0.000372908
44.479 -0.436332 -0.536763 0.100431 10.1697 1.86036e-05 0.241431 -0.00205919 -0.536763 -0.00551774 1.55482 0.000372889
44.48 -0.436332 -0.536776 0.100443 10.171 1.84257e-05 0.241458 -0.00205956 -0.536776 -0.00551812 1.55482 0.000372871
44.481 -0.436332 -0.536788 0.100456 10.1723 1.8248e-05 0.241485 -0.00205994 -0.536788 -0.00551849 1.55482 0.000372852
44.482 -0.436332 -0.536801 0.100469 10.1736 1.80707e-05 0.241512 -0.00206031 -0.536801 -0.00551886 1.55482 0.000372834
44.483 -0.436332 -0.536814 0.100481 10.1749 1.78935e-05 0.241539 -0.00206068 -0.536814 -0.00551924 1.55482 0.000372815
44.484 -0.436332 -0.536826 0.100494 10.1761 1.77167e-05 0.241565 -0.00206106 -0.536826 -0.00551961 1.55482 0.000372796
44.485 -0.436332 -0.536839 0.100507 10.1774 1.75402e-05 0.241592 -0.00206143 -0.536839 -0.00551998 1.55482 0.000372778
44.486 -0.436332 -0.536852 0.100519 10.1787 1.73639e-05 0.241619 -0.00206181 -0.536852 -0.00552036 1.55482 0.000372759
44.487 -0.436332 -0.536864 0.100532 10.18 1.71879e-05 0.241646 -0.00206218 -0.536864 -0.00552073 1.55482 0.00037274
44.488 -0.436332 -0.536877 0.100545 10.1812 1.70122e-05 0.241673 -0.00206255 -0.536877 -0.0055211 1.55482 0.000372721
44.489 -0.436332 -0.53689 0.100557 10.1825 1.68368e-05 0.2417 -0.00206293 -0.53689 -0.00552148 1.55481 0.000372703
44.49 -0.436332 -0.536902 0.10057 10.1838 1.66617e-05 0.241727 -0.0020633 -0.536902 -0.00552185 1.55481 0.000372684
44.491 -0.436332 -0.536915 0.100583 10.185 1.64868e-05 0.241753 -0.00206368 -0.536915 -0.00552223 1.55481 0.000372665
44.492 -0.436332 -0.536928 0.100595 10.1863 1.63123e-05 0.24178 -0.00206405 -0.536928 -0.0055226 1.55481 0.000372646
44.493 -0.436332 -0.53694 0.100608 10.1876 1.6138e-05 0.241807 -0.00206443 -0.53694 -0.00552298 1.55481 0.000372628
44.494 -0.436332 -0.536953 0.100621 10.1888 1.59641e-05 0.241834 -0.0020648 -0.536953 -0.00552335 1.55481 0.000372609
44.495 -0.436332 -0.536966 0.100633 10.1901 1.57904e-05 0.241861 -0.00206518 -0.536966 -0.00552372 1.55481 0.00037259
44.496 -0.436332 -0.536978 0.100646 10.1913 1.5617e-05 0.241888 -0.00206555 -0.536978 -0.0055241 1.55481 0.000372571
44.497 -0.436332 -0.536991 0.100659 10.1926 1.54439e-05 0.241915 -0.00206592 -0.536991 -0.00552447 1.55481 0.000372552
44.498 -0.436332 -0.537004 0.100672 10.1938 1.52711e-05 0.241942 -0.0020663 -0.537004 -0.00552485 1.55481 0.000372533
44.499 -0.436332 -0.537016 0.100684 10.1951 1.50986e-05 0.241968 -0.00206667 -0.537016 -0.00552522 1.55481 0.000372514
44.5 -0.436332 -0.537029 0.100697 10.1963 1.49264e-05 0.241995 -0.00206705 -0.537029 -0.0055256 1.5548 0.000372496
44.501 -0.436332 -0.537042 0.100709 10.1976 1.47545e-05 0.242022 -0.00206742 -0.537042 -0.00552597 1.5548 0.000372477
44.502 -0.436332 -0.537054 0.100722 10.1988 1.45829e-05 0.242049 -0.0020678 -0.537054 -0.00552635 1.5548 0.000372458
44.503 -0.436332 -0.537067 0.100735 10.2001 1.44116e-05 0.242076 -0.00206817 -0.537067 -0.00552672 1.5548 0.000372439
44.504 -0.436332 -0.53708 0.100747 10.2013 1.42406e-05 0.242103 -0.00206855 -0.53708 -0.0055271 1.5548 0.00037242
44.505 -0.436332 -0.537092 0.10076 10.2026 1.407e-05 0.242129 -0.00206892 -0.537092 -0.00552747 1.5548 0.000372401
44.506 -0.436332 -0.537105 0.100773 10.2038 1.38996e-05 0.242156 -0.00206929 -0.537105 -0.00552784 1.5548 0.000372382
44.507 -0.436332 -0.537118 0.100785 10.2051 1.37295e-05 0.242183 -0.00206967 -0.537118 -0.00552822 1.5548 0.000372363
44.508 -0.436332 -0.53713 0.100798 10.2063 1.35597e-05 0.24221 -0.00207004 -0.53713 -0.00552859 1.5548 0.000372344
44.509 -0.436332 -0.537143 0.100811 10.2075 1.33903e-05 0.242237 -0.00207042 -0.537143 -0.00552897 1.5548 0.000372325
44.51 -0.436332 -0.537156 0.100823 10.2088 1.32212e-05 0.242264 -0.00207079 -0.537156 -0.00552934 1.5548 0.000372306
44.511 -0.436332 -0.537168 0.100836 10.21 1.30523e-05 0.24229 -0.00207116 -0.537168 -0.00552972 1.55479 0.000372287
44.512 -0.436332 -0.537181 0.100849 10.2112 1.28838e-05 0.242317 -0.00207154 -0.537181 -0.00553009 1.55479 0.000372268
44.513 -0.436332 -0.537194 0.100861 10.2125 1.27156e-05 0.242344 -0.00207191 -0.537194 -0.00553047 1.55479 0.000372249
44.514 -0.436332 -0.537206 0.100874 10.2137 1.25477e-05 0.242371 -0.00207229 -0.537206 -0.00553084 1.55479 0.00037223
44.515 -0.436332 -0.537219 0.100887 10.2149 1.23802e-05 0.242398 -0.00207266 -0.537219 -0.00553121 1.55479 0.000372211
44.516 -0.436332 -0.537231 0.100899 10.2161 1.22129e-05 0.242424 -0.00207303 -0.537231 -0.00553159 1.55479 0.000372192
44.517 -0.436332 -0.537244 0.100912 10.2174 1.2046e-05 0.242451 -0.00207341 -0.537244 -0.00553196 1.55479 0.000372173
44.518 -0.436332 -0.537257 0.100924 10.2186 1.18794e-05 0.242478 -0.00207378 -0.537257 -0.00553234 1.55479 0.000372153
44.519 -0.436332 -0.537269 0.100937 10.2198 1.17131e-05 0.242505 -0.00207416 -0.537269 -0.00553271 1.55479 0.000372134
44.52 -0.436332 -0.537282 0.10095 10.221 1.15471e-05 0.242531 -0.00207453 -0.537282 -0.00553309 1.55479 0.000372115
44.521 -0.436332 -0.537295 0.100962 10.2222 1.13815e-05 0.242558 -0.0020749 -0.537295 -0.00553346 1.55479 0.000372096
44.522 -0.436332 -0.537307 0.100975 10.2234 1.12162e-05 0.242585 -0.00207528 -0.537307 -0.00553383 1.55478 0.000372077
44.523 -0.436332 -0.53732 0.100987 10.2247 1.10512e-05 0.242612 -0.00207565 -0.53732 -0.00553421 1.55478 0.000372058
44.524 -0.436332 -0.537332 0.101 10.2259 1.08865e-05 0.242638 -0.00207602 -0.537332 -0.00553458 1.55478 0.000372039
44.525 -0.436332 -0.537345 0.101013 10.2271 1.07222e-05 0.242665 -0.00207639 -0.537345 -0.00553495 1.55478 0.00037202
44.526 -0.436332 -0.537357 0.101025 10.2283 1.05582e-05 0.242692 -0.00207677 -0.537357 -0.00553533 1.55478 0.000372001
44.527 -0.436332 -0.53737 0.101038 10.2295 1.03945e-05 0.242718 -0.00207714 -0.53737 -0.0055357 1.55478 0.000371981
44.528 -0.436332 -0.537383 0.10105 10.2307 1.02312e-05 0.242745 -0.00207751 -0.537383 -0.00553607 1.55478 0.000371962
44.529 -0.436332 -0.537395 0.101063 10.2319 1.00681e-05 0.242772 -0.00207788 -0.537395 -0.00553645 1.55478 0.000371943
44.53 -0.436332 -0.537408 0.101075 10.2331 9.90546e-06 0.242798 -0.00207826 -0.537408 -0.00553682 1.55478 0.000371924
44.531 -0.436332 -0.53742 0.101088 10.2343 9.74311e-06 0.242825 -0.00207863 -0.53742 -0.00553719 1.55478 0.000371905
44.532 -0.436332 -0.537433 0.1011 10.2355 9.5811e-06 0.242852 -0.002079 -0.537433 -0.00553757 1.55478 0.000371886
44.533 -0.436332 -0.537445 0.101113 10.2367 9.41943e-06 0.242878 -0.00207937 -0.537445 -0.00553794 1.55477 0.000371866
44.534 -0.436332 -0.537458 0.101126 10.2379 9.2581e-06 0.242905 -0.00207974 -0.537458 -0.00553831 1.55477 0.000371847
44.535 -0.436332 -0.53747 0.101138 10.239 9.0971e-06 0.242932 -0.00208012 -0.53747 -0.00553868 1.55477 0.000371828
44.536 -0.436332 -0.537483 0.101151 10.2402 8.93644e-06 0.242958 -0.00208049 -0.537483 -0.00553906 1.55477 0.000371809
44.537 -0.436332 -0.537495 0.101163 10.2414 8.77612e-06 0.242985 -0.00208086 -0.537495 -0.00553943 1.55477 0.00037179
44.538 -0.436332 -0.537508 0.101176 10.2426 8.61615e-06 0.243011 -0.00208123 -0.537508 -0.0055398 1.55477 0.00037177
44.539 -0.436332 -0.53752 0.101188 10.2438 8.45651e-06 0.243038 -0.0020816 -0.53752 -0.00554017 1.55477 0.000371751
44.54 -0.436332 -0.537533 0.101201 10.245 8.29722e-06 0.243064 -0.00208197 -0.537533 -0.00554055 1.55477 0.000371732
44.541 -0.436332 -0.537545 0.101213 10.2461 8.13828e-06 0.243091 -0.00208234 -0.537545 -0.00554092 1.55477 0.000371713
44.542 -0.436332 -0.537558 0.101226 10.2473 7.97968e-06 0.243117 -0.00208271 -0.537558 -0.00554129 1.55477 0.000371694
44.543 -0.436332 -0.53757 0.101238 10.2485 7.82142e-06 0.243144 -0.00208308 -0.53757 -0.00554166 1.55477 0.000371674
44.544 -0.436332 -0.537583 0.10125 10.2497 7.66351e-06 0.24317 -0.00208345 -0.537583 -0.00554203 1.55477 0.000371655
44.545 -0.436332 -0.537595 0.101263 10.2508 7.50595e-06 0.243197 -0.00208382 -0.537595 -0.0055424 1.55476 0.000371636
44.546 -0.436332 -0.537608 0.101275 10.252 7.34874e-06 0.243223 -0.00208419 -0.537608 -0.00554277 1.55476 0.000371617
44.547 -0.436332 -0.53762 0.101288 10.2532 7.19188e-06 0.24325 -0.00208456 -0.53762 -0.00554314 1.55476 0.000371597
44.548 -0.436332 -0.537633 0.1013 10.2543 7.03537e-06 0.243276 -0.00208493 -0.537633 -0.00554351 1.55476 0.000371578
44.549 -0.436332 -0.537645 0.101313 10.2555 6.87921e-06 0.243302 -0.0020853 -0.537645 -0.00554388 1.55476 0.000371559
44.55 -0.436332 -0.537657 0.101325 10.2566 6.72341e-06 0.243329 -0.00208567 -0.537657 -0.00554425 1.55476 0.00037154
44.551 -0.436332 -0.53767 0.101337 10.2578 6.56795e-06 0.243355 -0.00208604 -0.53767 -0.00554462 1.55476 0.000371521
44.552 -0.436332 -0.537682 0.10135 10.259 6.41286e-06 0.243382 -0.0020864 -0.537682 -0.00554499 1.55476 0.000371501
44.553 -0.436332 -0.537695 0.101362 10.2601 6.25811e-06 0.243408 -0.00208677 -0.537695 -0.00554536 1.55476 0.000371482
44.554 -0.436332 -0.537707 0.101375 10.2613 6.10373e-06 0.243434 -0.00208714 -0.537707 -0.00554573 1.55476 0.000371463
44.555 -0.436332 -0.537719 0.101387 10.2624 5.94969e-06 0.24346 -0.00208751 -0.537719 -0.0055461 1.55476 0.000371444
44.556 -0.436332 -0.537732 0.101399 10.2636 5.79602e-06 0.243487 -0.00208788 -0.537732 -0.00554647 1.55475 0.000371424
44.557 -0.436332 -0.537744 0.101412 10.2647 5.64271e-06 0.243513 -0.00208824 -0.537744 -0.00554684 1.55475 0.000371405
44.558 -0.436332 -0.537756 0.101424 10.2658 5.48975e-06 0.243539 -0.00208861 -0.537756 -0.00554721 1.55475 0.000371386
44.559 -0.436332 -0.537769 0.101436 10.267 5.33716e-06 0.243565 -0.00208898 -0.537769 -0.00554758 1.55475 0.000371367
44.56 -0.436332 -0.537781 0.101449 10.2681 5.18493e-06 0.243592 -0.00208934 -0.537781 -0.00554795 1.55475 0.000371348
44.561 -0.436332 -0.537793 0.101461 10.2693 5.03306e-06 0.243618 -0.00208971 -0.537793 -0.00554831 1.55475 0.000371328
44.562 -0.436332 -0.537806 0.101473 10.2704 4.88155e-06 0.243644 -0.00209008 -0.537806 -0.00554868 1.55475 0.000371309
44.563 -0.436332 -0.537818 0.101486 10.2715 4.7304e-06 0.24367 -0.00209044 -0.537818 -0.00554905 1.55475 0.00037129
44.564 -0.436332 -0.53783 0.101498 10.2727 4.57962e-06 0.243696 -0.00209081 -0.53783 -0.00554942 1.55475 0.000371271
44.565 -0.436332 -0.537843 0.10151 10.2738 4.42921e-06 0.243722 -0.00209117 -0.537843 -0.00554978 1.55475 0.000371252
44.566 -0.436332 -0.537855 0.101522 10.2749 4.27916e-06 0.243748 -0.00209154 -0.537855 -0.00555015 1.55475 0.000371232
44.567 -0.436332 -0.537867 0.101535 10.276 4.12948e-06 0.243774 -0.0020919 -0.537867 -0.00555052 1.55475 0.000371213
44.568 -0.436332 -0.537879 0.101547 10.2772 3.98016e-06 0.243801 -0.00209227 -0.537879 -0.00555088 1.55474 0.000371194
44.569 -0.436332 -0.537892 0.101559 10.2783 3.83121e-06 0.243827 -0.00209263 -0.537892 -0.00555125 1.55474 0.000371175
44.57 -0.436332 -0.537904 0.101571 10.2794 3.68264e-06 0.243853 -0.00209299 -0.537904 -0.00555161 1.55474 0.000371156
44.571 -0.436332 -0.537916 0.101584 10.2805 3.53443e-06 0.243878 -0.00209336 -0.537916 -0.00555198 1.55474 0.000371136
44.572 -0.436332 -0.537928 0.101596 10.2816 3.38659e-06 0.243904 -0.00209372 -0.537928 -0.00555234 1.55474 0.000371117
44.573 -0.436332 -0.53794 0.101608 10.2827 3.23912e-06 0.24393 -0.00209408 -0.53794 -0.00555271 1.55474 0.000371098
44.574 -0.436332 -0.537953 0.10162 10.2838 3.09203e-06 0.243956 -0.00209445 -0.537953 -0.00555307 1.55474 0.000371079
44.575 -0.436332 -0.537965 0.101632 10.2849 2.94531e-06 0.243982 -0.00209481 -0.537965 -0.00555344 1.55474 0.00037106
44.576 -0.436332 -0.537977 0.101645 10.286 2.79896e-06 0.244008 -0.00209517 -0.537977 -0.0055538 1.55474 0.00037104
44.577 -0.436332 -0.537989 0.101657 10.2871 2.65298e-06 0.244034 -0.00209553 -0.537989 -0.00555416 1.55474 0.000371021
44.578 -0.436332 -0.538001 0.101669 10.2882 2.50738e-06 0.24406 -0.00209589 -0.538001 -0.00555453 1.55474 0.000371002
44.579 -0.436332 -0.538013 0.101681 10.2893 2.36216e-06 0.244085 -0.00209625 -0.538013 -0.00555489 1.55474 0.000370983
44.58 -0.436332 -0.538025 0.101693 10.2904 2.21731e-06 0.244111 -0.00209661 -0.538025 -0.00555525 1.55473 0.000370964
44.581 -0.436332 -0.538038 0.101705 10.2915 2.07284e-06 0.244137 -0.00209697 -0.538038 -0.00555562 1.55473 0.000370945
44.582 -0.436332 -0.53805 0.101717 10.2926 1.92875e-06 0.244163 -0.00209733 -0.53805 -0.00555598 1.55473 0.000370926
44.583 -0.436332 -0.538062 0.101729 10.2937 1.78503e-06 0.244188 -0.00209769 -0.538062 -0.00555634 1.55473 0.000370906
44.584 -0.436332 -0.538074 0.101741 10.2948 1.64169e-06 0.244214 -0.00209805 -0.538074 -0.0055567 1.55473 0.000370887
44.585 -0.436332 -0.538086 0.101753 10.2959 1.49874e-06 0.24424 -0.00209841 -0.538086 -0.00555706 1.55473 0.000370868
44.586 -0.436332 -0.538098 0.101766 10.2969 1.35616e-06 0.244265 -0.00209877 -0.538098 -0.00555742 1.55473 0.000370849
44.587 -0.436332 -0.53811 0.101778 10.298 1.21396e-06 0.244291 -0.00209913 -0.53811 -0.00555779 1.55473 0.00037083
44.588 -0.436332 -0.538122 0.10179 10.2991 1.07215e-06 0.244316 -0.00209949 -0.538122 -0.00555815 1.55473 0.000370811
44.589 -0.436332 -0.538134 0.101802 10.3002 9.30715e-07 0.244342 -0.00209985 -0.538134 -0.00555851 1.55473 0.000370792
44.59 -0.436332 -0.538146 0.101814 10.3012 7.89664e-07 0.244368 -0.0021002 -0.538146 -0.00555887 1.55473 0.000370773
44.591 -0.436332 -0.538158 0.101826 10.3023 6.48997e-07 0.244393 -0.00210056 -0.538158 -0.00555922 1.55473 0.000370754
44.592 -0.436332 -0.53817 0.101837 10.3034 5.08714e-07 0.244418 -0.00210092 -0.53817 -0.00555958 1.55472 0.000370735
44.593 -0.436332 -0.538182 0.101849 10.3044 3.68815e-07 0.244444 -0.00210127 -0.538182 -0.00555994 1.55472 0.000370716
44.594 -0.436332 -0.538194 0.101861 10.3055 2.29302e-07 0.244469 -0.00210163 -0.538194 -0.0055603 1.55472 0.000370697
44.595 -0.436332 -0.538206 0.101873 10.3066 9.01736e-08 0.244495 -0.00210198 -0.538206 -0.00556066 1.55472 0.000370678
44.596 -0.436332 -0.538218 0.101885 10.3076 -4.85681e-08 0.24452 -0.00210234 -0.538218 -0.00556102 1.55472 0.000370658
44.597 -0.436332 -0.538229 0.101897 10.3087 -1.86923e-07 0.244545 -0.00210269 -0.538229 -0.00556137 1.55472 0.000370639
44.598 -0.436332 -0.538241 0.101909 10.3097 -3.24891e-07 0.244571 -0.00210305 -0.538241 -0.00556173 1.55472 0.00037062
44.599 -0.436332 -0.538253 0.101921 10.3108 -4.6247e-07 0.244596 -0.0021034 -0.538253 -0.00556209 1.55472 0.000370601
44.6 -0.436332 -0.538265 0.101933 10.3118 -5.99661e-07 0.244621 -0.00210376 -0.538265 -0.00556244 1.55472 0.000370582
44.601 -0.436332 -0.538277 0.101945 10.3129 -7.36463e-07 0.244646 -0.00210411 -0.538277 -0.0055628 1.55472 0.000370564
44.602 -0.436332 -0.538289 0.101956 10.3139 -8.72875e-07 0.244672 -0.00210446 -0.538289 -0.00556315 1.55472 0.000370545
44.603 -0.436332 -0.538301 0.101968 10.315 -1.0089e-06 0.244697 -0.00210482 -0.538301 -0.00556351 1.55472 0.000370526
44.604 -0.436332 -0.538312 0.10198 10.316 -1.14453e-06 0.244722 -0.00210517 -0.538312 -0.00556386 1.55472 0.000370507
44.605 -0.436332 -0.538324 0.101992 10.317 -1.27977e-06 0.244747 -0.00210552 -0.538324 -0.00556422 1.55471 0.000370488
44.606 -0.436332 -0.538336 0.102004 10.3181 -1.41462e-06 0.244772 -0.00210587 -0.538336 -0.00556457 1.55471 0.000370469
44.607 -0.436332 -0.538348 0.102015 10.3191 -1.54907e-06 0.244797 -0.00210622 -0.538348 -0.00556493 1.55471 0.00037045
44.608 -0.436332 -0.538359 0.102027 10.3201 -1.68314e-06 0.244822 -0.00210657 -0.538359 -0.00556528 1.55471 0.000370431
44.609 -0.436332 -0.538371 0.102039 10.3211 -1.81681e-06 0.244847 -0.00210692 -0.538371 -0.00556563 1.55471 0.000370412
44.61 -0.436332 -0.538383 0.10205 10.3222 -1.95009e-06 0.244872 -0.00210727 -0.538383 -0.00556598 1.55471 0.000370393
44.611 -0.436332 -0.538394 0.102062 10.3232 -2.08297e-06 0.244897 -0.00210762 -0.538394 -0.00556634 1.55471 0.000370374
44.612 -0.436332 -0.538406 0.102074 10.3242 -2.21546e-06 0.244922 -0.00210797 -0.538406 -0.00556669 1.55471 0.000370355
44.613 -0.436332 -0.538418 0.102086 10.3252 -2.34755e-06 0.244947 -0.00210832 -0.538418 -0.00556704 1.55471 0.000370337
44.614 -0.436332 -0.538429 0.102097 10.3262 -2.47925e-06 0.244971 -0.00210867 -0.538429 -0.00556739 1.55471 0.000370318
44.615 -0.436332 -0.538441 0.102109 10.3272 -2.61055e-06 0.244996 -0.00210901 -0.538441 -0.00556774 1.55471 0.000370299
44.616 -0.436332 -0.538453 0.10212 10.3283 -2.74145e-06 0.245021 -0.00210936 -0.538453 -0.00556809 1.55471 0.00037028
44.617 -0.436332 -0.538464 0.102132 10.3293 -2.87196e-06 0.245046 -0.00210971 -0.538464 -0.00556844 1.5547 0.000370261
44.618 -0.436332 -0.538476 0.102144 10.3303 -3.00207e-06 0.24507 -0.00211005 -0.538476 -0.00556879 1.5547 0.000370243
44.619 -0.436332 -0.538488 0.102155 10.3313 -3.13178e-06 0.245095 -0.0021104 -0.538488 -0.00556914 1.5547 0.000370224
44.62 -0.436332 -0.538499 0.102167 10.3323 -3.2611e-06 0.24512 -0.00211074 -0.538499 -0.00556949 1.5547 0.000370205
44.621 -0.436332 -0.538511 0.102178 10.3333 -3.39001e-06 0.245144 -0.00211109 -0.538511 -0.00556983 1.5547 0.000370186
44.622 -0.436332 -0.538522 0.10219 10.3343 -3.51853e-06 0.245169 -0.00211143 -0.538522 -0.00557018 1.5547 0.000370168
44.623 -0.436332 -0.538534 0.102201 10.3352 -3.64664e-06 0.245193 -0.00211178 -0.538534 -0.00557053 1.5547 0.000370149
44.624 -0.436332 -0.538545 0.102213 10.3362 -3.77436e-06 0.245218 -0.00211212 -0.538545 -0.00557088 1.5547 0.00037013
44.625 -0.436332 -0.538557 0.102224 10.3372 -3.90168e-06 0.245242 -0.00211247 -0.538557 -0.00557122 1.5547 0.000370112
44.626 -0.436332 -0.538568 0.102236 10.3382 -4.02859e-06 0.245267 -0.00211281 -0.538568 -0.00557157 1.5547 0.000370093
44.627 -0.436332 -0.53858 0.102247 10.3392 -4.15511e-06 0.245291 -0.00211315 -0.53858 -0.00557191 1.5547 0.000370074
44.628 -0.436332 -0.538591 0.102259 10.3402 -4.28122e-06 0.245315 -0.00211349 -0.538591 -0.00557226 1.5547 0.000370056
44.629 -0.436332 -0.538602 0.10227 10.3411 -4.40693e-06 0.24534 -0.00211383 -0.538602 -0.0055726 1.5547 0.000370037
44.63 -0.436332 -0.538614 0.102281 10.3421 -4.53224e-06 0.245364 -0.00211417 -0.538614 -0.00557295 1.55469 0.000370018
44.631 -0.436332 -0.538625 0.102293 10.3431 -4.65715e-06 0.245388 -0.00211451 -0.538625 -0.00557329 1.55469 0.00037
44.632 -0.436332 -0.538637 0.102304 10.344 -4.78165e-06 0.245413 -0.00211485 -0.538637 -0.00557363 1.55469 0.000369981
44.633 -0.436332 -0.538648 0.102316 10.345 -4.90575e-06 0.245437 -0.00211519 -0.538648 -0.00557397 1.55469 0.000369963
44.634 -0.436332 -0.538659 0.102327 10.346 -5.02945e-06 0.245461 -0.00211553 -0.538659 -0.00557432 1.55469 0.000369944
44.635 -0.436332 -0.538671 0.102338 10.3469 -5.15274e-06 0.245485 -0.00211587 -0.538671 -0.00557466 1.55469 0.000369926
44.636 -0.436332 -0.538682 0.102349 10.3479 -5.27563e-06 0.245509 -0.00211621 -0.538682 -0.005575 1.55469 0.000369907
44.637 -0.436332 -0.538693 0.102361 10.3488 -5.39811e-06 0.245533 -0.00211655 -0.538693 -0.00557534 1.55469 0.000369889
44.638 -0.436332 -0.538704 0.102372 10.3498 -5.52019e-06 0.245557 -0.00211688 -0.538704 -0.00557568 1.55469 0.00036987
44.639 -0.436332 -0.538716 0.102383 10.3508 -5.64186e-06 0.245581 -0.00211722 -0.538716 -0.00557602 1.55469 0.000369852
44.64 -0.436332 -0.538727 0.102394 10.3517 -5.76313e-06 0.245605 -0.00211756 -0.538727 -0.00557636 1.55469 0.000369833
44.641 -0.436332 -0.538738 0.102406 10.3526 -5.88399e-06 0.245629 -0.00211789 -0.538738 -0.0055767 1.55469 0.000369815
44.642 -0.436332 -0.538749 0.102417 10.3536 -6.00445e-06 0.245653 -0.00211823 -0.538749 -0.00557704 1.55469 0.000369796
44.643 -0.436332 -0.53876 0.102428 10.3545 -6.1245e-06 0.245677 -0.00211856 -0.53876 -0.00557737 1.55469 0.000369778
44.644 -0.436332 -0.538772 0.102439 10.3555 -6.24414e-06 0.2457 -0.00211889 -0.538772 -0.00557771 1.55468 0.00036976
44.645 -0.436332 -0.538783 0.10245 10.3564 -6.36337e-06 0.245724 -0.00211923 -0.538783 -0.00557805 1.55468 0.000369741
44.646 -0.436332 -0.538794 0.102461 10.3573 -6.4822e-06 0.245748 -0.00211956 -0.538794 -0.00557838 1.55468 0.000369723
44.647 -0.436332 -0.538805 0.102473 10.3583 -6.60062e-06 0.245771 -0.00211989 -0.538805 -0.00557872 1.55468 0.000369705
44.648 -0.436332 -0.538816 0.102484 10.3592 -6.71863e-06 0.245795 -0.00212022 -0.538816 -0.00557906 1.55468 0.000369686
44.649 -0.436332 -0.538827 0.102495 10.3601 -6.83624e-06 0.245819 -0.00212056 -0.538827 -0.00557939 1.55468 0.000369668
44.65 -0.436332 -0.538838 0.102506 10.361 -6.95343e-06 0.245842 -0.00212089 -0.538838 -0.00557972 1.55468 0.00036965
44.651 -0.436332 -0.538849 0.102517 10.3619 -7.07022e-06 0.245866 -0.00212122 -0.538849 -0.00558006 1.55468 0.000369632
44.652 -0.436332 -0.53886 0.102528 10.3629 -7.1866e-06 0.245889 -0.00212155 -0.53886 -0.00558039 1.55468 0.000369613
44.653 -0.436332 -0.538871 0.102539 10.3638 -7.30257e-06 0.245913 -0.00212188 -0.538871 -0.00558072 1.55468 0.000369595
44.654 -0.436332 -0.538882 0.10255 10.3647 -7.41813e-06 0.245936 -0.0021222 -0.538882 -0.00558106 1.55468 0.000369577
44.655 -0.436332 -0.538893 0.102561 10.3656 -7.53328e-06 0.245959 -0.00212253 -0.538893 -0.00558139 1.55468 0.000369559
44.656 -0.436332 -0.538904 0.102572 10.3665 -7.64802e-06 0.245983 -0.00212286 -0.538904 -0.00558172 1.55468 0.000369541
44.657 -0.436332 -0.538915 0.102583 10.3674 -7.76235e-06 0.246006 -0.00212319 -0.538915 -0.00558205 1.55468 0.000369523
44.658 -0.436332 -0.538926 0.102593 10.3683 -7.87627e-06 0.246029 -0.00212351 -0.538926 -0.00558238 1.55467 0.000369504
44.659 -0.436332 -0.538937 0.102604 10.3692 -7.98978e-06 0.246053 -0.00212384 -0.538937 -0.00558271 1.55467 0.000369486
44.66 -0.436332 -0.538948 0.102615 10.3701 -8.10288e-06 0.246076 -0.00212417 -0.538948 -0.00558304 1.55467 0.000369468
44.661 -0.436332 -0.538958 0.102626 10.371 -8.21557e-06 0.246099 -0.00212449 -0.538958 -0.00558337 1.55467 0.00036945
44.662 -0.436332 -0.538969 0.102637 10.3719 -8.32785e-06 0.246122 -0.00212481 -0.538969 -0.0055837 1.55467 0.000369432
44.663 -0.436332 -0.53898 0.102648 10.3728 -8.43972e-06 0.246145 -0.00212514 -0.53898 -0.00558402 1.55467 0.000369414
44.664 -0.436332 -0.538991 0.102658 10.3736 -8.55117e-06 0.246168 -0.00212546 -0.538991 -0.00558435 1.55467 0.000369396
44.665 -0.436332 -0.539002 0.102669 10.3745 -8.66222e-06 0.246191 -0.00212578 -0.539002 -0.00558468 1.55467 0.000369378
44.666 -0.436332 -0.539012 0.10268 10.3754 -8.77285e-06 0.246214 -0.00212611 -0.539012 -0.005585 1.55467 0.00036936
44.667 -0.436332 -0.539023 0.102691 10.3763 -8.88307e-06 0.246237 -0.00212643 -0.539023 -0.00558533 1.55467 0.000369342
44.668 -0.436332 -0.539034 0.102701 10.3772 -8.99288e-06 0.24626 -0.00212675 -0.539034 -0.00558565 1.55467 0.000369324
44.669 -0.436332 -0.539044 0.102712 10.378 -9.10228e-06 0.246282 -0.00212707 -0.539044 -0.00558598 1.55467 0.000369307
44.67 -0.436332 -0.539055 0.102723 10.3789 -9.21126e-06 0.246305 -0.00212739 -0.539055 -0.0055863 1.55467 0.000369289
44.671 -0.436332 -0.539066 0.102733 10.3798 -9.31984e-06 0.246328 -0.00212771 -0.539066 -0.00558662 1.55467 0.000369271
44.672 -0.436332 -0.539076 0.102744 10.3806 -9.428e-06 0.246351 -0.00212803 -0.539076 -0.00558695 1.55466 0.000369253
44.673 -0.436332 -0.539087 0.102755 10.3815 -9.53574e-06 0.246373 -0.00212835 -0.539087 -0.00558727 1.55466 0.000369235
44.674 -0.436332 -0.539097 0.102765 10.3823 -9.64308e-06 0.246396 -0.00212866 -0.539097 -0.00558759 1.55466 0.000369218
44.675 -0.436332 -0.539108 0.102776 10.3832 -9.75e-06 0.246418 -0.00212898 -0.539108 -0.00558791 1.55466 0.0003692
44.676 -0.436332 -0.539119 0.102786 10.384 -9.85651e-06 0.246441 -0.0021293 -0.539119 -0.00558823 1.55466 0.000369182
44.677 -0.436332 -0.539129 0.102797 10.3849 -9.96261e-06 0.246463 -0.00212961 -0.539129 -0.00558855 1.55466 0.000369164
44.678 -0.436332 -0.53914 0.102807 10.3857 -1.00683e-05 0.246486 -0.00212993 -0.53914 -0.00558887 1.55466 0.000369147
44.679 -0.436332 -0.53915 0.102818 10.3866 -1.01736e-05 0.246508 -0.00213024 -0.53915 -0.00558919 1.55466 0.000369129
44.68 -0.436332 -0.539161 0.102828 10.3874 -1.02784e-05 0.24653 -0.00213056 -0.539161 -0.00558951 1.55466 0.000369111
44.681 -0.436332 -0.539171 0.102839 10.3883 -1.03829e-05 0.246553 -0.00213087 -0.539171 -0.00558982 1.55466 0.000369094
44.682 -0.436332 -0.539181 0.102849 10.3891 -1.04869e-05 0.246575 -0.00213118 -0.539181 -0.00559014 1.55466 0.000369076
44.683 -0.436332 -0.539192 0.102859 10.3899 -1.05905e-05 0.246597 -0.0021315 -0.539192 -0.00559046 1.55466 0.000369059
44.684 -0.436332 -0.539202 0.10287 10.3908 -1.06937e-05 0.246619 -0.00213181 -0.539202 -0.00559077 1.55466 0.000369041
44.685 -0.436332 -0.539213 0.10288 10.3916 -1.07965e-05 0.246641 -0.00213212 -0.539213 -0.00559109 1.55466 0.000369024
44.686 -0.436332 -0.539223 0.102891 10.3924 -1.08989e-05 0.246664 -0.00213243 -0.539223 -0.0055914 1.55465 0.000369006
44.687 -0.436332 -0.539233 0.102901 10.3932 -1.10008e-05 0.246686 -0.00213274 -0.539233 -0.00559172 1.55465 0.000368989
44.688 -0.436332 -0.539243 0.102911 10.3941 -1.11024e-05 0.246708 -0.00213305 -0.539243 -0.00559203 1.55465 0.000368971
44.689 -0.436332 -0.539254 0.102921 10.3949 -1.12035e-05 0.246729 -0.00213336 -0.539254 -0.00559234 1.55465 0.000368954
44.69 -0.436332 -0.539264 0.102932 10.3957 -1.13042e-05 0.246751 -0.00213367 -0.539264 -0.00559265 1.55465 0.000368936
44.691 -0.436332 -0.539274 0.102942 10.3965 -1.14045e-05 0.246773 -0.00213397 -0.539274 -0.00559297 1.55465 0.000368919
44.692 -0.436332 -0.539284 0.102952 10.3973 -1.15044e-05 0.246795 -0.00213428 -0.539284 -0.00559328 1.55465 0.000368902
44.693 -0.436332 -0.539295 0.102962 10.3981 -1.16039e-05 0.246817 -0.00213459 -0.539295 -0.00559359 1.55465 0.000368884
44.694 -0.436332 -0.539305 0.102972 10.3989 -1.1703e-05 0.246839 -0.00213489 -0.539305 -0.0055939 1.55465 0.000368867
44.695 -0.436332 -0.539315 0.102983 10.3997 -1.18016e-05 0.24686 -0.0021352 -0.539315 -0.00559421 1.55465 0.00036885
44.696 -0.436332 -0.539325 0.102993 10.4005 -1.18999e-05 0.246882 -0.0021355 -0.539325 -0.00559451 1.55465 0.000368833
44.697 -0.436332 -0.539335 0.103003 10.4013 -1.19977e-05 0.246903 -0.00213581 -0.539335 -0.00559482 1.55465 0.000368815
44.698 -0.436332 -0.539345 0.103013 10.4021 -1.20951e-05 0.246925 -0.00213611 -0.539345 -0.00559513 1.55465 0.000368798
44.699 -0.436332 -0.539355 0.103023 10.4029 -1.21921e-05 0.246946 -0.00213641 -0.539355 -0.00559544 1.55465 0.000368781
44.7 -0.436332 -0.539365 0.103033 10.4037 -1.22887e-05 0.246968 -0.00213671 -0.539365 -0.00559574 1.55465 0.000368764
44.701 -0.436332 -0.539375 0.103043 10.4044 -1.23848e-05 0.246989 -0.00213701 -0.539375 -0.00559605 1.55465 0.000368747
44.702 -0.436332 -0.539385 0.103053 10.4052 -1.24806e-05 0.247011 -0.00213731 -0.539385 -0.00559635 1.55464 0.00036873
44.703 -0.436332 -0.539395 0.103063 10.406 -1.25759e-05 0.247032 -0.00213761 -0.539395 -0.00559666 1.55464 0.000368713
44.704 -0.436332 -0.539405 0.103073 10.4068 -1.26709e-05 0.247053 -0.00213791 -0.539405 -0.00559696 1.55464 0.000368696
44.705 -0.436332 -0.539415 0.103083 10.4076 -1.27654e-05 0.247074 -0.00213821 -0.539415 -0.00559726 1.55464 0.000368679
44.706 -0.436332 -0.539425 0.103093 10.4083 -1.28595e-05 0.247096 -0.00213851 -0.539425 -0.00559757 1.55464 0.000368662
44.707 -0.436332 -0.539435 0.103103 10.4091 -1.29532e-05 0.247117 -0.00213881 -0.539435 -0.00559787 1.55464 0.000368645
44.708 -0.436332 -0.539445 0.103113 10.4099 -1.30464e-05 0.247138 -0.00213911 -0.539445 -0.00559817 1.55464 0.000368628
44.709 -0.436332 -0.539455 0.103122 10.4106 -1.31393e-05 0.247159 -0.0021394 -0.539455 -0.00559847 1.55464 0.000368611
44.71 -0.436332 -0.539464 0.103132 10.4114 -1.32317e-05 0.24718 -0.0021397 -0.539464 -0.00559877 1.55464 0.000368594
44.711 -0.436332 -0.539474 0.103142 10.4121 -1.33238e-05 0.247201 -0.00213999 -0.539474 -0.00559907 1.55464 0.000368577
44.712 -0.436332 -0.539484 0.103152 10.4129 -1.34154e-05 0.247222 -0.00214029 -0.539484 -0.00559937 1.55464 0.00036856
44.713 -0.436332 -0.539494 0.103161 10.4136 -1.35066e-05 0.247243 -0.00214058 -0.539494 -0.00559966 1.55464 0.000368544
44.714 -0.436332 -0.539504 0.103171 10.4144 -1.35974e-05 0.247263 -0.00214087 -0.539504 -0.00559996 1.55464 0.000368527
44.715 -0.436332 -0.539513 0.103181 10.4151 -1.36878e-05 0.247284 -0.00214116 -0.539513 -0.00560026 1.55464 0.00036851
44.716 -0.436332 -0.539523 0.103191 10.4159 -1.37777e-05 0.247305 -0.00214146 -0.539523 -0.00560055 1.55464 0.000368493
44.717 -0.436332 -0.539533 0.1032 10.4166 -1.38673e-05 0.247325 -0.00214175 -0.539533 -0.00560085 1.55464 0.000368477
44.718 -0.436332 -0.539542 0.10321 10.4173 -1.39564e-05 0.247346 -0.00214204 -0.539542 -0.00560114 1.55463 0.00036846
44.719 -0.436332 -0.539552 0.103219 10.4181 -1.40451e-05 0.247367 -0.00214233 -0.539552 -0.00560144 1.55463 0.000368443
44.72 -0.436332 -0.539561 0.103229 10.4188 -1.41335e-05 0.247387 -0.00214262 -0.539561 -0.00560173 1.55463 0.000368427
44.721 -0.436332 -0.539571 0.103239 10.4195 -1.42214e-05 0.247408 -0.0021429 -0.539571 -0.00560202 1.55463 0.00036841
44.722 -0.436332 -0.539581 0.103248 10.4203 -1.43089e-05 0.247428 -0.00214319 -0.539581 -0.00560232 1.55463 0.000368394
44.723 -0.436332 -0.53959 0.103258 10.421 -1.43959e-05 0.247448 -0.00214348 -0.53959 -0.00560261 1.55463 0.000368377
44.724 -0.436332 -0.5396 0.103267 10.4217 -1.44826e-05 0.247469 -0.00214377 -0.5396 -0.0056029 1.55463 0.000368361
44.725 -0.436332 -0.539609 0.103277 10.4224 -1.45689e-05 0.247489 -0.00214405 -0.539609 -0.00560319 1.55463 0.000368344
44.726 -0.436332 -0.539618 0.103286 10.4231 -1.46547e-05 0.247509 -0.00214434 -0.539618 -0.00560348 1.55463 0.000368328
44.727 -0.436332 -0.539628 0.103296 10.4238 -1.47401e-05 0.247529 -0.00214462 -0.539628 -0.00560377 1.55463 0.000368312
44.728 -0.436332 -0.539637 0.103305 10.4245 -1.48251e-05 0.247549 -0.0021449 -0.539637 -0.00560405 1.55463 0.000368295
44.729 -0.436332 -0.539647 0.103314 10.4252 -1.49098e-05 0.24757 -0.00214519 -0.539647 -0.00560434 1.55463 0.000368279
44.73 -0.436332 -0.539656 0.103324 10.426 -1.4994e-05 0.24759 -0.00214547 -0.539656 -0.00560463 1.55463 0.000368263
44.731 -0.436332 -0.539665 0.103333 10.4267 -1.50777e-05 0.24761 -0.00214575 -0.539665 -0.00560491 1.55463 0.000368246
44.732 -0.436332 -0.539675 0.103342 10.4273 -1.51611e-05 0.247629 -0.00214603 -0.539675 -0.0056052 1.55463 0.00036823
44.733 -0.436332 -0.539684 0.103352 10.428 -1.52441e-05 0.247649 -0.00214631 -0.539684 -0.00560548 1.55463 0.000368214
44.734 -0.436332 -0.539693 0.103361 10.4287 -1.53266e-05 0.247669 -0.00214659 -0.539693 -0.00560577 1.55463 0.000368198
44.735 -0.436332 -0.539702 0.10337 10.4294 -1.54088e-05 0.247689 -0.00214687 -0.539702 -0.00560605 1.55462 0.000368182
44.736 -0.436332 -0.539712 0.103379 10.4301 -1.54905e-05 0.247709 -0.00214715 -0.539712 -0.00560633 1.55462 0.000368165
44.737 -0.436332 -0.539721 0.103389 10.4308 -1.55718e-05 0.247728 -0.00214743 -0.539721 -0.00560662 1.55462 0.000368149
44.738 -0.436332 -0.53973 0.103398 10.4315 -1.56527e-05 0.247748 -0.0021477 -0.53973 -0.0056069 1.55462 0.000368133
44.739 -0.436332 -0.539739 0.103407 10.4321 -1.57333e-05 0.247768 -0.00214798 -0.539739 -0.00560718 1.55462 0.000368117
44.74 -0.436332 -0.539748 0.103416 10.4328 -1.58133e-05 0.247787 -0.00214825 -0.539748 -0.00560746 1.55462 0.000368101
44.741 -0.436332 -0.539757 0.103425 10.4335 -1.5893e-05 0.247807 -0.00214853 -0.539757 -0.00560774 1.55462 0.000368085
44.742 -0.436332 -0.539766 0.103434 10.4342 -1.59723e-05 0.247826 -0.0021488 -0.539766 -0.00560802 1.55462 0.000368069
44.743 -0.436332 -0.539776 0.103443 10.4348 -1.60512e-05 0.247845 -0.00214908 -0.539776 -0.00560829 1.55462 0.000368053
44.744 -0.436332 -0.539785 0.103452 10.4355 -1.61296e-05 0.247865 -0.00214935 -0.539785 -0.00560857 1.55462 0.000368038
44.745 -0.436332 -0.539794 0.103461 10.4362 -1.62077e-05 0.247884 -0.00214962 -0.539794 -0.00560885 1.55462 0.000368022
44.746 -0.436332 -0.539803 0.10347 10.4368 -1.62853e-05 0.247903 -0.00214989 -0.539803 -0.00560912 1.55462 0.000368006
44.747 -0.436332 -0.539811 0.103479 10.4375 -1.63626e-05 0.247922 -0.00215016 -0.539811 -0.0056094 1.55462 0.00036799
44.748 -0.436332 -0.53982 0.103488 10.4381 -1.64394e-05 0.247941 -0.00215043 -0.53982 -0.00560967 1.55462 0.000367974
44.749 -0.436332 -0.539829 0.103497 10.4388 -1.65158e-05 0.247961 -0.0021507 -0.539829 -0.00560995 1.55462 0.000367959
44.75 -0.436332 -0.539838 0.103506 10.4394 -1.65918e-05 0.24798 -0.00215097 -0.539838 -0.00561022 1.55462 0.000367943
44.751 -0.436332 -0.539847 0.103515 10.4401 -1.66674e-05 0.247999 -0.00215124 -0.539847 -0.00561049 1.55462 0.000367927
44.752 -0.436332 -0.539856 0.103524 10.4407 -1.67426e-05 0.248017 -0.00215151 -0.539856 -0.00561076 1.55461 0.000367912
44.753 -0.436332 -0.539865 0.103532 10.4413 -1.68174e-05 0.248036 -0.00215177 -0.539865 -0.00561104 1.55461 0.000367896
44.754 -0.436332 -0.539874 0.103541 10.442 -1.68918e-05 0.248055 -0.00215204 -0.539874 -0.00561131 1.55461 0.000367881
44.755 -0.436332 -0.539882 0.10355 10.4426 -1.69658e-05 0.248074 -0.0021523 -0.539882 -0.00561158 1.55461 0.000367865
44.756 -0.436332 -0.539891 0.103559 10.4432 -1.70394e-05 0.248093 -0.00215257 -0.539891 -0.00561184 1.55461 0.00036785
44.757 -0.436332 -0.5399 0.103567 10.4439 -1.71126e-05 0.248111 -0.00215283 -0.5399 -0.00561211 1.55461 0.000367834
44.758 -0.436332 -0.539908 0.103576 10.4445 -1.71853e-05 0.24813 -0.00215309 -0.539908 -0.00561238 1.55461 0.000367819
44.759 -0.436332 -0.539917 0.103585 10.4451 -1.72577e-05 0.248148 -0.00215336 -0.539917 -0.00561265 1.55461 0.000367803
44.76 -0.436332 -0.539926 0.103593 10.4457 -1.73297e-05 0.248167 -0.00215362 -0.539926 -0.00561291 1.55461 0.000367788
44.761 -0.436332 -0.539934 0.103602 10.4463 -1.74012e-05 0.248185 -0.00215388 -0.539934 -0.00561318 1.55461 0.000367773
44.762 -0.436332 -0.539943 0.103611 10.447 -1.74724e-05 0.248204 -0.00215414 -0.539943 -0.00561344 1.55461 0.000367757
44.763 -0.436332 -0.539951 0.103619 10.4476 -1.75431e-05 0.248222 -0.0021544 -0.539951 -0.00561371 1.55461 0.000367742
44.764 -0.436332 -0.53996 0.103628 10.4482 -1.76135e-05 0.24824 -0.00215466 -0.53996 -0.00561397 1.55461 0.000367727
44.765 -0.436332 -0.539969 0.103636 10.4488 -1.76834e-05 0.248259 -0.00215491 -0.539969 -0.00561423 1.55461 0.000367712
44.766 -0.436332 -0.539977 0.103645 10.4494 -1.77529e-05 0.248277 -0.00215517 -0.539977 -0.00561449 1.55461 0.000367696
44.767 -0.436332 -0.539985 0.103653 10.45 -1.78221e-05 0.248295 -0.00215543 -0.539985 -0.00561475 1.55461 0.000367681
44.768 -0.436332 -0.539994 0.103662 10.4506 -1.78908e-05 0.248313 -0.00215568 -0.539994 -0.00561502 1.55461 0.000367666
44.769 -0.436332 -0.540002 0.10367 10.4512 -1.79591e-05 0.248331 -0.00215594 -0.540002 -0.00561527 1.55461 0.000367651
44.77 -0.436332 -0.540011 0.103678 10.4518 -1.80271e-05 0.248349 -0.00215619 -0.540011 -0.00561553 1.55461 0.000367636
44.771 -0.436332 -0.540019 0.103687 10.4523 -1.80946e-05 0.248367 -0.00215644 -0.540019 -0.00561579 1.5546 0.000367621
44.772 -0.436332 -0.540027 0.103695 10.4529 -1.81617e-05 0.248385 -0.0021567 -0.540027 -0.00561605 1.5546 0.000367606
44.773 -0.436332 -0.540036 0.103703 10.4535 -1.82285e-05 0.248403 -0.00215695 -0.540036 -0.00561631 1.5546 0.000367591
44.774 -0.436332 -0.540044 0.103712 10.4541 -1.82948e-05 0.248421 -0.0021572 -0.540044 -0.00561656 1.5546 0.000367576
44.775 -0.436332 -0.540052 0.10372 10.4547 -1.83607e-05 0.248438 -0.00215745 -0.540052 -0.00561682 1.5546 0.000367561
44.776 -0.436332 -0.540061 0.103728 10.4552 -1.84263e-05 0.248456 -0.0021577 -0.540061 -0.00561707 1.5546 0.000367547
44.777 -0.436332 -0.540069 0.103736 10.4558 -1.84914e-05 0.248474 -0.00215795 -0.540069 -0.00561733 1.5546 0.000367532
44.778 -0.436332 -0.540077 0.103745 10.4564 -1.85561e-05 0.248491 -0.0021582 -0.540077 -0.00561758 1.5546 0.000367517
44.779 -0.436332 -0.540085 0.103753 10.4569 -1.86205e-05 0.248509 -0.00215845 -0.540085 -0.00561783 1.5546 0.000367502
44.78 -0.436332 -0.540093 0.103761 10.4575 -1.86844e-05 0.248526 -0.00215869 -0.540093 -0.00561808 1.5546 0.000367488
44.781 -0.436332 -0.540101 0.103769 10.4581 -1.87479e-05 0.248544 -0.00215894 -0.540101 -0.00561833 1.5546 0.000367473
44.782 -0.436332 -0.540109 0.103777 10.4586 -1.88111e-05 0.248561 -0.00215918 -0.540109 -0.00561858 1.5546 0.000367458
44.783 -0.436332 -0.540118 0.103785 10.4592 -1.88738e-05 0.248578 -0.00215943 -0.540118 -0.00561883 1.5546 0.000367444
44.784 -0.436332 -0.540126 0.103793 10.4597 -1.89362e-05 0.248595 -0.00215967 -0.540126 -0.00561908 1.5546 0.000367429
44.785 -0.436332 -0.540134 0.103801 10.4603 -1.89981e-05 0.248613 -0.00215992 -0.540134 -0.00561933 1.5546 0.000367415
44.786 -0.436332 -0.540142 0.103809 10.4608 -1.90597e-05 0.24863 -0.00216016 -0.540142 -0.00561958 1.5546 0.0003674
44.787 -0.436332 -0.54015 0.103817 10.4614 -1.91209e-05 0.248647 -0.0021604 -0.54015 -0.00561982 1.5546 0.000367386
44.788 -0.436332 -0.540157 0.103825 10.4619 -1.91816e-05 0.248664 -0.00216064 -0.540157 -0.00562007 1.5546 0.000367371
44.789 -0.436332 -0.540165 0.103833 10.4624 -1.9242e-05 0.248681 -0.00216088 -0.540165 -0.00562031 1.5546 0.000367357
44.79 -0.436332 -0.540173 0.103841 10.463 -1.9302e-05 0.248698 -0.00216112 -0.540173 -0.00562056 1.5546 0.000367342
44.791 -0.436332 -0.540181 0.103849 10.4635 -1.93616e-05 0.248715 -0.00216136 -0.540181 -0.0056208 1.5546 0.000367328
44.792 -0.436332 -0.540189 0.103857 10.464 -1.94208e-05 0.248732 -0.0021616 -0.540189 -0.00562105 1.55459 0.000367314
44.793 -0.436332 -0.540197 0.103864 10.4646 -1.94796e-05 0.248748 -0.00216184 -0.540197 -0.00562129 1.55459 0.0003673
44.794 -0.436332 -0.540205 0.103872 10.4651 -1.9538e-05 0.248765 -0.00216207 -0.540205 -0.00562153 1.55459 0.000367285
44.795 -0.436332 -0.540212 0.10388 10.4656 -1.9596e-05 0.248782 -0.00216231 -0.540212 -0.00562177 1.55459 0.000367271
44.796 -0.436332 -0.54022 0.103888 10.4661 -1.96536e-05 0.248798 -0.00216254 -0.54022 -0.00562201 1.55459 0.000367257
44.797 -0.436332 -0.540228 0.103895 10.4666 -1.97109e-05 0.248815 -0.00216278 -0.540228 -0.00562225 1.55459 0.000367243
44.798 -0.436332 -0.540235 0.103903 10.4672 -1.97677e-05 0.248831 -0.00216301 -0.540235 -0.00562249 1.55459 0.000367229
44.799 -0.436332 -0.540243 0.103911 10.4677 -1.98242e-05 0.248848 -0.00216324 -0.540243 -0.00562272 1.55459 0.000367215
44.8 -0.436332 -0.540251 0.103918 10.4682 -1.98802e-05 0.248864 -0.00216348 -0.540251 -0.00562296 1.55459 0.000367201
44.801 -0.436332 -0.540258 0.103926 10.4687 -1.99359e-05 0.24888 -0.00216371 -0.540258 -0.0056232 1.55459 0.000367187
44.802 -0.436332 -0.540266 0.103934 10.4692 -1.99912e-05 0.248897 -0.00216394 -0.540266 -0.00562343 1.55459 0.000367173
44.803 -0.436332 -0.540274 0.103941 10.4697 -2.00461e-05 0.248913 -0.00216417 -0.540274 -0.00562367 1.55459 0.000367159
44.804 -0.436332 -0.540281 0.103949 10.4702 -2.01006e-05 0.248929 -0.0021644 -0.540281 -0.0056239 1.55459 0.000367145
44.805 -0.436332 -0.540289 0.103956 10.4707 -2.01547e-05 0.248945 -0.00216462 -0.540289 -0.00562413 1.55459 0.000367131
44.806 -0.436332 -0.540296 0.103964 10.4712 -2.02085e-05 0.248961 -0.00216485 -0.540296 -0.00562437 1.55459 0.000367118
44.807 -0.436332 -0.540303 0.103971 10.4716 -2.02618e-05 0.248977 -0.00216508 -0.540303 -0.0056246 1.55459 0.000367104
44.808 -0.436332 -0.540311 0.103979 10.4721 -2.03148e-05 0.248993 -0.00216531 -0.540311 -0.00562483 1.55459 0.00036709
44.809 -0.436332 -0.540318 0.103986 10.4726 -2.03674e-05 0.249009 -0.00216553 -0.540318 -0.00562506 1.55459 0.000367077
44.81 -0.436332 -0.540326 0.103993 10.4731 -2.04196e-05 0.249025 -0.00216575 -0.540326 -0.00562529 1.55459 0.000367063
44.811 -0.436332 -0.540333 0.104001 10.4736 -2.04714e-05 0.249041 -0.00216598 -0.540333 -0.00562552 1.55459 0.000367049
44.812 -0.436332 -0.54034 0.104008 10.474 -2.05228e-05 0.249057 -0.0021662 -0.54034 -0.00562574 1.55459 0.000367036
44.813 -0.436332 -0.540348 0.104015 10.4745 -2.05738e-05 0.249072 -0.00216642 -0.540348 -0.00562597 1.55459 0.000367022
44.814 -0.436332 -0.540355 0.104023 10.475 -2.06245e-05 0.249088 -0.00216665 -0.540355 -0.0056262 1.55458 0.000367009
44.815 -0.436332 -0.540362 0.10403 10.4754 -2.06748e-05 0.249103 -0.00216687 -0.540362 -0.00562642 1.55458 0.000366995
44.816 -0.436332 -0.540369 0.104037 10.4759 -2.07246e-05 0.249119 -0.00216709 -0.540369 -0.00562665 1.55458 0.000366982
44.817 -0.436332 -0.540377 0.104044 10.4764 -2.07742e-05 0.249134 -0.00216731 -0.540377 -0.00562687 1.55458 0.000366968
44.818 -0.436332 -0.540384 0.104051 10.4768 -2.08233e-05 0.24915 -0.00216752 -0.540384 -0.0056271 1.55458 0.000366955
44.819 -0.436332 -0.540391 0.104059 10.4773 -2.0872e-05 0.249165 -0.00216774 -0.540391 -0.00562732 1.55458 0.000366942
44.82 -0.436332 -0.540398 0.104066 10.4777 -2.09204e-05 0.24918 -0.00216796 -0.540398 -0.00562754 1.55458 0.000366929
44.821 -0.436332 -0.540405 0.104073 10.4782 -2.09684e-05 0.249196 -0.00216817 -0.540405 -0.00562776 1.55458 0.000366915
44.822 -0.436332 -0.540412 0.10408 10.4786 -2.1016e-05 0.249211 -0.00216839 -0.540412 -0.00562798 1.55458 0.000366902
44.823 -0.436332 -0.540419 0.104087 10.4791 -2.10632e-05 0.249226 -0.0021686 -0.540419 -0.0056282 1.55458 0.000366889
44.824 -0.436332 -0.540426 0.104094 10.4795 -2.11101e-05 0.249241 -0.00216882 -0.540426 -0.00562842 1.55458 0.000366876
44.825 -0.436332 -0.540433 0.104101 10.48 -2.11565e-05 0.249256 -0.00216903 -0.540433 -0.00562864 1.55458 0.000366863
44.826 -0.436332 -0.54044 0.104108 10.4804 -2.12026e-05 0.249271 -0.00216924 -0.54044 -0.00562885 1.55458 0.00036685
44.827 -0.436332 -0.540447 0.104115 10.4808 -2.12484e-05 0.249286 -0.00216946 -0.540447 -0.00562907 1.55458 0.000366837
44.828 -0.436332 -0.540454 0.104122 10.4813 -2.12937e-05 0.249301 -0.00216967 -0.540454 -0.00562929 1.55458 0.000366824
44.829 -0.436332 -0.540461 0.104129 10.4817 -2.13387e-05 0.249316 -0.00216988 -0.540461 -0.0056295 1.55458 0.000366811
44.83 -0.436332 -0.540468 0.104135 10.4821 -2.13833e-05 0.24933 -0.00217009 -0.540468 -0.00562972 1.55458 0.000366798
44.831 -0.436332 -0.540475 0.104142 10.4825 -2.14275e-05 0.249345 -0.00217029 -0.540475 -0.00562993 1.55458 0.000366785
44.832 -0.436332 -0.540481 0.104149 10.4829 -2.14713e-05 0.24936 -0.0021705 -0.540481 -0.00563014 1.55458 0.000366772
44.833 -0.436332 -0.540488 0.104156 10.4834 -2.15148e-05 0.249374 -0.00217071 -0.540488 -0.00563035 1.55458 0.000366759
44.834 -0.436332 -0.540495 0.104163 10.4838 -2.15579e-05 0.249389 -0.00217092 -0.540495 -0.00563056 1.55458 0.000366747
44.835 -0.436332 -0.540502 0.104169 10.4842 -2.16006e-05 0.249403 -0.00217112 -0.540502 -0.00563077 1.55458 0.000366734
44.836 -0.436332 -0.540508 0.104176 10.4846 -2.16429e-05 0.249418 -0.00217133 -0.540508 -0.00563098 1.55458 0.000366721
44.837 -0.436332 -0.540515 0.104183 10.485 -2.16849e-05 0.249432 -0.00217153 -0.540515 -0.00563119 1.55458 0.000366709
44.838 -0.436332 -0.540522 0.104189 10.4854 -2.17265e-05 0.249446 -0.00217173 -0.540522 -0.0056314 1.55457 0.000366696
44.839 -0.436332 -0.540528 0.104196 10.4858 -2.17678e-05 0.249461 -0.00217194 -0.540528 -0.00563161 1.55457 0.000366683
44.84 -0.436332 -0.540535 0.104203 10.4862 -2.18086e-05 0.249475 -0.00217214 -0.540535 -0.00563181 1.55457 0.000366671
44.841 -0.436332 -0.540541 0.104209 10.4866 -2.18491e-05 0.249489 -0.00217234 -0.540541 -0.00563202 1.55457 0.000366658
44.842 -0.436332 -0.540548 0.104216 10.487 -2.18893e-05 0.249503 -0.00217254 -0.540548 -0.00563223 1.55457 0.000366646
44.843 -0.436332 -0.540554 0.104222 10.4874 -2.1929e-05 0.249517 -0.00217274 -0.540554 -0.00563243 1.55457 0.000366634
44.844 -0.436332 -0.540561 0.104229 10.4878 -2.19684e-05 0.249531 -0.00217294 -0.540561 -0.00563263 1.55457 0.000366621
44.845 -0.436332 -0.540567 0.104235 10.4882 -2.20075e-05 0.249545 -0.00217313 -0.540567 -0.00563284 1.55457 0.000366609
44.846 -0.436332 -0.540574 0.104242 10.4885 -2.20461e-05 0.249559 -0.00217333 -0.540574 -0.00563304 1.55457 0.000366597
44.847 -0.436332 -0.54058 0.104248 10.4889 -2.20844e-05 0.249573 -0.00217353 -0.54058 -0.00563324 1.55457 0.000366584
44.848 -0.436332 -0.540587 0.104254 10.4893 -2.21223e-05 0.249586 -0.00217372 -0.540587 -0.00563344 1.55457 0.000366572
44.849 -0.436332 -0.540593 0.104261 10.4897 -2.21599e-05 0.2496 -0.00217392 -0.540593 -0.00563364 1.55457 0.00036656
44.85 -0.436332 -0.540599 0.104267 10.49 -2.21971e-05 0.249614 -0.00217411 -0.540599 -0.00563384 1.55457 0.000366548
44.851 -0.436332 -0.540606 0.104273 10.4904 -2.2234e-05 0.249627 -0.00217431 -0.540606 -0.00563404 1.55457 0.000366536
44.852 -0.436332 -0.540612 0.10428 10.4908 -2.22704e-05 0.249641 -0.0021745 -0.540612 -0.00563423 1.55457 0.000366524
44.853 -0.436332 -0.540618 0.104286 10.4911 -2.23065e-05 0.249654 -0.00217469 -0.540618 -0.00563443 1.55457 0.000366512
44.854 -0.436332 -0.540624 0.104292 10.4915 -2.23423e-05 0.249668 -0.00217488 -0.540624 -0.00563462 1.55457 0.0003665
44.855 -0.436332 -0.540631 0.104298 10.4919 -2.23777e-05 0.249681 -0.00217507 -0.540631 -0.00563482 1.55457 0.000366488
44.856 -0.436332 -0.540637 0.104305 10.4922 -2.24127e-05 0.249694 -0.00217526 -0.540637 -0.00563501 1.55457 0.000366476
44.857 -0.436332 -0.540643 0.104311 10.4926 -2.24474e-05 0.249708 -0.00217545 -0.540643 -0.00563521 1.55457 0.000366464
44.858 -0.436332 -0.540649 0.104317 10.4929 -2.24817e-05 0.249721 -0.00217564 -0.540649 -0.0056354 1.55457 0.000366452
44.859 -0.436332 -0.540655 0.104323 10.4933 -2.25157e-05 0.249734 -0.00217582 -0.540655 -0.00563559 1.55457 0.00036644
44.86 -0.436332 -0.540661 0.104329 10.4936 -2.25492e-05 0.249747 -0.00217601 -0.540661 -0.00563578 1.55457 0.000366428
44.861 -0.436332 -0.540667 0.104335 10.494 -2.25825e-05 0.24976 -0.00217619 -0.540667 -0.00563597 1.55457 0.000366417
44.862 -0.436332 -0.540673 0.104341 10.4943 -2.26154e-05 0.249773 -0.00217638 -0.540673 -0.00563616 1.55457 0.000366405
44.863 -0.436332 -0.540679 0.104347 10.4946 -2.26479e-05 0.249786 -0.00217656 -0.540679 -0.00563635 1.55457 0.000366393
44.864 -0.436332 -0.540685 0.104353 10.495 -2.26801e-05 0.249799 -0.00217675 -0.540685 -0.00563654 1.55457 0.000366382
44.865 -0.436332 -0.540691 0.104359 10.4953 -2.27119e-05 0.249812 -0.00217693 -0.540691 -0.00563673 1.55457 0.00036637
44.866 -0.436332 -0.540697 0.104365 10.4956 -2.27433e-05 0.249824 -0.00217711 -0.540697 -0.00563691 1.55456 0.000366359
44.867 -0.436332 -0.540703 0.104371 10.496 -2.27744e-05 0.249837 -0.00217729 -0.540703 -0.0056371 1.55456 0.000366347
44.868 -0.436332 -0.540709 0.104377 10.4963 -2.28052e-05 0.24985 -0.00217747 -0.540709 -0.00563728 1.55456 0.000366336
44.869 -0.436332 -0.540715 0.104382 10.4966 -2.28356e-05 0.249862 -0.00217765 -0.540715 -0.00563747 1.55456 0.000366324
44.87 -0.436332 -0.540721 0.104388 10.4969 -2.28656e-05 0.249875 -0.00217783 -0.540721 -0.00563765 1.55456 0.000366313
44.871 -0.436332 -0.540726 0.104394 10.4972 -2.28953e-05 0.249887 -0.00217801 -0.540726 -0.00563783 1.55456 0.000366302
44.872 -0.436332 -0.540732 0.1044 10.4976 -2.29247e-05 0.2499 -0.00217818 -0.540732 -0.00563802 1.55456 0.00036629
44.873 -0.436332 -0.540738 0.104406 10.4979 -2.29537e-05 0.249912 -0.00217836 -0.540738 -0.0056382 1.55456 0.000366279
44.874 -0.436332 -0.540744 0.104411 10.4982 -2.29823e-05 0.249924 -0.00217854 -0.540744 -0.00563838 1.55456 0.000366268
44.875 -0.436332 -0.540749 0.104417 10.4985 -2.30106e-05 0.249937 -0.00217871 -0.540749 -0.00563856 1.55456 0.000366257
44.876 -0.436332 -0.540755 0.104423 10.4988 -2.30386e-05 0.249949 -0.00217889 -0.540755 -0.00563873 1.55456 0.000366246
44.877 -0.436332 -0.54076 0.104428 10.4991 -2.30662e-05 0.249961 -0.00217906 -0.54076 -0.00563891 1.55456 0.000366235
44.878 -0.436332 -0.540766 0.104434 10.4994 -2.30934e-05 0.249973 -0.00217923 -0.540766 -0.00563909 1.55456 0.000366223
44.879 -0.436332 -0.540772 0.104439 10.4997 -2.31203e-05 0.249985 -0.0021794 -0.540772 -0.00563927 1.55456 0.000366212
44.88 -0.436332 -0.540777 0.104445 10.5 -2.31469e-05 0.249997 -0.00217957 -0.540777 -0.00563944 1.55456 0.000366201
44.881 -0.436332 -0.540783 0.10445 10.5003 -2.31731e-05 0.250009 -0.00217974 -0.540783 -0.00563962 1.55456 0.000366191
44.882 -0.436332 -0.540788 0.104456 10.5006 -2.3199e-05 0.250021 -0.00217991 -0.540788 -0.00563979 1.55456 0.00036618
44.883 -0.436332 -0.540794 0.104461 10.5008 -2.32245e-05 0.250033 -0.00218008 -0.540794 -0.00563996 1.55456 0.000366169
44.884 -0.436332 -0.540799 0.104467 10.5011 -2.32497e-05 0.250044 -0.00218025 -0.540799 -0.00564014 1.55456 0.000366158
44.885 -0.436332 -0.540805 0.104472 10.5014 -2.32746e-05 0.250056 -0.00218042 -0.540805 -0.00564031 1.55456 0.000366147
44.886 -0.436332 -0.54081 0.104478 10.5017 -2.32991e-05 0.250068 -0.00218058 -0.54081 -0.00564048 1.55456 0.000366136
44.887 -0.436332 -0.540815 0.104483 10.502 -2.33232e-05 0.250079 -0.00218075 -0.540815 -0.00564065 1.55456 0.000366126
44.888 -0.436332 -0.540821 0.104488 10.5022 -2.33471e-05 0.250091 -0.00218091 -0.540821 -0.00564082 1.55456 0.000366115
44.889 -0.436332 -0.540826 0.104494 10.5025 -2.33706e-05 0.250102 -0.00218108 -0.540826 -0.00564099 1.55456 0.000366104
44.89 -0.436332 -0.540831 0.104499 10.5028 -2.33937e-05 0.250114 -0.00218124 -0.540831 -0.00564116 1.55456 0.000366094
44.891 -0.436332 -0.540837 0.104504 10.503 -2.34165e-05 0.250125 -0.0021814 -0.540837 -0.00564132 1.55456 0.000366083
44.892 -0.436332 -0.540842 0.104509 10.5033 -2.3439e-05 0.250136 -0.00218156 -0.540842 -0.00564149 1.55456 0.000366073
44.893 -0.436332 -0.540847 0.104515 10.5036 -2.34611e-05 0.250148 -0.00218173 -0.540847 -0.00564165 1.55456 0.000366062
44.894 -0.436332 -0.540852 0.10452 10.5038 -2.34829e-05 0.250159 -0.00218189 -0.540852 -0.00564182 1.55456 0.000366052
44.895 -0.436332 -0.540857 0.104525 10.5041 -2.35044e-05 0.25017 -0.00218204 -0.540857 -0.00564198 1.55456 0.000366041
44.896 -0.436332 -0.540862 0.10453 10.5043 -2.35255e-05 0.250181 -0.0021822 -0.540862 -0.00564215 1.55456 0.000366031
44.897 -0.436332 -0.540868 0.104535 10.5046 -2.35463e-05 0.250192 -0.00218236 -0.540868 -0.00564231 1.55456 0.000366021
44.898 -0.436332 -0.540873 0.10454 10.5048 -2.35668e-05 0.250203 -0.00218252 -0.540873 -0.00564247 1.55456 0.000366011
44.899 -0.436332 -0.540878 0.104545 10.5051 -2.35869e-05 0.250214 -0.00218267 -0.540878 -0.00564263 1.55456 0.000366
44.9 -0.436332 -0.540883 0.10455 10.5053 -2.36067e-05 0.250225 -0.00218283 -0.540883 -0.00564279 1.55455 0.00036599
44.901 -0.436332 -0.540888 0.104555 10.5056 -2.36262e-05 0.250236 -0.00218299 -0.540888 -0.00564295 1.55455 0.00036598
44.902 -0.436332 -0.540893 0.10456 10.5058 -2.36453e-05 0.250246 -0.00218314 -0.540893 -0.00564311 1.55455 0.00036597
44.903 -0.436332 -0.540898 0.104565 10.506 -2.36641e-05 0.250257 -0.00218329 -0.540898 -0.00564327 1.55455 0.00036596
44.904 -0.436332 -0.540903 0.10457 10.5063 -2.36826e-05 0.250268 -0.00218344 -0.540903 -0.00564342 1.55455 0.00036595
44.905 -0.436332 -0.540907 0.104575 10.5065 -2.37007e-05 0.250278 -0.0021836 -0.540907 -0.00564358 1.55455 0.00036594
44.906 -0.436332 -0.540912 0.10458 10.5067 -2.37186e-05 0.250289 -0.00218375 -0.540912 -0.00564374 1.55455 0.00036593
44.907 -0.436332 -0.540917 0.104585 10.5069 -2.37361e-05 0.250299 -0.0021839 -0.540917 -0.00564389 1.55455 0.00036592
44.908 -0.436332 -0.540922 0.10459 10.5072 -2.37532e-05 0.25031 -0.00218405 -0.540922 -0.00564405 1.55455 0.00036591
44.909 -0.436332 -0.540927 0.104594 10.5074 -2.37701e-05 0.25032 -0.0021842 -0.540927 -0.0056442 1.55455 0.0003659
44.91 -0.436332 -0.540932 0.104599 10.5076 -2.37866e-05 0.25033 -0.00218434 -0.540932 -0.00564435 1.55455 0.00036589
44.911 -0.436332 -0.540936 0.104604 10.5078 -2.38028e-05 0.250341 -0.00218449 -0.540936 -0.0056445 1.55455 0.000365881
44.912 -0.436332 -0.540941 0.104609 10.508 -2.38187e-05 0.250351 -0.00218464 -0.540941 -0.00564465 1.55455 0.000365871
44.913 -0.436332 -0.540946 0.104613 10.5082 -2.38342e-05 0.250361 -0.00218478 -0.540946 -0.0056448 1.55455 0.000365861
44.914 -0.436332 -0.54095 0.104618 10.5085 -2.38494e-05 0.250371 -0.00218493 -0.54095 -0.00564495 1.55455 0.000365852
44.915 -0.436332 -0.540955 0.104623 10.5087 -2.38643e-05 0.250381 -0.00218507 -0.540955 -0.0056451 1.55455 0.000365842
44.916 -0.436332 -0.54096 0.104627 10.5089 -2.38789e-05 0.250391 -0.00218522 -0.54096 -0.00564525 1.55455 0.000365832
44.917 -0.436332 -0.540964 0.104632 10.5091 -2.38932e-05 0.250401 -0.00218536 -0.540964 -0.0056454 1.55455 0.000365823
44.918 -0.436332 -0.540969 0.104636 10.5093 -2.39071e-05 0.250411 -0.0021855 -0.540969 -0.00564554 1.55455 0.000365813
44.919 -0.436332 -0.540973 0.104641 10.5095 -2.39208e-05 0.250421 -0.00218564 -0.540973 -0.00564569 1.55455 0.000365804
44.92 -0.436332 -0.540978 0.104646 10.5097 -2.39341e-05 0.250431 -0.00218578 -0.540978 -0.00564583 1.55455 0.000365795
44.921 -0.436332 -0.540982 0.10465 10.5099 -2.39471e-05 0.25044 -0.00218592 -0.540982 -0.00564598 1.55455 0.000365785
44.922 -0.436332 -0.540987 0.104654 10.51 -2.39598e-05 0.25045 -0.00218606 -0.540987 -0.00564612 1.55455 0.000365776
44.923 -0.436332 -0.540991 0.104659 10.5102 -2.39721e-05 0.25046 -0.0021862 -0.540991 -0.00564626 1.55455 0.000365767
44.924 -0.436332 -0.540996 0.104663 10.5104 -2.39842e-05 0.250469 -0.00218633 -0.540996 -0.00564641 1.55455 0.000365757
44.925 -0.436332 -0.541 0.104668 10.5106 -2.39959e-05 0.250479 -0.00218647 -0.541 -0.00564655 1.55455 0.000365748
44.926 -0.436332 -0.541004 0.104672 10.5108 -2.40073e-05 0.250488 -0.00218661 -0.541004 -0.00564669 1.55455 0.000365739
44.927 -0.436332 -0.541009 0.104676 10.511 -2.40184e-05 0.250497 -0.00218674 -0.541009 -0.00564683 1.55455 0.00036573
44.928 -0.436332 -0.541013 0.104681 10.5111 -2.40292e-05 0.250507 -0.00218688 -0.541013 -0.00564697 1.55455 0.000365721
44.929 -0.436332 -0.541017 0.104685 10.5113 -2.40397e-05 0.250516 -0.00218701 -0.541017 -0.0056471 1.55455 0.000365712
44.93 -0.436332 -0.541022 0.104689 10.5115 -2.40499e-05 0.250525 -0.00218714 -0.541022 -0.00564724 1.55455 0.000365703
44.931 -0.436332 -0.541026 0.104693 10.5116 -2.40598e-05 0.250534 -0.00218727 -0.541026 -0.00564738 1.55455 0.000365694
44.932 -0.436332 -0.54103 0.104698 10.5118 -2.40693e-05 0.250544 -0.00218741 -0.54103 -0.00564751 1.55455 0.000365685
44.933 -0.436332 -0.541034 0.104702 10.512 -2.40786e-05 0.250553 -0.00218754 -0.541034 -0.00564765 1.55455 0.000365676
44.934 -0.436332 -0.541038 0.104706 10.5121 -2.40875e-05 0.250562 -0.00218767 -0.541038 -0.00564778 1.55455 0.000365667
44.935 -0.436332 -0.541042 0.10471 10.5123 -2.40961e-05 0.250571 -0.0021878 -0.541042 -0.00564791 1.55455 0.000365658
44.936 -0.436332 -0.541047 0.104714 10.5124 -2.41045e-05 0.250579 -0.00218792 -0.541047 -0.00564805 1.55455 0.000365649
44.937 -0.436332 -0.541051 0.104718 10.5126 -2.41125e-05 0.250588 -0.00218805 -0.541051 -0.00564818 1.55455 0.000365641
44.938 -0.436332 -0.541055 0.104722 10.5128 -2.41202e-05 0.250597 -0.00218818 -0.541055 -0.00564831 1.55455 0.000365632
44.939 -0.436332 -0.541059 0.104726 10.5129 -2.41276e-05 0.250606 -0.0021883 -0.541059 -0.00564844 1.55455 0.000365623
44.94 -0.436332 -0.541063 0.10473 10.5131 -2.41348e-05 0.250615 -0.00218843 -0.541063 -0.00564857 1.55455 0.000365615
44.941 -0.436332 -0.541067 0.104734 10.5132 -2.41416e-05 0.250623 -0.00218855 -0.541067 -0.0056487 1.55455 0.000365606
44.942 -0.436332 -0.541071 0.104738 10.5133 -2.41481e-05 0.250632 -0.00218868 -0.541071 -0.00564883 1.55455 0.000365598
44.943 -0.436332 -0.541075 0.104742 10.5135 -2.41543e-05 0.25064 -0.0021888 -0.541075 -0.00564896 1.55455 0.000365589
44.944 -0.436332 -0.541078 0.104746 10.5136 -2.41602e-05 0.250649 -0.00218892 -0.541078 -0.00564908 1.55454 0.000365581
44.945 -0.436332 -0.541082 0.10475 10.5138 -2.41658e-05 0.250657 -0.00218904 -0.541082 -0.00564921 1.55454 0.000365572
44.946 -0.436332 -0.541086 0.104754 10.5139 -2.41712e-05 0.250666 -0.00218917 -0.541086 -0.00564933 1.55454 0.000365564
44.947 -0.436332 -0.54109 0.104758 10.514 -2.41762e-05 0.250674 -0.00218929 -0.54109 -0.00564946 1.55454 0.000365556
44.948 -0.436332 -0.541094 0.104761 10.5141 -2.41809e-05 0.250682 -0.0021894 -0.541094 -0.00564958 1.55454 0.000365547
44.949 -0.436332 -0.541098 0.104765 10.5143 -2.41853e-05 0.25069 -0.00218952 -0.541098 -0.0056497 1.55454 0.000365539
44.95 -0.436332 -0.541101 0.104769 10.5144 -2.41895e-05 0.250698 -0.00218964 -0.541101 -0.00564983 1.55454 0.000365531
44.951 -0.436332 -0.541105 0.104773 10.5145 -2.41933e-05 0.250707 -0.00218976 -0.541105 -0.00564995 1.55454 0.000365523
44.952 -0.436332 -0.541109 0.104776 10.5146 -2.41968e-05 0.250715 -0.00218987 -0.541109 -0.00565007 1.55454 0.000365515
44.953 -0.436332 -0.541112 0.10478 10.5148 -2.42001e-05 0.250723 -0.00218999 -0.541112 -0.00565019 1.55454 0.000365506
44.954 -0.436332 -0.541116 0.104784 10.5149 -2.42031e-05 0.250731 -0.0021901 -0.541116 -0.00565031 1.55454 0.000365498
44.955 -0.436332 -0.54112 0.104787 10.515 -2.42057e-05 0.250738 -0.00219022 -0.54112 -0.00565043 1.55454 0.00036549
44.956 -0.436332 -0.541123 0.104791 10.5151 -2.42081e-05 0.250746 -0.00219033 -0.541123 -0.00565054 1.55454 0.000365482
44.957 -0.436332 -0.541127 0.104795 10.5152 -2.42102e-05 0.250754 -0.00219044 -0.541127 -0.00565066 1.55454 0.000365474
44.958 -0.436332 -0.54113 0.104798 10.5153 -2.4212e-05 0.250762 -0.00219056 -0.54113 -0.00565078 1.55454 0.000365467
44.959 -0.436332 -0.541134 0.104802 10.5154 -2.42135e-05 0.250769 -0.00219067 -0.541134 -0.00565089 1.55454 0.000365459
44.96 -0.436332 -0.541137 0.104805 10.5155 -2.42148e-05 0.250777 -0.00219078 -0.541137 -0.00565101 1.55454 0.000365451
44.961 -0.436332 -0.541141 0.104809 10.5156 -2.42157e-05 0.250785 -0.00219089 -0.541141 -0.00565112 1.55454 0.000365443
44.962 -0.436332 -0.541144 0.104812 10.5157 -2.42163e-05 0.250792 -0.002191 -0.541144 -0.00565123 1.55454 0.000365435
44.963 -0.436332 -0.541148 0.104815 10.5158 -2.42167e-05 0.2508 -0.00219111 -0.541148 -0.00565135 1.55454 0.000365428
44.964 -0.436332 -0.541151 0.104819 10.5159 -2.42168e-05 0.250807 -0.00219121 -0.541151 -0.00565146 1.55454 0.00036542
44.965 -0.436332 -0.541155 0.104822 10.516 -2.42166e-05 0.250814 -0.00219132 -0.541155 -0.00565157 1.55454 0.000365412
44.966 -0.436332 -0.541158 0.104826 10.5161 -2.42161e-05 0.250822 -0.00219143 -0.541158 -0.00565168 1.55454 0.000365405
44.967 -0.436332 -0.541161 0.104829 10.5162 -2.42154e-05 0.250829 -0.00219153 -0.541161 -0.00565179 1.55454 0.000365397
44.968 -0.436332 -0.541165 0.104832 10.5163 -2.42143e-05 0.250836 -0.00219164 -0.541165 -0.0056519 1.55454 0.00036539
44.969 -0.436332 -0.541168 0.104836 10.5163 -2.4213e-05 0.250843 -0.00219174 -0.541168 -0.00565201 1.55454 0.000365382
44.97 -0.436332 -0.541171 0.104839 10.5164 -2.42114e-05 0.25085 -0.00219184 -0.541171 -0.00565211 1.55454 0.000365375
44.971 -0.436332 -0.541174 0.104842 10.5165 -2.42095e-05 0.250857 -0.00219194 -0.541174 -0.00565222 1.55454 0.000365367
44.972 -0.436332 -0.541178 0.104845 10.5166 -2.42074e-05 0.250864 -0.00219205 -0.541178 -0.00565232 1.55454 0.00036536
44.973 -0.436332 -0.541181 0.104848 10.5167 -2.42049e-05 0.250871 -0.00219215 -0.541181 -0.00565243 1.55454 0.000365353
44.974 -0.436332 -0.541184 0.104852 10.5167 -2.42022e-05 0.250878 -0.00219225 -0.541184 -0.00565253 1.55454 0.000365346
44.975 -0.436332 -0.541187 0.104855 10.5168 -2.41993e-05 0.250885 -0.00219235 -0.541187 -0.00565264 1.55454 0.000365338
44.976 -0.436332 -0.54119 0.104858 10.5169 -2.4196e-05 0.250892 -0.00219245 -0.54119 -0.00565274 1.55454 0.000365331
44.977 -0.436332 -0.541193 0.104861 10.5169 -2.41925e-05 0.250899 -0.00219254 -0.541193 -0.00565284 1.55454 0.000365324
44.978 -0.436332 -0.541196 0.104864 10.517 -2.41887e-05 0.250905 -0.00219264 -0.541196 -0.00565294 1.55454 0.000365317
44.979 -0.436332 -0.541199 0.104867 10.517 -2.41846e-05 0.250912 -0.00219274 -0.541199 -0.00565305 1.55454 0.00036531
44.98 -0.436332 -0.541202 0.10487 10.5171 -2.41802e-05 0.250919 -0.00219283 -0.541202 -0.00565315 1.55454 0.000365303
44.981 -0.436332 -0.541205 0.104873 10.5172 -2.41756e-05 0.250925 -0.00219293 -0.541205 -0.00565324 1.55454 0.000365296
44.982 -0.436332 -0.541208 0.104876 10.5172 -2.41707e-05 0.250932 -0.00219302 -0.541208 -0.00565334 1.55454 0.000365289
44.983 -0.436332 -0.541211 0.104879 10.5173 -2.41656e-05 0.250938 -0.00219312 -0.541211 -0.00565344 1.55454 0.000365282
44.984 -0.436332 -0.541214 0.104882 10.5173 -2.41602e-05 0.250944 -0.00219321 -0.541214 -0.00565354 1.55454 0.000365275
44.985 -0.436332 -0.541217 0.104885 10.5174 -2.41545e-05 0.250951 -0.0021933 -0.541217 -0.00565363 1.55454 0.000365268
44.986 -0.436332 -0.54122 0.104888 10.5174 -2.41485e-05 0.250957 -0.00219339 -0.54122 -0.00565373 1.55454 0.000365261
44.987 -0.436332 -0.541223 0.10489 10.5175 -2.41423e-05 0.250963 -0.00219349 -0.541223 -0.00565383 1.55454 0.000365255
44.988 -0.436332 -0.541226 0.104893 10.5175 -2.41358e-05 0.250969 -0.00219358 -0.541226 -0.00565392 1.55454 0.000365248
44.989 -0.436332 -0.541228 0.104896 10.5175 -2.4129e-05 0.250975 -0.00219367 -0.541228 -0.00565401 1.55454 0.000365241
44.99 -0.436332 -0.541231 0.104899 10.5176 -2.4122e-05 0.250981 -0.00219375 -0.541231 -0.00565411 1.55454 0.000365235
44.991 -0.436332 -0.541234 0.104902 10.5176 -2.41148e-05 0.250987 -0.00219384 -0.541234 -0.0056542 1.55454 0.000365228
44.992 -0.436332 -0.541237 0.104904 10.5177 -2.41072e-05 0.250993 -0.00219393 -0.541237 -0.00565429 1.55454 0.000365221
44.993 -0.436332 -0.541239 0.104907 10.5177 -2.40994e-05 0.250999 -0.00219402 -0.541239 -0.00565438 1.55454 0.000365215
44.994 -0.436332 -0.541242 0.10491 10.5177 -2.40914e-05 0.251005 -0.0021941 -0.541242 -0.00565447 1.55454 0.000365208
44.995 -0.436332 -0.541245 0.104912 10.5177 -2.4083e-05 0.251011 -0.00219419 -0.541245 -0.00565456 1.55454 0.000365202
44.996 -0.436332 -0.541247 0.104915 10.5178 -2.40745e-05 0.251017 -0.00219427 -0.541247 -0.00565465 1.55454 0.000365195
44.997 -0.436332 -0.54125 0.104917 10.5178 -2.40656e-05 0.251023 -0.00219436 -0.54125 -0.00565474 1.55454 0.000365189
44.998 -0.436332 -0.541252 0.10492 10.5178 -2.40566e-05 0.251028 -0.00219444 -0.541252 -0.00565482 1.55454 0.000365183
44.999 -0.436332 -0.541255 0.104923 10.5178 -2.40472e-05 0.251034 -0.00219452 -0.541255 -0.00565491 1.55454 0.000365176
45 -0.436332 -0.541257 0.104925 10.5178 -2.40376e-05 0.251039 -0.0021946 -0.541257 -0.00565499 1.55454 0.00036517
45.001 -0.436332 -0.54126 0.104928 10.5179 -2.40278e-05 0.251045 -0.00219468 -0.54126 -0.00565508 1.55454 0.000365164
45.002 -0.436332 -0.541262 0.10493 10.5179 -2.40176e-05 0.25105 -0.00219476 -0.541262 -0.00565516 1.55454 0.000365158
45.003 -0.436332 -0.541265 0.104933 10.5179 -2.40073e-05 0.251056 -0.00219484 -0.541265 -0.00565525 1.55454 0.000365152
45.004 -0.436332 -0.541267 0.104935 10.5179 -2.39967e-05 0.251061 -0.00219492 -0.541267 -0.00565533 1.55454 0.000365146
45.005 -0.436332 -0.54127 0.104937 10.5179 -2.39858e-05 0.251066 -0.002195 -0.54127 -0.00565541 1.55454 0.000365139
45.006 -0.436332 -0.541272 0.10494 10.5179 -2.39747e-05 0.251072 -0.00219508 -0.541272 -0.00565549 1.55454 0.000365133
45.007 -0.436332 -0.541275 0.104942 10.5179 -2.39633e-05 0.251077 -0.00219516 -0.541275 -0.00565557 1.55454 0.000365127
45.008 -0.436332 -0.541277 0.104945 10.5179 -2.39517e-05 0.251082 -0.00219523 -0.541277 -0.00565565 1.55454 0.000365121
45.009 -0.436332 -0.541279 0.104947 10.5179 -2.39399e-05 0.251087 -0.00219531 -0.541279 -0.00565573 1.55454 0.000365116
45.01 -0.436332 -0.541282 0.104949 10.5179 -2.39278e-05 0.251092 -0.00219538 -0.541282 -0.00565581 1.55454 0.00036511
45.011 -0.436332 -0.541284 0.104951 10.5179 -2.39154e-05 0.251097 -0.00219546 -0.541284 -0.00565589 1.55454 0.000365104
45.012 -0.436332 -0.541286 0.104954 10.5179 -2.39028e-05 0.251102 -0.00219553 -0.541286 -0.00565597 1.55454 0.000365098
45.013 -0.436332 -0.541288 0.104956 10.5179 -2.389e-05 0.251107 -0.0021956 -0.541288 -0.00565604 1.55454 0.000365092
45.014 -0.436332 -0.54129 0.104958 10.5179 -2.38769e-05 0.251112 -0.00219567 -0.54129 -0.00565612 1.55454 0.000365087
45.015 -0.436332 -0.541293 0.10496 10.5179 -2.38636e-05 0.251117 -0.00219575 -0.541293 -0.00565619 1.55454 0.000365081
45.016 -0.436332 -0.541295 0.104963 10.5179 -2.385e-05 0.251122 -0.00219582 -0.541295 -0.00565627 1.55454 0.000365075
45.017 -0.436332 -0.541297 0.104965 10.5178 -2.38362e-05 0.251126 -0.00219589 -0.541297 -0.00565634 1.55454 0.00036507
45.018 -0.436332 -0.541299 0.104967 10.5178 -2.38222e-05 0.251131 -0.00219596 -0.541299 -0.00565642 1.55454 0.000365064
45.019 -0.436332 -0.541301 0.104969 10.5178 -2.38079e-05 0.251136 -0.00219602 -0.541301 -0.00565649 1.55454 0.000365058
45.02 -0.436332 -0.541303 0.104971 10.5178 -2.37934e-05 0.25114 -0.00219609 -0.541303 -0.00565656 1.55454 0.000365053
45.021 -0.436332 -0.541305 0.104973 10.5178 -2.37786e-05 0.251145 -0.00219616 -0.541305 -0.00565663 1.55454 0.000365048
45.022 -0.436332 -0.541307 0.104975 10.5177 -2.37636e-05 0.251149 -0.00219623 -0.541307 -0.0056567 1.55454 0.000365042
45.023 -0.436332 -0.541309 0.104977 10.5177 -2.37484e-05 0.251154 -0.00219629 -0.541309 -0.00565677 1.55454 0.000365037
45.024 -0.436332 -0.541311 0.104979 10.5177 -2.37329e-05 0.251158 -0.00219636 -0.541311 -0.00565684 1.55454 0.000365031
45.025 -0.436332 -0.541313 0.104981 10.5177 -2.37172e-05 0.251162 -0.00219642 -0.541313 -0.00565691 1.55454 0.000365026
45.026 -0.436332 -0.541315 0.104983 10.5176 -2.37013e-05 0.251167 -0.00219648 -0.541315 -0.00565698 1.55454 0.000365021
45.027 -0.436332 -0.541317 0.104985 10.5176 -2.36851e-05 0.251171 -0.00219655 -0.541317 -0.00565704 1.55453 0.000365016
45.028 -0.436332 -0.541319 0.104987 10.5175 -2.36687e-05 0.251175 -0.00219661 -0.541319 -0.00565711 1.55453 0.00036501
45.029 -0.436332 -0.541321 0.104989 10.5175 -2.36521e-05 0.251179 -0.00219667 -0.541321 -0.00565717 1.55453 0.000365005
45.03 -0.436332 -0.541323 0.10499 10.5175 -2.36352e-05 0.251183 -0.00219673 -0.541323 -0.00565724 1.55453 0.000365
45.031 -0.436332 -0.541325 0.104992 10.5174 -2.36181e-05 0.251187 -0.00219679 -0.541325 -0.0056573 1.55453 0.000364995
45.032 -0.436332 -0.541326 0.104994 10.5174 -2.36008e-05 0.251191 -0.00219685 -0.541326 -0.00565737 1.55453 0.00036499
45.033 -0.436332 -0.541328 0.104996 10.5173 -2.35833e-05 0.251195 -0.00219691 -0.541328 -0.00565743 1.55453 0.000364985
45.034 -0.436332 -0.54133 0.104998 10.5173 -2.35655e-05 0.251199 -0.00219697 -0.54133 -0.00565749 1.55453 0.00036498
45.035 -0.436332 -0.541332 0.104999 10.5172 -2.35475e-05 0.251203 -0.00219703 -0.541332 -0.00565755 1.55453 0.000364975
45.036 -0.436332 -0.541333 0.105001 10.5172 -2.35293e-05 0.251207 -0.00219709 -0.541333 -0.00565761 1.55453 0.00036497
45.037 -0.436332 -0.541335 0.105003 10.5171 -2.35108e-05 0.25121 -0.00219714 -0.541335 -0.00565767 1.55453 0.000364965
45.038 -0.436332 -0.541337 0.105004 10.5171 -2.34921e-05 0.251214 -0.0021972 -0.541337 -0.00565773 1.55453 0.00036496
45.039 -0.436332 -0.541338 0.105006 10.517 -2.34732e-05 0.251218 -0.00219725 -0.541338 -0.00565779 1.55453 0.000364956
45.04 -0.436332 -0.54134 0.105008 10.517 -2.34541e-05 0.251221 -0.00219731 -0.54134 -0.00565785 1.55453 0.000364951
45.041 -0.436332 -0.541342 0.105009 10.5169 -2.34348e-05 0.251225 -0.00219736 -0.541342 -0.00565791 1.55453 0.000364946
45.042 -0.436332 -0.541343 0.105011 10.5168 -2.34152e-05 0.251229 -0.00219742 -0.541343 -0.00565796 1.55453 0.000364941
45.043 -0.436332 -0.541345 0.105012 10.5168 -2.33955e-05 0.251232 -0.00219747 -0.541345 -0.00565802 1.55453 0.000364937
45.044 -0.436332 -0.541346 0.105014 10.5167 -2.33755e-05 0.251235 -0.00219752 -0.541346 -0.00565808 1.55453 0.000364932
45.045 -0.436332 -0.541348 0.105015 10.5166 -2.33553e-05 0.251239 -0.00219757 -0.541348 -0.00565813 1.55453 0.000364928
45.046 -0.436332 -0.541349 0.105017 10.5166 -2.33348e-05 0.251242 -0.00219762 -0.541349 -0.00565818 1.55453 0.000364923
45.047 -0.436332 -0.541351 0.105018 10.5165 -2.33142e-05 0.251245 -0.00219767 -0.541351 -0.00565824 1.55453 0.000364919
45.048 -0.436332 -0.541352 0.10502 10.5164 -2.32933e-05 0.251249 -0.00219772 -0.541352 -0.00565829 1.55453 0.000364914
45.049 -0.436332 -0.541354 0.105021 10.5164 -2.32723e-05 0.251252 -0.00219777 -0.541354 -0.00565834 1.55453 0.00036491
45.05 -0.436332 -0.541355 0.105023 10.5163 -2.3251e-05 0.251255 -0.00219782 -0.541355 -0.00565839 1.55453 0.000364905
45.051 -0.436332 -0.541356 0.105024 10.5162 -2.32295e-05 0.251258 -0.00219787 -0.541356 -0.00565845 1.55453 0.000364901
45.052 -0.436332 -0.541358 0.105025 10.5161 -2.32078e-05 0.251261 -0.00219791 -0.541358 -0.0056585 1.55453 0.000364897
45.053 -0.436332 -0.541359 0.105027 10.516 -2.31858e-05 0.251264 -0.00219796 -0.541359 -0.00565854 1.55453 0.000364892
45.054 -0.436332 -0.54136 0.105028 10.516 -2.31637e-05 0.251267 -0.002198 -0.54136 -0.00565859 1.55453 0.000364888
45.055 -0.436332 -0.541362 0.105029 10.5159 -2.31414e-05 0.25127 -0.00219805 -0.541362 -0.00565864 1.55453 0.000364884
45.056 -0.436332 -0.541363 0.105031 10.5158 -2.31188e-05 0.251273 -0.00219809 -0.541363 -0.00565869 1.55453 0.00036488
45.057 -0.436332 -0.541364 0.105032 10.5157 -2.30961e-05 0.251276 -0.00219814 -0.541364 -0.00565874 1.55453 0.000364876
45.058 -0.436332 -0.541365 0.105033 10.5156 -2.30731e-05 0.251279 -0.00219818 -0.541365 -0.00565878 1.55453 0.000364872
45.059 -0.436332 -0.541367 0.105034 10.5155 -2.30499e-05 0.251281 -0.00219822 -0.541367 -0.00565883 1.55453 0.000364868
45.06 -0.436332 -0.541368 0.105035 10.5154 -2.30266e-05 0.251284 -0.00219826 -0.541368 -0.00565887 1.55453 0.000364864
45.061 -0.436332 -0.541369 0.105037 10.5153 -2.3003e-05 0.251287 -0.0021983 -0.541369 -0.00565892 1.55453 0.00036486
45.062 -0.436332 -0.54137 0.105038 10.5152 -2.29792e-05 0.251289 -0.00219834 -0.54137 -0.00565896 1.55453 0.000364856
45.063 -0.436332 -0.541371 0.105039 10.5151 -2.29552e-05 0.251292 -0.00219838 -0.541371 -0.005659 1.55453 0.000364852
45.064 -0.436332 -0.541372 0.10504 10.515 -2.29311e-05 0.251294 -0.00219842 -0.541372 -0.00565905 1.55453 0.000364848
45.065 -0.436332 -0.541373 0.105041 10.5149 -2.29067e-05 0.251297 -0.00219846 -0.541373 -0.00565909 1.55453 0.000364844
45.066 -0.436332 -0.541374 0.105042 10.5148 -2.28821e-05 0.251299 -0.0021985 -0.541374 -0.00565913 1.55453 0.00036484
45.067 -0.436332 -0.541375 0.105043 10.5147 -2.28573e-05 0.251302 -0.00219854 -0.541375 -0.00565917 1.55453 0.000364836
45.068 -0.436332 -0.541377 0.105044 10.5146 -2.28323e-05 0.251304 -0.00219857 -0.541377 -0.00565921 1.55453 0.000364833
45.069 -0.436332 -0.541378 0.105045 10.5145 -2.28071e-05 0.251306 -0.00219861 -0.541378 -0.00565925 1.55453 0.000364829
45.07 -0.436332 -0.541378 0.105046 10.5144 -2.27818e-05 0.251308 -0.00219865 -0.541378 -0.00565929 1.55453 0.000364825
45.071 -0.436332 -0.541379 0.105047 10.5143 -2.27562e-05 0.251311 -0.00219868 -0.541379 -0.00565933 1.55453 0.000364822
45.072 -0.436332 -0.54138 0.105048 10.5142 -2.27304e-05 0.251313 -0.00219871 -0.54138 -0.00565936 1.55453 0.000364818
45.073 -0.436332 -0.541381 0.105049 10.5141 -2.27045e-05 0.251315 -0.00219875 -0.541381 -0.0056594 1.55453 0.000364814
45.074 -0.436332 -0.541382 0.10505 10.514 -2.26783e-05 0.251317 -0.00219878 -0.541382 -0.00565944 1.55453 0.000364811
45.075 -0.436332 -0.541383 0.105051 10.5138 -2.2652e-05 0.251319 -0.00219881 -0.541383 -0.00565947 1.55453 0.000364807
45.076 -0.436332 -0.541384 0.105052 10.5137 -2.26254e-05 0.251321 -0.00219884 -0.541384 -0.00565951 1.55453 0.000364804
45.077 -0.436332 -0.541385 0.105052 10.5136 -2.25987e-05 0.251323 -0.00219888 -0.541385 -0.00565954 1.55453 0.000364801
45.078 -0.436332 -0.541386 0.105053 10.5135 -2.25718e-05 0.251325 -0.00219891 -0.541386 -0.00565957 1.55453 0.000364797
45.079 -0.436332 -0.541386 0.105054 10.5133 -2.25447e-05 0.251327 -0.00219894 -0.541386 -0.00565961 1.55453 0.000364794
45.08 -0.436332 -0.541387 0.105055 10.5132 -2.25174e-05 0.251328 -0.00219896 -0.541387 -0.00565964 1.55453 0.000364791
45.081 -0.436332 -0.541388 0.105056 10.5131 -2.24899e-05 0.25133 -0.00219899 -0.541388 -0.00565967 1.55453 0.000364787
45.082 -0.436332 -0.541389 0.105056 10.513 -2.24622e-05 0.251332 -0.00219902 -0.541389 -0.0056597 1.55453 0.000364784
45.083 -0.436332 -0.541389 0.105057 10.5128 -2.24344e-05 0.251334 -0.00219905 -0.541389 -0.00565973 1.55453 0.000364781
45.084 -0.436332 -0.54139 0.105058 10.5127 -2.24064e-05 0.251335 -0.00219908 -0.54139 -0.00565976 1.55453 0.000364778
45.085 -0.436332 -0.541391 0.105058 10.5126 -2.23781e-05 0.251337 -0.0021991 -0.541391 -0.00565979 1.55453 0.000364775
45.086 -0.436332 -0.541391 0.105059 10.5124 -2.23497e-05 0.251338 -0.00219913 -0.541391 -0.00565982 1.55453 0.000364771
45.087 -0.436332 -0.541392 0.10506 10.5123 -2.23211e-05 0.25134 -0.00219915 -0.541392 -0.00565985 1.55453 0.000364768
45.088 -0.436332 -0.541393 0.10506 10.5122 -2.22924e-05 0.251341 -0.00219918 -0.541393 -0.00565988 1.55453 0.000364765
45.089 -0.436332 -0.541393 0.105061 10.512 -2.22634e-05 0.251343 -0.0021992 -0.541393 -0.0056599 1.55453 0.000364762
45.09 -0.436332 -0.541394 0.105061 10.5119 -2.22343e-05 0.251344 -0.00219922 -0.541394 -0.00565993 1.55453 0.000364759
45.091 -0.436332 -0.541394 0.105062 10.5117 -2.2205e-05 0.251345 -0.00219925 -0.541394 -0.00565996 1.55453 0.000364756
45.092 -0.436332 -0.541395 0.105063 10.5116 -2.21755e-05 0.251347 -0.00219927 -0.541395 -0.00565998 1.55453 0.000364754
45.093 -0.436332 -0.541395 0.105063 10.5115 -2.21458e-05 0.251348 -0.00219929 -0.541395 -0.00566001 1.55453 0.000364751
45.094 -0.436332 -0.541396 0.105064 10.5113 -2.2116e-05 0.251349 -0.00219931 -0.541396 -0.00566003 1.55453 0.000364748
45.095 -0.436332 -0.541396 0.105064 10.5112 -2.2086e-05 0.25135 -0.00219933 -0.541396 -0.00566005 1.55453 0.000364745
45.096 -0.436332 -0.541397 0.105064 10.511 -2.20558e-05 0.251351 -0.00219935 -0.541397 -0.00566008 1.55453 0.000364742
45.097 -0.436332 -0.541397 0.105065 10.5109 -2.20254e-05 0.251352 -0.00219937 -0.541397 -0.0056601 1.55453 0.00036474
45.098 -0.436332 -0.541398 0.105065 10.5107 -2.19949e-05 0.251354 -0.00219939 -0.541398 -0.00566012 1.55453 0.000364737
45.099 -0.436332 -0.541398 0.105066 10.5105 -2.19642e-05 0.251355 -0.00219941 -0.541398 -0.00566014 1.55453 0.000364734
45.1 -0.436332 -0.541398 0.105066 10.5104 -2.19333e-05 0.251355 -0.00219942 -0.541398 -0.00566016 1.55453 0.000364732
45.101 -0.436332 -0.541399 0.105066 10.5102 -2.19022e-05 0.251356 -0.00219944 -0.541399 -0.00566018 1.55453 0.000364729
45.102 -0.436332 -0.541399 0.105067 10.5101 -2.1871e-05 0.251357 -0.00219946 -0.541399 -0.0056602 1.55453 0.000364726
45.103 -0.436332 -0.541399 0.105067 10.5099 -2.18396e-05 0.251358 -0.00219947 -0.541399 -0.00566022 1.55453 0.000364724
45.104 -0.436332 -0.5414 0.105067 10.5098 -2.18081e-05 0.251359 -0.00219949 -0.5414 -0.00566024 1.55453 0.000364721
45.105 -0.436332 -0.5414 0.105068 10.5096 -2.17763e-05 0.25136 -0.0021995 -0.5414 -0.00566025 1.55453 0.000364719
45.106 -0.436332 -0.5414 0.105068 10.5094 -2.17445e-05 0.25136 -0.00219952 -0.5414 -0.00566027 1.55454 0.000364716
45.107 -0.436332 -0.541401 0.105068 10.5093 -2.17124e-05 0.251361 -0.00219953 -0.541401 -0.00566029 1.55454 0.000364714
45.108 -0.436332 -0.541401 0.105068 10.5091 -2.16802e-05 0.251362 -0.00219954 -0.541401 -0.0056603 1.55454 0.000364712
45.109 -0.436332 -0.541401 0.105069 10.5089 -2.16478e-05 0.251362 -0.00219955 -0.541401 -0.00566032 1.55454 0.000364709
45.11 -0.436332 -0.541401 0.105069 10.5088 -2.16152e-05 0.251363 -0.00219957 -0.541401 -0.00566033 1.55454 0.000364707
45.111 -0.436332 -0.541401 0.105069 10.5086 -2.15825e-05 0.251363 -0.00219958 -0.541401 -0.00566034 1.55454 0.000364705
45.112 -0.436332 -0.541401 0.105069 10.5084 -2.15496e-05 0.251364 -0.00219959 -0.541401 -0.00566036 1.55454 0.000364703
45.113 -0.436332 -0.541402 0.105069 10.5082 -2.15166e-05 0.251364 -0.0021996 -0.541402 -0.00566037 1.55454 0.0003647
45.114 -0.436332 -0.541402 0.105069 10.5081 -2.14834e-05 0.251365 -0.00219961 -0.541402 -0.00566038 1.55454 0.000364698
45.115 -0.436332 -0.541402 0.10507 10.5079 -2.14501e-05 0.251365 -0.00219962 -0.541402 -0.00566039 1.55454 0.000364696
45.116 -0.436332 -0.541402 0.10507 10.5077 -2.14166e-05 0.251365 -0.00219962 -0.541402 -0.00566041 1.55454 0.000364694
45.117 -0.436332 -0.541402 0.10507 10.5075 -2.13829e-05 0.251365 -0.00219963 -0.541402 -0.00566042 1.55454 0.000364692
45.118 -0.436332 -0.541402 0.10507 10.5073 -2.13491e-05 0.251366 -0.00219964 -0.541402 -0.00566043 1.55454 0.00036469
45.119 -0.436332 -0.541402 0.10507 10.5072 -2.13151e-05 0.251366 -0.00219964 -0.541402 -0.00566044 1.55454 0.000364688
45.12 -0.436332 -0.541402 0.10507 10.507 -2.12809e-05 0.251366 -0.00219965 -0.541402 -0.00566044 1.55454 0.000364686
45.121 -0.436332 -0.541402 0.10507 10.5068 -2.12467e-05 0.251366 -0.00219966 -0.541402 -0.00566045 1.55454 0.000364684
45.122 -0.436332 -0.541402 0.10507 10.5066 -2.12122e-05 0.251366 -0.00219966 -0.541402 -0.00566046 1.55454 0.000364682
45.123 -0.436332 -0.541402 0.10507 10.5064 -2.11776e-05 0.251366 -0.00219967 -0.541402 -0.00566047 1.55454 0.00036468
45.124 -0.436332 -0.541402 0.10507 10.5062 -2.11429e-05 0.251366 -0.00219967 -0.541402 -0.00566047 1.55454 0.000364679
45.125 -0.436332 -0.541402 0.105069 10.506 -2.1108e-05 0.251366 -0.00219967 -0.541402 -0.00566048 1.55454 0.000364677
45.126 -0.436332 -0.541402 0.105069 10.5059 -2.10729e-05 0.251366 -0.00219968 -0.541402 -0.00566048 1.55454 0.000364675
45.127 -0.436332 -0.541402 0.105069 10.5057 -2.10377e-05 0.251366 -0.00219968 -0.541402 -0.00566049 1.55454 0.000364673
45.128 -0.436332 -0.541401 0.105069 10.5055 -2.10024e-05 0.251366 -0.00219968 -0.541401 -0.00566049 1.55454 0.000364671
45.129 -0.436332 -0.541401 0.105069 10.5053 -2.09669e-05 0.251366 -0.00219968 -0.541401 -0.0056605 1.55454 0.00036467
45.13 -0.436332 -0.541401 0.105069 10.5051 -2.09312e-05 0.251365 -0.00219968 -0.541401 -0.0056605 1.55454 0.000364668
45.131 -0.436332 -0.541401 0.105069 10.5049 -2.08955e-05 0.251365 -0.00219968 -0.541401 -0.0056605 1.55454 0.000364667
45.132 -0.436332 -0.541401 0.105068 10.5047 -2.08595e-05 0.251365 -0.00219968 -0.541401 -0.00566051 1.55454 0.000364665
45.133 -0.436332 -0.5414 0.105068 10.5045 -2.08235e-05 0.251364 -0.00219968 -0.5414 -0.00566051 1.55454 0.000364663
45.134 -0.436332 -0.5414 0.105068 10.5043 -2.07872e-05 0.251364 -0.00219968 -0.5414 -0.00566051 1.55454 0.000364662
45.135 -0.436332 -0.5414 0.105068 10.5041 -2.07509e-05 0.251364 -0.00219968 -0.5414 -0.00566051 1.55454 0.00036466
45.136 -0.436332 -0.5414 0.105067 10.5039 -2.07144e-05 0.251363 -0.00219967 -0.5414 -0.00566051 1.55454 0.000364659
45.137 -0.436332 -0.541399 0.105067 10.5037 -2.06777e-05 0.251363 -0.00219967 -0.541399 -0.00566051 1.55454 0.000364658
45.138 -0.436332 -0.541399 0.105067 10.5035 -2.06409e-05 0.251362 -0.00219967 -0.541399 -0.00566051 1.55454 0.000364656
45.139 -0.436332 -0.541399 0.105066 10.5032 -2.0604e-05 0.251362 -0.00219966 -0.541399 -0.00566051 1.55454 0.000364655
45.14 -0.436332 -0.541398 0.105066 10.503 -2.0567e-05 0.251361 -0.00219966 -0.541398 -0.0056605 1.55454 0.000364654
45.141 -0.436332 -0.541398 0.105066 10.5028 -2.05298e-05 0.25136 -0.00219965 -0.541398 -0.0056605 1.55454 0.000364652
45.142 -0.436332 -0.541397 0.105065 10.5026 -2.04924e-05 0.25136 -0.00219965 -0.541397 -0.0056605 1.55454 0.000364651
45.143 -0.436332 -0.541397 0.105065 10.5024 -2.0455e-05 0.251359 -0.00219964 -0.541397 -0.00566049 1.55454 0.00036465
45.144 -0.436332 -0.541397 0.105064 10.5022 -2.04173e-05 0.251358 -0.00219963 -0.541397 -0.00566049 1.55454 0.000364649
45.145 -0.436332 -0.541396 0.105064 10.502 -2.03796e-05 0.251357 -0.00219963 -0.541396 -0.00566048 1.55454 0.000364647
45.146 -0.436332 -0.541396 0.105063 10.5018 -2.03417e-05 0.251356 -0.00219962 -0.541396 -0.00566048 1.55454 0.000364646
45.147 -0.436332 -0.541395 0.105063 10.5015 -2.03037e-05 0.251356 -0.00219961 -0.541395 -0.00566047 1.55454 0.000364645
45.148 -0.436332 -0.541395 0.105062 10.5013 -2.02656e-05 0.251355 -0.0021996 -0.541395 -0.00566047 1.55454 0.000364644
45.149 -0.436332 -0.541394 0.105062 10.5011 -2.02273e-05 0.251354 -0.00219959 -0.541394 -0.00566046 1.55454 0.000364643
45.15 -0.436332 -0.541394 0.105061 10.5009 -2.01889e-05 0.251353 -0.00219958 -0.541394 -0.00566045 1.55454 0.000364642
45.151 -0.436332 -0.541393 0.105061 10.5007 -2.01504e-05 0.251352 -0.00219957 -0.541393 -0.00566044 1.55454 0.000364641
45.152 -0.436332 -0.541393 0.10506 10.5004 -2.01117e-05 0.251351 -0.00219956 -0.541393 -0.00566044 1.55454 0.00036464
45.153 -0.436332 -0.541392 0.10506 10.5002 -2.00729e-05 0.25135 -0.00219955 -0.541392 -0.00566043 1.55454 0.000364639
45.154 -0.436332 -0.541391 0.105059 10.5 -2.0034e-05 0.251348 -0.00219954 -0.541391 -0.00566042 1.55454 0.000364638
45.155 -0.436332 -0.541391 0.105059 10.4998 -1.9995e-05 0.251347 -0.00219952 -0.541391 -0.00566041 1.55454 0.000364637
45.156 -0.436332 -0.54139 0.105058 10.4995 -1.99558e-05 0.251346 -0.00219951 -0.54139 -0.0056604 1.55454 0.000364636
45.157 -0.436332 -0.54139 0.105057 10.4993 -1.99165e-05 0.251345 -0.0021995 -0.54139 -0.00566039 1.55454 0.000364636
45.158 -0.436332 -0.541389 0.105057 10.4991 -1.98771e-05 0.251344 -0.00219948 -0.541389 -0.00566037 1.55454 0.000364635
45.159 -0.436332 -0.541388 0.105056 10.4988 -1.98375e-05 0.251342 -0.00219947 -0.541388 -0.00566036 1.55454 0.000364634
45.16 -0.436332 -0.541388 0.105055 10.4986 -1.97979e-05 0.251341 -0.00219945 -0.541388 -0.00566035 1.55454 0.000364633
45.161 -0.436332 -0.541387 0.105055 10.4984 -1.97581e-05 0.25134 -0.00219944 -0.541387 -0.00566034 1.55454 0.000364633
45.162 -0.436332 -0.541386 0.105054 10.4981 -1.97182e-05 0.251338 -0.00219942 -0.541386 -0.00566032 1.55454 0.000364632
45.163 -0.436332 -0.541385 0.105053 10.4979 -1.96782e-05 0.251337 -0.00219941 -0.541385 -0.00566031 1.55454 0.000364631
45.164 -0.436332 -0.541385 0.105052 10.4977 -1.9638e-05 0.251335 -0.00219939 -0.541385 -0.00566029 1.55454 0.000364631
45.165 -0.436332 -0.541384 0.105052 10.4974 -1.95977e-05 0.251334 -0.00219937 -0.541384 -0.00566028 1.55454 0.00036463
45.166 -0.436332 -0.541383 0.105051 10.4972 -1.95574e-05 0.251332 -0.00219935 -0.541383 -0.00566026 1.55454 0.00036463
45.167 -0.436332 -0.541382 0.10505 10.497 -1.95169e-05 0.251331 -0.00219934 -0.541382 -0.00566025 1.55454 0.000364629
45.168 -0.436332 -0.541381 0.105049 10.4967 -1.94762e-05 0.251329 -0.00219932 -0.541381 -0.00566023 1.55454 0.000364629
45.169 -0.436332 -0.541381 0.105048 10.4965 -1.94355e-05 0.251327 -0.0021993 -0.541381 -0.00566021 1.55454 0.000364628
45.17 -0.436332 -0.54138 0.105047 10.4962 -1.93947e-05 0.251326 -0.00219928 -0.54138 -0.0056602 1.55454 0.000364628
45.171 -0.436332 -0.541379 0.105047 10.496 -1.93537e-05 0.251324 -0.00219926 -0.541379 -0.00566018 1.55454 0.000364628
45.172 -0.436332 -0.541378 0.105046 10.4957 -1.93126e-05 0.251322 -0.00219924 -0.541378 -0.00566016 1.55454 0.000364627
45.173 -0.436332 -0.541377 0.105045 10.4955 -1.92715e-05 0.25132 -0.00219922 -0.541377 -0.00566014 1.55454 0.000364627
45.174 -0.436332 -0.541376 0.105044 10.4952 -1.92302e-05 0.251319 -0.0021992 -0.541376 -0.00566012 1.55454 0.000364627
45.175 -0.436332 -0.541375 0.105043 10.495 -1.91888e-05 0.251317 -0.00219917 -0.541375 -0.0056601 1.55454 0.000364626
45.176 -0.436332 -0.541374 0.105042 10.4948 -1.91472e-05 0.251315 -0.00219915 -0.541374 -0.00566008 1.55454 0.000364626
45.177 -0.436332 -0.541373 0.105041 10.4945 -1.91056e-05 0.251313 -0.00219913 -0.541373 -0.00566006 1.55454 0.000364626
45.178 -0.436332 -0.541372 0.10504 10.4942 -1.90639e-05 0.251311 -0.0021991 -0.541372 -0.00566004 1.55454 0.000364626
45.179 -0.436332 -0.541371 0.105039 10.494 -1.9022e-05 0.251309 -0.00219908 -0.541371 -0.00566002 1.55454 0.000364625
45.18 -0.436332 -0.54137 0.105038 10.4937 -1.89801e-05 0.251307 -0.00219906 -0.54137 -0.00566 1.55454 0.000364625
45.181 -0.436332 -0.541369 0.105037 10.4935 -1.8938e-05 0.251305 -0.00219903 -0.541369 -0.00565997 1.55454 0.000364625
45.182 -0.436332 -0.541368 0.105036 10.4932 -1.88959e-05 0.251303 -0.002199 -0.541368 -0.00565995 1.55454 0.000364625
45.183 -0.436332 -0.541367 0.105035 10.493 -1.88536e-05 0.251301 -0.00219898 -0.541367 -0.00565993 1.55454 0.000364625
45.184 -0.436332 -0.541366 0.105034 10.4927 -1.88113e-05 0.251299 -0.00219895 -0.541366 -0.0056599 1.55454 0.000364625
45.185 -0.436332 -0.541365 0.105033 10.4925 -1.87688e-05 0.251297 -0.00219893 -0.541365 -0.00565988 1.55454 0.000364625
45.186 -0.436332 -0.541364 0.105032 10.4922 -1.87262e-05 0.251294 -0.0021989 -0.541364 -0.00565985 1.55454 0.000364625
45.187 -0.436332 -0.541363 0.105031 10.4919 -1.86835e-05 0.251292 -0.00219887 -0.541363 -0.00565983 1.55454 0.000364625
45.188 -0.436332 -0.541362 0.10503 10.4917 -1.86408e-05 0.25129 -0.00219884 -0.541362 -0.0056598 1.55454 0.000364625
45.189 -0.436332 -0.541361 0.105028 10.4914 -1.85979e-05 0.251288 -0.00219881 -0.541361 -0.00565977 1.55454 0.000364625
45.19 -0.436332 -0.54136 0.105027 10.4912 -1.85549e-05 0.251285 -0.00219879 -0.54136 -0.00565975 1.55454 0.000364625
45.191 -0.436332 -0.541358 0.105026 10.4909 -1.85119e-05 0.251283 -0.00219876 -0.541358 -0.00565972 1.55454 0.000364626
45.192 -0.436332 -0.541357 0.105025 10.4906 -1.84687e-05 0.25128 -0.00219873 -0.541357 -0.00565969 1.55454 0.000364626
45.193 -0.436332 -0.541356 0.105024 10.4904 -1.84254e-05 0.251278 -0.0021987 -0.541356 -0.00565966 1.55454 0.000364626
45.194 -0.436332 -0.541355 0.105022 10.4901 -1.83821e-05 0.251276 -0.00219867 -0.541355 -0.00565963 1.55454 0.000364626
45.195 -0.436332 -0.541354 0.105021 10.4898 -1.83386e-05 0.251273 -0.00219863 -0.541354 -0.00565961 1.55454 0.000364627
45.196 -0.436332 -0.541352 0.10502 10.4896 -1.82951e-05 0.251271 -0.0021986 -0.541352 -0.00565958 1.55454 0.000364627
45.197 -0.436332 -0.541351 0.105019 10.4893 -1.82514e-05 0.251268 -0.00219857 -0.541351 -0.00565955 1.55454 0.000364627
45.198 -0.436332 -0.54135 0.105017 10.489 -1.82077e-05 0.251265 -0.00219854 -0.54135 -0.00565951 1.55454 0.000364628
45.199 -0.436332 -0.541348 0.105016 10.4888 -1.81638e-05 0.251263 -0.0021985 -0.541348 -0.00565948 1.55454 0.000364628
45.2 -0.436332 -0.541347 0.105015 10.4885 -1.81199e-05 0.25126 -0.00219847 -0.541347 -0.00565945 1.55454 0.000364628
45.201 -0.436332 -0.541346 0.105014 10.4882 -1.80759e-05 0.251257 -0.00219844 -0.541346 -0.00565942 1.55454 0.000364629
45.202 -0.436332 -0.541345 0.105012 10.4879 -1.80318e-05 0.251255 -0.0021984 -0.541345 -0.00565939 1.55454 0.000364629
45.203 -0.436332 -0.541343 0.105011 10.4877 -1.79876e-05 0.251252 -0.00219837 -0.541343 -0.00565936 1.55454 0.00036463
45.204 -0.436332 -0.541342 0.10501 10.4874 -1.79433e-05 0.251249 -0.00219833 -0.541342 -0.00565932 1.55455 0.00036463
45.205 -0.436332 -0.54134 0.105008 10.4871 -1.7899e-05 0.251246 -0.0021983 -0.54134 -0.00565929 1.55455 0.000364631
45.206 -0.436332 -0.541339 0.105007 10.4868 -1.78545e-05 0.251244 -0.00219826 -0.541339 -0.00565925 1.55455 0.000364632
45.207 -0.436332 -0.541338 0.105005 10.4866 -1.781e-05 0.251241 -0.00219823 -0.541338 -0.00565922 1.55455 0.000364632
45.208 -0.436332 -0.541336 0.105004 10.4863 -1.77654e-05 0.251238 -0.00219819 -0.541336 -0.00565919 1.55455 0.000364633
45.209 -0.436332 -0.541335 0.105003 10.486 -1.77207e-05 0.251235 -0.00219815 -0.541335 -0.00565915 1.55455 0.000364633
45.21 -0.436332 -0.541333 0.105001 10.4857 -1.76759e-05 0.251232 -0.00219811 -0.541333 -0.00565911 1.55455 0.000364634
45.211 -0.436332 -0.541332 0.105 10.4854 -1.7631e-05 0.251229 -0.00219808 -0.541332 -0.00565908 1.55455 0.000364635
45.212 -0.436332 -0.54133 0.104998 10.4852 -1.7586e-05 0.251226 -0.00219804 -0.54133 -0.00565904 1.55455 0.000364636
45.213 -0.436332 -0.541329 0.104997 10.4849 -1.7541e-05 0.251223 -0.002198 -0.541329 -0.005659 1.55455 0.000364636
45.214 -0.436332 -0.541327 0.104995 10.4846 -1.74959e-05 0.25122 -0.00219796 -0.541327 -0.00565897 1.55455 0.000364637
45.215 -0.436332 -0.541326 0.104994 10.4843 -1.74507e-05 0.251217 -0.00219792 -0.541326 -0.00565893 1.55455 0.000364638
45.216 -0.436332 -0.541324 0.104992 10.484 -1.74054e-05 0.251214 -0.00219788 -0.541324 -0.00565889 1.55455 0.000364639
45.217 -0.436332 -0.541323 0.104991 10.4837 -1.736e-05 0.251211 -0.00219784 -0.541323 -0.00565885 1.55455 0.00036464
45.218 -0.436332 -0.541321 0.104989 10.4834 -1.73146e-05 0.251207 -0.0021978 -0.541321 -0.00565881 1.55455 0.00036464
45.219 -0.436332 -0.54132 0.104988 10.4832 -1.72691e-05 0.251204 -0.00219776 -0.54132 -0.00565877 1.55455 0.000364641
45.22 -0.436332 -0.541318 0.104986 10.4829 -1.72235e-05 0.251201 -0.00219772 -0.541318 -0.00565873 1.55455 0.000364642
45.221 -0.436332 -0.541317 0.104984 10.4826 -1.71778e-05 0.251198 -0.00219767 -0.541317 -0.00565869 1.55455 0.000364643
45.222 -0.436332 -0.541315 0.104983 10.4823 -1.71321e-05 0.251194 -0.00219763 -0.541315 -0.00565865 1.55455 0.000364644
45.223 -0.436332 -0.541313 0.104981 10.482 -1.70863e-05 0.251191 -0.00219759 -0.541313 -0.00565861 1.55455 0.000364645
45.224 -0.436332 -0.541312 0.10498 10.4817 -1.70404e-05 0.251188 -0.00219754 -0.541312 -0.00565857 1.55455 0.000364646
45.225 -0.436332 -0.54131 0.104978 10.4814 -1.69944e-05 0.251184 -0.0021975 -0.54131 -0.00565853 1.55455 0.000364647
45.226 -0.436332 -0.541309 0.104976 10.4811 -1.69484e-05 0.251181 -0.00219746 -0.541309 -0.00565849 1.55455 0.000364648
45.227 -0.436332 -0.541307 0.104975 10.4808 -1.69023e-05 0.251178 -0.00219741 -0.541307 -0.00565844 1.55455 0.00036465
45.228 -0.436332 -0.541305 0.104973 10.4805 -1.68561e-05 0.251174 -0.00219737 -0.541305 -0.0056584 1.55455 0.000364651
45.229 -0.436332 -0.541304 0.104971 10.4802 -1.68099e-05 0.251171 -0.00219732 -0.541304 -0.00565836 1.55455 0.000364652
45.23 -0.436332 -0.541302 0.10497 10.48 -1.67636e-05 0.251167 -0.00219728 -0.541302 -0.00565831 1.55455 0.000364653
45.231 -0.436332 -0.5413 0.104968 10.4797 -1.67172e-05 0.251164 -0.00219723 -0.5413 -0.00565827 1.55455 0.000364654
45.232 -0.436332 -0.541298 0.104966 10.4794 -1.66707e-05 0.25116 -0.00219718 -0.541298 -0.00565822 1.55455 0.000364655
45.233 -0.436332 -0.541297 0.104964 10.4791 -1.66242e-05 0.251156 -0.00219714 -0.541297 -0.00565818 1.55455 0.000364657
45.234 -0.436332 -0.541295 0.104963 10.4788 -1.65776e-05 0.251153 -0.00219709 -0.541295 -0.00565813 1.55455 0.000364658
45.235 -0.436332 -0.541293 0.104961 10.4785 -1.6531e-05 0.251149 -0.00219704 -0.541293 -0.00565809 1.55455 0.000364659
45.236 -0.436332 -0.541291 0.104959 10.4782 -1.64843e-05 0.251146 -0.00219699 -0.541291 -0.00565804 1.55455 0.000364661
45.237 -0.436332 -0.54129 0.104957 10.4779 -1.64375e-05 0.251142 -0.00219695 -0.54129 -0.00565799 1.55455 0.000364662
45.238 -0.436332 -0.541288 0.104955 10.4776 -1.63907e-05 0.251138 -0.0021969 -0.541288 -0.00565795 1.55455 0.000364663
45.239 -0.436332 -0.541286 0.104954 10.4773 -1.63438e-05 0.251134 -0.00219685 -0.541286 -0.0056579 1.55455 0.000364665
45.24 -0.436332 -0.541284 0.104952 10.477 -1.62968e-05 0.251131 -0.0021968 -0.541284 -0.00565785 1.55455 0.000364666
45.241 -0.436332 -0.541282 0.10495 10.4767 -1.62498e-05 0.251127 -0.00219675 -0.541282 -0.0056578 1.55455 0.000364668
45.242 -0.436332 -0.54128 0.104948 10.4764 -1.62027e-05 0.251123 -0.0021967 -0.54128 -0.00565775 1.55455 0.000364669
45.243 -0.436332 -0.541279 0.104946 10.476 -1.61555e-05 0.251119 -0.00219665 -0.541279 -0.00565771 1.55455 0.000364671
45.244 -0.436332 -0.541277 0.104944 10.4757 -1.61083e-05 0.251115 -0.0021966 -0.541277 -0.00565766 1.55455 0.000364672
45.245 -0.436332 -0.541275 0.104943 10.4754 -1.60611e-05 0.251111 -0.00219655 -0.541275 -0.00565761 1.55455 0.000364674
45.246 -0.436332 -0.541273 0.104941 10.4751 -1.60137e-05 0.251107 -0.0021965 -0.541273 -0.00565756 1.55455 0.000364675
45.247 -0.436332 -0.541271 0.104939 10.4748 -1.59664e-05 0.251104 -0.00219644 -0.541271 -0.00565751 1.55455 0.000364677
45.248 -0.436332 -0.541269 0.104937 10.4745 -1.59189e-05 0.2511 -0.00219639 -0.541269 -0.00565746 1.55455 0.000364678
45.249 -0.436332 -0.541267 0.104935 10.4742 -1.58714e-05 0.251096 -0.00219634 -0.541267 -0.0056574 1.55455 0.00036468
45.25 -0.436332 -0.541265 0.104933 10.4739 -1.58239e-05 0.251092 -0.00219629 -0.541265 -0.00565735 1.55455 0.000364682
45.251 -0.436332 -0.541263 0.104931 10.4736 -1.57763e-05 0.251087 -0.00219623 -0.541263 -0.0056573 1.55455 0.000364683
45.252 -0.436332 -0.541261 0.104929 10.4733 -1.57286e-05 0.251083 -0.00219618 -0.541261 -0.00565725 1.55455 0.000364685
45.253 -0.436332 -0.541259 0.104927 10.473 -1.56809e-05 0.251079 -0.00219612 -0.541259 -0.0056572 1.55455 0.000364687
45.254 -0.436332 -0.541257 0.104925 10.4727 -1.56332e-05 0.251075 -0.00219607 -0.541257 -0.00565714 1.55455 0.000364689
45.255 -0.436332 -0.541255 0.104923 10.4723 -1.55854e-05 0.251071 -0.00219602 -0.541255 -0.00565709 1.55455 0.00036469
45.256 -0.436332 -0.541253 0.104921 10.472 -1.55375e-05 0.251067 -0.00219596 -0.541253 -0.00565704 1.55455 0.000364692
45.257 -0.436332 -0.541251 0.104919 10.4717 -1.54896e-05 0.251063 -0.00219591 -0.541251 -0.00565698 1.55455 0.000364694
45.258 -0.436332 -0.541249 0.104917 10.4714 -1.54416e-05 0.251058 -0.00219585 -0.541249 -0.00565693 1.55455 0.000364696
45.259 -0.436332 -0.541247 0.104915 10.4711 -1.53936e-05 0.251054 -0.00219579 -0.541247 -0.00565687 1.55455 0.000364698
45.26 -0.436332 -0.541245 0.104913 10.4708 -1.53456e-05 0.25105 -0.00219574 -0.541245 -0.00565682 1.55455 0.0003647
45.261 -0.436332 -0.541243 0.104911 10.4705 -1.52975e-05 0.251046 -0.00219568 -0.541243 -0.00565676 1.55455 0.000364701
45.262 -0.436332 -0.541241 0.104909 10.4702 -1.52493e-05 0.251041 -0.00219562 -0.541241 -0.00565671 1.55455 0.000364703
45.263 -0.436332 -0.541239 0.104907 10.4698 -1.52011e-05 0.251037 -0.00219557 -0.541239 -0.00565665 1.55456 0.000364705
45.264 -0.436332 -0.541237 0.104905 10.4695 -1.51529e-05 0.251033 -0.00219551 -0.541237 -0.00565659 1.55456 0.000364707
45.265 -0.436332 -0.541235 0.104903 10.4692 -1.51046e-05 0.251028 -0.00219545 -0.541235 -0.00565654 1.55456 0.000364709
45.266 -0.436332 -0.541233 0.1049 10.4689 -1.50563e-05 0.251024 -0.00219539 -0.541233 -0.00565648 1.55456 0.000364711
45.267 -0.436332 -0.541231 0.104898 10.4686 -1.50079e-05 0.251019 -0.00219533 -0.541231 -0.00565642 1.55456 0.000364713
45.268 -0.436332 -0.541228 0.104896 10.4682 -1.49595e-05 0.251015 -0.00219527 -0.541228 -0.00565637 1.55456 0.000364715
45.269 -0.436332 -0.541226 0.104894 10.4679 -1.4911e-05 0.251011 -0.00219521 -0.541226 -0.00565631 1.55456 0.000364718
45.27 -0.436332 -0.541224 0.104892 10.4676 -1.48625e-05 0.251006 -0.00219515 -0.541224 -0.00565625 1.55456 0.00036472
45.271 -0.436332 -0.541222 0.10489 10.4673 -1.4814e-05 0.251002 -0.00219509 -0.541222 -0.00565619 1.55456 0.000364722
45.272 -0.436332 -0.54122 0.104888 10.467 -1.47654e-05 0.250997 -0.00219503 -0.54122 -0.00565613 1.55456 0.000364724
45.273 -0.436332 -0.541218 0.104885 10.4666 -1.47168e-05 0.250992 -0.00219497 -0.541218 -0.00565607 1.55456 0.000364726
45.274 -0.436332 -0.541215 0.104883 10.4663 -1.46682e-05 0.250988 -0.00219491 -0.541215 -0.00565601 1.55456 0.000364728
45.275 -0.436332 -0.541213 0.104881 10.466 -1.46195e-05 0.250983 -0.00219485 -0.541213 -0.00565595 1.55456 0.00036473
45.276 -0.436332 -0.541211 0.104879 10.4657 -1.45707e-05 0.250979 -0.00219479 -0.541211 -0.00565589 1.55456 0.000364733
45.277 -0.436332 -0.541209 0.104876 10.4654 -1.4522e-05 0.250974 -0.00219473 -0.541209 -0.00565583 1.55456 0.000364735
45.278 -0.436332 -0.541207 0.104874 10.465 -1.44732e-05 0.250969 -0.00219467 -0.541207 -0.00565577 1.55456 0.000364737
45.279 -0.436332 -0.541204 0.104872 10.4647 -1.44243e-05 0.250965 -0.0021946 -0.541204 -0.00565571 1.55456 0.000364739
45.28 -0.436332 -0.541202 0.10487 10.4644 -1.43755e-05 0.25096 -0.00219454 -0.541202 -0.00565565 1.55456 0.000364742
45.281 -0.436332 -0.5412 0.104867 10.4641 -1.43266e-05 0.250955 -0.00219448 -0.5412 -0.00565559 1.55456 0.000364744
45.282 -0.436332 -0.541197 0.104865 10.4637 -1.42776e-05 0.25095 -0.00219441 -0.541197 -0.00565552 1.55456 0.000364746
45.283 -0.436332 -0.541195 0.104863 10.4634 -1.42287e-05 0.250946 -0.00219435 -0.541195 -0.00565546 1.55456 0.000364749
45.284 -0.436332 -0.541193 0.104861 10.4631 -1.41796e-05 0.250941 -0.00219429 -0.541193 -0.0056554 1.55456 0.000364751
45.285 -0.436332 -0.541191 0.104858 10.4628 -1.41306e-05 0.250936 -0.00219422 -0.541191 -0.00565533 1.55456 0.000364754
45.286 -0.436332 -0.541188 0.104856 10.4624 -1.40816e-05 0.250931 -0.00219416 -0.541188 -0.00565527 1.55456 0.000364756
45.287 -0.436332 -0.541186 0.104854 10.4621 -1.40325e-05 0.250926 -0.00219409 -0.541186 -0.00565521 1.55456 0.000364758
45.288 -0.436332 -0.541184 0.104851 10.4618 -1.39833e-05 0.250921 -0.00219403 -0.541184 -0.00565514 1.55456 0.000364761
45.289 -0.436332 -0.541181 0.104849 10.4614 -1.39342e-05 0.250917 -0.00219396 -0.541181 -0.00565508 1.55456 0.000364763
45.29 -0.436332 -0.541179 0.104847 10.4611 -1.3885e-05 0.250912 -0.0021939 -0.541179 -0.00565501 1.55456 0.000364766
45.291 -0.436332 -0.541177 0.104844 10.4608 -1.38358e-05 0.250907 -0.00219383 -0.541177 -0.00565495 1.55456 0.000364768
45.292 -0.436332 -0.541174 0.104842 10.4605 -1.37866e-05 0.250902 -0.00219376 -0.541174 -0.00565488 1.55456 0.000364771
45.293 -0.436332 -0.541172 0.104839 10.4601 -1.37373e-05 0.250897 -0.0021937 -0.541172 -0.00565482 1.55456 0.000364774
45.294 -0.436332 -0.541169 0.104837 10.4598 -1.3688e-05 0.250892 -0.00219363 -0.541169 -0.00565475 1.55456 0.000364776
45.295 -0.436332 -0.541167 0.104835 10.4595 -1.36387e-05 0.250887 -0.00219356 -0.541167 -0.00565469 1.55456 0.000364779
45.296 -0.436332 -0.541165 0.104832 10.4591 -1.35894e-05 0.250882 -0.00219349 -0.541165 -0.00565462 1.55456 0.000364781
45.297 -0.436332 -0.541162 0.10483 10.4588 -1.354e-05 0.250877 -0.00219343 -0.541162 -0.00565455 1.55456 0.000364784
45.298 -0.436332 -0.54116 0.104827 10.4585 -1.34906e-05 0.250872 -0.00219336 -0.54116 -0.00565449 1.55456 0.000364787
45.299 -0.436332 -0.541157 0.104825 10.4581 -1.34412e-05 0.250866 -0.00219329 -0.541157 -0.00565442 1.55456 0.000364789
45.3 -0.436332 -0.541155 0.104823 10.4578 -1.33918e-05 0.250861 -0.00219322 -0.541155 -0.00565435 1.55456 0.000364792
45.301 -0.436332 -0.541152 0.10482 10.4575 -1.33424e-05 0.250856 -0.00219315 -0.541152 -0.00565428 1.55456 0.000364795
45.302 -0.436332 -0.54115 0.104818 10.4571 -1.32929e-05 0.250851 -0.00219308 -0.54115 -0.00565422 1.55456 0.000364797
45.303 -0.436332 -0.541147 0.104815 10.4568 -1.32434e-05 0.250846 -0.00219301 -0.541147 -0.00565415 1.55456 0.0003648
45.304 -0.436332 -0.541145 0.104813 10.4565 -1.31939e-05 0.250841 -0.00219294 -0.541145 -0.00565408 1.55456 0.000364803
45.305 -0.436332 -0.541143 0.10481 10.4561 -1.31444e-05 0.250835 -0.00219287 -0.541143 -0.00565401 1.55456 0.000364806
45.306 -0.436332 -0.54114 0.104808 10.4558 -1.30948e-05 0.25083 -0.0021928 -0.54114 -0.00565394 1.55456 0.000364809
45.307 -0.436332 -0.541138 0.104805 10.4555 -1.30453e-05 0.250825 -0.00219273 -0.541138 -0.00565387 1.55456 0.000364811
45.308 -0.436332 -0.541135 0.104803 10.4551 -1.29957e-05 0.25082 -0.00219266 -0.541135 -0.0056538 1.55456 0.000364814
45.309 -0.436332 -0.541132 0.1048 10.4548 -1.29461e-05 0.250814 -0.00219259 -0.541132 -0.00565373 1.55456 0.000364817
45.31 -0.436332 -0.54113 0.104798 10.4545 -1.28965e-05 0.250809 -0.00219252 -0.54113 -0.00565366 1.55456 0.00036482
45.311 -0.436332 -0.541127 0.104795 10.4541 -1.28469e-05 0.250804 -0.00219245 -0.541127 -0.00565359 1.55456 0.000364823
45.312 -0.436332 -0.541125 0.104793 10.4538 -1.27973e-05 0.250799 -0.00219238 -0.541125 -0.00565352 1.55457 0.000364826
45.313 -0.436332 -0.541122 0.10479 10.4535 -1.27476e-05 0.250793 -0.00219231 -0.541122 -0.00565345 1.55457 0.000364829
45.314 -0.436332 -0.54112 0.104787 10.4531 -1.2698e-05 0.250788 -0.00219223 -0.54112 -0.00565338 1.55457 0.000364832
45.315 -0.436332 -0.541117 0.104785 10.4528 -1.26483e-05 0.250782 -0.00219216 -0.541117 -0.00565331 1.55457 0.000364835
45.316 -0.436332 -0.541115 0.104782 10.4525 -1.25986e-05 0.250777 -0.00219209 -0.541115 -0.00565323 1.55457 0.000364838
45.317 -0.436332 -0.541112 0.10478 10.4521 -1.25489e-05 0.250772 -0.00219201 -0.541112 -0.00565316 1.55457 0.000364841
45.318 -0.436332 -0.541109 0.104777 10.4518 -1.24992e-05 0.250766 -0.00219194 -0.541109 -0.00565309 1.55457 0.000364844
45.319 -0.436332 -0.541107 0.104775 10.4514 -1.24495e-05 0.250761 -0.00219187 -0.541107 -0.00565302 1.55457 0.000364847
45.32 -0.436332 -0.541104 0.104772 10.4511 -1.23997e-05 0.250755 -0.00219179 -0.541104 -0.00565294 1.55457 0.00036485
45.321 -0.436332 -0.541102 0.104769 10.4508 -1.235e-05 0.25075 -0.00219172 -0.541102 -0.00565287 1.55457 0.000364853
45.322 -0.436332 -0.541099 0.104767 10.4504 -1.23003e-05 0.250744 -0.00219165 -0.541099 -0.0056528 1.55457 0.000364856
45.323 -0.436332 -0.541096 0.104764 10.4501 -1.22505e-05 0.250739 -0.00219157 -0.541096 -0.00565272 1.55457 0.000364859
45.324 -0.436332 -0.541094 0.104761 10.4497 -1.22008e-05 0.250733 -0.0021915 -0.541094 -0.00565265 1.55457 0.000364862
45.325 -0.436332 -0.541091 0.104759 10.4494 -1.2151e-05 0.250728 -0.00219142 -0.541091 -0.00565257 1.55457 0.000364865
45.326 -0.436332 -0.541088 0.104756 10.4491 -1.21012e-05 0.250722 -0.00219135 -0.541088 -0.0056525 1.55457 0.000364868
45.327 -0.436332 -0.541086 0.104753 10.4487 -1.20515e-05 0.250716 -0.00219127 -0.541086 -0.00565243 1.55457 0.000364872
45.328 -0.436332 -0.541083 0.104751 10.4484 -1.20017e-05 0.250711 -0.00219119 -0.541083 -0.00565235 1.55457 0.000364875
45.329 -0.436332 -0.54108 0.104748 10.448 -1.19519e-05 0.250705 -0.00219112 -0.54108 -0.00565228 1.55457 0.000364878
45.33 -0.436332 -0.541078 0.104745 10.4477 -1.19021e-05 0.2507 -0.00219104 -0.541078 -0.0056522 1.55457 0.000364881
45.331 -0.436332 -0.541075 0.104743 10.4474 -1.18523e-05 0.250694 -0.00219097 -0.541075 -0.00565212 1.55457 0.000364885
45.332 -0.436332 -0.541072 0.10474 10.447 -1.18025e-05 0.250688 -0.00219089 -0.541072 -0.00565205 1.55457 0.000364888
45.333 -0.436332 -0.54107 0.104737 10.4467 -1.17527e-05 0.250683 -0.00219081 -0.54107 -0.00565197 1.55457 0.000364891
45.334 -0.436332 -0.541067 0.104735 10.4463 -1.1703e-05 0.250677 -0.00219074 -0.541067 -0.0056519 1.55457 0.000364894
45.335 -0.436332 -0.541064 0.104732 10.446 -1.16532e-05 0.250671 -0.00219066 -0.541064 -0.00565182 1.55457 0.000364898
45.336 -0.436332 -0.541061 0.104729 10.4457 -1.16034e-05 0.250665 -0.00219058 -0.541061 -0.00565174 1.55457 0.000364901
45.337 -0.436332 -0.541059 0.104726 10.4453 -1.15536e-05 0.25066 -0.0021905 -0.541059 -0.00565167 1.55457 0.000364904
45.338 -0.436332 -0.541056 0.104724 10.445 -1.15038e-05 0.250654 -0.00219043 -0.541056 -0.00565159 1.55457 0.000364908
45.339 -0.436332 -0.541053 0.104721 10.4446 -1.1454e-05 0.250648 -0.00219035 -0.541053 -0.00565151 1.55457 0.000364911
45.34 -0.436332 -0.54105 0.104718 10.4443 -1.14042e-05 0.250642 -0.00219027 -0.54105 -0.00565143 1.55457 0.000364914
45.341 -0.436332 -0.541048 0.104715 10.4439 -1.13544e-05 0.250637 -0.00219019 -0.541048 -0.00565136 1.55457 0.000364918
45.342 -0.436332 -0.541045 0.104713 10.4436 -1.13046e-05 0.250631 -0.00219011 -0.541045 -0.00565128 1.55457 0.000364921
45.343 -0.436332 -0.541042 0.10471 10.4433 -1.12549e-05 0.250625 -0.00219003 -0.541042 -0.0056512 1.55457 0.000364925
45.344 -0.436332 -0.541039 0.104707 10.4429 -1.12051e-05 0.250619 -0.00218995 -0.541039 -0.00565112 1.55457 0.000364928
45.345 -0.436332 -0.541037 0.104704 10.4426 -1.11553e-05 0.250613 -0.00218987 -0.541037 -0.00565104 1.55457 0.000364932
45.346 -0.436332 -0.541034 0.104702 10.4422 -1.11056e-05 0.250607 -0.00218979 -0.541034 -0.00565096 1.55457 0.000364935
45.347 -0.436332 -0.541031 0.104699 10.4419 -1.10558e-05 0.250601 -0.00218971 -0.541031 -0.00565089 1.55457 0.000364938
45.348 -0.436332 -0.541028 0.104696 10.4415 -1.10061e-05 0.250596 -0.00218963 -0.541028 -0.00565081 1.55457 0.000364942
45.349 -0.436332 -0.541025 0.104693 10.4412 -1.09563e-05 0.25059 -0.00218955 -0.541025 -0.00565073 1.55457 0.000364945
45.35 -0.436332 -0.541023 0.10469 10.4409 -1.09066e-05 0.250584 -0.00218947 -0.541023 -0.00565065 1.55457 0.000364949
45.351 -0.436332 -0.54102 0.104687 10.4405 -1.08569e-05 0.250578 -0.00218939 -0.54102 -0.00565057 1.55457 0.000364953
45.352 -0.436332 -0.541017 0.104685 10.4402 -1.08072e-05 0.250572 -0.00218931 -0.541017 -0.00565049 1.55457 0.000364956
45.353 -0.436332 -0.541014 0.104682 10.4398 -1.07575e-05 0.250566 -0.00218923 -0.541014 -0.00565041 1.55457 0.00036496
45.354 -0.436332 -0.541011 0.104679 10.4395 -1.07078e-05 0.25056 -0.00218915 -0.541011 -0.00565033 1.55457 0.000364963
45.355 -0.436332 -0.541008 0.104676 10.4391 -1.06581e-05 0.250554 -0.00218907 -0.541008 -0.00565024 1.55457 0.000364967
45.356 -0.436332 -0.541006 0.104673 10.4388 -1.06084e-05 0.250548 -0.00218899 -0.541006 -0.00565016 1.55457 0.000364971
45.357 -0.436332 -0.541003 0.10467 10.4384 -1.05588e-05 0.250542 -0.00218891 -0.541003 -0.00565008 1.55457 0.000364974
45.358 -0.436332 -0.541 0.104668 10.4381 -1.05091e-05 0.250536 -0.00218882 -0.541 -0.00565 1.55458 0.000364978
45.359 -0.436332 -0.540997 0.104665 10.4378 -1.04595e-05 0.25053 -0.00218874 -0.540997 -0.00564992 1.55458 0.000364981
45.36 -0.436332 -0.540994 0.104662 10.4374 -1.04099e-05 0.250524 -0.00218866 -0.540994 -0.00564984 1.55458 0.000364985
45.361 -0.436332 -0.540991 0.104659 10.4371 -1.03602e-05 0.250518 -0.00218858 -0.540991 -0.00564976 1.55458 0.000364989
45.362 -0.436332 -0.540988 0.104656 10.4367 -1.03107e-05 0.250512 -0.00218849 -0.540988 -0.00564967 1.55458 0.000364993
45.363 -0.436332 -0.540985 0.104653 10.4364 -1.02611e-05 0.250506 -0.00218841 -0.540985 -0.00564959 1.55458 0.000364996
45.364 -0.436332 -0.540983 0.10465 10.436 -1.02115e-05 0.250499 -0.00218833 -0.540983 -0.00564951 1.55458 0.000365
45.365 -0.436332 -0.54098 0.104647 10.4357 -1.0162e-05 0.250493 -0.00218824 -0.54098 -0.00564943 1.55458 0.000365004
45.366 -0.436332 -0.540977 0.104644 10.4353 -1.01124e-05 0.250487 -0.00218816 -0.540977 -0.00564934 1.55458 0.000365007
45.367 -0.436332 -0.540974 0.104641 10.435 -1.00629e-05 0.250481 -0.00218808 -0.540974 -0.00564926 1.55458 0.000365011
45.368 -0.436332 -0.540971 0.104639 10.4346 -1.00134e-05 0.250475 -0.00218799 -0.540971 -0.00564918 1.55458 0.000365015
45.369 -0.436332 -0.540968 0.104636 10.4343 -9.96396e-06 0.250469 -0.00218791 -0.540968 -0.00564909 1.55458 0.000365019
45.37 -0.436332 -0.540965 0.104633 10.434 -9.9145e-06 0.250463 -0.00218783 -0.540965 -0.00564901 1.55458 0.000365023
45.371 -0.436332 -0.540962 0.10463 10.4336 -9.86507e-06 0.250456 -0.00218774 -0.540962 -0.00564893 1.55458 0.000365026
45.372 -0.436332 -0.540959 0.104627 10.4333 -9.81565e-06 0.25045 -0.00218766 -0.540959 -0.00564884 1.55458 0.00036503
45.373 -0.436332 -0.540956 0.104624 10.4329 -9.76625e-06 0.250444 -0.00218757 -0.540956 -0.00564876 1.55458 0.000365034
45.374 -0.436332 -0.540953 0.104621 10.4326 -9.71688e-06 0.250438 -0.00218749 -0.540953 -0.00564867 1.55458 0.000365038
45.375 -0.436332 -0.54095 0.104618 10.4322 -9.66752e-06 0.250431 -0.0021874 -0.54095 -0.00564859 1.55458 0.000365042
45.376 -0.436332 -0.540947 0.104615 10.4319 -9.61819e-06 0.250425 -0.00218732 -0.540947 -0.00564851 1.55458 0.000365046
45.377 -0.436332 -0.540944 0.104612 10.4315 -9.56888e-06 0.250419 -0.00218723 -0.540944 -0.00564842 1.55458 0.00036505
45.378 -0.436332 -0.540941 0.104609 10.4312 -9.51959e-06 0.250413 -0.00218715 -0.540941 -0.00564834 1.55458 0.000365054
45.379 -0.436332 -0.540938 0.104606 10.4308 -9.47033e-06 0.250406 -0.00218706 -0.540938 -0.00564825 1.55458 0.000365057
45.38 -0.436332 -0.540935 0.104603 10.4305 -9.42109e-06 0.2504 -0.00218698 -0.540935 -0.00564817 1.55458 0.000365061
45.381 -0.436332 -0.540932 0.1046 10.4302 -9.37187e-06 0.250394 -0.00218689 -0.540932 -0.00564808 1.55458 0.000365065
45.382 -0.436332 -0.540929 0.104597 10.4298 -9.32268e-06 0.250388 -0.0021868 -0.540929 -0.00564799 1.55458 0.000365069
45.383 -0.436332 -0.540926 0.104594 10.4295 -9.27351e-06 0.250381 -0.00218672 -0.540926 -0.00564791 1.55458 0.000365073
45.384 -0.436332 -0.540923 0.104591 10.4291 -9.22437e-06 0.250375 -0.00218663 -0.540923 -0.00564782 1.55458 0.000365077
45.385 -0.436332 -0.54092 0.104588 10.4288 -9.17526e-06 0.250369 -0.00218655 -0.54092 -0.00564774 1.55458 0.000365081
45.386 -0.436332 -0.540917 0.104585 10.4284 -9.12618e-06 0.250362 -0.00218646 -0.540917 -0.00564765 1.55458 0.000365085
45.387 -0.436332 -0.540914 0.104582 10.4281 -9.07712e-06 0.250356 -0.00218637 -0.540914 -0.00564756 1.55458 0.000365089
45.388 -0.436332 -0.540911 0.104579 10.4277 -9.02809e-06 0.25035 -0.00218628 -0.540911 -0.00564748 1.55458 0.000365093
45.389 -0.436332 -0.540908 0.104576 10.4274 -8.97908e-06 0.250343 -0.0021862 -0.540908 -0.00564739 1.55458 0.000365097
45.39 -0.436332 -0.540905 0.104573 10.427 -8.93011e-06 0.250337 -0.00218611 -0.540905 -0.0056473 1.55458 0.000365101
45.391 -0.436332 -0.540902 0.10457 10.4267 -8.88117e-06 0.25033 -0.00218602 -0.540902 -0.00564722 1.55458 0.000365105
45.392 -0.436332 -0.540899 0.104567 10.4264 -8.83225e-06 0.250324 -0.00218594 -0.540899 -0.00564713 1.55458 0.00036511
45.393 -0.436332 -0.540896 0.104564 10.426 -8.78337e-06 0.250318 -0.00218585 -0.540896 -0.00564704 1.55458 0.000365114
45.394 -0.436332 -0.540893 0.104561 10.4257 -8.73451e-06 0.250311 -0.00218576 -0.540893 -0.00564696 1.55458 0.000365118
45.395 -0.436332 -0.54089 0.104558 10.4253 -8.68569e-06 0.250305 -0.00218567 -0.54089 -0.00564687 1.55458 0.000365122
45.396 -0.436332 -0.540887 0.104555 10.425 -8.6369e-06 0.250298 -0.00218558 -0.540887 -0.00564678 1.55458 0.000365126
45.397 -0.436332 -0.540884 0.104552 10.4246 -8.58815e-06 0.250292 -0.0021855 -0.540884 -0.00564669 1.55458 0.00036513
45.398 -0.436332 -0.540881 0.104549 10.4243 -8.53942e-06 0.250285 -0.00218541 -0.540881 -0.0056466 1.55458 0.000365134
45.399 -0.436332 -0.540878 0.104546 10.4239 -8.49073e-06 0.250279 -0.00218532 -0.540878 -0.00564652 1.55458 0.000365138
45.4 -0.436332 -0.540875 0.104543 10.4236 -8.44207e-06 0.250272 -0.00218523 -0.540875 -0.00564643 1.55458 0.000365143
45.401 -0.436332 -0.540872 0.10454 10.4233 -8.39345e-06 0.250266 -0.00218514 -0.540872 -0.00564634 1.55459 0.000365147
45.402 -0.436332 -0.540869 0.104536 10.4229 -8.34486e-06 0.250259 -0.00218505 -0.540869 -0.00564625 1.55459 0.000365151
45.403 -0.436332 -0.540866 0.104533 10.4226 -8.2963e-06 0.250253 -0.00218496 -0.540866 -0.00564616 1.55459 0.000365155
45.404 -0.436332 -0.540863 0.10453 10.4222 -8.24779e-06 0.250246 -0.00218488 -0.540863 -0.00564607 1.55459 0.000365159
45.405 -0.436332 -0.54086 0.104527 10.4219 -8.1993e-06 0.25024 -0.00218479 -0.54086 -0.00564599 1.55459 0.000365164
45.406 -0.436332 -0.540856 0.104524 10.4215 -8.15086e-06 0.250233 -0.0021847 -0.540856 -0.0056459 1.55459 0.000365168
45.407 -0.436332 -0.540853 0.104521 10.4212 -8.10245e-06 0.250227 -0.00218461 -0.540853 -0.00564581 1.55459 0.000365172
45.408 -0.436332 -0.54085 0.104518 10.4208 -8.05408e-06 0.25022 -0.00218452 -0.54085 -0.00564572 1.55459 0.000365176
45.409 -0.436332 -0.540847 0.104515 10.4205 -8.00574e-06 0.250214 -0.00218443 -0.540847 -0.00564563 1.55459 0.000365181
45.41 -0.436332 -0.540844 0.104512 10.4202 -7.95745e-06 0.250207 -0.00218434 -0.540844 -0.00564554 1.55459 0.000365185
45.411 -0.436332 -0.540841 0.104509 10.4198 -7.90919e-06 0.250201 -0.00218425 -0.540841 -0.00564545 1.55459 0.000365189
45.412 -0.436332 -0.540838 0.104506 10.4195 -7.86097e-06 0.250194 -0.00218416 -0.540838 -0.00564536 1.55459 0.000365193
45.413 -0.436332 -0.540835 0.104502 10.4191 -7.8128e-06 0.250188 -0.00218407 -0.540835 -0.00564527 1.55459 0.000365198
45.414 -0.436332 -0.540832 0.104499 10.4188 -7.76466e-06 0.250181 -0.00218398 -0.540832 -0.00564518 1.55459 0.000365202
45.415 -0.436332 -0.540828 0.104496 10.4184 -7.71656e-06 0.250174 -0.00218389 -0.540828 -0.00564509 1.55459 0.000365206
45.416 -0.436332 -0.540825 0.104493 10.4181 -7.66851e-06 0.250168 -0.0021838 -0.540825 -0.005645 1.55459 0.000365211
45.417 -0.436332 -0.540822 0.10449 10.4178 -7.62049e-06 0.250161 -0.00218371 -0.540822 -0.00564491 1.55459 0.000365215
45.418 -0.436332 -0.540819 0.104487 10.4174 -7.57252e-06 0.250155 -0.00218362 -0.540819 -0.00564482 1.55459 0.000365219
45.419 -0.436332 -0.540816 0.104484 10.4171 -7.52459e-06 0.250148 -0.00218353 -0.540816 -0.00564473 1.55459 0.000365224
45.42 -0.436332 -0.540813 0.104481 10.4167 -7.4767e-06 0.250141 -0.00218344 -0.540813 -0.00564464 1.55459 0.000365228
45.421 -0.436332 -0.54081 0.104477 10.4164 -7.42886e-06 0.250135 -0.00218335 -0.54081 -0.00564455 1.55459 0.000365232
45.422 -0.436332 -0.540807 0.104474 10.416 -7.38106e-06 0.250128 -0.00218325 -0.540807 -0.00564446 1.55459 0.000365237
45.423 -0.436332 -0.540803 0.104471 10.4157 -7.3333e-06 0.250121 -0.00218316 -0.540803 -0.00564437 1.55459 0.000365241
45.424 -0.436332 -0.5408 0.104468 10.4154 -7.28559e-06 0.250115 -0.00218307 -0.5408 -0.00564428 1.55459 0.000365246
45.425 -0.436332 -0.540797 0.104465 10.415 -7.23792e-06 0.250108 -0.00218298 -0.540797 -0.00564418 1.55459 0.00036525
45.426 -0.436332 -0.540794 0.104462 10.4147 -7.1903e-06 0.250101 -0.00218289 -0.540794 -0.00564409 1.55459 0.000365254
45.427 -0.436332 -0.540791 0.104459 10.4143 -7.14273e-06 0.250095 -0.0021828 -0.540791 -0.005644 1.55459 0.000365259
45.428 -0.436332 -0.540788 0.104455 10.414 -7.0952e-06 0.250088 -0.00218271 -0.540788 -0.00564391 1.55459 0.000365263
45.429 -0.436332 -0.540785 0.104452 10.4137 -7.04771e-06 0.250081 -0.00218261 -0.540785 -0.00564382 1.55459 0.000365268
45.43 -0.436332 -0.540781 0.104449 10.4133 -7.00028e-06 0.250075 -0.00218252 -0.540781 -0.00564373 1.55459 0.000365272
45.431 -0.436332 -0.540778 0.104446 10.413 -6.95289e-06 0.250068 -0.00218243 -0.540778 -0.00564364 1.55459 0.000365277
45.432 -0.436332 -0.540775 0.104443 10.4126 -6.90555e-06 0.250061 -0.00218234 -0.540775 -0.00564354 1.55459 0.000365281
45.433 -0.436332 -0.540772 0.10444 10.4123 -6.85826e-06 0.250055 -0.00218225 -0.540772 -0.00564345 1.55459 0.000365285
45.434 -0.436332 -0.540769 0.104436 10.412 -6.81102e-06 0.250048 -0.00218216 -0.540769 -0.00564336 1.55459 0.00036529
45.435 -0.436332 -0.540766 0.104433 10.4116 -6.76382e-06 0.250041 -0.00218206 -0.540766 -0.00564327 1.55459 0.000365294
45.436 -0.436332 -0.540762 0.10443 10.4113 -6.71668e-06 0.250035 -0.00218197 -0.540762 -0.00564318 1.55459 0.000365299
45.437 -0.436332 -0.540759 0.104427 10.4109 -6.66958e-06 0.250028 -0.00218188 -0.540759 -0.00564308 1.55459 0.000365303
45.438 -0.436332 -0.540756 0.104424 10.4106 -6.62254e-06 0.250021 -0.00218179 -0.540756 -0.00564299 1.55459 0.000365308
45.439 -0.436332 -0.540753 0.104421 10.4103 -6.57555e-06 0.250014 -0.00218169 -0.540753 -0.0056429 1.55459 0.000365313
45.44 -0.436332 -0.54075 0.104417 10.4099 -6.52861e-06 0.250008 -0.0021816 -0.54075 -0.00564281 1.55459 0.000365317
45.441 -0.436332 -0.540746 0.104414 10.4096 -6.48172e-06 0.250001 -0.00218151 -0.540746 -0.00564271 1.55459 0.000365322
45.442 -0.436332 -0.540743 0.104411 10.4093 -6.43488e-06 0.249994 -0.00218142 -0.540743 -0.00564262 1.55459 0.000365326
45.443 -0.436332 -0.54074 0.104408 10.4089 -6.38809e-06 0.249987 -0.00218132 -0.54074 -0.00564253 1.55459 0.000365331
45.444 -0.436332 -0.540737 0.104405 10.4086 -6.34136e-06 0.249981 -0.00218123 -0.540737 -0.00564244 1.5546 0.000365335
45.445 -0.436332 -0.540734 0.104401 10.4082 -6.29468e-06 0.249974 -0.00218114 -0.540734 -0.00564234 1.5546 0.00036534
45.446 -0.436332 -0.540731 0.104398 10.4079 -6.24805e-06 0.249967 -0.00218105 -0.540731 -0.00564225 1.5546 0.000365344
45.447 -0.436332 -0.540727 0.104395 10.4076 -6.20148e-06 0.24996 -0.00218095 -0.540727 -0.00564216 1.5546 0.000365349
45.448 -0.436332 -0.540724 0.104392 10.4072 -6.15497e-06 0.249954 -0.00218086 -0.540724 -0.00564206 1.5546 0.000365354
45.449 -0.436332 -0.540721 0.104389 10.4069 -6.1085e-06 0.249947 -0.00218077 -0.540721 -0.00564197 1.5546 0.000365358
45.45 -0.436332 -0.540718 0.104385 10.4066 -6.0621e-06 0.24994 -0.00218067 -0.540718 -0.00564188 1.5546 0.000365363
45.451 -0.436332 -0.540715 0.104382 10.4062 -6.01574e-06 0.249933 -0.00218058 -0.540715 -0.00564179 1.5546 0.000365367
45.452 -0.436332 -0.540711 0.104379 10.4059 -5.96945e-06 0.249927 -0.00218049 -0.540711 -0.00564169 1.5546 0.000365372
45.453 -0.436332 -0.540708 0.104376 10.4056 -5.92321e-06 0.24992 -0.00218039 -0.540708 -0.0056416 1.5546 0.000365377
45.454 -0.436332 -0.540705 0.104373 10.4052 -5.87703e-06 0.249913 -0.0021803 -0.540705 -0.00564151 1.5546 0.000365381
45.455 -0.436332 -0.540702 0.104369 10.4049 -5.8309e-06 0.249906 -0.00218021 -0.540702 -0.00564141 1.5546 0.000365386
45.456 -0.436332 -0.540699 0.104366 10.4046 -5.78483e-06 0.249899 -0.00218011 -0.540699 -0.00564132 1.5546 0.00036539
45.457 -0.436332 -0.540695 0.104363 10.4042 -5.73882e-06 0.249893 -0.00218002 -0.540695 -0.00564122 1.5546 0.000365395
45.458 -0.436332 -0.540692 0.10436 10.4039 -5.69287e-06 0.249886 -0.00217993 -0.540692 -0.00564113 1.5546 0.0003654
45.459 -0.436332 -0.540689 0.104357 10.4036 -5.64698e-06 0.249879 -0.00217983 -0.540689 -0.00564104 1.5546 0.000365404
45.46 -0.436332 -0.540686 0.104353 10.4032 -5.60114e-06 0.249872 -0.00217974 -0.540686 -0.00564094 1.5546 0.000365409
45.461 -0.436332 -0.540682 0.10435 10.4029 -5.55537e-06 0.249865 -0.00217964 -0.540682 -0.00564085 1.5546 0.000365414
45.462 -0.436332 -0.540679 0.104347 10.4026 -5.50965e-06 0.249859 -0.00217955 -0.540679 -0.00564076 1.5546 0.000365418
45.463 -0.436332 -0.540676 0.104344 10.4022 -5.464e-06 0.249852 -0.00217946 -0.540676 -0.00564066 1.5546 0.000365423
45.464 -0.436332 -0.540673 0.104341 10.4019 -5.4184e-06 0.249845 -0.00217936 -0.540673 -0.00564057 1.5546 0.000365428
45.465 -0.436332 -0.54067 0.104337 10.4016 -5.37287e-06 0.249838 -0.00217927 -0.54067 -0.00564047 1.5546 0.000365433
45.466 -0.436332 -0.540666 0.104334 10.4012 -5.3274e-06 0.249831 -0.00217917 -0.540666 -0.00564038 1.5546 0.000365437
45.467 -0.436332 -0.540663 0.104331 10.4009 -5.28199e-06 0.249825 -0.00217908 -0.540663 -0.00564029 1.5546 0.000365442
45.468 -0.436332 -0.54066 0.104328 10.4006 -5.23664e-06 0.249818 -0.00217899 -0.54066 -0.00564019 1.5546 0.000365447
45.469 -0.436332 -0.540657 0.104324 10.4002 -5.19135e-06 0.249811 -0.00217889 -0.540657 -0.0056401 1.5546 0.000365451
45.47 -0.436332 -0.540654 0.104321 10.3999 -5.14613e-06 0.249804 -0.0021788 -0.540654 -0.00564 1.5546 0.000365456
45.471 -0.436332 -0.54065 0.104318 10.3996 -5.10097e-06 0.249797 -0.0021787 -0.54065 -0.00563991 1.5546 0.000365461
45.472 -0.436332 -0.540647 0.104315 10.3992 -5.05587e-06 0.24979 -0.00217861 -0.540647 -0.00563982 1.5546 0.000365466
45.473 -0.436332 -0.540644 0.104312 10.3989 -5.01084e-06 0.249784 -0.00217852 -0.540644 -0.00563972 1.5546 0.00036547
45.474 -0.436332 -0.540641 0.104308 10.3986 -4.96587e-06 0.249777 -0.00217842 -0.540641 -0.00563963 1.5546 0.000365475
45.475 -0.436332 -0.540637 0.104305 10.3983 -4.92096e-06 0.24977 -0.00217833 -0.540637 -0.00563953 1.5546 0.00036548
45.476 -0.436332 -0.540634 0.104302 10.3979 -4.87612e-06 0.249763 -0.00217823 -0.540634 -0.00563944 1.5546 0.000365485
45.477 -0.436332 -0.540631 0.104299 10.3976 -4.83134e-06 0.249756 -0.00217814 -0.540631 -0.00563934 1.5546 0.000365489
45.478 -0.436332 -0.540628 0.104295 10.3973 -4.78663e-06 0.249749 -0.00217804 -0.540628 -0.00563925 1.5546 0.000365494
45.479 -0.436332 -0.540625 0.104292 10.397 -4.74199e-06 0.249743 -0.00217795 -0.540625 -0.00563915 1.5546 0.000365499
45.48 -0.436332 -0.540621 0.104289 10.3966 -4.69741e-06 0.249736 -0.00217786 -0.540621 -0.00563906 1.5546 0.000365504
45.481 -0.436332 -0.540618 0.104286 10.3963 -4.6529e-06 0.249729 -0.00217776 -0.540618 -0.00563897 1.5546 0.000365508
45.482 -0.436332 -0.540615 0.104283 10.396 -4.60845e-06 0.249722 -0.00217767 -0.540615 -0.00563887 1.5546 0.000365513
45.483 -0.436332 -0.540612 0.104279 10.3957 -4.56407e-06 0.249715 -0.00217757 -0.540612 -0.00563878 1.5546 0.000365518
45.484 -0.436332 -0.540608 0.104276 10.3953 -4.51976e-06 0.249708 -0.00217748 -0.540608 -0.00563868 1.5546 0.000365523
45.485 -0.436332 -0.540605 0.104273 10.395 -4.47552e-06 0.249701 -0.00217738 -0.540605 -0.00563859 1.5546 0.000365528
45.486 -0.436332 -0.540602 0.10427 10.3947 -4.43135e-06 0.249695 -0.00217729 -0.540602 -0.00563849 1.55461 0.000365532
45.487 -0.436332 -0.540599 0.104266 10.3944 -4.38724e-06 0.249688 -0.00217719 -0.540599 -0.0056384 1.55461 0.000365537
45.488 -0.436332 -0.540595 0.104263 10.394 -4.3432e-06 0.249681 -0.0021771 -0.540595 -0.0056383 1.55461 0.000365542
45.489 -0.436332 -0.540592 0.10426 10.3937 -4.29923e-06 0.249674 -0.002177 -0.540592 -0.00563821 1.55461 0.000365547
45.49 -0.436332 -0.540589 0.104257 10.3934 -4.25533e-06 0.249667 -0.00217691 -0.540589 -0.00563811 1.55461 0.000365552
45.491 -0.436332 -0.540586 0.104253 10.3931 -4.21151e-06 0.24966 -0.00217682 -0.540586 -0.00563802 1.55461 0.000365557
45.492 -0.436332 -0.540583 0.10425 10.3927 -4.16775e-06 0.249654 -0.00217672 -0.540583 -0.00563792 1.55461 0.000365561
45.493 -0.436332 -0.540579 0.104247 10.3924 -4.12406e-06 0.249647 -0.00217663 -0.540579 -0.00563783 1.55461 0.000365566
45.494 -0.436332 -0.540576 0.104244 10.3921 -4.08044e-06 0.24964 -0.00217653 -0.540576 -0.00563773 1.55461 0.000365571
45.495 -0.436332 -0.540573 0.104241 10.3918 -4.03689e-06 0.249633 -0.00217644 -0.540573 -0.00563764 1.55461 0.000365576
45.496 -0.436332 -0.54057 0.104237 10.3915 -3.99341e-06 0.249626 -0.00217634 -0.54057 -0.00563754 1.55461 0.000365581
45.497 -0.436332 -0.540566 0.104234 10.3911 -3.95001e-06 0.249619 -0.00217625 -0.540566 -0.00563745 1.55461 0.000365586
45.498 -0.436332 -0.540563 0.104231 10.3908 -3.90668e-06 0.249612 -0.00217615 -0.540563 -0.00563735 1.55461 0.00036559
45.499 -0.436332 -0.54056 0.104228 10.3905 -3.86342e-06 0.249606 -0.00217606 -0.54056 -0.00563726 1.55461 0.000365595
45.5 -0.436332 -0.540557 0.104224 10.3902 -3.82023e-06 0.249599 -0.00217596 -0.540557 -0.00563716 1.55461 0.0003656
45.501 -0.436332 -0.540554 0.104221 10.3899 -3.77712e-06 0.249592 -0.00217587 -0.540554 -0.00563707 1.55461 0.000365605
45.502 -0.436332 -0.54055 0.104218 10.3895 -3.73407e-06 0.249585 -0.00217577 -0.54055 -0.00563697 1.55461 0.00036561
45.503 -0.436332 -0.540547 0.104215 10.3892 -3.6911e-06 0.249578 -0.00217568 -0.540547 -0.00563688 1.55461 0.000365615
45.504 -0.436332 -0.540544 0.104212 10.3889 -3.64821e-06 0.249571 -0.00217558 -0.540544 -0.00563678 1.55461 0.00036562
45.505 -0.436332 -0.540541 0.104208 10.3886 -3.60539e-06 0.249565 -0.00217549 -0.540541 -0.00563669 1.55461 0.000365624
45.506 -0.436332 -0.540537 0.104205 10.3883 -3.56264e-06 0.249558 -0.00217539 -0.540537 -0.00563659 1.55461 0.000365629
45.507 -0.436332 -0.540534 0.104202 10.388 -3.51997e-06 0.249551 -0.0021753 -0.540534 -0.0056365 1.55461 0.000365634
45.508 -0.436332 -0.540531 0.104199 10.3876 -3.47738e-06 0.249544 -0.00217521 -0.540531 -0.0056364 1.55461 0.000365639
45.509 -0.436332 -0.540528 0.104195 10.3873 -3.43485e-06 0.249537 -0.00217511 -0.540528 -0.00563631 1.55461 0.000365644
45.51 -0.436332 -0.540524 0.104192 10.387 -3.39241e-06 0.24953 -0.00217502 -0.540524 -0.00563621 1.55461 0.000365649
45.511 -0.436332 -0.540521 0.104189 10.3867 -3.35004e-06 0.249523 -0.00217492 -0.540521 -0.00563612 1.55461 0.000365654
45.512 -0.436332 -0.540518 0.104186 10.3864 -3.30774e-06 0.249517 -0.00217483 -0.540518 -0.00563602 1.55461 0.000365659
45.513 -0.436332 -0.540515 0.104183 10.3861 -3.26553e-06 0.24951 -0.00217473 -0.540515 -0.00563593 1.55461 0.000365664
45.514 -0.436332 -0.540512 0.104179 10.3858 -3.22338e-06 0.249503 -0.00217464 -0.540512 -0.00563584 1.55461 0.000365668
45.515 -0.436332 -0.540508 0.104176 10.3854 -3.18132e-06 0.249496 -0.00217454 -0.540508 -0.00563574 1.55461 0.000365673
45.516 -0.436332 -0.540505 0.104173 10.3851 -3.13933e-06 0.249489 -0.00217445 -0.540505 -0.00563565 1.55461 0.000365678
45.517 -0.436332 -0.540502 0.10417 10.3848 -3.09742e-06 0.249483 -0.00217435 -0.540502 -0.00563555 1.55461 0.000365683
45.518 -0.436332 -0.540499 0.104166 10.3845 -3.05559e-06 0.249476 -0.00217426 -0.540499 -0.00563546 1.55461 0.000365688
45.519 -0.436332 -0.540496 0.104163 10.3842 -3.01384e-06 0.249469 -0.00217416 -0.540496 -0.00563536 1.55461 0.000365693
45.52 -0.436332 -0.540492 0.10416 10.3839 -2.97216e-06 0.249462 -0.00217407 -0.540492 -0.00563527 1.55461 0.000365698
45.521 -0.436332 -0.540489 0.104157 10.3836 -2.93057e-06 0.249455 -0.00217398 -0.540489 -0.00563517 1.55461 0.000365703
45.522 -0.436332 -0.540486 0.104154 10.3833 -2.88905e-06 0.249448 -0.00217388 -0.540486 -0.00563508 1.55461 0.000365708
45.523 -0.436332 -0.540483 0.10415 10.383 -2.84761e-06 0.249442 -0.00217379 -0.540483 -0.00563498 1.55461 0.000365713
45.524 -0.436332 -0.54048 0.104147 10.3827 -2.80625e-06 0.249435 -0.00217369 -0.54048 -0.00563489 1.55461 0.000365718
45.525 -0.436332 -0.540476 0.104144 10.3823 -2.76497e-06 0.249428 -0.0021736 -0.540476 -0.00563479 1.55461 0.000365723
45.526 -0.436332 -0.540473 0.104141 10.382 -2.72377e-06 0.249421 -0.0021735 -0.540473 -0.0056347 1.55461 0.000365727
45.527 -0.436332 -0.54047 0.104138 10.3817 -2.68265e-06 0.249414 -0.00217341 -0.54047 -0.0056346 1.55461 0.000365732
45.528 -0.436332 -0.540467 0.104134 10.3814 -2.64161e-06 0.249408 -0.00217332 -0.540467 -0.00563451 1.55461 0.000365737
45.529 -0.436332 -0.540463 0.104131 10.3811 -2.60065e-06 0.249401 -0.00217322 -0.540463 -0.00563441 1.55461 0.000365742
45.53 -0.436332 -0.54046 0.104128 10.3808 -2.55978e-06 0.249394 -0.00217313 -0.54046 -0.00563432 1.55462 0.000365747
45.531 -0.436332 -0.540457 0.104125 10.3805 -2.51898e-06 0.249387 -0.00217303 -0.540457 -0.00563422 1.55462 0.000365752
45.532 -0.436332 -0.540454 0.104122 10.3802 -2.47826e-06 0.24938 -0.00217294 -0.540454 -0.00563413 1.55462 0.000365757
45.533 -0.436332 -0.540451 0.104118 10.3799 -2.43763e-06 0.249374 -0.00217284 -0.540451 -0.00563404 1.55462 0.000365762
45.534 -0.436332 -0.540448 0.104115 10.3796 -2.39708e-06 0.249367 -0.00217275 -0.540448 -0.00563394 1.55462 0.000365767
45.535 -0.436332 -0.540444 0.104112 10.3793 -2.35661e-06 0.24936 -0.00217266 -0.540444 -0.00563385 1.55462 0.000365772
45.536 -0.436332 -0.540441 0.104109 10.379 -2.31622e-06 0.249353 -0.00217256 -0.540441 -0.00563375 1.55462 0.000365777
45.537 -0.436332 -0.540438 0.104106 10.3787 -2.27592e-06 0.249346 -0.00217247 -0.540438 -0.00563366 1.55462 0.000365782
45.538 -0.436332 -0.540435 0.104102 10.3784 -2.2357e-06 0.24934 -0.00217237 -0.540435 -0.00563356 1.55462 0.000365787
45.539 -0.436332 -0.540432 0.104099 10.3781 -2.19556e-06 0.249333 -0.00217228 -0.540432 -0.00563347 1.55462 0.000365792
45.54 -0.436332 -0.540428 0.104096 10.3778 -2.15551e-06 0.249326 -0.00217219 -0.540428 -0.00563337 1.55462 0.000365797
45.541 -0.436332 -0.540425 0.104093 10.3775 -2.11554e-06 0.249319 -0.00217209 -0.540425 -0.00563328 1.55462 0.000365802
45.542 -0.436332 -0.540422 0.10409 10.3772 -2.07565e-06 0.249313 -0.002172 -0.540422 -0.00563319 1.55462 0.000365806
45.543 -0.436332 -0.540419 0.104087 10.3769 -2.03585e-06 0.249306 -0.0021719 -0.540419 -0.00563309 1.55462 0.000365811
45.544 -0.436332 -0.540416 0.104083 10.3766 -1.99613e-06 0.249299 -0.00217181 -0.540416 -0.005633 1.55462 0.000365816
45.545 -0.436332 -0.540413 0.10408 10.3763 -1.95649e-06 0.249292 -0.00217172 -0.540413 -0.0056329 1.55462 0.000365821
45.546 -0.436332 -0.540409 0.104077 10.376 -1.91694e-06 0.249286 -0.00217162 -0.540409 -0.00563281 1.55462 0.000365826
45.547 -0.436332 -0.540406 0.104074 10.3757 -1.87748e-06 0.249279 -0.00217153 -0.540406 -0.00563272 1.55462 0.000365831
45.548 -0.436332 -0.540403 0.104071 10.3754 -1.8381e-06 0.249272 -0.00217144 -0.540403 -0.00563262 1.55462 0.000365836
45.549 -0.436332 -0.5404 0.104068 10.3751 -1.79881e-06 0.249265 -0.00217134 -0.5404 -0.00563253 1.55462 0.000365841
45.55 -0.436332 -0.540397 0.104064 10.3748 -1.7596e-06 0.249259 -0.00217125 -0.540397 -0.00563243 1.55462 0.000365846
45.551 -0.436332 -0.540394 0.104061 10.3745 -1.72048e-06 0.249252 -0.00217116 -0.540394 -0.00563234 1.55462 0.000365851
45.552 -0.436332 -0.54039 0.104058 10.3742 -1.68145e-06 0.249245 -0.00217106 -0.54039 -0.00563225 1.55462 0.000365856
45.553 -0.436332 -0.540387 0.104055 10.3739 -1.6425e-06 0.249239 -0.00217097 -0.540387 -0.00563215 1.55462 0.000365861
45.554 -0.436332 -0.540384 0.104052 10.3736 -1.60364e-06 0.249232 -0.00217088 -0.540384 -0.00563206 1.55462 0.000365866
45.555 -0.436332 -0.540381 0.104049 10.3733 -1.56486e-06 0.249225 -0.00217078 -0.540381 -0.00563197 1.55462 0.000365871
45.556 -0.436332 -0.540378 0.104045 10.3731 -1.52617e-06 0.249218 -0.00217069 -0.540378 -0.00563187 1.55462 0.000365876
45.557 -0.436332 -0.540375 0.104042 10.3728 -1.48757e-06 0.249212 -0.0021706 -0.540375 -0.00563178 1.55462 0.000365881
45.558 -0.436332 -0.540371 0.104039 10.3725 -1.44906e-06 0.249205 -0.0021705 -0.540371 -0.00563168 1.55462 0.000365886
45.559 -0.436332 -0.540368 0.104036 10.3722 -1.41063e-06 0.249198 -0.00217041 -0.540368 -0.00563159 1.55462 0.000365891
45.56 -0.436332 -0.540365 0.104033 10.3719 -1.37229e-06 0.249192 -0.00217032 -0.540365 -0.0056315 1.55462 0.000365896
45.561 -0.436332 -0.540362 0.10403 10.3716 -1.33404e-06 0.249185 -0.00217023 -0.540362 -0.0056314 1.55462 0.000365901
45.562 -0.436332 -0.540359 0.104027 10.3713 -1.29588e-06 0.249178 -0.00217013 -0.540359 -0.00563131 1.55462 0.000365905
45.563 -0.436332 -0.540356 0.104023 10.371 -1.25781e-06 0.249172 -0.00217004 -0.540356 -0.00563122 1.55462 0.00036591
45.564 -0.436332 -0.540353 0.10402 10.3707 -1.21983e-06 0.249165 -0.00216995 -0.540353 -0.00563113 1.55462 0.000365915
45.565 -0.436332 -0.54035 0.104017 10.3704 -1.18193e-06 0.249158 -0.00216985 -0.54035 -0.00563103 1.55462 0.00036592
45.566 -0.436332 -0.540346 0.104014 10.3702 -1.14413e-06 0.249152 -0.00216976 -0.540346 -0.00563094 1.55462 0.000365925
45.567 -0.436332 -0.540343 0.104011 10.3699 -1.10641e-06 0.249145 -0.00216967 -0.540343 -0.00563085 1.55462 0.00036593
45.568 -0.436332 -0.54034 0.104008 10.3696 -1.06878e-06 0.249138 -0.00216958 -0.54034 -0.00563075 1.55462 0.000365935
45.569 -0.436332 -0.540337 0.104005 10.3693 -1.03124e-06 0.249132 -0.00216949 -0.540337 -0.00563066 1.55462 0.00036594
45.57 -0.436332 -0.540334 0.104002 10.369 -9.93796e-07 0.249125 -0.00216939 -0.540334 -0.00563057 1.55462 0.000365945
45.571 -0.436332 -0.540331 0.103998 10.3687 -9.56439e-07 0.249119 -0.0021693 -0.540331 -0.00563048 1.55462 0.00036595
45.572 -0.436332 -0.540328 0.103995 10.3685 -9.19172e-07 0.249112 -0.00216921 -0.540328 -0.00563038 1.55462 0.000365955
45.573 -0.436332 -0.540325 0.103992 10.3682 -8.81995e-07 0.249105 -0.00216912 -0.540325 -0.00563029 1.55462 0.00036596
45.574 -0.436332 -0.540321 0.103989 10.3679 -8.44909e-07 0.249099 -0.00216902 -0.540321 -0.0056302 1.55462 0.000365965
45.575 -0.436332 -0.540318 0.103986 10.3676 -8.07914e-07 0.249092 -0.00216893 -0.540318 -0.00563011 1.55462 0.00036597
45.576 -0.436332 -0.540315 0.103983 10.3673 -7.7101e-07 0.249086 -0.00216884 -0.540315 -0.00563001 1.55463 0.000365975
45.577 -0.436332 -0.540312 0.10398 10.367 -7.34197e-07 0.249079 -0.00216875 -0.540312 -0.00562992 1.55463 0.00036598
45.578 -0.436332 -0.540309 0.103977 10.3668 -6.97476e-07 0.249072 -0.00216866 -0.540309 -0.00562983 1.55463 0.000365985
45.579 -0.436332 -0.540306 0.103974 10.3665 -6.60846e-07 0.249066 -0.00216857 -0.540306 -0.00562974 1.55463 0.000365989
45.58 -0.436332 -0.540303 0.103971 10.3662 -6.24308e-07 0.249059 -0.00216847 -0.540303 -0.00562964 1.55463 0.000365994
45.581 -0.436332 -0.5403 0.103968 10.3659 -5.87862e-07 0.249053 -0.00216838 -0.5403 -0.00562955 1.55463 0.000365999
45.582 -0.436332 -0.540297 0.103964 10.3657 -5.51508e-07 0.249046 -0.00216829 -0.540297 -0.00562946 1.55463 0.000366004
45.583 -0.436332 -0.540294 0.103961 10.3654 -5.15246e-07 0.24904 -0.0021682 -0.540294 -0.00562937 1.55463 0.000366009
45.584 -0.436332 -0.540291 0.103958 10.3651 -4.79076e-07 0.249033 -0.00216811 -0.540291 -0.00562928 1.55463 0.000366014
45.585 -0.436332 -0.540288 0.103955 10.3648 -4.43e-07 0.249026 -0.00216802 -0.540288 -0.00562919 1.55463 0.000366019
45.586 -0.436332 -0.540284 0.103952 10.3645 -4.07016e-07 0.24902 -0.00216793 -0.540284 -0.00562909 1.55463 0.000366024
45.587 -0.436332 -0.540281 0.103949 10.3643 -3.71125e-07 0.249013 -0.00216784 -0.540281 -0.005629 1.55463 0.000366029
45.588 -0.436332 -0.540278 0.103946 10.364 -3.35327e-07 0.249007 -0.00216775 -0.540278 -0.00562891 1.55463 0.000366034
45.589 -0.436332 -0.540275 0.103943 10.3637 -2.99623e-07 0.249 -0.00216765 -0.540275 -0.00562882 1.55463 0.000366039
45.59 -0.436332 -0.540272 0.10394 10.3635 -2.64012e-07 0.248994 -0.00216756 -0.540272 -0.00562873 1.55463 0.000366044
45.591 -0.436332 -0.540269 0.103937 10.3632 -2.28494e-07 0.248987 -0.00216747 -0.540269 -0.00562864 1.55463 0.000366049
45.592 -0.436332 -0.540266 0.103934 10.3629 -1.93071e-07 0.248981 -0.00216738 -0.540266 -0.00562855 1.55463 0.000366053
45.593 -0.436332 -0.540263 0.103931 10.3626 -1.57741e-07 0.248974 -0.00216729 -0.540263 -0.00562845 1.55463 0.000366058
45.594 -0.436332 -0.54026 0.103928 10.3624 -1.22505e-07 0.248968 -0.0021672 -0.54026 -0.00562836 1.55463 0.000366063
45.595 -0.436332 -0.540257 0.103925 10.3621 -8.73639e-08 0.248961 -0.00216711 -0.540257 -0.00562827 1.55463 0.000366068
45.596 -0.436332 -0.540254 0.103922 10.3618 -5.2317e-08 0.248955 -0.00216702 -0.540254 -0.00562818 1.55463 0.000366073
45.597 -0.436332 -0.540251 0.103919 10.3616 -1.73646e-08 0.248949 -0.00216693 -0.540251 -0.00562809 1.55463 0.000366078
45.598 -0.436332 -0.540248 0.103916 10.3613 1.74931e-08 0.248942 -0.00216684 -0.540248 -0.005628 1.55463 0.000366083
45.599 -0.436332 -0.540245 0.103913 10.361 5.22559e-08 0.248936 -0.00216675 -0.540245 -0.00562791 1.55463 0.000366088
45.6 -0.436332 -0.540242 0.10391 10.3608 8.69238e-08 0.248929 -0.00216666 -0.540242 -0.00562782 1.55463 0.000366093
45.601 -0.436332 -0.540239 0.103907 10.3605 1.21496e-07 0.248923 -0.00216657 -0.540239 -0.00562773 1.55463 0.000366098
45.602 -0.436332 -0.540236 0.103904 10.3602 1.55974e-07 0.248916 -0.00216648 -0.540236 -0.00562764 1.55463 0.000366102
45.603 -0.436332 -0.540233 0.103901 10.36 1.90356e-07 0.24891 -0.00216639 -0.540233 -0.00562755 1.55463 0.000366107
45.604 -0.436332 -0.54023 0.103898 10.3597 2.24642e-07 0.248904 -0.0021663 -0.54023 -0.00562746 1.55463 0.000366112
45.605 -0.436332 -0.540227 0.103895 10.3594 2.58833e-07 0.248897 -0.00216621 -0.540227 -0.00562737 1.55463 0.000366117
45.606 -0.436332 -0.540224 0.103892 10.3592 2.92928e-07 0.248891 -0.00216613 -0.540224 -0.00562728 1.55463 0.000366122
45.607 -0.436332 -0.540221 0.103889 10.3589 3.26926e-07 0.248884 -0.00216604 -0.540221 -0.00562719 1.55463 0.000366127
45.608 -0.436332 -0.540218 0.103886 10.3586 3.60829e-07 0.248878 -0.00216595 -0.540218 -0.0056271 1.55463 0.000366132
45.609 -0.436332 -0.540215 0.103883 10.3584 3.94636e-07 0.248872 -0.00216586 -0.540215 -0.00562701 1.55463 0.000366137
45.61 -0.436332 -0.540212 0.10388 10.3581 4.28346e-07 0.248865 -0.00216577 -0.540212 -0.00562692 1.55463 0.000366141
45.611 -0.436332 -0.540209 0.103877 10.3579 4.61959e-07 0.248859 -0.00216568 -0.540209 -0.00562683 1.55463 0.000366146
45.612 -0.436332 -0.540206 0.103874 10.3576 4.95476e-07 0.248853 -0.00216559 -0.540206 -0.00562674 1.55463 0.000366151
45.613 -0.436332 -0.540203 0.103871 10.3573 5.28896e-07 0.248846 -0.0021655 -0.540203 -0.00562665 1.55463 0.000366156
45.614 -0.436332 -0.5402 0.103868 10.3571 5.62219e-07 0.24884 -0.00216542 -0.5402 -0.00562657 1.55463 0.000366161
45.615 -0.436332 -0.540197 0.103865 10.3568 5.95445e-07 0.248834 -0.00216533 -0.540197 -0.00562648 1.55463 0.000366166
45.616 -0.436332 -0.540194 0.103862 10.3566 6.28574e-07 0.248827 -0.00216524 -0.540194 -0.00562639 1.55463 0.000366171
45.617 -0.436332 -0.540191 0.103859 10.3563 6.61605e-07 0.248821 -0.00216515 -0.540191 -0.0056263 1.55463 0.000366175
45.618 -0.436332 -0.540188 0.103856 10.3561 6.9454e-07 0.248815 -0.00216506 -0.540188 -0.00562621 1.55463 0.00036618
45.619 -0.436332 -0.540185 0.103853 10.3558 7.27376e-07 0.248808 -0.00216497 -0.540185 -0.00562612 1.55463 0.000366185
45.62 -0.436332 -0.540182 0.10385 10.3556 7.60115e-07 0.248802 -0.00216489 -0.540182 -0.00562603 1.55463 0.00036619
45.621 -0.436332 -0.540179 0.103847 10.3553 7.92757e-07 0.248796 -0.0021648 -0.540179 -0.00562594 1.55463 0.000366195
45.622 -0.436332 -0.540176 0.103844 10.355 8.253e-07 0.24879 -0.00216471 -0.540176 -0.00562586 1.55463 0.0003662
45.623 -0.436332 -0.540173 0.103841 10.3548 8.57745e-07 0.248783 -0.00216462 -0.540173 -0.00562577 1.55463 0.000366204
45.624 -0.436332 -0.540171 0.103838 10.3545 8.90093e-07 0.248777 -0.00216454 -0.540171 -0.00562568 1.55463 0.000366209
45.625 -0.436332 -0.540168 0.103835 10.3543 9.22342e-07 0.248771 -0.00216445 -0.540168 -0.00562559 1.55464 0.000366214
45.626 -0.436332 -0.540165 0.103832 10.354 9.54492e-07 0.248765 -0.00216436 -0.540165 -0.00562551 1.55464 0.000366219
45.627 -0.436332 -0.540162 0.103829 10.3538 9.86545e-07 0.248758 -0.00216428 -0.540162 -0.00562542 1.55464 0.000366224
45.628 -0.436332 -0.540159 0.103827 10.3535 1.0185e-06 0.248752 -0.00216419 -0.540159 -0.00562533 1.55464 0.000366229
45.629 -0.436332 -0.540156 0.103824 10.3533 1.05035e-06 0.248746 -0.0021641 -0.540156 -0.00562524 1.55464 0.000366233
45.63 -0.436332 -0.540153 0.103821 10.353 1.08211e-06 0.24874 -0.00216402 -0.540153 -0.00562516 1.55464 0.000366238
45.631 -0.436332 -0.54015 0.103818 10.3528 1.11377e-06 0.248734 -0.00216393 -0.54015 -0.00562507 1.55464 0.000366243
45.632 -0.436332 -0.540147 0.103815 10.3526 1.14533e-06 0.248727 -0.00216384 -0.540147 -0.00562498 1.55464 0.000366248
45.633 -0.436332 -0.540144 0.103812 10.3523 1.17679e-06 0.248721 -0.00216376 -0.540144 -0.00562489 1.55464 0.000366253
45.634 -0.436332 -0.540141 0.103809 10.3521 1.20815e-06 0.248715 -0.00216367 -0.540141 -0.00562481 1.55464 0.000366257
45.635 -0.436332 -0.540139 0.103806 10.3518 1.23941e-06 0.248709 -0.00216358 -0.540139 -0.00562472 1.55464 0.000366262
45.636 -0.436332 -0.540136 0.103803 10.3516 1.27057e-06 0.248703 -0.0021635 -0.540136 -0.00562463 1.55464 0.000366267
45.637 -0.436332 -0.540133 0.103801 10.3513 1.30163e-06 0.248697 -0.00216341 -0.540133 -0.00562455 1.55464 0.000366272
45.638 -0.436332 -0.54013 0.103798 10.3511 1.33259e-06 0.248691 -0.00216333 -0.54013 -0.00562446 1.55464 0.000366276
45.639 -0.436332 -0.540127 0.103795 10.3508 1.36346e-06 0.248685 -0.00216324 -0.540127 -0.00562437 1.55464 0.000366281
45.64 -0.436332 -0.540124 0.103792 10.3506 1.39422e-06 0.248678 -0.00216316 -0.540124 -0.00562429 1.55464 0.000366286
45.641 -0.436332 -0.540121 0.103789 10.3504 1.42488e-06 0.248672 -0.00216307 -0.540121 -0.0056242 1.55464 0.000366291
45.642 -0.436332 -0.540119 0.103786 10.3501 1.45545e-06 0.248666 -0.00216299 -0.540119 -0.00562412 1.55464 0.000366295
45.643 -0.436332 -0.540116 0.103783 10.3499 1.48591e-06 0.24866 -0.0021629 -0.540116 -0.00562403 1.55464 0.0003663
45.644 -0.436332 -0.540113 0.103781 10.3496 1.51627e-06 0.248654 -0.00216282 -0.540113 -0.00562395 1.55464 0.000366305
45.645 -0.436332 -0.54011 0.103778 10.3494 1.54654e-06 0.248648 -0.00216273 -0.54011 -0.00562386 1.55464 0.00036631
45.646 -0.436332 -0.540107 0.103775 10.3492 1.5767e-06 0.248642 -0.00216265 -0.540107 -0.00562377 1.55464 0.000366314
45.647 -0.436332 -0.540104 0.103772 10.3489 1.60676e-06 0.248636 -0.00216256 -0.540104 -0.00562369 1.55464 0.000366319
45.648 -0.436332 -0.540102 0.103769 10.3487 1.63673e-06 0.24863 -0.00216248 -0.540102 -0.0056236 1.55464 0.000366324
45.649 -0.436332 -0.540099 0.103766 10.3485 1.66659e-06 0.248624 -0.00216239 -0.540099 -0.00562352 1.55464 0.000366329
45.65 -0.436332 -0.540096 0.103764 10.3482 1.69635e-06 0.248618 -0.00216231 -0.540096 -0.00562343 1.55464 0.000366333
45.651 -0.436332 -0.540093 0.103761 10.348 1.72601e-06 0.248612 -0.00216222 -0.540093 -0.00562335 1.55464 0.000366338
45.652 -0.436332 -0.54009 0.103758 10.3478 1.75557e-06 0.248606 -0.00216214 -0.54009 -0.00562326 1.55464 0.000366343
45.653 -0.436332 -0.540088 0.103755 10.3475 1.78503e-06 0.2486 -0.00216206 -0.540088 -0.00562318 1.55464 0.000366347
45.654 -0.436332 -0.540085 0.103752 10.3473 1.81439e-06 0.248594 -0.00216197 -0.540085 -0.0056231 1.55464 0.000366352
45.655 -0.436332 -0.540082 0.10375 10.3471 1.84365e-06 0.248588 -0.00216189 -0.540082 -0.00562301 1.55464 0.000366357
45.656 -0.436332 -0.540079 0.103747 10.3468 1.8728e-06 0.248582 -0.00216181 -0.540079 -0.00562293 1.55464 0.000366361
45.657 -0.436332 -0.540076 0.103744 10.3466 1.90186e-06 0.248576 -0.00216172 -0.540076 -0.00562284 1.55464 0.000366366
45.658 -0.436332 -0.540074 0.103741 10.3464 1.93081e-06 0.24857 -0.00216164 -0.540074 -0.00562276 1.55464 0.000366371
45.659 -0.436332 -0.540071 0.103738 10.3461 1.95967e-06 0.248564 -0.00216156 -0.540071 -0.00562268 1.55464 0.000366375
45.66 -0.436332 -0.540068 0.103736 10.3459 1.98842e-06 0.248558 -0.00216147 -0.540068 -0.00562259 1.55464 0.00036638
45.661 -0.436332 -0.540065 0.103733 10.3457 2.01707e-06 0.248553 -0.00216139 -0.540065 -0.00562251 1.55464 0.000366385
45.662 -0.436332 -0.540063 0.10373 10.3455 2.04562e-06 0.248547 -0.00216131 -0.540063 -0.00562243 1.55464 0.000366389
45.663 -0.436332 -0.54006 0.103727 10.3452 2.07407e-06 0.248541 -0.00216123 -0.54006 -0.00562234 1.55464 0.000366394
45.664 -0.436332 -0.540057 0.103725 10.345 2.10241e-06 0.248535 -0.00216114 -0.540057 -0.00562226 1.55464 0.000366399
45.665 -0.436332 -0.540054 0.103722 10.3448 2.13066e-06 0.248529 -0.00216106 -0.540054 -0.00562218 1.55464 0.000366403
45.666 -0.436332 -0.540052 0.103719 10.3446 2.1588e-06 0.248523 -0.00216098 -0.540052 -0.00562209 1.55464 0.000366408
45.667 -0.436332 -0.540049 0.103717 10.3443 2.18684e-06 0.248517 -0.0021609 -0.540049 -0.00562201 1.55464 0.000366413
45.668 -0.436332 -0.540046 0.103714 10.3441 2.21479e-06 0.248512 -0.00216082 -0.540046 -0.00562193 1.55464 0.000366417
45.669 -0.436332 -0.540043 0.103711 10.3439 2.24262e-06 0.248506 -0.00216074 -0.540043 -0.00562185 1.55464 0.000366422
45.67 -0.436332 -0.540041 0.103708 10.3437 2.27036e-06 0.2485 -0.00216065 -0.540041 -0.00562176 1.55464 0.000366426
45.671 -0.436332 -0.540038 0.103706 10.3435 2.298e-06 0.248494 -0.00216057 -0.540038 -0.00562168 1.55464 0.000366431
45.672 -0.436332 -0.540035 0.103703 10.3432 2.32553e-06 0.248488 -0.00216049 -0.540035 -0.0056216 1.55464 0.000366436
45.673 -0.436332 -0.540033 0.1037 10.343 2.35296e-06 0.248483 -0.00216041 -0.540033 -0.00562152 1.55464 0.00036644
45.674 -0.436332 -0.54003 0.103698 10.3428 2.38029e-06 0.248477 -0.00216033 -0.54003 -0.00562144 1.55464 0.000366445
45.675 -0.436332 -0.540027 0.103695 10.3426 2.40752e-06 0.248471 -0.00216025 -0.540027 -0.00562136 1.55464 0.000366449
45.676 -0.436332 -0.540024 0.103692 10.3424 2.43464e-06 0.248465 -0.00216017 -0.540024 -0.00562127 1.55464 0.000366454
45.677 -0.436332 -0.540022 0.103689 10.3421 2.46166e-06 0.24846 -0.00216009 -0.540022 -0.00562119 1.55464 0.000366458
45.678 -0.436332 -0.540019 0.103687 10.3419 2.48858e-06 0.248454 -0.00216001 -0.540019 -0.00562111 1.55464 0.000366463
45.679 -0.436332 -0.540016 0.103684 10.3417 2.5154e-06 0.248448 -0.00215993 -0.540016 -0.00562103 1.55464 0.000366468
45.68 -0.436332 -0.540014 0.103681 10.3415 2.54212e-06 0.248443 -0.00215985 -0.540014 -0.00562095 1.55465 0.000366472
45.681 -0.436332 -0.540011 0.103679 10.3413 2.56873e-06 0.248437 -0.00215977 -0.540011 -0.00562087 1.55465 0.000366477
45.682 -0.436332 -0.540008 0.103676 10.3411 2.59525e-06 0.248431 -0.00215969 -0.540008 -0.00562079 1.55465 0.000366481
45.683 -0.436332 -0.540006 0.103674 10.3409 2.62165e-06 0.248426 -0.00215961 -0.540006 -0.00562071 1.55465 0.000366486
45.684 -0.436332 -0.540003 0.103671 10.3407 2.64796e-06 0.24842 -0.00215953 -0.540003 -0.00562063 1.55465 0.00036649
45.685 -0.436332 -0.540001 0.103668 10.3404 2.67417e-06 0.248414 -0.00215945 -0.540001 -0.00562055 1.55465 0.000366495
45.686 -0.436332 -0.539998 0.103666 10.3402 2.70027e-06 0.248409 -0.00215937 -0.539998 -0.00562047 1.55465 0.000366499
45.687 -0.436332 -0.539995 0.103663 10.34 2.72627e-06 0.248403 -0.00215929 -0.539995 -0.00562039 1.55465 0.000366504
45.688 -0.436332 -0.539993 0.10366 10.3398 2.75217e-06 0.248397 -0.00215921 -0.539993 -0.00562031 1.55465 0.000366508
45.689 -0.436332 -0.53999 0.103658 10.3396 2.77796e-06 0.248392 -0.00215913 -0.53999 -0.00562023 1.55465 0.000366513
45.69 -0.436332 -0.539987 0.103655 10.3394 2.80365e-06 0.248386 -0.00215906 -0.539987 -0.00562015 1.55465 0.000366517
45.691 -0.436332 -0.539985 0.103653 10.3392 2.82924e-06 0.248381 -0.00215898 -0.539985 -0.00562007 1.55465 0.000366522
45.692 -0.436332 -0.539982 0.10365 10.339 2.85473e-06 0.248375 -0.0021589 -0.539982 -0.00561999 1.55465 0.000366526
45.693 -0.436332 -0.53998 0.103647 10.3388 2.88012e-06 0.24837 -0.00215882 -0.53998 -0.00561991 1.55465 0.000366531
45.694 -0.436332 -0.539977 0.103645 10.3386 2.9054e-06 0.248364 -0.00215874 -0.539977 -0.00561984 1.55465 0.000366535
45.695 -0.436332 -0.539974 0.103642 10.3384 2.93058e-06 0.248358 -0.00215867 -0.539974 -0.00561976 1.55465 0.00036654
45.696 -0.436332 -0.539972 0.10364 10.3382 2.95566e-06 0.248353 -0.00215859 -0.539972 -0.00561968 1.55465 0.000366544
45.697 -0.436332 -0.539969 0.103637 10.338 2.98063e-06 0.248347 -0.00215851 -0.539969 -0.0056196 1.55465 0.000366549
45.698 -0.436332 -0.539967 0.103634 10.3378 3.0055e-06 0.248342 -0.00215843 -0.539967 -0.00561952 1.55465 0.000366553
45.699 -0.436332 -0.539964 0.103632 10.3376 3.03027e-06 0.248336 -0.00215836 -0.539964 -0.00561944 1.55465 0.000366557
45.7 -0.436332 -0.539962 0.103629 10.3374 3.05494e-06 0.248331 -0.00215828 -0.539962 -0.00561937 1.55465 0.000366562
45.701 -0.436332 -0.539959 0.103627 10.3372 3.0795e-06 0.248326 -0.0021582 -0.539959 -0.00561929 1.55465 0.000366566
45.702 -0.436332 -0.539957 0.103624 10.337 3.10396e-06 0.24832 -0.00215813 -0.539957 -0.00561921 1.55465 0.000366571
45.703 -0.436332 -0.539954 0.103622 10.3368 3.12832e-06 0.248315 -0.00215805 -0.539954 -0.00561913 1.55465 0.000366575
45.704 -0.436332 -0.539951 0.103619 10.3366 3.15258e-06 0.248309 -0.00215797 -0.539951 -0.00561906 1.55465 0.000366579
45.705 -0.436332 -0.539949 0.103617 10.3364 3.17673e-06 0.248304 -0.0021579 -0.539949 -0.00561898 1.55465 0.000366584
45.706 -0.436332 -0.539946 0.103614 10.3362 3.20078e-06 0.248298 -0.00215782 -0.539946 -0.0056189 1.55465 0.000366588
45.707 -0.436332 -0.539944 0.103612 10.336 3.22473e-06 0.248293 -0.00215775 -0.539944 -0.00561883 1.55465 0.000366593
45.708 -0.436332 -0.539941 0.103609 10.3358 3.24857e-06 0.248288 -0.00215767 -0.539941 -0.00561875 1.55465 0.000366597
45.709 -0.436332 -0.539939 0.103607 10.3356 3.27232e-06 0.248282 -0.00215759 -0.539939 -0.00561867 1.55465 0.000366601
45.71 -0.436332 -0.539936 0.103604 10.3354 3.29595e-06 0.248277 -0.00215752 -0.539936 -0.0056186 1.55465 0.000366606
45.711 -0.436332 -0.539934 0.103602 10.3352 3.31949e-06 0.248272 -0.00215744 -0.539934 -0.00561852 1.55465 0.00036661
45.712 -0.436332 -0.539931 0.103599 10.335 3.34293e-06 0.248266 -0.00215737 -0.539931 -0.00561845 1.55465 0.000366614
45.713 -0.436332 -0.539929 0.103597 10.3348 3.36626e-06 0.248261 -0.00215729 -0.539929 -0.00561837 1.55465 0.000366619
45.714 -0.436332 -0.539926 0.103594 10.3346 3.38948e-06 0.248256 -0.00215722 -0.539926 -0.0056183 1.55465 0.000366623
45.715 -0.436332 -0.539924 0.103592 10.3345 3.41261e-06 0.24825 -0.00215715 -0.539924 -0.00561822 1.55465 0.000366627
45.716 -0.436332 -0.539921 0.103589 10.3343 3.43563e-06 0.248245 -0.00215707 -0.539921 -0.00561814 1.55465 0.000366632
45.717 -0.436332 -0.539919 0.103587 10.3341 3.45855e-06 0.24824 -0.002157 -0.539919 -0.00561807 1.55465 0.000366636
45.718 -0.436332 -0.539917 0.103584 10.3339 3.48137e-06 0.248235 -0.00215692 -0.539917 -0.00561799 1.55465 0.00036664
45.719 -0.436332 -0.539914 0.103582 10.3337 3.50409e-06 0.248229 -0.00215685 -0.539914 -0.00561792 1.55465 0.000366645
45.72 -0.436332 -0.539912 0.103579 10.3335 3.5267e-06 0.248224 -0.00215678 -0.539912 -0.00561785 1.55465 0.000366649
45.721 -0.436332 -0.539909 0.103577 10.3333 3.54921e-06 0.248219 -0.0021567 -0.539909 -0.00561777 1.55465 0.000366653
45.722 -0.436332 -0.539907 0.103575 10.3331 3.57162e-06 0.248214 -0.00215663 -0.539907 -0.0056177 1.55465 0.000366657
45.723 -0.436332 -0.539904 0.103572 10.333 3.59392e-06 0.248209 -0.00215656 -0.539904 -0.00561762 1.55465 0.000366662
45.724 -0.436332 -0.539902 0.10357 10.3328 3.61612e-06 0.248203 -0.00215648 -0.539902 -0.00561755 1.55465 0.000366666
45.725 -0.436332 -0.5399 0.103567 10.3326 3.63822e-06 0.248198 -0.00215641 -0.5399 -0.00561748 1.55465 0.00036667
45.726 -0.436332 -0.539897 0.103565 10.3324 3.66022e-06 0.248193 -0.00215634 -0.539897 -0.0056174 1.55465 0.000366674
45.727 -0.436332 -0.539895 0.103562 10.3322 3.68211e-06 0.248188 -0.00215626 -0.539895 -0.00561733 1.55465 0.000366679
45.728 -0.436332 -0.539892 0.10356 10.3321 3.70391e-06 0.248183 -0.00215619 -0.539892 -0.00561726 1.55465 0.000366683
45.729 -0.436332 -0.53989 0.103558 10.3319 3.72559e-06 0.248178 -0.00215612 -0.53989 -0.00561718 1.55465 0.000366687
45.73 -0.436332 -0.539888 0.103555 10.3317 3.74718e-06 0.248173 -0.00215605 -0.539888 -0.00561711 1.55465 0.000366691
45.731 -0.436332 -0.539885 0.103553 10.3315 3.76867e-06 0.248168 -0.00215598 -0.539885 -0.00561704 1.55465 0.000366695
45.732 -0.436332 -0.539883 0.103551 10.3313 3.79005e-06 0.248162 -0.0021559 -0.539883 -0.00561696 1.55465 0.0003667
45.733 -0.436332 -0.53988 0.103548 10.3312 3.81133e-06 0.248157 -0.00215583 -0.53988 -0.00561689 1.55465 0.000366704
45.734 -0.436332 -0.539878 0.103546 10.331 3.8325e-06 0.248152 -0.00215576 -0.539878 -0.00561682 1.55465 0.000366708
45.735 -0.436332 -0.539876 0.103543 10.3308 3.85358e-06 0.248147 -0.00215569 -0.539876 -0.00561675 1.55465 0.000366712
45.736 -0.436332 -0.539873 0.103541 10.3306 3.87455e-06 0.248142 -0.00215562 -0.539873 -0.00561668 1.55465 0.000366716
45.737 -0.436332 -0.539871 0.103539 10.3305 3.89542e-06 0.248137 -0.00215555 -0.539871 -0.0056166 1.55465 0.00036672
45.738 -0.436332 -0.539869 0.103536 10.3303 3.91619e-06 0.248132 -0.00215548 -0.539869 -0.00561653 1.55465 0.000366725
45.739 -0.436332 -0.539866 0.103534 10.3301 3.93686e-06 0.248127 -0.00215541 -0.539866 -0.00561646 1.55465 0.000366729
45.74 -0.436332 -0.539864 0.103532 10.3299 3.95742e-06 0.248122 -0.00215534 -0.539864 -0.00561639 1.55465 0.000366733
45.741 -0.436332 -0.539862 0.103529 10.3298 3.97788e-06 0.248117 -0.00215527 -0.539862 -0.00561632 1.55465 0.000366737
45.742 -0.436332 -0.539859 0.103527 10.3296 3.99824e-06 0.248112 -0.0021552 -0.539859 -0.00561625 1.55465 0.000366741
45.743 -0.436332 -0.539857 0.103525 10.3294 4.0185e-06 0.248107 -0.00215513 -0.539857 -0.00561618 1.55466 0.000366745
45.744 -0.436332 -0.539855 0.103523 10.3293 4.03865e-06 0.248103 -0.00215506 -0.539855 -0.00561611 1.55466 0.000366749
45.745 -0.436332 -0.539853 0.10352 10.3291 4.05871e-06 0.248098 -0.00215499 -0.539853 -0.00561604 1.55466 0.000366753
45.746 -0.436332 -0.53985 0.103518 10.3289 4.07866e-06 0.248093 -0.00215492 -0.53985 -0.00561597 1.55466 0.000366757
45.747 -0.436332 -0.539848 0.103516 10.3288 4.09851e-06 0.248088 -0.00215485 -0.539848 -0.0056159 1.55466 0.000366762
45.748 -0.436332 -0.539846 0.103513 10.3286 4.11826e-06 0.248083 -0.00215478 -0.539846 -0.00561583 1.55466 0.000366766
45.749 -0.436332 -0.539843 0.103511 10.3284 4.1379e-06 0.248078 -0.00215471 -0.539843 -0.00561576 1.55466 0.00036677
45.75 -0.436332 -0.539841 0.103509 10.3283 4.15745e-06 0.248073 -0.00215464 -0.539841 -0.00561569 1.55466 0.000366774
45.751 -0.436332 -0.539839 0.103507 10.3281 4.17689e-06 0.248068 -0.00215458 -0.539839 -0.00561562 1.55466 0.000366778
45.752 -0.436332 -0.539837 0.103504 10.3279 4.19623e-06 0.248064 -0.00215451 -0.539837 -0.00561555 1.55466 0.000366782
45.753 -0.436332 -0.539834 0.103502 10.3278 4.21547e-06 0.248059 -0.00215444 -0.539834 -0.00561548 1.55466 0.000366786
45.754 -0.436332 -0.539832 0.1035 10.3276 4.23461e-06 0.248054 -0.00215437 -0.539832 -0.00561541 1.55466 0.00036679
45.755 -0.436332 -0.53983 0.103498 10.3275 4.25364e-06 0.248049 -0.0021543 -0.53983 -0.00561534 1.55466 0.000366794
45.756 -0.436332 -0.539828 0.103495 10.3273 4.27258e-06 0.248044 -0.00215424 -0.539828 -0.00561528 1.55466 0.000366798
45.757 -0.436332 -0.539826 0.103493 10.3271 4.29141e-06 0.24804 -0.00215417 -0.539826 -0.00561521 1.55466 0.000366802
45.758 -0.436332 -0.539823 0.103491 10.327 4.31014e-06 0.248035 -0.0021541 -0.539823 -0.00561514 1.55466 0.000366806
45.759 -0.436332 -0.539821 0.103489 10.3268 4.32877e-06 0.24803 -0.00215404 -0.539821 -0.00561507 1.55466 0.00036681
45.76 -0.436332 -0.539819 0.103487 10.3267 4.3473e-06 0.248025 -0.00215397 -0.539819 -0.005615 1.55466 0.000366814
45.761 -0.436332 -0.539817 0.103484 10.3265 4.36573e-06 0.248021 -0.0021539 -0.539817 -0.00561494 1.55466 0.000366818
45.762 -0.436332 -0.539815 0.103482 10.3264 4.38406e-06 0.248016 -0.00215384 -0.539815 -0.00561487 1.55466 0.000366822
45.763 -0.436332 -0.539812 0.10348 10.3262 4.40228e-06 0.248011 -0.00215377 -0.539812 -0.0056148 1.55466 0.000366826
45.764 -0.436332 -0.53981 0.103478 10.326 4.42041e-06 0.248007 -0.0021537 -0.53981 -0.00561474 1.55466 0.00036683
45.765 -0.436332 -0.539808 0.103476 10.3259 4.43843e-06 0.248002 -0.00215364 -0.539808 -0.00561467 1.55466 0.000366833
45.766 -0.436332 -0.539806 0.103474 10.3257 4.45636e-06 0.247997 -0.00215357 -0.539806 -0.0056146 1.55466 0.000366837
45.767 -0.436332 -0.539804 0.103471 10.3256 4.47418e-06 0.247993 -0.00215351 -0.539804 -0.00561454 1.55466 0.000366841
45.768 -0.436332 -0.539802 0.103469 10.3254 4.4919e-06 0.247988 -0.00215344 -0.539802 -0.00561447 1.55466 0.000366845
45.769 -0.436332 -0.539799 0.103467 10.3253 4.50952e-06 0.247984 -0.00215338 -0.539799 -0.0056144 1.55466 0.000366849
45.77 -0.436332 -0.539797 0.103465 10.3251 4.52704e-06 0.247979 -0.00215331 -0.539797 -0.00561434 1.55466 0.000366853
45.771 -0.436332 -0.539795 0.103463 10.325 4.54446e-06 0.247974 -0.00215325 -0.539795 -0.00561427 1.55466 0.000366857
45.772 -0.436332 -0.539793 0.103461 10.3248 4.56178e-06 0.24797 -0.00215318 -0.539793 -0.00561421 1.55466 0.000366861
45.773 -0.436332 -0.539791 0.103459 10.3247 4.579e-06 0.247965 -0.00215312 -0.539791 -0.00561414 1.55466 0.000366865
45.774 -0.436332 -0.539789 0.103456 10.3245 4.59612e-06 0.247961 -0.00215305 -0.539789 -0.00561408 1.55466 0.000366868
45.775 -0.436332 -0.539787 0.103454 10.3244 4.61314e-06 0.247956 -0.00215299 -0.539787 -0.00561401 1.55466 0.000366872
45.776 -0.436332 -0.539785 0.103452 10.3242 4.63005e-06 0.247952 -0.00215293 -0.539785 -0.00561395 1.55466 0.000366876
45.777 -0.436332 -0.539783 0.10345 10.3241 4.64687e-06 0.247947 -0.00215286 -0.539783 -0.00561388 1.55466 0.00036688
45.778 -0.436332 -0.53978 0.103448 10.324 4.66359e-06 0.247943 -0.0021528 -0.53978 -0.00561382 1.55466 0.000366884
45.779 -0.436332 -0.539778 0.103446 10.3238 4.68021e-06 0.247938 -0.00215274 -0.539778 -0.00561375 1.55466 0.000366887
45.78 -0.436332 -0.539776 0.103444 10.3237 4.69672e-06 0.247934 -0.00215267 -0.539776 -0.00561369 1.55466 0.000366891
45.781 -0.436332 -0.539774 0.103442 10.3235 4.71314e-06 0.24793 -0.00215261 -0.539774 -0.00561363 1.55466 0.000366895
45.782 -0.436332 -0.539772 0.10344 10.3234 4.72946e-06 0.247925 -0.00215255 -0.539772 -0.00561356 1.55466 0.000366899
45.783 -0.436332 -0.53977 0.103438 10.3232 4.74568e-06 0.247921 -0.00215248 -0.53977 -0.0056135 1.55466 0.000366903
45.784 -0.436332 -0.539768 0.103436 10.3231 4.7618e-06 0.247916 -0.00215242 -0.539768 -0.00561344 1.55466 0.000366906
45.785 -0.436332 -0.539766 0.103434 10.323 4.77782e-06 0.247912 -0.00215236 -0.539766 -0.00561337 1.55466 0.00036691
45.786 -0.436332 -0.539764 0.103432 10.3228 4.79374e-06 0.247908 -0.0021523 -0.539764 -0.00561331 1.55466 0.000366914
45.787 -0.436332 -0.539762 0.10343 10.3227 4.80956e-06 0.247903 -0.00215224 -0.539762 -0.00561325 1.55466 0.000366918
45.788 -0.436332 -0.53976 0.103428 10.3225 4.82528e-06 0.247899 -0.00215217 -0.53976 -0.00561318 1.55466 0.000366921
45.789 -0.436332 -0.539758 0.103426 10.3224 4.8409e-06 0.247895 -0.00215211 -0.539758 -0.00561312 1.55466 0.000366925
45.79 -0.436332 -0.539756 0.103424 10.3223 4.85643e-06 0.24789 -0.00215205 -0.539756 -0.00561306 1.55466 0.000366929
45.791 -0.436332 -0.539754 0.103422 10.3221 4.87185e-06 0.247886 -0.00215199 -0.539754 -0.005613 1.55466 0.000366932
45.792 -0.436332 -0.539752 0.10342 10.322 4.88717e-06 0.247882 -0.00215193 -0.539752 -0.00561294 1.55466 0.000366936
45.793 -0.436332 -0.53975 0.103418 10.3219 4.9024e-06 0.247877 -0.00215187 -0.53975 -0.00561288 1.55466 0.00036694
45.794 -0.436332 -0.539748 0.103416 10.3217 4.91753e-06 0.247873 -0.00215181 -0.539748 -0.00561281 1.55466 0.000366943
45.795 -0.436332 -0.539746 0.103414 10.3216 4.93256e-06 0.247869 -0.00215175 -0.539746 -0.00561275 1.55466 0.000366947
45.796 -0.436332 -0.539744 0.103412 10.3215 4.94749e-06 0.247865 -0.00215169 -0.539744 -0.00561269 1.55466 0.000366951
45.797 -0.436332 -0.539742 0.10341 10.3213 4.96232e-06 0.24786 -0.00215163 -0.539742 -0.00561263 1.55466 0.000366954
45.798 -0.436332 -0.53974 0.103408 10.3212 4.97705e-06 0.247856 -0.00215157 -0.53974 -0.00561257 1.55466 0.000366958
45.799 -0.436332 -0.539738 0.103406 10.3211 4.99169e-06 0.247852 -0.00215151 -0.539738 -0.00561251 1.55466 0.000366962
45.8 -0.436332 -0.539736 0.103404 10.321 5.00623e-06 0.247848 -0.00215145 -0.539736 -0.00561245 1.55466 0.000366965
45.801 -0.436332 -0.539734 0.103402 10.3208 5.02066e-06 0.247844 -0.00215139 -0.539734 -0.00561239 1.55466 0.000366969
45.802 -0.436332 -0.539732 0.1034 10.3207 5.03501e-06 0.24784 -0.00215133 -0.539732 -0.00561233 1.55466 0.000366972
45.803 -0.436332 -0.53973 0.103398 10.3206 5.04925e-06 0.247835 -0.00215127 -0.53973 -0.00561227 1.55466 0.000366976
45.804 -0.436332 -0.539728 0.103396 10.3204 5.06339e-06 0.247831 -0.00215121 -0.539728 -0.00561221 1.55466 0.00036698
45.805 -0.436332 -0.539727 0.103394 10.3203 5.07744e-06 0.247827 -0.00215116 -0.539727 -0.00561215 1.55466 0.000366983
45.806 -0.436332 -0.539725 0.103392 10.3202 5.09139e-06 0.247823 -0.0021511 -0.539725 -0.00561209 1.55466 0.000366987
45.807 -0.436332 -0.539723 0.10339 10.3201 5.10524e-06 0.247819 -0.00215104 -0.539723 -0.00561203 1.55466 0.00036699
45.808 -0.436332 -0.539721 0.103389 10.3199 5.119e-06 0.247815 -0.00215098 -0.539721 -0.00561197 1.55466 0.000366994
45.809 -0.436332 -0.539719 0.103387 10.3198 5.13266e-06 0.247811 -0.00215093 -0.539719 -0.00561192 1.55466 0.000366997
45.81 -0.436332 -0.539717 0.103385 10.3197 5.14622e-06 0.247807 -0.00215087 -0.539717 -0.00561186 1.55466 0.000367001
45.811 -0.436332 -0.539715 0.103383 10.3196 5.15968e-06 0.247803 -0.00215081 -0.539715 -0.0056118 1.55466 0.000367004
45.812 -0.436332 -0.539713 0.103381 10.3195 5.17305e-06 0.247799 -0.00215075 -0.539713 -0.00561174 1.55466 0.000367008
45.813 -0.436332 -0.539712 0.103379 10.3193 5.18632e-06 0.247795 -0.0021507 -0.539712 -0.00561168 1.55466 0.000367011
45.814 -0.436332 -0.53971 0.103377 10.3192 5.19949e-06 0.247791 -0.00215064 -0.53971 -0.00561163 1.55466 0.000367015
45.815 -0.436332 -0.539708 0.103376 10.3191 5.21257e-06 0.247787 -0.00215058 -0.539708 -0.00561157 1.55466 0.000367018
45.816 -0.436332 -0.539706 0.103374 10.319 5.22555e-06 0.247783 -0.00215053 -0.539706 -0.00561151 1.55466 0.000367022
45.817 -0.436332 -0.539704 0.103372 10.3189 5.23843e-06 0.247779 -0.00215047 -0.539704 -0.00561146 1.55466 0.000367025
45.818 -0.436332 -0.539702 0.10337 10.3188 5.25122e-06 0.247775 -0.00215042 -0.539702 -0.0056114 1.55466 0.000367029
45.819 -0.436332 -0.539701 0.103368 10.3186 5.26391e-06 0.247771 -0.00215036 -0.539701 -0.00561134 1.55466 0.000367032
45.82 -0.436332 -0.539699 0.103366 10.3185 5.2765e-06 0.247767 -0.0021503 -0.539699 -0.00561129 1.55466 0.000367036
45.821 -0.436332 -0.539697 0.103365 10.3184 5.289e-06 0.247763 -0.00215025 -0.539697 -0.00561123 1.55466 0.000367039
45.822 -0.436332 -0.539695 0.103363 10.3183 5.3014e-06 0.24776 -0.00215019 -0.539695 -0.00561117 1.55466 0.000367042
45.823 -0.436332 -0.539693 0.103361 10.3182 5.31371e-06 0.247756 -0.00215014 -0.539693 -0.00561112 1.55466 0.000367046
45.824 -0.436332 -0.539692 0.103359 10.3181 5.32592e-06 0.247752 -0.00215008 -0.539692 -0.00561106 1.55467 0.000367049
45.825 -0.436332 -0.53969 0.103357 10.318 5.33804e-06 0.247748 -0.00215003 -0.53969 -0.00561101 1.55467 0.000367053
45.826 -0.436332 -0.539688 0.103356 10.3178 5.35006e-06 0.247744 -0.00214998 -0.539688 -0.00561095 1.55467 0.000367056
45.827 -0.436332 -0.539686 0.103354 10.3177 5.36198e-06 0.24774 -0.00214992 -0.539686 -0.0056109 1.55467 0.000367059
45.828 -0.436332 -0.539684 0.103352 10.3176 5.37381e-06 0.247737 -0.00214987 -0.539684 -0.00561084 1.55467 0.000367063
45.829 -0.436332 -0.539683 0.10335 10.3175 5.38554e-06 0.247733 -0.00214981 -0.539683 -0.00561079 1.55467 0.000367066
45.83 -0.436332 -0.539681 0.103349 10.3174 5.39718e-06 0.247729 -0.00214976 -0.539681 -0.00561073 1.55467 0.000367069
45.831 -0.436332 -0.539679 0.103347 10.3173 5.40873e-06 0.247725 -0.00214971 -0.539679 -0.00561068 1.55467 0.000367073
45.832 -0.436332 -0.539677 0.103345 10.3172 5.42018e-06 0.247722 -0.00214965 -0.539677 -0.00561062 1.55467 0.000367076
45.833 -0.436332 -0.539676 0.103343 10.3171 5.43153e-06 0.247718 -0.0021496 -0.539676 -0.00561057 1.55467 0.000367079
45.834 -0.436332 -0.539674 0.103342 10.317 5.4428e-06 0.247714 -0.00214955 -0.539674 -0.00561052 1.55467 0.000367082
45.835 -0.436332 -0.539672 0.10334 10.3169 5.45396e-06 0.247711 -0.0021495 -0.539672 -0.00561046 1.55467 0.000367086
45.836 -0.436332 -0.539671 0.103338 10.3168 5.46503e-06 0.247707 -0.00214944 -0.539671 -0.00561041 1.55467 0.000367089
45.837 -0.436332 -0.539669 0.103337 10.3167 5.47601e-06 0.247703 -0.00214939 -0.539669 -0.00561036 1.55467 0.000367092
45.838 -0.436332 -0.539667 0.103335 10.3166 5.4869e-06 0.2477 -0.00214934 -0.539667 -0.0056103 1.55467 0.000367096
45.839 -0.436332 -0.539666 0.103333 10.3165 5.49769e-06 0.247696 -0.00214929 -0.539666 -0.00561025 1.55467 0.000367099
45.84 -0.436332 -0.539664 0.103332 10.3164 5.50838e-06 0.247692 -0.00214924 -0.539664 -0.0056102 1.55467 0.000367102
45.841 -0.436332 -0.539662 0.10333 10.3163 5.51899e-06 0.247689 -0.00214918 -0.539662 -0.00561015 1.55467 0.000367105
45.842 -0.436332 -0.539661 0.103328 10.3162 5.5295e-06 0.247685 -0.00214913 -0.539661 -0.00561009 1.55467 0.000367108
45.843 -0.436332 -0.539659 0.103327 10.3161 5.53991e-06 0.247682 -0.00214908 -0.539659 -0.00561004 1.55467 0.000367112
45.844 -0.436332 -0.539657 0.103325 10.316 5.55024e-06 0.247678 -0.00214903 -0.539657 -0.00560999 1.55467 0.000367115
45.845 -0.436332 -0.539656 0.103323 10.3159 5.56047e-06 0.247675 -0.00214898 -0.539656 -0.00560994 1.55467 0.000367118
45.846 -0.436332 -0.539654 0.103322 10.3158 5.5706e-06 0.247671 -0.00214893 -0.539654 -0.00560989 1.55467 0.000367121
45.847 -0.436332 -0.539652 0.10332 10.3157 5.58065e-06 0.247668 -0.00214888 -0.539652 -0.00560984 1.55467 0.000367124
45.848 -0.436332 -0.539651 0.103318 10.3156 5.5906e-06 0.247664 -0.00214883 -0.539651 -0.00560979 1.55467 0.000367128
45.849 -0.436332 -0.539649 0.103317 10.3155 5.60046e-06 0.247661 -0.00214878 -0.539649 -0.00560973 1.55467 0.000367131
45.85 -0.436332 -0.539647 0.103315 10.3154 5.61023e-06 0.247657 -0.00214873 -0.539647 -0.00560968 1.55467 0.000367134
45.851 -0.436332 -0.539646 0.103314 10.3153 5.6199e-06 0.247654 -0.00214868 -0.539646 -0.00560963 1.55467 0.000367137
45.852 -0.436332 -0.539644 0.103312 10.3152 5.62948e-06 0.24765 -0.00214863 -0.539644 -0.00560958 1.55467 0.00036714
45.853 -0.436332 -0.539643 0.10331 10.3151 5.63897e-06 0.247647 -0.00214858 -0.539643 -0.00560953 1.55467 0.000367143
45.854 -0.436332 -0.539641 0.103309 10.315 5.64837e-06 0.247643 -0.00214853 -0.539641 -0.00560948 1.55467 0.000367146
45.855 -0.436332 -0.539639 0.103307 10.3149 5.65768e-06 0.24764 -0.00214849 -0.539639 -0.00560943 1.55467 0.000367149
45.856 -0.436332 -0.539638 0.103306 10.3148 5.6669e-06 0.247637 -0.00214844 -0.539638 -0.00560938 1.55467 0.000367152
45.857 -0.436332 -0.539636 0.103304 10.3148 5.67602e-06 0.247633 -0.00214839 -0.539636 -0.00560934 1.55467 0.000367155
45.858 -0.436332 -0.539635 0.103302 10.3147 5.68505e-06 0.24763 -0.00214834 -0.539635 -0.00560929 1.55467 0.000367159
45.859 -0.436332 -0.539633 0.103301 10.3146 5.69399e-06 0.247626 -0.00214829 -0.539633 -0.00560924 1.55467 0.000367162
45.86 -0.436332 -0.539632 0.103299 10.3145 5.70284e-06 0.247623 -0.00214824 -0.539632 -0.00560919 1.55467 0.000367165
45.861 -0.436332 -0.53963 0.103298 10.3144 5.7116e-06 0.24762 -0.0021482 -0.53963 -0.00560914 1.55467 0.000367168
45.862 -0.436332 -0.539629 0.103296 10.3143 5.72027e-06 0.247616 -0.00214815 -0.539629 -0.00560909 1.55467 0.000367171
45.863 -0.436332 -0.539627 0.103295 10.3142 5.72885e-06 0.247613 -0.0021481 -0.539627 -0.00560904 1.55467 0.000367174
45.864 -0.436332 -0.539626 0.103293 10.3141 5.73734e-06 0.24761 -0.00214806 -0.539626 -0.005609 1.55467 0.000367177
45.865 -0.436332 -0.539624 0.103292 10.3141 5.74574e-06 0.247607 -0.00214801 -0.539624 -0.00560895 1.55467 0.00036718
45.866 -0.436332 -0.539623 0.10329 10.314 5.75404e-06 0.247603 -0.00214796 -0.539623 -0.0056089 1.55467 0.000367183
45.867 -0.436332 -0.539621 0.103289 10.3139 5.76226e-06 0.2476 -0.00214792 -0.539621 -0.00560885 1.55467 0.000367186
45.868 -0.436332 -0.53962 0.103287 10.3138 5.77039e-06 0.247597 -0.00214787 -0.53962 -0.00560881 1.55467 0.000367189
45.869 -0.436332 -0.539618 0.103286 10.3137 5.77843e-06 0.247594 -0.00214782 -0.539618 -0.00560876 1.55467 0.000367191
45.87 -0.436332 -0.539617 0.103284 10.3136 5.78638e-06 0.247591 -0.00214778 -0.539617 -0.00560871 1.55467 0.000367194
45.871 -0.436332 -0.539615 0.103283 10.3136 5.79423e-06 0.247587 -0.00214773 -0.539615 -0.00560867 1.55467 0.000367197
45.872 -0.436332 -0.539614 0.103281 10.3135 5.802e-06 0.247584 -0.00214769 -0.539614 -0.00560862 1.55467 0.0003672
45.873 -0.436332 -0.539612 0.10328 10.3134 5.80969e-06 0.247581 -0.00214764 -0.539612 -0.00560857 1.55467 0.000367203
45.874 -0.436332 -0.539611 0.103278 10.3133 5.81728e-06 0.247578 -0.0021476 -0.539611 -0.00560853 1.55467 0.000367206
45.875 -0.436332 -0.539609 0.103277 10.3132 5.82478e-06 0.247575 -0.00214755 -0.539609 -0.00560848 1.55467 0.000367209
45.876 -0.436332 -0.539608 0.103276 10.3132 5.83219e-06 0.247572 -0.00214751 -0.539608 -0.00560844 1.55467 0.000367212
45.877 -0.436332 -0.539606 0.103274 10.3131 5.83952e-06 0.247569 -0.00214746 -0.539606 -0.00560839 1.55467 0.000367215
45.878 -0.436332 -0.539605 0.103273 10.313 5.84676e-06 0.247566 -0.00214742 -0.539605 -0.00560835 1.55467 0.000367217
45.879 -0.436332 -0.539604 0.103271 10.3129 5.85391e-06 0.247563 -0.00214738 -0.539604 -0.0056083 1.55467 0.00036722
45.88 -0.436332 -0.539602 0.10327 10.3129 5.86097e-06 0.247559 -0.00214733 -0.539602 -0.00560826 1.55467 0.000367223
45.881 -0.436332 -0.539601 0.103268 10.3128 5.86794e-06 0.247556 -0.00214729 -0.539601 -0.00560821 1.55467 0.000367226
45.882 -0.436332 -0.539599 0.103267 10.3127 5.87483e-06 0.247553 -0.00214725 -0.539599 -0.00560817 1.55467 0.000367229
45.883 -0.436332 -0.539598 0.103266 10.3126 5.88162e-06 0.24755 -0.0021472 -0.539598 -0.00560813 1.55467 0.000367232
45.884 -0.436332 -0.539597 0.103264 10.3126 5.88834e-06 0.247547 -0.00214716 -0.539597 -0.00560808 1.55467 0.000367234
45.885 -0.436332 -0.539595 0.103263 10.3125 5.89496e-06 0.247544 -0.00214712 -0.539595 -0.00560804 1.55467 0.000367237
45.886 -0.436332 -0.539594 0.103262 10.3124 5.9015e-06 0.247541 -0.00214707 -0.539594 -0.00560799 1.55467 0.00036724
45.887 -0.436332 -0.539592 0.10326 10.3124 5.90794e-06 0.247539 -0.00214703 -0.539592 -0.00560795 1.55467 0.000367243
45.888 -0.436332 -0.539591 0.103259 10.3123 5.91431e-06 0.247536 -0.00214699 -0.539591 -0.00560791 1.55467 0.000367245
45.889 -0.436332 -0.53959 0.103257 10.3122 5.92058e-06 0.247533 -0.00214695 -0.53959 -0.00560786 1.55467 0.000367248
45.89 -0.436332 -0.539588 0.103256 10.3122 5.92677e-06 0.24753 -0.00214691 -0.539588 -0.00560782 1.55467 0.000367251
45.891 -0.436332 -0.539587 0.103255 10.3121 5.93288e-06 0.247527 -0.00214686 -0.539587 -0.00560778 1.55467 0.000367254
45.892 -0.436332 -0.539586 0.103253 10.312 5.93889e-06 0.247524 -0.00214682 -0.539586 -0.00560774 1.55467 0.000367256
45.893 -0.436332 -0.539584 0.103252 10.312 5.94482e-06 0.247521 -0.00214678 -0.539584 -0.0056077 1.55467 0.000367259
45.894 -0.436332 -0.539583 0.103251 10.3119 5.95067e-06 0.247518 -0.00214674 -0.539583 -0.00560765 1.55467 0.000367262
45.895 -0.436332 -0.539582 0.103249 10.3118 5.95643e-06 0.247515 -0.0021467 -0.539582 -0.00560761 1.55467 0.000367264
45.896 -0.436332 -0.53958 0.103248 10.3118 5.9621e-06 0.247513 -0.00214666 -0.53958 -0.00560757 1.55467 0.000367267
45.897 -0.436332 -0.539579 0.103247 10.3117 5.96769e-06 0.24751 -0.00214662 -0.539579 -0.00560753 1.55467 0.00036727
45.898 -0.436332 -0.539578 0.103246 10.3116 5.9732e-06 0.247507 -0.00214658 -0.539578 -0.00560749 1.55467 0.000367272
45.899 -0.436332 -0.539577 0.103244 10.3116 5.97862e-06 0.247504 -0.00214654 -0.539577 -0.00560745 1.55467 0.000367275
45.9 -0.436332 -0.539575 0.103243 10.3115 5.98395e-06 0.247501 -0.0021465 -0.539575 -0.00560741 1.55467 0.000367278
45.901 -0.436332 -0.539574 0.103242 10.3115 5.9892e-06 0.247499 -0.00214646 -0.539574 -0.00560737 1.55467 0.00036728
45.902 -0.436332 -0.539573 0.10324 10.3114 5.99436e-06 0.247496 -0.00214642 -0.539573 -0.00560732 1.55467 0.000367283
45.903 -0.436332 -0.539572 0.103239 10.3113 5.99944e-06 0.247493 -0.00214638 -0.539572 -0.00560728 1.55467 0.000367286
45.904 -0.436332 -0.53957 0.103238 10.3113 6.00444e-06 0.247491 -0.00214634 -0.53957 -0.00560724 1.55467 0.000367288
45.905 -0.436332 -0.539569 0.103237 10.3112 6.00935e-06 0.247488 -0.0021463 -0.539569 -0.0056072 1.55467 0.000367291
45.906 -0.436332 -0.539568 0.103235 10.3112 6.01418e-06 0.247485 -0.00214626 -0.539568 -0.00560717 1.55467 0.000367293
45.907 -0.436332 -0.539567 0.103234 10.3111 6.01893e-06 0.247483 -0.00214622 -0.539567 -0.00560713 1.55467 0.000367296
45.908 -0.436332 -0.539565 0.103233 10.311 6.02359e-06 0.24748 -0.00214619 -0.539565 -0.00560709 1.55467 0.000367298
45.909 -0.436332 -0.539564 0.103232 10.311 6.02817e-06 0.247477 -0.00214615 -0.539564 -0.00560705 1.55467 0.000367301
45.91 -0.436332 -0.539563 0.103231 10.3109 6.03266e-06 0.247475 -0.00214611 -0.539563 -0.00560701 1.55467 0.000367303
45.911 -0.436332 -0.539562 0.103229 10.3109 6.03708e-06 0.247472 -0.00214607 -0.539562 -0.00560697 1.55467 0.000367306
45.912 -0.436332 -0.539561 0.103228 10.3108 6.04141e-06 0.247469 -0.00214603 -0.539561 -0.00560693 1.55467 0.000367308
45.913 -0.436332 -0.539559 0.103227 10.3108 6.04565e-06 0.247467 -0.002146 -0.539559 -0.00560689 1.55467 0.000367311
45.914 -0.436332 -0.539558 0.103226 10.3107 6.04982e-06 0.247464 -0.00214596 -0.539558 -0.00560686 1.55467 0.000367313
45.915 -0.436332 -0.539557 0.103225 10.3107 6.0539e-06 0.247462 -0.00214592 -0.539557 -0.00560682 1.55467 0.000367316
45.916 -0.436332 -0.539556 0.103223 10.3106 6.0579e-06 0.247459 -0.00214589 -0.539556 -0.00560678 1.55467 0.000367318
45.917 -0.436332 -0.539555 0.103222 10.3106 6.06182e-06 0.247457 -0.00214585 -0.539555 -0.00560674 1.55467 0.000367321
45.918 -0.436332 -0.539553 0.103221 10.3105 6.06566e-06 0.247454 -0.00214581 -0.539553 -0.00560671 1.55467 0.000367323
45.919 -0.436332 -0.539552 0.10322 10.3105 6.06941e-06 0.247452 -0.00214578 -0.539552 -0.00560667 1.55467 0.000367326
45.92 -0.436332 -0.539551 0.103219 10.3104 6.07308e-06 0.247449 -0.00214574 -0.539551 -0.00560663 1.55467 0.000367328
45.921 -0.436332 -0.53955 0.103218 10.3104 6.07668e-06 0.247447 -0.00214571 -0.53955 -0.00560659 1.55467 0.000367331
45.922 -0.436332 -0.539549 0.103217 10.3103 6.08019e-06 0.247444 -0.00214567 -0.539549 -0.00560656 1.55467 0.000367333
45.923 -0.436332 -0.539548 0.103215 10.3103 6.08362e-06 0.247442 -0.00214564 -0.539548 -0.00560652 1.55467 0.000367335
45.924 -0.436332 -0.539547 0.103214 10.3102 6.08697e-06 0.247439 -0.0021456 -0.539547 -0.00560649 1.55467 0.000367338
45.925 -0.436332 -0.539545 0.103213 10.3102 6.09024e-06 0.247437 -0.00214556 -0.539545 -0.00560645 1.55467 0.00036734
45.926 -0.436332 -0.539544 0.103212 10.3101 6.09343e-06 0.247434 -0.00214553 -0.539544 -0.00560641 1.55467 0.000367342
45.927 -0.436332 -0.539543 0.103211 10.3101 6.09654e-06 0.247432 -0.0021455 -0.539543 -0.00560638 1.55467 0.000367345
45.928 -0.436332 -0.539542 0.10321 10.31 6.09957e-06 0.24743 -0.00214546 -0.539542 -0.00560634 1.55467 0.000367347
45.929 -0.436332 -0.539541 0.103209 10.31 6.10252e-06 0.247427 -0.00214543 -0.539541 -0.00560631 1.55467 0.000367349
45.93 -0.436332 -0.53954 0.103208 10.3099 6.10539e-06 0.247425 -0.00214539 -0.53954 -0.00560627 1.55467 0.000367352
45.931 -0.436332 -0.539539 0.103207 10.3099 6.10818e-06 0.247423 -0.00214536 -0.539539 -0.00560624 1.55467 0.000367354
45.932 -0.436332 -0.539538 0.103206 10.3099 6.11089e-06 0.24742 -0.00214533 -0.539538 -0.0056062 1.55467 0.000367356
45.933 -0.436332 -0.539537 0.103205 10.3098 6.11352e-06 0.247418 -0.00214529 -0.539537 -0.00560617 1.55467 0.000367359
45.934 -0.436332 -0.539536 0.103203 10.3098 6.11607e-06 0.247416 -0.00214526 -0.539536 -0.00560614 1.55467 0.000367361
45.935 -0.436332 -0.539535 0.103202 10.3097 6.11855e-06 0.247413 -0.00214523 -0.539535 -0.0056061 1.55467 0.000367363
45.936 -0.436332 -0.539534 0.103201 10.3097 6.12095e-06 0.247411 -0.00214519 -0.539534 -0.00560607 1.55467 0.000367366
45.937 -0.436332 -0.539533 0.1032 10.3097 6.12326e-06 0.247409 -0.00214516 -0.539533 -0.00560603 1.55467 0.000367368
45.938 -0.436332 -0.539532 0.103199 10.3096 6.1255e-06 0.247407 -0.00214513 -0.539532 -0.005606 1.55467 0.00036737
45.939 -0.436332 -0.539531 0.103198 10.3096 6.12767e-06 0.247404 -0.0021451 -0.539531 -0.00560597 1.55467 0.000367372
45.94 -0.436332 -0.53953 0.103197 10.3095 6.12975e-06 0.247402 -0.00214506 -0.53953 -0.00560594 1.55467 0.000367374
45.941 -0.436332 -0.539529 0.103196 10.3095 6.13176e-06 0.2474 -0.00214503 -0.539529 -0.0056059 1.55467 0.000367377
45.942 -0.436332 -0.539528 0.103195 10.3095 6.13369e-06 0.247398 -0.002145 -0.539528 -0.00560587 1.55467 0.000367379
45.943 -0.436332 -0.539527 0.103194 10.3094 6.13554e-06 0.247396 -0.00214497 -0.539527 -0.00560584 1.55467 0.000367381
45.944 -0.436332 -0.539526 0.103193 10.3094 6.13732e-06 0.247394 -0.00214494 -0.539526 -0.0056058 1.55467 0.000367383
45.945 -0.436332 -0.539525 0.103192 10.3094 6.13901e-06 0.247391 -0.00214491 -0.539525 -0.00560577 1.55467 0.000367385
45.946 -0.436332 -0.539524 0.103191 10.3093 6.14064e-06 0.247389 -0.00214487 -0.539524 -0.00560574 1.55467 0.000367388
45.947 -0.436332 -0.539523 0.10319 10.3093 6.14218e-06 0.247387 -0.00214484 -0.539523 -0.00560571 1.55467 0.00036739
45.948 -0.436332 -0.539522 0.103189 10.3093 6.14365e-06 0.247385 -0.00214481 -0.539522 -0.00560568 1.55467 0.000367392
45.949 -0.436332 -0.539521 0.103188 10.3092 6.14504e-06 0.247383 -0.00214478 -0.539521 -0.00560565 1.55467 0.000367394
45.95 -0.436332 -0.53952 0.103187 10.3092 6.14636e-06 0.247381 -0.00214475 -0.53952 -0.00560562 1.55467 0.000367396
45.951 -0.436332 -0.539519 0.103186 10.3092 6.1476e-06 0.247379 -0.00214472 -0.539519 -0.00560558 1.55467 0.000367398
45.952 -0.436332 -0.539518 0.103186 10.3091 6.14877e-06 0.247377 -0.00214469 -0.539518 -0.00560555 1.55467 0.0003674
45.953 -0.436332 -0.539517 0.103185 10.3091 6.14986e-06 0.247375 -0.00214466 -0.539517 -0.00560552 1.55467 0.000367402
45.954 -0.436332 -0.539516 0.103184 10.3091 6.15088e-06 0.247373 -0.00214463 -0.539516 -0.00560549 1.55467 0.000367404
45.955 -0.436332 -0.539515 0.103183 10.3091 6.15182e-06 0.247371 -0.0021446 -0.539515 -0.00560546 1.55467 0.000367407
45.956 -0.436332 -0.539514 0.103182 10.309 6.15269e-06 0.247369 -0.00214457 -0.539514 -0.00560543 1.55467 0.000367409
45.957 -0.436332 -0.539513 0.103181 10.309 6.15348e-06 0.247367 -0.00214455 -0.539513 -0.0056054 1.55467 0.000367411
45.958 -0.436332 -0.539512 0.10318 10.309 6.15419e-06 0.247365 -0.00214452 -0.539512 -0.00560537 1.55467 0.000367413
45.959 -0.436332 -0.539511 0.103179 10.3089 6.15484e-06 0.247363 -0.00214449 -0.539511 -0.00560534 1.55467 0.000367415
45.96 -0.436332 -0.539511 0.103178 10.3089 6.15541e-06 0.247361 -0.00214446 -0.539511 -0.00560532 1.55467 0.000367417
45.961 -0.436332 -0.53951 0.103177 10.3089 6.1559e-06 0.247359 -0.00214443 -0.53951 -0.00560529 1.55467 0.000367419
45.962 -0.436332 -0.539509 0.103176 10.3089 6.15633e-06 0.247357 -0.0021444 -0.539509 -0.00560526 1.55467 0.000367421
45.963 -0.436332 -0.539508 0.103176 10.3088 6.15667e-06 0.247355 -0.00214438 -0.539508 -0.00560523 1.55467 0.000367423
45.964 -0.436332 -0.539507 0.103175 10.3088 6.15695e-06 0.247353 -0.00214435 -0.539507 -0.0056052 1.55467 0.000367425
45.965 -0.436332 -0.539506 0.103174 10.3088 6.15715e-06 0.247351 -0.00214432 -0.539506 -0.00560517 1.55467 0.000367427
45.966 -0.436332 -0.539505 0.103173 10.3088 6.15728e-06 0.24735 -0.00214429 -0.539505 -0.00560514 1.55467 0.000367429
45.967 -0.436332 -0.539504 0.103172 10.3088 6.15734e-06 0.247348 -0.00214427 -0.539504 -0.00560512 1.55467 0.000367431
45.968 -0.436332 -0.539504 0.103171 10.3087 6.15733e-06 0.247346 -0.00214424 -0.539504 -0.00560509 1.55467 0.000367432
45.969 -0.436332 -0.539503 0.10317 10.3087 6.15724e-06 0.247344 -0.00214421 -0.539503 -0.00560506 1.55468 0.000367434
45.97 -0.436332 -0.539502 0.10317 10.3087 6.15708e-06 0.247342 -0.00214419 -0.539502 -0.00560503 1.55468 0.000367436
45.971 -0.436332 -0.539501 0.103169 10.3087 6.15685e-06 0.24734 -0.00214416 -0.539501 -0.00560501 1.55468 0.000367438
45.972 -0.436332 -0.5395 0.103168 10.3087 6.15655e-06 0.247339 -0.00214413 -0.5395 -0.00560498 1.55468 0.00036744
45.973 -0.436332 -0.5395 0.103167 10.3086 6.15617e-06 0.247337 -0.00214411 -0.5395 -0.00560495 1.55468 0.000367442
45.974 -0.436332 -0.539499 0.103166 10.3086 6.15573e-06 0.247335 -0.00214408 -0.539499 -0.00560493 1.55468 0.000367444
45.975 -0.436332 -0.539498 0.103166 10.3086 6.15521e-06 0.247333 -0.00214406 -0.539498 -0.0056049 1.55468 0.000367446
45.976 -0.436332 -0.539497 0.103165 10.3086 6.15463e-06 0.247332 -0.00214403 -0.539497 -0.00560487 1.55468 0.000367448
45.977 -0.436332 -0.539496 0.103164 10.3086 6.15397e-06 0.24733 -0.00214401 -0.539496 -0.00560485 1.55468 0.000367449
45.978 -0.436332 -0.539496 0.103163 10.3085 6.15324e-06 0.247328 -0.00214398 -0.539496 -0.00560482 1.55468 0.000367451
45.979 -0.436332 -0.539495 0.103163 10.3085 6.15244e-06 0.247327 -0.00214396 -0.539495 -0.0056048 1.55468 0.000367453
45.98 -0.436332 -0.539494 0.103162 10.3085 6.15158e-06 0.247325 -0.00214393 -0.539494 -0.00560477 1.55468 0.000367455
45.981 -0.436332 -0.539493 0.103161 10.3085 6.15064e-06 0.247323 -0.00214391 -0.539493 -0.00560475 1.55468 0.000367457
45.982 -0.436332 -0.539493 0.10316 10.3085 6.14963e-06 0.247322 -0.00214388 -0.539493 -0.00560472 1.55468 0.000367459
45.983 -0.436332 -0.539492 0.103159 10.3085 6.14855e-06 0.24732 -0.00214386 -0.539492 -0.0056047 1.55468 0.00036746
45.984 -0.436332 -0.539491 0.103159 10.3085 6.14741e-06 0.247318 -0.00214384 -0.539491 -0.00560467 1.55468 0.000367462
45.985 -0.436332 -0.53949 0.103158 10.3085 6.14619e-06 0.247317 -0.00214381 -0.53949 -0.00560465 1.55468 0.000367464
45.986 -0.436332 -0.53949 0.103157 10.3084 6.14491e-06 0.247315 -0.00214379 -0.53949 -0.00560462 1.55468 0.000367466
45.987 -0.436332 -0.539489 0.103157 10.3084 6.14356e-06 0.247314 -0.00214377 -0.539489 -0.0056046 1.55468 0.000367467
45.988 -0.436332 -0.539488 0.103156 10.3084 6.14214e-06 0.247312 -0.00214374 -0.539488 -0.00560457 1.55468 0.000367469
45.989 -0.436332 -0.539487 0.103155 10.3084 6.14065e-06 0.247311 -0.00214372 -0.539487 -0.00560455 1.55468 0.000367471
45.99 -0.436332 -0.539487 0.103154 10.3084 6.13909e-06 0.247309 -0.0021437 -0.539487 -0.00560453 1.55468 0.000367472
45.991 -0.436332 -0.539486 0.103154 10.3084 6.13747e-06 0.247307 -0.00214367 -0.539486 -0.0056045 1.55468 0.000367474
45.992 -0.436332 -0.539485 0.103153 10.3084 6.13578e-06 0.247306 -0.00214365 -0.539485 -0.00560448 1.55468 0.000367476
45.993 -0.436332 -0.539485 0.103152 10.3084 6.13402e-06 0.247304 -0.00214363 -0.539485 -0.00560446 1.55468 0.000367478
45.994 -0.436332 -0.539484 0.103152 10.3084 6.13219e-06 0.247303 -0.00214361 -0.539484 -0.00560443 1.55468 0.000367479
45.995 -0.436332 -0.539483 0.103151 10.3084 6.1303e-06 0.247301 -0.00214359 -0.539483 -0.00560441 1.55468 0.000367481
45.996 -0.436332 -0.539483 0.10315 10.3084 6.12834e-06 0.2473 -0.00214356 -0.539483 -0.00560439 1.55468 0.000367483
45.997 -0.436332 -0.539482 0.10315 10.3083 6.12631e-06 0.247299 -0.00214354 -0.539482 -0.00560437 1.55468 0.000367484
45.998 -0.436332 -0.539481 0.103149 10.3083 6.12422e-06 0.247297 -0.00214352 -0.539481 -0.00560434 1.55468 0.000367486
45.999 -0.436332 -0.539481 0.103148 10.3083 6.12206e-06 0.247296 -0.0021435 -0.539481 -0.00560432 1.55468 0.000367487
46 -0.436332 -0.53948 0.103148 10.3083 6.11983e-06 0.247294 -0.00214348 -0.53948 -0.0056043 1.55468 0.000367489
46.001 -0.436332 -0.539479 0.103147 10.3083 6.11754e-06 0.247293 -0.00214346 -0.539479 -0.00560428 1.55468 0.000367491
46.002 -0.436332 -0.539479 0.103146 10.3083 6.11518e-06 0.247291 -0.00214344 -0.539479 -0.00560426 1.55468 0.000367492
46.003 -0.436332 -0.539478 0.103146 10.3083 6.11276e-06 0.24729 -0.00214342 -0.539478 -0.00560424 1.55468 0.000367494
46.004 -0.436332 -0.539478 0.103145 10.3083 6.11027e-06 0.247289 -0.0021434 -0.539478 -0.00560421 1.55468 0.000367495
46.005 -0.436332 -0.539477 0.103145 10.3083 6.10772e-06 0.247287 -0.00214338 -0.539477 -0.00560419 1.55468 0.000367497
46.006 -0.436332 -0.539476 0.103144 10.3083 6.10511e-06 0.247286 -0.00214336 -0.539476 -0.00560417 1.55468 0.000367499
46.007 -0.436332 -0.539476 0.103143 10.3083 6.10243e-06 0.247285 -0.00214334 -0.539476 -0.00560415 1.55468 0.0003675
46.008 -0.436332 -0.539475 0.103143 10.3083 6.09968e-06 0.247283 -0.00214332 -0.539475 -0.00560413 1.55468 0.000367502
46.009 -0.436332 -0.539474 0.103142 10.3083 6.09687e-06 0.247282 -0.0021433 -0.539474 -0.00560411 1.55468 0.000367503
46.01 -0.436332 -0.539474 0.103142 10.3083 6.094e-06 0.247281 -0.00214328 -0.539474 -0.00560409 1.55468 0.000367505
46.011 -0.436332 -0.539473 0.103141 10.3083 6.09106e-06 0.24728 -0.00214326 -0.539473 -0.00560407 1.55468 0.000367506
46.012 -0.436332 -0.539473 0.10314 10.3083 6.08806e-06 0.247278 -0.00214324 -0.539473 -0.00560405 1.55468 0.000367508
46.013 -0.436332 -0.539472 0.10314 10.3083 6.085e-06 0.247277 -0.00214322 -0.539472 -0.00560403 1.55468 0.000367509
46.014 -0.436332 -0.539472 0.103139 10.3083 6.08187e-06 0.247276 -0.0021432 -0.539472 -0.00560401 1.55468 0.000367511
46.015 -0.436332 -0.539471 0.103139 10.3083 6.07868e-06 0.247275 -0.00214319 -0.539471 -0.00560399 1.55468 0.000367512
46.016 -0.436332 -0.539471 0.103138 10.3083 6.07543e-06 0.247273 -0.00214317 -0.539471 -0.00560398 1.55468 0.000367514
46.017 -0.436332 -0.53947 0.103138 10.3083 6.07211e-06 0.247272 -0.00214315 -0.53947 -0.00560396 1.55468 0.000367515
46.018 -0.436332 -0.539469 0.103137 10.3083 6.06874e-06 0.247271 -0.00214313 -0.539469 -0.00560394 1.55468 0.000367516
46.019 -0.436332 -0.539469 0.103137 10.3083 6.0653e-06 0.24727 -0.00214311 -0.539469 -0.00560392 1.55468 0.000367518
46.02 -0.436332 -0.539468 0.103136 10.3083 6.0618e-06 0.247269 -0.0021431 -0.539468 -0.0056039 1.55468 0.000367519
46.021 -0.436332 -0.539468 0.103136 10.3084 6.05823e-06 0.247267 -0.00214308 -0.539468 -0.00560388 1.55468 0.000367521
46.022 -0.436332 -0.539467 0.103135 10.3084 6.05461e-06 0.247266 -0.00214306 -0.539467 -0.00560387 1.55468 0.000367522
46.023 -0.436332 -0.539467 0.103135 10.3084 6.05093e-06 0.247265 -0.00214305 -0.539467 -0.00560385 1.55468 0.000367523
46.024 -0.436332 -0.539466 0.103134 10.3084 6.04718e-06 0.247264 -0.00214303 -0.539466 -0.00560383 1.55468 0.000367525
46.025 -0.436332 -0.539466 0.103134 10.3084 6.04337e-06 0.247263 -0.00214301 -0.539466 -0.00560381 1.55468 0.000367526
46.026 -0.436332 -0.539465 0.103133 10.3084 6.03951e-06 0.247262 -0.002143 -0.539465 -0.0056038 1.55468 0.000367528
46.027 -0.436332 -0.539465 0.103133 10.3084 6.03558e-06 0.247261 -0.00214298 -0.539465 -0.00560378 1.55468 0.000367529
46.028 -0.436332 -0.539464 0.103132 10.3084 6.03159e-06 0.24726 -0.00214296 -0.539464 -0.00560376 1.55468 0.00036753
46.029 -0.436332 -0.539464 0.103132 10.3084 6.02754e-06 0.247259 -0.00214295 -0.539464 -0.00560375 1.55468 0.000367532
46.03 -0.436332 -0.539463 0.103131 10.3084 6.02344e-06 0.247258 -0.00214293 -0.539463 -0.00560373 1.55468 0.000367533
46.031 -0.436332 -0.539463 0.103131 10.3084 6.01927e-06 0.247257 -0.00214292 -0.539463 -0.00560371 1.55468 0.000367534
46.032 -0.436332 -0.539463 0.10313 10.3085 6.01505e-06 0.247256 -0.0021429 -0.539463 -0.0056037 1.55468 0.000367536
46.033 -0.436332 -0.539462 0.10313 10.3085 6.01076e-06 0.247255 -0.00214289 -0.539462 -0.00560368 1.55468 0.000367537
46.034 -0.436332 -0.539462 0.103129 10.3085 6.00642e-06 0.247254 -0.00214287 -0.539462 -0.00560366 1.55468 0.000367538
46.035 -0.436332 -0.539461 0.103129 10.3085 6.00201e-06 0.247253 -0.00214286 -0.539461 -0.00560365 1.55468 0.000367539
46.036 -0.436332 -0.539461 0.103128 10.3085 5.99755e-06 0.247252 -0.00214284 -0.539461 -0.00560363 1.55468 0.000367541
46.037 -0.436332 -0.53946 0.103128 10.3085 5.99303e-06 0.247251 -0.00214283 -0.53946 -0.00560362 1.55468 0.000367542
46.038 -0.436332 -0.53946 0.103128 10.3085 5.98846e-06 0.24725 -0.00214281 -0.53946 -0.0056036 1.55468 0.000367543
46.039 -0.436332 -0.539459 0.103127 10.3085 5.98382e-06 0.247249 -0.0021428 -0.539459 -0.00560359 1.55468 0.000367544
46.04 -0.436332 -0.539459 0.103127 10.3086 5.97913e-06 0.247248 -0.00214278 -0.539459 -0.00560357 1.55468 0.000367546
46.041 -0.436332 -0.539459 0.103126 10.3086 5.97438e-06 0.247247 -0.00214277 -0.539459 -0.00560356 1.55468 0.000367547
46.042 -0.436332 -0.539458 0.103126 10.3086 5.96957e-06 0.247246 -0.00214276 -0.539458 -0.00560354 1.55468 0.000367548
46.043 -0.436332 -0.539458 0.103126 10.3086 5.96471e-06 0.247245 -0.00214274 -0.539458 -0.00560353 1.55468 0.000367549
46.044 -0.436332 -0.539457 0.103125 10.3086 5.95979e-06 0.247244 -0.00214273 -0.539457 -0.00560352 1.55468 0.00036755
46.045 -0.436332 -0.539457 0.103125 10.3086 5.95481e-06 0.247244 -0.00214272 -0.539457 -0.0056035 1.55468 0.000367552
46.046 -0.436332 -0.539457 0.103124 10.3087 5.94978e-06 0.247243 -0.0021427 -0.539457 -0.00560349 1.55468 0.000367553
46.047 -0.436332 -0.539456 0.103124 10.3087 5.94469e-06 0.247242 -0.00214269 -0.539456 -0.00560347 1.55468 0.000367554
46.048 -0.436332 -0.539456 0.103124 10.3087 5.93954e-06 0.247241 -0.00214268 -0.539456 -0.00560346 1.55468 0.000367555
46.049 -0.436332 -0.539456 0.103123 10.3087 5.93434e-06 0.24724 -0.00214266 -0.539456 -0.00560345 1.55468 0.000367556
46.05 -0.436332 -0.539455 0.103123 10.3087 5.92908e-06 0.247239 -0.00214265 -0.539455 -0.00560343 1.55468 0.000367557
46.051 -0.436332 -0.539455 0.103123 10.3088 5.92377e-06 0.247239 -0.00214264 -0.539455 -0.00560342 1.55468 0.000367558
46.052 -0.436332 -0.539455 0.103122 10.3088 5.9184e-06 0.247238 -0.00214263 -0.539455 -0.00560341 1.55468 0.00036756
46.053 -0.436332 -0.539454 0.103122 10.3088 5.91298e-06 0.247237 -0.00214262 -0.539454 -0.0056034 1.55468 0.000367561
46.054 -0.436332 -0.539454 0.103122 10.3088 5.90751e-06 0.247236 -0.0021426 -0.539454 -0.00560338 1.55468 0.000367562
46.055 -0.436332 -0.539454 0.103121 10.3088 5.90198e-06 0.247236 -0.00214259 -0.539454 -0.00560337 1.55468 0.000367563
46.056 -0.436332 -0.539453 0.103121 10.3089 5.89639e-06 0.247235 -0.00214258 -0.539453 -0.00560336 1.55468 0.000367564
46.057 -0.436332 -0.539453 0.103121 10.3089 5.89075e-06 0.247234 -0.00214257 -0.539453 -0.00560335 1.55468 0.000367565
46.058 -0.436332 -0.539453 0.10312 10.3089 5.88506e-06 0.247233 -0.00214256 -0.539453 -0.00560334 1.55468 0.000367566
46.059 -0.436332 -0.539452 0.10312 10.3089 5.87931e-06 0.247233 -0.00214255 -0.539452 -0.00560332 1.55468 0.000367567
46.06 -0.436332 -0.539452 0.10312 10.309 5.87351e-06 0.247232 -0.00214254 -0.539452 -0.00560331 1.55468 0.000367568
46.061 -0.436332 -0.539452 0.103119 10.309 5.86766e-06 0.247231 -0.00214253 -0.539452 -0.0056033 1.55468 0.000367569
46.062 -0.436332 -0.539451 0.103119 10.309 5.86175e-06 0.247231 -0.00214252 -0.539451 -0.00560329 1.55468 0.00036757
46.063 -0.436332 -0.539451 0.103119 10.309 5.8558e-06 0.24723 -0.00214251 -0.539451 -0.00560328 1.55468 0.000367571
46.064 -0.436332 -0.539451 0.103119 10.3091 5.84978e-06 0.24723 -0.0021425 -0.539451 -0.00560327 1.55468 0.000367572
46.065 -0.436332 -0.539451 0.103118 10.3091 5.84372e-06 0.247229 -0.00214249 -0.539451 -0.00560326 1.55468 0.000367573
46.066 -0.436332 -0.53945 0.103118 10.3091 5.83761e-06 0.247228 -0.00214248 -0.53945 -0.00560325 1.55468 0.000367574
46.067 -0.436332 -0.53945 0.103118 10.3091 5.83144e-06 0.247228 -0.00214247 -0.53945 -0.00560324 1.55468 0.000367575
46.068 -0.436332 -0.53945 0.103117 10.3092 5.82522e-06 0.247227 -0.00214246 -0.53945 -0.00560323 1.55468 0.000367576
46.069 -0.436332 -0.53945 0.103117 10.3092 5.81895e-06 0.247226 -0.00214245 -0.53945 -0.00560322 1.55468 0.000367577
46.07 -0.436332 -0.539449 0.103117 10.3092 5.81263e-06 0.247226 -0.00214244 -0.539449 -0.00560321 1.55468 0.000367578
46.071 -0.436332 -0.539449 0.103117 10.3092 5.80626e-06 0.247225 -0.00214243 -0.539449 -0.0056032 1.55468 0.000367579
46.072 -0.436332 -0.539449 0.103116 10.3093 5.79983e-06 0.247225 -0.00214242 -0.539449 -0.00560319 1.55468 0.00036758
46.073 -0.436332 -0.539449 0.103116 10.3093 5.79336e-06 0.247224 -0.00214241 -0.539449 -0.00560318 1.55468 0.000367581
46.074 -0.436332 -0.539448 0.103116 10.3093 5.78683e-06 0.247224 -0.0021424 -0.539448 -0.00560317 1.55468 0.000367582
46.075 -0.436332 -0.539448 0.103116 10.3094 5.78026e-06 0.247223 -0.0021424 -0.539448 -0.00560316 1.55468 0.000367583
46.076 -0.436332 -0.539448 0.103116 10.3094 5.77364e-06 0.247223 -0.00214239 -0.539448 -0.00560315 1.55468 0.000367583
46.077 -0.436332 -0.539448 0.103115 10.3094 5.76696e-06 0.247222 -0.00214238 -0.539448 -0.00560314 1.55468 0.000367584
46.078 -0.436332 -0.539447 0.103115 10.3095 5.76024e-06 0.247222 -0.00214237 -0.539447 -0.00560313 1.55468 0.000367585
46.079 -0.436332 -0.539447 0.103115 10.3095 5.75347e-06 0.247221 -0.00214236 -0.539447 -0.00560313 1.55468 0.000367586
46.08 -0.436332 -0.539447 0.103115 10.3095 5.74664e-06 0.247221 -0.00214236 -0.539447 -0.00560312 1.55468 0.000367587
46.081 -0.436332 -0.539447 0.103115 10.3096 5.73977e-06 0.24722 -0.00214235 -0.539447 -0.00560311 1.55468 0.000367588
46.082 -0.436332 -0.539447 0.103114 10.3096 5.73285e-06 0.24722 -0.00214234 -0.539447 -0.0056031 1.55468 0.000367589
46.083 -0.436332 -0.539447 0.103114 10.3096 5.72589e-06 0.24722 -0.00214234 -0.539447 -0.00560309 1.55468 0.000367589
46.084 -0.436332 -0.539446 0.103114 10.3097 5.71887e-06 0.247219 -0.00214233 -0.539446 -0.00560309 1.55468 0.00036759
46.085 -0.436332 -0.539446 0.103114 10.3097 5.71181e-06 0.247219 -0.00214232 -0.539446 -0.00560308 1.55468 0.000367591
46.086 -0.436332 -0.539446 0.103114 10.3097 5.7047e-06 0.247218 -0.00214232 -0.539446 -0.00560307 1.55468 0.000367592
46.087 -0.436332 -0.539446 0.103114 10.3098 5.69754e-06 0.247218 -0.00214231 -0.539446 -0.00560306 1.55468 0.000367593
46.088 -0.436332 -0.539446 0.103113 10.3098 5.69033e-06 0.247218 -0.0021423 -0.539446 -0.00560306 1.55468 0.000367593
46.089 -0.436332 -0.539446 0.103113 10.3098 5.68308e-06 0.247217 -0.0021423 -0.539446 -0.00560305 1.55468 0.000367594
46.09 -0.436332 -0.539445 0.103113 10.3099 5.67577e-06 0.247217 -0.00214229 -0.539445 -0.00560304 1.55468 0.000367595
46.091 -0.436332 -0.539445 0.103113 10.3099 5.66843e-06 0.247217 -0.00214228 -0.539445 -0.00560304 1.55468 0.000367596
46.092 -0.436332 -0.539445 0.103113 10.3099 5.66103e-06 0.247216 -0.00214228 -0.539445 -0.00560303 1.55468 0.000367596
46.093 -0.436332 -0.539445 0.103113 10.31 5.65359e-06 0.247216 -0.00214227 -0.539445 -0.00560302 1.55468 0.000367597
46.094 -0.436332 -0.539445 0.103113 10.31 5.64611e-06 0.247216 -0.00214227 -0.539445 -0.00560302 1.55468 0.000367598
46.095 -0.436332 -0.539445 0.103112 10.31 5.63857e-06 0.247215 -0.00214226 -0.539445 -0.00560301 1.55468 0.000367599
46.096 -0.436332 -0.539445 0.103112 10.3101 5.631e-06 0.247215 -0.00214226 -0.539445 -0.00560301 1.55468 0.000367599
46.097 -0.436332 -0.539445 0.103112 10.3101 5.62337e-06 0.247215 -0.00214225 -0.539445 -0.005603 1.55468 0.0003676
46.098 -0.436332 -0.539444 0.103112 10.3102 5.61571e-06 0.247214 -0.00214225 -0.539444 -0.005603 1.55468 0.000367601
46.099 -0.436332 -0.539444 0.103112 10.3102 5.60799e-06 0.247214 -0.00214224 -0.539444 -0.00560299 1.55468 0.000367601
46.1 -0.436332 -0.539444 0.103112 10.3102 5.60023e-06 0.247214 -0.00214224 -0.539444 -0.00560299 1.55468 0.000367602
46.101 -0.436332 -0.539444 0.103112 10.3103 5.59243e-06 0.247214 -0.00214223 -0.539444 -0.00560298 1.55468 0.000367603
46.102 -0.436332 -0.539444 0.103112 10.3103 5.58458e-06 0.247214 -0.00214223 -0.539444 -0.00560298 1.55468 0.000367603
46.103 -0.436332 -0.539444 0.103112 10.3104 5.57669e-06 0.247213 -0.00214223 -0.539444 -0.00560297 1.55468 0.000367604
46.104 -0.436332 -0.539444 0.103112 10.3104 5.56876e-06 0.247213 -0.00214222 -0.539444 -0.00560297 1.55468 0.000367605
46.105 -0.436332 -0.539444 0.103112 10.3104 5.56078e-06 0.247213 -0.00214222 -0.539444 -0.00560296 1.55468 0.000367605
46.106 -0.436332 -0.539444 0.103111 10.3105 5.55275e-06 0.247213 -0.00214221 -0.539444 -0.00560296 1.55468 0.000367606
46.107 -0.436332 -0.539444 0.103111 10.3105 5.54469e-06 0.247213 -0.00214221 -0.539444 -0.00560295 1.55468 0.000367607
46.108 -0.436332 -0.539444 0.103111 10.3106 5.53658e-06 0.247212 -0.00214221 -0.539444 -0.00560295 1.55468 0.000367607
46.109 -0.436332 -0.539444 0.103111 10.3106 5.52843e-06 0.247212 -0.0021422 -0.539444 -0.00560295 1.55468 0.000367608
46.11 -0.436332 -0.539444 0.103111 10.3107 5.52023e-06 0.247212 -0.0021422 -0.539444 -0.00560294 1.55468 0.000367608
46.111 -0.436332 -0.539444 0.103111 10.3107 5.512e-06 0.247212 -0.0021422 -0.539444 -0.00560294 1.55468 0.000367609
46.112 -0.436332 -0.539443 0.103111 10.3107 5.50372e-06 0.247212 -0.0021422 -0.539443 -0.00560294 1.55468 0.00036761
46.113 -0.436332 -0.539443 0.103111 10.3108 5.49539e-06 0.247212 -0.00214219 -0.539443 -0.00560293 1.55468 0.00036761
46.114 -0.436332 -0.539443 0.103111 10.3108 5.48703e-06 0.247212 -0.00214219 -0.539443 -0.00560293 1.55468 0.000367611
46.115 -0.436332 -0.539443 0.103111 10.3109 5.47863e-06 0.247212 -0.00214219 -0.539443 -0.00560293 1.55468 0.000367611
46.116 -0.436332 -0.539443 0.103111 10.3109 5.47018e-06 0.247212 -0.00214219 -0.539443 -0.00560292 1.55468 0.000367612
46.117 -0.436332 -0.539443 0.103111 10.311 5.46169e-06 0.247211 -0.00214218 -0.539443 -0.00560292 1.55468 0.000367612
46.118 -0.436332 -0.539443 0.103111 10.311 5.45316e-06 0.247211 -0.00214218 -0.539443 -0.00560292 1.55468 0.000367613
46.119 -0.436332 -0.539443 0.103111 10.3111 5.4446e-06 0.247211 -0.00214218 -0.539443 -0.00560292 1.55468 0.000367613
46.12 -0.436332 -0.539443 0.103111 10.3111 5.43599e-06 0.247211 -0.00214218 -0.539443 -0.00560291 1.55468 0.000367614
46.121 -0.436332 -0.539443 0.103111 10.3112 5.42734e-06 0.247211 -0.00214218 -0.539443 -0.00560291 1.55468 0.000367614
46.122 -0.436332 -0.539443 0.103111 10.3112 5.41865e-06 0.247211 -0.00214218 -0.539443 -0.00560291 1.55468 0.000367615
46.123 -0.436332 -0.539443 0.103111 10.3113 5.40992e-06 0.247211 -0.00214218 -0.539443 -0.00560291 1.55468 0.000367615
46.124 -0.436332 -0.539443 0.103111 10.3113 5.40115e-06 0.247211 -0.00214217 -0.539443 -0.00560291 1.55468 0.000367616
46.125 -0.436332 -0.539443 0.103111 10.3114 5.39234e-06 0.247211 -0.00214217 -0.539443 -0.0056029 1.55468 0.000367616
46.126 -0.436332 -0.539443 0.103111 10.3114 5.38349e-06 0.247211 -0.00214217 -0.539443 -0.0056029 1.55468 0.000367617
46.127 -0.436332 -0.539443 0.103111 10.3114 5.3746e-06 0.247211 -0.00214217 -0.539443 -0.0056029 1.55468 0.000367617
46.128 -0.436332 -0.539444 0.103111 10.3115 5.36567e-06 0.247211 -0.00214217 -0.539444 -0.0056029 1.55468 0.000367618
46.129 -0.436332 -0.539444 0.103111 10.3115 5.35671e-06 0.247211 -0.00214217 -0.539444 -0.0056029 1.55468 0.000367618
46.13 -0.436332 -0.539444 0.103111 10.3116 5.3477e-06 0.247212 -0.00214217 -0.539444 -0.0056029 1.55468 0.000367618
46.131 -0.436332 -0.539444 0.103111 10.3116 5.33866e-06 0.247212 -0.00214217 -0.539444 -0.0056029 1.55468 0.000367619
46.132 -0.436332 -0.539444 0.103111 10.3117 5.32958e-06 0.247212 -0.00214217 -0.539444 -0.0056029 1.55468 0.000367619
46.133 -0.436332 -0.539444 0.103111 10.3118 5.32046e-06 0.247212 -0.00214217 -0.539444 -0.0056029 1.55468 0.00036762
46.134 -0.436332 -0.539444 0.103112 10.3118 5.31131e-06 0.247212 -0.00214217 -0.539444 -0.0056029 1.55468 0.00036762
46.135 -0.436332 -0.539444 0.103112 10.3119 5.30212e-06 0.247212 -0.00214217 -0.539444 -0.0056029 1.55468 0.00036762
46.136 -0.436332 -0.539444 0.103112 10.3119 5.29289e-06 0.247212 -0.00214217 -0.539444 -0.0056029 1.55468 0.000367621
46.137 -0.436332 -0.539444 0.103112 10.312 5.28362e-06 0.247212 -0.00214217 -0.539444 -0.0056029 1.55468 0.000367621
46.138 -0.436332 -0.539444 0.103112 10.312 5.27432e-06 0.247212 -0.00214217 -0.539444 -0.0056029 1.55468 0.000367622
46.139 -0.436332 -0.539444 0.103112 10.3121 5.26498e-06 0.247213 -0.00214218 -0.539444 -0.0056029 1.55468 0.000367622
46.14 -0.436332 -0.539444 0.103112 10.3121 5.2556e-06 0.247213 -0.00214218 -0.539444 -0.0056029 1.55468 0.000367622
46.141 -0.436332 -0.539444 0.103112 10.3122 5.24619e-06 0.247213 -0.00214218 -0.539444 -0.0056029 1.55468 0.000367623
46.142 -0.436332 -0.539445 0.103112 10.3122 5.23674e-06 0.247213 -0.00214218 -0.539445 -0.0056029 1.55468 0.000367623
46.143 -0.436332 -0.539445 0.103112 10.3123 5.22725e-06 0.247213 -0.00214218 -0.539445 -0.0056029 1.55468 0.000367623
46.144 -0.436332 -0.539445 0.103112 10.3123 5.21773e-06 0.247213 -0.00214218 -0.539445 -0.0056029 1.55468 0.000367624
46.145 -0.436332 -0.539445 0.103113 10.3124 5.20818e-06 0.247214 -0.00214218 -0.539445 -0.0056029 1.55468 0.000367624
46.146 -0.436332 -0.539445 0.103113 10.3124 5.19859e-06 0.247214 -0.00214219 -0.539445 -0.00560291 1.55468 0.000367624
46.147 -0.436332 -0.539445 0.103113 10.3125 5.18896e-06 0.247214 -0.00214219 -0.539445 -0.00560291 1.55468 0.000367624
46.148 -0.436332 -0.539445 0.103113 10.3126 5.1793e-06 0.247214 -0.00214219 -0.539445 -0.00560291 1.55468 0.000367625
46.149 -0.436332 -0.539445 0.103113 10.3126 5.16961e-06 0.247215 -0.00214219 -0.539445 -0.00560291 1.55468 0.000367625
46.15 -0.436332 -0.539445 0.103113 10.3127 5.15988e-06 0.247215 -0.0021422 -0.539445 -0.00560291 1.55468 0.000367625
46.151 -0.436332 -0.539446 0.103113 10.3127 5.15012e-06 0.247215 -0.0021422 -0.539446 -0.00560291 1.55468 0.000367626
46.152 -0.436332 -0.539446 0.103113 10.3128 5.14032e-06 0.247215 -0.0021422 -0.539446 -0.00560292 1.55468 0.000367626
46.153 -0.436332 -0.539446 0.103114 10.3128 5.13049e-06 0.247216 -0.0021422 -0.539446 -0.00560292 1.55468 0.000367626
46.154 -0.436332 -0.539446 0.103114 10.3129 5.12063e-06 0.247216 -0.00214221 -0.539446 -0.00560292 1.55468 0.000367626
46.155 -0.436332 -0.539446 0.103114 10.313 5.11073e-06 0.247216 -0.00214221 -0.539446 -0.00560292 1.55468 0.000367626
46.156 -0.436332 -0.539446 0.103114 10.313 5.1008e-06 0.247217 -0.00214221 -0.539446 -0.00560293 1.55468 0.000367627
46.157 -0.436332 -0.539447 0.103114 10.3131 5.09084e-06 0.247217 -0.00214222 -0.539447 -0.00560293 1.55468 0.000367627
46.158 -0.436332 -0.539447 0.103114 10.3131 5.08085e-06 0.247217 -0.00214222 -0.539447 -0.00560293 1.55468 0.000367627
46.159 -0.436332 -0.539447 0.103115 10.3132 5.07082e-06 0.247217 -0.00214222 -0.539447 -0.00560294 1.55468 0.000367627
46.16 -0.436332 -0.539447 0.103115 10.3132 5.06076e-06 0.247218 -0.00214223 -0.539447 -0.00560294 1.55468 0.000367627
46.161 -0.436332 -0.539447 0.103115 10.3133 5.05067e-06 0.247218 -0.00214223 -0.539447 -0.00560294 1.55468 0.000367628
46.162 -0.436332 -0.539447 0.103115 10.3134 5.04054e-06 0.247219 -0.00214224 -0.539447 -0.00560295 1.55468 0.000367628
46.163 -0.436332 -0.539448 0.103115 10.3134 5.03039e-06 0.247219 -0.00214224 -0.539448 -0.00560295 1.55468 0.000367628
46.164 -0.436332 -0.539448 0.103116 10.3135 5.0202e-06 0.247219 -0.00214224 -0.539448 -0.00560295 1.55468 0.000367628
46.165 -0.436332 -0.539448 0.103116 10.3135 5.00999e-06 0.24722 -0.00214225 -0.539448 -0.00560296 1.55468 0.000367628
46.166 -0.436332 -0.539448 0.103116 10.3136 4.99974e-06 0.24722 -0.00214225 -0.539448 -0.00560296 1.55468 0.000367628
46.167 -0.436332 -0.539448 0.103116 10.3137 4.98946e-06 0.24722 -0.00214226 -0.539448 -0.00560296 1.55468 0.000367629
46.168 -0.436332 -0.539449 0.103116 10.3137 4.97915e-06 0.247221 -0.00214226 -0.539449 -0.00560297 1.55468 0.000367629
46.169 -0.436332 -0.539449 0.103117 10.3138 4.96881e-06 0.247221 -0.00214227 -0.539449 -0.00560297 1.55468 0.000367629
46.17 -0.436332 -0.539449 0.103117 10.3139 4.95844e-06 0.247222 -0.00214227 -0.539449 -0.00560298 1.55468 0.000367629
46.171 -0.436332 -0.539449 0.103117 10.3139 4.94804e-06 0.247222 -0.00214228 -0.539449 -0.00560298 1.55467 0.000367629
46.172 -0.436332 -0.53945 0.103117 10.314 4.93761e-06 0.247223 -0.00214228 -0.53945 -0.00560299 1.55467 0.000367629
46.173 -0.436332 -0.53945 0.103117 10.314 4.92715e-06 0.247223 -0.00214229 -0.53945 -0.00560299 1.55467 0.000367629
46.174 -0.436332 -0.53945 0.103118 10.3141 4.91666e-06 0.247224 -0.00214229 -0.53945 -0.005603 1.55467 0.000367629
46.175 -0.436332 -0.53945 0.103118 10.3142 4.90614e-06 0.247224 -0.0021423 -0.53945 -0.005603 1.55467 0.000367629
46.176 -0.436332 -0.53945 0.103118 10.3142 4.8956e-06 0.247225 -0.00214231 -0.53945 -0.00560301 1.55467 0.000367629
46.177 -0.436332 -0.539451 0.103118 10.3143 4.88502e-06 0.247225 -0.00214231 -0.539451 -0.00560301 1.55467 0.00036763
46.178 -0.436332 -0.539451 0.103119 10.3144 4.87442e-06 0.247225 -0.00214232 -0.539451 -0.00560302 1.55467 0.00036763
46.179 -0.436332 -0.539451 0.103119 10.3144 4.86378e-06 0.247226 -0.00214232 -0.539451 -0.00560302 1.55467 0.00036763
46.18 -0.436332 -0.539451 0.103119 10.3145 4.85312e-06 0.247227 -0.00214233 -0.539451 -0.00560303 1.55467 0.00036763
46.181 -0.436332 -0.539452 0.103119 10.3146 4.84244e-06 0.247227 -0.00214234 -0.539452 -0.00560303 1.55467 0.00036763
46.182 -0.436332 -0.539452 0.10312 10.3146 4.83172e-06 0.247228 -0.00214234 -0.539452 -0.00560304 1.55467 0.00036763
46.183 -0.436332 -0.539452 0.10312 10.3147 4.82098e-06 0.247228 -0.00214235 -0.539452 -0.00560305 1.55467 0.00036763
46.184 -0.436332 -0.539453 0.10312 10.3147 4.81021e-06 0.247229 -0.00214236 -0.539453 -0.00560305 1.55467 0.00036763
46.185 -0.436332 -0.539453 0.10312 10.3148 4.79941e-06 0.247229 -0.00214236 -0.539453 -0.00560306 1.55467 0.00036763
46.186 -0.436332 -0.539453 0.103121 10.3149 4.78858e-06 0.24723 -0.00214237 -0.539453 -0.00560307 1.55467 0.00036763
46.187 -0.436332 -0.539453 0.103121 10.3149 4.77773e-06 0.24723 -0.00214238 -0.539453 -0.00560307 1.55467 0.00036763
46.188 -0.436332 -0.539454 0.103121 10.315 4.76685e-06 0.247231 -0.00214238 -0.539454 -0.00560308 1.55467 0.00036763
46.189 -0.436332 -0.539454 0.103122 10.3151 4.75595e-06 0.247232 -0.00214239 -0.539454 -0.00560309 1.55467 0.00036763
46.19 -0.436332 -0.539454 0.103122 10.3151 4.74502e-06 0.247232 -0.0021424 -0.539454 -0.00560309 1.55467 0.00036763
46.191 -0.436332 -0.539455 0.103122 10.3152 4.73406e-06 0.247233 -0.00214241 -0.539455 -0.0056031 1.55467 0.00036763
46.192 -0.436332 -0.539455 0.103123 10.3153 4.72308e-06 0.247233 -0.00214241 -0.539455 -0.00560311 1.55467 0.00036763
46.193 -0.436332 -0.539455 0.103123 10.3153 4.71207e-06 0.247234 -0.00214242 -0.539455 -0.00560311 1.55467 0.000367629
46.194 -0.436332 -0.539455 0.103123 10.3154 4.70104e-06 0.247235 -0.00214243 -0.539455 -0.00560312 1.55467 0.000367629
46.195 -0.436332 -0.539456 0.103123 10.3155 4.68998e-06 0.247235 -0.00214244 -0.539456 -0.00560313 1.55467 0.000367629
46.196 -0.436332 -0.539456 0.103124 10.3156 4.6789e-06 0.247236 -0.00214244 -0.539456 -0.00560314 1.55467 0.000367629
46.197 -0.436332 -0.539456 0.103124 10.3156 4.66779e-06 0.247237 -0.00214245 -0.539456 -0.00560314 1.55467 0.000367629
46.198 -0.436332 -0.539457 0.103124 10.3157 4.65666e-06 0.247237 -0.00214246 -0.539457 -0.00560315 1.55467 0.000367629
46.199 -0.436332 -0.539457 0.103125 10.3158 4.64551e-06 0.247238 -0.00214247 -0.539457 -0.00560316 1.55467 0.000367629
46.2 -0.436332 -0.539457 0.103125 10.3158 4.63433e-06 0.247239 -0.00214248 -0.539457 -0.00560317 1.55467 0.000367629
46.201 -0.436332 -0.539458 0.103125 10.3159 4.62312e-06 0.247239 -0.00214249 -0.539458 -0.00560318 1.55467 0.000367629
46.202 -0.436332 -0.539458 0.103126 10.316 4.61189e-06 0.24724 -0.0021425 -0.539458 -0.00560318 1.55467 0.000367629
46.203 -0.436332 -0.539458 0.103126 10.316 4.60064e-06 0.247241 -0.0021425 -0.539458 -0.00560319 1.55467 0.000367629
46.204 -0.436332 -0.539459 0.103126 10.3161 4.58937e-06 0.247241 -0.00214251 -0.539459 -0.0056032 1.55467 0.000367628
46.205 -0.436332 -0.539459 0.103127 10.3162 4.57807e-06 0.247242 -0.00214252 -0.539459 -0.00560321 1.55467 0.000367628
46.206 -0.436332 -0.539459 0.103127 10.3162 4.56675e-06 0.247243 -0.00214253 -0.539459 -0.00560322 1.55467 0.000367628
46.207 -0.436332 -0.53946 0.103128 10.3163 4.5554e-06 0.247243 -0.00214254 -0.53946 -0.00560323 1.55467 0.000367628
46.208 -0.436332 -0.53946 0.103128 10.3164 4.54404e-06 0.247244 -0.00214255 -0.53946 -0.00560324 1.55467 0.000367628
46.209 -0.436332 -0.539461 0.103128 10.3165 4.53265e-06 0.247245 -0.00214256 -0.539461 -0.00560325 1.55467 0.000367628
46.21 -0.436332 -0.539461 0.103129 10.3165 4.52124e-06 0.247246 -0.00214257 -0.539461 -0.00560325 1.55467 0.000367628
46.211 -0.436332 -0.539461 0.103129 10.3166 4.50981e-06 0.247246 -0.00214258 -0.539461 -0.00560326 1.55467 0.000367627
46.212 -0.436332 -0.539462 0.103129 10.3167 4.49835e-06 0.247247 -0.00214259 -0.539462 -0.00560327 1.55467 0.000367627
46.213 -0.436332 -0.539462 0.10313 10.3168 4.48688e-06 0.247248 -0.0021426 -0.539462 -0.00560328 1.55467 0.000367627
46.214 -0.436332 -0.539462 0.10313 10.3168 4.47538e-06 0.247249 -0.00214261 -0.539462 -0.00560329 1.55467 0.000367627
46.215 -0.436332 -0.539463 0.10313 10.3169 4.46386e-06 0.24725 -0.00214262 -0.539463 -0.0056033 1.55467 0.000367627
46.216 -0.436332 -0.539463 0.103131 10.317 4.45232e-06 0.24725 -0.00214263 -0.539463 -0.00560331 1.55467 0.000367626
46.217 -0.436332 -0.539464 0.103131 10.317 4.44076e-06 0.247251 -0.00214264 -0.539464 -0.00560332 1.55467 0.000367626
46.218 -0.436332 -0.539464 0.103132 10.3171 4.42918e-06 0.247252 -0.00214265 -0.539464 -0.00560333 1.55467 0.000367626
46.219 -0.436332 -0.539464 0.103132 10.3172 4.41758e-06 0.247253 -0.00214266 -0.539464 -0.00560334 1.55467 0.000367626
46.22 -0.436332 -0.539465 0.103132 10.3173 4.40596e-06 0.247254 -0.00214267 -0.539465 -0.00560335 1.55467 0.000367625
46.221 -0.436332 -0.539465 0.103133 10.3173 4.39432e-06 0.247254 -0.00214268 -0.539465 -0.00560336 1.55467 0.000367625
46.222 -0.436332 -0.539466 0.103133 10.3174 4.38266e-06 0.247255 -0.00214269 -0.539466 -0.00560337 1.55467 0.000367625
46.223 -0.436332 -0.539466 0.103134 10.3175 4.37097e-06 0.247256 -0.0021427 -0.539466 -0.00560338 1.55467 0.000367625
46.224 -0.436332 -0.539466 0.103134 10.3176 4.35927e-06 0.247257 -0.00214271 -0.539466 -0.00560339 1.55467 0.000367624
46.225 -0.436332 -0.539467 0.103135 10.3176 4.34755e-06 0.247258 -0.00214273 -0.539467 -0.0056034 1.55467 0.000367624
46.226 -0.436332 -0.539467 0.103135 10.3177 4.33582e-06 0.247259 -0.00214274 -0.539467 -0.00560341 1.55467 0.000367624
46.227 -0.436332 -0.539468 0.103135 10.3178 4.32406e-06 0.24726 -0.00214275 -0.539468 -0.00560343 1.55467 0.000367624
46.228 -0.436332 -0.539468 0.103136 10.3179 4.31228e-06 0.24726 -0.00214276 -0.539468 -0.00560344 1.55467 0.000367623
46.229 -0.436332 -0.539469 0.103136 10.3179 4.30049e-06 0.247261 -0.00214277 -0.539469 -0.00560345 1.55467 0.000367623
46.23 -0.436332 -0.539469 0.103137 10.318 4.28867e-06 0.247262 -0.00214278 -0.539469 -0.00560346 1.55467 0.000367623
46.231 -0.436332 -0.539469 0.103137 10.3181 4.27684e-06 0.247263 -0.0021428 -0.539469 -0.00560347 1.55467 0.000367622
46.232 -0.436332 -0.53947 0.103138 10.3182 4.26499e-06 0.247264 -0.00214281 -0.53947 -0.00560348 1.55467 0.000367622
46.233 -0.436332 -0.53947 0.103138 10.3182 4.25313e-06 0.247265 -0.00214282 -0.53947 -0.00560349 1.55467 0.000367622
46.234 -0.436332 -0.539471 0.103138 10.3183 4.24124e-06 0.247266 -0.00214283 -0.539471 -0.00560351 1.55467 0.000367621
46.235 -0.436332 -0.539471 0.103139 10.3184 4.22934e-06 0.247267 -0.00214284 -0.539471 -0.00560352 1.55467 0.000367621
46.236 -0.436332 -0.539472 0.103139 10.3185 4.21742e-06 0.247268 -0.00214286 -0.539472 -0.00560353 1.55467 0.000367621
46.237 -0.436332 -0.539472 0.10314 10.3185 4.20549e-06 0.247269 -0.00214287 -0.539472 -0.00560354 1.55467 0.00036762
46.238 -0.436332 -0.539473 0.10314 10.3186 4.19353e-06 0.24727 -0.00214288 -0.539473 -0.00560355 1.55467 0.00036762
46.239 -0.436332 -0.539473 0.103141 10.3187 4.18156e-06 0.247271 -0.00214289 -0.539473 -0.00560356 1.55467 0.00036762
46.24 -0.436332 -0.539473 0.103141 10.3188 4.16958e-06 0.247272 -0.00214291 -0.539473 -0.00560358 1.55467 0.000367619
46.241 -0.436332 -0.539474 0.103142 10.3188 4.15758e-06 0.247273 -0.00214292 -0.539474 -0.00560359 1.55467 0.000367619
46.242 -0.436332 -0.539474 0.103142 10.3189 4.14556e-06 0.247274 -0.00214293 -0.539474 -0.0056036 1.55467 0.000367619
46.243 -0.436332 -0.539475 0.103143 10.319 4.13352e-06 0.247274 -0.00214294 -0.539475 -0.00560361 1.55467 0.000367618
46.244 -0.436332 -0.539475 0.103143 10.3191 4.12147e-06 0.247275 -0.00214296 -0.539475 -0.00560363 1.55467 0.000367618
46.245 -0.436332 -0.539476 0.103144 10.3192 4.10941e-06 0.247276 -0.00214297 -0.539476 -0.00560364 1.55467 0.000367617
46.246 -0.436332 -0.539476 0.103144 10.3192 4.09733e-06 0.247277 -0.00214298 -0.539476 -0.00560365 1.55467 0.000367617
46.247 -0.436332 -0.539477 0.103145 10.3193 4.08523e-06 0.247278 -0.002143 -0.539477 -0.00560367 1.55467 0.000367617
46.248 -0.436332 -0.539477 0.103145 10.3194 4.07312e-06 0.247279 -0.00214301 -0.539477 -0.00560368 1.55467 0.000367616
46.249 -0.436332 -0.539478 0.103145 10.3195 4.061e-06 0.247281 -0.00214302 -0.539478 -0.00560369 1.55467 0.000367616
46.25 -0.436332 -0.539478 0.103146 10.3195 4.04886e-06 0.247282 -0.00214304 -0.539478 -0.0056037 1.55467 0.000367615
46.251 -0.436332 -0.539479 0.103146 10.3196 4.0367e-06 0.247283 -0.00214305 -0.539479 -0.00560372 1.55467 0.000367615
46.252 -0.436332 -0.539479 0.103147 10.3197 4.02453e-06 0.247284 -0.00214306 -0.539479 -0.00560373 1.55467 0.000367615
46.253 -0.436332 -0.53948 0.103147 10.3198 4.01235e-06 0.247285 -0.00214308 -0.53948 -0.00560374 1.55467 0.000367614
46.254 -0.436332 -0.53948 0.103148 10.3199 4.00016e-06 0.247286 -0.00214309 -0.53948 -0.00560376 1.55467 0.000367614
46.255 -0.436332 -0.539481 0.103149 10.3199 3.98795e-06 0.247287 -0.00214311 -0.539481 -0.00560377 1.55467 0.000367613
46.256 -0.436332 -0.539481 0.103149 10.32 3.97572e-06 0.247288 -0.00214312 -0.539481 -0.00560379 1.55467 0.000367613
46.257 -0.436332 -0.539482 0.10315 10.3201 3.96348e-06 0.247289 -0.00214313 -0.539482 -0.0056038 1.55467 0.000367612
46.258 -0.436332 -0.539482 0.10315 10.3202 3.95123e-06 0.24729 -0.00214315 -0.539482 -0.00560381 1.55467 0.000367612
46.259 -0.436332 -0.539483 0.103151 10.3203 3.93897e-06 0.247291 -0.00214316 -0.539483 -0.00560383 1.55467 0.000367611
46.26 -0.436332 -0.539483 0.103151 10.3203 3.9267e-06 0.247292 -0.00214318 -0.539483 -0.00560384 1.55467 0.000367611
46.261 -0.436332 -0.539484 0.103152 10.3204 3.91441e-06 0.247293 -0.00214319 -0.539484 -0.00560385 1.55467 0.00036761
46.262 -0.436332 -0.539484 0.103152 10.3205 3.90211e-06 0.247294 -0.00214321 -0.539484 -0.00560387 1.55467 0.00036761
46.263 -0.436332 -0.539485 0.103153 10.3206 3.88979e-06 0.247295 -0.00214322 -0.539485 -0.00560388 1.55467 0.000367609
46.264 -0.436332 -0.539486 0.103153 10.3207 3.87747e-06 0.247297 -0.00214324 -0.539486 -0.0056039 1.55467 0.000367609
46.265 -0.436332 -0.539486 0.103154 10.3207 3.86513e-06 0.247298 -0.00214325 -0.539486 -0.00560391 1.55467 0.000367608
46.266 -0.436332 -0.539487 0.103154 10.3208 3.85278e-06 0.247299 -0.00214326 -0.539487 -0.00560393 1.55467 0.000367608
46.267 -0.436332 -0.539487 0.103155 10.3209 3.84042e-06 0.2473 -0.00214328 -0.539487 -0.00560394 1.55467 0.000367607
46.268 -0.436332 -0.539488 0.103155 10.321 3.82805e-06 0.247301 -0.0021433 -0.539488 -0.00560396 1.55467 0.000367607
46.269 -0.436332 -0.539488 0.103156 10.3211 3.81567e-06 0.247302 -0.00214331 -0.539488 -0.00560397 1.55467 0.000367606
46.27 -0.436332 -0.539489 0.103156 10.3212 3.80327e-06 0.247303 -0.00214333 -0.539489 -0.00560399 1.55467 0.000367606
46.271 -0.436332 -0.539489 0.103157 10.3212 3.79087e-06 0.247304 -0.00214334 -0.539489 -0.005604 1.55467 0.000367605
46.272 -0.436332 -0.53949 0.103158 10.3213 3.77845e-06 0.247306 -0.00214336 -0.53949 -0.00560402 1.55467 0.000367605
46.273 -0.436332 -0.53949 0.103158 10.3214 3.76603e-06 0.247307 -0.00214337 -0.53949 -0.00560403 1.55467 0.000367604
46.274 -0.436332 -0.539491 0.103159 10.3215 3.75359e-06 0.247308 -0.00214339 -0.539491 -0.00560405 1.55467 0.000367604
46.275 -0.436332 -0.539492 0.103159 10.3216 3.74114e-06 0.247309 -0.0021434 -0.539492 -0.00560406 1.55467 0.000367603
46.276 -0.436332 -0.539492 0.10316 10.3216 3.72869e-06 0.24731 -0.00214342 -0.539492 -0.00560408 1.55467 0.000367603
46.277 -0.436332 -0.539493 0.10316 10.3217 3.71622e-06 0.247312 -0.00214343 -0.539493 -0.00560409 1.55467 0.000367602
46.278 -0.436332 -0.539493 0.103161 10.3218 3.70375e-06 0.247313 -0.00214345 -0.539493 -0.00560411 1.55467 0.000367601
46.279 -0.436332 -0.539494 0.103162 10.3219 3.69126e-06 0.247314 -0.00214347 -0.539494 -0.00560412 1.55467 0.000367601
46.28 -0.436332 -0.539494 0.103162 10.322 3.67877e-06 0.247315 -0.00214348 -0.539494 -0.00560414 1.55467 0.0003676
46.281 -0.436332 -0.539495 0.103163 10.3221 3.66626e-06 0.247316 -0.0021435 -0.539495 -0.00560416 1.55467 0.0003676
46.282 -0.436332 -0.539496 0.103163 10.3221 3.65375e-06 0.247318 -0.00214351 -0.539496 -0.00560417 1.55467 0.000367599
46.283 -0.436332 -0.539496 0.103164 10.3222 3.64123e-06 0.247319 -0.00214353 -0.539496 -0.00560419 1.55467 0.000367598
46.284 -0.436332 -0.539497 0.103164 10.3223 3.6287e-06 0.24732 -0.00214355 -0.539497 -0.0056042 1.55467 0.000367598
46.285 -0.436332 -0.539497 0.103165 10.3224 3.61616e-06 0.247321 -0.00214356 -0.539497 -0.00560422 1.55467 0.000367597
46.286 -0.436332 -0.539498 0.103166 10.3225 3.60362e-06 0.247322 -0.00214358 -0.539498 -0.00560424 1.55467 0.000367597
46.287 -0.436332 -0.539499 0.103166 10.3226 3.59106e-06 0.247324 -0.0021436 -0.539499 -0.00560425 1.55467 0.000367596
46.288 -0.436332 -0.539499 0.103167 10.3226 3.5785e-06 0.247325 -0.00214361 -0.539499 -0.00560427 1.55467 0.000367595
46.289 -0.436332 -0.5395 0.103167 10.3227 3.56593e-06 0.247326 -0.00214363 -0.5395 -0.00560428 1.55467 0.000367595
46.29 -0.436332 -0.5395 0.103168 10.3228 3.55335e-06 0.247327 -0.00214365 -0.5395 -0.0056043 1.55467 0.000367594
46.291 -0.436332 -0.539501 0.103169 10.3229 3.54077e-06 0.247329 -0.00214366 -0.539501 -0.00560432 1.55467 0.000367593
46.292 -0.436332 -0.539502 0.103169 10.323 3.52818e-06 0.24733 -0.00214368 -0.539502 -0.00560433 1.55467 0.000367593
46.293 -0.436332 -0.539502 0.10317 10.3231 3.51558e-06 0.247331 -0.0021437 -0.539502 -0.00560435 1.55467 0.000367592
46.294 -0.436332 -0.539503 0.10317 10.3231 3.50297e-06 0.247332 -0.00214372 -0.539503 -0.00560437 1.55467 0.000367591
46.295 -0.436332 -0.539503 0.103171 10.3232 3.49036e-06 0.247334 -0.00214373 -0.539503 -0.00560439 1.55467 0.000367591
46.296 -0.436332 -0.539504 0.103172 10.3233 3.47774e-06 0.247335 -0.00214375 -0.539504 -0.0056044 1.55467 0.00036759
46.297 -0.436332 -0.539505 0.103172 10.3234 3.46511e-06 0.247336 -0.00214377 -0.539505 -0.00560442 1.55467 0.000367589
46.298 -0.436332 -0.539505 0.103173 10.3235 3.45248e-06 0.247338 -0.00214378 -0.539505 -0.00560444 1.55467 0.000367589
46.299 -0.436332 -0.539506 0.103174 10.3236 3.43984e-06 0.247339 -0.0021438 -0.539506 -0.00560445 1.55467 0.000367588
46.3 -0.436332 -0.539506 0.103174 10.3236 3.4272e-06 0.24734 -0.00214382 -0.539506 -0.00560447 1.55467 0.000367587
46.301 -0.436332 -0.539507 0.103175 10.3237 3.41455e-06 0.247342 -0.00214384 -0.539507 -0.00560449 1.55467 0.000367587
46.302 -0.436332 -0.539508 0.103175 10.3238 3.4019e-06 0.247343 -0.00214385 -0.539508 -0.00560451 1.55467 0.000367586
46.303 -0.436332 -0.539508 0.103176 10.3239 3.38924e-06 0.247344 -0.00214387 -0.539508 -0.00560452 1.55467 0.000367585
46.304 -0.436332 -0.539509 0.103177 10.324 3.37657e-06 0.247346 -0.00214389 -0.539509 -0.00560454 1.55467 0.000367585
46.305 -0.436332 -0.53951 0.103177 10.3241 3.3639e-06 0.247347 -0.00214391 -0.53951 -0.00560456 1.55467 0.000367584
46.306 -0.436332 -0.53951 0.103178 10.3242 3.35122e-06 0.247348 -0.00214393 -0.53951 -0.00560458 1.55467 0.000367583
46.307 -0.436332 -0.539511 0.103179 10.3242 3.33854e-06 0.24735 -0.00214394 -0.539511 -0.00560459 1.55467 0.000367582
46.308 -0.436332 -0.539512 0.103179 10.3243 3.32586e-06 0.247351 -0.00214396 -0.539512 -0.00560461 1.55467 0.000367582
46.309 -0.436332 -0.539512 0.10318 10.3244 3.31317e-06 0.247352 -0.00214398 -0.539512 -0.00560463 1.55467 0.000367581
46.31 -0.436332 -0.539513 0.103181 10.3245 3.30048e-06 0.247354 -0.002144 -0.539513 -0.00560465 1.55467 0.00036758
46.311 -0.436332 -0.539513 0.103181 10.3246 3.28778e-06 0.247355 -0.00214402 -0.539513 -0.00560467 1.55467 0.00036758
46.312 -0.436332 -0.539514 0.103182 10.3247 3.27508e-06 0.247356 -0.00214404 -0.539514 -0.00560468 1.55467 0.000367579
46.313 -0.436332 -0.539515 0.103182 10.3248 3.26237e-06 0.247358 -0.00214405 -0.539515 -0.0056047 1.55467 0.000367578
46.314 -0.436332 -0.539515 0.103183 10.3248 3.24966e-06 0.247359 -0.00214407 -0.539515 -0.00560472 1.55467 0.000367577
46.315 -0.436332 -0.539516 0.103184 10.3249 3.23695e-06 0.24736 -0.00214409 -0.539516 -0.00560474 1.55467 0.000367577
46.316 -0.436332 -0.539517 0.103184 10.325 3.22423e-06 0.247362 -0.00214411 -0.539517 -0.00560476 1.55467 0.000367576
46.317 -0.436332 -0.539517 0.103185 10.3251 3.21151e-06 0.247363 -0.00214413 -0.539517 -0.00560477 1.55467 0.000367575
46.318 -0.436332 -0.539518 0.103186 10.3252 3.19879e-06 0.247365 -0.00214415 -0.539518 -0.00560479 1.55467 0.000367574
46.319 -0.436332 -0.539519 0.103186 10.3253 3.18607e-06 0.247366 -0.00214417 -0.539519 -0.00560481 1.55467 0.000367573
46.32 -0.436332 -0.539519 0.103187 10.3254 3.17334e-06 0.247367 -0.00214418 -0.539519 -0.00560483 1.55467 0.000367573
46.321 -0.436332 -0.53952 0.103188 10.3254 3.16061e-06 0.247369 -0.0021442 -0.53952 -0.00560485 1.55467 0.000367572
46.322 -0.436332 -0.539521 0.103188 10.3255 3.14788e-06 0.24737 -0.00214422 -0.539521 -0.00560487 1.55467 0.000367571
46.323 -0.436332 -0.539521 0.103189 10.3256 3.13514e-06 0.247372 -0.00214424 -0.539521 -0.00560489 1.55467 0.00036757
46.324 -0.436332 -0.539522 0.10319 10.3257 3.12241e-06 0.247373 -0.00214426 -0.539522 -0.00560491 1.55467 0.00036757
46.325 -0.436332 -0.539523 0.10319 10.3258 3.10967e-06 0.247374 -0.00214428 -0.539523 -0.00560492 1.55467 0.000367569
46.326 -0.436332 -0.539523 0.103191 10.3259 3.09693e-06 0.247376 -0.0021443 -0.539523 -0.00560494 1.55467 0.000367568
46.327 -0.436332 -0.539524 0.103192 10.326 3.08419e-06 0.247377 -0.00214432 -0.539524 -0.00560496 1.55467 0.000367567
46.328 -0.436332 -0.539525 0.103192 10.3261 3.07144e-06 0.247379 -0.00214434 -0.539525 -0.00560498 1.55467 0.000367566
46.329 -0.436332 -0.539525 0.103193 10.3261 3.0587e-06 0.24738 -0.00214436 -0.539525 -0.005605 1.55467 0.000367566
46.33 -0.436332 -0.539526 0.103194 10.3262 3.04596e-06 0.247381 -0.00214438 -0.539526 -0.00560502 1.55467 0.000367565
46.331 -0.436332 -0.539527 0.103195 10.3263 3.03321e-06 0.247383 -0.0021444 -0.539527 -0.00560504 1.55467 0.000367564
46.332 -0.436332 -0.539528 0.103195 10.3264 3.02046e-06 0.247384 -0.00214442 -0.539528 -0.00560506 1.55467 0.000367563
46.333 -0.436332 -0.539528 0.103196 10.3265 3.00771e-06 0.247386 -0.00214444 -0.539528 -0.00560508 1.55467 0.000367562
46.334 -0.436332 -0.539529 0.103197 10.3266 2.99497e-06 0.247387 -0.00214446 -0.539529 -0.0056051 1.55467 0.000367561
46.335 -0.436332 -0.53953 0.103197 10.3267 2.98222e-06 0.247389 -0.00214447 -0.53953 -0.00560512 1.55467 0.000367561
46.336 -0.436332 -0.53953 0.103198 10.3267 2.96947e-06 0.24739 -0.00214449 -0.53953 -0.00560514 1.55467 0.00036756
46.337 -0.436332 -0.539531 0.103199 10.3268 2.95672e-06 0.247392 -0.00214451 -0.539531 -0.00560516 1.55467 0.000367559
46.338 -0.436332 -0.539532 0.103199 10.3269 2.94397e-06 0.247393 -0.00214453 -0.539532 -0.00560518 1.55467 0.000367558
46.339 -0.436332 -0.539532 0.1032 10.327 2.93122e-06 0.247395 -0.00214455 -0.539532 -0.0056052 1.55467 0.000367557
46.34 -0.436332 -0.539533 0.103201 10.3271 2.91847e-06 0.247396 -0.00214457 -0.539533 -0.00560522 1.55467 0.000367556
46.341 -0.436332 -0.539534 0.103201 10.3272 2.90573e-06 0.247398 -0.00214459 -0.539534 -0.00560524 1.55467 0.000367555
46.342 -0.436332 -0.539534 0.103202 10.3273 2.89298e-06 0.247399 -0.00214461 -0.539534 -0.00560526 1.55467 0.000367555
46.343 -0.436332 -0.539535 0.103203 10.3274 2.88023e-06 0.247401 -0.00214463 -0.539535 -0.00560528 1.55467 0.000367554
46.344 -0.436332 -0.539536 0.103204 10.3274 2.86749e-06 0.247402 -0.00214466 -0.539536 -0.0056053 1.55467 0.000367553
46.345 -0.436332 -0.539537 0.103204 10.3275 2.85474e-06 0.247404 -0.00214468 -0.539537 -0.00560532 1.55467 0.000367552
46.346 -0.436332 -0.539537 0.103205 10.3276 2.842e-06 0.247405 -0.0021447 -0.539537 -0.00560534 1.55467 0.000367551
46.347 -0.436332 -0.539538 0.103206 10.3277 2.82926e-06 0.247407 -0.00214472 -0.539538 -0.00560536 1.55467 0.00036755
46.348 -0.436332 -0.539539 0.103206 10.3278 2.81652e-06 0.247408 -0.00214474 -0.539539 -0.00560538 1.55467 0.000367549
46.349 -0.436332 -0.539539 0.103207 10.3279 2.80378e-06 0.24741 -0.00214476 -0.539539 -0.0056054 1.55467 0.000367548
46.35 -0.436332 -0.53954 0.103208 10.328 2.79105e-06 0.247411 -0.00214478 -0.53954 -0.00560542 1.55467 0.000367547
46.351 -0.436332 -0.539541 0.103209 10.3281 2.77831e-06 0.247413 -0.0021448 -0.539541 -0.00560544 1.55467 0.000367547
46.352 -0.436332 -0.539542 0.103209 10.3281 2.76558e-06 0.247414 -0.00214482 -0.539542 -0.00560546 1.55467 0.000367546
46.353 -0.436332 -0.539542 0.10321 10.3282 2.75285e-06 0.247416 -0.00214484 -0.539542 -0.00560548 1.55467 0.000367545
46.354 -0.436332 -0.539543 0.103211 10.3283 2.74012e-06 0.247417 -0.00214486 -0.539543 -0.0056055 1.55467 0.000367544
46.355 -0.436332 -0.539544 0.103211 10.3284 2.7274e-06 0.247419 -0.00214488 -0.539544 -0.00560552 1.55467 0.000367543
46.356 -0.436332 -0.539545 0.103212 10.3285 2.71468e-06 0.24742 -0.0021449 -0.539545 -0.00560554 1.55467 0.000367542
46.357 -0.436332 -0.539545 0.103213 10.3286 2.70196e-06 0.247422 -0.00214492 -0.539545 -0.00560556 1.55467 0.000367541
46.358 -0.436332 -0.539546 0.103214 10.3287 2.68924e-06 0.247423 -0.00214494 -0.539546 -0.00560558 1.55467 0.00036754
46.359 -0.436332 -0.539547 0.103214 10.3288 2.67653e-06 0.247425 -0.00214497 -0.539547 -0.0056056 1.55467 0.000367539
46.36 -0.436332 -0.539547 0.103215 10.3289 2.66382e-06 0.247426 -0.00214499 -0.539547 -0.00560562 1.55467 0.000367538
46.361 -0.436332 -0.539548 0.103216 10.3289 2.65111e-06 0.247428 -0.00214501 -0.539548 -0.00560564 1.55467 0.000367537
46.362 -0.436332 -0.539549 0.103217 10.329 2.63841e-06 0.247429 -0.00214503 -0.539549 -0.00560567 1.55467 0.000367536
46.363 -0.436332 -0.53955 0.103217 10.3291 2.62571e-06 0.247431 -0.00214505 -0.53955 -0.00560569 1.55467 0.000367535
46.364 -0.436332 -0.53955 0.103218 10.3292 2.61302e-06 0.247433 -0.00214507 -0.53955 -0.00560571 1.55467 0.000367534
46.365 -0.436332 -0.539551 0.103219 10.3293 2.60033e-06 0.247434 -0.00214509 -0.539551 -0.00560573 1.55467 0.000367534
46.366 -0.436332 -0.539552 0.10322 10.3294 2.58764e-06 0.247436 -0.00214511 -0.539552 -0.00560575 1.55467 0.000367533
46.367 -0.436332 -0.539553 0.10322 10.3295 2.57496e-06 0.247437 -0.00214513 -0.539553 -0.00560577 1.55467 0.000367532
46.368 -0.436332 -0.539553 0.103221 10.3296 2.56228e-06 0.247439 -0.00214516 -0.539553 -0.00560579 1.55467 0.000367531
46.369 -0.436332 -0.539554 0.103222 10.3296 2.54961e-06 0.24744 -0.00214518 -0.539554 -0.00560581 1.55467 0.00036753
46.37 -0.436332 -0.539555 0.103223 10.3297 2.53694e-06 0.247442 -0.0021452 -0.539555 -0.00560583 1.55467 0.000367529
46.371 -0.436332 -0.539556 0.103223 10.3298 2.52427e-06 0.247444 -0.00214522 -0.539556 -0.00560586 1.55467 0.000367528
46.372 -0.436332 -0.539556 0.103224 10.3299 2.51161e-06 0.247445 -0.00214524 -0.539556 -0.00560588 1.55467 0.000367527
46.373 -0.436332 -0.539557 0.103225 10.33 2.49896e-06 0.247447 -0.00214526 -0.539557 -0.0056059 1.55467 0.000367526
46.374 -0.436332 -0.539558 0.103226 10.3301 2.48631e-06 0.247448 -0.00214529 -0.539558 -0.00560592 1.55467 0.000367525
46.375 -0.436332 -0.539559 0.103226 10.3302 2.47367e-06 0.24745 -0.00214531 -0.539559 -0.00560594 1.55467 0.000367524
46.376 -0.436332 -0.539559 0.103227 10.3303 2.46103e-06 0.247451 -0.00214533 -0.539559 -0.00560596 1.55467 0.000367523
46.377 -0.436332 -0.53956 0.103228 10.3303 2.4484e-06 0.247453 -0.00214535 -0.53956 -0.00560599 1.55467 0.000367522
46.378 -0.436332 -0.539561 0.103229 10.3304 2.43577e-06 0.247455 -0.00214537 -0.539561 -0.00560601 1.55467 0.000367521
46.379 -0.436332 -0.539562 0.103229 10.3305 2.42315e-06 0.247456 -0.00214539 -0.539562 -0.00560603 1.55466 0.00036752
46.38 -0.436332 -0.539562 0.10323 10.3306 2.41054e-06 0.247458 -0.00214542 -0.539562 -0.00560605 1.55466 0.000367519
46.381 -0.436332 -0.539563 0.103231 10.3307 2.39793e-06 0.247459 -0.00214544 -0.539563 -0.00560607 1.55466 0.000367518
46.382 -0.436332 -0.539564 0.103232 10.3308 2.38533e-06 0.247461 -0.00214546 -0.539564 -0.00560609 1.55466 0.000367517
46.383 -0.436332 -0.539565 0.103232 10.3309 2.37273e-06 0.247463 -0.00214548 -0.539565 -0.00560612 1.55466 0.000367516
46.384 -0.436332 -0.539565 0.103233 10.331 2.36014e-06 0.247464 -0.0021455 -0.539565 -0.00560614 1.55466 0.000367515
46.385 -0.436332 -0.539566 0.103234 10.3311 2.34756e-06 0.247466 -0.00214553 -0.539566 -0.00560616 1.55466 0.000367514
46.386 -0.436332 -0.539567 0.103235 10.3311 2.33498e-06 0.247468 -0.00214555 -0.539567 -0.00560618 1.55466 0.000367513
46.387 -0.436332 -0.539568 0.103235 10.3312 2.32241e-06 0.247469 -0.00214557 -0.539568 -0.0056062 1.55466 0.000367512
46.388 -0.436332 -0.539569 0.103236 10.3313 2.30985e-06 0.247471 -0.00214559 -0.539569 -0.00560623 1.55466 0.000367511
46.389 -0.436332 -0.539569 0.103237 10.3314 2.2973e-06 0.247472 -0.00214562 -0.539569 -0.00560625 1.55466 0.00036751
46.39 -0.436332 -0.53957 0.103238 10.3315 2.28475e-06 0.247474 -0.00214564 -0.53957 -0.00560627 1.55466 0.000367509
46.391 -0.436332 -0.539571 0.103239 10.3316 2.27221e-06 0.247476 -0.00214566 -0.539571 -0.00560629 1.55466 0.000367508
46.392 -0.436332 -0.539572 0.103239 10.3317 2.25968e-06 0.247477 -0.00214568 -0.539572 -0.00560631 1.55466 0.000367507
46.393 -0.436332 -0.539572 0.10324 10.3318 2.24715e-06 0.247479 -0.0021457 -0.539572 -0.00560634 1.55466 0.000367506
46.394 -0.436332 -0.539573 0.103241 10.3318 2.23464e-06 0.247481 -0.00214573 -0.539573 -0.00560636 1.55466 0.000367505
46.395 -0.436332 -0.539574 0.103242 10.3319 2.22213e-06 0.247482 -0.00214575 -0.539574 -0.00560638 1.55466 0.000367503
46.396 -0.436332 -0.539575 0.103242 10.332 2.20963e-06 0.247484 -0.00214577 -0.539575 -0.0056064 1.55466 0.000367502
46.397 -0.436332 -0.539576 0.103243 10.3321 2.19714e-06 0.247485 -0.00214579 -0.539576 -0.00560643 1.55466 0.000367501
46.398 -0.436332 -0.539576 0.103244 10.3322 2.18465e-06 0.247487 -0.00214582 -0.539576 -0.00560645 1.55466 0.0003675
46.399 -0.436332 -0.539577 0.103245 10.3323 2.17218e-06 0.247489 -0.00214584 -0.539577 -0.00560647 1.55466 0.000367499
46.4 -0.436332 -0.539578 0.103246 10.3324 2.15971e-06 0.24749 -0.00214586 -0.539578 -0.00560649 1.55466 0.000367498
46.401 -0.436332 -0.539579 0.103246 10.3325 2.14725e-06 0.247492 -0.00214589 -0.539579 -0.00560652 1.55466 0.000367497
46.402 -0.436332 -0.539579 0.103247 10.3325 2.1348e-06 0.247494 -0.00214591 -0.539579 -0.00560654 1.55466 0.000367496
46.403 -0.436332 -0.53958 0.103248 10.3326 2.12236e-06 0.247495 -0.00214593 -0.53958 -0.00560656 1.55466 0.000367495
46.404 -0.436332 -0.539581 0.103249 10.3327 2.10993e-06 0.247497 -0.00214595 -0.539581 -0.00560658 1.55466 0.000367494
46.405 -0.436332 -0.539582 0.103249 10.3328 2.09751e-06 0.247499 -0.00214598 -0.539582 -0.00560661 1.55466 0.000367493
46.406 -0.436332 -0.539583 0.10325 10.3329 2.08509e-06 0.2475 -0.002146 -0.539583 -0.00560663 1.55466 0.000367492
46.407 -0.436332 -0.539583 0.103251 10.333 2.07269e-06 0.247502 -0.00214602 -0.539583 -0.00560665 1.55466 0.000367491
46.408 -0.436332 -0.539584 0.103252 10.3331 2.0603e-06 0.247504 -0.00214604 -0.539584 -0.00560668 1.55466 0.00036749
46.409 -0.436332 -0.539585 0.103253 10.3332 2.04791e-06 0.247505 -0.00214607 -0.539585 -0.0056067 1.55466 0.000367489
46.41 -0.436332 -0.539586 0.103253 10.3332 2.03554e-06 0.247507 -0.00214609 -0.539586 -0.00560672 1.55466 0.000367487
46.411 -0.436332 -0.539587 0.103254 10.3333 2.02317e-06 0.247509 -0.00214611 -0.539587 -0.00560674 1.55466 0.000367486
46.412 -0.436332 -0.539587 0.103255 10.3334 2.01082e-06 0.24751 -0.00214614 -0.539587 -0.00560677 1.55466 0.000367485
46.413 -0.436332 -0.539588 0.103256 10.3335 1.99847e-06 0.247512 -0.00214616 -0.539588 -0.00560679 1.55466 0.000367484
46.414 -0.436332 -0.539589 0.103257 10.3336 1.98614e-06 0.247514 -0.00214618 -0.539589 -0.00560681 1.55466 0.000367483
46.415 -0.436332 -0.53959 0.103257 10.3337 1.97382e-06 0.247515 -0.00214621 -0.53959 -0.00560684 1.55466 0.000367482
46.416 -0.436332 -0.53959 0.103258 10.3338 1.9615e-06 0.247517 -0.00214623 -0.53959 -0.00560686 1.55466 0.000367481
46.417 -0.436332 -0.539591 0.103259 10.3339 1.9492e-06 0.247519 -0.00214625 -0.539591 -0.00560688 1.55466 0.00036748
46.418 -0.436332 -0.539592 0.10326 10.3339 1.93691e-06 0.24752 -0.00214627 -0.539592 -0.0056069 1.55466 0.000367479
46.419 -0.436332 -0.539593 0.103261 10.334 1.92463e-06 0.247522 -0.0021463 -0.539593 -0.00560693 1.55466 0.000367478
46.42 -0.436332 -0.539594 0.103261 10.3341 1.91236e-06 0.247524 -0.00214632 -0.539594 -0.00560695 1.55466 0.000367476
46.421 -0.436332 -0.539594 0.103262 10.3342 1.9001e-06 0.247526 -0.00214634 -0.539594 -0.00560697 1.55466 0.000367475
46.422 -0.436332 -0.539595 0.103263 10.3343 1.88785e-06 0.247527 -0.00214637 -0.539595 -0.005607 1.55466 0.000367474
46.423 -0.436332 -0.539596 0.103264 10.3344 1.87561e-06 0.247529 -0.00214639 -0.539596 -0.00560702 1.55466 0.000367473
46.424 -0.436332 -0.539597 0.103265 10.3345 1.86339e-06 0.247531 -0.00214641 -0.539597 -0.00560704 1.55466 0.000367472
46.425 -0.436332 -0.539598 0.103265 10.3346 1.85117e-06 0.247532 -0.00214644 -0.539598 -0.00560707 1.55466 0.000367471
46.426 -0.436332 -0.539598 0.103266 10.3346 1.83897e-06 0.247534 -0.00214646 -0.539598 -0.00560709 1.55466 0.00036747
46.427 -0.436332 -0.539599 0.103267 10.3347 1.82678e-06 0.247536 -0.00214648 -0.539599 -0.00560711 1.55466 0.000367469
46.428 -0.436332 -0.5396 0.103268 10.3348 1.8146e-06 0.247537 -0.00214651 -0.5396 -0.00560714 1.55466 0.000367468
46.429 -0.436332 -0.539601 0.103269 10.3349 1.80244e-06 0.247539 -0.00214653 -0.539601 -0.00560716 1.55466 0.000367466
46.43 -0.436332 -0.539602 0.103269 10.335 1.79028e-06 0.247541 -0.00214655 -0.539602 -0.00560718 1.55466 0.000367465
46.431 -0.436332 -0.539603 0.10327 10.3351 1.77814e-06 0.247542 -0.00214658 -0.539603 -0.00560721 1.55466 0.000367464
46.432 -0.436332 -0.539603 0.103271 10.3352 1.76601e-06 0.247544 -0.0021466 -0.539603 -0.00560723 1.55466 0.000367463
46.433 -0.436332 -0.539604 0.103272 10.3353 1.75389e-06 0.247546 -0.00214663 -0.539604 -0.00560725 1.55466 0.000367462
46.434 -0.436332 -0.539605 0.103273 10.3353 1.74179e-06 0.247548 -0.00214665 -0.539605 -0.00560728 1.55466 0.000367461
46.435 -0.436332 -0.539606 0.103273 10.3354 1.7297e-06 0.247549 -0.00214667 -0.539606 -0.0056073 1.55466 0.00036746
46.436 -0.436332 -0.539607 0.103274 10.3355 1.71762e-06 0.247551 -0.0021467 -0.539607 -0.00560732 1.55466 0.000367458
46.437 -0.436332 -0.539607 0.103275 10.3356 1.70555e-06 0.247553 -0.00214672 -0.539607 -0.00560735 1.55466 0.000367457
46.438 -0.436332 -0.539608 0.103276 10.3357 1.6935e-06 0.247554 -0.00214674 -0.539608 -0.00560737 1.55466 0.000367456
46.439 -0.436332 -0.539609 0.103277 10.3358 1.68146e-06 0.247556 -0.00214677 -0.539609 -0.00560739 1.55466 0.000367455
46.44 -0.436332 -0.53961 0.103277 10.3359 1.66943e-06 0.247558 -0.00214679 -0.53961 -0.00560742 1.55466 0.000367454
46.441 -0.436332 -0.539611 0.103278 10.3359 1.65741e-06 0.24756 -0.00214681 -0.539611 -0.00560744 1.55466 0.000367453
46.442 -0.436332 -0.539611 0.103279 10.336 1.64541e-06 0.247561 -0.00214684 -0.539611 -0.00560747 1.55466 0.000367451
46.443 -0.436332 -0.539612 0.10328 10.3361 1.63343e-06 0.247563 -0.00214686 -0.539612 -0.00560749 1.55466 0.00036745
46.444 -0.436332 -0.539613 0.103281 10.3362 1.62145e-06 0.247565 -0.00214688 -0.539613 -0.00560751 1.55466 0.000367449
46.445 -0.436332 -0.539614 0.103282 10.3363 1.60949e-06 0.247566 -0.00214691 -0.539614 -0.00560754 1.55466 0.000367448
46.446 -0.436332 -0.539615 0.103282 10.3364 1.59755e-06 0.247568 -0.00214693 -0.539615 -0.00560756 1.55466 0.000367447
46.447 -0.436332 -0.539615 0.103283 10.3365 1.58561e-06 0.24757 -0.00214696 -0.539615 -0.00560758 1.55466 0.000367446
46.448 -0.436332 -0.539616 0.103284 10.3365 1.57369e-06 0.247572 -0.00214698 -0.539616 -0.00560761 1.55466 0.000367445
46.449 -0.436332 -0.539617 0.103285 10.3366 1.56179e-06 0.247573 -0.002147 -0.539617 -0.00560763 1.55466 0.000367443
46.45 -0.436332 -0.539618 0.103286 10.3367 1.5499e-06 0.247575 -0.00214703 -0.539618 -0.00560766 1.55466 0.000367442
46.451 -0.436332 -0.539619 0.103286 10.3368 1.53802e-06 0.247577 -0.00214705 -0.539619 -0.00560768 1.55466 0.000367441
46.452 -0.436332 -0.53962 0.103287 10.3369 1.52616e-06 0.247579 -0.00214708 -0.53962 -0.0056077 1.55466 0.00036744
46.453 -0.436332 -0.53962 0.103288 10.337 1.51432e-06 0.24758 -0.0021471 -0.53962 -0.00560773 1.55466 0.000367439
46.454 -0.436332 -0.539621 0.103289 10.3371 1.50248e-06 0.247582 -0.00214712 -0.539621 -0.00560775 1.55466 0.000367437
46.455 -0.436332 -0.539622 0.10329 10.3371 1.49067e-06 0.247584 -0.00214715 -0.539622 -0.00560777 1.55466 0.000367436
46.456 -0.436332 -0.539623 0.103291 10.3372 1.47886e-06 0.247585 -0.00214717 -0.539623 -0.0056078 1.55466 0.000367435
46.457 -0.436332 -0.539624 0.103291 10.3373 1.46707e-06 0.247587 -0.00214719 -0.539624 -0.00560782 1.55466 0.000367434
46.458 -0.436332 -0.539624 0.103292 10.3374 1.4553e-06 0.247589 -0.00214722 -0.539624 -0.00560785 1.55466 0.000367433
46.459 -0.436332 -0.539625 0.103293 10.3375 1.44354e-06 0.247591 -0.00214724 -0.539625 -0.00560787 1.55466 0.000367432
46.46 -0.436332 -0.539626 0.103294 10.3376 1.4318e-06 0.247592 -0.00214727 -0.539626 -0.00560789 1.55466 0.00036743
46.461 -0.436332 -0.539627 0.103295 10.3377 1.42007e-06 0.247594 -0.00214729 -0.539627 -0.00560792 1.55466 0.000367429
46.462 -0.436332 -0.539628 0.103295 10.3377 1.40836e-06 0.247596 -0.00214731 -0.539628 -0.00560794 1.55466 0.000367428
46.463 -0.436332 -0.539629 0.103296 10.3378 1.39666e-06 0.247598 -0.00214734 -0.539629 -0.00560797 1.55466 0.000367427
46.464 -0.436332 -0.539629 0.103297 10.3379 1.38498e-06 0.247599 -0.00214736 -0.539629 -0.00560799 1.55466 0.000367426
46.465 -0.436332 -0.53963 0.103298 10.338 1.37332e-06 0.247601 -0.00214739 -0.53963 -0.00560801 1.55466 0.000367424
46.466 -0.436332 -0.539631 0.103299 10.3381 1.36167e-06 0.247603 -0.00214741 -0.539631 -0.00560804 1.55466 0.000367423
46.467 -0.436332 -0.539632 0.1033 10.3382 1.35003e-06 0.247605 -0.00214743 -0.539632 -0.00560806 1.55466 0.000367422
46.468 -0.436332 -0.539633 0.1033 10.3382 1.33842e-06 0.247606 -0.00214746 -0.539633 -0.00560809 1.55466 0.000367421
46.469 -0.436332 -0.539633 0.103301 10.3383 1.32681e-06 0.247608 -0.00214748 -0.539633 -0.00560811 1.55466 0.00036742
46.47 -0.436332 -0.539634 0.103302 10.3384 1.31523e-06 0.24761 -0.00214751 -0.539634 -0.00560813 1.55466 0.000367418
46.471 -0.436332 -0.539635 0.103303 10.3385 1.30366e-06 0.247612 -0.00214753 -0.539635 -0.00560816 1.55466 0.000367417
46.472 -0.436332 -0.539636 0.103304 10.3386 1.29211e-06 0.247613 -0.00214755 -0.539636 -0.00560818 1.55466 0.000367416
46.473 -0.436332 -0.539637 0.103304 10.3387 1.28057e-06 0.247615 -0.00214758 -0.539637 -0.00560821 1.55466 0.000367415
46.474 -0.436332 -0.539638 0.103305 10.3387 1.26905e-06 0.247617 -0.0021476 -0.539638 -0.00560823 1.55466 0.000367414
46.475 -0.436332 -0.539638 0.103306 10.3388 1.25754e-06 0.247619 -0.00214763 -0.539638 -0.00560825 1.55466 0.000367412
46.476 -0.436332 -0.539639 0.103307 10.3389 1.24606e-06 0.24762 -0.00214765 -0.539639 -0.00560828 1.55466 0.000367411
46.477 -0.436332 -0.53964 0.103308 10.339 1.23459e-06 0.247622 -0.00214768 -0.53964 -0.0056083 1.55466 0.00036741
46.478 -0.436332 -0.539641 0.103309 10.3391 1.22313e-06 0.247624 -0.0021477 -0.539641 -0.00560833 1.55466 0.000367409
46.479 -0.436332 -0.539642 0.103309 10.3392 1.2117e-06 0.247625 -0.00214772 -0.539642 -0.00560835 1.55466 0.000367408
46.48 -0.436332 -0.539643 0.10331 10.3392 1.20028e-06 0.247627 -0.00214775 -0.539643 -0.00560838 1.55466 0.000367406
46.481 -0.436332 -0.539643 0.103311 10.3393 1.18888e-06 0.247629 -0.00214777 -0.539643 -0.0056084 1.55466 0.000367405
46.482 -0.436332 -0.539644 0.103312 10.3394 1.17749e-06 0.247631 -0.0021478 -0.539644 -0.00560842 1.55466 0.000367404
46.483 -0.436332 -0.539645 0.103313 10.3395 1.16612e-06 0.247632 -0.00214782 -0.539645 -0.00560845 1.55466 0.000367403
46.484 -0.436332 -0.539646 0.103313 10.3396 1.15477e-06 0.247634 -0.00214784 -0.539646 -0.00560847 1.55466 0.000367401
46.485 -0.436332 -0.539647 0.103314 10.3397 1.14344e-06 0.247636 -0.00214787 -0.539647 -0.0056085 1.55466 0.0003674
46.486 -0.436332 -0.539647 0.103315 10.3397 1.13212e-06 0.247638 -0.00214789 -0.539647 -0.00560852 1.55466 0.000367399
46.487 -0.436332 -0.539648 0.103316 10.3398 1.12083e-06 0.247639 -0.00214792 -0.539648 -0.00560854 1.55466 0.000367398
46.488 -0.436332 -0.539649 0.103317 10.3399 1.10955e-06 0.247641 -0.00214794 -0.539649 -0.00560857 1.55466 0.000367397
46.489 -0.436332 -0.53965 0.103318 10.34 1.09828e-06 0.247643 -0.00214796 -0.53965 -0.00560859 1.55466 0.000367395
46.49 -0.436332 -0.539651 0.103318 10.3401 1.08704e-06 0.247645 -0.00214799 -0.539651 -0.00560862 1.55466 0.000367394
46.491 -0.436332 -0.539652 0.103319 10.3402 1.07581e-06 0.247646 -0.00214801 -0.539652 -0.00560864 1.55466 0.000367393
46.492 -0.436332 -0.539652 0.10332 10.3402 1.0646e-06 0.247648 -0.00214804 -0.539652 -0.00560867 1.55466 0.000367392
46.493 -0.436332 -0.539653 0.103321 10.3403 1.05341e-06 0.24765 -0.00214806 -0.539653 -0.00560869 1.55466 0.00036739
46.494 -0.436332 -0.539654 0.103322 10.3404 1.04224e-06 0.247652 -0.00214809 -0.539654 -0.00560871 1.55466 0.000367389
46.495 -0.436332 -0.539655 0.103323 10.3405 1.03109e-06 0.247653 -0.00214811 -0.539655 -0.00560874 1.55466 0.000367388
46.496 -0.436332 -0.539656 0.103323 10.3406 1.01995e-06 0.247655 -0.00214813 -0.539656 -0.00560876 1.55466 0.000367387
46.497 -0.436332 -0.539657 0.103324 10.3406 1.00883e-06 0.247657 -0.00214816 -0.539657 -0.00560879 1.55466 0.000367386
46.498 -0.436332 -0.539657 0.103325 10.3407 9.97737e-07 0.247659 -0.00214818 -0.539657 -0.00560881 1.55466 0.000367384
46.499 -0.436332 -0.539658 0.103326 10.3408 9.86657e-07 0.24766 -0.00214821 -0.539658 -0.00560884 1.55466 0.000367383
46.5 -0.436332 -0.539659 0.103327 10.3409 9.75596e-07 0.247662 -0.00214823 -0.539659 -0.00560886 1.55466 0.000367382
46.501 -0.436332 -0.53966 0.103327 10.341 9.64553e-07 0.247664 -0.00214826 -0.53966 -0.00560888 1.55466 0.000367381
46.502 -0.436332 -0.539661 0.103328 10.3411 9.5353e-07 0.247666 -0.00214828 -0.539661 -0.00560891 1.55466 0.000367379
46.503 -0.436332 -0.539661 0.103329 10.3411 9.42525e-07 0.247667 -0.0021483 -0.539661 -0.00560893 1.55466 0.000367378
46.504 -0.436332 -0.539662 0.10333 10.3412 9.3154e-07 0.247669 -0.00214833 -0.539662 -0.00560896 1.55466 0.000367377
46.505 -0.436332 -0.539663 0.103331 10.3413 9.20573e-07 0.247671 -0.00214835 -0.539663 -0.00560898 1.55466 0.000367376
46.506 -0.436332 -0.539664 0.103332 10.3414 9.09626e-07 0.247673 -0.00214838 -0.539664 -0.005609 1.55466 0.000367374
46.507 -0.436332 -0.539665 0.103332 10.3415 8.98698e-07 0.247674 -0.0021484 -0.539665 -0.00560903 1.55466 0.000367373
46.508 -0.436332 -0.539666 0.103333 10.3415 8.87789e-07 0.247676 -0.00214842 -0.539666 -0.00560905 1.55466 0.000367372
46.509 -0.436332 -0.539666 0.103334 10.3416 8.769e-07 0.247678 -0.00214845 -0.539666 -0.00560908 1.55466 0.000367371
46.51 -0.436332 -0.539667 0.103335 10.3417 8.6603e-07 0.24768 -0.00214847 -0.539667 -0.0056091 1.55466 0.000367369
46.511 -0.436332 -0.539668 0.103336 10.3418 8.5518e-07 0.247681 -0.0021485 -0.539668 -0.00560913 1.55466 0.000367368
46.512 -0.436332 -0.539669 0.103337 10.3419 8.44349e-07 0.247683 -0.00214852 -0.539669 -0.00560915 1.55466 0.000367367
46.513 -0.436332 -0.53967 0.103337 10.3419 8.33538e-07 0.247685 -0.00214855 -0.53967 -0.00560917 1.55466 0.000367366
46.514 -0.436332 -0.53967 0.103338 10.342 8.22747e-07 0.247687 -0.00214857 -0.53967 -0.0056092 1.55466 0.000367364
46.515 -0.436332 -0.539671 0.103339 10.3421 8.11975e-07 0.247688 -0.00214859 -0.539671 -0.00560922 1.55466 0.000367363
46.516 -0.436332 -0.539672 0.10334 10.3422 8.01224e-07 0.24769 -0.00214862 -0.539672 -0.00560925 1.55466 0.000367362
46.517 -0.436332 -0.539673 0.103341 10.3423 7.90492e-07 0.247692 -0.00214864 -0.539673 -0.00560927 1.55466 0.000367361
46.518 -0.436332 -0.539674 0.103341 10.3423 7.79781e-07 0.247694 -0.00214867 -0.539674 -0.0056093 1.55466 0.000367359
46.519 -0.436332 -0.539675 0.103342 10.3424 7.69089e-07 0.247695 -0.00214869 -0.539675 -0.00560932 1.55466 0.000367358
46.52 -0.436332 -0.539675 0.103343 10.3425 7.58418e-07 0.247697 -0.00214871 -0.539675 -0.00560934 1.55466 0.000367357
46.521 -0.436332 -0.539676 0.103344 10.3426 7.47767e-07 0.247699 -0.00214874 -0.539676 -0.00560937 1.55466 0.000367356
46.522 -0.436332 -0.539677 0.103345 10.3427 7.37137e-07 0.2477 -0.00214876 -0.539677 -0.00560939 1.55466 0.000367354
46.523 -0.436332 -0.539678 0.103346 10.3427 7.26527e-07 0.247702 -0.00214879 -0.539678 -0.00560942 1.55466 0.000367353
46.524 -0.436332 -0.539679 0.103346 10.3428 7.15937e-07 0.247704 -0.00214881 -0.539679 -0.00560944 1.55466 0.000367352
46.525 -0.436332 -0.539679 0.103347 10.3429 7.05368e-07 0.247706 -0.00214883 -0.539679 -0.00560946 1.55466 0.000367351
46.526 -0.436332 -0.53968 0.103348 10.343 6.94819e-07 0.247707 -0.00214886 -0.53968 -0.00560949 1.55466 0.000367349
46.527 -0.436332 -0.539681 0.103349 10.343 6.84291e-07 0.247709 -0.00214888 -0.539681 -0.00560951 1.55466 0.000367348
46.528 -0.436332 -0.539682 0.10335 10.3431 6.73784e-07 0.247711 -0.00214891 -0.539682 -0.00560954 1.55466 0.000367347
46.529 -0.436332 -0.539683 0.10335 10.3432 6.63298e-07 0.247713 -0.00214893 -0.539683 -0.00560956 1.55466 0.000367346
46.53 -0.436332 -0.539684 0.103351 10.3433 6.52832e-07 0.247714 -0.00214896 -0.539684 -0.00560959 1.55466 0.000367344
46.531 -0.436332 -0.539684 0.103352 10.3434 6.42388e-07 0.247716 -0.00214898 -0.539684 -0.00560961 1.55466 0.000367343
46.532 -0.436332 -0.539685 0.103353 10.3434 6.31964e-07 0.247718 -0.002149 -0.539685 -0.00560963 1.55466 0.000367342
46.533 -0.436332 -0.539686 0.103354 10.3435 6.21562e-07 0.24772 -0.00214903 -0.539686 -0.00560966 1.55466 0.000367341
46.534 -0.436332 -0.539687 0.103355 10.3436 6.1118e-07 0.247721 -0.00214905 -0.539687 -0.00560968 1.55466 0.000367339
46.535 -0.436332 -0.539688 0.103355 10.3437 6.0082e-07 0.247723 -0.00214908 -0.539688 -0.00560971 1.55466 0.000367338
46.536 -0.436332 -0.539688 0.103356 10.3437 5.90481e-07 0.247725 -0.0021491 -0.539688 -0.00560973 1.55466 0.000367337
46.537 -0.436332 -0.539689 0.103357 10.3438 5.80164e-07 0.247726 -0.00214912 -0.539689 -0.00560975 1.55466 0.000367336
46.538 -0.436332 -0.53969 0.103358 10.3439 5.69867e-07 0.247728 -0.00214915 -0.53969 -0.00560978 1.55466 0.000367334
46.539 -0.436332 -0.539691 0.103359 10.344 5.59593e-07 0.24773 -0.00214917 -0.539691 -0.0056098 1.55466 0.000367333
46.54 -0.436332 -0.539692 0.103359 10.3441 5.49339e-07 0.247732 -0.0021492 -0.539692 -0.00560983 1.55466 0.000367332
46.541 -0.436332 -0.539693 0.10336 10.3441 5.39108e-07 0.247733 -0.00214922 -0.539693 -0.00560985 1.55466 0.000367331
46.542 -0.436332 -0.539693 0.103361 10.3442 5.28898e-07 0.247735 -0.00214924 -0.539693 -0.00560987 1.55466 0.000367329
46.543 -0.436332 -0.539694 0.103362 10.3443 5.1871e-07 0.247737 -0.00214927 -0.539694 -0.0056099 1.55466 0.000367328
46.544 -0.436332 -0.539695 0.103363 10.3444 5.08543e-07 0.247739 -0.00214929 -0.539695 -0.00560992 1.55466 0.000367327
46.545 -0.436332 -0.539696 0.103363 10.3444 4.98398e-07 0.24774 -0.00214932 -0.539696 -0.00560995 1.55466 0.000367326
46.546 -0.436332 -0.539697 0.103364 10.3445 4.88275e-07 0.247742 -0.00214934 -0.539697 -0.00560997 1.55466 0.000367324
46.547 -0.436332 -0.539697 0.103365 10.3446 4.78174e-07 0.247744 -0.00214936 -0.539697 -0.00561 1.55466 0.000367323
46.548 -0.436332 -0.539698 0.103366 10.3447 4.68096e-07 0.247745 -0.00214939 -0.539698 -0.00561002 1.55465 0.000367322
46.549 -0.436332 -0.539699 0.103367 10.3447 4.58039e-07 0.247747 -0.00214941 -0.539699 -0.00561004 1.55465 0.000367321
46.55 -0.436332 -0.5397 0.103367 10.3448 4.48004e-07 0.247749 -0.00214943 -0.5397 -0.00561007 1.55465 0.000367319
46.551 -0.436332 -0.539701 0.103368 10.3449 4.37991e-07 0.247751 -0.00214946 -0.539701 -0.00561009 1.55465 0.000367318
46.552 -0.436332 -0.539701 0.103369 10.345 4.28001e-07 0.247752 -0.00214948 -0.539701 -0.00561011 1.55465 0.000367317
46.553 -0.436332 -0.539702 0.10337 10.345 4.18033e-07 0.247754 -0.00214951 -0.539702 -0.00561014 1.55465 0.000367315
46.554 -0.436332 -0.539703 0.103371 10.3451 4.08087e-07 0.247756 -0.00214953 -0.539703 -0.00561016 1.55465 0.000367314
46.555 -0.436332 -0.539704 0.103372 10.3452 3.98164e-07 0.247757 -0.00214955 -0.539704 -0.00561019 1.55465 0.000367313
46.556 -0.436332 -0.539705 0.103372 10.3453 3.88263e-07 0.247759 -0.00214958 -0.539705 -0.00561021 1.55465 0.000367312
46.557 -0.436332 -0.539705 0.103373 10.3453 3.78384e-07 0.247761 -0.0021496 -0.539705 -0.00561023 1.55465 0.00036731
46.558 -0.436332 -0.539706 0.103374 10.3454 3.68528e-07 0.247762 -0.00214963 -0.539706 -0.00561026 1.55465 0.000367309
46.559 -0.436332 -0.539707 0.103375 10.3455 3.58695e-07 0.247764 -0.00214965 -0.539707 -0.00561028 1.55465 0.000367308
46.56 -0.436332 -0.539708 0.103376 10.3456 3.48884e-07 0.247766 -0.00214967 -0.539708 -0.00561031 1.55465 0.000367307
46.561 -0.436332 -0.539709 0.103376 10.3456 3.39097e-07 0.247768 -0.0021497 -0.539709 -0.00561033 1.55465 0.000367305
46.562 -0.436332 -0.539709 0.103377 10.3457 3.29331e-07 0.247769 -0.00214972 -0.539709 -0.00561035 1.55465 0.000367304
46.563 -0.436332 -0.53971 0.103378 10.3458 3.19589e-07 0.247771 -0.00214974 -0.53971 -0.00561038 1.55465 0.000367303
46.564 -0.436332 -0.539711 0.103379 10.3459 3.0987e-07 0.247773 -0.00214977 -0.539711 -0.0056104 1.55465 0.000367302
46.565 -0.436332 -0.539712 0.10338 10.3459 3.00173e-07 0.247774 -0.00214979 -0.539712 -0.00561042 1.55465 0.0003673
46.566 -0.436332 -0.539713 0.10338 10.346 2.905e-07 0.247776 -0.00214981 -0.539713 -0.00561045 1.55465 0.000367299
46.567 -0.436332 -0.539713 0.103381 10.3461 2.80849e-07 0.247778 -0.00214984 -0.539713 -0.00561047 1.55465 0.000367298
46.568 -0.436332 -0.539714 0.103382 10.3461 2.71222e-07 0.247779 -0.00214986 -0.539714 -0.0056105 1.55465 0.000367297
46.569 -0.436332 -0.539715 0.103383 10.3462 2.61617e-07 0.247781 -0.00214989 -0.539715 -0.00561052 1.55465 0.000367295
46.57 -0.436332 -0.539716 0.103383 10.3463 2.52036e-07 0.247783 -0.00214991 -0.539716 -0.00561054 1.55465 0.000367294
46.571 -0.436332 -0.539717 0.103384 10.3464 2.42478e-07 0.247785 -0.00214993 -0.539717 -0.00561057 1.55465 0.000367293
46.572 -0.436332 -0.539717 0.103385 10.3464 2.32944e-07 0.247786 -0.00214996 -0.539717 -0.00561059 1.55465 0.000367292
46.573 -0.436332 -0.539718 0.103386 10.3465 2.23433e-07 0.247788 -0.00214998 -0.539718 -0.00561061 1.55465 0.00036729
46.574 -0.436332 -0.539719 0.103387 10.3466 2.13945e-07 0.24779 -0.00215 -0.539719 -0.00561064 1.55465 0.000367289
46.575 -0.436332 -0.53972 0.103387 10.3467 2.0448e-07 0.247791 -0.00215003 -0.53972 -0.00561066 1.55465 0.000367288
46.576 -0.436332 -0.539721 0.103388 10.3467 1.95039e-07 0.247793 -0.00215005 -0.539721 -0.00561069 1.55465 0.000367287
46.577 -0.436332 -0.539721 0.103389 10.3468 1.85622e-07 0.247795 -0.00215007 -0.539721 -0.00561071 1.55465 0.000367285
46.578 -0.436332 -0.539722 0.10339 10.3469 1.76228e-07 0.247796 -0.0021501 -0.539722 -0.00561073 1.55465 0.000367284
46.579 -0.436332 -0.539723 0.103391 10.3469 1.66857e-07 0.247798 -0.00215012 -0.539723 -0.00561076 1.55465 0.000367283
46.58 -0.436332 -0.539724 0.103391 10.347 1.57511e-07 0.2478 -0.00215014 -0.539724 -0.00561078 1.55465 0.000367282
46.581 -0.436332 -0.539724 0.103392 10.3471 1.48188e-07 0.247801 -0.00215017 -0.539724 -0.0056108 1.55465 0.00036728
46.582 -0.436332 -0.539725 0.103393 10.3472 1.38888e-07 0.247803 -0.00215019 -0.539725 -0.00561083 1.55465 0.000367279
46.583 -0.436332 -0.539726 0.103394 10.3472 1.29613e-07 0.247805 -0.00215021 -0.539726 -0.00561085 1.55465 0.000367278
46.584 -0.436332 -0.539727 0.103395 10.3473 1.20361e-07 0.247806 -0.00215024 -0.539727 -0.00561087 1.55465 0.000367277
46.585 -0.436332 -0.539728 0.103395 10.3474 1.11133e-07 0.247808 -0.00215026 -0.539728 -0.0056109 1.55465 0.000367275
46.586 -0.436332 -0.539728 0.103396 10.3474 1.01929e-07 0.24781 -0.00215028 -0.539728 -0.00561092 1.55465 0.000367274
46.587 -0.436332 -0.539729 0.103397 10.3475 9.27495e-08 0.247811 -0.00215031 -0.539729 -0.00561094 1.55465 0.000367273
46.588 -0.436332 -0.53973 0.103398 10.3476 8.35936e-08 0.247813 -0.00215033 -0.53973 -0.00561097 1.55465 0.000367272
46.589 -0.436332 -0.539731 0.103398 10.3476 7.44617e-08 0.247815 -0.00215035 -0.539731 -0.00561099 1.55465 0.00036727
46.59 -0.436332 -0.539732 0.103399 10.3477 6.53539e-08 0.247816 -0.00215038 -0.539732 -0.00561101 1.55465 0.000367269
46.591 -0.436332 -0.539732 0.1034 10.3478 5.62703e-08 0.247818 -0.0021504 -0.539732 -0.00561104 1.55465 0.000367268
46.592 -0.436332 -0.539733 0.103401 10.3479 4.72108e-08 0.24782 -0.00215042 -0.539733 -0.00561106 1.55465 0.000367267
46.593 -0.436332 -0.539734 0.103402 10.3479 3.81754e-08 0.247821 -0.00215045 -0.539734 -0.00561108 1.55465 0.000367265
46.594 -0.436332 -0.539735 0.103402 10.348 2.91644e-08 0.247823 -0.00215047 -0.539735 -0.00561111 1.55465 0.000367264
46.595 -0.436332 -0.539735 0.103403 10.3481 2.01776e-08 0.247825 -0.00215049 -0.539735 -0.00561113 1.55465 0.000367263
46.596 -0.436332 -0.539736 0.103404 10.3481 1.12151e-08 0.247826 -0.00215051 -0.539736 -0.00561115 1.55465 0.000367262
46.597 -0.436332 -0.539737 0.103405 10.3482 2.27704e-09 0.247828 -0.00215054 -0.539737 -0.00561118 1.55465 0.00036726
46.598 -0.436332 -0.539738 0.103405 10.3483 -6.63665e-09 0.24783 -0.00215056 -0.539738 -0.0056112 1.55465 0.000367259
46.599 -0.436332 -0.539739 0.103406 10.3483 -1.55259e-08 0.247831 -0.00215058 -0.539739 -0.00561122 1.55465 0.000367258
46.6 -0.436332 -0.539739 0.103407 10.3484 -2.43907e-08 0.247833 -0.00215061 -0.539739 -0.00561124 1.55465 0.000367257
46.601 -0.436332 -0.53974 0.103408 10.3485 -3.3231e-08 0.247834 -0.00215063 -0.53974 -0.00561127 1.55465 0.000367255
46.602 -0.436332 -0.539741 0.103408 10.3485 -4.20467e-08 0.247836 -0.00215065 -0.539741 -0.00561129 1.55465 0.000367254
46.603 -0.436332 -0.539742 0.103409 10.3486 -5.08378e-08 0.247838 -0.00215067 -0.539742 -0.00561131 1.55465 0.000367253
46.604 -0.436332 -0.539742 0.10341 10.3487 -5.96044e-08 0.247839 -0.0021507 -0.539742 -0.00561134 1.55465 0.000367252
46.605 -0.436332 -0.539743 0.103411 10.3487 -6.83462e-08 0.247841 -0.00215072 -0.539743 -0.00561136 1.55465 0.00036725
46.606 -0.436332 -0.539744 0.103412 10.3488 -7.70634e-08 0.247843 -0.00215074 -0.539744 -0.00561138 1.55465 0.000367249
46.607 -0.436332 -0.539745 0.103412 10.3489 -8.57558e-08 0.247844 -0.00215077 -0.539745 -0.00561141 1.55465 0.000367248
46.608 -0.436332 -0.539745 0.103413 10.3489 -9.44235e-08 0.247846 -0.00215079 -0.539745 -0.00561143 1.55465 0.000367247
46.609 -0.436332 -0.539746 0.103414 10.349 -1.03066e-07 0.247848 -0.00215081 -0.539746 -0.00561145 1.55465 0.000367245
46.61 -0.436332 -0.539747 0.103415 10.3491 -1.11684e-07 0.247849 -0.00215083 -0.539747 -0.00561147 1.55465 0.000367244
46.611 -0.436332 -0.539748 0.103415 10.3491 -1.20278e-07 0.247851 -0.00215086 -0.539748 -0.0056115 1.55465 0.000367243
46.612 -0.436332 -0.539748 0.103416 10.3492 -1.28846e-07 0.247852 -0.00215088 -0.539748 -0.00561152 1.55465 0.000367242
46.613 -0.436332 -0.539749 0.103417 10.3493 -1.37389e-07 0.247854 -0.0021509 -0.539749 -0.00561154 1.55465 0.00036724
46.614 -0.436332 -0.53975 0.103418 10.3493 -1.45908e-07 0.247856 -0.00215092 -0.53975 -0.00561157 1.55465 0.000367239
46.615 -0.436332 -0.539751 0.103418 10.3494 -1.54401e-07 0.247857 -0.00215095 -0.539751 -0.00561159 1.55465 0.000367238
46.616 -0.436332 -0.539751 0.103419 10.3495 -1.6287e-07 0.247859 -0.00215097 -0.539751 -0.00561161 1.55465 0.000367237
46.617 -0.436332 -0.539752 0.10342 10.3495 -1.71313e-07 0.24786 -0.00215099 -0.539752 -0.00561163 1.55465 0.000367235
46.618 -0.436332 -0.539753 0.103421 10.3496 -1.79731e-07 0.247862 -0.00215101 -0.539753 -0.00561166 1.55465 0.000367234
46.619 -0.436332 -0.539754 0.103421 10.3497 -1.88124e-07 0.247864 -0.00215104 -0.539754 -0.00561168 1.55465 0.000367233
46.62 -0.436332 -0.539754 0.103422 10.3497 -1.96492e-07 0.247865 -0.00215106 -0.539754 -0.0056117 1.55465 0.000367232
46.621 -0.436332 -0.539755 0.103423 10.3498 -2.04835e-07 0.247867 -0.00215108 -0.539755 -0.00561172 1.55465 0.000367231
46.622 -0.436332 -0.539756 0.103424 10.3499 -2.13153e-07 0.247868 -0.0021511 -0.539756 -0.00561175 1.55465 0.000367229
46.623 -0.436332 -0.539757 0.103424 10.3499 -2.21445e-07 0.24787 -0.00215113 -0.539757 -0.00561177 1.55465 0.000367228
46.624 -0.436332 -0.539757 0.103425 10.35 -2.29712e-07 0.247872 -0.00215115 -0.539757 -0.00561179 1.55465 0.000367227
46.625 -0.436332 -0.539758 0.103426 10.35 -2.37954e-07 0.247873 -0.00215117 -0.539758 -0.00561181 1.55465 0.000367226
46.626 -0.436332 -0.539759 0.103427 10.3501 -2.46171e-07 0.247875 -0.00215119 -0.539759 -0.00561184 1.55465 0.000367224
46.627 -0.436332 -0.53976 0.103427 10.3502 -2.54362e-07 0.247876 -0.00215122 -0.53976 -0.00561186 1.55465 0.000367223
46.628 -0.436332 -0.53976 0.103428 10.3502 -2.62528e-07 0.247878 -0.00215124 -0.53976 -0.00561188 1.55465 0.000367222
46.629 -0.436332 -0.539761 0.103429 10.3503 -2.70668e-07 0.24788 -0.00215126 -0.539761 -0.0056119 1.55465 0.000367221
46.63 -0.436332 -0.539762 0.10343 10.3504 -2.78783e-07 0.247881 -0.00215128 -0.539762 -0.00561193 1.55465 0.00036722
46.631 -0.436332 -0.539763 0.10343 10.3504 -2.86873e-07 0.247883 -0.0021513 -0.539763 -0.00561195 1.55465 0.000367218
46.632 -0.436332 -0.539763 0.103431 10.3505 -2.94937e-07 0.247884 -0.00215133 -0.539763 -0.00561197 1.55465 0.000367217
46.633 -0.436332 -0.539764 0.103432 10.3506 -3.02976e-07 0.247886 -0.00215135 -0.539764 -0.00561199 1.55465 0.000367216
46.634 -0.436332 -0.539765 0.103433 10.3506 -3.10989e-07 0.247887 -0.00215137 -0.539765 -0.00561201 1.55465 0.000367215
46.635 -0.436332 -0.539766 0.103433 10.3507 -3.18976e-07 0.247889 -0.00215139 -0.539766 -0.00561204 1.55465 0.000367213
46.636 -0.436332 -0.539766 0.103434 10.3507 -3.26938e-07 0.247891 -0.00215141 -0.539766 -0.00561206 1.55465 0.000367212
46.637 -0.436332 -0.539767 0.103435 10.3508 -3.34875e-07 0.247892 -0.00215144 -0.539767 -0.00561208 1.55465 0.000367211
46.638 -0.436332 -0.539768 0.103436 10.3509 -3.42785e-07 0.247894 -0.00215146 -0.539768 -0.0056121 1.55465 0.00036721
46.639 -0.436332 -0.539769 0.103436 10.3509 -3.5067e-07 0.247895 -0.00215148 -0.539769 -0.00561212 1.55465 0.000367209
46.64 -0.436332 -0.539769 0.103437 10.351 -3.5853e-07 0.247897 -0.0021515 -0.539769 -0.00561215 1.55465 0.000367207
46.641 -0.436332 -0.53977 0.103438 10.3511 -3.66364e-07 0.247898 -0.00215152 -0.53977 -0.00561217 1.55465 0.000367206
46.642 -0.436332 -0.539771 0.103438 10.3511 -3.74172e-07 0.2479 -0.00215154 -0.539771 -0.00561219 1.55465 0.000367205
46.643 -0.436332 -0.539771 0.103439 10.3512 -3.81954e-07 0.247901 -0.00215157 -0.539771 -0.00561221 1.55465 0.000367204
46.644 -0.436332 -0.539772 0.10344 10.3512 -3.89711e-07 0.247903 -0.00215159 -0.539772 -0.00561223 1.55465 0.000367203
46.645 -0.436332 -0.539773 0.103441 10.3513 -3.97442e-07 0.247905 -0.00215161 -0.539773 -0.00561226 1.55465 0.000367201
46.646 -0.436332 -0.539774 0.103441 10.3514 -4.05147e-07 0.247906 -0.00215163 -0.539774 -0.00561228 1.55465 0.0003672
46.647 -0.436332 -0.539774 0.103442 10.3514 -4.12826e-07 0.247908 -0.00215165 -0.539774 -0.0056123 1.55465 0.000367199
46.648 -0.436332 -0.539775 0.103443 10.3515 -4.20479e-07 0.247909 -0.00215167 -0.539775 -0.00561232 1.55465 0.000367198
46.649 -0.436332 -0.539776 0.103443 10.3515 -4.28107e-07 0.247911 -0.0021517 -0.539776 -0.00561234 1.55465 0.000367197
46.65 -0.436332 -0.539777 0.103444 10.3516 -4.35708e-07 0.247912 -0.00215172 -0.539777 -0.00561236 1.55465 0.000367195
46.651 -0.436332 -0.539777 0.103445 10.3517 -4.43284e-07 0.247914 -0.00215174 -0.539777 -0.00561239 1.55465 0.000367194
46.652 -0.436332 -0.539778 0.103446 10.3517 -4.50834e-07 0.247915 -0.00215176 -0.539778 -0.00561241 1.55465 0.000367193
46.653 -0.436332 -0.539779 0.103446 10.3518 -4.58358e-07 0.247917 -0.00215178 -0.539779 -0.00561243 1.55465 0.000367192
46.654 -0.436332 -0.539779 0.103447 10.3518 -4.65856e-07 0.247918 -0.0021518 -0.539779 -0.00561245 1.55465 0.000367191
46.655 -0.436332 -0.53978 0.103448 10.3519 -4.73328e-07 0.24792 -0.00215182 -0.53978 -0.00561247 1.55465 0.000367189
46.656 -0.436332 -0.539781 0.103448 10.352 -4.80774e-07 0.247921 -0.00215185 -0.539781 -0.00561249 1.55465 0.000367188
46.657 -0.436332 -0.539781 0.103449 10.352 -4.88195e-07 0.247923 -0.00215187 -0.539781 -0.00561252 1.55465 0.000367187
46.658 -0.436332 -0.539782 0.10345 10.3521 -4.95589e-07 0.247924 -0.00215189 -0.539782 -0.00561254 1.55465 0.000367186
46.659 -0.436332 -0.539783 0.103451 10.3521 -5.02957e-07 0.247926 -0.00215191 -0.539783 -0.00561256 1.55465 0.000367185
46.66 -0.436332 -0.539784 0.103451 10.3522 -5.10299e-07 0.247927 -0.00215193 -0.539784 -0.00561258 1.55465 0.000367183
46.661 -0.436332 -0.539784 0.103452 10.3522 -5.17615e-07 0.247929 -0.00215195 -0.539784 -0.0056126 1.55465 0.000367182
46.662 -0.436332 -0.539785 0.103453 10.3523 -5.24905e-07 0.24793 -0.00215197 -0.539785 -0.00561262 1.55465 0.000367181
46.663 -0.436332 -0.539786 0.103453 10.3524 -5.32169e-07 0.247932 -0.00215199 -0.539786 -0.00561264 1.55465 0.00036718
46.664 -0.436332 -0.539786 0.103454 10.3524 -5.39407e-07 0.247933 -0.00215201 -0.539786 -0.00561266 1.55465 0.000367179
46.665 -0.436332 -0.539787 0.103455 10.3525 -5.46618e-07 0.247935 -0.00215204 -0.539787 -0.00561269 1.55465 0.000367178
46.666 -0.436332 -0.539788 0.103456 10.3525 -5.53804e-07 0.247936 -0.00215206 -0.539788 -0.00561271 1.55465 0.000367176
46.667 -0.436332 -0.539789 0.103456 10.3526 -5.60963e-07 0.247938 -0.00215208 -0.539789 -0.00561273 1.55465 0.000367175
46.668 -0.436332 -0.539789 0.103457 10.3526 -5.68097e-07 0.247939 -0.0021521 -0.539789 -0.00561275 1.55465 0.000367174
46.669 -0.436332 -0.53979 0.103458 10.3527 -5.75204e-07 0.247941 -0.00215212 -0.53979 -0.00561277 1.55465 0.000367173
46.67 -0.436332 -0.539791 0.103458 10.3528 -5.82285e-07 0.247942 -0.00215214 -0.539791 -0.00561279 1.55465 0.000367172
46.671 -0.436332 -0.539791 0.103459 10.3528 -5.8934e-07 0.247944 -0.00215216 -0.539791 -0.00561281 1.55465 0.000367171
46.672 -0.436332 -0.539792 0.10346 10.3529 -5.96368e-07 0.247945 -0.00215218 -0.539792 -0.00561283 1.55465 0.000367169
46.673 -0.436332 -0.539793 0.10346 10.3529 -6.03371e-07 0.247947 -0.0021522 -0.539793 -0.00561285 1.55465 0.000367168
46.674 -0.436332 -0.539793 0.103461 10.353 -6.10347e-07 0.247948 -0.00215222 -0.539793 -0.00561287 1.55465 0.000367167
46.675 -0.436332 -0.539794 0.103462 10.353 -6.17297e-07 0.24795 -0.00215224 -0.539794 -0.0056129 1.55465 0.000367166
46.676 -0.436332 -0.539795 0.103462 10.3531 -6.24221e-07 0.247951 -0.00215226 -0.539795 -0.00561292 1.55465 0.000367165
46.677 -0.436332 -0.539795 0.103463 10.3531 -6.31118e-07 0.247953 -0.00215228 -0.539795 -0.00561294 1.55465 0.000367164
46.678 -0.436332 -0.539796 0.103464 10.3532 -6.37989e-07 0.247954 -0.0021523 -0.539796 -0.00561296 1.55465 0.000367162
46.679 -0.436332 -0.539797 0.103464 10.3533 -6.44834e-07 0.247956 -0.00215232 -0.539797 -0.00561298 1.55465 0.000367161
46.68 -0.436332 -0.539797 0.103465 10.3533 -6.51653e-07 0.247957 -0.00215235 -0.539797 -0.005613 1.55465 0.00036716
46.681 -0.436332 -0.539798 0.103466 10.3534 -6.58446e-07 0.247958 -0.00215237 -0.539798 -0.00561302 1.55465 0.000367159
46.682 -0.436332 -0.539799 0.103466 10.3534 -6.65212e-07 0.24796 -0.00215239 -0.539799 -0.00561304 1.55465 0.000367158
46.683 -0.436332 -0.539799 0.103467 10.3535 -6.71952e-07 0.247961 -0.00215241 -0.539799 -0.00561306 1.55465 0.000367157
46.684 -0.436332 -0.5398 0.103468 10.3535 -6.78665e-07 0.247963 -0.00215243 -0.5398 -0.00561308 1.55465 0.000367155
46.685 -0.436332 -0.539801 0.103469 10.3536 -6.85352e-07 0.247964 -0.00215245 -0.539801 -0.0056131 1.55465 0.000367154
46.686 -0.436332 -0.539802 0.103469 10.3536 -6.92013e-07 0.247966 -0.00215247 -0.539802 -0.00561312 1.55465 0.000367153
46.687 -0.436332 -0.539802 0.10347 10.3537 -6.98648e-07 0.247967 -0.00215249 -0.539802 -0.00561314 1.55465 0.000367152
46.688 -0.436332 -0.539803 0.103471 10.3537 -7.05256e-07 0.247968 -0.00215251 -0.539803 -0.00561316 1.55465 0.000367151
46.689 -0.436332 -0.539804 0.103471 10.3538 -7.11838e-07 0.24797 -0.00215253 -0.539804 -0.00561318 1.55465 0.00036715
46.69 -0.436332 -0.539804 0.103472 10.3538 -7.18394e-07 0.247971 -0.00215255 -0.539804 -0.0056132 1.55465 0.000367149
46.691 -0.436332 -0.539805 0.103473 10.3539 -7.24923e-07 0.247973 -0.00215257 -0.539805 -0.00561322 1.55465 0.000367147
46.692 -0.436332 -0.539806 0.103473 10.354 -7.31426e-07 0.247974 -0.00215259 -0.539806 -0.00561324 1.55465 0.000367146
46.693 -0.436332 -0.539806 0.103474 10.354 -7.37903e-07 0.247976 -0.00215261 -0.539806 -0.00561326 1.55465 0.000367145
46.694 -0.436332 -0.539807 0.103475 10.3541 -7.44353e-07 0.247977 -0.00215263 -0.539807 -0.00561328 1.55465 0.000367144
46.695 -0.436332 -0.539807 0.103475 10.3541 -7.50777e-07 0.247978 -0.00215265 -0.539807 -0.0056133 1.55465 0.000367143
46.696 -0.436332 -0.539808 0.103476 10.3542 -7.57175e-07 0.24798 -0.00215267 -0.539808 -0.00561332 1.55465 0.000367142
46.697 -0.436332 -0.539809 0.103476 10.3542 -7.63546e-07 0.247981 -0.00215269 -0.539809 -0.00561334 1.55465 0.000367141
46.698 -0.436332 -0.539809 0.103477 10.3543 -7.69891e-07 0.247983 -0.00215271 -0.539809 -0.00561336 1.55465 0.00036714
46.699 -0.436332 -0.53981 0.103478 10.3543 -7.76209e-07 0.247984 -0.00215273 -0.53981 -0.00561338 1.55465 0.000367138
46.7 -0.436332 -0.539811 0.103478 10.3544 -7.82501e-07 0.247985 -0.00215275 -0.539811 -0.0056134 1.55465 0.000367137
46.701 -0.436332 -0.539811 0.103479 10.3544 -7.88767e-07 0.247987 -0.00215276 -0.539811 -0.00561342 1.55465 0.000367136
46.702 -0.436332 -0.539812 0.10348 10.3545 -7.95007e-07 0.247988 -0.00215278 -0.539812 -0.00561344 1.55465 0.000367135
46.703 -0.436332 -0.539813 0.10348 10.3545 -8.0122e-07 0.24799 -0.0021528 -0.539813 -0.00561346 1.55465 0.000367134
46.704 -0.436332 -0.539813 0.103481 10.3546 -8.07406e-07 0.247991 -0.00215282 -0.539813 -0.00561348 1.55465 0.000367133
46.705 -0.436332 -0.539814 0.103482 10.3546 -8.13567e-07 0.247992 -0.00215284 -0.539814 -0.0056135 1.55465 0.000367132
46.706 -0.436332 -0.539815 0.103482 10.3547 -8.197e-07 0.247994 -0.00215286 -0.539815 -0.00561352 1.55465 0.000367131
46.707 -0.436332 -0.539815 0.103483 10.3547 -8.25808e-07 0.247995 -0.00215288 -0.539815 -0.00561354 1.55465 0.000367129
46.708 -0.436332 -0.539816 0.103484 10.3548 -8.31889e-07 0.247996 -0.0021529 -0.539816 -0.00561356 1.55465 0.000367128
46.709 -0.436332 -0.539817 0.103484 10.3548 -8.37944e-07 0.247998 -0.00215292 -0.539817 -0.00561358 1.55465 0.000367127
46.71 -0.436332 -0.539817 0.103485 10.3549 -8.43972e-07 0.247999 -0.00215294 -0.539817 -0.0056136 1.55465 0.000367126
46.711 -0.436332 -0.539818 0.103486 10.3549 -8.49974e-07 0.248001 -0.00215296 -0.539818 -0.00561362 1.55465 0.000367125
46.712 -0.436332 -0.539818 0.103486 10.355 -8.5595e-07 0.248002 -0.00215298 -0.539818 -0.00561364 1.55465 0.000367124
46.713 -0.436332 -0.539819 0.103487 10.355 -8.61899e-07 0.248003 -0.002153 -0.539819 -0.00561366 1.55465 0.000367123
46.714 -0.436332 -0.53982 0.103487 10.3551 -8.67822e-07 0.248005 -0.00215302 -0.53982 -0.00561368 1.55465 0.000367122
46.715 -0.436332 -0.53982 0.103488 10.3551 -8.73719e-07 0.248006 -0.00215303 -0.53982 -0.0056137 1.55465 0.000367121
46.716 -0.436332 -0.539821 0.103489 10.3552 -8.79589e-07 0.248007 -0.00215305 -0.539821 -0.00561372 1.55465 0.00036712
46.717 -0.436332 -0.539822 0.103489 10.3552 -8.85433e-07 0.248009 -0.00215307 -0.539822 -0.00561373 1.55465 0.000367118
46.718 -0.436332 -0.539822 0.10349 10.3553 -8.9125e-07 0.24801 -0.00215309 -0.539822 -0.00561375 1.55465 0.000367117
46.719 -0.436332 -0.539823 0.103491 10.3553 -8.97042e-07 0.248011 -0.00215311 -0.539823 -0.00561377 1.55465 0.000367116
46.72 -0.436332 -0.539824 0.103491 10.3553 -9.02806e-07 0.248013 -0.00215313 -0.539824 -0.00561379 1.55465 0.000367115
46.721 -0.436332 -0.539824 0.103492 10.3554 -9.08545e-07 0.248014 -0.00215315 -0.539824 -0.00561381 1.55465 0.000367114
46.722 -0.436332 -0.539825 0.103492 10.3554 -9.14257e-07 0.248015 -0.00215317 -0.539825 -0.00561383 1.55465 0.000367113
46.723 -0.436332 -0.539825 0.103493 10.3555 -9.19943e-07 0.248017 -0.00215319 -0.539825 -0.00561385 1.55465 0.000367112
46.724 -0.436332 -0.539826 0.103494 10.3555 -9.25602e-07 0.248018 -0.0021532 -0.539826 -0.00561387 1.55465 0.000367111
46.725 -0.436332 -0.539827 0.103494 10.3556 -9.31235e-07 0.248019 -0.00215322 -0.539827 -0.00561389 1.55465 0.00036711
46.726 -0.436332 -0.539827 0.103495 10.3556 -9.36842e-07 0.248021 -0.00215324 -0.539827 -0.0056139 1.55465 0.000367109
46.727 -0.436332 -0.539828 0.103496 10.3557 -9.42423e-07 0.248022 -0.00215326 -0.539828 -0.00561392 1.55465 0.000367108
46.728 -0.436332 -0.539828 0.103496 10.3557 -9.47977e-07 0.248023 -0.00215328 -0.539828 -0.00561394 1.55465 0.000367107
46.729 -0.436332 -0.539829 0.103497 10.3558 -9.53505e-07 0.248025 -0.0021533 -0.539829 -0.00561396 1.55465 0.000367105
46.73 -0.436332 -0.53983 0.103497 10.3558 -9.59007e-07 0.248026 -0.00215331 -0.53983 -0.00561398 1.55465 0.000367104
46.731 -0.436332 -0.53983 0.103498 10.3559 -9.64482e-07 0.248027 -0.00215333 -0.53983 -0.005614 1.55465 0.000367103
46.732 -0.436332 -0.539831 0.103499 10.3559 -9.69931e-07 0.248028 -0.00215335 -0.539831 -0.00561402 1.55465 0.000367102
46.733 -0.436332 -0.539831 0.103499 10.3559 -9.75354e-07 0.24803 -0.00215337 -0.539831 -0.00561403 1.55465 0.000367101
46.734 -0.436332 -0.539832 0.1035 10.356 -9.80751e-07 0.248031 -0.00215339 -0.539832 -0.00561405 1.55465 0.0003671
46.735 -0.436332 -0.539833 0.1035 10.356 -9.86121e-07 0.248032 -0.00215341 -0.539833 -0.00561407 1.55465 0.000367099
46.736 -0.436332 -0.539833 0.103501 10.3561 -9.91466e-07 0.248034 -0.00215342 -0.539833 -0.00561409 1.55465 0.000367098
46.737 -0.436332 -0.539834 0.103502 10.3561 -9.96783e-07 0.248035 -0.00215344 -0.539834 -0.00561411 1.55465 0.000367097
46.738 -0.436332 -0.539834 0.103502 10.3562 -1.00208e-06 0.248036 -0.00215346 -0.539834 -0.00561413 1.55465 0.000367096
46.739 -0.436332 -0.539835 0.103503 10.3562 -1.00734e-06 0.248037 -0.00215348 -0.539835 -0.00561414 1.55465 0.000367095
46.74 -0.436332 -0.539836 0.103503 10.3563 -1.01258e-06 0.248039 -0.0021535 -0.539836 -0.00561416 1.55465 0.000367094
46.741 -0.436332 -0.539836 0.103504 10.3563 -1.01779e-06 0.24804 -0.00215351 -0.539836 -0.00561418 1.55465 0.000367093
46.742 -0.436332 -0.539837 0.103505 10.3563 -1.02298e-06 0.248041 -0.00215353 -0.539837 -0.0056142 1.55465 0.000367092
46.743 -0.436332 -0.539837 0.103505 10.3564 -1.02814e-06 0.248042 -0.00215355 -0.539837 -0.00561422 1.55465 0.000367091
46.744 -0.436332 -0.539838 0.103506 10.3564 -1.03328e-06 0.248044 -0.00215357 -0.539838 -0.00561424 1.55465 0.00036709
46.745 -0.436332 -0.539839 0.103506 10.3565 -1.03838e-06 0.248045 -0.00215358 -0.539839 -0.00561425 1.55465 0.000367089
46.746 -0.436332 -0.539839 0.103507 10.3565 -1.04347e-06 0.248046 -0.0021536 -0.539839 -0.00561427 1.55465 0.000367088
46.747 -0.436332 -0.53984 0.103507 10.3566 -1.04852e-06 0.248047 -0.00215362 -0.53984 -0.00561429 1.55465 0.000367086
46.748 -0.436332 -0.53984 0.103508 10.3566 -1.05355e-06 0.248049 -0.00215364 -0.53984 -0.00561431 1.55465 0.000367085
46.749 -0.436332 -0.539841 0.103509 10.3566 -1.05856e-06 0.24805 -0.00215365 -0.539841 -0.00561432 1.55465 0.000367084
46.75 -0.436332 -0.539841 0.103509 10.3567 -1.06353e-06 0.248051 -0.00215367 -0.539841 -0.00561434 1.55465 0.000367083
46.751 -0.436332 -0.539842 0.10351 10.3567 -1.06849e-06 0.248052 -0.00215369 -0.539842 -0.00561436 1.55465 0.000367082
46.752 -0.436332 -0.539843 0.10351 10.3568 -1.07341e-06 0.248054 -0.00215371 -0.539843 -0.00561438 1.55465 0.000367081
46.753 -0.436332 -0.539843 0.103511 10.3568 -1.07831e-06 0.248055 -0.00215372 -0.539843 -0.0056144 1.55465 0.00036708
46.754 -0.436332 -0.539844 0.103511 10.3569 -1.08319e-06 0.248056 -0.00215374 -0.539844 -0.00561441 1.55465 0.000367079
46.755 -0.436332 -0.539844 0.103512 10.3569 -1.08803e-06 0.248057 -0.00215376 -0.539844 -0.00561443 1.55465 0.000367078
46.756 -0.436332 -0.539845 0.103513 10.3569 -1.09286e-06 0.248059 -0.00215378 -0.539845 -0.00561445 1.55465 0.000367077
46.757 -0.436332 -0.539845 0.103513 10.357 -1.09765e-06 0.24806 -0.00215379 -0.539845 -0.00561446 1.55465 0.000367076
46.758 -0.436332 -0.539846 0.103514 10.357 -1.10242e-06 0.248061 -0.00215381 -0.539846 -0.00561448 1.55465 0.000367075
46.759 -0.436332 -0.539847 0.103514 10.3571 -1.10716e-06 0.248062 -0.00215383 -0.539847 -0.0056145 1.55465 0.000367074
46.76 -0.436332 -0.539847 0.103515 10.3571 -1.11188e-06 0.248063 -0.00215384 -0.539847 -0.00561452 1.55465 0.000367073
46.761 -0.436332 -0.539848 0.103515 10.3571 -1.11657e-06 0.248065 -0.00215386 -0.539848 -0.00561453 1.55465 0.000367072
46.762 -0.436332 -0.539848 0.103516 10.3572 -1.12124e-06 0.248066 -0.00215388 -0.539848 -0.00561455 1.55465 0.000367071
46.763 -0.436332 -0.539849 0.103517 10.3572 -1.12588e-06 0.248067 -0.0021539 -0.539849 -0.00561457 1.55465 0.00036707
46.764 -0.436332 -0.539849 0.103517 10.3573 -1.13049e-06 0.248068 -0.00215391 -0.539849 -0.00561459 1.55465 0.000367069
46.765 -0.436332 -0.53985 0.103518 10.3573 -1.13508e-06 0.248069 -0.00215393 -0.53985 -0.0056146 1.55465 0.000367068
46.766 -0.436332 -0.539851 0.103518 10.3573 -1.13965e-06 0.24807 -0.00215395 -0.539851 -0.00561462 1.55464 0.000367067
46.767 -0.436332 -0.539851 0.103519 10.3574 -1.14418e-06 0.248072 -0.00215396 -0.539851 -0.00561464 1.55464 0.000367066
46.768 -0.436332 -0.539852 0.103519 10.3574 -1.14869e-06 0.248073 -0.00215398 -0.539852 -0.00561465 1.55464 0.000367065
46.769 -0.436332 -0.539852 0.10352 10.3575 -1.15318e-06 0.248074 -0.002154 -0.539852 -0.00561467 1.55464 0.000367064
46.77 -0.436332 -0.539853 0.10352 10.3575 -1.15764e-06 0.248075 -0.00215401 -0.539853 -0.00561469 1.55464 0.000367063
46.771 -0.436332 -0.539853 0.103521 10.3575 -1.16207e-06 0.248076 -0.00215403 -0.539853 -0.0056147 1.55464 0.000367062
46.772 -0.436332 -0.539854 0.103521 10.3576 -1.16648e-06 0.248078 -0.00215405 -0.539854 -0.00561472 1.55464 0.000367061
46.773 -0.436332 -0.539854 0.103522 10.3576 -1.17086e-06 0.248079 -0.00215406 -0.539854 -0.00561474 1.55464 0.00036706
46.774 -0.436332 -0.539855 0.103523 10.3576 -1.17522e-06 0.24808 -0.00215408 -0.539855 -0.00561475 1.55464 0.000367059
46.775 -0.436332 -0.539855 0.103523 10.3577 -1.17955e-06 0.248081 -0.00215409 -0.539855 -0.00561477 1.55464 0.000367058
46.776 -0.436332 -0.539856 0.103524 10.3577 -1.18385e-06 0.248082 -0.00215411 -0.539856 -0.00561479 1.55464 0.000367057
46.777 -0.436332 -0.539856 0.103524 10.3578 -1.18813e-06 0.248083 -0.00215413 -0.539856 -0.0056148 1.55464 0.000367056
46.778 -0.436332 -0.539857 0.103525 10.3578 -1.19239e-06 0.248084 -0.00215414 -0.539857 -0.00561482 1.55464 0.000367055
46.779 -0.436332 -0.539858 0.103525 10.3578 -1.19662e-06 0.248086 -0.00215416 -0.539858 -0.00561484 1.55464 0.000367054
46.78 -0.436332 -0.539858 0.103526 10.3579 -1.20082e-06 0.248087 -0.00215418 -0.539858 -0.00561485 1.55464 0.000367054
46.781 -0.436332 -0.539859 0.103526 10.3579 -1.205e-06 0.248088 -0.00215419 -0.539859 -0.00561487 1.55464 0.000367053
46.782 -0.436332 -0.539859 0.103527 10.3579 -1.20915e-06 0.248089 -0.00215421 -0.539859 -0.00561488 1.55464 0.000367052
46.783 -0.436332 -0.53986 0.103527 10.358 -1.21327e-06 0.24809 -0.00215422 -0.53986 -0.0056149 1.55464 0.000367051
46.784 -0.436332 -0.53986 0.103528 10.358 -1.21737e-06 0.248091 -0.00215424 -0.53986 -0.00561492 1.55464 0.00036705
46.785 -0.436332 -0.539861 0.103528 10.358 -1.22145e-06 0.248092 -0.00215425 -0.539861 -0.00561493 1.55464 0.000367049
46.786 -0.436332 -0.539861 0.103529 10.3581 -1.2255e-06 0.248093 -0.00215427 -0.539861 -0.00561495 1.55464 0.000367048
46.787 -0.436332 -0.539862 0.103529 10.3581 -1.22952e-06 0.248095 -0.00215429 -0.539862 -0.00561497 1.55464 0.000367047
46.788 -0.436332 -0.539862 0.10353 10.3581 -1.23352e-06 0.248096 -0.0021543 -0.539862 -0.00561498 1.55464 0.000367046
46.789 -0.436332 -0.539863 0.10353 10.3582 -1.23749e-06 0.248097 -0.00215432 -0.539863 -0.005615 1.55464 0.000367045
46.79 -0.436332 -0.539863 0.103531 10.3582 -1.24144e-06 0.248098 -0.00215433 -0.539863 -0.00561501 1.55464 0.000367044
46.791 -0.436332 -0.539864 0.103531 10.3583 -1.24537e-06 0.248099 -0.00215435 -0.539864 -0.00561503 1.55464 0.000367043
46.792 -0.436332 -0.539864 0.103532 10.3583 -1.24926e-06 0.2481 -0.00215436 -0.539864 -0.00561504 1.55464 0.000367042
46.793 -0.436332 -0.539865 0.103532 10.3583 -1.25313e-06 0.248101 -0.00215438 -0.539865 -0.00561506 1.55464 0.000367041
46.794 -0.436332 -0.539865 0.103533 10.3584 -1.25698e-06 0.248102 -0.0021544 -0.539865 -0.00561508 1.55464 0.00036704
46.795 -0.436332 -0.539866 0.103533 10.3584 -1.2608e-06 0.248103 -0.00215441 -0.539866 -0.00561509 1.55464 0.000367039
46.796 -0.436332 -0.539866 0.103534 10.3584 -1.2646e-06 0.248104 -0.00215443 -0.539866 -0.00561511 1.55464 0.000367038
46.797 -0.436332 -0.539867 0.103534 10.3585 -1.26837e-06 0.248105 -0.00215444 -0.539867 -0.00561512 1.55464 0.000367037
46.798 -0.436332 -0.539867 0.103535 10.3585 -1.27212e-06 0.248107 -0.00215446 -0.539867 -0.00561514 1.55464 0.000367037
46.799 -0.436332 -0.539868 0.103535 10.3585 -1.27584e-06 0.248108 -0.00215447 -0.539868 -0.00561515 1.55464 0.000367036
46.8 -0.436332 -0.539868 0.103536 10.3586 -1.27953e-06 0.248109 -0.00215449 -0.539868 -0.00561517 1.55464 0.000367035
46.801 -0.436332 -0.539869 0.103536 10.3586 -1.2832e-06 0.24811 -0.0021545 -0.539869 -0.00561518 1.55464 0.000367034
46.802 -0.436332 -0.539869 0.103537 10.3586 -1.28685e-06 0.248111 -0.00215452 -0.539869 -0.0056152 1.55464 0.000367033
46.803 -0.436332 -0.53987 0.103537 10.3587 -1.29047e-06 0.248112 -0.00215453 -0.53987 -0.00561521 1.55464 0.000367032
46.804 -0.436332 -0.53987 0.103538 10.3587 -1.29407e-06 0.248113 -0.00215455 -0.53987 -0.00561523 1.55464 0.000367031
46.805 -0.436332 -0.539871 0.103538 10.3587 -1.29764e-06 0.248114 -0.00215456 -0.539871 -0.00561525 1.55464 0.00036703
46.806 -0.436332 -0.539871 0.103539 10.3588 -1.30118e-06 0.248115 -0.00215458 -0.539871 -0.00561526 1.55464 0.000367029
46.807 -0.436332 -0.539872 0.103539 10.3588 -1.3047e-06 0.248116 -0.00215459 -0.539872 -0.00561528 1.55464 0.000367028
46.808 -0.436332 -0.539872 0.10354 10.3588 -1.3082e-06 0.248117 -0.00215461 -0.539872 -0.00561529 1.55464 0.000367027
46.809 -0.436332 -0.539873 0.10354 10.3588 -1.31167e-06 0.248118 -0.00215462 -0.539873 -0.00561531 1.55464 0.000367027
46.81 -0.436332 -0.539873 0.103541 10.3589 -1.31512e-06 0.248119 -0.00215464 -0.539873 -0.00561532 1.55464 0.000367026
46.811 -0.436332 -0.539874 0.103541 10.3589 -1.31854e-06 0.24812 -0.00215465 -0.539874 -0.00561533 1.55464 0.000367025
46.812 -0.436332 -0.539874 0.103542 10.3589 -1.32193e-06 0.248121 -0.00215466 -0.539874 -0.00561535 1.55464 0.000367024
46.813 -0.436332 -0.539875 0.103542 10.359 -1.3253e-06 0.248122 -0.00215468 -0.539875 -0.00561536 1.55464 0.000367023
46.814 -0.436332 -0.539875 0.103543 10.359 -1.32865e-06 0.248123 -0.00215469 -0.539875 -0.00561538 1.55464 0.000367022
46.815 -0.436332 -0.539876 0.103543 10.359 -1.33197e-06 0.248124 -0.00215471 -0.539876 -0.00561539 1.55464 0.000367021
46.816 -0.436332 -0.539876 0.103544 10.3591 -1.33527e-06 0.248125 -0.00215472 -0.539876 -0.00561541 1.55464 0.00036702
46.817 -0.436332 -0.539876 0.103544 10.3591 -1.33854e-06 0.248126 -0.00215474 -0.539876 -0.00561542 1.55464 0.000367019
46.818 -0.436332 -0.539877 0.103545 10.3591 -1.34179e-06 0.248127 -0.00215475 -0.539877 -0.00561544 1.55464 0.000367019
46.819 -0.436332 -0.539877 0.103545 10.3591 -1.34502e-06 0.248128 -0.00215476 -0.539877 -0.00561545 1.55464 0.000367018
46.82 -0.436332 -0.539878 0.103546 10.3592 -1.34821e-06 0.248129 -0.00215478 -0.539878 -0.00561547 1.55464 0.000367017
46.821 -0.436332 -0.539878 0.103546 10.3592 -1.35139e-06 0.24813 -0.00215479 -0.539878 -0.00561548 1.55464 0.000367016
46.822 -0.436332 -0.539879 0.103546 10.3592 -1.35454e-06 0.248131 -0.00215481 -0.539879 -0.00561549 1.55464 0.000367015
46.823 -0.436332 -0.539879 0.103547 10.3593 -1.35766e-06 0.248132 -0.00215482 -0.539879 -0.00561551 1.55464 0.000367014
46.824 -0.436332 -0.53988 0.103547 10.3593 -1.36076e-06 0.248133 -0.00215484 -0.53988 -0.00561552 1.55464 0.000367013
46.825 -0.436332 -0.53988 0.103548 10.3593 -1.36384e-06 0.248134 -0.00215485 -0.53988 -0.00561554 1.55464 0.000367013
46.826 -0.436332 -0.539881 0.103548 10.3594 -1.36689e-06 0.248135 -0.00215486 -0.539881 -0.00561555 1.55464 0.000367012
46.827 -0.436332 -0.539881 0.103549 10.3594 -1.36992e-06 0.248136 -0.00215488 -0.539881 -0.00561557 1.55464 0.000367011
46.828 -0.436332 -0.539881 0.103549 10.3594 -1.37293e-06 0.248137 -0.00215489 -0.539881 -0.00561558 1.55464 0.00036701
46.829 -0.436332 -0.539882 0.10355 10.3594 -1.3759e-06 0.248138 -0.0021549 -0.539882 -0.00561559 1.55464 0.000367009
46.83 -0.436332 -0.539882 0.10355 10.3595 -1.37886e-06 0.248139 -0.00215492 -0.539882 -0.00561561 1.55464 0.000367008
46.831 -0.436332 -0.539883 0.103551 10.3595 -1.38179e-06 0.24814 -0.00215493 -0.539883 -0.00561562 1.55464 0.000367007
46.832 -0.436332 -0.539883 0.103551 10.3595 -1.3847e-06 0.248141 -0.00215494 -0.539883 -0.00561564 1.55464 0.000367007
46.833 -0.436332 -0.539884 0.103551 10.3595 -1.38758e-06 0.248142 -0.00215496 -0.539884 -0.00561565 1.55464 0.000367006
46.834 -0.436332 -0.539884 0.103552 10.3596 -1.39044e-06 0.248143 -0.00215497 -0.539884 -0.00561566 1.55464 0.000367005
46.835 -0.436332 -0.539885 0.103552 10.3596 -1.39327e-06 0.248144 -0.00215499 -0.539885 -0.00561568 1.55464 0.000367004
46.836 -0.436332 -0.539885 0.103553 10.3596 -1.39608e-06 0.248145 -0.002155 -0.539885 -0.00561569 1.55464 0.000367003
46.837 -0.436332 -0.539885 0.103553 10.3597 -1.39887e-06 0.248146 -0.00215501 -0.539885 -0.0056157 1.55464 0.000367002
46.838 -0.436332 -0.539886 0.103554 10.3597 -1.40163e-06 0.248146 -0.00215503 -0.539886 -0.00561572 1.55464 0.000367002
46.839 -0.436332 -0.539886 0.103554 10.3597 -1.40437e-06 0.248147 -0.00215504 -0.539886 -0.00561573 1.55464 0.000367001
46.84 -0.436332 -0.539887 0.103554 10.3597 -1.40708e-06 0.248148 -0.00215505 -0.539887 -0.00561574 1.55464 0.000367
46.841 -0.436332 -0.539887 0.103555 10.3598 -1.40977e-06 0.248149 -0.00215506 -0.539887 -0.00561576 1.55464 0.000366999
46.842 -0.436332 -0.539888 0.103555 10.3598 -1.41244e-06 0.24815 -0.00215508 -0.539888 -0.00561577 1.55464 0.000366998
46.843 -0.436332 -0.539888 0.103556 10.3598 -1.41508e-06 0.248151 -0.00215509 -0.539888 -0.00561578 1.55464 0.000366997
46.844 -0.436332 -0.539888 0.103556 10.3598 -1.4177e-06 0.248152 -0.0021551 -0.539888 -0.0056158 1.55464 0.000366997
46.845 -0.436332 -0.539889 0.103557 10.3599 -1.42029e-06 0.248153 -0.00215512 -0.539889 -0.00561581 1.55464 0.000366996
46.846 -0.436332 -0.539889 0.103557 10.3599 -1.42286e-06 0.248154 -0.00215513 -0.539889 -0.00561582 1.55464 0.000366995
46.847 -0.436332 -0.53989 0.103557 10.3599 -1.42541e-06 0.248155 -0.00215514 -0.53989 -0.00561584 1.55464 0.000366994
46.848 -0.436332 -0.53989 0.103558 10.3599 -1.42794e-06 0.248156 -0.00215515 -0.53989 -0.00561585 1.55464 0.000366993
46.849 -0.436332 -0.539891 0.103558 10.36 -1.43044e-06 0.248156 -0.00215517 -0.539891 -0.00561586 1.55464 0.000366993
46.85 -0.436332 -0.539891 0.103559 10.36 -1.43291e-06 0.248157 -0.00215518 -0.539891 -0.00561588 1.55464 0.000366992
46.851 -0.436332 -0.539891 0.103559 10.36 -1.43537e-06 0.248158 -0.00215519 -0.539891 -0.00561589 1.55464 0.000366991
46.852 -0.436332 -0.539892 0.103559 10.36 -1.4378e-06 0.248159 -0.00215521 -0.539892 -0.0056159 1.55464 0.00036699
46.853 -0.436332 -0.539892 0.10356 10.36 -1.4402e-06 0.24816 -0.00215522 -0.539892 -0.00561591 1.55464 0.000366989
46.854 -0.436332 -0.539893 0.10356 10.3601 -1.44258e-06 0.248161 -0.00215523 -0.539893 -0.00561593 1.55464 0.000366989
46.855 -0.436332 -0.539893 0.103561 10.3601 -1.44494e-06 0.248162 -0.00215524 -0.539893 -0.00561594 1.55464 0.000366988
46.856 -0.436332 -0.539893 0.103561 10.3601 -1.44728e-06 0.248163 -0.00215526 -0.539893 -0.00561595 1.55464 0.000366987
46.857 -0.436332 -0.539894 0.103561 10.3601 -1.44959e-06 0.248163 -0.00215527 -0.539894 -0.00561596 1.55464 0.000366986
46.858 -0.436332 -0.539894 0.103562 10.3602 -1.45188e-06 0.248164 -0.00215528 -0.539894 -0.00561598 1.55464 0.000366986
46.859 -0.436332 -0.539895 0.103562 10.3602 -1.45415e-06 0.248165 -0.00215529 -0.539895 -0.00561599 1.55464 0.000366985
46.86 -0.436332 -0.539895 0.103563 10.3602 -1.45639e-06 0.248166 -0.0021553 -0.539895 -0.005616 1.55464 0.000366984
46.861 -0.436332 -0.539895 0.103563 10.3602 -1.45861e-06 0.248167 -0.00215532 -0.539895 -0.00561601 1.55464 0.000366983
46.862 -0.436332 -0.539896 0.103563 10.3603 -1.4608e-06 0.248168 -0.00215533 -0.539896 -0.00561603 1.55464 0.000366982
46.863 -0.436332 -0.539896 0.103564 10.3603 -1.46298e-06 0.248169 -0.00215534 -0.539896 -0.00561604 1.55464 0.000366982
46.864 -0.436332 -0.539897 0.103564 10.3603 -1.46513e-06 0.248169 -0.00215535 -0.539897 -0.00561605 1.55464 0.000366981
46.865 -0.436332 -0.539897 0.103565 10.3603 -1.46725e-06 0.24817 -0.00215536 -0.539897 -0.00561606 1.55464 0.00036698
46.866 -0.436332 -0.539897 0.103565 10.3603 -1.46936e-06 0.248171 -0.00215538 -0.539897 -0.00561607 1.55464 0.000366979
46.867 -0.436332 -0.539898 0.103565 10.3604 -1.47144e-06 0.248172 -0.00215539 -0.539898 -0.00561609 1.55464 0.000366979
46.868 -0.436332 -0.539898 0.103566 10.3604 -1.4735e-06 0.248173 -0.0021554 -0.539898 -0.0056161 1.55464 0.000366978
46.869 -0.436332 -0.539898 0.103566 10.3604 -1.47553e-06 0.248174 -0.00215541 -0.539898 -0.00561611 1.55464 0.000366977
46.87 -0.436332 -0.539899 0.103567 10.3604 -1.47755e-06 0.248174 -0.00215542 -0.539899 -0.00561612 1.55464 0.000366976
46.871 -0.436332 -0.539899 0.103567 10.3604 -1.47954e-06 0.248175 -0.00215543 -0.539899 -0.00561613 1.55464 0.000366976
46.872 -0.436332 -0.5399 0.103567 10.3605 -1.4815e-06 0.248176 -0.00215545 -0.5399 -0.00561615 1.55464 0.000366975
46.873 -0.436332 -0.5399 0.103568 10.3605 -1.48345e-06 0.248177 -0.00215546 -0.5399 -0.00561616 1.55464 0.000366974
46.874 -0.436332 -0.5399 0.103568 10.3605 -1.48537e-06 0.248178 -0.00215547 -0.5399 -0.00561617 1.55464 0.000366973
46.875 -0.436332 -0.539901 0.103568 10.3605 -1.48727e-06 0.248178 -0.00215548 -0.539901 -0.00561618 1.55464 0.000366973
46.876 -0.436332 -0.539901 0.103569 10.3605 -1.48914e-06 0.248179 -0.00215549 -0.539901 -0.00561619 1.55464 0.000366972
46.877 -0.436332 -0.539901 0.103569 10.3606 -1.491e-06 0.24818 -0.0021555 -0.539901 -0.0056162 1.55464 0.000366971
46.878 -0.436332 -0.539902 0.103569 10.3606 -1.49283e-06 0.248181 -0.00215551 -0.539902 -0.00561622 1.55464 0.000366971
46.879 -0.436332 -0.539902 0.10357 10.3606 -1.49464e-06 0.248181 -0.00215553 -0.539902 -0.00561623 1.55464 0.00036697
46.88 -0.436332 -0.539902 0.10357 10.3606 -1.49642e-06 0.248182 -0.00215554 -0.539902 -0.00561624 1.55464 0.000366969
46.881 -0.436332 -0.539903 0.103571 10.3606 -1.49819e-06 0.248183 -0.00215555 -0.539903 -0.00561625 1.55464 0.000366968
46.882 -0.436332 -0.539903 0.103571 10.3607 -1.49993e-06 0.248184 -0.00215556 -0.539903 -0.00561626 1.55464 0.000366968
46.883 -0.436332 -0.539904 0.103571 10.3607 -1.50165e-06 0.248185 -0.00215557 -0.539904 -0.00561627 1.55464 0.000366967
46.884 -0.436332 -0.539904 0.103572 10.3607 -1.50334e-06 0.248185 -0.00215558 -0.539904 -0.00561628 1.55464 0.000366966
46.885 -0.436332 -0.539904 0.103572 10.3607 -1.50502e-06 0.248186 -0.00215559 -0.539904 -0.0056163 1.55464 0.000366966
46.886 -0.436332 -0.539905 0.103572 10.3607 -1.50667e-06 0.248187 -0.0021556 -0.539905 -0.00561631 1.55464 0.000366965
46.887 -0.436332 -0.539905 0.103573 10.3608 -1.5083e-06 0.248188 -0.00215561 -0.539905 -0.00561632 1.55464 0.000366964
46.888 -0.436332 -0.539905 0.103573 10.3608 -1.50991e-06 0.248188 -0.00215562 -0.539905 -0.00561633 1.55464 0.000366963
46.889 -0.436332 -0.539906 0.103573 10.3608 -1.51149e-06 0.248189 -0.00215563 -0.539906 -0.00561634 1.55464 0.000366963
46.89 -0.436332 -0.539906 0.103574 10.3608 -1.51306e-06 0.24819 -0.00215565 -0.539906 -0.00561635 1.55464 0.000366962
46.891 -0.436332 -0.539906 0.103574 10.3608 -1.5146e-06 0.248191 -0.00215566 -0.539906 -0.00561636 1.55464 0.000366961
46.892 -0.436332 -0.539907 0.103574 10.3608 -1.51612e-06 0.248191 -0.00215567 -0.539907 -0.00561637 1.55464 0.000366961
46.893 -0.436332 -0.539907 0.103575 10.3609 -1.51762e-06 0.248192 -0.00215568 -0.539907 -0.00561638 1.55464 0.00036696
46.894 -0.436332 -0.539907 0.103575 10.3609 -1.51909e-06 0.248193 -0.00215569 -0.539907 -0.00561639 1.55464 0.000366959
46.895 -0.436332 -0.539908 0.103575 10.3609 -1.52055e-06 0.248194 -0.0021557 -0.539908 -0.0056164 1.55464 0.000366959
46.896 -0.436332 -0.539908 0.103576 10.3609 -1.52198e-06 0.248194 -0.00215571 -0.539908 -0.00561641 1.55464 0.000366958
46.897 -0.436332 -0.539908 0.103576 10.3609 -1.52339e-06 0.248195 -0.00215572 -0.539908 -0.00561643 1.55464 0.000366957
46.898 -0.436332 -0.539909 0.103576 10.3609 -1.52478e-06 0.248196 -0.00215573 -0.539909 -0.00561644 1.55464 0.000366957
46.899 -0.436332 -0.539909 0.103577 10.361 -1.52615e-06 0.248196 -0.00215574 -0.539909 -0.00561645 1.55464 0.000366956
46.9 -0.436332 -0.539909 0.103577 10.361 -1.52749e-06 0.248197 -0.00215575 -0.539909 -0.00561646 1.55464 0.000366955
46.901 -0.436332 -0.53991 0.103577 10.361 -1.52881e-06 0.248198 -0.00215576 -0.53991 -0.00561647 1.55464 0.000366955
46.902 -0.436332 -0.53991 0.103578 10.361 -1.53012e-06 0.248198 -0.00215577 -0.53991 -0.00561648 1.55464 0.000366954
46.903 -0.436332 -0.53991 0.103578 10.361 -1.5314e-06 0.248199 -0.00215578 -0.53991 -0.00561649 1.55464 0.000366953
46.904 -0.436332 -0.539911 0.103578 10.361 -1.53266e-06 0.2482 -0.00215579 -0.539911 -0.0056165 1.55464 0.000366953
46.905 -0.436332 -0.539911 0.103579 10.361 -1.5339e-06 0.248201 -0.0021558 -0.539911 -0.00561651 1.55464 0.000366952
46.906 -0.436332 -0.539911 0.103579 10.3611 -1.53511e-06 0.248201 -0.00215581 -0.539911 -0.00561652 1.55464 0.000366951
46.907 -0.436332 -0.539912 0.103579 10.3611 -1.53631e-06 0.248202 -0.00215582 -0.539912 -0.00561653 1.55464 0.000366951
46.908 -0.436332 -0.539912 0.10358 10.3611 -1.53748e-06 0.248203 -0.00215583 -0.539912 -0.00561654 1.55464 0.00036695
46.909 -0.436332 -0.539912 0.10358 10.3611 -1.53864e-06 0.248203 -0.00215584 -0.539912 -0.00561655 1.55464 0.000366949
46.91 -0.436332 -0.539913 0.10358 10.3611 -1.53977e-06 0.248204 -0.00215585 -0.539913 -0.00561656 1.55464 0.000366949
46.911 -0.436332 -0.539913 0.103581 10.3611 -1.54088e-06 0.248205 -0.00215586 -0.539913 -0.00561657 1.55464 0.000366948
46.912 -0.436332 -0.539913 0.103581 10.3611 -1.54197e-06 0.248205 -0.00215587 -0.539913 -0.00561658 1.55464 0.000366947
46.913 -0.436332 -0.539913 0.103581 10.3612 -1.54304e-06 0.248206 -0.00215588 -0.539913 -0.00561659 1.55464 0.000366947
46.914 -0.436332 -0.539914 0.103581 10.3612 -1.54408e-06 0.248207 -0.00215589 -0.539914 -0.0056166 1.55464 0.000366946
46.915 -0.436332 -0.539914 0.103582 10.3612 -1.54511e-06 0.248207 -0.0021559 -0.539914 -0.00561661 1.55464 0.000366946
46.916 -0.436332 -0.539914 0.103582 10.3612 -1.54612e-06 0.248208 -0.0021559 -0.539914 -0.00561662 1.55464 0.000366945
46.917 -0.436332 -0.539915 0.103582 10.3612 -1.5471e-06 0.248209 -0.00215591 -0.539915 -0.00561663 1.55464 0.000366944
46.918 -0.436332 -0.539915 0.103583 10.3612 -1.54807e-06 0.248209 -0.00215592 -0.539915 -0.00561664 1.55464 0.000366944
46.919 -0.436332 -0.539915 0.103583 10.3612 -1.54901e-06 0.24821 -0.00215593 -0.539915 -0.00561664 1.55464 0.000366943
46.92 -0.436332 -0.539916 0.103583 10.3613 -1.54993e-06 0.24821 -0.00215594 -0.539916 -0.00561665 1.55464 0.000366942
46.921 -0.436332 -0.539916 0.103584 10.3613 -1.55083e-06 0.248211 -0.00215595 -0.539916 -0.00561666 1.55464 0.000366942
46.922 -0.436332 -0.539916 0.103584 10.3613 -1.55172e-06 0.248212 -0.00215596 -0.539916 -0.00561667 1.55464 0.000366941
46.923 -0.436332 -0.539916 0.103584 10.3613 -1.55258e-06 0.248212 -0.00215597 -0.539916 -0.00561668 1.55464 0.000366941
46.924 -0.436332 -0.539917 0.103584 10.3613 -1.55342e-06 0.248213 -0.00215598 -0.539917 -0.00561669 1.55464 0.00036694
46.925 -0.436332 -0.539917 0.103585 10.3613 -1.55424e-06 0.248214 -0.00215599 -0.539917 -0.0056167 1.55464 0.000366939
46.926 -0.436332 -0.539917 0.103585 10.3613 -1.55504e-06 0.248214 -0.002156 -0.539917 -0.00561671 1.55464 0.000366939
46.927 -0.436332 -0.539918 0.103585 10.3613 -1.55581e-06 0.248215 -0.002156 -0.539918 -0.00561672 1.55464 0.000366938
46.928 -0.436332 -0.539918 0.103586 10.3613 -1.55657e-06 0.248215 -0.00215601 -0.539918 -0.00561673 1.55464 0.000366938
46.929 -0.436332 -0.539918 0.103586 10.3614 -1.55731e-06 0.248216 -0.00215602 -0.539918 -0.00561674 1.55464 0.000366937
46.93 -0.436332 -0.539918 0.103586 10.3614 -1.55803e-06 0.248217 -0.00215603 -0.539918 -0.00561675 1.55464 0.000366936
46.931 -0.436332 -0.539919 0.103586 10.3614 -1.55873e-06 0.248217 -0.00215604 -0.539919 -0.00561675 1.55464 0.000366936
46.932 -0.436332 -0.539919 0.103587 10.3614 -1.5594e-06 0.248218 -0.00215605 -0.539919 -0.00561676 1.55464 0.000366935
46.933 -0.436332 -0.539919 0.103587 10.3614 -1.56006e-06 0.248218 -0.00215606 -0.539919 -0.00561677 1.55464 0.000366935
46.934 -0.436332 -0.539919 0.103587 10.3614 -1.5607e-06 0.248219 -0.00215607 -0.539919 -0.00561678 1.55464 0.000366934
46.935 -0.436332 -0.53992 0.103587 10.3614 -1.56132e-06 0.24822 -0.00215607 -0.53992 -0.00561679 1.55464 0.000366933
46.936 -0.436332 -0.53992 0.103588 10.3614 -1.56191e-06 0.24822 -0.00215608 -0.53992 -0.0056168 1.55464 0.000366933
46.937 -0.436332 -0.53992 0.103588 10.3614 -1.56249e-06 0.248221 -0.00215609 -0.53992 -0.00561681 1.55464 0.000366932
46.938 -0.436332 -0.539921 0.103588 10.3615 -1.56305e-06 0.248221 -0.0021561 -0.539921 -0.00561682 1.55464 0.000366932
46.939 -0.436332 -0.539921 0.103588 10.3615 -1.56359e-06 0.248222 -0.00215611 -0.539921 -0.00561682 1.55464 0.000366931
46.94 -0.436332 -0.539921 0.103589 10.3615 -1.5641e-06 0.248222 -0.00215611 -0.539921 -0.00561683 1.55464 0.000366931
46.941 -0.436332 -0.539921 0.103589 10.3615 -1.5646e-06 0.248223 -0.00215612 -0.539921 -0.00561684 1.55464 0.00036693
46.942 -0.436332 -0.539922 0.103589 10.3615 -1.56508e-06 0.248224 -0.00215613 -0.539922 -0.00561685 1.55464 0.000366929
46.943 -0.436332 -0.539922 0.10359 10.3615 -1.56554e-06 0.248224 -0.00215614 -0.539922 -0.00561686 1.55464 0.000366929
46.944 -0.436332 -0.539922 0.10359 10.3615 -1.56598e-06 0.248225 -0.00215615 -0.539922 -0.00561687 1.55464 0.000366928
46.945 -0.436332 -0.539922 0.10359 10.3615 -1.5664e-06 0.248225 -0.00215616 -0.539922 -0.00561687 1.55464 0.000366928
46.946 -0.436332 -0.539923 0.10359 10.3615 -1.5668e-06 0.248226 -0.00215616 -0.539923 -0.00561688 1.55464 0.000366927
46.947 -0.436332 -0.539923 0.103591 10.3615 -1.56718e-06 0.248226 -0.00215617 -0.539923 -0.00561689 1.55464 0.000366927
46.948 -0.436332 -0.539923 0.103591 10.3615 -1.56754e-06 0.248227 -0.00215618 -0.539923 -0.0056169 1.55464 0.000366926
46.949 -0.436332 -0.539923 0.103591 10.3616 -1.56788e-06 0.248227 -0.00215619 -0.539923 -0.00561691 1.55464 0.000366926
46.95 -0.436332 -0.539924 0.103591 10.3616 -1.56821e-06 0.248228 -0.00215619 -0.539924 -0.00561691 1.55464 0.000366925
46.951 -0.436332 -0.539924 0.103591 10.3616 -1.56851e-06 0.248228 -0.0021562 -0.539924 -0.00561692 1.55464 0.000366925
46.952 -0.436332 -0.539924 0.103592 10.3616 -1.56879e-06 0.248229 -0.00215621 -0.539924 -0.00561693 1.55464 0.000366924
46.953 -0.436332 -0.539924 0.103592 10.3616 -1.56906e-06 0.248229 -0.00215622 -0.539924 -0.00561694 1.55464 0.000366924
46.954 -0.436332 -0.539925 0.103592 10.3616 -1.5693e-06 0.24823 -0.00215622 -0.539925 -0.00561695 1.55464 0.000366923
46.955 -0.436332 -0.539925 0.103592 10.3616 -1.56953e-06 0.24823 -0.00215623 -0.539925 -0.00561695 1.55464 0.000366922
46.956 -0.436332 -0.539925 0.103593 10.3616 -1.56974e-06 0.248231 -0.00215624 -0.539925 -0.00561696 1.55464 0.000366922
46.957 -0.436332 -0.539925 0.103593 10.3616 -1.56993e-06 0.248231 -0.00215625 -0.539925 -0.00561697 1.55464 0.000366921
46.958 -0.436332 -0.539925 0.103593 10.3616 -1.5701e-06 0.248232 -0.00215625 -0.539925 -0.00561698 1.55464 0.000366921
46.959 -0.436332 -0.539926 0.103593 10.3616 -1.57025e-06 0.248232 -0.00215626 -0.539926 -0.00561698 1.55464 0.00036692
46.96 -0.436332 -0.539926 0.103594 10.3616 -1.57038e-06 0.248233 -0.00215627 -0.539926 -0.00561699 1.55464 0.00036692
46.961 -0.436332 -0.539926 0.103594 10.3616 -1.57049e-06 0.248233 -0.00215628 -0.539926 -0.005617 1.55464 0.000366919
46.962 -0.436332 -0.539926 0.103594 10.3616 -1.57059e-06 0.248234 -0.00215628 -0.539926 -0.00561701 1.55464 0.000366919
46.963 -0.436332 -0.539927 0.103594 10.3617 -1.57067e-06 0.248234 -0.00215629 -0.539927 -0.00561701 1.55464 0.000366918
46.964 -0.436332 -0.539927 0.103594 10.3617 -1.57072e-06 0.248235 -0.0021563 -0.539927 -0.00561702 1.55464 0.000366918
46.965 -0.436332 -0.539927 0.103595 10.3617 -1.57076e-06 0.248235 -0.0021563 -0.539927 -0.00561703 1.55464 0.000366917
46.966 -0.436332 -0.539927 0.103595 10.3617 -1.57078e-06 0.248236 -0.00215631 -0.539927 -0.00561703 1.55464 0.000366917
46.967 -0.436332 -0.539927 0.103595 10.3617 -1.57079e-06 0.248236 -0.00215632 -0.539927 -0.00561704 1.55464 0.000366916
46.968 -0.436332 -0.539928 0.103595 10.3617 -1.57077e-06 0.248237 -0.00215632 -0.539928 -0.00561705 1.55464 0.000366916
46.969 -0.436332 -0.539928 0.103596 10.3617 -1.57073e-06 0.248237 -0.00215633 -0.539928 -0.00561706 1.55464 0.000366915
46.97 -0.436332 -0.539928 0.103596 10.3617 -1.57068e-06 0.248238 -0.00215634 -0.539928 -0.00561706 1.55464 0.000366915
46.971 -0.436332 -0.539928 0.103596 10.3617 -1.57061e-06 0.248238 -0.00215634 -0.539928 -0.00561707 1.55464 0.000366914
46.972 -0.436332 -0.539929 0.103596 10.3617 -1.57052e-06 0.248239 -0.00215635 -0.539929 -0.00561708 1.55464 0.000366914
46.973 -0.436332 -0.539929 0.103596 10.3617 -1.57041e-06 0.248239 -0.00215636 -0.539929 -0.00561708 1.55464 0.000366913
46.974 -0.436332 -0.539929 0.103597 10.3617 -1.57029e-06 0.24824 -0.00215636 -0.539929 -0.00561709 1.55464 0.000366913
46.975 -0.436332 -0.539929 0.103597 10.3617 -1.57014e-06 0.24824 -0.00215637 -0.539929 -0.0056171 1.55464 0.000366912
46.976 -0.436332 -0.539929 0.103597 10.3617 -1.56998e-06 0.24824 -0.00215638 -0.539929 -0.0056171 1.55464 0.000366912
46.977 -0.436332 -0.53993 0.103597 10.3617 -1.5698e-06 0.248241 -0.00215638 -0.53993 -0.00561711 1.55464 0.000366912
46.978 -0.436332 -0.53993 0.103597 10.3617 -1.5696e-06 0.248241 -0.00215639 -0.53993 -0.00561712 1.55464 0.000366911
46.979 -0.436332 -0.53993 0.103598 10.3617 -1.56939e-06 0.248242 -0.0021564 -0.53993 -0.00561712 1.55464 0.000366911
46.98 -0.436332 -0.53993 0.103598 10.3617 -1.56916e-06 0.248242 -0.0021564 -0.53993 -0.00561713 1.55464 0.00036691
46.981 -0.436332 -0.53993 0.103598 10.3617 -1.56891e-06 0.248243 -0.00215641 -0.53993 -0.00561714 1.55464 0.00036691
46.982 -0.436332 -0.539931 0.103598 10.3617 -1.56864e-06 0.248243 -0.00215642 -0.539931 -0.00561714 1.55464 0.000366909
46.983 -0.436332 -0.539931 0.103598 10.3617 -1.56835e-06 0.248243 -0.00215642 -0.539931 -0.00561715 1.55464 0.000366909
46.984 -0.436332 -0.539931 0.103599 10.3618 -1.56805e-06 0.248244 -0.00215643 -0.539931 -0.00561716 1.55464 0.000366908
46.985 -0.436332 -0.539931 0.103599 10.3618 -1.56772e-06 0.248244 -0.00215643 -0.539931 -0.00561716 1.55464 0.000366908
46.986 -0.436332 -0.539931 0.103599 10.3618 -1.56739e-06 0.248245 -0.00215644 -0.539931 -0.00561717 1.55464 0.000366907
46.987 -0.436332 -0.539931 0.103599 10.3618 -1.56703e-06 0.248245 -0.00215645 -0.539931 -0.00561717 1.55464 0.000366907
46.988 -0.436332 -0.539932 0.103599 10.3618 -1.56666e-06 0.248245 -0.00215645 -0.539932 -0.00561718 1.55464 0.000366907
46.989 -0.436332 -0.539932 0.103599 10.3618 -1.56626e-06 0.248246 -0.00215646 -0.539932 -0.00561719 1.55464 0.000366906
46.99 -0.436332 -0.539932 0.1036 10.3618 -1.56586e-06 0.248246 -0.00215646 -0.539932 -0.00561719 1.55464 0.000366906
46.991 -0.436332 -0.539932 0.1036 10.3618 -1.56543e-06 0.248247 -0.00215647 -0.539932 -0.0056172 1.55464 0.000366905
46.992 -0.436332 -0.539932 0.1036 10.3618 -1.56499e-06 0.248247 -0.00215647 -0.539932 -0.0056172 1.55464 0.000366905
46.993 -0.436332 -0.539933 0.1036 10.3618 -1.56453e-06 0.248247 -0.00215648 -0.539933 -0.00561721 1.55464 0.000366904
46.994 -0.436332 -0.539933 0.1036 10.3618 -1.56405e-06 0.248248 -0.00215649 -0.539933 -0.00561722 1.55464 0.000366904
46.995 -0.436332 -0.539933 0.103601 10.3618 -1.56356e-06 0.248248 -0.00215649 -0.539933 -0.00561722 1.55464 0.000366904
46.996 -0.436332 -0.539933 0.103601 10.3618 -1.56305e-06 0.248249 -0.0021565 -0.539933 -0.00561723 1.55464 0.000366903
46.997 -0.436332 -0.539933 0.103601 10.3618 -1.56252e-06 0.248249 -0.0021565 -0.539933 -0.00561723 1.55464 0.000366903
46.998 -0.436332 -0.539933 0.103601 10.3618 -1.56197e-06 0.248249 -0.00215651 -0.539933 -0.00561724 1.55464 0.000366902
46.999 -0.436332 -0.539934 0.103601 10.3618 -1.56141e-06 0.24825 -0.00215651 -0.539934 -0.00561724 1.55464 0.000366902
47 -0.436332 -0.539934 0.103601 10.3618 -1.56083e-06 0.24825 -0.00215652 -0.539934 -0.00561725 1.55464 0.000366901
47.001 -0.436332 -0.539934 0.103602 10.3618 -1.56024e-06 0.24825 -0.00215652 -0.539934 -0.00561726 1.55464 0.000366901
47.002 -0.436332 -0.539934 0.103602 10.3618 -1.55963e-06 0.248251 -0.00215653 -0.539934 -0.00561726 1.55464 0.000366901
47.003 -0.436332 -0.539934 0.103602 10.3618 -1.559e-06 0.248251 -0.00215653 -0.539934 -0.00561727 1.55464 0.0003669
47.004 -0.436332 -0.539934 0.103602 10.3618 -1.55835e-06 0.248251 -0.00215654 -0.539934 -0.00561727 1.55464 0.0003669
47.005 -0.436332 -0.539935 0.103602 10.3618 -1.55769e-06 0.248252 -0.00215654 -0.539935 -0.00561728 1.55464 0.000366899
47.006 -0.436332 -0.539935 0.103602 10.3618 -1.55702e-06 0.248252 -0.00215655 -0.539935 -0.00561728 1.55464 0.000366899
47.007 -0.436332 -0.539935 0.103602 10.3618 -1.55632e-06 0.248252 -0.00215655 -0.539935 -0.00561729 1.55464 0.000366899
47.008 -0.436332 -0.539935 0.103603 10.3618 -1.55561e-06 0.248253 -0.00215656 -0.539935 -0.00561729 1.55464 0.000366898
47.009 -0.436332 -0.539935 0.103603 10.3618 -1.55488e-06 0.248253 -0.00215656 -0.539935 -0.0056173 1.55464 0.000366898
47.01 -0.436332 -0.539935 0.103603 10.3618 -1.55414e-06 0.248253 -0.00215657 -0.539935 -0.0056173 1.55464 0.000366897
47.011 -0.436332 -0.539935 0.103603 10.3618 -1.55338e-06 0.248254 -0.00215657 -0.539935 -0.00561731 1.55464 0.000366897
47.012 -0.436332 -0.539936 0.103603 10.3618 -1.55261e-06 0.248254 -0.00215658 -0.539936 -0.00561731 1.55464 0.000366897
47.013 -0.436332 -0.539936 0.103603 10.3618 -1.55182e-06 0.248254 -0.00215658 -0.539936 -0.00561732 1.55464 0.000366896
47.014 -0.436332 -0.539936 0.103604 10.3618 -1.55101e-06 0.248255 -0.00215659 -0.539936 -0.00561732 1.55464 0.000366896
47.015 -0.436332 -0.539936 0.103604 10.3618 -1.55018e-06 0.248255 -0.00215659 -0.539936 -0.00561733 1.55464 0.000366896
47.016 -0.436332 -0.539936 0.103604 10.3618 -1.54935e-06 0.248255 -0.0021566 -0.539936 -0.00561733 1.55464 0.000366895
47.017 -0.436332 -0.539936 0.103604 10.3618 -1.54849e-06 0.248256 -0.0021566 -0.539936 -0.00561734 1.55464 0.000366895
47.018 -0.436332 -0.539936 0.103604 10.3618 -1.54762e-06 0.248256 -0.00215661 -0.539936 -0.00561734 1.55464 0.000366894
47.019 -0.436332 -0.539937 0.103604 10.3618 -1.54673e-06 0.248256 -0.00215661 -0.539937 -0.00561735 1.55464 0.000366894
47.02 -0.436332 -0.539937 0.103604 10.3618 -1.54583e-06 0.248257 -0.00215662 -0.539937 -0.00561735 1.55464 0.000366894
47.021 -0.436332 -0.539937 0.103604 10.3618 -1.54491e-06 0.248257 -0.00215662 -0.539937 -0.00561736 1.55464 0.000366893
47.022 -0.436332 -0.539937 0.103605 10.3618 -1.54398e-06 0.248257 -0.00215663 -0.539937 -0.00561736 1.55464 0.000366893
47.023 -0.436332 -0.539937 0.103605 10.3618 -1.54303e-06 0.248257 -0.00215663 -0.539937 -0.00561737 1.55464 0.000366893
47.024 -0.436332 -0.539937 0.103605 10.3618 -1.54207e-06 0.248258 -0.00215663 -0.539937 -0.00561737 1.55464 0.000366892
47.025 -0.436332 -0.539937 0.103605 10.3618 -1.54109e-06 0.248258 -0.00215664 -0.539937 -0.00561737 1.55464 0.000366892
47.026 -0.436332 -0.539937 0.103605 10.3618 -1.54009e-06 0.248258 -0.00215664 -0.539937 -0.00561738 1.55464 0.000366892
47.027 -0.436332 -0.539938 0.103605 10.3618 -1.53908e-06 0.248259 -0.00215665 -0.539938 -0.00561738 1.55464 0.000366891
47.028 -0.436332 -0.539938 0.103605 10.3618 -1.53805e-06 0.248259 -0.00215665 -0.539938 -0.00561739 1.55464 0.000366891
47.029 -0.436332 -0.539938 0.103606 10.3618 -1.53701e-06 0.248259 -0.00215665 -0.539938 -0.00561739 1.55464 0.000366891
47.03 -0.436332 -0.539938 0.103606 10.3618 -1.53596e-06 0.248259 -0.00215666 -0.539938 -0.0056174 1.55464 0.00036689
47.031 -0.436332 -0.539938 0.103606 10.3618 -1.53488e-06 0.24826 -0.00215666 -0.539938 -0.0056174 1.55464 0.00036689
47.032 -0.436332 -0.539938 0.103606 10.3618 -1.5338e-06 0.24826 -0.00215667 -0.539938 -0.0056174 1.55464 0.00036689
47.033 -0.436332 -0.539938 0.103606 10.3618 -1.5327e-06 0.24826 -0.00215667 -0.539938 -0.00561741 1.55464 0.000366889
47.034 -0.436332 -0.539938 0.103606 10.3617 -1.53158e-06 0.24826 -0.00215667 -0.539938 -0.00561741 1.55464 0.000366889
47.035 -0.436332 -0.539939 0.103606 10.3617 -1.53045e-06 0.248261 -0.00215668 -0.539939 -0.00561742 1.55464 0.000366889
47.036 -0.436332 -0.539939 0.103606 10.3617 -1.5293e-06 0.248261 -0.00215668 -0.539939 -0.00561742 1.55464 0.000366888
47.037 -0.436332 -0.539939 0.103606 10.3617 -1.52814e-06 0.248261 -0.00215669 -0.539939 -0.00561742 1.55464 0.000366888
47.038 -0.436332 -0.539939 0.103607 10.3617 -1.52697e-06 0.248261 -0.00215669 -0.539939 -0.00561743 1.55464 0.000366888
47.039 -0.436332 -0.539939 0.103607 10.3617 -1.52578e-06 0.248262 -0.00215669 -0.539939 -0.00561743 1.55464 0.000366887
47.04 -0.436332 -0.539939 0.103607 10.3617 -1.52457e-06 0.248262 -0.0021567 -0.539939 -0.00561744 1.55464 0.000366887
47.041 -0.436332 -0.539939 0.103607 10.3617 -1.52335e-06 0.248262 -0.0021567 -0.539939 -0.00561744 1.55464 0.000366887
47.042 -0.436332 -0.539939 0.103607 10.3617 -1.52212e-06 0.248262 -0.0021567 -0.539939 -0.00561744 1.55464 0.000366886
47.043 -0.436332 -0.539939 0.103607 10.3617 -1.52087e-06 0.248263 -0.00215671 -0.539939 -0.00561745 1.55464 0.000366886
47.044 -0.436332 -0.539939 0.103607 10.3617 -1.51961e-06 0.248263 -0.00215671 -0.539939 -0.00561745 1.55464 0.000366886
47.045 -0.436332 -0.53994 0.103607 10.3617 -1.51833e-06 0.248263 -0.00215671 -0.53994 -0.00561745 1.55464 0.000366886
47.046 -0.436332 -0.53994 0.103607 10.3617 -1.51704e-06 0.248263 -0.00215672 -0.53994 -0.00561746 1.55464 0.000366885
47.047 -0.436332 -0.53994 0.103607 10.3617 -1.51573e-06 0.248263 -0.00215672 -0.53994 -0.00561746 1.55464 0.000366885
47.048 -0.436332 -0.53994 0.103608 10.3617 -1.51441e-06 0.248264 -0.00215672 -0.53994 -0.00561746 1.55464 0.000366885
47.049 -0.436332 -0.53994 0.103608 10.3617 -1.51308e-06 0.248264 -0.00215673 -0.53994 -0.00561747 1.55464 0.000366884
47.05 -0.436332 -0.53994 0.103608 10.3617 -1.51173e-06 0.248264 -0.00215673 -0.53994 -0.00561747 1.55464 0.000366884
47.051 -0.436332 -0.53994 0.103608 10.3617 -1.51037e-06 0.248264 -0.00215673 -0.53994 -0.00561747 1.55464 0.000366884
47.052 -0.436332 -0.53994 0.103608 10.3617 -1.50899e-06 0.248264 -0.00215674 -0.53994 -0.00561748 1.55464 0.000366883
47.053 -0.436332 -0.53994 0.103608 10.3617 -1.5076e-06 0.248265 -0.00215674 -0.53994 -0.00561748 1.55464 0.000366883
47.054 -0.436332 -0.53994 0.103608 10.3617 -1.5062e-06 0.248265 -0.00215674 -0.53994 -0.00561748 1.55464 0.000366883
47.055 -0.436332 -0.53994 0.103608 10.3617 -1.50478e-06 0.248265 -0.00215674 -0.53994 -0.00561749 1.55464 0.000366883
47.056 -0.436332 -0.539941 0.103608 10.3617 -1.50335e-06 0.248265 -0.00215675 -0.539941 -0.00561749 1.55464 0.000366882
47.057 -0.436332 -0.539941 0.103608 10.3616 -1.5019e-06 0.248265 -0.00215675 -0.539941 -0.00561749 1.55464 0.000366882
47.058 -0.436332 -0.539941 0.103608 10.3616 -1.50044e-06 0.248266 -0.00215675 -0.539941 -0.0056175 1.55464 0.000366882
47.059 -0.436332 -0.539941 0.103608 10.3616 -1.49897e-06 0.248266 -0.00215676 -0.539941 -0.0056175 1.55464 0.000366882
47.06 -0.436332 -0.539941 0.103609 10.3616 -1.49748e-06 0.248266 -0.00215676 -0.539941 -0.0056175 1.55464 0.000366881
47.061 -0.436332 -0.539941 0.103609 10.3616 -1.49598e-06 0.248266 -0.00215676 -0.539941 -0.00561751 1.55464 0.000366881
47.062 -0.436332 -0.539941 0.103609 10.3616 -1.49447e-06 0.248266 -0.00215676 -0.539941 -0.00561751 1.55464 0.000366881
47.063 -0.436332 -0.539941 0.103609 10.3616 -1.49295e-06 0.248266 -0.00215677 -0.539941 -0.00561751 1.55464 0.000366881
47.064 -0.436332 -0.539941 0.103609 10.3616 -1.49141e-06 0.248267 -0.00215677 -0.539941 -0.00561751 1.55464 0.00036688
47.065 -0.436332 -0.539941 0.103609 10.3616 -1.48985e-06 0.248267 -0.00215677 -0.539941 -0.00561752 1.55464 0.00036688
47.066 -0.436332 -0.539941 0.103609 10.3616 -1.48829e-06 0.248267 -0.00215677 -0.539941 -0.00561752 1.55464 0.00036688
47.067 -0.436332 -0.539941 0.103609 10.3616 -1.48671e-06 0.248267 -0.00215678 -0.539941 -0.00561752 1.55464 0.00036688
47.068 -0.436332 -0.539941 0.103609 10.3616 -1.48511e-06 0.248267 -0.00215678 -0.539941 -0.00561752 1.55464 0.000366879
47.069 -0.436332 -0.539942 0.103609 10.3616 -1.48351e-06 0.248267 -0.00215678 -0.539942 -0.00561753 1.55464 0.000366879
47.07 -0.436332 -0.539942 0.103609 10.3616 -1.48189e-06 0.248267 -0.00215678 -0.539942 -0.00561753 1.55464 0.000366879
47.071 -0.436332 -0.539942 0.103609 10.3616 -1.48026e-06 0.248268 -0.00215679 -0.539942 -0.00561753 1.55464 0.000366879
47.072 -0.436332 -0.539942 0.103609 10.3615 -1.47862e-06 0.248268 -0.00215679 -0.539942 -0.00561753 1.55464 0.000366878
47.073 -0.436332 -0.539942 0.103609 10.3615 -1.47696e-06 0.248268 -0.00215679 -0.539942 -0.00561754 1.55464 0.000366878
47.074 -0.436332 -0.539942 0.103609 10.3615 -1.47529e-06 0.248268 -0.00215679 -0.539942 -0.00561754 1.55464 0.000366878
47.075 -0.436332 -0.539942 0.10361 10.3615 -1.47361e-06 0.248268 -0.00215679 -0.539942 -0.00561754 1.55464 0.000366878
47.076 -0.436332 -0.539942 0.10361 10.3615 -1.47191e-06 0.248268 -0.0021568 -0.539942 -0.00561754 1.55464 0.000366877
47.077 -0.436332 -0.539942 0.10361 10.3615 -1.4702e-06 0.248268 -0.0021568 -0.539942 -0.00561755 1.55464 0.000366877
47.078 -0.436332 -0.539942 0.10361 10.3615 -1.46848e-06 0.248269 -0.0021568 -0.539942 -0.00561755 1.55464 0.000366877
47.079 -0.436332 -0.539942 0.10361 10.3615 -1.46675e-06 0.248269 -0.0021568 -0.539942 -0.00561755 1.55464 0.000366877
47.08 -0.436332 -0.539942 0.10361 10.3615 -1.465e-06 0.248269 -0.0021568 -0.539942 -0.00561755 1.55464 0.000366877
47.081 -0.436332 -0.539942 0.10361 10.3615 -1.46325e-06 0.248269 -0.00215681 -0.539942 -0.00561755 1.55464 0.000366876
47.082 -0.436332 -0.539942 0.10361 10.3615 -1.46148e-06 0.248269 -0.00215681 -0.539942 -0.00561756 1.55464 0.000366876
47.083 -0.436332 -0.539942 0.10361 10.3615 -1.45969e-06 0.248269 -0.00215681 -0.539942 -0.00561756 1.55464 0.000366876
47.084 -0.436332 -0.539942 0.10361 10.3615 -1.4579e-06 0.248269 -0.00215681 -0.539942 -0.00561756 1.55464 0.000366876
47.085 -0.436332 -0.539942 0.10361 10.3614 -1.45609e-06 0.248269 -0.00215681 -0.539942 -0.00561756 1.55464 0.000366875
47.086 -0.436332 -0.539942 0.10361 10.3614 -1.45427e-06 0.248269 -0.00215682 -0.539942 -0.00561756 1.55464 0.000366875
47.087 -0.436332 -0.539942 0.10361 10.3614 -1.45244e-06 0.24827 -0.00215682 -0.539942 -0.00561757 1.55464 0.000366875
47.088 -0.436332 -0.539942 0.10361 10.3614 -1.4506e-06 0.24827 -0.00215682 -0.539942 -0.00561757 1.55464 0.000366875
47.089 -0.436332 -0.539943 0.10361 10.3614 -1.44875e-06 0.24827 -0.00215682 -0.539943 -0.00561757 1.55464 0.000366875
47.09 -0.436332 -0.539943 0.10361 10.3614 -1.44688e-06 0.24827 -0.00215682 -0.539943 -0.00561757 1.55464 0.000366874
47.091 -0.436332 -0.539943 0.10361 10.3614 -1.445e-06 0.24827 -0.00215682 -0.539943 -0.00561757 1.55464 0.000366874
47.092 -0.436332 -0.539943 0.10361 10.3614 -1.44311e-06 0.24827 -0.00215682 -0.539943 -0.00561757 1.55464 0.000366874
47.093 -0.436332 -0.539943 0.10361 10.3614 -1.44121e-06 0.24827 -0.00215683 -0.539943 -0.00561758 1.55464 0.000366874
47.094 -0.436332 -0.539943 0.10361 10.3614 -1.43929e-06 0.24827 -0.00215683 -0.539943 -0.00561758 1.55464 0.000366874
47.095 -0.436332 -0.539943 0.10361 10.3614 -1.43737e-06 0.24827 -0.00215683 -0.539943 -0.00561758 1.55464 0.000366874
47.096 -0.436332 -0.539943 0.10361 10.3613 -1.43543e-06 0.24827 -0.00215683 -0.539943 -0.00561758 1.55464 0.000366873
47.097 -0.436332 -0.539943 0.10361 10.3613 -1.43348e-06 0.24827 -0.00215683 -0.539943 -0.00561758 1.55464 0.000366873
47.098 -0.436332 -0.539943 0.10361 10.3613 -1.43152e-06 0.24827 -0.00215683 -0.539943 -0.00561758 1.55464 0.000366873
47.099 -0.436332 -0.539943 0.103611 10.3613 -1.42955e-06 0.24827 -0.00215683 -0.539943 -0.00561758 1.55464 0.000366873
47.1 -0.436332 -0.539943 0.103611 10.3613 -1.42757e-06 0.248271 -0.00215684 -0.539943 -0.00561759 1.55464 0.000366873
47.101 -0.436332 -0.539943 0.103611 10.3613 -1.42557e-06 0.248271 -0.00215684 -0.539943 -0.00561759 1.55464 0.000366872
47.102 -0.436332 -0.539943 0.103611 10.3613 -1.42357e-06 0.248271 -0.00215684 -0.539943 -0.00561759 1.55464 0.000366872
47.103 -0.436332 -0.539943 0.103611 10.3613 -1.42155e-06 0.248271 -0.00215684 -0.539943 -0.00561759 1.55464 0.000366872
47.104 -0.436332 -0.539943 0.103611 10.3613 -1.41952e-06 0.248271 -0.00215684 -0.539943 -0.00561759 1.55464 0.000366872
47.105 -0.436332 -0.539943 0.103611 10.3612 -1.41748e-06 0.248271 -0.00215684 -0.539943 -0.00561759 1.55464 0.000366872
47.106 -0.436332 -0.539943 0.103611 10.3612 -1.41543e-06 0.248271 -0.00215684 -0.539943 -0.00561759 1.55464 0.000366872
47.107 -0.436332 -0.539943 0.103611 10.3612 -1.41337e-06 0.248271 -0.00215684 -0.539943 -0.00561759 1.55464 0.000366871
47.108 -0.436332 -0.539943 0.103611 10.3612 -1.4113e-06 0.248271 -0.00215684 -0.539943 -0.0056176 1.55464 0.000366871
47.109 -0.436332 -0.539943 0.103611 10.3612 -1.40922e-06 0.248271 -0.00215684 -0.539943 -0.0056176 1.55464 0.000366871
47.11 -0.436332 -0.539943 0.103611 10.3612 -1.40713e-06 0.248271 -0.00215684 -0.539943 -0.0056176 1.55464 0.000366871
47.111 -0.436332 -0.539943 0.103611 10.3612 -1.40502e-06 0.248271 -0.00215685 -0.539943 -0.0056176 1.55464 0.000366871
47.112 -0.436332 -0.539943 0.103611 10.3612 -1.40291e-06 0.248271 -0.00215685 -0.539943 -0.0056176 1.55464 0.000366871
47.113 -0.436332 -0.539943 0.103611 10.3612 -1.40078e-06 0.248271 -0.00215685 -0.539943 -0.0056176 1.55464 0.000366871
47.114 -0.436332 -0.539943 0.103611 10.3611 -1.39864e-06 0.248271 -0.00215685 -0.539943 -0.0056176 1.55464 0.00036687
47.115 -0.436332 -0.539943 0.103611 10.3611 -1.3965e-06 0.248271 -0.00215685 -0.539943 -0.0056176 1.55464 0.00036687
47.116 -0.436332 -0.539943 0.103611 10.3611 -1.39434e-06 0.248271 -0.00215685 -0.539943 -0.0056176 1.55464 0.00036687
47.117 -0.436332 -0.539943 0.103611 10.3611 -1.39217e-06 0.248271 -0.00215685 -0.539943 -0.0056176 1.55464 0.00036687
47.118 -0.436332 -0.539943 0.103611 10.3611 -1.38999e-06 0.248271 -0.00215685 -0.539943 -0.0056176 1.55464 0.00036687
47.119 -0.436332 -0.539943 0.103611 10.3611 -1.38781e-06 0.248271 -0.00215685 -0.539943 -0.0056176 1.55464 0.00036687
47.12 -0.436332 -0.539943 0.103611 10.3611 -1.38561e-06 0.248271 -0.00215685 -0.539943 -0.0056176 1.55464 0.00036687
47.121 -0.436332 -0.539943 0.103611 10.3611 -1.3834e-06 0.248271 -0.00215685 -0.539943 -0.00561761 1.55464 0.00036687
47.122 -0.436332 -0.539943 0.103611 10.3611 -1.38118e-06 0.248271 -0.00215685 -0.539943 -0.00561761 1.55464 0.000366869
47.123 -0.436332 -0.539943 0.103611 10.361 -1.37895e-06 0.248271 -0.00215685 -0.539943 -0.00561761 1.55464 0.000366869
47.124 -0.436332 -0.539943 0.103611 10.361 -1.37671e-06 0.248271 -0.00215685 -0.539943 -0.00561761 1.55464 0.000366869
47.125 -0.436332 -0.539943 0.103611 10.361 -1.37446e-06 0.248271 -0.00215685 -0.539943 -0.00561761 1.55464 0.000366869
47.126 -0.436332 -0.539943 0.103611 10.361 -1.3722e-06 0.248271 -0.00215685 -0.539943 -0.00561761 1.55464 0.000366869
47.127 -0.436332 -0.539943 0.103611 10.361 -1.36993e-06 0.248271 -0.00215685 -0.539943 -0.00561761 1.55464 0.000366869
47.128 -0.436332 -0.539943 0.103611 10.361 -1.36765e-06 0.248271 -0.00215685 -0.539943 -0.00561761 1.55464 0.000366869
47.129 -0.436332 -0.539943 0.103611 10.361 -1.36537e-06 0.248271 -0.00215685 -0.539943 -0.00561761 1.55464 0.000366869
47.13 -0.436332 -0.539943 0.103611 10.361 -1.36307e-06 0.248271 -0.00215685 -0.539943 -0.00561761 1.55464 0.000366868
47.131 -0.436332 -0.539943 0.103611 10.3609 -1.36076e-06 0.248271 -0.00215685 -0.539943 -0.00561761 1.55464 0.000366868
47.132 -0.436332 -0.539943 0.103611 10.3609 -1.35844e-06 0.248271 -0.00215685 -0.539943 -0.00561761 1.55464 0.000366868
47.133 -0.436332 -0.539943 0.103611 10.3609 -1.35611e-06 0.248271 -0.00215685 -0.539943 -0.00561761 1.55464 0.000366868
47.134 -0.436332 -0.539943 0.103611 10.3609 -1.35378e-06 0.248271 -0.00215685 -0.539943 -0.00561761 1.55464 0.000366868
47.135 -0.436332 -0.539943 0.103611 10.3609 -1.35143e-06 0.248271 -0.00215685 -0.539943 -0.00561761 1.55464 0.000366868
47.136 -0.436332 -0.539943 0.103611 10.3609 -1.34907e-06 0.248271 -0.00215685 -0.539943 -0.00561761 1.55464 0.000366868
47.137 -0.436332 -0.539943 0.103611 10.3609 -1.34671e-06 0.248271 -0.00215685 -0.539943 -0.00561761 1.55464 0.000366868
47.138 -0.436332 -0.539943 0.103611 10.3609 -1.34433e-06 0.248271 -0.00215685 -0.539943 -0.00561761 1.55464 0.000366868
47.139 -0.436332 -0.539943 0.103611 10.3608 -1.34195e-06 0.248271 -0.00215685 -0.539943 -0.00561761 1.55464 0.000366868
47.14 -0.436332 -0.539943 0.103611 10.3608 -1.33956e-06 0.248271 -0.00215685 -0.539943 -0.00561761 1.55464 0.000366868
47.141 -0.436332 -0.539943 0.103611 10.3608 -1.33716e-06 0.248271 -0.00215685 -0.539943 -0.00561761 1.55464 0.000366867
47.142 -0.436332 -0.539943 0.10361 10.3608 -1.33474e-06 0.248271 -0.00215685 -0.539943 -0.00561761 1.55464 0.000366867
47.143 -0.436332 -0.539943 0.10361 10.3608 -1.33232e-06 0.248271 -0.00215685 -0.539943 -0.00561761 1.55464 0.000366867
47.144 -0.436332 -0.539943 0.10361 10.3608 -1.32989e-06 0.248271 -0.00215685 -0.539943 -0.00561761 1.55464 0.000366867
47.145 -0.436332 -0.539943 0.10361 10.3608 -1.32746e-06 0.248271 -0.00215685 -0.539943 -0.00561761 1.55464 0.000366867
47.146 -0.436332 -0.539943 0.10361 10.3607 -1.32501e-06 0.248271 -0.00215685 -0.539943 -0.00561761 1.55464 0.000366867
47.147 -0.436332 -0.539943 0.10361 10.3607 -1.32255e-06 0.248271 -0.00215685 -0.539943 -0.00561761 1.55464 0.000366867
47.148 -0.436332 -0.539943 0.10361 10.3607 -1.32009e-06 0.248271 -0.00215685 -0.539943 -0.00561761 1.55464 0.000366867
47.149 -0.436332 -0.539943 0.10361 10.3607 -1.31761e-06 0.24827 -0.00215685 -0.539943 -0.00561761 1.55464 0.000366867
47.15 -0.436332 -0.539943 0.10361 10.3607 -1.31513e-06 0.24827 -0.00215685 -0.539943 -0.00561761 1.55464 0.000366867
47.151 -0.436332 -0.539943 0.10361 10.3607 -1.31264e-06 0.24827 -0.00215685 -0.539943 -0.0056176 1.55464 0.000366867
47.152 -0.436332 -0.539942 0.10361 10.3607 -1.31014e-06 0.24827 -0.00215684 -0.539942 -0.0056176 1.55464 0.000366867
47.153 -0.436332 -0.539942 0.10361 10.3606 -1.30763e-06 0.24827 -0.00215684 -0.539942 -0.0056176 1.55464 0.000366867
47.154 -0.436332 -0.539942 0.10361 10.3606 -1.30512e-06 0.24827 -0.00215684 -0.539942 -0.0056176 1.55464 0.000366866
47.155 -0.436332 -0.539942 0.10361 10.3606 -1.30259e-06 0.24827 -0.00215684 -0.539942 -0.0056176 1.55464 0.000366866
47.156 -0.436332 -0.539942 0.10361 10.3606 -1.30006e-06 0.24827 -0.00215684 -0.539942 -0.0056176 1.55464 0.000366866
47.157 -0.436332 -0.539942 0.10361 10.3606 -1.29752e-06 0.24827 -0.00215684 -0.539942 -0.0056176 1.55464 0.000366866
47.158 -0.436332 -0.539942 0.10361 10.3606 -1.29497e-06 0.24827 -0.00215684 -0.539942 -0.0056176 1.55464 0.000366866
47.159 -0.436332 -0.539942 0.10361 10.3606 -1.29241e-06 0.24827 -0.00215684 -0.539942 -0.0056176 1.55464 0.000366866
47.16 -0.436332 -0.539942 0.10361 10.3605 -1.28984e-06 0.24827 -0.00215684 -0.539942 -0.0056176 1.55464 0.000366866
47.161 -0.436332 -0.539942 0.10361 10.3605 -1.28727e-06 0.24827 -0.00215684 -0.539942 -0.0056176 1.55464 0.000366866
47.162 -0.436332 -0.539942 0.10361 10.3605 -1.28469e-06 0.248269 -0.00215684 -0.539942 -0.0056176 1.55464 0.000366866
47.163 -0.436332 -0.539942 0.10361 10.3605 -1.2821e-06 0.248269 -0.00215684 -0.539942 -0.0056176 1.55464 0.000366866
47.164 -0.436332 -0.539942 0.10361 10.3605 -1.2795e-06 0.248269 -0.00215683 -0.539942 -0.0056176 1.55464 0.000366866
47.165 -0.436332 -0.539942 0.10361 10.3605 -1.27689e-06 0.248269 -0.00215683 -0.539942 -0.00561759 1.55464 0.000366866
47.166 -0.436332 -0.539942 0.10361 10.3604 -1.27428e-06 0.248269 -0.00215683 -0.539942 -0.00561759 1.55464 0.000366866
47.167 -0.436332 -0.539942 0.10361 10.3604 -1.27166e-06 0.248269 -0.00215683 -0.539942 -0.00561759 1.55464 0.000366866
47.168 -0.436332 -0.539942 0.103609 10.3604 -1.26903e-06 0.248269 -0.00215683 -0.539942 -0.00561759 1.55464 0.000366866
47.169 -0.436332 -0.539942 0.103609 10.3604 -1.26639e-06 0.248269 -0.00215683 -0.539942 -0.00561759 1.55464 0.000366866
47.17 -0.436332 -0.539942 0.103609 10.3604 -1.26375e-06 0.248269 -0.00215683 -0.539942 -0.00561759 1.55464 0.000366866
47.171 -0.436332 -0.539942 0.103609 10.3604 -1.26109e-06 0.248269 -0.00215683 -0.539942 -0.00561759 1.55464 0.000366866
47.172 -0.436332 -0.539942 0.103609 10.3603 -1.25843e-06 0.248268 -0.00215682 -0.539942 -0.00561759 1.55464 0.000366866
47.173 -0.436332 -0.539941 0.103609 10.3603 -1.25577e-06 0.248268 -0.00215682 -0.539941 -0.00561759 1.55464 0.000366866
47.174 -0.436332 -0.539941 0.103609 10.3603 -1.25309e-06 0.248268 -0.00215682 -0.539941 -0.00561758 1.55464 0.000366866
47.175 -0.436332 -0.539941 0.103609 10.3603 -1.25041e-06 0.248268 -0.00215682 -0.539941 -0.00561758 1.55464 0.000366866
47.176 -0.436332 -0.539941 0.103609 10.3603 -1.24772e-06 0.248268 -0.00215682 -0.539941 -0.00561758 1.55464 0.000366866
47.177 -0.436332 -0.539941 0.103609 10.3603 -1.24502e-06 0.248268 -0.00215682 -0.539941 -0.00561758 1.55464 0.000366866
47.178 -0.436332 -0.539941 0.103609 10.3603 -1.24232e-06 0.248268 -0.00215682 -0.539941 -0.00561758 1.55464 0.000366866
47.179 -0.436332 -0.539941 0.103609 10.3602 -1.23961e-06 0.248268 -0.00215681 -0.539941 -0.00561758 1.55464 0.000366866
47.18 -0.436332 -0.539941 0.103609 10.3602 -1.23689e-06 0.248267 -0.00215681 -0.539941 -0.00561758 1.55464 0.000366866
47.181 -0.436332 -0.539941 0.103609 10.3602 -1.23416e-06 0.248267 -0.00215681 -0.539941 -0.00561757 1.55464 0.000366866
47.182 -0.436332 -0.539941 0.103609 10.3602 -1.23143e-06 0.248267 -0.00215681 -0.539941 -0.00561757 1.55464 0.000366866
47.183 -0.436332 -0.539941 0.103609 10.3602 -1.22869e-06 0.248267 -0.00215681 -0.539941 -0.00561757 1.55464 0.000366866
47.184 -0.436332 -0.539941 0.103608 10.3602 -1.22595e-06 0.248267 -0.00215681 -0.539941 -0.00561757 1.55464 0.000366866
47.185 -0.436332 -0.539941 0.103608 10.3601 -1.22319e-06 0.248267 -0.0021568 -0.539941 -0.00561757 1.55464 0.000366866
47.186 -0.436332 -0.539941 0.103608 10.3601 -1.22043e-06 0.248267 -0.0021568 -0.539941 -0.00561757 1.55464 0.000366866
47.187 -0.436332 -0.539941 0.103608 10.3601 -1.21767e-06 0.248266 -0.0021568 -0.539941 -0.00561756 1.55464 0.000366866
47.188 -0.436332 -0.53994 0.103608 10.3601 -1.21489e-06 0.248266 -0.0021568 -0.53994 -0.00561756 1.55464 0.000366866
47.189 -0.436332 -0.53994 0.103608 10.3601 -1.21211e-06 0.248266 -0.0021568 -0.53994 -0.00561756 1.55464 0.000366866
47.19 -0.436332 -0.53994 0.103608 10.3601 -1.20933e-06 0.248266 -0.00215679 -0.53994 -0.00561756 1.55464 0.000366866
47.191 -0.436332 -0.53994 0.103608 10.36 -1.20653e-06 0.248266 -0.00215679 -0.53994 -0.00561756 1.55464 0.000366866
47.192 -0.436332 -0.53994 0.103608 10.36 -1.20373e-06 0.248266 -0.00215679 -0.53994 -0.00561756 1.55464 0.000366866
47.193 -0.436332 -0.53994 0.103608 10.36 -1.20093e-06 0.248266 -0.00215679 -0.53994 -0.00561755 1.55464 0.000366866
47.194 -0.436332 -0.53994 0.103608 10.36 -1.19812e-06 0.248265 -0.00215679 -0.53994 -0.00561755 1.55464 0.000366866
47.195 -0.436332 -0.53994 0.103608 10.36 -1.1953e-06 0.248265 -0.00215679 -0.53994 -0.00561755 1.55464 0.000366866
47.196 -0.436332 -0.53994 0.103608 10.3599 -1.19247e-06 0.248265 -0.00215678 -0.53994 -0.00561755 1.55464 0.000366866
47.197 -0.436332 -0.53994 0.103607 10.3599 -1.18964e-06 0.248265 -0.00215678 -0.53994 -0.00561755 1.55464 0.000366866
47.198 -0.436332 -0.53994 0.103607 10.3599 -1.1868e-06 0.248265 -0.00215678 -0.53994 -0.00561754 1.55464 0.000366866
47.199 -0.436332 -0.53994 0.103607 10.3599 -1.18396e-06 0.248265 -0.00215678 -0.53994 -0.00561754 1.55464 0.000366866
47.2 -0.436332 -0.53994 0.103607 10.3599 -1.18111e-06 0.248264 -0.00215677 -0.53994 -0.00561754 1.55464 0.000366866
47.201 -0.436332 -0.539939 0.103607 10.3599 -1.17825e-06 0.248264 -0.00215677 -0.539939 -0.00561754 1.55464 0.000366866
47.202 -0.436332 -0.539939 0.103607 10.3598 -1.17539e-06 0.248264 -0.00215677 -0.539939 -0.00561754 1.55464 0.000366866
47.203 -0.436332 -0.539939 0.103607 10.3598 -1.17252e-06 0.248264 -0.00215677 -0.539939 -0.00561753 1.55464 0.000366866
47.204 -0.436332 -0.539939 0.103607 10.3598 -1.16965e-06 0.248264 -0.00215677 -0.539939 -0.00561753 1.55464 0.000366866
47.205 -0.436332 -0.539939 0.103607 10.3598 -1.16677e-06 0.248263 -0.00215676 -0.539939 -0.00561753 1.55464 0.000366866
47.206 -0.436332 -0.539939 0.103607 10.3598 -1.16388e-06 0.248263 -0.00215676 -0.539939 -0.00561753 1.55464 0.000366866
47.207 -0.436332 -0.539939 0.103607 10.3598 -1.16099e-06 0.248263 -0.00215676 -0.539939 -0.00561753 1.55464 0.000366866
47.208 -0.436332 -0.539939 0.103607 10.3597 -1.1581e-06 0.248263 -0.00215676 -0.539939 -0.00561752 1.55464 0.000366866
47.209 -0.436332 -0.539939 0.103606 10.3597 -1.15519e-06 0.248263 -0.00215675 -0.539939 -0.00561752 1.55464 0.000366866
47.21 -0.436332 -0.539939 0.103606 10.3597 -1.15228e-06 0.248263 -0.00215675 -0.539939 -0.00561752 1.55464 0.000366866
47.211 -0.436332 -0.539939 0.103606 10.3597 -1.14937e-06 0.248262 -0.00215675 -0.539939 -0.00561752 1.55464 0.000366866
47.212 -0.436332 -0.539938 0.103606 10.3597 -1.14645e-06 0.248262 -0.00215675 -0.539938 -0.00561751 1.55464 0.000366866
47.213 -0.436332 -0.539938 0.103606 10.3596 -1.14353e-06 0.248262 -0.00215674 -0.539938 -0.00561751 1.55464 0.000366866
47.214 -0.436332 -0.539938 0.103606 10.3596 -1.1406e-06 0.248262 -0.00215674 -0.539938 -0.00561751 1.55464 0.000366866
47.215 -0.436332 -0.539938 0.103606 10.3596 -1.13766e-06 0.248262 -0.00215674 -0.539938 -0.00561751 1.55464 0.000366866
47.216 -0.436332 -0.539938 0.103606 10.3596 -1.13472e-06 0.248261 -0.00215674 -0.539938 -0.0056175 1.55464 0.000366866
47.217 -0.436332 -0.539938 0.103606 10.3596 -1.13177e-06 0.248261 -0.00215673 -0.539938 -0.0056175 1.55464 0.000366867
47.218 -0.436332 -0.539938 0.103606 10.3596 -1.12882e-06 0.248261 -0.00215673 -0.539938 -0.0056175 1.55464 0.000366867
47.219 -0.436332 -0.539938 0.103605 10.3595 -1.12587e-06 0.248261 -0.00215673 -0.539938 -0.0056175 1.55464 0.000366867
47.22 -0.436332 -0.539938 0.103605 10.3595 -1.12291e-06 0.248261 -0.00215673 -0.539938 -0.00561749 1.55464 0.000366867
47.221 -0.436332 -0.539938 0.103605 10.3595 -1.11994e-06 0.24826 -0.00215672 -0.539938 -0.00561749 1.55464 0.000366867
47.222 -0.436332 -0.539937 0.103605 10.3595 -1.11697e-06 0.24826 -0.00215672 -0.539937 -0.00561749 1.55464 0.000366867
47.223 -0.436332 -0.539937 0.103605 10.3595 -1.11399e-06 0.24826 -0.00215672 -0.539937 -0.00561749 1.55464 0.000366867
47.224 -0.436332 -0.539937 0.103605 10.3594 -1.11101e-06 0.24826 -0.00215671 -0.539937 -0.00561748 1.55464 0.000366867
47.225 -0.436332 -0.539937 0.103605 10.3594 -1.10802e-06 0.248259 -0.00215671 -0.539937 -0.00561748 1.55464 0.000366867
47.226 -0.436332 -0.539937 0.103605 10.3594 -1.10503e-06 0.248259 -0.00215671 -0.539937 -0.00561748 1.55464 0.000366867
47.227 -0.436332 -0.539937 0.103605 10.3594 -1.10203e-06 0.248259 -0.00215671 -0.539937 -0.00561747 1.55464 0.000366867
47.228 -0.436332 -0.539937 0.103605 10.3594 -1.09903e-06 0.248259 -0.0021567 -0.539937 -0.00561747 1.55464 0.000366867
47.229 -0.436332 -0.539937 0.103604 10.3593 -1.09603e-06 0.248259 -0.0021567 -0.539937 -0.00561747 1.55464 0.000366867
47.23 -0.436332 -0.539937 0.103604 10.3593 -1.09302e-06 0.248258 -0.0021567 -0.539937 -0.00561747 1.55464 0.000366867
47.231 -0.436332 -0.539936 0.103604 10.3593 -1.09e-06 0.248258 -0.00215669 -0.539936 -0.00561746 1.55464 0.000366867
47.232 -0.436332 -0.539936 0.103604 10.3593 -1.08698e-06 0.248258 -0.00215669 -0.539936 -0.00561746 1.55464 0.000366868
47.233 -0.436332 -0.539936 0.103604 10.3593 -1.08396e-06 0.248258 -0.00215669 -0.539936 -0.00561746 1.55464 0.000366868
47.234 -0.436332 -0.539936 0.103604 10.3592 -1.08093e-06 0.248257 -0.00215668 -0.539936 -0.00561745 1.55464 0.000366868
47.235 -0.436332 -0.539936 0.103604 10.3592 -1.0779e-06 0.248257 -0.00215668 -0.539936 -0.00561745 1.55464 0.000366868
47.236 -0.436332 -0.539936 0.103604 10.3592 -1.07486e-06 0.248257 -0.00215668 -0.539936 -0.00561745 1.55464 0.000366868
47.237 -0.436332 -0.539936 0.103603 10.3592 -1.07182e-06 0.248257 -0.00215668 -0.539936 -0.00561745 1.55464 0.000366868
47.238 -0.436332 -0.539936 0.103603 10.3592 -1.06878e-06 0.248256 -0.00215667 -0.539936 -0.00561744 1.55464 0.000366868
47.239 -0.436332 -0.539936 0.103603 10.3591 -1.06573e-06 0.248256 -0.00215667 -0.539936 -0.00561744 1.55464 0.000366868
47.24 -0.436332 -0.539935 0.103603 10.3591 -1.06267e-06 0.248256 -0.00215667 -0.539935 -0.00561744 1.55464 0.000366868
47.241 -0.436332 -0.539935 0.103603 10.3591 -1.05962e-06 0.248256 -0.00215666 -0.539935 -0.00561743 1.55464 0.000366868
47.242 -0.436332 -0.539935 0.103603 10.3591 -1.05655e-06 0.248255 -0.00215666 -0.539935 -0.00561743 1.55464 0.000366868
47.243 -0.436332 -0.539935 0.103603 10.3591 -1.05349e-06 0.248255 -0.00215666 -0.539935 -0.00561743 1.55464 0.000366869
47.244 -0.436332 -0.539935 0.103603 10.3591 -1.05042e-06 0.248255 -0.00215665 -0.539935 -0.00561742 1.55464 0.000366869
47.245 -0.436332 -0.539935 0.103603 10.359 -1.04734e-06 0.248255 -0.00215665 -0.539935 -0.00561742 1.55464 0.000366869
47.246 -0.436332 -0.539935 0.103602 10.359 -1.04427e-06 0.248254 -0.00215665 -0.539935 -0.00561742 1.55464 0.000366869
47.247 -0.436332 -0.539935 0.103602 10.359 -1.04118e-06 0.248254 -0.00215664 -0.539935 -0.00561741 1.55464 0.000366869
47.248 -0.436332 -0.539934 0.103602 10.359 -1.0381e-06 0.248254 -0.00215664 -0.539934 -0.00561741 1.55464 0.000366869
47.249 -0.436332 -0.539934 0.103602 10.359 -1.03501e-06 0.248254 -0.00215664 -0.539934 -0.00561741 1.55464 0.000366869
47.25 -0.436332 -0.539934 0.103602 10.3589 -1.03192e-06 0.248253 -0.00215663 -0.539934 -0.0056174 1.55464 0.000366869
47.251 -0.436332 -0.539934 0.103602 10.3589 -1.02882e-06 0.248253 -0.00215663 -0.539934 -0.0056174 1.55464 0.000366869
47.252 -0.436332 -0.539934 0.103602 10.3589 -1.02572e-06 0.248253 -0.00215663 -0.539934 -0.0056174 1.55464 0.000366869
47.253 -0.436332 -0.539934 0.103602 10.3589 -1.02262e-06 0.248253 -0.00215662 -0.539934 -0.00561739 1.55464 0.00036687
47.254 -0.436332 -0.539934 0.103601 10.3589 -1.01951e-06 0.248252 -0.00215662 -0.539934 -0.00561739 1.55464 0.00036687
47.255 -0.436332 -0.539934 0.103601 10.3588 -1.0164e-06 0.248252 -0.00215662 -0.539934 -0.00561739 1.55464 0.00036687
47.256 -0.436332 -0.539933 0.103601 10.3588 -1.01329e-06 0.248252 -0.00215661 -0.539933 -0.00561738 1.55464 0.00036687
47.257 -0.436332 -0.539933 0.103601 10.3588 -1.01017e-06 0.248252 -0.00215661 -0.539933 -0.00561738 1.55464 0.00036687
47.258 -0.436332 -0.539933 0.103601 10.3588 -1.00705e-06 0.248251 -0.0021566 -0.539933 -0.00561738 1.55464 0.00036687
47.259 -0.436332 -0.539933 0.103601 10.3587 -1.00392e-06 0.248251 -0.0021566 -0.539933 -0.00561737 1.55464 0.00036687
47.26 -0.436332 -0.539933 0.103601 10.3587 -1.0008e-06 0.248251 -0.0021566 -0.539933 -0.00561737 1.55464 0.00036687
47.261 -0.436332 -0.539933 0.1036 10.3587 -9.97667e-07 0.24825 -0.00215659 -0.539933 -0.00561737 1.55464 0.000366871
47.262 -0.436332 -0.539933 0.1036 10.3587 -9.94533e-07 0.24825 -0.00215659 -0.539933 -0.00561736 1.55464 0.000366871
47.263 -0.436332 -0.539933 0.1036 10.3587 -9.91397e-07 0.24825 -0.00215659 -0.539933 -0.00561736 1.55464 0.000366871
47.264 -0.436332 -0.539932 0.1036 10.3586 -9.88257e-07 0.24825 -0.00215658 -0.539932 -0.00561735 1.55464 0.000366871
47.265 -0.436332 -0.539932 0.1036 10.3586 -9.85114e-07 0.248249 -0.00215658 -0.539932 -0.00561735 1.55464 0.000366871
47.266 -0.436332 -0.539932 0.1036 10.3586 -9.81969e-07 0.248249 -0.00215657 -0.539932 -0.00561735 1.55464 0.000366871
47.267 -0.436332 -0.539932 0.1036 10.3586 -9.7882e-07 0.248249 -0.00215657 -0.539932 -0.00561734 1.55464 0.000366871
47.268 -0.436332 -0.539932 0.1036 10.3586 -9.75669e-07 0.248248 -0.00215657 -0.539932 -0.00561734 1.55464 0.000366871
47.269 -0.436332 -0.539932 0.103599 10.3585 -9.72515e-07 0.248248 -0.00215656 -0.539932 -0.00561734 1.55464 0.000366872
47.27 -0.436332 -0.539932 0.103599 10.3585 -9.69358e-07 0.248248 -0.00215656 -0.539932 -0.00561733 1.55464 0.000366872
47.271 -0.436332 -0.539931 0.103599 10.3585 -9.66198e-07 0.248248 -0.00215656 -0.539931 -0.00561733 1.55464 0.000366872
47.272 -0.436332 -0.539931 0.103599 10.3585 -9.63036e-07 0.248247 -0.00215655 -0.539931 -0.00561732 1.55464 0.000366872
47.273 -0.436332 -0.539931 0.103599 10.3585 -9.59871e-07 0.248247 -0.00215655 -0.539931 -0.00561732 1.55464 0.000366872
47.274 -0.436332 -0.539931 0.103599 10.3584 -9.56703e-07 0.248247 -0.00215654 -0.539931 -0.00561732 1.55464 0.000366872
47.275 -0.436332 -0.539931 0.103599 10.3584 -9.53533e-07 0.248246 -0.00215654 -0.539931 -0.00561731 1.55464 0.000366872
47.276 -0.436332 -0.539931 0.103598 10.3584 -9.5036e-07 0.248246 -0.00215654 -0.539931 -0.00561731 1.55464 0.000366873
47.277 -0.436332 -0.539931 0.103598 10.3584 -9.47185e-07 0.248246 -0.00215653 -0.539931 -0.00561731 1.55464 0.000366873
47.278 -0.436332 -0.53993 0.103598 10.3584 -9.44007e-07 0.248245 -0.00215653 -0.53993 -0.0056173 1.55464 0.000366873
47.279 -0.436332 -0.53993 0.103598 10.3583 -9.40827e-07 0.248245 -0.00215652 -0.53993 -0.0056173 1.55464 0.000366873
47.28 -0.436332 -0.53993 0.103598 10.3583 -9.37645e-07 0.248245 -0.00215652 -0.53993 -0.00561729 1.55464 0.000366873
47.281 -0.436332 -0.53993 0.103598 10.3583 -9.3446e-07 0.248245 -0.00215652 -0.53993 -0.00561729 1.55464 0.000366873
47.282 -0.436332 -0.53993 0.103598 10.3583 -9.31273e-07 0.248244 -0.00215651 -0.53993 -0.00561729 1.55464 0.000366873
47.283 -0.436332 -0.53993 0.103597 10.3582 -9.28084e-07 0.248244 -0.00215651 -0.53993 -0.00561728 1.55464 0.000366874
47.284 -0.436332 -0.53993 0.103597 10.3582 -9.24893e-07 0.248244 -0.0021565 -0.53993 -0.00561728 1.55464 0.000366874
47.285 -0.436332 -0.539929 0.103597 10.3582 -9.21699e-07 0.248243 -0.0021565 -0.539929 -0.00561727 1.55464 0.000366874
47.286 -0.436332 -0.539929 0.103597 10.3582 -9.18504e-07 0.248243 -0.00215649 -0.539929 -0.00561727 1.55464 0.000366874
47.287 -0.436332 -0.539929 0.103597 10.3582 -9.15306e-07 0.248243 -0.00215649 -0.539929 -0.00561726 1.55464 0.000366874
47.288 -0.436332 -0.539929 0.103597 10.3581 -9.12107e-07 0.248242 -0.00215649 -0.539929 -0.00561726 1.55464 0.000366874
47.289 -0.436332 -0.539929 0.103596 10.3581 -9.08905e-07 0.248242 -0.00215648 -0.539929 -0.00561726 1.55464 0.000366875
47.29 -0.436332 -0.539929 0.103596 10.3581 -9.05702e-07 0.248242 -0.00215648 -0.539929 -0.00561725 1.55464 0.000366875
47.291 -0.436332 -0.539928 0.103596 10.3581 -9.02497e-07 0.248241 -0.00215647 -0.539928 -0.00561725 1.55464 0.000366875
47.292 -0.436332 -0.539928 0.103596 10.3581 -8.9929e-07 0.248241 -0.00215647 -0.539928 -0.00561724 1.55464 0.000366875
47.293 -0.436332 -0.539928 0.103596 10.358 -8.96081e-07 0.248241 -0.00215646 -0.539928 -0.00561724 1.55464 0.000366875
47.294 -0.436332 -0.539928 0.103596 10.358 -8.9287e-07 0.24824 -0.00215646 -0.539928 -0.00561724 1.55464 0.000366875
47.295 -0.436332 -0.539928 0.103596 10.358 -8.89658e-07 0.24824 -0.00215646 -0.539928 -0.00561723 1.55464 0.000366876
47.296 -0.436332 -0.539928 0.103595 10.358 -8.86444e-07 0.24824 -0.00215645 -0.539928 -0.00561723 1.55464 0.000366876
47.297 -0.436332 -0.539928 0.103595 10.358 -8.83229e-07 0.248239 -0.00215645 -0.539928 -0.00561722 1.55464 0.000366876
47.298 -0.436332 -0.539927 0.103595 10.3579 -8.80012e-07 0.248239 -0.00215644 -0.539927 -0.00561722 1.55464 0.000366876
47.299 -0.436332 -0.539927 0.103595 10.3579 -8.76793e-07 0.248239 -0.00215644 -0.539927 -0.00561721 1.55464 0.000366876
47.3 -0.436332 -0.539927 0.103595 10.3579 -8.73573e-07 0.248238 -0.00215643 -0.539927 -0.00561721 1.55464 0.000366876
47.301 -0.436332 -0.539927 0.103595 10.3579 -8.70351e-07 0.248238 -0.00215643 -0.539927 -0.0056172 1.55464 0.000366877
47.302 -0.436332 -0.539927 0.103594 10.3578 -8.67128e-07 0.248238 -0.00215642 -0.539927 -0.0056172 1.55464 0.000366877
47.303 -0.436332 -0.539927 0.103594 10.3578 -8.63904e-07 0.248237 -0.00215642 -0.539927 -0.0056172 1.55464 0.000366877
47.304 -0.436332 -0.539926 0.103594 10.3578 -8.60679e-07 0.248237 -0.00215642 -0.539926 -0.00561719 1.55464 0.000366877
47.305 -0.436332 -0.539926 0.103594 10.3578 -8.57452e-07 0.248237 -0.00215641 -0.539926 -0.00561719 1.55464 0.000366877
47.306 -0.436332 -0.539926 0.103594 10.3578 -8.54223e-07 0.248236 -0.00215641 -0.539926 -0.00561718 1.55464 0.000366877
47.307 -0.436332 -0.539926 0.103594 10.3577 -8.50994e-07 0.248236 -0.0021564 -0.539926 -0.00561718 1.55464 0.000366878
47.308 -0.436332 -0.539926 0.103593 10.3577 -8.47764e-07 0.248236 -0.0021564 -0.539926 -0.00561717 1.55464 0.000366878
47.309 -0.436332 -0.539926 0.103593 10.3577 -8.44532e-07 0.248235 -0.00215639 -0.539926 -0.00561717 1.55464 0.000366878
47.31 -0.436332 -0.539925 0.103593 10.3577 -8.41299e-07 0.248235 -0.00215639 -0.539925 -0.00561716 1.55464 0.000366878
47.311 -0.436332 -0.539925 0.103593 10.3576 -8.38066e-07 0.248235 -0.00215638 -0.539925 -0.00561716 1.55464 0.000366878
47.312 -0.436332 -0.539925 0.103593 10.3576 -8.34831e-07 0.248234 -0.00215638 -0.539925 -0.00561715 1.55464 0.000366879
47.313 -0.436332 -0.539925 0.103593 10.3576 -8.31595e-07 0.248234 -0.00215637 -0.539925 -0.00561715 1.55464 0.000366879
47.314 -0.436332 -0.539925 0.103592 10.3576 -8.28359e-07 0.248234 -0.00215637 -0.539925 -0.00561715 1.55464 0.000366879
47.315 -0.436332 -0.539925 0.103592 10.3576 -8.25121e-07 0.248233 -0.00215636 -0.539925 -0.00561714 1.55464 0.000366879
47.316 -0.436332 -0.539924 0.103592 10.3575 -8.21883e-07 0.248233 -0.00215636 -0.539924 -0.00561714 1.55464 0.000366879
47.317 -0.436332 -0.539924 0.103592 10.3575 -8.18644e-07 0.248233 -0.00215635 -0.539924 -0.00561713 1.55464 0.00036688
47.318 -0.436332 -0.539924 0.103592 10.3575 -8.15404e-07 0.248232 -0.00215635 -0.539924 -0.00561713 1.55464 0.00036688
47.319 -0.436332 -0.539924 0.103592 10.3575 -8.12164e-07 0.248232 -0.00215635 -0.539924 -0.00561712 1.55464 0.00036688
47.32 -0.436332 -0.539924 0.103591 10.3574 -8.08923e-07 0.248232 -0.00215634 -0.539924 -0.00561712 1.55464 0.00036688
47.321 -0.436332 -0.539924 0.103591 10.3574 -8.05681e-07 0.248231 -0.00215634 -0.539924 -0.00561711 1.55464 0.00036688
47.322 -0.436332 -0.539923 0.103591 10.3574 -8.02439e-07 0.248231 -0.00215633 -0.539923 -0.00561711 1.55464 0.000366881
47.323 -0.436332 -0.539923 0.103591 10.3574 -7.99196e-07 0.248231 -0.00215633 -0.539923 -0.0056171 1.55464 0.000366881
47.324 -0.436332 -0.539923 0.103591 10.3574 -7.95952e-07 0.24823 -0.00215632 -0.539923 -0.0056171 1.55464 0.000366881
47.325 -0.436332 -0.539923 0.103591 10.3573 -7.92708e-07 0.24823 -0.00215632 -0.539923 -0.00561709 1.55464 0.000366881
47.326 -0.436332 -0.539923 0.10359 10.3573 -7.89464e-07 0.248229 -0.00215631 -0.539923 -0.00561709 1.55464 0.000366881
47.327 -0.436332 -0.539923 0.10359 10.3573 -7.86219e-07 0.248229 -0.00215631 -0.539923 -0.00561708 1.55464 0.000366882
47.328 -0.436332 -0.539922 0.10359 10.3573 -7.82974e-07 0.248229 -0.0021563 -0.539922 -0.00561708 1.55464 0.000366882
47.329 -0.436332 -0.539922 0.10359 10.3573 -7.79729e-07 0.248228 -0.0021563 -0.539922 -0.00561707 1.55464 0.000366882
47.33 -0.436332 -0.539922 0.10359 10.3572 -7.76483e-07 0.248228 -0.00215629 -0.539922 -0.00561707 1.55464 0.000366882
47.331 -0.436332 -0.539922 0.10359 10.3572 -7.73237e-07 0.248228 -0.00215629 -0.539922 -0.00561706 1.55464 0.000366882
47.332 -0.436332 -0.539922 0.103589 10.3572 -7.69991e-07 0.248227 -0.00215628 -0.539922 -0.00561706 1.55464 0.000366883
47.333 -0.436332 -0.539922 0.103589 10.3572 -7.66745e-07 0.248227 -0.00215628 -0.539922 -0.00561705 1.55464 0.000366883
47.334 -0.436332 -0.539921 0.103589 10.3571 -7.63498e-07 0.248227 -0.00215627 -0.539921 -0.00561705 1.55464 0.000366883
47.335 -0.436332 -0.539921 0.103589 10.3571 -7.60252e-07 0.248226 -0.00215627 -0.539921 -0.00561704 1.55464 0.000366883
47.336 -0.436332 -0.539921 0.103589 10.3571 -7.57005e-07 0.248226 -0.00215626 -0.539921 -0.00561704 1.55464 0.000366883
47.337 -0.436332 -0.539921 0.103588 10.3571 -7.53759e-07 0.248225 -0.00215626 -0.539921 -0.00561703 1.55464 0.000366884
47.338 -0.436332 -0.539921 0.103588 10.3571 -7.50512e-07 0.248225 -0.00215625 -0.539921 -0.00561703 1.55464 0.000366884
47.339 -0.436332 -0.53992 0.103588 10.357 -7.47266e-07 0.248225 -0.00215625 -0.53992 -0.00561702 1.55464 0.000366884
47.34 -0.436332 -0.53992 0.103588 10.357 -7.4402e-07 0.248224 -0.00215624 -0.53992 -0.00561702 1.55464 0.000366884
47.341 -0.436332 -0.53992 0.103588 10.357 -7.40774e-07 0.248224 -0.00215624 -0.53992 -0.00561701 1.55464 0.000366885
47.342 -0.436332 -0.53992 0.103588 10.357 -7.37528e-07 0.248224 -0.00215623 -0.53992 -0.00561701 1.55464 0.000366885
47.343 -0.436332 -0.53992 0.103587 10.3569 -7.34282e-07 0.248223 -0.00215623 -0.53992 -0.005617 1.55464 0.000366885
47.344 -0.436332 -0.53992 0.103587 10.3569 -7.31036e-07 0.248223 -0.00215622 -0.53992 -0.005617 1.55464 0.000366885
47.345 -0.436332 -0.539919 0.103587 10.3569 -7.27791e-07 0.248222 -0.00215622 -0.539919 -0.00561699 1.55464 0.000366885
47.346 -0.436332 -0.539919 0.103587 10.3569 -7.24546e-07 0.248222 -0.00215621 -0.539919 -0.00561699 1.55464 0.000366886
47.347 -0.436332 -0.539919 0.103587 10.3569 -7.21302e-07 0.248222 -0.00215621 -0.539919 -0.00561698 1.55464 0.000366886
47.348 -0.436332 -0.539919 0.103587 10.3568 -7.18058e-07 0.248221 -0.0021562 -0.539919 -0.00561698 1.55464 0.000366886
47.349 -0.436332 -0.539919 0.103586 10.3568 -7.14814e-07 0.248221 -0.00215619 -0.539919 -0.00561697 1.55464 0.000366886
47.35 -0.436332 -0.539918 0.103586 10.3568 -7.11571e-07 0.24822 -0.00215619 -0.539918 -0.00561697 1.55464 0.000366887
47.351 -0.436332 -0.539918 0.103586 10.3568 -7.08328e-07 0.24822 -0.00215618 -0.539918 -0.00561696 1.55464 0.000366887
47.352 -0.436332 -0.539918 0.103586 10.3567 -7.05086e-07 0.24822 -0.00215618 -0.539918 -0.00561696 1.55464 0.000366887
47.353 -0.436332 -0.539918 0.103586 10.3567 -7.01844e-07 0.248219 -0.00215617 -0.539918 -0.00561695 1.55464 0.000366887
47.354 -0.436332 -0.539918 0.103585 10.3567 -6.98604e-07 0.248219 -0.00215617 -0.539918 -0.00561695 1.55464 0.000366887
47.355 -0.436332 -0.539918 0.103585 10.3567 -6.95363e-07 0.248219 -0.00215616 -0.539918 -0.00561694 1.55464 0.000366888
47.356 -0.436332 -0.539917 0.103585 10.3566 -6.92124e-07 0.248218 -0.00215616 -0.539917 -0.00561694 1.55464 0.000366888
47.357 -0.436332 -0.539917 0.103585 10.3566 -6.88885e-07 0.248218 -0.00215615 -0.539917 -0.00561693 1.55464 0.000366888
47.358 -0.436332 -0.539917 0.103585 10.3566 -6.85647e-07 0.248217 -0.00215615 -0.539917 -0.00561693 1.55464 0.000366888
47.359 -0.436332 -0.539917 0.103584 10.3566 -6.8241e-07 0.248217 -0.00215614 -0.539917 -0.00561692 1.55464 0.000366889
47.36 -0.436332 -0.539917 0.103584 10.3566 -6.79173e-07 0.248217 -0.00215614 -0.539917 -0.00561692 1.55464 0.000366889
47.361 -0.436332 -0.539916 0.103584 10.3565 -6.75938e-07 0.248216 -0.00215613 -0.539916 -0.00561691 1.55464 0.000366889
47.362 -0.436332 -0.539916 0.103584 10.3565 -6.72703e-07 0.248216 -0.00215613 -0.539916 -0.0056169 1.55464 0.000366889
47.363 -0.436332 -0.539916 0.103584 10.3565 -6.6947e-07 0.248215 -0.00215612 -0.539916 -0.0056169 1.55464 0.00036689
47.364 -0.436332 -0.539916 0.103584 10.3565 -6.66237e-07 0.248215 -0.00215611 -0.539916 -0.00561689 1.55464 0.00036689
47.365 -0.436332 -0.539916 0.103583 10.3564 -6.63005e-07 0.248215 -0.00215611 -0.539916 -0.00561689 1.55464 0.00036689
47.366 -0.436332 -0.539915 0.103583 10.3564 -6.59775e-07 0.248214 -0.0021561 -0.539915 -0.00561688 1.55464 0.00036689
47.367 -0.436332 -0.539915 0.103583 10.3564 -6.56545e-07 0.248214 -0.0021561 -0.539915 -0.00561688 1.55464 0.000366891
47.368 -0.436332 -0.539915 0.103583 10.3564 -6.53317e-07 0.248213 -0.00215609 -0.539915 -0.00561687 1.55464 0.000366891
47.369 -0.436332 -0.539915 0.103583 10.3564 -6.5009e-07 0.248213 -0.00215609 -0.539915 -0.00561687 1.55464 0.000366891
47.37 -0.436332 -0.539915 0.103582 10.3563 -6.46864e-07 0.248213 -0.00215608 -0.539915 -0.00561686 1.55464 0.000366891
47.371 -0.436332 -0.539915 0.103582 10.3563 -6.43639e-07 0.248212 -0.00215608 -0.539915 -0.00561686 1.55464 0.000366892
47.372 -0.436332 -0.539914 0.103582 10.3563 -6.40415e-07 0.248212 -0.00215607 -0.539914 -0.00561685 1.55464 0.000366892
47.373 -0.436332 -0.539914 0.103582 10.3563 -6.37193e-07 0.248211 -0.00215607 -0.539914 -0.00561685 1.55464 0.000366892
47.374 -0.436332 -0.539914 0.103582 10.3562 -6.33972e-07 0.248211 -0.00215606 -0.539914 -0.00561684 1.55464 0.000366892
47.375 -0.436332 -0.539914 0.103581 10.3562 -6.30753e-07 0.248211 -0.00215605 -0.539914 -0.00561683 1.55464 0.000366893
47.376 -0.436332 -0.539914 0.103581 10.3562 -6.27534e-07 0.24821 -0.00215605 -0.539914 -0.00561683 1.55464 0.000366893
47.377 -0.436332 -0.539913 0.103581 10.3562 -6.24318e-07 0.24821 -0.00215604 -0.539913 -0.00561682 1.55464 0.000366893
47.378 -0.436332 -0.539913 0.103581 10.3562 -6.21102e-07 0.248209 -0.00215604 -0.539913 -0.00561682 1.55464 0.000366893
47.379 -0.436332 -0.539913 0.103581 10.3561 -6.17889e-07 0.248209 -0.00215603 -0.539913 -0.00561681 1.55464 0.000366894
47.38 -0.436332 -0.539913 0.10358 10.3561 -6.14676e-07 0.248209 -0.00215603 -0.539913 -0.00561681 1.55464 0.000366894
47.381 -0.436332 -0.539913 0.10358 10.3561 -6.11466e-07 0.248208 -0.00215602 -0.539913 -0.0056168 1.55464 0.000366894
47.382 -0.436332 -0.539912 0.10358 10.3561 -6.08257e-07 0.248208 -0.00215602 -0.539912 -0.0056168 1.55464 0.000366894
47.383 -0.436332 -0.539912 0.10358 10.356 -6.05049e-07 0.248207 -0.00215601 -0.539912 -0.00561679 1.55464 0.000366895
47.384 -0.436332 -0.539912 0.10358 10.356 -6.01844e-07 0.248207 -0.002156 -0.539912 -0.00561678 1.55464 0.000366895
47.385 -0.436332 -0.539912 0.10358 10.356 -5.9864e-07 0.248206 -0.002156 -0.539912 -0.00561678 1.55464 0.000366895
47.386 -0.436332 -0.539912 0.103579 10.356 -5.95437e-07 0.248206 -0.00215599 -0.539912 -0.00561677 1.55464 0.000366895
47.387 -0.436332 -0.539911 0.103579 10.356 -5.92237e-07 0.248206 -0.00215599 -0.539911 -0.00561677 1.55464 0.000366896
47.388 -0.436332 -0.539911 0.103579 10.3559 -5.89038e-07 0.248205 -0.00215598 -0.539911 -0.00561676 1.55464 0.000366896
47.389 -0.436332 -0.539911 0.103579 10.3559 -5.85841e-07 0.248205 -0.00215598 -0.539911 -0.00561676 1.55464 0.000366896
47.39 -0.436332 -0.539911 0.103579 10.3559 -5.82646e-07 0.248204 -0.00215597 -0.539911 -0.00561675 1.55464 0.000366896
47.391 -0.436332 -0.539911 0.103578 10.3559 -5.79453e-07 0.248204 -0.00215596 -0.539911 -0.00561674 1.55464 0.000366897
47.392 -0.436332 -0.53991 0.103578 10.3558 -5.76261e-07 0.248204 -0.00215596 -0.53991 -0.00561674 1.55464 0.000366897
47.393 -0.436332 -0.53991 0.103578 10.3558 -5.73072e-07 0.248203 -0.00215595 -0.53991 -0.00561673 1.55464 0.000366897
47.394 -0.436332 -0.53991 0.103578 10.3558 -5.69885e-07 0.248203 -0.00215595 -0.53991 -0.00561673 1.55464 0.000366897
47.395 -0.436332 -0.53991 0.103578 10.3558 -5.667e-07 0.248202 -0.00215594 -0.53991 -0.00561672 1.55464 0.000366898
47.396 -0.436332 -0.53991 0.103577 10.3558 -5.63516e-07 0.248202 -0.00215594 -0.53991 -0.00561672 1.55464 0.000366898
47.397 -0.436332 -0.539909 0.103577 10.3557 -5.60335e-07 0.248201 -0.00215593 -0.539909 -0.00561671 1.55464 0.000366898
47.398 -0.436332 -0.539909 0.103577 10.3557 -5.57156e-07 0.248201 -0.00215592 -0.539909 -0.00561671 1.55464 0.000366899
47.399 -0.436332 -0.539909 0.103577 10.3557 -5.53979e-07 0.248201 -0.00215592 -0.539909 -0.0056167 1.55464 0.000366899
47.4 -0.436332 -0.539909 0.103577 10.3557 -5.50805e-07 0.2482 -0.00215591 -0.539909 -0.00561669 1.55464 0.000366899
47.401 -0.436332 -0.539909 0.103576 10.3556 -5.47632e-07 0.2482 -0.00215591 -0.539909 -0.00561669 1.55464 0.000366899
47.402 -0.436332 -0.539908 0.103576 10.3556 -5.44462e-07 0.248199 -0.0021559 -0.539908 -0.00561668 1.55464 0.0003669
47.403 -0.436332 -0.539908 0.103576 10.3556 -5.41294e-07 0.248199 -0.0021559 -0.539908 -0.00561668 1.55464 0.0003669
47.404 -0.436332 -0.539908 0.103576 10.3556 -5.38128e-07 0.248199 -0.00215589 -0.539908 -0.00561667 1.55464 0.0003669
47.405 -0.436332 -0.539908 0.103576 10.3556 -5.34965e-07 0.248198 -0.00215588 -0.539908 -0.00561666 1.55464 0.0003669
47.406 -0.436332 -0.539908 0.103575 10.3555 -5.31804e-07 0.248198 -0.00215588 -0.539908 -0.00561666 1.55464 0.000366901
47.407 -0.436332 -0.539907 0.103575 10.3555 -5.28646e-07 0.248197 -0.00215587 -0.539907 -0.00561665 1.55464 0.000366901
47.408 -0.436332 -0.539907 0.103575 10.3555 -5.25489e-07 0.248197 -0.00215587 -0.539907 -0.00561665 1.55464 0.000366901
47.409 -0.436332 -0.539907 0.103575 10.3555 -5.22336e-07 0.248196 -0.00215586 -0.539907 -0.00561664 1.55464 0.000366902
47.41 -0.436332 -0.539907 0.103575 10.3554 -5.19185e-07 0.248196 -0.00215586 -0.539907 -0.00561664 1.55464 0.000366902
47.411 -0.436332 -0.539907 0.103574 10.3554 -5.16036e-07 0.248196 -0.00215585 -0.539907 -0.00561663 1.55464 0.000366902
47.412 -0.436332 -0.539906 0.103574 10.3554 -5.1289e-07 0.248195 -0.00215584 -0.539906 -0.00561662 1.55464 0.000366902
47.413 -0.436332 -0.539906 0.103574 10.3554 -5.09746e-07 0.248195 -0.00215584 -0.539906 -0.00561662 1.55464 0.000366903
47.414 -0.436332 -0.539906 0.103574 10.3553 -5.06605e-07 0.248194 -0.00215583 -0.539906 -0.00561661 1.55464 0.000366903
47.415 -0.436332 -0.539906 0.103574 10.3553 -5.03467e-07 0.248194 -0.00215583 -0.539906 -0.00561661 1.55464 0.000366903
47.416 -0.436332 -0.539906 0.103573 10.3553 -5.00331e-07 0.248193 -0.00215582 -0.539906 -0.0056166 1.55464 0.000366904
47.417 -0.436332 -0.539905 0.103573 10.3553 -4.97198e-07 0.248193 -0.00215581 -0.539905 -0.00561659 1.55464 0.000366904
47.418 -0.436332 -0.539905 0.103573 10.3553 -4.94068e-07 0.248193 -0.00215581 -0.539905 -0.00561659 1.55464 0.000366904
47.419 -0.436332 -0.539905 0.103573 10.3552 -4.90941e-07 0.248192 -0.0021558 -0.539905 -0.00561658 1.55464 0.000366904
47.42 -0.436332 -0.539905 0.103573 10.3552 -4.87816e-07 0.248192 -0.0021558 -0.539905 -0.00561658 1.55464 0.000366905
47.421 -0.436332 -0.539905 0.103572 10.3552 -4.84694e-07 0.248191 -0.00215579 -0.539905 -0.00561657 1.55464 0.000366905
47.422 -0.436332 -0.539904 0.103572 10.3552 -4.81575e-07 0.248191 -0.00215578 -0.539904 -0.00561657 1.55464 0.000366905
47.423 -0.436332 -0.539904 0.103572 10.3551 -4.78459e-07 0.24819 -0.00215578 -0.539904 -0.00561656 1.55464 0.000366905
47.424 -0.436332 -0.539904 0.103572 10.3551 -4.75346e-07 0.24819 -0.00215577 -0.539904 -0.00561655 1.55464 0.000366906
47.425 -0.436332 -0.539904 0.103571 10.3551 -4.72236e-07 0.24819 -0.00215577 -0.539904 -0.00561655 1.55464 0.000366906
47.426 -0.436332 -0.539904 0.103571 10.3551 -4.69128e-07 0.248189 -0.00215576 -0.539904 -0.00561654 1.55464 0.000366906
47.427 -0.436332 -0.539903 0.103571 10.3551 -4.66024e-07 0.248189 -0.00215575 -0.539903 -0.00561654 1.55464 0.000366907
47.428 -0.436332 -0.539903 0.103571 10.355 -4.62922e-07 0.248188 -0.00215575 -0.539903 -0.00561653 1.55464 0.000366907
47.429 -0.436332 -0.539903 0.103571 10.355 -4.59824e-07 0.248188 -0.00215574 -0.539903 -0.00561652 1.55464 0.000366907
47.43 -0.436332 -0.539903 0.10357 10.355 -4.56729e-07 0.248187 -0.00215574 -0.539903 -0.00561652 1.55464 0.000366908
47.431 -0.436332 -0.539903 0.10357 10.355 -4.53637e-07 0.248187 -0.00215573 -0.539903 -0.00561651 1.55464 0.000366908
47.432 -0.436332 -0.539902 0.10357 10.355 -4.50548e-07 0.248187 -0.00215572 -0.539902 -0.00561651 1.55464 0.000366908
47.433 -0.436332 -0.539902 0.10357 10.3549 -4.47462e-07 0.248186 -0.00215572 -0.539902 -0.0056165 1.55464 0.000366908
47.434 -0.436332 -0.539902 0.10357 10.3549 -4.44379e-07 0.248186 -0.00215571 -0.539902 -0.00561649 1.55464 0.000366909
47.435 -0.436332 -0.539902 0.103569 10.3549 -4.413e-07 0.248185 -0.00215571 -0.539902 -0.00561649 1.55464 0.000366909
47.436 -0.436332 -0.539902 0.103569 10.3549 -4.38223e-07 0.248185 -0.0021557 -0.539902 -0.00561648 1.55464 0.000366909
47.437 -0.436332 -0.539901 0.103569 10.3548 -4.3515e-07 0.248184 -0.00215569 -0.539901 -0.00561648 1.55464 0.00036691
47.438 -0.436332 -0.539901 0.103569 10.3548 -4.32081e-07 0.248184 -0.00215569 -0.539901 -0.00561647 1.55464 0.00036691
47.439 -0.436332 -0.539901 0.103569 10.3548 -4.29014e-07 0.248183 -0.00215568 -0.539901 -0.00561646 1.55464 0.00036691
47.44 -0.436332 -0.539901 0.103568 10.3548 -4.25951e-07 0.248183 -0.00215568 -0.539901 -0.00561646 1.55464 0.00036691
47.441 -0.436332 -0.539901 0.103568 10.3548 -4.22891e-07 0.248183 -0.00215567 -0.539901 -0.00561645 1.55464 0.000366911
47.442 -0.436332 -0.5399 0.103568 10.3547 -4.19835e-07 0.248182 -0.00215566 -0.5399 -0.00561645 1.55464 0.000366911
47.443 -0.436332 -0.5399 0.103568 10.3547 -4.16782e-07 0.248182 -0.00215566 -0.5399 -0.00561644 1.55464 0.000366911
47.444 -0.436332 -0.5399 0.103568 10.3547 -4.13733e-07 0.248181 -0.00215565 -0.5399 -0.00561643 1.55464 0.000366912
47.445 -0.436332 -0.5399 0.103567 10.3547 -4.10687e-07 0.248181 -0.00215565 -0.5399 -0.00561643 1.55464 0.000366912
47.446 -0.436332 -0.539899 0.103567 10.3546 -4.07645e-07 0.24818 -0.00215564 -0.539899 -0.00561642 1.55464 0.000366912
47.447 -0.436332 -0.539899 0.103567 10.3546 -4.04606e-07 0.24818 -0.00215563 -0.539899 -0.00561642 1.55464 0.000366912
47.448 -0.436332 -0.539899 0.103567 10.3546 -4.0157e-07 0.24818 -0.00215563 -0.539899 -0.00561641 1.55464 0.000366913
47.449 -0.436332 -0.539899 0.103567 10.3546 -3.98538e-07 0.248179 -0.00215562 -0.539899 -0.0056164 1.55464 0.000366913
47.45 -0.436332 -0.539899 0.103566 10.3546 -3.9551e-07 0.248179 -0.00215562 -0.539899 -0.0056164 1.55464 0.000366913
47.451 -0.436332 -0.539898 0.103566 10.3545 -3.92486e-07 0.248178 -0.00215561 -0.539898 -0.00561639 1.55464 0.000366914
47.452 -0.436332 -0.539898 0.103566 10.3545 -3.89465e-07 0.248178 -0.0021556 -0.539898 -0.00561639 1.55464 0.000366914
47.453 -0.436332 -0.539898 0.103566 10.3545 -3.86448e-07 0.248177 -0.0021556 -0.539898 -0.00561638 1.55464 0.000366914
47.454 -0.436332 -0.539898 0.103566 10.3545 -3.83434e-07 0.248177 -0.00215559 -0.539898 -0.00561637 1.55464 0.000366915
47.455 -0.436332 -0.539898 0.103565 10.3544 -3.80424e-07 0.248176 -0.00215559 -0.539898 -0.00561637 1.55464 0.000366915
47.456 -0.436332 -0.539897 0.103565 10.3544 -3.77418e-07 0.248176 -0.00215558 -0.539897 -0.00561636 1.55464 0.000366915
47.457 -0.436332 -0.539897 0.103565 10.3544 -3.74416e-07 0.248176 -0.00215557 -0.539897 -0.00561636 1.55464 0.000366915
47.458 -0.436332 -0.539897 0.103565 10.3544 -3.71418e-07 0.248175 -0.00215557 -0.539897 -0.00561635 1.55464 0.000366916
47.459 -0.436332 -0.539897 0.103564 10.3544 -3.68423e-07 0.248175 -0.00215556 -0.539897 -0.00561634 1.55464 0.000366916
47.46 -0.436332 -0.539897 0.103564 10.3543 -3.65432e-07 0.248174 -0.00215556 -0.539897 -0.00561634 1.55464 0.000366916
47.461 -0.436332 -0.539896 0.103564 10.3543 -3.62445e-07 0.248174 -0.00215555 -0.539896 -0.00561633 1.55464 0.000366917
47.462 -0.436332 -0.539896 0.103564 10.3543 -3.59462e-07 0.248173 -0.00215554 -0.539896 -0.00561632 1.55464 0.000366917
47.463 -0.436332 -0.539896 0.103564 10.3543 -3.56483e-07 0.248173 -0.00215554 -0.539896 -0.00561632 1.55464 0.000366917
47.464 -0.436332 -0.539896 0.103563 10.3543 -3.53508e-07 0.248172 -0.00215553 -0.539896 -0.00561631 1.55464 0.000366918
47.465 -0.436332 -0.539896 0.103563 10.3542 -3.50537e-07 0.248172 -0.00215553 -0.539896 -0.00561631 1.55464 0.000366918
47.466 -0.436332 -0.539895 0.103563 10.3542 -3.4757e-07 0.248172 -0.00215552 -0.539895 -0.0056163 1.55464 0.000366918
47.467 -0.436332 -0.539895 0.103563 10.3542 -3.44607e-07 0.248171 -0.00215551 -0.539895 -0.00561629 1.55464 0.000366919
47.468 -0.436332 -0.539895 0.103563 10.3542 -3.41648e-07 0.248171 -0.00215551 -0.539895 -0.00561629 1.55464 0.000366919
47.469 -0.436332 -0.539895 0.103562 10.3541 -3.38693e-07 0.24817 -0.0021555 -0.539895 -0.00561628 1.55464 0.000366919
47.47 -0.436332 -0.539894 0.103562 10.3541 -3.35742e-07 0.24817 -0.00215549 -0.539894 -0.00561628 1.55464 0.000366919
47.471 -0.436332 -0.539894 0.103562 10.3541 -3.32795e-07 0.248169 -0.00215549 -0.539894 -0.00561627 1.55464 0.00036692
47.472 -0.436332 -0.539894 0.103562 10.3541 -3.29853e-07 0.248169 -0.00215548 -0.539894 -0.00561626 1.55464 0.00036692
47.473 -0.436332 -0.539894 0.103562 10.3541 -3.26914e-07 0.248168 -0.00215548 -0.539894 -0.00561626 1.55464 0.00036692
47.474 -0.436332 -0.539894 0.103561 10.354 -3.2398e-07 0.248168 -0.00215547 -0.539894 -0.00561625 1.55464 0.000366921
47.475 -0.436332 -0.539893 0.103561 10.354 -3.2105e-07 0.248168 -0.00215546 -0.539893 -0.00561625 1.55464 0.000366921
47.476 -0.436332 -0.539893 0.103561 10.354 -3.18124e-07 0.248167 -0.00215546 -0.539893 -0.00561624 1.55464 0.000366921
47.477 -0.436332 -0.539893 0.103561 10.354 -3.15203e-07 0.248167 -0.00215545 -0.539893 -0.00561623 1.55464 0.000366922
47.478 -0.436332 -0.539893 0.10356 10.354 -3.12286e-07 0.248166 -0.00215545 -0.539893 -0.00561623 1.55464 0.000366922
47.479 -0.436332 -0.539893 0.10356 10.3539 -3.09373e-07 0.248166 -0.00215544 -0.539893 -0.00561622 1.55464 0.000366922
47.48 -0.436332 -0.539892 0.10356 10.3539 -3.06464e-07 0.248165 -0.00215543 -0.539892 -0.00561621 1.55464 0.000366923
47.481 -0.436332 -0.539892 0.10356 10.3539 -3.0356e-07 0.248165 -0.00215543 -0.539892 -0.00561621 1.55464 0.000366923
47.482 -0.436332 -0.539892 0.10356 10.3539 -3.0066e-07 0.248164 -0.00215542 -0.539892 -0.0056162 1.55464 0.000366923
47.483 -0.436332 -0.539892 0.103559 10.3538 -2.97764e-07 0.248164 -0.00215541 -0.539892 -0.0056162 1.55464 0.000366923
47.484 -0.436332 -0.539892 0.103559 10.3538 -2.94873e-07 0.248164 -0.00215541 -0.539892 -0.00561619 1.55464 0.000366924
47.485 -0.436332 -0.539891 0.103559 10.3538 -2.91986e-07 0.248163 -0.0021554 -0.539891 -0.00561618 1.55464 0.000366924
47.486 -0.436332 -0.539891 0.103559 10.3538 -2.89104e-07 0.248163 -0.0021554 -0.539891 -0.00561618 1.55464 0.000366924
47.487 -0.436332 -0.539891 0.103559 10.3538 -2.86226e-07 0.248162 -0.00215539 -0.539891 -0.00561617 1.55464 0.000366925
47.488 -0.436332 -0.539891 0.103558 10.3537 -2.83353e-07 0.248162 -0.00215538 -0.539891 -0.00561617 1.55464 0.000366925
47.489 -0.436332 -0.53989 0.103558 10.3537 -2.80484e-07 0.248161 -0.00215538 -0.53989 -0.00561616 1.55464 0.000366925
47.49 -0.436332 -0.53989 0.103558 10.3537 -2.7762e-07 0.248161 -0.00215537 -0.53989 -0.00561615 1.55464 0.000366926
47.491 -0.436332 -0.53989 0.103558 10.3537 -2.74761e-07 0.24816 -0.00215537 -0.53989 -0.00561615 1.55464 0.000366926
47.492 -0.436332 -0.53989 0.103558 10.3537 -2.71906e-07 0.24816 -0.00215536 -0.53989 -0.00561614 1.55464 0.000366926
47.493 -0.436332 -0.53989 0.103557 10.3536 -2.69055e-07 0.24816 -0.00215535 -0.53989 -0.00561613 1.55464 0.000366927
47.494 -0.436332 -0.539889 0.103557 10.3536 -2.66209e-07 0.248159 -0.00215535 -0.539889 -0.00561613 1.55464 0.000366927
47.495 -0.436332 -0.539889 0.103557 10.3536 -2.63368e-07 0.248159 -0.00215534 -0.539889 -0.00561612 1.55465 0.000366927
47.496 -0.436332 -0.539889 0.103557 10.3536 -2.60532e-07 0.248158 -0.00215533 -0.539889 -0.00561612 1.55465 0.000366928
47.497 -0.436332 -0.539889 0.103556 10.3536 -2.577e-07 0.248158 -0.00215533 -0.539889 -0.00561611 1.55465 0.000366928
47.498 -0.436332 -0.539889 0.103556 10.3535 -2.54873e-07 0.248157 -0.00215532 -0.539889 -0.0056161 1.55465 0.000366928
47.499 -0.436332 -0.539888 0.103556 10.3535 -2.5205e-07 0.248157 -0.00215532 -0.539888 -0.0056161 1.55465 0.000366928
47.5 -0.436332 -0.539888 0.103556 10.3535 -2.49233e-07 0.248156 -0.00215531 -0.539888 -0.00561609 1.55465 0.000366929
47.501 -0.436332 -0.539888 0.103556 10.3535 -2.4642e-07 0.248156 -0.0021553 -0.539888 -0.00561608 1.55465 0.000366929
47.502 -0.436332 -0.539888 0.103555 10.3534 -2.43612e-07 0.248156 -0.0021553 -0.539888 -0.00561608 1.55465 0.000366929
47.503 -0.436332 -0.539888 0.103555 10.3534 -2.40809e-07 0.248155 -0.00215529 -0.539888 -0.00561607 1.55465 0.00036693
47.504 -0.436332 -0.539887 0.103555 10.3534 -2.3801e-07 0.248155 -0.00215529 -0.539887 -0.00561607 1.55465 0.00036693
47.505 -0.436332 -0.539887 0.103555 10.3534 -2.35217e-07 0.248154 -0.00215528 -0.539887 -0.00561606 1.55465 0.00036693
47.506 -0.436332 -0.539887 0.103555 10.3534 -2.32428e-07 0.248154 -0.00215527 -0.539887 -0.00561605 1.55465 0.000366931
47.507 -0.436332 -0.539887 0.103554 10.3533 -2.29644e-07 0.248153 -0.00215527 -0.539887 -0.00561605 1.55465 0.000366931
47.508 -0.436332 -0.539887 0.103554 10.3533 -2.26865e-07 0.248153 -0.00215526 -0.539887 -0.00561604 1.55465 0.000366931
47.509 -0.436332 -0.539886 0.103554 10.3533 -2.24091e-07 0.248152 -0.00215525 -0.539886 -0.00561604 1.55465 0.000366932
47.51 -0.436332 -0.539886 0.103554 10.3533 -2.21322e-07 0.248152 -0.00215525 -0.539886 -0.00561603 1.55465 0.000366932
47.511 -0.436332 -0.539886 0.103554 10.3533 -2.18558e-07 0.248152 -0.00215524 -0.539886 -0.00561602 1.55465 0.000366932
47.512 -0.436332 -0.539886 0.103553 10.3532 -2.15799e-07 0.248151 -0.00215524 -0.539886 -0.00561602 1.55465 0.000366933
47.513 -0.436332 -0.539885 0.103553 10.3532 -2.13045e-07 0.248151 -0.00215523 -0.539885 -0.00561601 1.55465 0.000366933
47.514 -0.436332 -0.539885 0.103553 10.3532 -2.10296e-07 0.24815 -0.00215522 -0.539885 -0.005616 1.55465 0.000366933
47.515 -0.436332 -0.539885 0.103553 10.3532 -2.07552e-07 0.24815 -0.00215522 -0.539885 -0.005616 1.55465 0.000366934
47.516 -0.436332 -0.539885 0.103553 10.3532 -2.04813e-07 0.248149 -0.00215521 -0.539885 -0.00561599 1.55465 0.000366934
47.517 -0.436332 -0.539885 0.103552 10.3531 -2.02079e-07 0.248149 -0.00215521 -0.539885 -0.00561599 1.55465 0.000366934
47.518 -0.436332 -0.539884 0.103552 10.3531 -1.9935e-07 0.248148 -0.0021552 -0.539884 -0.00561598 1.55465 0.000366934
47.519 -0.436332 -0.539884 0.103552 10.3531 -1.96626e-07 0.248148 -0.00215519 -0.539884 -0.00561597 1.55465 0.000366935
47.52 -0.436332 -0.539884 0.103552 10.3531 -1.93908e-07 0.248148 -0.00215519 -0.539884 -0.00561597 1.55465 0.000366935
47.521 -0.436332 -0.539884 0.103551 10.3531 -1.91194e-07 0.248147 -0.00215518 -0.539884 -0.00561596 1.55465 0.000366935
47.522 -0.436332 -0.539884 0.103551 10.353 -1.88486e-07 0.248147 -0.00215517 -0.539884 -0.00561596 1.55465 0.000366936
47.523 -0.436332 -0.539883 0.103551 10.353 -1.85783e-07 0.248146 -0.00215517 -0.539883 -0.00561595 1.55465 0.000366936
47.524 -0.436332 -0.539883 0.103551 10.353 -1.83085e-07 0.248146 -0.00215516 -0.539883 -0.00561594 1.55465 0.000366936
47.525 -0.436332 -0.539883 0.103551 10.353 -1.80392e-07 0.248145 -0.00215516 -0.539883 -0.00561594 1.55465 0.000366937
47.526 -0.436332 -0.539883 0.10355 10.353 -1.77705e-07 0.248145 -0.00215515 -0.539883 -0.00561593 1.55465 0.000366937
47.527 -0.436332 -0.539883 0.10355 10.3529 -1.75023e-07 0.248144 -0.00215514 -0.539883 -0.00561592 1.55465 0.000366937
47.528 -0.436332 -0.539882 0.10355 10.3529 -1.72346e-07 0.248144 -0.00215514 -0.539882 -0.00561592 1.55465 0.000366938
47.529 -0.436332 -0.539882 0.10355 10.3529 -1.69674e-07 0.248144 -0.00215513 -0.539882 -0.00561591 1.55465 0.000366938
47.53 -0.436332 -0.539882 0.10355 10.3529 -1.67008e-07 0.248143 -0.00215513 -0.539882 -0.00561591 1.55465 0.000366938
47.531 -0.436332 -0.539882 0.103549 10.3529 -1.64347e-07 0.248143 -0.00215512 -0.539882 -0.0056159 1.55465 0.000366939
47.532 -0.436332 -0.539881 0.103549 10.3528 -1.61691e-07 0.248142 -0.00215511 -0.539881 -0.00561589 1.55465 0.000366939
47.533 -0.436332 -0.539881 0.103549 10.3528 -1.59041e-07 0.248142 -0.00215511 -0.539881 -0.00561589 1.55465 0.000366939
47.534 -0.436332 -0.539881 0.103549 10.3528 -1.56396e-07 0.248141 -0.0021551 -0.539881 -0.00561588 1.55465 0.00036694
47.535 -0.436332 -0.539881 0.103549 10.3528 -1.53756e-07 0.248141 -0.00215509 -0.539881 -0.00561588 1.55465 0.00036694
47.536 -0.436332 -0.539881 0.103548 10.3528 -1.51122e-07 0.24814 -0.00215509 -0.539881 -0.00561587 1.55465 0.00036694
47.537 -0.436332 -0.53988 0.103548 10.3527 -1.48493e-07 0.24814 -0.00215508 -0.53988 -0.00561586 1.55465 0.000366941
47.538 -0.436332 -0.53988 0.103548 10.3527 -1.4587e-07 0.24814 -0.00215508 -0.53988 -0.00561586 1.55465 0.000366941
47.539 -0.436332 -0.53988 0.103548 10.3527 -1.43252e-07 0.248139 -0.00215507 -0.53988 -0.00561585 1.55465 0.000366941
47.54 -0.436332 -0.53988 0.103548 10.3527 -1.4064e-07 0.248139 -0.00215506 -0.53988 -0.00561584 1.55465 0.000366942
47.541 -0.436332 -0.53988 0.103547 10.3527 -1.38033e-07 0.248138 -0.00215506 -0.53988 -0.00561584 1.55465 0.000366942
47.542 -0.436332 -0.539879 0.103547 10.3526 -1.35431e-07 0.248138 -0.00215505 -0.539879 -0.00561583 1.55465 0.000366942
47.543 -0.436332 -0.539879 0.103547 10.3526 -1.32835e-07 0.248137 -0.00215505 -0.539879 -0.00561583 1.55465 0.000366942
47.544 -0.436332 -0.539879 0.103547 10.3526 -1.30245e-07 0.248137 -0.00215504 -0.539879 -0.00561582 1.55465 0.000366943
47.545 -0.436332 -0.539879 0.103546 10.3526 -1.2766e-07 0.248137 -0.00215503 -0.539879 -0.00561581 1.55465 0.000366943
47.546 -0.436332 -0.539879 0.103546 10.3526 -1.25081e-07 0.248136 -0.00215503 -0.539879 -0.00561581 1.55465 0.000366943
47.547 -0.436332 -0.539878 0.103546 10.3525 -1.22507e-07 0.248136 -0.00215502 -0.539878 -0.0056158 1.55465 0.000366944
47.548 -0.436332 -0.539878 0.103546 10.3525 -1.19939e-07 0.248135 -0.00215502 -0.539878 -0.0056158 1.55465 0.000366944
47.549 -0.436332 -0.539878 0.103546 10.3525 -1.17376e-07 0.248135 -0.00215501 -0.539878 -0.00561579 1.55465 0.000366944
47.55 -0.436332 -0.539878 0.103545 10.3525 -1.14819e-07 0.248134 -0.002155 -0.539878 -0.00561578 1.55465 0.000366945
47.551 -0.436332 -0.539878 0.103545 10.3525 -1.12268e-07 0.248134 -0.002155 -0.539878 -0.00561578 1.55465 0.000366945
47.552 -0.436332 -0.539877 0.103545 10.3525 -1.09722e-07 0.248133 -0.00215499 -0.539877 -0.00561577 1.55465 0.000366945
47.553 -0.436332 -0.539877 0.103545 10.3524 -1.07182e-07 0.248133 -0.00215498 -0.539877 -0.00561576 1.55465 0.000366946
47.554 -0.436332 -0.539877 0.103545 10.3524 -1.04648e-07 0.248133 -0.00215498 -0.539877 -0.00561576 1.55465 0.000366946
47.555 -0.436332 -0.539877 0.103544 10.3524 -1.02119e-07 0.248132 -0.00215497 -0.539877 -0.00561575 1.55465 0.000366946
47.556 -0.436332 -0.539877 0.103544 10.3524 -9.95965e-08 0.248132 -0.00215497 -0.539877 -0.00561575 1.55465 0.000366947
47.557 -0.436332 -0.539876 0.103544 10.3524 -9.70793e-08 0.248131 -0.00215496 -0.539876 -0.00561574 1.55465 0.000366947
47.558 -0.436332 -0.539876 0.103544 10.3523 -9.45679e-08 0.248131 -0.00215495 -0.539876 -0.00561573 1.55465 0.000366947
47.559 -0.436332 -0.539876 0.103544 10.3523 -9.20621e-08 0.24813 -0.00215495 -0.539876 -0.00561573 1.55465 0.000366948
47.56 -0.436332 -0.539876 0.103543 10.3523 -8.95621e-08 0.24813 -0.00215494 -0.539876 -0.00561572 1.55465 0.000366948
47.561 -0.436332 -0.539876 0.103543 10.3523 -8.70679e-08 0.24813 -0.00215494 -0.539876 -0.00561572 1.55465 0.000366948
47.562 -0.436332 -0.539875 0.103543 10.3523 -8.45795e-08 0.248129 -0.00215493 -0.539875 -0.00561571 1.55465 0.000366949
47.563 -0.436332 -0.539875 0.103543 10.3522 -8.20969e-08 0.248129 -0.00215492 -0.539875 -0.0056157 1.55465 0.000366949
47.564 -0.436332 -0.539875 0.103543 10.3522 -7.96201e-08 0.248128 -0.00215492 -0.539875 -0.0056157 1.55465 0.000366949
47.565 -0.436332 -0.539875 0.103542 10.3522 -7.71491e-08 0.248128 -0.00215491 -0.539875 -0.00561569 1.55465 0.00036695
47.566 -0.436332 -0.539875 0.103542 10.3522 -7.4684e-08 0.248127 -0.00215491 -0.539875 -0.00561569 1.55465 0.00036695
47.567 -0.436332 -0.539874 0.103542 10.3522 -7.22247e-08 0.248127 -0.0021549 -0.539874 -0.00561568 1.55465 0.00036695
47.568 -0.436332 -0.539874 0.103542 10.3522 -6.97713e-08 0.248127 -0.00215489 -0.539874 -0.00561567 1.55465 0.000366951
47.569 -0.436332 -0.539874 0.103542 10.3521 -6.73237e-08 0.248126 -0.00215489 -0.539874 -0.00561567 1.55465 0.000366951
47.57 -0.436332 -0.539874 0.103541 10.3521 -6.48821e-08 0.248126 -0.00215488 -0.539874 -0.00561566 1.55465 0.000366951
47.571 -0.436332 -0.539873 0.103541 10.3521 -6.24463e-08 0.248125 -0.00215488 -0.539873 -0.00561566 1.55465 0.000366951
47.572 -0.436332 -0.539873 0.103541 10.3521 -6.00165e-08 0.248125 -0.00215487 -0.539873 -0.00561565 1.55465 0.000366952
47.573 -0.436332 -0.539873 0.103541 10.3521 -5.75925e-08 0.248124 -0.00215486 -0.539873 -0.00561564 1.55465 0.000366952
47.574 -0.436332 -0.539873 0.103541 10.352 -5.51746e-08 0.248124 -0.00215486 -0.539873 -0.00561564 1.55465 0.000366952
47.575 -0.436332 -0.539873 0.10354 10.352 -5.27625e-08 0.248124 -0.00215485 -0.539873 -0.00561563 1.55465 0.000366953
47.576 -0.436332 -0.539872 0.10354 10.352 -5.03565e-08 0.248123 -0.00215485 -0.539872 -0.00561563 1.55465 0.000366953
47.577 -0.436332 -0.539872 0.10354 10.352 -4.79564e-08 0.248123 -0.00215484 -0.539872 -0.00561562 1.55465 0.000366953
47.578 -0.436332 -0.539872 0.10354 10.352 -4.55623e-08 0.248122 -0.00215483 -0.539872 -0.00561561 1.55465 0.000366954
47.579 -0.436332 -0.539872 0.10354 10.3519 -4.31742e-08 0.248122 -0.00215483 -0.539872 -0.00561561 1.55465 0.000366954
47.58 -0.436332 -0.539872 0.103539 10.3519 -4.07921e-08 0.248121 -0.00215482 -0.539872 -0.0056156 1.55465 0.000366954
47.581 -0.436332 -0.539871 0.103539 10.3519 -3.8416e-08 0.248121 -0.00215482 -0.539871 -0.0056156 1.55465 0.000366955
47.582 -0.436332 -0.539871 0.103539 10.3519 -3.6046e-08 0.248121 -0.00215481 -0.539871 -0.00561559 1.55465 0.000366955
47.583 -0.436332 -0.539871 0.103539 10.3519 -3.3682e-08 0.24812 -0.0021548 -0.539871 -0.00561558 1.55465 0.000366955
47.584 -0.436332 -0.539871 0.103539 10.3519 -3.1324e-08 0.24812 -0.0021548 -0.539871 -0.00561558 1.55465 0.000366956
47.585 -0.436332 -0.539871 0.103538 10.3518 -2.89722e-08 0.248119 -0.00215479 -0.539871 -0.00561557 1.55465 0.000366956
47.586 -0.436332 -0.53987 0.103538 10.3518 -2.66264e-08 0.248119 -0.00215479 -0.53987 -0.00561557 1.55465 0.000366956
47.587 -0.436332 -0.53987 0.103538 10.3518 -2.42866e-08 0.248118 -0.00215478 -0.53987 -0.00561556 1.55465 0.000366957
47.588 -0.436332 -0.53987 0.103538 10.3518 -2.1953e-08 0.248118 -0.00215478 -0.53987 -0.00561555 1.55465 0.000366957
47.589 -0.436332 -0.53987 0.103538 10.3518 -1.96255e-08 0.248118 -0.00215477 -0.53987 -0.00561555 1.55465 0.000366957
47.59 -0.436332 -0.53987 0.103537 10.3518 -1.73042e-08 0.248117 -0.00215476 -0.53987 -0.00561554 1.55465 0.000366958
47.591 -0.436332 -0.539869 0.103537 10.3517 -1.49889e-08 0.248117 -0.00215476 -0.539869 -0.00561554 1.55465 0.000366958
47.592 -0.436332 -0.539869 0.103537 10.3517 -1.26798e-08 0.248116 -0.00215475 -0.539869 -0.00561553 1.55465 0.000366958
47.593 -0.436332 -0.539869 0.103537 10.3517 -1.03768e-08 0.248116 -0.00215475 -0.539869 -0.00561552 1.55465 0.000366959
47.594 -0.436332 -0.539869 0.103537 10.3517 -8.08004e-09 0.248115 -0.00215474 -0.539869 -0.00561552 1.55465 0.000366959
47.595 -0.436332 -0.539869 0.103536 10.3517 -5.78942e-09 0.248115 -0.00215473 -0.539869 -0.00561551 1.55465 0.000366959
47.596 -0.436332 -0.539868 0.103536 10.3516 -3.50498e-09 0.248115 -0.00215473 -0.539868 -0.00561551 1.55465 0.000366959
47.597 -0.436332 -0.539868 0.103536 10.3516 -1.22673e-09 0.248114 -0.00215472 -0.539868 -0.0056155 1.55465 0.00036696
47.598 -0.436332 -0.539868 0.103536 10.3516 1.04532e-09 0.248114 -0.00215472 -0.539868 -0.00561549 1.55465 0.00036696
47.599 -0.436332 -0.539868 0.103536 10.3516 3.31115e-09 0.248113 -0.00215471 -0.539868 -0.00561549 1.55465 0.00036696
47.6 -0.436332 -0.539868 0.103535 10.3516 5.57077e-09 0.248113 -0.0021547 -0.539868 -0.00561548 1.55465 0.000366961
47.601 -0.436332 -0.539868 0.103535 10.3516 7.82415e-09 0.248113 -0.0021547 -0.539868 -0.00561548 1.55465 0.000366961
47.602 -0.436332 -0.539867 0.103535 10.3515 1.00713e-08 0.248112 -0.00215469 -0.539867 -0.00561547 1.55465 0.000366961
47.603 -0.436332 -0.539867 0.103535 10.3515 1.23122e-08 0.248112 -0.00215469 -0.539867 -0.00561547 1.55465 0.000366962
47.604 -0.436332 -0.539867 0.103535 10.3515 1.45468e-08 0.248111 -0.00215468 -0.539867 -0.00561546 1.55465 0.000366962
47.605 -0.436332 -0.539867 0.103534 10.3515 1.67752e-08 0.248111 -0.00215468 -0.539867 -0.00561545 1.55465 0.000366962
47.606 -0.436332 -0.539867 0.103534 10.3515 1.89973e-08 0.24811 -0.00215467 -0.539867 -0.00561545 1.55465 0.000366963
47.607 -0.436332 -0.539866 0.103534 10.3515 2.12131e-08 0.24811 -0.00215466 -0.539866 -0.00561544 1.55465 0.000366963
47.608 -0.436332 -0.539866 0.103534 10.3514 2.34226e-08 0.24811 -0.00215466 -0.539866 -0.00561544 1.55465 0.000366963
47.609 -0.436332 -0.539866 0.103534 10.3514 2.56258e-08 0.248109 -0.00215465 -0.539866 -0.00561543 1.55465 0.000366964
47.61 -0.436332 -0.539866 0.103533 10.3514 2.78227e-08 0.248109 -0.00215465 -0.539866 -0.00561542 1.55465 0.000366964
47.611 -0.436332 -0.539866 0.103533 10.3514 3.00133e-08 0.248108 -0.00215464 -0.539866 -0.00561542 1.55465 0.000366964
47.612 -0.436332 -0.539865 0.103533 10.3514 3.21976e-08 0.248108 -0.00215463 -0.539865 -0.00561541 1.55465 0.000366965
47.613 -0.436332 -0.539865 0.103533 10.3514 3.43755e-08 0.248108 -0.00215463 -0.539865 -0.00561541 1.55465 0.000366965
47.614 -0.436332 -0.539865 0.103533 10.3513 3.65471e-08 0.248107 -0.00215462 -0.539865 -0.0056154 1.55465 0.000366965
47.615 -0.436332 -0.539865 0.103532 10.3513 3.87123e-08 0.248107 -0.00215462 -0.539865 -0.0056154 1.55465 0.000366965
47.616 -0.436332 -0.539865 0.103532 10.3513 4.08711e-08 0.248106 -0.00215461 -0.539865 -0.00561539 1.55465 0.000366966
47.617 -0.436332 -0.539864 0.103532 10.3513 4.30236e-08 0.248106 -0.00215461 -0.539864 -0.00561538 1.55465 0.000366966
47.618 -0.436332 -0.539864 0.103532 10.3513 4.51697e-08 0.248105 -0.0021546 -0.539864 -0.00561538 1.55465 0.000366966
47.619 -0.436332 -0.539864 0.103532 10.3513 4.73095e-08 0.248105 -0.00215459 -0.539864 -0.00561537 1.55465 0.000366967
47.62 -0.436332 -0.539864 0.103532 10.3512 4.94428e-08 0.248105 -0.00215459 -0.539864 -0.00561537 1.55465 0.000366967
47.621 -0.436332 -0.539864 0.103531 10.3512 5.15697e-08 0.248104 -0.00215458 -0.539864 -0.00561536 1.55465 0.000366967
47.622 -0.436332 -0.539863 0.103531 10.3512 5.36903e-08 0.248104 -0.00215458 -0.539863 -0.00561536 1.55465 0.000366968
47.623 -0.436332 -0.539863 0.103531 10.3512 5.58044e-08 0.248103 -0.00215457 -0.539863 -0.00561535 1.55465 0.000366968
47.624 -0.436332 -0.539863 0.103531 10.3512 5.79121e-08 0.248103 -0.00215457 -0.539863 -0.00561534 1.55465 0.000366968
47.625 -0.436332 -0.539863 0.103531 10.3512 6.00133e-08 0.248103 -0.00215456 -0.539863 -0.00561534 1.55465 0.000366969
47.626 -0.436332 -0.539863 0.10353 10.3511 6.21082e-08 0.248102 -0.00215455 -0.539863 -0.00561533 1.55465 0.000366969
47.627 -0.436332 -0.539862 0.10353 10.3511 6.41965e-08 0.248102 -0.00215455 -0.539862 -0.00561533 1.55465 0.000366969
47.628 -0.436332 -0.539862 0.10353 10.3511 6.62785e-08 0.248101 -0.00215454 -0.539862 -0.00561532 1.55465 0.00036697
47.629 -0.436332 -0.539862 0.10353 10.3511 6.8354e-08 0.248101 -0.00215454 -0.539862 -0.00561532 1.55465 0.00036697
47.63 -0.436332 -0.539862 0.10353 10.3511 7.0423e-08 0.248101 -0.00215453 -0.539862 -0.00561531 1.55465 0.00036697
47.631 -0.436332 -0.539862 0.103529 10.3511 7.24855e-08 0.2481 -0.00215453 -0.539862 -0.0056153 1.55465 0.00036697
47.632 -0.436332 -0.539862 0.103529 10.351 7.45416e-08 0.2481 -0.00215452 -0.539862 -0.0056153 1.55465 0.000366971
47.633 -0.436332 -0.539861 0.103529 10.351 7.65912e-08 0.248099 -0.00215452 -0.539861 -0.00561529 1.55465 0.000366971
47.634 -0.436332 -0.539861 0.103529 10.351 7.86343e-08 0.248099 -0.00215451 -0.539861 -0.00561529 1.55465 0.000366971
47.635 -0.436332 -0.539861 0.103529 10.351 8.06709e-08 0.248099 -0.0021545 -0.539861 -0.00561528 1.55465 0.000366972
47.636 -0.436332 -0.539861 0.103528 10.351 8.2701e-08 0.248098 -0.0021545 -0.539861 -0.00561528 1.55465 0.000366972
47.637 -0.436332 -0.539861 0.103528 10.351 8.47245e-08 0.248098 -0.00215449 -0.539861 -0.00561527 1.55465 0.000366972
47.638 -0.436332 -0.53986 0.103528 10.3509 8.67416e-08 0.248097 -0.00215449 -0.53986 -0.00561526 1.55465 0.000366973
47.639 -0.436332 -0.53986 0.103528 10.3509 8.87522e-08 0.248097 -0.00215448 -0.53986 -0.00561526 1.55465 0.000366973
47.64 -0.436332 -0.53986 0.103528 10.3509 9.07562e-08 0.248097 -0.00215448 -0.53986 -0.00561525 1.55465 0.000366973
47.641 -0.436332 -0.53986 0.103528 10.3509 9.27537e-08 0.248096 -0.00215447 -0.53986 -0.00561525 1.55465 0.000366974
47.642 -0.436332 -0.53986 0.103527 10.3509 9.47447e-08 0.248096 -0.00215447 -0.53986 -0.00561524 1.55465 0.000366974
47.643 -0.436332 -0.53986 0.103527 10.3509 9.67291e-08 0.248095 -0.00215446 -0.53986 -0.00561524 1.55465 0.000366974
47.644 -0.436332 -0.539859 0.103527 10.3509 9.8707e-08 0.248095 -0.00215445 -0.539859 -0.00561523 1.55465 0.000366974
47.645 -0.436332 -0.539859 0.103527 10.3508 1.00678e-07 0.248095 -0.00215445 -0.539859 -0.00561523 1.55465 0.000366975
47.646 -0.436332 -0.539859 0.103527 10.3508 1.02643e-07 0.248094 -0.00215444 -0.539859 -0.00561522 1.55465 0.000366975
47.647 -0.436332 -0.539859 0.103526 10.3508 1.04601e-07 0.248094 -0.00215444 -0.539859 -0.00561521 1.55465 0.000366975
47.648 -0.436332 -0.539859 0.103526 10.3508 1.06553e-07 0.248093 -0.00215443 -0.539859 -0.00561521 1.55465 0.000366976
47.649 -0.436332 -0.539858 0.103526 10.3508 1.08498e-07 0.248093 -0.00215443 -0.539858 -0.0056152 1.55465 0.000366976
47.65 -0.436332 -0.539858 0.103526 10.3508 1.10436e-07 0.248093 -0.00215442 -0.539858 -0.0056152 1.55465 0.000366976
47.651 -0.436332 -0.539858 0.103526 10.3507 1.12368e-07 0.248092 -0.00215442 -0.539858 -0.00561519 1.55465 0.000366977
47.652 -0.436332 -0.539858 0.103526 10.3507 1.14294e-07 0.248092 -0.00215441 -0.539858 -0.00561519 1.55465 0.000366977
47.653 -0.436332 -0.539858 0.103525 10.3507 1.16212e-07 0.248092 -0.0021544 -0.539858 -0.00561518 1.55465 0.000366977
47.654 -0.436332 -0.539857 0.103525 10.3507 1.18124e-07 0.248091 -0.0021544 -0.539857 -0.00561518 1.55465 0.000366978
47.655 -0.436332 -0.539857 0.103525 10.3507 1.2003e-07 0.248091 -0.00215439 -0.539857 -0.00561517 1.55465 0.000366978
47.656 -0.436332 -0.539857 0.103525 10.3507 1.21929e-07 0.24809 -0.00215439 -0.539857 -0.00561516 1.55465 0.000366978
47.657 -0.436332 -0.539857 0.103525 10.3507 1.23821e-07 0.24809 -0.00215438 -0.539857 -0.00561516 1.55465 0.000366978
47.658 -0.436332 -0.539857 0.103524 10.3506 1.25707e-07 0.24809 -0.00215438 -0.539857 -0.00561515 1.55465 0.000366979
47.659 -0.436332 -0.539857 0.103524 10.3506 1.27586e-07 0.248089 -0.00215437 -0.539857 -0.00561515 1.55465 0.000366979
47.66 -0.436332 -0.539856 0.103524 10.3506 1.29458e-07 0.248089 -0.00215437 -0.539856 -0.00561514 1.55465 0.000366979
47.661 -0.436332 -0.539856 0.103524 10.3506 1.31324e-07 0.248088 -0.00215436 -0.539856 -0.00561514 1.55465 0.00036698
47.662 -0.436332 -0.539856 0.103524 10.3506 1.33183e-07 0.248088 -0.00215436 -0.539856 -0.00561513 1.55465 0.00036698
47.663 -0.436332 -0.539856 0.103524 10.3506 1.35036e-07 0.248088 -0.00215435 -0.539856 -0.00561513 1.55465 0.00036698
47.664 -0.436332 -0.539856 0.103523 10.3506 1.36882e-07 0.248087 -0.00215435 -0.539856 -0.00561512 1.55465 0.000366981
47.665 -0.436332 -0.539856 0.103523 10.3505 1.38721e-07 0.248087 -0.00215434 -0.539856 -0.00561512 1.55465 0.000366981
47.666 -0.436332 -0.539855 0.103523 10.3505 1.40554e-07 0.248087 -0.00215433 -0.539855 -0.00561511 1.55465 0.000366981
47.667 -0.436332 -0.539855 0.103523 10.3505 1.4238e-07 0.248086 -0.00215433 -0.539855 -0.0056151 1.55465 0.000366981
47.668 -0.436332 -0.539855 0.103523 10.3505 1.44199e-07 0.248086 -0.00215432 -0.539855 -0.0056151 1.55465 0.000366982
47.669 -0.436332 -0.539855 0.103522 10.3505 1.46012e-07 0.248085 -0.00215432 -0.539855 -0.00561509 1.55465 0.000366982
47.67 -0.436332 -0.539855 0.103522 10.3505 1.47818e-07 0.248085 -0.00215431 -0.539855 -0.00561509 1.55465 0.000366982
47.671 -0.436332 -0.539854 0.103522 10.3504 1.49617e-07 0.248085 -0.00215431 -0.539854 -0.00561508 1.55465 0.000366983
47.672 -0.436332 -0.539854 0.103522 10.3504 1.5141e-07 0.248084 -0.0021543 -0.539854 -0.00561508 1.55465 0.000366983
47.673 -0.436332 -0.539854 0.103522 10.3504 1.53196e-07 0.248084 -0.0021543 -0.539854 -0.00561507 1.55465 0.000366983
47.674 -0.436332 -0.539854 0.103522 10.3504 1.54976e-07 0.248084 -0.00215429 -0.539854 -0.00561507 1.55465 0.000366984
47.675 -0.436332 -0.539854 0.103521 10.3504 1.56748e-07 0.248083 -0.00215429 -0.539854 -0.00561506 1.55465 0.000366984
47.676 -0.436332 -0.539854 0.103521 10.3504 1.58514e-07 0.248083 -0.00215428 -0.539854 -0.00561506 1.55465 0.000366984
47.677 -0.436332 -0.539853 0.103521 10.3504 1.60274e-07 0.248082 -0.00215428 -0.539853 -0.00561505 1.55465 0.000366984
47.678 -0.436332 -0.539853 0.103521 10.3504 1.62026e-07 0.248082 -0.00215427 -0.539853 -0.00561505 1.55465 0.000366985
47.679 -0.436332 -0.539853 0.103521 10.3503 1.63772e-07 0.248082 -0.00215427 -0.539853 -0.00561504 1.55465 0.000366985
47.68 -0.436332 -0.539853 0.103521 10.3503 1.65512e-07 0.248081 -0.00215426 -0.539853 -0.00561504 1.55465 0.000366985
47.681 -0.436332 -0.539853 0.10352 10.3503 1.67244e-07 0.248081 -0.00215426 -0.539853 -0.00561503 1.55465 0.000366986
47.682 -0.436332 -0.539853 0.10352 10.3503 1.6897e-07 0.248081 -0.00215425 -0.539853 -0.00561503 1.55465 0.000366986
47.683 -0.436332 -0.539852 0.10352 10.3503 1.7069e-07 0.24808 -0.00215425 -0.539852 -0.00561502 1.55465 0.000366986
47.684 -0.436332 -0.539852 0.10352 10.3503 1.72402e-07 0.24808 -0.00215424 -0.539852 -0.00561501 1.55465 0.000366987
47.685 -0.436332 -0.539852 0.10352 10.3503 1.74108e-07 0.248079 -0.00215424 -0.539852 -0.00561501 1.55465 0.000366987
47.686 -0.436332 -0.539852 0.10352 10.3502 1.75807e-07 0.248079 -0.00215423 -0.539852 -0.005615 1.55465 0.000366987
47.687 -0.436332 -0.539852 0.103519 10.3502 1.775e-07 0.248079 -0.00215423 -0.539852 -0.005615 1.55465 0.000366987
47.688 -0.436332 -0.539852 0.103519 10.3502 1.79186e-07 0.248078 -0.00215422 -0.539852 -0.00561499 1.55465 0.000366988
47.689 -0.436332 -0.539851 0.103519 10.3502 1.80865e-07 0.248078 -0.00215421 -0.539851 -0.00561499 1.55465 0.000366988
47.69 -0.436332 -0.539851 0.103519 10.3502 1.82537e-07 0.248078 -0.00215421 -0.539851 -0.00561498 1.55465 0.000366988
47.691 -0.436332 -0.539851 0.103519 10.3502 1.84203e-07 0.248077 -0.0021542 -0.539851 -0.00561498 1.55465 0.000366989
47.692 -0.436332 -0.539851 0.103519 10.3502 1.85862e-07 0.248077 -0.0021542 -0.539851 -0.00561497 1.55465 0.000366989
47.693 -0.436332 -0.539851 0.103518 10.3501 1.87514e-07 0.248077 -0.00215419 -0.539851 -0.00561497 1.55465 0.000366989
47.694 -0.436332 -0.53985 0.103518 10.3501 1.8916e-07 0.248076 -0.00215419 -0.53985 -0.00561496 1.55465 0.000366989
47.695 -0.436332 -0.53985 0.103518 10.3501 1.90799e-07 0.248076 -0.00215418 -0.53985 -0.00561496 1.55465 0.00036699
47.696 -0.436332 -0.53985 0.103518 10.3501 1.92431e-07 0.248075 -0.00215418 -0.53985 -0.00561495 1.55465 0.00036699
47.697 -0.436332 -0.53985 0.103518 10.3501 1.94056e-07 0.248075 -0.00215417 -0.53985 -0.00561495 1.55465 0.00036699
47.698 -0.436332 -0.53985 0.103518 10.3501 1.95675e-07 0.248075 -0.00215417 -0.53985 -0.00561494 1.55465 0.000366991
47.699 -0.436332 -0.53985 0.103517 10.3501 1.97287e-07 0.248074 -0.00215416 -0.53985 -0.00561494 1.55465 0.000366991
47.7 -0.436332 -0.539849 0.103517 10.3501 1.98892e-07 0.248074 -0.00215416 -0.539849 -0.00561493 1.55465 0.000366991
47.701 -0.436332 -0.539849 0.103517 10.35 2.00491e-07 0.248074 -0.00215415 -0.539849 -0.00561493 1.55465 0.000366991
47.702 -0.436332 -0.539849 0.103517 10.35 2.02083e-07 0.248073 -0.00215415 -0.539849 -0.00561492 1.55465 0.000366992
47.703 -0.436332 -0.539849 0.103517 10.35 2.03668e-07 0.248073 -0.00215414 -0.539849 -0.00561492 1.55465 0.000366992
47.704 -0.436332 -0.539849 0.103517 10.35 2.05247e-07 0.248073 -0.00215414 -0.539849 -0.00561491 1.55465 0.000366992
47.705 -0.436332 -0.539849 0.103516 10.35 2.06818e-07 0.248072 -0.00215413 -0.539849 -0.00561491 1.55465 0.000366993
47.706 -0.436332 -0.539848 0.103516 10.35 2.08383e-07 0.248072 -0.00215413 -0.539848 -0.0056149 1.55465 0.000366993
47.707 -0.436332 -0.539848 0.103516 10.35 2.09942e-07 0.248072 -0.00215412 -0.539848 -0.0056149 1.55465 0.000366993
47.708 -0.436332 -0.539848 0.103516 10.35 2.11493e-07 0.248071 -0.00215412 -0.539848 -0.00561489 1.55465 0.000366993
47.709 -0.436332 -0.539848 0.103516 10.3499 2.13038e-07 0.248071 -0.00215411 -0.539848 -0.00561489 1.55465 0.000366994
47.71 -0.436332 -0.539848 0.103516 10.3499 2.14577e-07 0.248071 -0.00215411 -0.539848 -0.00561488 1.55465 0.000366994
47.711 -0.436332 -0.539848 0.103515 10.3499 2.16108e-07 0.24807 -0.0021541 -0.539848 -0.00561488 1.55465 0.000366994
47.712 -0.436332 -0.539848 0.103515 10.3499 2.17633e-07 0.24807 -0.0021541 -0.539848 -0.00561487 1.55465 0.000366995
47.713 -0.436332 -0.539847 0.103515 10.3499 2.19151e-07 0.248069 -0.0021541 -0.539847 -0.00561487 1.55465 0.000366995
47.714 -0.436332 -0.539847 0.103515 10.3499 2.20662e-07 0.248069 -0.00215409 -0.539847 -0.00561486 1.55465 0.000366995
47.715 -0.436332 -0.539847 0.103515 10.3499 2.22167e-07 0.248069 -0.00215409 -0.539847 -0.00561486 1.55465 0.000366995
47.716 -0.436332 -0.539847 0.103515 10.3499 2.23665e-07 0.248068 -0.00215408 -0.539847 -0.00561485 1.55465 0.000366996
47.717 -0.436332 -0.539847 0.103514 10.3498 2.25156e-07 0.248068 -0.00215408 -0.539847 -0.00561485 1.55465 0.000366996
47.718 -0.436332 -0.539847 0.103514 10.3498 2.26641e-07 0.248068 -0.00215407 -0.539847 -0.00561484 1.55465 0.000366996
47.719 -0.436332 -0.539846 0.103514 10.3498 2.28119e-07 0.248067 -0.00215407 -0.539846 -0.00561484 1.55465 0.000366997
47.72 -0.436332 -0.539846 0.103514 10.3498 2.2959e-07 0.248067 -0.00215406 -0.539846 -0.00561483 1.55465 0.000366997
47.721 -0.436332 -0.539846 0.103514 10.3498 2.31054e-07 0.248067 -0.00215406 -0.539846 -0.00561483 1.55465 0.000366997
47.722 -0.436332 -0.539846 0.103514 10.3498 2.32512e-07 0.248066 -0.00215405 -0.539846 -0.00561482 1.55465 0.000366997
47.723 -0.436332 -0.539846 0.103513 10.3498 2.33963e-07 0.248066 -0.00215405 -0.539846 -0.00561482 1.55465 0.000366998
47.724 -0.436332 -0.539846 0.103513 10.3498 2.35407e-07 0.248066 -0.00215404 -0.539846 -0.00561481 1.55465 0.000366998
47.725 -0.436332 -0.539845 0.103513 10.3497 2.36845e-07 0.248065 -0.00215404 -0.539845 -0.00561481 1.55465 0.000366998
47.726 -0.436332 -0.539845 0.103513 10.3497 2.38276e-07 0.248065 -0.00215403 -0.539845 -0.0056148 1.55465 0.000366998
47.727 -0.436332 -0.539845 0.103513 10.3497 2.397e-07 0.248065 -0.00215403 -0.539845 -0.0056148 1.55465 0.000366999
47.728 -0.436332 -0.539845 0.103513 10.3497 2.41118e-07 0.248064 -0.00215402 -0.539845 -0.0056148 1.55465 0.000366999
47.729 -0.436332 -0.539845 0.103513 10.3497 2.42529e-07 0.248064 -0.00215402 -0.539845 -0.00561479 1.55465 0.000366999
47.73 -0.436332 -0.539845 0.103512 10.3497 2.43933e-07 0.248064 -0.00215401 -0.539845 -0.00561479 1.55465 0.000367
47.731 -0.436332 -0.539845 0.103512 10.3497 2.4533e-07 0.248063 -0.00215401 -0.539845 -0.00561478 1.55465 0.000367
47.732 -0.436332 -0.539844 0.103512 10.3497 2.46721e-07 0.248063 -0.002154 -0.539844 -0.00561478 1.55465 0.000367
47.733 -0.436332 -0.539844 0.103512 10.3496 2.48105e-07 0.248063 -0.002154 -0.539844 -0.00561477 1.55465 0.000367
47.734 -0.436332 -0.539844 0.103512 10.3496 2.49483e-07 0.248062 -0.002154 -0.539844 -0.00561477 1.55465 0.000367001
47.735 -0.436332 -0.539844 0.103512 10.3496 2.50853e-07 0.248062 -0.00215399 -0.539844 -0.00561476 1.55465 0.000367001
47.736 -0.436332 -0.539844 0.103511 10.3496 2.52218e-07 0.248062 -0.00215399 -0.539844 -0.00561476 1.55465 0.000367001
47.737 -0.436332 -0.539844 0.103511 10.3496 2.53575e-07 0.248061 -0.00215398 -0.539844 -0.00561475 1.55465 0.000367001
47.738 -0.436332 -0.539843 0.103511 10.3496 2.54926e-07 0.248061 -0.00215398 -0.539843 -0.00561475 1.55465 0.000367002
47.739 -0.436332 -0.539843 0.103511 10.3496 2.5627e-07 0.248061 -0.00215397 -0.539843 -0.00561474 1.55465 0.000367002
47.74 -0.436332 -0.539843 0.103511 10.3496 2.57607e-07 0.24806 -0.00215397 -0.539843 -0.00561474 1.55465 0.000367002
47.741 -0.436332 -0.539843 0.103511 10.3496 2.58938e-07 0.24806 -0.00215396 -0.539843 -0.00561473 1.55465 0.000367003
47.742 -0.436332 -0.539843 0.103511 10.3495 2.60262e-07 0.24806 -0.00215396 -0.539843 -0.00561473 1.55465 0.000367003
47.743 -0.436332 -0.539843 0.10351 10.3495 2.61579e-07 0.248059 -0.00215395 -0.539843 -0.00561473 1.55465 0.000367003
47.744 -0.436332 -0.539843 0.10351 10.3495 2.6289e-07 0.248059 -0.00215395 -0.539843 -0.00561472 1.55465 0.000367003
47.745 -0.436332 -0.539842 0.10351 10.3495 2.64194e-07 0.248059 -0.00215395 -0.539842 -0.00561472 1.55465 0.000367004
47.746 -0.436332 -0.539842 0.10351 10.3495 2.65491e-07 0.248059 -0.00215394 -0.539842 -0.00561471 1.55465 0.000367004
47.747 -0.436332 -0.539842 0.10351 10.3495 2.66782e-07 0.248058 -0.00215394 -0.539842 -0.00561471 1.55465 0.000367004
47.748 -0.436332 -0.539842 0.10351 10.3495 2.68066e-07 0.248058 -0.00215393 -0.539842 -0.0056147 1.55465 0.000367004
47.749 -0.436332 -0.539842 0.103509 10.3495 2.69344e-07 0.248058 -0.00215393 -0.539842 -0.0056147 1.55465 0.000367005
47.75 -0.436332 -0.539842 0.103509 10.3495 2.70615e-07 0.248057 -0.00215392 -0.539842 -0.00561469 1.55465 0.000367005
47.751 -0.436332 -0.539841 0.103509 10.3495 2.71879e-07 0.248057 -0.00215392 -0.539841 -0.00561469 1.55465 0.000367005
47.752 -0.436332 -0.539841 0.103509 10.3494 2.73136e-07 0.248057 -0.00215391 -0.539841 -0.00561468 1.55465 0.000367005
47.753 -0.436332 -0.539841 0.103509 10.3494 2.74387e-07 0.248056 -0.00215391 -0.539841 -0.00561468 1.55465 0.000367006
47.754 -0.436332 -0.539841 0.103509 10.3494 2.75631e-07 0.248056 -0.0021539 -0.539841 -0.00561468 1.55465 0.000367006
47.755 -0.436332 -0.539841 0.103509 10.3494 2.76869e-07 0.248056 -0.0021539 -0.539841 -0.00561467 1.55465 0.000367006
47.756 -0.436332 -0.539841 0.103508 10.3494 2.781e-07 0.248055 -0.0021539 -0.539841 -0.00561467 1.55465 0.000367006
47.757 -0.436332 -0.539841 0.103508 10.3494 2.79325e-07 0.248055 -0.00215389 -0.539841 -0.00561466 1.55465 0.000367007
47.758 -0.436332 -0.53984 0.103508 10.3494 2.80542e-07 0.248055 -0.00215389 -0.53984 -0.00561466 1.55465 0.000367007
47.759 -0.436332 -0.53984 0.103508 10.3494 2.81754e-07 0.248054 -0.00215388 -0.53984 -0.00561465 1.55465 0.000367007
47.76 -0.436332 -0.53984 0.103508 10.3494 2.82958e-07 0.248054 -0.00215388 -0.53984 -0.00561465 1.55465 0.000367008
47.761 -0.436332 -0.53984 0.103508 10.3493 2.84156e-07 0.248054 -0.00215387 -0.53984 -0.00561464 1.55465 0.000367008
47.762 -0.436332 -0.53984 0.103508 10.3493 2.85348e-07 0.248054 -0.00215387 -0.53984 -0.00561464 1.55465 0.000367008
47.763 -0.436332 -0.53984 0.103507 10.3493 2.86533e-07 0.248053 -0.00215387 -0.53984 -0.00561464 1.55465 0.000367008
47.764 -0.436332 -0.53984 0.103507 10.3493 2.87711e-07 0.248053 -0.00215386 -0.53984 -0.00561463 1.55465 0.000367009
47.765 -0.436332 -0.539839 0.103507 10.3493 2.88882e-07 0.248053 -0.00215386 -0.539839 -0.00561463 1.55465 0.000367009
47.766 -0.436332 -0.539839 0.103507 10.3493 2.90047e-07 0.248052 -0.00215385 -0.539839 -0.00561462 1.55465 0.000367009
47.767 -0.436332 -0.539839 0.103507 10.3493 2.91206e-07 0.248052 -0.00215385 -0.539839 -0.00561462 1.55465 0.000367009
47.768 -0.436332 -0.539839 0.103507 10.3493 2.92358e-07 0.248052 -0.00215384 -0.539839 -0.00561461 1.55465 0.00036701
47.769 -0.436332 -0.539839 0.103507 10.3493 2.93503e-07 0.248051 -0.00215384 -0.539839 -0.00561461 1.55465 0.00036701
47.77 -0.436332 -0.539839 0.103506 10.3493 2.94642e-07 0.248051 -0.00215384 -0.539839 -0.00561461 1.55465 0.00036701
47.771 -0.436332 -0.539839 0.103506 10.3492 2.95774e-07 0.248051 -0.00215383 -0.539839 -0.0056146 1.55465 0.00036701
47.772 -0.436332 -0.539839 0.103506 10.3492 2.969e-07 0.248051 -0.00215383 -0.539839 -0.0056146 1.55465 0.000367011
47.773 -0.436332 -0.539838 0.103506 10.3492 2.98019e-07 0.24805 -0.00215382 -0.539838 -0.00561459 1.55465 0.000367011
47.774 -0.436332 -0.539838 0.103506 10.3492 2.99131e-07 0.24805 -0.00215382 -0.539838 -0.00561459 1.55465 0.000367011
47.775 -0.436332 -0.539838 0.103506 10.3492 3.00237e-07 0.24805 -0.00215382 -0.539838 -0.00561458 1.55465 0.000367011
47.776 -0.436332 -0.539838 0.103506 10.3492 3.01337e-07 0.248049 -0.00215381 -0.539838 -0.00561458 1.55465 0.000367012
47.777 -0.436332 -0.539838 0.103506 10.3492 3.0243e-07 0.248049 -0.00215381 -0.539838 -0.00561458 1.55465 0.000367012
47.778 -0.436332 -0.539838 0.103505 10.3492 3.03516e-07 0.248049 -0.0021538 -0.539838 -0.00561457 1.55465 0.000367012
47.779 -0.436332 -0.539838 0.103505 10.3492 3.04596e-07 0.248048 -0.0021538 -0.539838 -0.00561457 1.55465 0.000367012
47.78 -0.436332 -0.539837 0.103505 10.3492 3.0567e-07 0.248048 -0.00215379 -0.539837 -0.00561456 1.55465 0.000367013
47.781 -0.436332 -0.539837 0.103505 10.3492 3.06737e-07 0.248048 -0.00215379 -0.539837 -0.00561456 1.55465 0.000367013
47.782 -0.436332 -0.539837 0.103505 10.3491 3.07797e-07 0.248048 -0.00215379 -0.539837 -0.00561455 1.55465 0.000367013
47.783 -0.436332 -0.539837 0.103505 10.3491 3.08851e-07 0.248047 -0.00215378 -0.539837 -0.00561455 1.55465 0.000367013
47.784 -0.436332 -0.539837 0.103505 10.3491 3.09898e-07 0.248047 -0.00215378 -0.539837 -0.00561455 1.55465 0.000367014
47.785 -0.436332 -0.539837 0.103504 10.3491 3.10939e-07 0.248047 -0.00215377 -0.539837 -0.00561454 1.55465 0.000367014
47.786 -0.436332 -0.539837 0.103504 10.3491 3.11974e-07 0.248046 -0.00215377 -0.539837 -0.00561454 1.55465 0.000367014
47.787 -0.436332 -0.539836 0.103504 10.3491 3.13001e-07 0.248046 -0.00215377 -0.539836 -0.00561453 1.55465 0.000367014
47.788 -0.436332 -0.539836 0.103504 10.3491 3.14023e-07 0.248046 -0.00215376 -0.539836 -0.00561453 1.55465 0.000367014
47.789 -0.436332 -0.539836 0.103504 10.3491 3.15038e-07 0.248046 -0.00215376 -0.539836 -0.00561453 1.55465 0.000367015
47.79 -0.436332 -0.539836 0.103504 10.3491 3.16046e-07 0.248045 -0.00215375 -0.539836 -0.00561452 1.55465 0.000367015
47.791 -0.436332 -0.539836 0.103504 10.3491 3.17049e-07 0.248045 -0.00215375 -0.539836 -0.00561452 1.55465 0.000367015
47.792 -0.436332 -0.539836 0.103504 10.3491 3.18044e-07 0.248045 -0.00215375 -0.539836 -0.00561451 1.55465 0.000367015
47.793 -0.436332 -0.539836 0.103503 10.349 3.19033e-07 0.248045 -0.00215374 -0.539836 -0.00561451 1.55465 0.000367016
47.794 -0.436332 -0.539836 0.103503 10.349 3.20016e-07 0.248044 -0.00215374 -0.539836 -0.00561451 1.55465 0.000367016
47.795 -0.436332 -0.539835 0.103503 10.349 3.20992e-07 0.248044 -0.00215373 -0.539835 -0.0056145 1.55465 0.000367016
47.796 -0.436332 -0.539835 0.103503 10.349 3.21962e-07 0.248044 -0.00215373 -0.539835 -0.0056145 1.55465 0.000367016
47.797 -0.436332 -0.539835 0.103503 10.349 3.22926e-07 0.248043 -0.00215373 -0.539835 -0.00561449 1.55465 0.000367017
47.798 -0.436332 -0.539835 0.103503 10.349 3.23883e-07 0.248043 -0.00215372 -0.539835 -0.00561449 1.55465 0.000367017
47.799 -0.436332 -0.539835 0.103503 10.349 3.24834e-07 0.248043 -0.00215372 -0.539835 -0.00561449 1.55465 0.000367017
47.8 -0.436332 -0.539835 0.103502 10.349 3.25778e-07 0.248043 -0.00215371 -0.539835 -0.00561448 1.55465 0.000367017
47.801 -0.436332 -0.539835 0.103502 10.349 3.26716e-07 0.248042 -0.00215371 -0.539835 -0.00561448 1.55465 0.000367018
47.802 -0.436332 -0.539835 0.103502 10.349 3.27647e-07 0.248042 -0.00215371 -0.539835 -0.00561447 1.55465 0.000367018
47.803 -0.436332 -0.539834 0.103502 10.349 3.28572e-07 0.248042 -0.0021537 -0.539834 -0.00561447 1.55465 0.000367018
47.804 -0.436332 -0.539834 0.103502 10.349 3.29491e-07 0.248042 -0.0021537 -0.539834 -0.00561447 1.55465 0.000367018
47.805 -0.436332 -0.539834 0.103502 10.3489 3.30403e-07 0.248041 -0.0021537 -0.539834 -0.00561446 1.55465 0.000367019
47.806 -0.436332 -0.539834 0.103502 10.3489 3.31309e-07 0.248041 -0.00215369 -0.539834 -0.00561446 1.55465 0.000367019
47.807 -0.436332 -0.539834 0.103502 10.3489 3.32209e-07 0.248041 -0.00215369 -0.539834 -0.00561446 1.55465 0.000367019
47.808 -0.436332 -0.539834 0.103501 10.3489 3.33102e-07 0.24804 -0.00215368 -0.539834 -0.00561445 1.55465 0.000367019
47.809 -0.436332 -0.539834 0.103501 10.3489 3.33989e-07 0.24804 -0.00215368 -0.539834 -0.00561445 1.55465 0.000367019
47.81 -0.436332 -0.539834 0.103501 10.3489 3.3487e-07 0.24804 -0.00215368 -0.539834 -0.00561444 1.55465 0.00036702
47.811 -0.436332 -0.539833 0.103501 10.3489 3.35744e-07 0.24804 -0.00215367 -0.539833 -0.00561444 1.55465 0.00036702
47.812 -0.436332 -0.539833 0.103501 10.3489 3.36612e-07 0.248039 -0.00215367 -0.539833 -0.00561444 1.55465 0.00036702
47.813 -0.436332 -0.539833 0.103501 10.3489 3.37474e-07 0.248039 -0.00215367 -0.539833 -0.00561443 1.55465 0.00036702
47.814 -0.436332 -0.539833 0.103501 10.3489 3.38329e-07 0.248039 -0.00215366 -0.539833 -0.00561443 1.55465 0.000367021
47.815 -0.436332 -0.539833 0.103501 10.3489 3.39178e-07 0.248039 -0.00215366 -0.539833 -0.00561443 1.55465 0.000367021
47.816 -0.436332 -0.539833 0.103501 10.3489 3.40021e-07 0.248038 -0.00215365 -0.539833 -0.00561442 1.55465 0.000367021
47.817 -0.436332 -0.539833 0.1035 10.3488 3.40858e-07 0.248038 -0.00215365 -0.539833 -0.00561442 1.55465 0.000367021
47.818 -0.436332 -0.539833 0.1035 10.3488 3.41688e-07 0.248038 -0.00215365 -0.539833 -0.00561441 1.55465 0.000367021
47.819 -0.436332 -0.539832 0.1035 10.3488 3.42512e-07 0.248038 -0.00215364 -0.539832 -0.00561441 1.55465 0.000367022
47.82 -0.436332 -0.539832 0.1035 10.3488 3.43329e-07 0.248037 -0.00215364 -0.539832 -0.00561441 1.55465 0.000367022
47.821 -0.436332 -0.539832 0.1035 10.3488 3.44141e-07 0.248037 -0.00215364 -0.539832 -0.0056144 1.55465 0.000367022
47.822 -0.436332 -0.539832 0.1035 10.3488 3.44946e-07 0.248037 -0.00215363 -0.539832 -0.0056144 1.55465 0.000367022
47.823 -0.436332 -0.539832 0.1035 10.3488 3.45745e-07 0.248037 -0.00215363 -0.539832 -0.0056144 1.55465 0.000367023
47.824 -0.436332 -0.539832 0.1035 10.3488 3.46538e-07 0.248036 -0.00215363 -0.539832 -0.00561439 1.55465 0.000367023
47.825 -0.436332 -0.539832 0.103499 10.3488 3.47324e-07 0.248036 -0.00215362 -0.539832 -0.00561439 1.55465 0.000367023
47.826 -0.436332 -0.539832 0.103499 10.3488 3.48104e-07 0.248036 -0.00215362 -0.539832 -0.00561438 1.55465 0.000367023
47.827 -0.436332 -0.539832 0.103499 10.3488 3.48879e-07 0.248036 -0.00215362 -0.539832 -0.00561438 1.55465 0.000367023
47.828 -0.436332 -0.539831 0.103499 10.3488 3.49646e-07 0.248035 -0.00215361 -0.539831 -0.00561438 1.55465 0.000367024
47.829 -0.436332 -0.539831 0.103499 10.3488 3.50408e-07 0.248035 -0.00215361 -0.539831 -0.00561437 1.55465 0.000367024
47.83 -0.436332 -0.539831 0.103499 10.3488 3.51164e-07 0.248035 -0.00215361 -0.539831 -0.00561437 1.55465 0.000367024
47.831 -0.436332 -0.539831 0.103499 10.3487 3.51913e-07 0.248035 -0.0021536 -0.539831 -0.00561437 1.55465 0.000367024
47.832 -0.436332 -0.539831 0.103499 10.3487 3.52656e-07 0.248034 -0.0021536 -0.539831 -0.00561436 1.55465 0.000367025
47.833 -0.436332 -0.539831 0.103499 10.3487 3.53393e-07 0.248034 -0.00215359 -0.539831 -0.00561436 1.55465 0.000367025
47.834 -0.436332 -0.539831 0.103498 10.3487 3.54124e-07 0.248034 -0.00215359 -0.539831 -0.00561436 1.55465 0.000367025
47.835 -0.436332 -0.539831 0.103498 10.3487 3.54849e-07 0.248034 -0.00215359 -0.539831 -0.00561435 1.55465 0.000367025
47.836 -0.436332 -0.539831 0.103498 10.3487 3.55567e-07 0.248033 -0.00215358 -0.539831 -0.00561435 1.55465 0.000367025
47.837 -0.436332 -0.53983 0.103498 10.3487 3.5628e-07 0.248033 -0.00215358 -0.53983 -0.00561435 1.55465 0.000367026
47.838 -0.436332 -0.53983 0.103498 10.3487 3.56986e-07 0.248033 -0.00215358 -0.53983 -0.00561434 1.55465 0.000367026
47.839 -0.436332 -0.53983 0.103498 10.3487 3.57686e-07 0.248033 -0.00215357 -0.53983 -0.00561434 1.55465 0.000367026
47.84 -0.436332 -0.53983 0.103498 10.3487 3.5838e-07 0.248032 -0.00215357 -0.53983 -0.00561434 1.55465 0.000367026
47.841 -0.436332 -0.53983 0.103498 10.3487 3.59068e-07 0.248032 -0.00215357 -0.53983 -0.00561433 1.55465 0.000367026
47.842 -0.436332 -0.53983 0.103498 10.3487 3.5975e-07 0.248032 -0.00215356 -0.53983 -0.00561433 1.55465 0.000367027
47.843 -0.436332 -0.53983 0.103497 10.3487 3.60426e-07 0.248032 -0.00215356 -0.53983 -0.00561433 1.55465 0.000367027
47.844 -0.436332 -0.53983 0.103497 10.3487 3.61096e-07 0.248032 -0.00215356 -0.53983 -0.00561432 1.55465 0.000367027
47.845 -0.436332 -0.53983 0.103497 10.3487 3.61759e-07 0.248031 -0.00215355 -0.53983 -0.00561432 1.55465 0.000367027
47.846 -0.436332 -0.539829 0.103497 10.3486 3.62417e-07 0.248031 -0.00215355 -0.539829 -0.00561432 1.55465 0.000367027
47.847 -0.436332 -0.539829 0.103497 10.3486 3.63069e-07 0.248031 -0.00215355 -0.539829 -0.00561431 1.55465 0.000367028
47.848 -0.436332 -0.539829 0.103497 10.3486 3.63714e-07 0.248031 -0.00215354 -0.539829 -0.00561431 1.55465 0.000367028
47.849 -0.436332 -0.539829 0.103497 10.3486 3.64354e-07 0.24803 -0.00215354 -0.539829 -0.00561431 1.55465 0.000367028
47.85 -0.436332 -0.539829 0.103497 10.3486 3.64987e-07 0.24803 -0.00215354 -0.539829 -0.0056143 1.55465 0.000367028
47.851 -0.436332 -0.539829 0.103497 10.3486 3.65615e-07 0.24803 -0.00215353 -0.539829 -0.0056143 1.55465 0.000367028
47.852 -0.436332 -0.539829 0.103497 10.3486 3.66237e-07 0.24803 -0.00215353 -0.539829 -0.0056143 1.55465 0.000367029
47.853 -0.436332 -0.539829 0.103496 10.3486 3.66852e-07 0.248029 -0.00215353 -0.539829 -0.00561429 1.55465 0.000367029
47.854 -0.436332 -0.539829 0.103496 10.3486 3.67462e-07 0.248029 -0.00215353 -0.539829 -0.00561429 1.55465 0.000367029
47.855 -0.436332 -0.539829 0.103496 10.3486 3.68065e-07 0.248029 -0.00215352 -0.539829 -0.00561429 1.55465 0.000367029
47.856 -0.436332 -0.539828 0.103496 10.3486 3.68663e-07 0.248029 -0.00215352 -0.539828 -0.00561428 1.55465 0.000367029
47.857 -0.436332 -0.539828 0.103496 10.3486 3.69255e-07 0.248029 -0.00215352 -0.539828 -0.00561428 1.55465 0.00036703
47.858 -0.436332 -0.539828 0.103496 10.3486 3.69841e-07 0.248028 -0.00215351 -0.539828 -0.00561428 1.55465 0.00036703
47.859 -0.436332 -0.539828 0.103496 10.3486 3.7042e-07 0.248028 -0.00215351 -0.539828 -0.00561427 1.55465 0.00036703
47.86 -0.436332 -0.539828 0.103496 10.3486 3.70994e-07 0.248028 -0.00215351 -0.539828 -0.00561427 1.55465 0.00036703
47.861 -0.436332 -0.539828 0.103496 10.3486 3.71562e-07 0.248028 -0.0021535 -0.539828 -0.00561427 1.55465 0.00036703
47.862 -0.436332 -0.539828 0.103495 10.3486 3.72124e-07 0.248028 -0.0021535 -0.539828 -0.00561426 1.55465 0.000367031
47.863 -0.436332 -0.539828 0.103495 10.3485 3.72681e-07 0.248027 -0.0021535 -0.539828 -0.00561426 1.55465 0.000367031
47.864 -0.436332 -0.539828 0.103495 10.3485 3.73231e-07 0.248027 -0.00215349 -0.539828 -0.00561426 1.55465 0.000367031
47.865 -0.436332 -0.539828 0.103495 10.3485 3.73775e-07 0.248027 -0.00215349 -0.539828 -0.00561425 1.55465 0.000367031
47.866 -0.436332 -0.539827 0.103495 10.3485 3.74314e-07 0.248027 -0.00215349 -0.539827 -0.00561425 1.55465 0.000367031
47.867 -0.436332 -0.539827 0.103495 10.3485 3.74847e-07 0.248026 -0.00215349 -0.539827 -0.00561425 1.55465 0.000367032
47.868 -0.436332 -0.539827 0.103495 10.3485 3.75374e-07 0.248026 -0.00215348 -0.539827 -0.00561425 1.55465 0.000367032
47.869 -0.436332 -0.539827 0.103495 10.3485 3.75895e-07 0.248026 -0.00215348 -0.539827 -0.00561424 1.55465 0.000367032
47.87 -0.436332 -0.539827 0.103495 10.3485 3.7641e-07 0.248026 -0.00215348 -0.539827 -0.00561424 1.55465 0.000367032
47.871 -0.436332 -0.539827 0.103495 10.3485 3.76919e-07 0.248026 -0.00215347 -0.539827 -0.00561424 1.55465 0.000367032
47.872 -0.436332 -0.539827 0.103495 10.3485 3.77423e-07 0.248025 -0.00215347 -0.539827 -0.00561423 1.55465 0.000367033
47.873 -0.436332 -0.539827 0.103494 10.3485 3.77921e-07 0.248025 -0.00215347 -0.539827 -0.00561423 1.55465 0.000367033
47.874 -0.436332 -0.539827 0.103494 10.3485 3.78413e-07 0.248025 -0.00215346 -0.539827 -0.00561423 1.55465 0.000367033
47.875 -0.436332 -0.539827 0.103494 10.3485 3.78899e-07 0.248025 -0.00215346 -0.539827 -0.00561422 1.55465 0.000367033
47.876 -0.436332 -0.539826 0.103494 10.3485 3.79379e-07 0.248025 -0.00215346 -0.539826 -0.00561422 1.55465 0.000367033
47.877 -0.436332 -0.539826 0.103494 10.3485 3.79854e-07 0.248024 -0.00215346 -0.539826 -0.00561422 1.55465 0.000367034
47.878 -0.436332 -0.539826 0.103494 10.3485 3.80323e-07 0.248024 -0.00215345 -0.539826 -0.00561422 1.55465 0.000367034
47.879 -0.436332 -0.539826 0.103494 10.3485 3.80786e-07 0.248024 -0.00215345 -0.539826 -0.00561421 1.55465 0.000367034
47.88 -0.436332 -0.539826 0.103494 10.3485 3.81244e-07 0.248024 -0.00215345 -0.539826 -0.00561421 1.55465 0.000367034
47.881 -0.436332 -0.539826 0.103494 10.3485 3.81696e-07 0.248024 -0.00215344 -0.539826 -0.00561421 1.55465 0.000367034
47.882 -0.436332 -0.539826 0.103494 10.3484 3.82142e-07 0.248023 -0.00215344 -0.539826 -0.0056142 1.55465 0.000367034
47.883 -0.436332 -0.539826 0.103493 10.3484 3.82582e-07 0.248023 -0.00215344 -0.539826 -0.0056142 1.55465 0.000367035
47.884 -0.436332 -0.539826 0.103493 10.3484 3.83017e-07 0.248023 -0.00215344 -0.539826 -0.0056142 1.55465 0.000367035
47.885 -0.436332 -0.539826 0.103493 10.3484 3.83446e-07 0.248023 -0.00215343 -0.539826 -0.0056142 1.55465 0.000367035
47.886 -0.436332 -0.539826 0.103493 10.3484 3.83869e-07 0.248023 -0.00215343 -0.539826 -0.00561419 1.55465 0.000367035
47.887 -0.436332 -0.539825 0.103493 10.3484 3.84287e-07 0.248022 -0.00215343 -0.539825 -0.00561419 1.55465 0.000367035
47.888 -0.436332 -0.539825 0.103493 10.3484 3.84699e-07 0.248022 -0.00215342 -0.539825 -0.00561419 1.55465 0.000367036
47.889 -0.436332 -0.539825 0.103493 10.3484 3.85105e-07 0.248022 -0.00215342 -0.539825 -0.00561418 1.55465 0.000367036
47.89 -0.436332 -0.539825 0.103493 10.3484 3.85506e-07 0.248022 -0.00215342 -0.539825 -0.00561418 1.55465 0.000367036
47.891 -0.436332 -0.539825 0.103493 10.3484 3.85902e-07 0.248022 -0.00215342 -0.539825 -0.00561418 1.55465 0.000367036
47.892 -0.436332 -0.539825 0.103493 10.3484 3.86291e-07 0.248021 -0.00215341 -0.539825 -0.00561418 1.55465 0.000367036
47.893 -0.436332 -0.539825 0.103493 10.3484 3.86675e-07 0.248021 -0.00215341 -0.539825 -0.00561417 1.55465 0.000367036
47.894 -0.436332 -0.539825 0.103493 10.3484 3.87054e-07 0.248021 -0.00215341 -0.539825 -0.00561417 1.55465 0.000367037
47.895 -0.436332 -0.539825 0.103492 10.3484 3.87426e-07 0.248021 -0.00215341 -0.539825 -0.00561417 1.55465 0.000367037
47.896 -0.436332 -0.539825 0.103492 10.3484 3.87794e-07 0.248021 -0.0021534 -0.539825 -0.00561416 1.55465 0.000367037
47.897 -0.436332 -0.539825 0.103492 10.3484 3.88156e-07 0.248021 -0.0021534 -0.539825 -0.00561416 1.55465 0.000367037
47.898 -0.436332 -0.539825 0.103492 10.3484 3.88512e-07 0.24802 -0.0021534 -0.539825 -0.00561416 1.55465 0.000367037
47.899 -0.436332 -0.539824 0.103492 10.3484 3.88862e-07 0.24802 -0.0021534 -0.539824 -0.00561416 1.55465 0.000367037
47.9 -0.436332 -0.539824 0.103492 10.3484 3.89208e-07 0.24802 -0.00215339 -0.539824 -0.00561415 1.55465 0.000367038
47.901 -0.436332 -0.539824 0.103492 10.3484 3.89547e-07 0.24802 -0.00215339 -0.539824 -0.00561415 1.55465 0.000367038
47.902 -0.436332 -0.539824 0.103492 10.3484 3.89882e-07 0.24802 -0.00215339 -0.539824 -0.00561415 1.55465 0.000367038
47.903 -0.436332 -0.539824 0.103492 10.3484 3.9021e-07 0.248019 -0.00215339 -0.539824 -0.00561415 1.55465 0.000367038
47.904 -0.436332 -0.539824 0.103492 10.3484 3.90534e-07 0.248019 -0.00215338 -0.539824 -0.00561414 1.55465 0.000367038
47.905 -0.436332 -0.539824 0.103492 10.3483 3.90851e-07 0.248019 -0.00215338 -0.539824 -0.00561414 1.55465 0.000367038
47.906 -0.436332 -0.539824 0.103492 10.3483 3.91164e-07 0.248019 -0.00215338 -0.539824 -0.00561414 1.55465 0.000367039
47.907 -0.436332 -0.539824 0.103491 10.3483 3.91471e-07 0.248019 -0.00215338 -0.539824 -0.00561414 1.55465 0.000367039
47.908 -0.436332 -0.539824 0.103491 10.3483 3.91772e-07 0.248019 -0.00215337 -0.539824 -0.00561413 1.55465 0.000367039
47.909 -0.436332 -0.539824 0.103491 10.3483 3.92068e-07 0.248018 -0.00215337 -0.539824 -0.00561413 1.55465 0.000367039
47.91 -0.436332 -0.539824 0.103491 10.3483 3.92359e-07 0.248018 -0.00215337 -0.539824 -0.00561413 1.55465 0.000367039
47.911 -0.436332 -0.539823 0.103491 10.3483 3.92644e-07 0.248018 -0.00215337 -0.539823 -0.00561413 1.55465 0.000367039
47.912 -0.436332 -0.539823 0.103491 10.3483 3.92924e-07 0.248018 -0.00215336 -0.539823 -0.00561412 1.55465 0.00036704
47.913 -0.436332 -0.539823 0.103491 10.3483 3.93199e-07 0.248018 -0.00215336 -0.539823 -0.00561412 1.55465 0.00036704
47.914 -0.436332 -0.539823 0.103491 10.3483 3.93468e-07 0.248018 -0.00215336 -0.539823 -0.00561412 1.55465 0.00036704
47.915 -0.436332 -0.539823 0.103491 10.3483 3.93732e-07 0.248017 -0.00215336 -0.539823 -0.00561412 1.55465 0.00036704
47.916 -0.436332 -0.539823 0.103491 10.3483 3.9399e-07 0.248017 -0.00215335 -0.539823 -0.00561411 1.55465 0.00036704
47.917 -0.436332 -0.539823 0.103491 10.3483 3.94243e-07 0.248017 -0.00215335 -0.539823 -0.00561411 1.55465 0.00036704
47.918 -0.436332 -0.539823 0.103491 10.3483 3.94491e-07 0.248017 -0.00215335 -0.539823 -0.00561411 1.55465 0.000367041
47.919 -0.436332 -0.539823 0.103491 10.3483 3.94734e-07 0.248017 -0.00215335 -0.539823 -0.00561411 1.55465 0.000367041
47.92 -0.436332 -0.539823 0.10349 10.3483 3.94971e-07 0.248017 -0.00215334 -0.539823 -0.0056141 1.55465 0.000367041
47.921 -0.436332 -0.539823 0.10349 10.3483 3.95203e-07 0.248016 -0.00215334 -0.539823 -0.0056141 1.55465 0.000367041
47.922 -0.436332 -0.539823 0.10349 10.3483 3.9543e-07 0.248016 -0.00215334 -0.539823 -0.0056141 1.55465 0.000367041
47.923 -0.436332 -0.539823 0.10349 10.3483 3.95651e-07 0.248016 -0.00215334 -0.539823 -0.0056141 1.55465 0.000367041
47.924 -0.436332 -0.539822 0.10349 10.3483 3.95867e-07 0.248016 -0.00215333 -0.539822 -0.00561409 1.55465 0.000367042
47.925 -0.436332 -0.539822 0.10349 10.3483 3.96078e-07 0.248016 -0.00215333 -0.539822 -0.00561409 1.55465 0.000367042
47.926 -0.436332 -0.539822 0.10349 10.3483 3.96284e-07 0.248016 -0.00215333 -0.539822 -0.00561409 1.55465 0.000367042
47.927 -0.436332 -0.539822 0.10349 10.3483 3.96485e-07 0.248016 -0.00215333 -0.539822 -0.00561409 1.55465 0.000367042
47.928 -0.436332 -0.539822 0.10349 10.3483 3.9668e-07 0.248015 -0.00215333 -0.539822 -0.00561408 1.55465 0.000367042
47.929 -0.436332 -0.539822 0.10349 10.3483 3.96871e-07 0.248015 -0.00215332 -0.539822 -0.00561408 1.55465 0.000367042
47.93 -0.436332 -0.539822 0.10349 10.3483 3.97056e-07 0.248015 -0.00215332 -0.539822 -0.00561408 1.55465 0.000367042
47.931 -0.436332 -0.539822 0.10349 10.3483 3.97235e-07 0.248015 -0.00215332 -0.539822 -0.00561408 1.55465 0.000367043
47.932 -0.436332 -0.539822 0.10349 10.3483 3.9741e-07 0.248015 -0.00215332 -0.539822 -0.00561408 1.55465 0.000367043
47.933 -0.436332 -0.539822 0.10349 10.3483 3.9758e-07 0.248015 -0.00215331 -0.539822 -0.00561407 1.55465 0.000367043
47.934 -0.436332 -0.539822 0.103489 10.3483 3.97744e-07 0.248014 -0.00215331 -0.539822 -0.00561407 1.55465 0.000367043
47.935 -0.436332 -0.539822 0.103489 10.3483 3.97904e-07 0.248014 -0.00215331 -0.539822 -0.00561407 1.55465 0.000367043
47.936 -0.436332 -0.539822 0.103489 10.3483 3.98058e-07 0.248014 -0.00215331 -0.539822 -0.00561407 1.55465 0.000367043
47.937 -0.436332 -0.539822 0.103489 10.3482 3.98207e-07 0.248014 -0.00215331 -0.539822 -0.00561406 1.55465 0.000367043
47.938 -0.436332 -0.539821 0.103489 10.3482 3.98351e-07 0.248014 -0.0021533 -0.539821 -0.00561406 1.55465 0.000367044
47.939 -0.436332 -0.539821 0.103489 10.3482 3.9849e-07 0.248014 -0.0021533 -0.539821 -0.00561406 1.55465 0.000367044
47.94 -0.436332 -0.539821 0.103489 10.3482 3.98624e-07 0.248014 -0.0021533 -0.539821 -0.00561406 1.55465 0.000367044
47.941 -0.436332 -0.539821 0.103489 10.3482 3.98753e-07 0.248013 -0.0021533 -0.539821 -0.00561406 1.55465 0.000367044
47.942 -0.436332 -0.539821 0.103489 10.3482 3.98877e-07 0.248013 -0.0021533 -0.539821 -0.00561405 1.55465 0.000367044
47.943 -0.436332 -0.539821 0.103489 10.3482 3.98996e-07 0.248013 -0.00215329 -0.539821 -0.00561405 1.55465 0.000367044
47.944 -0.436332 -0.539821 0.103489 10.3482 3.9911e-07 0.248013 -0.00215329 -0.539821 -0.00561405 1.55465 0.000367044
47.945 -0.436332 -0.539821 0.103489 10.3482 3.99219e-07 0.248013 -0.00215329 -0.539821 -0.00561405 1.55465 0.000367045
47.946 -0.436332 -0.539821 0.103489 10.3482 3.99323e-07 0.248013 -0.00215329 -0.539821 -0.00561405 1.55465 0.000367045
47.947 -0.436332 -0.539821 0.103489 10.3482 3.99422e-07 0.248013 -0.00215329 -0.539821 -0.00561404 1.55465 0.000367045
47.948 -0.436332 -0.539821 0.103489 10.3482 3.99516e-07 0.248012 -0.00215328 -0.539821 -0.00561404 1.55465 0.000367045
47.949 -0.436332 -0.539821 0.103488 10.3482 3.99605e-07 0.248012 -0.00215328 -0.539821 -0.00561404 1.55465 0.000367045
47.95 -0.436332 -0.539821 0.103488 10.3482 3.9969e-07 0.248012 -0.00215328 -0.539821 -0.00561404 1.55465 0.000367045
47.951 -0.436332 -0.539821 0.103488 10.3482 3.99769e-07 0.248012 -0.00215328 -0.539821 -0.00561404 1.55465 0.000367045
47.952 -0.436332 -0.539821 0.103488 10.3482 3.99843e-07 0.248012 -0.00215328 -0.539821 -0.00561403 1.55465 0.000367046
47.953 -0.436332 -0.539821 0.103488 10.3482 3.99913e-07 0.248012 -0.00215327 -0.539821 -0.00561403 1.55465 0.000367046
47.954 -0.436332 -0.53982 0.103488 10.3482 3.99977e-07 0.248012 -0.00215327 -0.53982 -0.00561403 1.55465 0.000367046
47.955 -0.436332 -0.53982 0.103488 10.3482 4.00037e-07 0.248012 -0.00215327 -0.53982 -0.00561403 1.55465 0.000367046
47.956 -0.436332 -0.53982 0.103488 10.3482 4.00092e-07 0.248011 -0.00215327 -0.53982 -0.00561403 1.55465 0.000367046
47.957 -0.436332 -0.53982 0.103488 10.3482 4.00142e-07 0.248011 -0.00215327 -0.53982 -0.00561402 1.55465 0.000367046
47.958 -0.436332 -0.53982 0.103488 10.3482 4.00187e-07 0.248011 -0.00215326 -0.53982 -0.00561402 1.55465 0.000367046
47.959 -0.436332 -0.53982 0.103488 10.3482 4.00228e-07 0.248011 -0.00215326 -0.53982 -0.00561402 1.55465 0.000367047
47.96 -0.436332 -0.53982 0.103488 10.3482 4.00264e-07 0.248011 -0.00215326 -0.53982 -0.00561402 1.55465 0.000367047
47.961 -0.436332 -0.53982 0.103488 10.3482 4.00294e-07 0.248011 -0.00215326 -0.53982 -0.00561402 1.55465 0.000367047
47.962 -0.436332 -0.53982 0.103488 10.3482 4.0032e-07 0.248011 -0.00215326 -0.53982 -0.00561401 1.55465 0.000367047
47.963 -0.436332 -0.53982 0.103488 10.3482 4.00342e-07 0.24801 -0.00215325 -0.53982 -0.00561401 1.55465 0.000367047
47.964 -0.436332 -0.53982 0.103488 10.3482 4.00358e-07 0.24801 -0.00215325 -0.53982 -0.00561401 1.55465 0.000367047
47.965 -0.436332 -0.53982 0.103488 10.3482 4.0037e-07 0.24801 -0.00215325 -0.53982 -0.00561401 1.55465 0.000367047
47.966 -0.436332 -0.53982 0.103487 10.3482 4.00377e-07 0.24801 -0.00215325 -0.53982 -0.00561401 1.55465 0.000367047
47.967 -0.436332 -0.53982 0.103487 10.3482 4.0038e-07 0.24801 -0.00215325 -0.53982 -0.005614 1.55465 0.000367048
47.968 -0.436332 -0.53982 0.103487 10.3482 4.00377e-07 0.24801 -0.00215325 -0.53982 -0.005614 1.55465 0.000367048
47.969 -0.436332 -0.53982 0.103487 10.3482 4.0037e-07 0.24801 -0.00215324 -0.53982 -0.005614 1.55465 0.000367048
47.97 -0.436332 -0.53982 0.103487 10.3482 4.00359e-07 0.24801 -0.00215324 -0.53982 -0.005614 1.55465 0.000367048
47.971 -0.436332 -0.53982 0.103487 10.3482 4.00342e-07 0.24801 -0.00215324 -0.53982 -0.005614 1.55465 0.000367048
47.972 -0.436332 -0.539819 0.103487 10.3482 4.00321e-07 0.248009 -0.00215324 -0.539819 -0.005614 1.55465 0.000367048
47.973 -0.436332 -0.539819 0.103487 10.3482 4.00296e-07 0.248009 -0.00215324 -0.539819 -0.00561399 1.55465 0.000367048
47.974 -0.436332 -0.539819 0.103487 10.3482 4.00266e-07 0.248009 -0.00215324 -0.539819 -0.00561399 1.55465 0.000367048
47.975 -0.436332 -0.539819 0.103487 10.3482 4.00231e-07 0.248009 -0.00215323 -0.539819 -0.00561399 1.55465 0.000367049
47.976 -0.436332 -0.539819 0.103487 10.3482 4.00191e-07 0.248009 -0.00215323 -0.539819 -0.00561399 1.55465 0.000367049
47.977 -0.436332 -0.539819 0.103487 10.3482 4.00147e-07 0.248009 -0.00215323 -0.539819 -0.00561399 1.55465 0.000367049
47.978 -0.436332 -0.539819 0.103487 10.3482 4.00099e-07 0.248009 -0.00215323 -0.539819 -0.00561399 1.55465 0.000367049
47.979 -0.436332 -0.539819 0.103487 10.3482 4.00046e-07 0.248009 -0.00215323 -0.539819 -0.00561398 1.55465 0.000367049
47.98 -0.436332 -0.539819 0.103487 10.3482 3.99988e-07 0.248009 -0.00215323 -0.539819 -0.00561398 1.55465 0.000367049
47.981 -0.436332 -0.539819 0.103487 10.3482 3.99926e-07 0.248008 -0.00215322 -0.539819 -0.00561398 1.55465 0.000367049
47.982 -0.436332 -0.539819 0.103487 10.3482 3.99859e-07 0.248008 -0.00215322 -0.539819 -0.00561398 1.55465 0.000367049
47.983 -0.436332 -0.539819 0.103487 10.3482 3.99788e-07 0.248008 -0.00215322 -0.539819 -0.00561398 1.55465 0.000367049
47.984 -0.436332 -0.539819 0.103487 10.3482 3.99712e-07 0.248008 -0.00215322 -0.539819 -0.00561398 1.55465 0.00036705
47.985 -0.436332 -0.539819 0.103486 10.3482 3.99632e-07 0.248008 -0.00215322 -0.539819 -0.00561397 1.55465 0.00036705
47.986 -0.436332 -0.539819 0.103486 10.3482 3.99547e-07 0.248008 -0.00215322 -0.539819 -0.00561397 1.55465 0.00036705
47.987 -0.436332 -0.539819 0.103486 10.3482 3.99458e-07 0.248008 -0.00215322 -0.539819 -0.00561397 1.55465 0.00036705
47.988 -0.436332 -0.539819 0.103486 10.3482 3.99365e-07 0.248008 -0.00215321 -0.539819 -0.00561397 1.55465 0.00036705
47.989 -0.436332 -0.539819 0.103486 10.3482 3.99267e-07 0.248008 -0.00215321 -0.539819 -0.00561397 1.55465 0.00036705
47.99 -0.436332 -0.539819 0.103486 10.3482 3.99164e-07 0.248007 -0.00215321 -0.539819 -0.00561397 1.55465 0.00036705
47.991 -0.436332 -0.539819 0.103486 10.3482 3.99057e-07 0.248007 -0.00215321 -0.539819 -0.00561396 1.55465 0.00036705
47.992 -0.436332 -0.539818 0.103486 10.3482 3.98946e-07 0.248007 -0.00215321 -0.539818 -0.00561396 1.55465 0.000367051
47.993 -0.436332 -0.539818 0.103486 10.3482 3.98831e-07 0.248007 -0.00215321 -0.539818 -0.00561396 1.55465 0.000367051
47.994 -0.436332 -0.539818 0.103486 10.3482 3.98711e-07 0.248007 -0.0021532 -0.539818 -0.00561396 1.55465 0.000367051
47.995 -0.436332 -0.539818 0.103486 10.3482 3.98587e-07 0.248007 -0.0021532 -0.539818 -0.00561396 1.55465 0.000367051
47.996 -0.436332 -0.539818 0.103486 10.3482 3.98458e-07 0.248007 -0.0021532 -0.539818 -0.00561396 1.55465 0.000367051
47.997 -0.436332 -0.539818 0.103486 10.3482 3.98325e-07 0.248007 -0.0021532 -0.539818 -0.00561396 1.55465 0.000367051
47.998 -0.436332 -0.539818 0.103486 10.3482 3.98188e-07 0.248007 -0.0021532 -0.539818 -0.00561395 1.55465 0.000367051
47.999 -0.436332 -0.539818 0.103486 10.3482 3.98046e-07 0.248007 -0.0021532 -0.539818 -0.00561395 1.55465 0.000367051
48 -0.436332 -0.539818 0.103486 10.3482 3.97901e-07 0.248007 -0.0021532 -0.539818 -0.00561395 1.55465 0.000367051
48.001 -0.436332 -0.539818 0.103486 10.3482 3.97751e-07 0.248006 -0.00215319 -0.539818 -0.00561395 1.55465 0.000367051
48.002 -0.436332 -0.539818 0.103486 10.3482 3.97596e-07 0.248006 -0.00215319 -0.539818 -0.00561395 1.55465 0.000367052
48.003 -0.436332 -0.539818 0.103486 10.3482 3.97438e-07 0.248006 -0.00215319 -0.539818 -0.00561395 1.55465 0.000367052
48.004 -0.436332 -0.539818 0.103486 10.3482 3.97275e-07 0.248006 -0.00215319 -0.539818 -0.00561395 1.55465 0.000367052
48.005 -0.436332 -0.539818 0.103486 10.3482 3.97108e-07 0.248006 -0.00215319 -0.539818 -0.00561394 1.55465 0.000367052
48.006 -0.436332 -0.539818 0.103486 10.3482 3.96937e-07 0.248006 -0.00215319 -0.539818 -0.00561394 1.55465 0.000367052
48.007 -0.436332 -0.539818 0.103486 10.3482 3.96762e-07 0.248006 -0.00215319 -0.539818 -0.00561394 1.55465 0.000367052
48.008 -0.436332 -0.539818 0.103485 10.3482 3.96582e-07 0.248006 -0.00215319 -0.539818 -0.00561394 1.55465 0.000367052
48.009 -0.436332 -0.539818 0.103485 10.3482 3.96398e-07 0.248006 -0.00215318 -0.539818 -0.00561394 1.55465 0.000367052
48.01 -0.436332 -0.539818 0.103485 10.3482 3.96211e-07 0.248006 -0.00215318 -0.539818 -0.00561394 1.55465 0.000367052
48.011 -0.436332 -0.539818 0.103485 10.3482 3.96019e-07 0.248006 -0.00215318 -0.539818 -0.00561394 1.55465 0.000367052
48.012 -0.436332 -0.539818 0.103485 10.3482 3.95823e-07 0.248005 -0.00215318 -0.539818 -0.00561394 1.55465 0.000367053
48.013 -0.436332 -0.539818 0.103485 10.3482 3.95622e-07 0.248005 -0.00215318 -0.539818 -0.00561393 1.55465 0.000367053
48.014 -0.436332 -0.539818 0.103485 10.3482 3.95418e-07 0.248005 -0.00215318 -0.539818 -0.00561393 1.55465 0.000367053
48.015 -0.436332 -0.539818 0.103485 10.3482 3.9521e-07 0.248005 -0.00215318 -0.539818 -0.00561393 1.55465 0.000367053
48.016 -0.436332 -0.539818 0.103485 10.3482 3.94997e-07 0.248005 -0.00215318 -0.539818 -0.00561393 1.55465 0.000367053
48.017 -0.436332 -0.539817 0.103485 10.3482 3.94781e-07 0.248005 -0.00215317 -0.539817 -0.00561393 1.55465 0.000367053
48.018 -0.436332 -0.539817 0.103485 10.3482 3.94561e-07 0.248005 -0.00215317 -0.539817 -0.00561393 1.55465 0.000367053
48.019 -0.436332 -0.539817 0.103485 10.3482 3.94336e-07 0.248005 -0.00215317 -0.539817 -0.00561393 1.55465 0.000367053
48.02 -0.436332 -0.539817 0.103485 10.3482 3.94108e-07 0.248005 -0.00215317 -0.539817 -0.00561393 1.55465 0.000367053
48.021 -0.436332 -0.539817 0.103485 10.3482 3.93875e-07 0.248005 -0.00215317 -0.539817 -0.00561392 1.55465 0.000367053
48.022 -0.436332 -0.539817 0.103485 10.3482 3.93639e-07 0.248005 -0.00215317 -0.539817 -0.00561392 1.55465 0.000367054
48.023 -0.436332 -0.539817 0.103485 10.3482 3.93398e-07 0.248005 -0.00215317 -0.539817 -0.00561392 1.55465 0.000367054
48.024 -0.436332 -0.539817 0.103485 10.3482 3.93154e-07 0.248005 -0.00215317 -0.539817 -0.00561392 1.55465 0.000367054
48.025 -0.436332 -0.539817 0.103485 10.3482 3.92905e-07 0.248004 -0.00215317 -0.539817 -0.00561392 1.55465 0.000367054
48.026 -0.436332 -0.539817 0.103485 10.3482 3.92653e-07 0.248004 -0.00215316 -0.539817 -0.00561392 1.55465 0.000367054
48.027 -0.436332 -0.539817 0.103485 10.3482 3.92397e-07 0.248004 -0.00215316 -0.539817 -0.00561392 1.55465 0.000367054
48.028 -0.436332 -0.539817 0.103485 10.3482 3.92137e-07 0.248004 -0.00215316 -0.539817 -0.00561392 1.55465 0.000367054
48.029 -0.436332 -0.539817 0.103485 10.3482 3.91873e-07 0.248004 -0.00215316 -0.539817 -0.00561392 1.55465 0.000367054
48.03 -0.436332 -0.539817 0.103485 10.3482 3.91605e-07 0.248004 -0.00215316 -0.539817 -0.00561391 1.55465 0.000367054
48.031 -0.436332 -0.539817 0.103485 10.3482 3.91333e-07 0.248004 -0.00215316 -0.539817 -0.00561391 1.55465 0.000367054
48.032 -0.436332 -0.539817 0.103485 10.3482 3.91058e-07 0.248004 -0.00215316 -0.539817 -0.00561391 1.55465 0.000367054
48.033 -0.436332 -0.539817 0.103485 10.3482 3.90778e-07 0.248004 -0.00215316 -0.539817 -0.00561391 1.55465 0.000367054
48.034 -0.436332 -0.539817 0.103485 10.3482 3.90495e-07 0.248004 -0.00215316 -0.539817 -0.00561391 1.55465 0.000367055
48.035 -0.436332 -0.539817 0.103485 10.3482 3.90208e-07 0.248004 -0.00215316 -0.539817 -0.00561391 1.55465 0.000367055
48.036 -0.436332 -0.539817 0.103485 10.3482 3.89917e-07 0.248004 -0.00215315 -0.539817 -0.00561391 1.55465 0.000367055
48.037 -0.436332 -0.539817 0.103485 10.3482 3.89623e-07 0.248004 -0.00215315 -0.539817 -0.00561391 1.55465 0.000367055
48.038 -0.436332 -0.539817 0.103484 10.3482 3.89325e-07 0.248004 -0.00215315 -0.539817 -0.00561391 1.55465 0.000367055
48.039 -0.436332 -0.539817 0.103484 10.3482 3.89022e-07 0.248004 -0.00215315 -0.539817 -0.00561391 1.55465 0.000367055
48.04 -0.436332 -0.539817 0.103484 10.3482 3.88717e-07 0.248004 -0.00215315 -0.539817 -0.0056139 1.55465 0.000367055
48.041 -0.436332 -0.539817 0.103484 10.3482 3.88407e-07 0.248003 -0.00215315 -0.539817 -0.0056139 1.55465 0.000367055
48.042 -0.436332 -0.539817 0.103484 10.3482 3.88094e-07 0.248003 -0.00215315 -0.539817 -0.0056139 1.55465 0.000367055
48.043 -0.436332 -0.539817 0.103484 10.3482 3.87777e-07 0.248003 -0.00215315 -0.539817 -0.0056139 1.55465 0.000367055
48.044 -0.436332 -0.539817 0.103484 10.3482 3.87456e-07 0.248003 -0.00215315 -0.539817 -0.0056139 1.55465 0.000367055
48.045 -0.436332 -0.539817 0.103484 10.3482 3.87132e-07 0.248003 -0.00215315 -0.539817 -0.0056139 1.55465 0.000367055
48.046 -0.436332 -0.539817 0.103484 10.3482 3.86804e-07 0.248003 -0.00215315 -0.539817 -0.0056139 1.55465 0.000367056
48.047 -0.436332 -0.539817 0.103484 10.3482 3.86473e-07 0.248003 -0.00215314 -0.539817 -0.0056139 1.55465 0.000367056
48.048 -0.436332 -0.539817 0.103484 10.3482 3.86137e-07 0.248003 -0.00215314 -0.539817 -0.0056139 1.55465 0.000367056
48.049 -0.436332 -0.539817 0.103484 10.3482 3.85799e-07 0.248003 -0.00215314 -0.539817 -0.0056139 1.55465 0.000367056
48.05 -0.436332 -0.539817 0.103484 10.3482 3.85456e-07 0.248003 -0.00215314 -0.539817 -0.0056139 1.55465 0.000367056
48.051 -0.436332 -0.539816 0.103484 10.3482 3.8511e-07 0.248003 -0.00215314 -0.539816 -0.00561389 1.55465 0.000367056
48.052 -0.436332 -0.539816 0.103484 10.3482 3.84761e-07 0.248003 -0.00215314 -0.539816 -0.00561389 1.55465 0.000367056
48.053 -0.436332 -0.539816 0.103484 10.3482 3.84408e-07 0.248003 -0.00215314 -0.539816 -0.00561389 1.55465 0.000367056
48.054 -0.436332 -0.539816 0.103484 10.3482 3.84051e-07 0.248003 -0.00215314 -0.539816 -0.00561389 1.55465 0.000367056
48.055 -0.436332 -0.539816 0.103484 10.3482 3.83691e-07 0.248003 -0.00215314 -0.539816 -0.00561389 1.55465 0.000367056
48.056 -0.436332 -0.539816 0.103484 10.3482 3.83327e-07 0.248003 -0.00215314 -0.539816 -0.00561389 1.55465 0.000367056
48.057 -0.436332 -0.539816 0.103484 10.3482 3.8296e-07 0.248003 -0.00215314 -0.539816 -0.00561389 1.55465 0.000367056
48.058 -0.436332 -0.539816 0.103484 10.3482 3.82589e-07 0.248003 -0.00215314 -0.539816 -0.00561389 1.55465 0.000367056
48.059 -0.436332 -0.539816 0.103484 10.3482 3.82215e-07 0.248003 -0.00215314 -0.539816 -0.00561389 1.55465 0.000367056
48.06 -0.436332 -0.539816 0.103484 10.3482 3.81838e-07 0.248002 -0.00215314 -0.539816 -0.00561389 1.55465 0.000367057
48.061 -0.436332 -0.539816 0.103484 10.3482 3.81457e-07 0.248002 -0.00215313 -0.539816 -0.00561389 1.55465 0.000367057
48.062 -0.436332 -0.539816 0.103484 10.3482 3.81072e-07 0.248002 -0.00215313 -0.539816 -0.00561389 1.55465 0.000367057
48.063 -0.436332 -0.539816 0.103484 10.3482 3.80684e-07 0.248002 -0.00215313 -0.539816 -0.00561389 1.55465 0.000367057
48.064 -0.436332 -0.539816 0.103484 10.3482 3.80293e-07 0.248002 -0.00215313 -0.539816 -0.00561388 1.55465 0.000367057
48.065 -0.436332 -0.539816 0.103484 10.3482 3.79898e-07 0.248002 -0.00215313 -0.539816 -0.00561388 1.55465 0.000367057
48.066 -0.436332 -0.539816 0.103484 10.3482 3.795e-07 0.248002 -0.00215313 -0.539816 -0.00561388 1.55465 0.000367057
48.067 -0.436332 -0.539816 0.103484 10.3482 3.79099e-07 0.248002 -0.00215313 -0.539816 -0.00561388 1.55465 0.000367057
48.068 -0.436332 -0.539816 0.103484 10.3482 3.78694e-07 0.248002 -0.00215313 -0.539816 -0.00561388 1.55465 0.000367057
48.069 -0.436332 -0.539816 0.103484 10.3482 3.78286e-07 0.248002 -0.00215313 -0.539816 -0.00561388 1.55465 0.000367057
48.07 -0.436332 -0.539816 0.103484 10.3482 3.77875e-07 0.248002 -0.00215313 -0.539816 -0.00561388 1.55465 0.000367057
48.071 -0.436332 -0.539816 0.103484 10.3482 3.7746e-07 0.248002 -0.00215313 -0.539816 -0.00561388 1.55465 0.000367057
48.072 -0.436332 -0.539816 0.103484 10.3482 3.77042e-07 0.248002 -0.00215313 -0.539816 -0.00561388 1.55465 0.000367057
48.073 -0.436332 -0.539816 0.103484 10.3482 3.76621e-07 0.248002 -0.00215313 -0.539816 -0.00561388 1.55465 0.000367057
48.074 -0.436332 -0.539816 0.103484 10.3482 3.76196e-07 0.248002 -0.00215313 -0.539816 -0.00561388 1.55465 0.000367057
48.075 -0.436332 -0.539816 0.103484 10.3482 3.75768e-07 0.248002 -0.00215313 -0.539816 -0.00561388 1.55465 0.000367057
48.076 -0.436332 -0.539816 0.103484 10.3482 3.75337e-07 0.248002 -0.00215313 -0.539816 -0.00561388 1.55465 0.000367058
48.077 -0.436332 -0.539816 0.103484 10.3482 3.74903e-07 0.248002 -0.00215312 -0.539816 -0.00561388 1.55465 0.000367058
48.078 -0.436332 -0.539816 0.103484 10.3482 3.74465e-07 0.248002 -0.00215312 -0.539816 -0.00561388 1.55465 0.000367058
48.079 -0.436332 -0.539816 0.103484 10.3482 3.74025e-07 0.248002 -0.00215312 -0.539816 -0.00561388 1.55465 0.000367058
48.08 -0.436332 -0.539816 0.103484 10.3482 3.73581e-07 0.248002 -0.00215312 -0.539816 -0.00561387 1.55465 0.000367058
48.081 -0.436332 -0.539816 0.103484 10.3482 3.73134e-07 0.248002 -0.00215312 -0.539816 -0.00561387 1.55465 0.000367058
48.082 -0.436332 -0.539816 0.103484 10.3482 3.72684e-07 0.248002 -0.00215312 -0.539816 -0.00561387 1.55465 0.000367058
48.083 -0.436332 -0.539816 0.103484 10.3482 3.72231e-07 0.248002 -0.00215312 -0.539816 -0.00561387 1.55465 0.000367058
48.084 -0.436332 -0.539816 0.103484 10.3482 3.71774e-07 0.248002 -0.00215312 -0.539816 -0.00561387 1.55465 0.000367058
48.085 -0.436332 -0.539816 0.103484 10.3482 3.71315e-07 0.248002 -0.00215312 -0.539816 -0.00561387 1.55465 0.000367058
48.086 -0.436332 -0.539816 0.103484 10.3482 3.70852e-07 0.248002 -0.00215312 -0.539816 -0.00561387 1.55465 0.000367058
48.087 -0.436332 -0.539816 0.103484 10.3483 3.70386e-07 0.248002 -0.00215312 -0.539816 -0.00561387 1.55465 0.000367058
48.088 -0.436332 -0.539816 0.103484 10.3483 3.69917e-07 0.248002 -0.00215312 -0.539816 -0.00561387 1.55465 0.000367058
48.089 -0.436332 -0.539816 0.103484 10.3483 3.69446e-07 0.248001 -0.00215312 -0.539816 -0.00561387 1.55465 0.000367058
48.09 -0.436332 -0.539816 0.103484 10.3483 3.68971e-07 0.248001 -0.00215312 -0.539816 -0.00561387 1.55465 0.000367058
48.091 -0.436332 -0.539816 0.103484 10.3483 3.68493e-07 0.248001 -0.00215312 -0.539816 -0.00561387 1.55465 0.000367058
48.092 -0.436332 -0.539816 0.103484 10.3483 3.68012e-07 0.248001 -0.00215312 -0.539816 -0.00561387 1.55465 0.000367058
48.093 -0.436332 -0.539816 0.103484 10.3483 3.67528e-07 0.248001 -0.00215312 -0.539816 -0.00561387 1.55465 0.000367058
48.094 -0.436332 -0.539816 0.103484 10.3483 3.67041e-07 0.248001 -0.00215312 -0.539816 -0.00561387 1.55465 0.000367058
48.095 -0.436332 -0.539816 0.103484 10.3483 3.66551e-07 0.248001 -0.00215312 -0.539816 -0.00561387 1.55465 0.000367058
48.096 -0.436332 -0.539816 0.103483 10.3483 3.66058e-07 0.248001 -0.00215312 -0.539816 -0.00561387 1.55465 0.000367059
48.097 -0.436332 -0.539816 0.103483 10.3483 3.65563e-07 0.248001 -0.00215312 -0.539816 -0.00561387 1.55465 0.000367059
48.098 -0.436332 -0.539816 0.103483 10.3483 3.65064e-07 0.248001 -0.00215312 -0.539816 -0.00561387 1.55465 0.000367059
48.099 -0.436332 -0.539816 0.103483 10.3483 3.64562e-07 0.248001 -0.00215312 -0.539816 -0.00561387 1.55465 0.000367059
48.1 -0.436332 -0.539816 0.103483 10.3483 3.64058e-07 0.248001 -0.00215312 -0.539816 -0.00561387 1.55465 0.000367059
48.101 -0.436332 -0.539816 0.103483 10.3483 3.6355e-07 0.248001 -0.00215312 -0.539816 -0.00561387 1.55465 0.000367059
48.102 -0.436332 -0.539816 0.103483 10.3483 3.6304e-07 0.248001 -0.00215311 -0.539816 -0.00561387 1.55465 0.000367059
48.103 -0.436332 -0.539816 0.103483 10.3483 3.62527e-07 0.248001 -0.00215311 -0.539816 -0.00561386 1.55465 0.000367059
48.104 -0.436332 -0.539816 0.103483 10.3483 3.62011e-07 0.248001 -0.00215311 -0.539816 -0.00561386 1.55465 0.000367059
48.105 -0.436332 -0.539816 0.103483 10.3483 3.61492e-07 0.248001 -0.00215311 -0.539816 -0.00561386 1.55465 0.000367059
48.106 -0.436332 -0.539816 0.103483 10.3483 3.6097e-07 0.248001 -0.00215311 -0.539816 -0.00561386 1.55465 0.000367059
48.107 -0.436332 -0.539816 0.103483 10.3483 3.60446e-07 0.248001 -0.00215311 -0.539816 -0.00561386 1.55465 0.000367059
48.108 -0.436332 -0.539816 0.103483 10.3483 3.59919e-07 0.248001 -0.00215311 -0.539816 -0.00561386 1.55465 0.000367059
48.109 -0.436332 -0.539816 0.103483 10.3483 3.59388e-07 0.248001 -0.00215311 -0.539816 -0.00561386 1.55465 0.000367059
48.11 -0.436332 -0.539816 0.103483 10.3483 3.58856e-07 0.248001 -0.00215311 -0.539816 -0.00561386 1.55465 0.000367059
48.111 -0.436332 -0.539816 0.103483 10.3483 3.5832e-07 0.248001 -0.00215311 -0.539816 -0.00561386 1.55465 0.000367059
48.112 -0.436332 -0.539816 0.103483 10.3483 3.57782e-07 0.248001 -0.00215311 -0.539816 -0.00561386 1.55465 0.000367059
48.113 -0.436332 -0.539816 0.103483 10.3483 3.57241e-07 0.248001 -0.00215311 -0.539816 -0.00561386 1.55465 0.000367059
48.114 -0.436332 -0.539816 0.103483 10.3483 3.56697e-07 0.248001 -0.00215311 -0.539816 -0.00561386 1.55465 0.000367059
48.115 -0.436332 -0.539816 0.103483 10.3483 3.56151e-07 0.248001 -0.00215311 -0.539816 -0.00561386 1.55465 0.000367059
48.116 -0.436332 -0.539816 0.103483 10.3483 3.55602e-07 0.248001 -0.00215311 -0.539816 -0.00561386 1.55465 0.000367059
48.117 -0.436332 -0.539816 0.103483 10.3483 3.5505e-07 0.248001 -0.00215311 -0.539816 -0.00561386 1.55465 0.000367059
48.118 -0.436332 -0.539816 0.103483 10.3483 3.54495e-07 0.248001 -0.00215311 -0.539816 -0.00561386 1.55465 0.000367059
48.119 -0.436332 -0.539816 0.103483 10.3483 3.53938e-07 0.248001 -0.00215311 -0.539816 -0.00561386 1.55465 0.000367059
48.12 -0.436332 -0.539816 0.103483 10.3483 3.53379e-07 0.248001 -0.00215311 -0.539816 -0.00561386 1.55465 0.000367059
48.121 -0.436332 -0.539816 0.103483 10.3483 3.52816e-07 0.248001 -0.00215311 -0.539816 -0.00561386 1.55465 0.00036706
48.122 -0.436332 -0.539816 0.103483 10.3483 3.52251e-07 0.248001 -0.00215311 -0.539816 -0.00561386 1.55465 0.00036706
48.123 -0.436332 -0.539816 0.103483 10.3483 3.51684e-07 0.248001 -0.00215311 -0.539816 -0.00561386 1.55465 0.00036706
48.124 -0.436332 -0.539816 0.103483 10.3484 3.51114e-07 0.248001 -0.00215311 -0.539816 -0.00561386 1.55465 0.00036706
48.125 -0.436332 -0.539816 0.103483 10.3484 3.50541e-07 0.248001 -0.00215311 -0.539816 -0.00561386 1.55465 0.00036706
48.126 -0.436332 -0.539816 0.103483 10.3484 3.49966e-07 0.248001 -0.00215311 -0.539816 -0.00561386 1.55465 0.00036706
48.127 -0.436332 -0.539816 0.103483 10.3484 3.49388e-07 0.248001 -0.00215311 -0.539816 -0.00561386 1.55465 0.00036706
48.128 -0.436332 -0.539816 0.103483 10.3484 3.48808e-07 0.248001 -0.00215311 -0.539816 -0.00561386 1.55465 0.00036706
48.129 -0.436332 -0.539816 0.103483 10.3484 3.48225e-07 0.248001 -0.00215311 -0.539816 -0.00561386 1.55465 0.00036706
48.13 -0.436332 -0.539816 0.103483 10.3484 3.4764e-07 0.248001 -0.00215311 -0.539816 -0.00561386 1.55465 0.00036706
48.131 -0.436332 -0.539816 0.103483 10.3484 3.47052e-07 0.248001 -0.00215311 -0.539816 -0.00561386 1.55465 0.00036706
48.132 -0.436332 -0.539816 0.103483 10.3484 3.46462e-07 0.248001 -0.00215311 -0.539816 -0.00561386 1.55465 0.00036706
48.133 -0.436332 -0.539816 0.103483 10.3484 3.4587e-07 0.248001 -0.00215311 -0.539816 -0.00561386 1.55465 0.00036706
48.134 -0.436332 -0.539816 0.103483 10.3484 3.45274e-07 0.248001 -0.00215311 -0.539816 -0.00561386 1.55465 0.00036706
48.135 -0.436332 -0.539816 0.103483 10.3484 3.44677e-07 0.248001 -0.00215311 -0.539816 -0.00561386 1.55465 0.00036706
48.136 -0.436332 -0.539816 0.103483 10.3484 3.44077e-07 0.248001 -0.00215311 -0.539816 -0.00561386 1.55465 0.00036706
48.137 -0.436332 -0.539816 0.103483 10.3484 3.43475e-07 0.248001 -0.00215311 -0.539816 -0.00561386 1.55465 0.00036706
48.138 -0.436332 -0.539816 0.103483 10.3484 3.4287e-07 0.248001 -0.00215311 -0.539816 -0.00561386 1.55465 0.00036706
48.139 -0.436332 -0.539816 0.103483 10.3484 3.42263e-07 0.248001 -0.00215311 -0.539816 -0.00561386 1.55465 0.00036706
48.14 -0.436332 -0.539816 0.103483 10.3484 3.41654e-07 0.248001 -0.00215311 -0.539816 -0.00561386 1.55465 0.00036706
48.141 -0.436332 -0.539816 0.103483 10.3484 3.41042e-07 0.248001 -0.00215311 -0.539816 -0.00561386 1.55465 0.00036706
48.142 -0.436332 -0.539816 0.103483 10.3484 3.40428e-07 0.248001 -0.00215311 -0.539816 -0.00561386 1.55465 0.00036706
48.143 -0.436332 -0.539816 0.103483 10.3484 3.39812e-07 0.248001 -0.00215311 -0.539816 -0.00561386 1.55465 0.00036706
48.144 -0.436332 -0.539816 0.103483 10.3484 3.39193e-07 0.248001 -0.00215311 -0.539816 -0.00561386 1.55465 0.00036706
48.145 -0.436332 -0.539816 0.103484 10.3484 3.38572e-07 0.248001 -0.00215311 -0.539816 -0.00561386 1.55465 0.00036706
48.146 -0.436332 -0.539816 0.103484 10.3484 3.37949e-07 0.248001 -0.00215311 -0.539816 -0.00561386 1.55465 0.00036706
48.147 -0.436332 -0.539816 0.103484 10.3484 3.37323e-07 0.248001 -0.00215311 -0.539816 -0.00561386 1.55465 0.00036706
48.148 -0.436332 -0.539816 0.103484 10.3484 3.36696e-07 0.248001 -0.00215311 -0.539816 -0.00561386 1.55465 0.00036706
48.149 -0.436332 -0.539816 0.103484 10.3484 3.36066e-07 0.248001 -0.00215311 -0.539816 -0.00561386 1.55465 0.00036706
48.15 -0.436332 -0.539816 0.103484 10.3484 3.35434e-07 0.248001 -0.00215311 -0.539816 -0.00561386 1.55465 0.00036706
48.151 -0.436332 -0.539816 0.103484 10.3484 3.34799e-07 0.248001 -0.00215311 -0.539816 -0.00561386 1.55465 0.00036706
48.152 -0.436332 -0.539816 0.103484 10.3484 3.34163e-07 0.248001 -0.00215311 -0.539816 -0.00561386 1.55465 0.00036706
48.153 -0.436332 -0.539816 0.103484 10.3485 3.33524e-07 0.248001 -0.00215311 -0.539816 -0.00561386 1.55465 0.00036706
48.154 -0.436332 -0.539816 0.103484 10.3485 3.32883e-07 0.248001 -0.00215311 -0.539816 -0.00561386 1.55465 0.00036706
48.155 -0.436332 -0.539816 0.103484 10.3485 3.3224e-07 0.248001 -0.00215311 -0.539816 -0.00561386 1.55465 0.00036706
48.156 -0.436332 -0.539816 0.103484 10.3485 3.31595e-07 0.248001 -0.00215311 -0.539816 -0.00561386 1.55465 0.00036706
48.157 -0.436332 -0.539816 0.103484 10.3485 3.30947e-07 0.248001 -0.00215311 -0.539816 -0.00561386 1.55465 0.00036706
48.158 -0.436332 -0.539816 0.103484 10.3485 3.30298e-07 0.248001 -0.00215311 -0.539816 -0.00561386 1.55465 0.00036706
48.159 -0.436332 -0.539816 0.103484 10.3485 3.29646e-07 0.248001 -0.00215311 -0.539816 -0.00561386 1.55465 0.00036706
48.16 -0.436332 -0.539816 0.103484 10.3485 3.28993e-07 0.248002 -0.00215311 -0.539816 -0.00561386 1.55465 0.00036706
48.161 -0.436332 -0.539816 0.103484 10.3485 3.28337e-07 0.248002 -0.00215311 -0.539816 -0.00561386 1.55465 0.00036706
48.162 -0.436332 -0.539816 0.103484 10.3485 3.27679e-07 0.248002 -0.00215312 -0.539816 -0.00561386 1.55465 0.00036706
48.163 -0.436332 -0.539816 0.103484 10.3485 3.27019e-07 0.248002 -0.00215312 -0.539816 -0.00561386 1.55465 0.00036706
48.164 -0.436332 -0.539816 0.103484 10.3485 3.26358e-07 0.248002 -0.00215312 -0.539816 -0.00561386 1.55465 0.00036706
48.165 -0.436332 -0.539816 0.103484 10.3485 3.25694e-07 0.248002 -0.00215312 -0.539816 -0.00561386 1.55465 0.00036706
48.166 -0.436332 -0.539816 0.103484 10.3485 3.25028e-07 0.248002 -0.00215312 -0.539816 -0.00561386 1.55465 0.00036706
48.167 -0.436332 -0.539816 0.103484 10.3485 3.2436e-07 0.248002 -0.00215312 -0.539816 -0.00561386 1.55465 0.00036706
48.168 -0.436332 -0.539816 0.103484 10.3485 3.2369e-07 0.248002 -0.00215312 -0.539816 -0.00561386 1.55465 0.00036706
48.169 -0.436332 -0.539816 0.103484 10.3485 3.23018e-07 0.248002 -0.00215312 -0.539816 -0.00561386 1.55465 0.00036706
48.17 -0.436332 -0.539816 0.103484 10.3485 3.22345e-07 0.248002 -0.00215312 -0.539816 -0.00561387 1.55465 0.00036706
48.171 -0.436332 -0.539816 0.103484 10.3485 3.21669e-07 0.248002 -0.00215312 -0.539816 -0.00561387 1.55465 0.00036706
48.172 -0.436332 -0.539816 0.103484 10.3485 3.20991e-07 0.248002 -0.00215312 -0.539816 -0.00561387 1.55465 0.00036706
48.173 -0.436332 -0.539816 0.103484 10.3485 3.20312e-07 0.248002 -0.00215312 -0.539816 -0.00561387 1.55465 0.00036706
48.174 -0.436332 -0.539816 0.103484 10.3485 3.1963e-07 0.248002 -0.00215312 -0.539816 -0.00561387 1.55465 0.00036706
48.175 -0.436332 -0.539816 0.103484 10.3485 3.18947e-07 0.248002 -0.00215312 -0.539816 -0.00561387 1.55465 0.000367061
48.176 -0.436332 -0.539816 0.103484 10.3485 3.18262e-07 0.248002 -0.00215312 -0.539816 -0.00561387 1.55465 0.000367061
48.177 -0.436332 -0.539816 0.103484 10.3485 3.17575e-07 0.248002 -0.00215312 -0.539816 -0.00561387 1.55465 0.000367061
48.178 -0.436332 -0.539816 0.103484 10.3486 3.16886e-07 0.248002 -0.00215312 -0.539816 -0.00561387 1.55465 0.000367061
48.179 -0.436332 -0.539816 0.103484 10.3486 3.16195e-07 0.248002 -0.00215312 -0.539816 -0.00561387 1.55465 0.000367061
48.18 -0.436332 -0.539816 0.103484 10.3486 3.15503e-07 0.248002 -0.00215312 -0.539816 -0.00561387 1.55465 0.000367061
48.181 -0.436332 -0.539816 0.103484 10.3486 3.14808e-07 0.248002 -0.00215312 -0.539816 -0.00561387 1.55465 0.000367061
48.182 -0.436332 -0.539816 0.103484 10.3486 3.14112e-07 0.248002 -0.00215312 -0.539816 -0.00561387 1.55465 0.000367061
48.183 -0.436332 -0.539816 0.103484 10.3486 3.13414e-07 0.248002 -0.00215312 -0.539816 -0.00561387 1.55465 0.000367061
48.184 -0.436332 -0.539816 0.103484 10.3486 3.12715e-07 0.248002 -0.00215312 -0.539816 -0.00561387 1.55465 0.000367061
48.185 -0.436332 -0.539816 0.103484 10.3486 3.12013e-07 0.248002 -0.00215312 -0.539816 -0.00561387 1.55465 0.000367061
48.186 -0.436332 -0.539816 0.103484 10.3486 3.1131e-07 0.248002 -0.00215312 -0.539816 -0.00561387 1.55465 0.000367061
48.187 -0.436332 -0.539816 0.103484 10.3486 3.10605e-07 0.248002 -0.00215312 -0.539816 -0.00561387 1.55465 0.000367061
48.188 -0.436332 -0.539816 0.103484 10.3486 3.09898e-07 0.248002 -0.00215312 -0.539816 -0.00561387 1.55465 0.000367061
48.189 -0.436332 -0.539816 0.103484 10.3486 3.0919e-07 0.248002 -0.00215313 -0.539816 -0.00561387 1.55465 0.000367061
48.19 -0.436332 -0.539816 0.103484 10.3486 3.0848e-07 0.248002 -0.00215313 -0.539816 -0.00561387 1.55465 0.000367061
48.191 -0.436332 -0.539816 0.103484 10.3486 3.07768e-07 0.248002 -0.00215313 -0.539816 -0.00561387 1.55465 0.000367061
48.192 -0.436332 -0.539816 0.103484 10.3486 3.07055e-07 0.248003 -0.00215313 -0.539816 -0.00561387 1.55465 0.000367061
48.193 -0.436332 -0.539816 0.103484 10.3486 3.0634e-07 0.248003 -0.00215313 -0.539816 -0.00561387 1.55465 0.000367061
48.194 -0.436332 -0.539816 0.103484 10.3486 3.05623e-07 0.248003 -0.00215313 -0.539816 -0.00561387 1.55465 0.000367061
48.195 -0.436332 -0.539817 0.103484 10.3486 3.04905e-07 0.248003 -0.00215313 -0.539817 -0.00561387 1.55465 0.000367061
48.196 -0.436332 -0.539817 0.103484 10.3486 3.04185e-07 0.248003 -0.00215313 -0.539817 -0.00561388 1.55465 0.00036706
48.197 -0.436332 -0.539817 0.103484 10.3486 3.03464e-07 0.248003 -0.00215313 -0.539817 -0.00561388 1.55465 0.00036706
48.198 -0.436332 -0.539817 0.103484 10.3486 3.02741e-07 0.248003 -0.00215313 -0.539817 -0.00561388 1.55465 0.00036706
48.199 -0.436332 -0.539817 0.103484 10.3486 3.02016e-07 0.248003 -0.00215313 -0.539817 -0.00561388 1.55465 0.00036706
48.2 -0.436332 -0.539817 0.103484 10.3486 3.0129e-07 0.248003 -0.00215313 -0.539817 -0.00561388 1.55465 0.00036706
48.201 -0.436332 -0.539817 0.103484 10.3487 3.00562e-07 0.248003 -0.00215313 -0.539817 -0.00561388 1.55465 0.00036706
48.202 -0.436332 -0.539817 0.103484 10.3487 2.99833e-07 0.248003 -0.00215313 -0.539817 -0.00561388 1.55465 0.00036706
48.203 -0.436332 -0.539817 0.103484 10.3487 2.99102e-07 0.248003 -0.00215313 -0.539817 -0.00561388 1.55465 0.00036706
48.204 -0.436332 -0.539817 0.103484 10.3487 2.98369e-07 0.248003 -0.00215313 -0.539817 -0.00561388 1.55465 0.00036706
48.205 -0.436332 -0.539817 0.103484 10.3487 2.97636e-07 0.248003 -0.00215313 -0.539817 -0.00561388 1.55465 0.00036706
48.206 -0.436332 -0.539817 0.103484 10.3487 2.969e-07 0.248003 -0.00215313 -0.539817 -0.00561388 1.55465 0.00036706
48.207 -0.436332 -0.539817 0.103484 10.3487 2.96164e-07 0.248003 -0.00215313 -0.539817 -0.00561388 1.55465 0.00036706
48.208 -0.436332 -0.539817 0.103484 10.3487 2.95425e-07 0.248003 -0.00215314 -0.539817 -0.00561388 1.55465 0.00036706
48.209 -0.436332 -0.539817 0.103485 10.3487 2.94686e-07 0.248003 -0.00215314 -0.539817 -0.00561388 1.55465 0.00036706
48.21 -0.436332 -0.539817 0.103485 10.3487 2.93944e-07 0.248003 -0.00215314 -0.539817 -0.00561388 1.55465 0.00036706
48.211 -0.436332 -0.539817 0.103485 10.3487 2.93202e-07 0.248003 -0.00215314 -0.539817 -0.00561388 1.55465 0.00036706
48.212 -0.436332 -0.539817 0.103485 10.3487 2.92458e-07 0.248003 -0.00215314 -0.539817 -0.00561388 1.55465 0.00036706
48.213 -0.436332 -0.539817 0.103485 10.3487 2.91713e-07 0.248003 -0.00215314 -0.539817 -0.00561388 1.55465 0.00036706
48.214 -0.436332 -0.539817 0.103485 10.3487 2.90966e-07 0.248004 -0.00215314 -0.539817 -0.00561389 1.55465 0.00036706
48.215 -0.436332 -0.539817 0.103485 10.3487 2.90218e-07 0.248004 -0.00215314 -0.539817 -0.00561389 1.55465 0.00036706
48.216 -0.436332 -0.539817 0.103485 10.3487 2.89468e-07 0.248004 -0.00215314 -0.539817 -0.00561389 1.55465 0.00036706
48.217 -0.436332 -0.539817 0.103485 10.3487 2.88717e-07 0.248004 -0.00215314 -0.539817 -0.00561389 1.55465 0.00036706
48.218 -0.436332 -0.539817 0.103485 10.3487 2.87965e-07 0.248004 -0.00215314 -0.539817 -0.00561389 1.55465 0.00036706
48.219 -0.436332 -0.539817 0.103485 10.3487 2.87212e-07 0.248004 -0.00215314 -0.539817 -0.00561389 1.55465 0.00036706
48.22 -0.436332 -0.539817 0.103485 10.3487 2.86457e-07 0.248004 -0.00215314 -0.539817 -0.00561389 1.55465 0.00036706
48.221 -0.436332 -0.539817 0.103485 10.3487 2.85701e-07 0.248004 -0.00215314 -0.539817 -0.00561389 1.55465 0.00036706
48.222 -0.436332 -0.539817 0.103485 10.3487 2.84943e-07 0.248004 -0.00215314 -0.539817 -0.00561389 1.55465 0.00036706
48.223 -0.436332 -0.539817 0.103485 10.3488 2.84185e-07 0.248004 -0.00215315 -0.539817 -0.00561389 1.55465 0.00036706
48.224 -0.436332 -0.539817 0.103485 10.3488 2.83425e-07 0.248004 -0.00215315 -0.539817 -0.00561389 1.55465 0.00036706
48.225 -0.436332 -0.539817 0.103485 10.3488 2.82664e-07 0.248004 -0.00215315 -0.539817 -0.00561389 1.55465 0.00036706
48.226 -0.436332 -0.539817 0.103485 10.3488 2.81901e-07 0.248004 -0.00215315 -0.539817 -0.00561389 1.55465 0.00036706
48.227 -0.436332 -0.539817 0.103485 10.3488 2.81138e-07 0.248004 -0.00215315 -0.539817 -0.00561389 1.55465 0.00036706
48.228 -0.436332 -0.539817 0.103485 10.3488 2.80373e-07 0.248004 -0.00215315 -0.539817 -0.00561389 1.55465 0.00036706
48.229 -0.436332 -0.539817 0.103485 10.3488 2.79607e-07 0.248004 -0.00215315 -0.539817 -0.0056139 1.55465 0.00036706
48.23 -0.436332 -0.539817 0.103485 10.3488 2.7884e-07 0.248004 -0.00215315 -0.539817 -0.0056139 1.55465 0.00036706
48.231 -0.436332 -0.539817 0.103485 10.3488 2.78071e-07 0.248004 -0.00215315 -0.539817 -0.0056139 1.55465 0.00036706
48.232 -0.436332 -0.539817 0.103485 10.3488 2.77302e-07 0.248004 -0.00215315 -0.539817 -0.0056139 1.55465 0.00036706
48.233 -0.436332 -0.539817 0.103485 10.3488 2.76531e-07 0.248005 -0.00215315 -0.539817 -0.0056139 1.55465 0.00036706
48.234 -0.436332 -0.539817 0.103485 10.3488 2.75759e-07 0.248005 -0.00215315 -0.539817 -0.0056139 1.55465 0.00036706
48.235 -0.436332 -0.539818 0.103485 10.3488 2.74986e-07 0.248005 -0.00215315 -0.539818 -0.0056139 1.55465 0.00036706
48.236 -0.436332 -0.539818 0.103485 10.3488 2.74212e-07 0.248005 -0.00215316 -0.539818 -0.0056139 1.55465 0.00036706
