playtime q_target_4 q_joint_4 q_error_4 tau_desired_4 q_joint_1 q_joint_2 q_joint_3 q_joint_4 q_joint_5 q_joint_6 q_joint_7
15.845 -0.436332 -0.523597 0.0872645 34.92 8.7778e-08 6.14327e-07 -6.63221e-06 -0.523597 1.76528e-05 1.5708 -0.00195952
15.846 -0.436332 -0.523575 0.0872429 33.8251 2.50935e-08 -5.25442e-06 -6.84985e-06 -0.523575 1.7445e-05 1.5708 -0.0019594
15.847 -0.436332 -0.523533 0.0872004 32.7614 -9.61608e-08 -1.66622e-05 -7.27596e-06 -0.523533 1.70436e-05 1.57081 -0.00195926
15.848 -0.436332 -0.52347 0.0871377 31.7279 -2.71005e-07 -3.32928e-05 -7.90115e-06 -0.52347 1.64532e-05 1.57082 -0.00195911
15.849 -0.436332 -0.523388 0.0870552 30.7239 -4.94702e-07 -5.48417e-05 -8.71641e-06 -0.523388 1.56787e-05 1.57083 -0.00195895
15.85 -0.436332 -0.523286 0.0869538 29.7486 -7.62742e-07 -8.10155e-05 -9.71298e-06 -0.523286 1.47247e-05 1.57084 -0.00195879
15.851 -0.436332 -0.523166 0.0868339 28.8013 -1.07083e-06 -0.000111532 -1.08825e-05 -0.523166 1.35958e-05 1.57086 -0.00195861
15.852 -0.436332 -0.523028 0.0866961 27.8812 -1.41489e-06 -0.000146119 -1.22167e-05 -0.523028 1.22966e-05 1.57088 -0.00195843
15.853 -0.436332 -0.522873 0.0865411 26.9877 -1.79104e-06 -0.000184516 -1.37078e-05 -0.522873 1.08318e-05 1.5709 -0.00195824
15.854 -0.436332 -0.522702 0.0863694 26.12 -2.19557e-06 -0.000226471 -1.53482e-05 -0.522702 9.20578e-06 1.57092 -0.00195804
15.855 -0.436332 -0.522514 0.0861815 25.2774 -2.62497e-06 -0.000271742 -1.71304e-05 -0.522514 7.42301e-06 1.57095 -0.00195783
15.856 -0.436332 -0.52231 0.0859779 24.4594 -3.07589e-06 -0.000320097 -1.90475e-05 -0.52231 5.48789e-06 1.57098 -0.00195762
15.857 -0.436332 -0.522092 0.0857593 23.6653 -3.54515e-06 -0.000371312 -2.10925e-05 -0.522092 3.4048e-06 1.57101 -0.0019574
15.858 -0.436332 -0.521858 0.085526 22.8944 -4.02972e-06 -0.000425172 -2.32588e-05 -0.521858 1.17801e-06 1.57104 -0.00195718
15.859 -0.436332 -0.521611 0.0852786 22.1462 -4.52673e-06 -0.000481473 -2.55399e-05 -0.521611 -1.18822e-06 1.57107 -0.00195695
15.86 -0.436332 -0.52135 0.0850176 21.4199 -5.03344e-06 -0.000540016 -2.79296e-05 -0.52135 -3.68969e-06 1.57111 -0.00195672
15.861 -0.436332 -0.521076 0.0847435 20.7152 -5.54724e-06 -0.000600611 -3.04219e-05 -0.521076 -6.32228e-06 1.57115 -0.00195649
15.862 -0.436332 -0.520789 0.0844567 20.0313 -6.06568e-06 -0.000663076 -3.30109e-05 -0.520789 -9.0819e-06 1.57118 -0.00195625
15.863 -0.436332 -0.52049 0.0841576 19.3678 -6.58641e-06 -0.000727237 -3.5691e-05 -0.52049 -1.19645e-05 1.57122 -0.00195601
15.864 -0.436332 -0.520179 0.0838467 18.7241 -7.10719e-06 -0.000792927 -3.84567e-05 -0.520179 -1.49662e-05 1.57127 -0.00195577
15.865 -0.436332 -0.519857 0.0835245 18.0997 -7.62593e-06 -0.000859986 -4.13027e-05 -0.519857 -1.8083e-05 1.57131 -0.00195553
15.866 -0.436332 -0.519524 0.0831914 17.494 -8.14062e-06 -0.00092826 -4.4224e-05 -0.519524 -2.1311e-05 1.57135 -0.00195529
15.867 -0.436332 -0.51918 0.0828477 16.9066 -8.64937e-06 -0.000997602 -4.72155e-05 -0.51918 -2.46465e-05 1.5714 -0.00195505
15.868 -0.436332 -0.518826 0.0824938 16.337 -9.15037e-06 -0.00106787 -5.02725e-05 -0.518826 -2.80857e-05 1.57145 -0.00195481
15.869 -0.436332 -0.518463 0.0821303 15.7847 -9.64193e-06 -0.00113894 -5.33903e-05 -0.518463 -3.1625e-05 1.5715 -0.00195456
15.87 -0.436332 -0.51809 0.0817574 15.2493 -1.01224e-05 -0.00121067 -5.65645e-05 -0.51809 -3.52607e-05 1.57155 -0.00195432
15.871 -0.436332 -0.517708 0.0813755 14.7302 -1.05904e-05 -0.00128294 -5.97906e-05 -0.517708 -3.89892e-05 1.5716 -0.00195408
15.872 -0.436332 -0.517317 0.0809849 14.2272 -1.10443e-05 -0.00135564 -6.30645e-05 -0.517317 -4.2807e-05 1.57165 -0.00195385
15.873 -0.436332 -0.516918 0.0805861 13.7396 -1.1483e-05 -0.00142866 -6.63821e-05 -0.516918 -4.67107e-05 1.5717 -0.00195361
15.874 -0.436332 -0.516512 0.0801794 13.2671 -1.19049e-05 -0.00150188 -6.97395e-05 -0.516512 -5.06969e-05 1.57176 -0.00195338
15.875 -0.436332 -0.516097 0.0797651 12.8094 -1.23091e-05 -0.00157522 -7.31329e-05 -0.516097 -5.47622e-05 1.57181 -0.00195315
15.876 -0.436332 -0.515676 0.0793435 12.366 -1.26944e-05 -0.00164856 -7.65585e-05 -0.515676 -5.89033e-05 1.57187 -0.00195292
15.877 -0.436332 -0.515247 0.078915 11.9364 -1.30596e-05 -0.00172183 -8.00129e-05 -0.515247 -6.3117e-05 1.57192 -0.0019527
15.878 -0.436332 -0.514812 0.0784799 11.5205 -1.34039e-05 -0.00179493 -8.34925e-05 -0.514812 -6.74001e-05 1.57198 -0.00195248
15.879 -0.436332 -0.514371 0.0780385 11.1177 -1.37263e-05 -0.00186777 -8.69941e-05 -0.514371 -7.17496e-05 1.57204 -0.00195227
15.88 -0.436332 -0.513923 0.077591 10.7277 -1.40259e-05 -0.0019403 -9.05144e-05 -0.513923 -7.61622e-05 1.57209 -0.00195206
15.881 -0.436332 -0.51347 0.0771378 10.3502 -1.4302e-05 -0.00201241 -9.40504e-05 -0.51347 -8.06351e-05 1.57215 -0.00195185
15.882 -0.436332 -0.513011 0.0766791 9.98483 -1.45538e-05 -0.00208406 -9.75989e-05 -0.513011 -8.51652e-05 1.57221 -0.00195165
15.883 -0.436332 -0.512548 0.0762153 9.63125 -1.47806e-05 -0.00215517 -0.000101157 -0.512548 -8.97497e-05 1.57227 -0.00195146
15.884 -0.436332 -0.512079 0.0757465 9.28914 -1.49818e-05 -0.00222568 -0.000104723 -0.512079 -9.43857e-05 1.57233 -0.00195127
15.885 -0.436332 -0.511605 0.0752731 8.9582 -1.51569e-05 -0.00229552 -0.000108292 -0.511605 -9.90704e-05 1.57239 -0.00195108
15.886 -0.436332 -0.511128 0.0747953 8.6381 -1.53052e-05 -0.00236465 -0.000111863 -0.511128 -0.000103801 1.57246 -0.00195091
15.887 -0.436332 -0.510646 0.0743134 8.32856 -1.54263e-05 -0.00243301 -0.000115433 -0.510646 -0.000108575 1.57252 -0.00195073
15.888 -0.436332 -0.51016 0.0738276 8.02928 -1.55198e-05 -0.00250056 -0.000119 -0.51016 -0.00011339 1.57258 -0.00195057
15.889 -0.436332 -0.50967 0.0733381 7.73998 -1.55853e-05 -0.00256724 -0.000122562 -0.50967 -0.000118242 1.57264 -0.00195041
15.89 -0.436332 -0.509177 0.0728451 7.46038 -1.56224e-05 -0.00263301 -0.000126115 -0.509177 -0.00012313 1.57271 -0.00195026
15.891 -0.436332 -0.508681 0.0723489 7.1902 -1.56308e-05 -0.00269783 -0.000129659 -0.508681 -0.000128051 1.57277 -0.00195011
15.892 -0.436332 -0.508182 0.0718498 6.9292 -1.56103e-05 -0.00276167 -0.00013319 -0.508182 -0.000133003 1.57283 -0.00194997
15.893 -0.436332 -0.50768 0.0713478 6.6771 -1.55606e-05 -0.00282448 -0.000136708 -0.50768 -0.000137983 1.57289 -0.00194984
15.894 -0.436332 -0.507176 0.0708433 6.43367 -1.54816e-05 -0.00288624 -0.000140209 -0.507176 -0.000142988 1.57296 -0.00194972
15.895 -0.436332 -0.506669 0.0703363 6.19866 -1.5373e-05 -0.00294692 -0.000143693 -0.506669 -0.000148018 1.57302 -0.0019496
15.896 -0.436332 -0.50616 0.0698272 5.97182 -1.52347e-05 -0.00300649 -0.000147156 -0.50616 -0.000153068 1.57308 -0.00194949
15.897 -0.436332 -0.505648 0.0693161 5.75294 -1.50668e-05 -0.00306492 -0.000150599 -0.505648 -0.000158138 1.57315 -0.00194938
15.898 -0.436332 -0.505135 0.0688031 5.54178 -1.4869e-05 -0.00312219 -0.000154019 -0.505135 -0.000163224 1.57321 -0.00194929
15.899 -0.436332 -0.504621 0.0682886 5.33813 -1.46414e-05 -0.00317828 -0.000157414 -0.504621 -0.000168325 1.57328 -0.0019492
15.9 -0.436332 -0.504105 0.0677725 5.14178 -1.4384e-05 -0.00323317 -0.000160783 -0.504105 -0.000173439 1.57334 -0.00194912
15.901 -0.436332 -0.503588 0.0672552 4.95251 -1.40968e-05 -0.00328684 -0.000164125 -0.503588 -0.000178564 1.5734 -0.00194904
15.902 -0.436332 -0.503069 0.0667367 4.77012 -1.37798e-05 -0.00333927 -0.000167438 -0.503069 -0.000183698 1.57347 -0.00194897
15.903 -0.436332 -0.50255 0.0662173 4.59441 -1.34332e-05 -0.00339046 -0.000170721 -0.50255 -0.000188838 1.57353 -0.00194891
15.904 -0.436332 -0.502029 0.065697 4.4252 -1.3057e-05 -0.00344039 -0.000173973 -0.502029 -0.000193984 1.57359 -0.00194886
15.905 -0.436332 -0.501508 0.0651761 4.2623 -1.26515e-05 -0.00348905 -0.000177192 -0.501508 -0.000199132 1.57366 -0.00194882
15.906 -0.436332 -0.500987 0.0646547 4.10552 -1.22166e-05 -0.00353644 -0.000180378 -0.500987 -0.000204282 1.57372 -0.00194878
15.907 -0.436332 -0.500465 0.0641329 3.95469 -1.17527e-05 -0.00358253 -0.000183529 -0.500465 -0.000209432 1.57378 -0.00194875
15.908 -0.436332 -0.499943 0.0636108 3.80963 -1.12598e-05 -0.00362734 -0.000186644 -0.499943 -0.000214579 1.57384 -0.00194873
15.909 -0.436332 -0.499421 0.0630887 3.67018 -1.07383e-05 -0.00367084 -0.000189723 -0.499421 -0.000219722 1.57391 -0.00194871
15.91 -0.436332 -0.498899 0.0625666 3.53617 -1.01883e-05 -0.00371305 -0.000192764 -0.498899 -0.00022486 1.57397 -0.0019487
15.911 -0.436332 -0.498377 0.0620446 3.40744 -9.61017e-06 -0.00375396 -0.000195767 -0.498377 -0.000229991 1.57403 -0.0019487
15.912 -0.436332 -0.497855 0.0615229 3.28384 -9.00409e-06 -0.00379356 -0.00019873 -0.497855 -0.000235113 1.57409 -0.00194871
15.913 -0.436332 -0.497334 0.0610016 3.16521 -8.37039e-06 -0.00383186 -0.000201654 -0.497334 -0.000240226 1.57415 -0.00194872
15.914 -0.436332 -0.496813 0.0604808 3.05141 -7.70937e-06 -0.00386886 -0.000204537 -0.496813 -0.000245326 1.57421 -0.00194874
15.915 -0.436332 -0.496293 0.0599606 2.9423 -7.02135e-06 -0.00390456 -0.000207379 -0.496293 -0.000250414 1.57427 -0.00194877
15.916 -0.436332 -0.495773 0.0594412 2.83773 -6.30665e-06 -0.00393897 -0.000210178 -0.495773 -0.000255487 1.57433 -0.0019488
15.917 -0.436332 -0.495255 0.0589225 2.73757 -5.56564e-06 -0.00397208 -0.000212935 -0.495255 -0.000260544 1.57439 -0.00194885
15.918 -0.436332 -0.494737 0.0584049 2.64169 -4.79868e-06 -0.00400391 -0.00021565 -0.494737 -0.000265584 1.57445 -0.00194889
15.919 -0.436332 -0.494221 0.0578882 2.54995 -4.00613e-06 -0.00403446 -0.00021832 -0.494221 -0.000270605 1.57451 -0.00194895
15.92 -0.436332 -0.493705 0.0573727 2.46224 -3.18839e-06 -0.00406373 -0.000220947 -0.493705 -0.000275607 1.57457 -0.00194901
15.921 -0.436332 -0.493191 0.0568584 2.37843 -2.34586e-06 -0.00409174 -0.000223529 -0.493191 -0.000280588 1.57463 -0.00194908
15.922 -0.436332 -0.492678 0.0563454 2.2984 -1.47893e-06 -0.0041185 -0.000226066 -0.492678 -0.000285547 1.57468 -0.00194915
15.923 -0.436332 -0.492166 0.0558338 2.22203 -5.88042e-07 -0.004144 -0.000228558 -0.492166 -0.000290482 1.57474 -0.00194924
15.924 -0.436332 -0.491656 0.0553236 2.14922 3.26391e-07 -0.00416826 -0.000231004 -0.491656 -0.000295393 1.5748 -0.00194932
15.925 -0.436332 -0.491147 0.0548151 2.07986 1.26393e-06 -0.0041913 -0.000233405 -0.491147 -0.000300279 1.57485 -0.00194942
15.926 -0.436332 -0.49064 0.0543081 2.01383 2.22412e-06 -0.00421312 -0.000235759 -0.49064 -0.000305138 1.57491 -0.00194952
15.927 -0.436332 -0.490135 0.0538029 1.95103 3.20653e-06 -0.00423373 -0.000238068 -0.490135 -0.000309969 1.57496 -0.00194963
15.928 -0.436332 -0.489632 0.0532994 1.89137 4.21068e-06 -0.00425314 -0.00024033 -0.489632 -0.000314771 1.57502 -0.00194974
15.929 -0.436332 -0.48913 0.0527978 1.83475 5.2361e-06 -0.00427138 -0.000242545 -0.48913 -0.000319544 1.57507 -0.00194986
15.93 -0.436332 -0.48863 0.0522981 1.78106 6.28234e-06 -0.00428844 -0.000244714 -0.48863 -0.000324287 1.57512 -0.00194998
15.931 -0.436332 -0.488133 0.0518004 1.73022 7.3489e-06 -0.00430435 -0.000246836 -0.488133 -0.000328998 1.57518 -0.00195011
15.932 -0.436332 -0.487637 0.0513047 1.68213 8.4353e-06 -0.00431911 -0.000248911 -0.487637 -0.000333676 1.57523 -0.00195025
15.933 -0.436332 -0.487143 0.0508112 1.63672 9.54106e-06 -0.00433275 -0.000250939 -0.487143 -0.000338322 1.57528 -0.00195039
15.934 -0.436332 -0.486652 0.0503198 1.59388 1.06657e-05 -0.00434527 -0.00025292 -0.486652 -0.000342933 1.57533 -0.00195053
15.935 -0.436332 -0.486163 0.0498306 1.55355 1.18087e-05 -0.00435669 -0.000254854 -0.486163 -0.00034751 1.57538 -0.00195069
15.936 -0.436332 -0.485676 0.0493436 1.51563 1.29695e-05 -0.00436702 -0.000256741 -0.485676 -0.000352051 1.57543 -0.00195084
15.937 -0.436332 -0.485191 0.048859 1.48006 1.41477e-05 -0.00437628 -0.000258582 -0.485191 -0.000356556 1.57548 -0.00195101
15.938 -0.436332 -0.484709 0.0483768 1.44675 1.53428e-05 -0.00438449 -0.000260375 -0.484709 -0.000361024 1.57553 -0.00195117
15.939 -0.436332 -0.484229 0.047897 1.41562 1.65542e-05 -0.00439165 -0.000262122 -0.484229 -0.000365454 1.57558 -0.00195135
15.94 -0.436332 -0.483752 0.0474196 1.38662 1.77815e-05 -0.00439779 -0.000263822 -0.483752 -0.000369846 1.57563 -0.00195152
15.941 -0.436332 -0.483277 0.0469448 1.35966 1.9024e-05 -0.00440293 -0.000265476 -0.483277 -0.000374198 1.57567 -0.00195171
15.942 -0.436332 -0.482805 0.0464725 1.33467 2.02814e-05 -0.00440707 -0.000267084 -0.482805 -0.000378511 1.57572 -0.00195189
15.943 -0.436332 -0.482335 0.0460027 1.3116 2.15531e-05 -0.00441023 -0.000268645 -0.482335 -0.000382784 1.57577 -0.00195208
15.944 -0.436332 -0.481868 0.0455356 1.29038 2.28386e-05 -0.00441244 -0.000270161 -0.481868 -0.000387016 1.57581 -0.00195228
15.945 -0.436332 -0.481404 0.0450712 1.27094 2.41373e-05 -0.0044137 -0.00027163 -0.481404 -0.000391207 1.57585 -0.00195248
15.946 -0.436332 -0.480942 0.0446094 1.25322 2.54488e-05 -0.00441403 -0.000273055 -0.480942 -0.000395356 1.5759 -0.00195269
15.947 -0.436332 -0.480483 0.0441504 1.23717 2.67726e-05 -0.00441346 -0.000274434 -0.480483 -0.000399463 1.57594 -0.00195289
15.948 -0.436332 -0.480026 0.0436941 1.22272 2.8108e-05 -0.00441199 -0.000275767 -0.480026 -0.000403526 1.57598 -0.00195311
15.949 -0.436332 -0.479573 0.0432406 1.20982 2.94547e-05 -0.00440964 -0.000277057 -0.479573 -0.000407547 1.57603 -0.00195332
15.95 -0.436332 -0.479122 0.04279 1.19841 3.08121e-05 -0.00440643 -0.000278301 -0.479122 -0.000411523 1.57607 -0.00195354
15.951 -0.436332 -0.478674 0.0423421 1.18845 3.21797e-05 -0.00440238 -0.000279502 -0.478674 -0.000415456 1.57611 -0.00195377
15.952 -0.436332 -0.478229 0.0418972 1.17988 3.3557e-05 -0.0043975 -0.000280659 -0.478229 -0.000419344 1.57615 -0.00195399
15.953 -0.436332 -0.477787 0.0414551 1.17265 3.49435e-05 -0.00439182 -0.000281772 -0.477787 -0.000423188 1.57619 -0.00195423
15.954 -0.436332 -0.477348 0.0410159 1.16672 3.63387e-05 -0.00438533 -0.000282842 -0.477348 -0.000426986 1.57623 -0.00195446
15.955 -0.436332 -0.476912 0.0405796 1.16202 3.7742e-05 -0.00437808 -0.000283869 -0.476912 -0.000430738 1.57626 -0.0019547
15.956 -0.436332 -0.476479 0.0401463 1.15853 3.91531e-05 -0.00437006 -0.000284853 -0.476479 -0.000434445 1.5763 -0.00195494
15.957 -0.436332 -0.476048 0.039716 1.15619 4.05713e-05 -0.00436129 -0.000285796 -0.476048 -0.000438105 1.57634 -0.00195518
15.958 -0.436332 -0.475621 0.0392887 1.15497 4.19963e-05 -0.0043518 -0.000286696 -0.475621 -0.000441719 1.57637 -0.00195543
15.959 -0.436332 -0.475197 0.0388643 1.15481 4.34274e-05 -0.0043416 -0.000287556 -0.475197 -0.000445287 1.57641 -0.00195568
15.96 -0.436332 -0.474775 0.038443 1.15569 4.48644e-05 -0.00433071 -0.000288374 -0.474775 -0.000448807 1.57644 -0.00195594
15.961 -0.436332 -0.474357 0.0380247 1.15755 4.63065e-05 -0.00431914 -0.000289151 -0.474357 -0.00045228 1.57648 -0.00195619
15.962 -0.436332 -0.473942 0.0376094 1.16036 4.77535e-05 -0.0043069 -0.000289889 -0.473942 -0.000455706 1.57651 -0.00195645
15.963 -0.436332 -0.473529 0.0371972 1.16409 4.92047e-05 -0.00429402 -0.000290586 -0.473529 -0.000459085 1.57654 -0.00195671
15.964 -0.436332 -0.47312 0.036788 1.16869 5.06598e-05 -0.00428052 -0.000291244 -0.47312 -0.000462416 1.57657 -0.00195698
15.965 -0.436332 -0.472714 0.0363819 1.17414 5.21183e-05 -0.00426639 -0.000291863 -0.472714 -0.000465698 1.57661 -0.00195724
15.966 -0.436332 -0.472311 0.0359789 1.1804 5.35797e-05 -0.00425167 -0.000292444 -0.472311 -0.000468933 1.57664 -0.00195751
15.967 -0.436332 -0.471911 0.035579 1.18743 5.50435e-05 -0.00423637 -0.000292986 -0.471911 -0.00047212 1.57667 -0.00195778
15.968 -0.436332 -0.471514 0.0351822 1.1952 5.65094e-05 -0.0042205 -0.000293491 -0.471514 -0.000475259 1.5767 -0.00195806
15.969 -0.436332 -0.471121 0.0347884 1.20369 5.79769e-05 -0.00420408 -0.000293958 -0.471121 -0.000478349 1.57672 -0.00195833
15.97 -0.436332 -0.47073 0.0343978 1.21286 5.94455e-05 -0.00418713 -0.000294389 -0.47073 -0.000481391 1.57675 -0.00195861
15.971 -0.436332 -0.470343 0.0340103 1.22268 6.09148e-05 -0.00416965 -0.000294783 -0.470343 -0.000484384 1.57678 -0.00195889
15.972 -0.436332 -0.469958 0.0336259 1.23312 6.23844e-05 -0.00415167 -0.000295142 -0.469958 -0.000487329 1.57681 -0.00195917
15.973 -0.436332 -0.469577 0.0332445 1.24417 6.38538e-05 -0.0041332 -0.000295465 -0.469577 -0.000490225 1.57683 -0.00195945
15.974 -0.436332 -0.469199 0.0328663 1.25578 6.53227e-05 -0.00411425 -0.000295753 -0.469199 -0.000493072 1.57686 -0.00195974
15.975 -0.436332 -0.468824 0.0324913 1.26793 6.67906e-05 -0.00409484 -0.000296006 -0.468824 -0.000495871 1.57688 -0.00196002
15.976 -0.436332 -0.468452 0.0321193 1.28061 6.82572e-05 -0.00407498 -0.000296226 -0.468452 -0.000498622 1.57691 -0.00196031
15.977 -0.436332 -0.468083 0.0317504 1.29378 6.97219e-05 -0.00405469 -0.000296412 -0.468083 -0.000501324 1.57693 -0.0019606
15.978 -0.436332 -0.467717 0.0313846 1.30742 7.11845e-05 -0.00403398 -0.000296565 -0.467717 -0.000503977 1.57695 -0.00196089
15.979 -0.436332 -0.467354 0.031022 1.32151 7.26446e-05 -0.00401287 -0.000296685 -0.467354 -0.000506581 1.57698 -0.00196118
15.98 -0.436332 -0.466995 0.0306624 1.33603 7.41017e-05 -0.00399136 -0.000296773 -0.466995 -0.000509138 1.577 -0.00196148
15.981 -0.436332 -0.466638 0.0303059 1.35095 7.55555e-05 -0.00396948 -0.000296829 -0.466638 -0.000511645 1.57702 -0.00196177
15.982 -0.436332 -0.466285 0.0299526 1.36626 7.70056e-05 -0.00394723 -0.000296854 -0.466285 -0.000514105 1.57704 -0.00196207
15.983 -0.436332 -0.465935 0.0296023 1.38193 7.84517e-05 -0.00392463 -0.000296849 -0.465935 -0.000516516 1.57706 -0.00196237
15.984 -0.436332 -0.465587 0.0292551 1.39794 7.98934e-05 -0.00390169 -0.000296813 -0.465587 -0.000518878 1.57708 -0.00196266
15.985 -0.436332 -0.465243 0.028911 1.41428 8.13303e-05 -0.00387843 -0.000296747 -0.465243 -0.000521193 1.5771 -0.00196296
15.986 -0.436332 -0.464902 0.0285699 1.43093 8.27622e-05 -0.00385485 -0.000296652 -0.464902 -0.00052346 1.57711 -0.00196326
15.987 -0.436332 -0.464564 0.0282319 1.44787 8.41886e-05 -0.00383098 -0.000296528 -0.464564 -0.000525679 1.57713 -0.00196357
15.988 -0.436332 -0.464229 0.0278969 1.46508 8.56092e-05 -0.00380681 -0.000296376 -0.464229 -0.00052785 1.57715 -0.00196387
15.989 -0.436332 -0.463897 0.027565 1.48254 8.70238e-05 -0.00378237 -0.000296196 -0.463897 -0.000529973 1.57716 -0.00196417
15.99 -0.436332 -0.463568 0.0272362 1.50025 8.84319e-05 -0.00375767 -0.000295988 -0.463568 -0.000532049 1.57718 -0.00196447
15.991 -0.436332 -0.463243 0.0269103 1.51818 8.98334e-05 -0.00373271 -0.000295753 -0.463243 -0.000534078 1.57719 -0.00196478
15.992 -0.436332 -0.46292 0.0265875 1.53632 9.12278e-05 -0.00370751 -0.000295492 -0.46292 -0.000536059 1.57721 -0.00196508
15.993 -0.436332 -0.4626 0.0262677 1.55466 9.26149e-05 -0.00368208 -0.000295205 -0.4626 -0.000537993 1.57722 -0.00196539
15.994 -0.436332 -0.462283 0.0259509 1.57318 9.39944e-05 -0.00365644 -0.000294892 -0.462283 -0.000539881 1.57723 -0.00196569
15.995 -0.436332 -0.461969 0.025637 1.59186 9.5366e-05 -0.00363059 -0.000294554 -0.461969 -0.000541722 1.57725 -0.001966
15.996 -0.436332 -0.461658 0.0253262 1.6107 9.67294e-05 -0.00360454 -0.000294192 -0.461658 -0.000543516 1.57726 -0.0019663
15.997 -0.436332 -0.461351 0.0250183 1.62968 9.80844e-05 -0.0035783 -0.000293805 -0.461351 -0.000545265 1.57727 -0.00196661
15.998 -0.436332 -0.461046 0.0247133 1.64879 9.94306e-05 -0.00355189 -0.000293394 -0.461046 -0.000546967 1.57728 -0.00196692
15.999 -0.436332 -0.460744 0.0244113 1.66802 0.000100768 -0.00352531 -0.00029296 -0.460744 -0.000548623 1.57729 -0.00196722
16 -0.436332 -0.460445 0.0241122 1.68736 0.000102096 -0.00349858 -0.000292504 -0.460445 -0.000550234 1.5773 -0.00196753
16.001 -0.436332 -0.460148 0.023816 1.70679 0.000103415 -0.0034717 -0.000292024 -0.460148 -0.000551799 1.57731 -0.00196784
16.002 -0.436332 -0.459855 0.0235228 1.72631 0.000104723 -0.00344469 -0.000291523 -0.459855 -0.000553319 1.57732 -0.00196815
16.003 -0.436332 -0.459565 0.0232324 1.7459 0.000106022 -0.00341755 -0.000291001 -0.459565 -0.000554794 1.57733 -0.00196845
16.004 -0.436332 -0.459277 0.0229448 1.76556 0.000107311 -0.00339029 -0.000290457 -0.459277 -0.000556225 1.57734 -0.00196876
16.005 -0.436332 -0.458992 0.0226601 1.78527 0.000108589 -0.00336293 -0.000289893 -0.458992 -0.000557611 1.57734 -0.00196907
16.006 -0.436332 -0.458711 0.0223783 1.80503 0.000109857 -0.00333546 -0.000289308 -0.458711 -0.000558952 1.57735 -0.00196938
16.007 -0.436332 -0.458432 0.0220993 1.82483 0.000111114 -0.00330791 -0.000288704 -0.458432 -0.00056025 1.57736 -0.00196968
16.008 -0.436332 -0.458155 0.0218231 1.84466 0.00011236 -0.00328028 -0.00028808 -0.458155 -0.000561504 1.57736 -0.00196999
16.009 -0.436332 -0.457882 0.0215497 1.86451 0.000113594 -0.00325257 -0.000287437 -0.457882 -0.000562715 1.57737 -0.0019703
16.01 -0.436332 -0.457611 0.0212791 1.88437 0.000114817 -0.0032248 -0.000286776 -0.457611 -0.000563883 1.57737 -0.0019706
16.011 -0.436332 -0.457344 0.0210112 1.90423 0.000116029 -0.00319697 -0.000286097 -0.457344 -0.000565008 1.57737 -0.00197091
16.012 -0.436332 -0.457078 0.0207461 1.9241 0.000117229 -0.00316909 -0.0002854 -0.457078 -0.00056609 1.57738 -0.00197122
16.013 -0.436332 -0.456816 0.0204837 1.94395 0.000118416 -0.00314117 -0.000284685 -0.456816 -0.00056713 1.57738 -0.00197152
16.014 -0.436332 -0.456556 0.0202241 1.96379 0.000119592 -0.00311322 -0.000283954 -0.456556 -0.000568128 1.57738 -0.00197183
16.015 -0.436332 -0.456299 0.0199671 1.98361 0.000120755 -0.00308524 -0.000283206 -0.456299 -0.000569084 1.57739 -0.00197213
16.016 -0.436332 -0.456045 0.0197128 2.0034 0.000121906 -0.00305724 -0.000282442 -0.456045 -0.000569999 1.57739 -0.00197244
16.017 -0.436332 -0.455794 0.0194612 2.02315 0.000123045 -0.00302924 -0.000281663 -0.455794 -0.000570872 1.57739 -0.00197274
16.018 -0.436332 -0.455545 0.0192123 2.04287 0.00012417 -0.00300122 -0.000280868 -0.455545 -0.000571705 1.57739 -0.00197305
16.019 -0.436332 -0.455298 0.0189659 2.06254 0.000125283 -0.00297321 -0.000280058 -0.455298 -0.000572498 1.57739 -0.00197335
16.02 -0.436332 -0.455055 0.0187222 2.08216 0.000126383 -0.00294521 -0.000279233 -0.455055 -0.00057325 1.57739 -0.00197365
16.021 -0.436332 -0.454813 0.0184811 2.10172 0.000127469 -0.00291722 -0.000278395 -0.454813 -0.000573962 1.57739 -0.00197395
16.022 -0.436332 -0.454575 0.0182425 2.12122 0.000128542 -0.00288926 -0.000277542 -0.454575 -0.000574635 1.57739 -0.00197425
16.023 -0.436332 -0.454339 0.0180066 2.14066 0.000129602 -0.00286132 -0.000276676 -0.454339 -0.000575268 1.57739 -0.00197456
16.024 -0.436332 -0.454105 0.0177731 2.16003 0.000130649 -0.00283342 -0.000275797 -0.454105 -0.000575862 1.57738 -0.00197486
16.025 -0.436332 -0.453875 0.0175422 2.17932 0.000131682 -0.00280555 -0.000274905 -0.453875 -0.000576418 1.57738 -0.00197515
16.026 -0.436332 -0.453646 0.0173138 2.19854 0.000132701 -0.00277773 -0.000274001 -0.453646 -0.000576936 1.57738 -0.00197545
16.027 -0.436332 -0.45342 0.0170879 2.21767 0.000133706 -0.00274996 -0.000273085 -0.45342 -0.000577415 1.57737 -0.00197575
16.028 -0.436332 -0.453197 0.0168645 2.23672 0.000134698 -0.00272225 -0.000272157 -0.453197 -0.000577857 1.57737 -0.00197605
16.029 -0.436332 -0.452976 0.0166435 2.25568 0.000135675 -0.0026946 -0.000271217 -0.452976 -0.000578262 1.57737 -0.00197634
16.03 -0.436332 -0.452757 0.0164249 2.27454 0.000136639 -0.00266701 -0.000270267 -0.452757 -0.000578629 1.57736 -0.00197664
16.031 -0.436332 -0.452541 0.0162088 2.29331 0.000137588 -0.0026395 -0.000269306 -0.452541 -0.00057896 1.57736 -0.00197693
16.032 -0.436332 -0.452327 0.0159951 2.31198 0.000138523 -0.00261206 -0.000268335 -0.452327 -0.000579255 1.57735 -0.00197723
16.033 -0.436332 -0.452116 0.0157837 2.33055 0.000139444 -0.0025847 -0.000267353 -0.452116 -0.000579514 1.57735 -0.00197752
16.034 -0.436332 -0.451907 0.0155748 2.34902 0.000140351 -0.00255743 -0.000266362 -0.451907 -0.000579737 1.57734 -0.00197781
16.035 -0.436332 -0.4517 0.0153681 2.36737 0.000141243 -0.00253025 -0.000265361 -0.4517 -0.000579924 1.57733 -0.0019781
16.036 -0.436332 -0.451496 0.0151638 2.38562 0.000142121 -0.00250316 -0.000264352 -0.451496 -0.000580077 1.57733 -0.00197839
16.037 -0.436332 -0.451294 0.0149618 2.40376 0.000142984 -0.00247617 -0.000263333 -0.451294 -0.000580195 1.57732 -0.00197868
16.038 -0.436332 -0.451094 0.0147621 2.42178 0.000143833 -0.00244929 -0.000262306 -0.451094 -0.000580279 1.57731 -0.00197897
16.039 -0.436332 -0.450897 0.0145647 2.43969 0.000144667 -0.00242251 -0.000261271 -0.450897 -0.000580329 1.5773 -0.00197926
16.04 -0.436332 -0.450702 0.0143695 2.45747 0.000145487 -0.00239584 -0.000260228 -0.450702 -0.000580345 1.5773 -0.00197954
16.041 -0.436332 -0.450509 0.0141765 2.47514 0.000146292 -0.00236928 -0.000259177 -0.450509 -0.000580328 1.57729 -0.00197983
16.042 -0.436332 -0.450318 0.0139858 2.49269 0.000147082 -0.00234284 -0.000258119 -0.450318 -0.000580279 1.57728 -0.00198011
16.043 -0.436332 -0.45013 0.0137973 2.51011 0.000147858 -0.00231652 -0.000257054 -0.45013 -0.000580196 1.57727 -0.0019804
16.044 -0.436332 -0.449943 0.0136109 2.52741 0.000148619 -0.00229033 -0.000255982 -0.449943 -0.000580081 1.57726 -0.00198068
16.045 -0.436332 -0.449759 0.0134267 2.54458 0.000149365 -0.00226426 -0.000254903 -0.449759 -0.000579935 1.57725 -0.00198096
16.046 -0.436332 -0.449577 0.0132447 2.56162 0.000150097 -0.00223833 -0.000253818 -0.449577 -0.000579757 1.57724 -0.00198124
16.047 -0.436332 -0.449397 0.0130648 2.57854 0.000150814 -0.00221252 -0.000252728 -0.449397 -0.000579548 1.57723 -0.00198152
16.048 -0.436332 -0.449219 0.0128869 2.59532 0.000151516 -0.00218686 -0.000251631 -0.449219 -0.000579307 1.57722 -0.00198179
16.049 -0.436332 -0.449044 0.0127112 2.61197 0.000152204 -0.00216133 -0.000250529 -0.449044 -0.000579037 1.57721 -0.00198207
16.05 -0.436332 -0.44887 0.0125375 2.6285 0.000152876 -0.00213594 -0.000249422 -0.44887 -0.000578736 1.57719 -0.00198235
16.051 -0.436332 -0.448698 0.0123659 2.64488 0.000153535 -0.0021107 -0.00024831 -0.448698 -0.000578405 1.57718 -0.00198262
16.052 -0.436332 -0.448529 0.0121964 2.66114 0.000154178 -0.00208561 -0.000247193 -0.448529 -0.000578045 1.57717 -0.00198289
16.053 -0.436332 -0.448361 0.0120288 2.67726 0.000154807 -0.00206067 -0.000246072 -0.448361 -0.000577656 1.57716 -0.00198316
16.054 -0.436332 -0.448196 0.0118632 2.69325 0.000155421 -0.00203587 -0.000244946 -0.448196 -0.000577238 1.57715 -0.00198343
16.055 -0.436332 -0.448032 0.0116996 2.7091 0.000156021 -0.00201123 -0.000243816 -0.448032 -0.000576791 1.57713 -0.0019837
16.056 -0.436332 -0.44787 0.011538 2.72481 0.000156606 -0.00198675 -0.000242683 -0.44787 -0.000576317 1.57712 -0.00198397
16.057 -0.436332 -0.447711 0.0113783 2.74039 0.000157176 -0.00196242 -0.000241546 -0.447711 -0.000575815 1.57711 -0.00198424
16.058 -0.436332 -0.447553 0.0112206 2.75583 0.000157732 -0.00193826 -0.000240405 -0.447553 -0.000575285 1.57709 -0.0019845
16.059 -0.436332 -0.447397 0.0110647 2.77113 0.000158273 -0.00191425 -0.000239261 -0.447397 -0.000574728 1.57708 -0.00198477
16.06 -0.436332 -0.447243 0.0109108 2.7863 0.0001588 -0.00189041 -0.000238115 -0.447243 -0.000574144 1.57706 -0.00198503
16.061 -0.436332 -0.447091 0.0107587 2.80133 0.000159312 -0.00186673 -0.000236966 -0.447091 -0.000573534 1.57705 -0.00198529
16.062 -0.436332 -0.446941 0.0106084 2.81622 0.00015981 -0.00184323 -0.000235814 -0.446941 -0.000572898 1.57703 -0.00198555
16.063 -0.436332 -0.446792 0.01046 2.83097 0.000160294 -0.00181988 -0.000234659 -0.446792 -0.000572236 1.57702 -0.00198581
16.064 -0.436332 -0.446646 0.0103134 2.84559 0.000160764 -0.00179671 -0.000233503 -0.446646 -0.000571549 1.577 -0.00198607
16.065 -0.436332 -0.446501 0.0101687 2.86007 0.000161219 -0.00177371 -0.000232345 -0.446501 -0.000570837 1.57699 -0.00198632
16.066 -0.436332 -0.446358 0.0100257 2.87441 0.00016166 -0.00175088 -0.000231185 -0.446358 -0.0005701 1.57697 -0.00198658
16.067 -0.436332 -0.446217 0.00988443 2.88861 0.000162087 -0.00172822 -0.000230023 -0.446217 -0.000569338 1.57696 -0.00198683
16.068 -0.436332 -0.446077 0.00974495 2.90267 0.000162499 -0.00170574 -0.00022886 -0.446077 -0.000568552 1.57694 -0.00198709
16.069 -0.436332 -0.44594 0.0096072 2.9166 0.000162898 -0.00168343 -0.000227696 -0.44594 -0.000567743 1.57692 -0.00198734
16.07 -0.436332 -0.445803 0.00947117 2.93039 0.000163283 -0.0016613 -0.00022653 -0.445803 -0.00056691 1.57691 -0.00198759
16.071 -0.436332 -0.445669 0.00933683 2.94405 0.000163654 -0.00163935 -0.000225364 -0.445669 -0.000566055 1.57689 -0.00198784
16.072 -0.436332 -0.445536 0.00920418 2.95757 0.000164011 -0.00161758 -0.000224197 -0.445536 -0.000565176 1.57687 -0.00198808
16.073 -0.436332 -0.445405 0.00907319 2.97095 0.000164355 -0.00159598 -0.00022303 -0.445405 -0.000564275 1.57686 -0.00198833
16.074 -0.436332 -0.445276 0.00894384 2.98419 0.000164685 -0.00157456 -0.000221862 -0.445276 -0.000563352 1.57684 -0.00198857
16.075 -0.436332 -0.445148 0.00881613 2.9973 0.000165001 -0.00155332 -0.000220694 -0.445148 -0.000562407 1.57682 -0.00198881
16.076 -0.436332 -0.445022 0.00869004 3.01028 0.000165303 -0.00153227 -0.000219525 -0.445022 -0.00056144 1.5768 -0.00198906
16.077 -0.436332 -0.444898 0.00856554 3.02312 0.000165593 -0.00151139 -0.000218357 -0.444898 -0.000560452 1.57678 -0.0019893
16.078 -0.436332 -0.444775 0.00844262 3.03583 0.000165869 -0.0014907 -0.000217189 -0.444775 -0.000559444 1.57677 -0.00198954
16.079 -0.436332 -0.444654 0.00832127 3.04841 0.000166131 -0.00147019 -0.000216022 -0.444654 -0.000558415 1.57675 -0.00198977
16.08 -0.436332 -0.444534 0.00820147 3.06085 0.000166381 -0.00144986 -0.000214855 -0.444534 -0.000557365 1.57673 -0.00199001
16.081 -0.436332 -0.444416 0.0080832 3.07316 0.000166617 -0.00142971 -0.000213688 -0.444416 -0.000556296 1.57671 -0.00199024
16.082 -0.436332 -0.444299 0.00796645 3.08534 0.00016684 -0.00140975 -0.000212523 -0.444299 -0.000555207 1.57669 -0.00199048
16.083 -0.436332 -0.444184 0.0078512 3.09739 0.00016705 -0.00138997 -0.000211358 -0.444184 -0.000554099 1.57667 -0.00199071
16.084 -0.436332 -0.44407 0.00773743 3.10931 0.000167248 -0.00137037 -0.000210194 -0.44407 -0.000552972 1.57665 -0.00199094
16.085 -0.436332 -0.443957 0.00762514 3.1211 0.000167433 -0.00135095 -0.000209032 -0.443957 -0.000551826 1.57663 -0.00199117
16.086 -0.436332 -0.443847 0.0075143 3.13276 0.000167605 -0.00133172 -0.000207871 -0.443847 -0.000550661 1.57661 -0.0019914
16.087 -0.436332 -0.443737 0.0074049 3.14429 0.000167764 -0.00131268 -0.000206711 -0.443737 -0.000549479 1.57659 -0.00199162
16.088 -0.436332 -0.443629 0.00729692 3.1557 0.000167911 -0.00129381 -0.000205552 -0.443629 -0.000548279 1.57657 -0.00199185
16.089 -0.436332 -0.443523 0.00719035 3.16698 0.000168046 -0.00127513 -0.000204396 -0.443523 -0.000547061 1.57655 -0.00199207
16.09 -0.436332 -0.443417 0.00708518 3.17813 0.000168168 -0.00125663 -0.000203241 -0.443417 -0.000545826 1.57653 -0.00199229
16.091 -0.436332 -0.443314 0.00698138 3.18916 0.000168278 -0.00123831 -0.000202088 -0.443314 -0.000544574 1.57651 -0.00199251
16.092 -0.436332 -0.443211 0.00687894 3.20006 0.000168377 -0.00122018 -0.000200937 -0.443211 -0.000543306 1.57649 -0.00199273
16.093 -0.436332 -0.44311 0.00677786 3.21085 0.000168463 -0.00120223 -0.000199788 -0.44311 -0.000542021 1.57647 -0.00199295
16.094 -0.436332 -0.44301 0.0066781 3.2215 0.000168537 -0.00118446 -0.000198641 -0.44301 -0.00054072 1.57645 -0.00199317
16.095 -0.436332 -0.442912 0.00657967 3.23204 0.000168599 -0.00116687 -0.000197496 -0.442912 -0.000539403 1.57643 -0.00199338
16.096 -0.436332 -0.442815 0.00648254 3.24246 0.00016865 -0.00114946 -0.000196354 -0.442815 -0.000538071 1.57641 -0.00199359
16.097 -0.436332 -0.442719 0.0063867 3.25276 0.000168689 -0.00113224 -0.000195214 -0.442719 -0.000536723 1.57639 -0.00199381
16.098 -0.436332 -0.442624 0.00629213 3.26293 0.000168717 -0.00111519 -0.000194077 -0.442624 -0.000535361 1.57637 -0.00199402
16.099 -0.436332 -0.442531 0.00619883 3.27299 0.000168733 -0.00109833 -0.000192942 -0.442531 -0.000533984 1.57635 -0.00199423
16.1 -0.436332 -0.442439 0.00610677 3.28294 0.000168739 -0.00108164 -0.00019181 -0.442439 -0.000532592 1.57633 -0.00199443
16.101 -0.436332 -0.442348 0.00601595 3.29276 0.000168733 -0.00106513 -0.000190681 -0.442348 -0.000531187 1.5763 -0.00199464
16.102 -0.436332 -0.442259 0.00592635 3.30248 0.000168716 -0.0010488 -0.000189555 -0.442259 -0.000529767 1.57628 -0.00199484
16.103 -0.436332 -0.44217 0.00583795 3.31207 0.000168688 -0.00103265 -0.000188432 -0.44217 -0.000528334 1.57626 -0.00199505
16.104 -0.436332 -0.442083 0.00575075 3.32156 0.000168649 -0.00101667 -0.000187312 -0.442083 -0.000526888 1.57624 -0.00199525
16.105 -0.436332 -0.441997 0.00566472 3.33093 0.000168599 -0.00100087 -0.000186195 -0.441997 -0.000525428 1.57622 -0.00199545
16.106 -0.436332 -0.441912 0.00557986 3.34019 0.000168539 -0.000985247 -0.000185081 -0.441912 -0.000523956 1.5762 -0.00199565
16.107 -0.436332 -0.441828 0.00549615 3.34933 0.000168468 -0.000969797 -0.000183971 -0.441828 -0.000522471 1.57617 -0.00199585
16.108 -0.436332 -0.441746 0.00541357 3.35837 0.000168387 -0.000954521 -0.000182863 -0.441746 -0.000520974 1.57615 -0.00199604
16.109 -0.436332 -0.441664 0.00533213 3.3673 0.000168296 -0.000939418 -0.00018176 -0.441664 -0.000519465 1.57613 -0.00199624
16.11 -0.436332 -0.441584 0.00525179 3.37612 0.000168195 -0.000924488 -0.000180659 -0.441584 -0.000517944 1.57611 -0.00199643
16.111 -0.436332 -0.441505 0.00517256 3.38484 0.000168083 -0.000909729 -0.000179563 -0.441505 -0.000516412 1.57609 -0.00199662
16.112 -0.436332 -0.441427 0.00509441 3.39345 0.000167962 -0.000895141 -0.000178469 -0.441427 -0.000514868 1.57606 -0.00199682
16.113 -0.436332 -0.44135 0.00501733 3.40195 0.000167831 -0.000880722 -0.00017738 -0.44135 -0.000513313 1.57604 -0.001997
16.114 -0.436332 -0.441274 0.00494132 3.41035 0.00016769 -0.000866473 -0.000176294 -0.441274 -0.000511748 1.57602 -0.00199719
16.115 -0.436332 -0.441199 0.00486635 3.41865 0.000167539 -0.000852391 -0.000175212 -0.441199 -0.000510172 1.576 -0.00199738
16.116 -0.436332 -0.441125 0.00479242 3.42684 0.000167379 -0.000838477 -0.000174134 -0.441125 -0.000508585 1.57597 -0.00199756
16.117 -0.436332 -0.441052 0.00471952 3.43493 0.00016721 -0.000824728 -0.000173059 -0.441052 -0.000506989 1.57595 -0.00199775
16.118 -0.436332 -0.44098 0.00464762 3.44293 0.000167031 -0.000811145 -0.000171989 -0.44098 -0.000505383 1.57593 -0.00199793
16.119 -0.436332 -0.440909 0.00457673 3.45082 0.000166843 -0.000797726 -0.000170923 -0.440909 -0.000503767 1.57591 -0.00199811
16.12 -0.436332 -0.440839 0.00450683 3.45861 0.000166646 -0.00078447 -0.00016986 -0.440839 -0.000502141 1.57588 -0.00199829
16.121 -0.436332 -0.44077 0.0044379 3.46631 0.000166441 -0.000771377 -0.000168802 -0.44077 -0.000500507 1.57586 -0.00199847
16.122 -0.436332 -0.440702 0.00436993 3.47391 0.000166226 -0.000758444 -0.000167747 -0.440702 -0.000498863 1.57584 -0.00199864
16.123 -0.436332 -0.440635 0.00430292 3.48142 0.000166003 -0.000745672 -0.000166697 -0.440635 -0.000497211 1.57581 -0.00199882
16.124 -0.436332 -0.440569 0.00423685 3.48883 0.000165771 -0.000733059 -0.000165651 -0.440569 -0.000495551 1.57579 -0.00199899
16.125 -0.436332 -0.440504 0.00417171 3.49614 0.000165531 -0.000720603 -0.00016461 -0.440504 -0.000493882 1.57577 -0.00199916
16.126 -0.436332 -0.44044 0.00410749 3.50337 0.000165282 -0.000708305 -0.000163572 -0.44044 -0.000492205 1.57575 -0.00199934
16.127 -0.436332 -0.440376 0.00404417 3.5105 0.000165025 -0.000696162 -0.000162539 -0.440376 -0.00049052 1.57572 -0.0019995
16.128 -0.436332 -0.440314 0.00398175 3.51754 0.00016476 -0.000684174 -0.00016151 -0.440314 -0.000488828 1.5757 -0.00199967
16.129 -0.436332 -0.440253 0.00392022 3.52449 0.000164487 -0.00067234 -0.000160486 -0.440253 -0.000487128 1.57568 -0.00199984
16.13 -0.436332 -0.440192 0.00385956 3.53135 0.000164207 -0.000660658 -0.000159466 -0.440192 -0.000485421 1.57565 -0.00200001
16.131 -0.436332 -0.440132 0.00379977 3.53813 0.000163918 -0.000649128 -0.00015845 -0.440132 -0.000483707 1.57563 -0.00200017
16.132 -0.436332 -0.440073 0.00374083 3.54481 0.000163622 -0.000637747 -0.000157439 -0.440073 -0.000481986 1.57561 -0.00200033
16.133 -0.436332 -0.440015 0.00368273 3.55141 0.000163318 -0.000626516 -0.000156433 -0.440015 -0.000480259 1.57558 -0.00200049
16.134 -0.436332 -0.439958 0.00362546 3.55793 0.000163006 -0.000615433 -0.000155431 -0.439958 -0.000478525 1.57556 -0.00200065
16.135 -0.436332 -0.439901 0.00356901 3.56436 0.000162688 -0.000604496 -0.000154433 -0.439901 -0.000476785 1.57554 -0.00200081
16.136 -0.436332 -0.439846 0.00351338 3.57071 0.000162362 -0.000593705 -0.00015344 -0.439846 -0.000475039 1.57551 -0.00200097
16.137 -0.436332 -0.439791 0.00345855 3.57697 0.000162029 -0.000583059 -0.000152451 -0.439791 -0.000473288 1.57549 -0.00200112
16.138 -0.436332 -0.439737 0.0034045 3.58315 0.000161689 -0.000572555 -0.000151468 -0.439737 -0.00047153 1.57547 -0.00200128
16.139 -0.436332 -0.439684 0.00335124 3.58926 0.000161342 -0.000562194 -0.000150488 -0.439684 -0.000469768 1.57544 -0.00200143
16.14 -0.436332 -0.439631 0.00329875 3.59528 0.000160988 -0.000551974 -0.000149514 -0.439631 -0.000468 1.57542 -0.00200158
16.141 -0.436332 -0.439579 0.00324702 3.60122 0.000160628 -0.000541893 -0.000148544 -0.439579 -0.000466227 1.5754 -0.00200173
16.142 -0.436332 -0.439528 0.00319605 3.60708 0.000160261 -0.00053195 -0.000147579 -0.439528 -0.000464449 1.57537 -0.00200188
16.143 -0.436332 -0.439478 0.00314581 3.61287 0.000159887 -0.000522145 -0.000146618 -0.439478 -0.000462666 1.57535 -0.00200203
16.144 -0.436332 -0.439429 0.00309631 3.61858 0.000159508 -0.000512476 -0.000145662 -0.439429 -0.000460879 1.57533 -0.00200218
16.145 -0.436332 -0.43938 0.00304753 3.62421 0.000159122 -0.000502942 -0.000144711 -0.43938 -0.000459088 1.5753 -0.00200232
16.146 -0.436332 -0.439332 0.00299947 3.62977 0.00015873 -0.000493541 -0.000143765 -0.439332 -0.000457292 1.57528 -0.00200246
16.147 -0.436332 -0.439284 0.00295211 3.63526 0.000158331 -0.000484273 -0.000142823 -0.439284 -0.000455493 1.57526 -0.00200261
16.148 -0.436332 -0.439238 0.00290545 3.64067 0.000157927 -0.000475136 -0.000141886 -0.439238 -0.000453689 1.57524 -0.00200275
16.149 -0.436332 -0.439192 0.00285947 3.64601 0.000157517 -0.000466129 -0.000140954 -0.439192 -0.000451882 1.57521 -0.00200289
16.15 -0.436332 -0.439146 0.00281417 3.65128 0.000157102 -0.000457251 -0.000140027 -0.439146 -0.000450072 1.57519 -0.00200302
16.151 -0.436332 -0.439102 0.00276954 3.65648 0.00015668 -0.0004485 -0.000139105 -0.439102 -0.000448258 1.57517 -0.00200316
16.152 -0.436332 -0.439058 0.00272557 3.66161 0.000156253 -0.000439876 -0.000138187 -0.439058 -0.000446441 1.57514 -0.0020033
16.153 -0.436332 -0.439015 0.00268225 3.66667 0.000155821 -0.000431377 -0.000137274 -0.439015 -0.000444622 1.57512 -0.00200343
16.154 -0.436332 -0.438972 0.00263958 3.67166 0.000155384 -0.000423001 -0.000136366 -0.438972 -0.000442799 1.5751 -0.00200356
16.155 -0.436332 -0.43893 0.00259754 3.67658 0.000154941 -0.000414749 -0.000135462 -0.43893 -0.000440974 1.57507 -0.0020037
16.156 -0.436332 -0.438888 0.00255613 3.68144 0.000154493 -0.000406618 -0.000134564 -0.438888 -0.000439146 1.57505 -0.00200383
16.157 -0.436332 -0.438848 0.00251533 3.68623 0.00015404 -0.000398607 -0.00013367 -0.438848 -0.000437315 1.57503 -0.00200395
16.158 -0.436332 -0.438807 0.00247515 3.69095 0.000153583 -0.000390715 -0.000132781 -0.438807 -0.000435483 1.575 -0.00200408
16.159 -0.436332 -0.438768 0.00243557 3.69561 0.00015312 -0.000382941 -0.000131897 -0.438768 -0.000433649 1.57498 -0.00200421
16.16 -0.436332 -0.438729 0.00239658 3.70021 0.000152653 -0.000375284 -0.000131018 -0.438729 -0.000431812 1.57496 -0.00200433
16.161 -0.436332 -0.43869 0.00235817 3.70475 0.000152181 -0.000367742 -0.000130144 -0.43869 -0.000429974 1.57494 -0.00200446
16.162 -0.436332 -0.438653 0.00232035 3.70922 0.000151704 -0.000360314 -0.000129274 -0.438653 -0.000428134 1.57491 -0.00200458
16.163 -0.436332 -0.438615 0.0022831 3.71363 0.000151224 -0.000353 -0.000128409 -0.438615 -0.000426293 1.57489 -0.0020047
16.164 -0.436332 -0.438579 0.00224641 3.71798 0.000150738 -0.000345797 -0.000127549 -0.438579 -0.00042445 1.57487 -0.00200482
16.165 -0.436332 -0.438543 0.00221027 3.72227 0.000150249 -0.000338705 -0.000126694 -0.438543 -0.000422607 1.57484 -0.00200494
16.166 -0.436332 -0.438507 0.00217468 3.72651 0.000149755 -0.000331722 -0.000125844 -0.438507 -0.000420762 1.57482 -0.00200506
16.167 -0.436332 -0.438472 0.00213963 3.73068 0.000149258 -0.000324848 -0.000124998 -0.438472 -0.000418916 1.5748 -0.00200517
16.168 -0.436332 -0.438437 0.00210512 3.73479 0.000148756 -0.00031808 -0.000124157 -0.438437 -0.000417069 1.57478 -0.00200529
16.169 -0.436332 -0.438403 0.00207113 3.73885 0.000148251 -0.000311419 -0.000123321 -0.438403 -0.000415222 1.57475 -0.0020054
16.17 -0.436332 -0.43837 0.00203766 3.74286 0.000147742 -0.000304862 -0.00012249 -0.43837 -0.000413374 1.57473 -0.00200552
16.171 -0.436332 -0.438337 0.0020047 3.7468 0.000147229 -0.000298409 -0.000121664 -0.438337 -0.000411526 1.57471 -0.00200563
16.172 -0.436332 -0.438305 0.00197225 3.75069 0.000146713 -0.000292059 -0.000120842 -0.438305 -0.000409678 1.57469 -0.00200574
16.173 -0.436332 -0.438273 0.0019403 3.75453 0.000146193 -0.000285809 -0.000120025 -0.438273 -0.000407829 1.57466 -0.00200585
16.174 -0.436332 -0.438241 0.00190883 3.75832 0.000145669 -0.00027966 -0.000119213 -0.438241 -0.000405981 1.57464 -0.00200595
16.175 -0.436332 -0.43821 0.00187785 3.76205 0.000145143 -0.00027361 -0.000118406 -0.43821 -0.000404132 1.57462 -0.00200606
16.176 -0.436332 -0.43818 0.00184735 3.76573 0.000144613 -0.000267657 -0.000117603 -0.43818 -0.000402284 1.5746 -0.00200617
16.177 -0.436332 -0.43815 0.00181732 3.76935 0.00014408 -0.000261801 -0.000116805 -0.43815 -0.000400436 1.57457 -0.00200627
16.178 -0.436332 -0.43812 0.00178775 3.77293 0.000143544 -0.000256041 -0.000116012 -0.43812 -0.000398588 1.57455 -0.00200637
16.179 -0.436332 -0.438091 0.00175864 3.77646 0.000143005 -0.000250375 -0.000115223 -0.438091 -0.000396741 1.57453 -0.00200647
16.18 -0.436332 -0.438062 0.00172998 3.77993 0.000142463 -0.000244803 -0.00011444 -0.438062 -0.000394895 1.57451 -0.00200657
16.181 -0.436332 -0.438034 0.00170177 3.78336 0.000141918 -0.000239322 -0.00011366 -0.438034 -0.000393049 1.57449 -0.00200667
16.182 -0.436332 -0.438006 0.00167399 3.78674 0.00014137 -0.000233933 -0.000112886 -0.438006 -0.000391205 1.57446 -0.00200677
16.183 -0.436332 -0.437979 0.00164665 3.79007 0.00014082 -0.000228634 -0.000112116 -0.437979 -0.000389361 1.57444 -0.00200687
16.184 -0.436332 -0.437952 0.00161974 3.79335 0.000140267 -0.000223424 -0.000111351 -0.437952 -0.000387518 1.57442 -0.00200696
16.185 -0.436332 -0.437926 0.00159325 3.79659 0.000139712 -0.000218301 -0.000110591 -0.437926 -0.000385677 1.5744 -0.00200706
16.186 -0.436332 -0.437899 0.00156717 3.79978 0.000139154 -0.000213265 -0.000109835 -0.437899 -0.000383837 1.57438 -0.00200715
16.187 -0.436332 -0.437874 0.0015415 3.80293 0.000138594 -0.000208315 -0.000109084 -0.437874 -0.000381998 1.57436 -0.00200724
16.188 -0.436332 -0.437849 0.00151623 3.80603 0.000138032 -0.00020345 -0.000108337 -0.437849 -0.000380161 1.57433 -0.00200733
16.189 -0.436332 -0.437824 0.00149137 3.80909 0.000137468 -0.000198668 -0.000107595 -0.437824 -0.000378325 1.57431 -0.00200742
16.19 -0.436332 -0.437799 0.00146689 3.8121 0.000136901 -0.000193968 -0.000106858 -0.437799 -0.000376491 1.57429 -0.00200751
16.191 -0.436332 -0.437775 0.0014428 3.81507 0.000136332 -0.00018935 -0.000106125 -0.437775 -0.000374659 1.57427 -0.0020076
16.192 -0.436332 -0.437751 0.00141909 3.818 0.000135762 -0.000184813 -0.000105396 -0.437751 -0.000372829 1.57425 -0.00200769
16.193 -0.436332 -0.437728 0.00139576 3.82088 0.000135189 -0.000180354 -0.000104673 -0.437728 -0.000371001 1.57423 -0.00200777
16.194 -0.436332 -0.437705 0.0013728 3.82373 0.000134615 -0.000175974 -0.000103953 -0.437705 -0.000369175 1.57421 -0.00200785
16.195 -0.436332 -0.437683 0.0013502 3.82653 0.000134039 -0.000171672 -0.000103238 -0.437683 -0.000367351 1.57418 -0.00200794
16.196 -0.436332 -0.43766 0.00132796 3.82929 0.000133462 -0.000167446 -0.000102528 -0.43766 -0.000365529 1.57416 -0.00200802
16.197 -0.436332 -0.437638 0.00130607 3.83201 0.000132882 -0.000163295 -0.000101822 -0.437638 -0.00036371 1.57414 -0.0020081
16.198 -0.436332 -0.437617 0.00128454 3.8347 0.000132301 -0.000159218 -0.000101121 -0.437617 -0.000361893 1.57412 -0.00200818
16.199 -0.436332 -0.437596 0.00126335 3.83734 0.000131719 -0.000155215 -0.000100424 -0.437596 -0.000360079 1.5741 -0.00200826
16.2 -0.436332 -0.437575 0.00124249 3.83995 0.000131136 -0.000151284 -9.97313e-05 -0.437575 -0.000358267 1.57408 -0.00200834
16.201 -0.436332 -0.437554 0.00122198 3.84252 0.000130551 -0.000147424 -9.90431e-05 -0.437554 -0.000356458 1.57406 -0.00200841
16.202 -0.436332 -0.437534 0.00120179 3.84505 0.000129964 -0.000143635 -9.83593e-05 -0.437534 -0.000354651 1.57404 -0.00200849
16.203 -0.436332 -0.437514 0.00118192 3.84754 0.000129377 -0.000139916 -9.76799e-05 -0.437514 -0.000352848 1.57402 -0.00200856
16.204 -0.436332 -0.437495 0.00116238 3.85 0.000128788 -0.000136265 -9.70048e-05 -0.437495 -0.000351047 1.574 -0.00200863
16.205 -0.436332 -0.437475 0.00114315 3.85242 0.000128199 -0.000132682 -9.6334e-05 -0.437475 -0.000349249 1.57398 -0.00200871
16.206 -0.436332 -0.437457 0.00112423 3.85481 0.000127608 -0.000129165 -9.56675e-05 -0.437457 -0.000347455 1.57396 -0.00200878
16.207 -0.436332 -0.437438 0.00110562 3.85716 0.000127017 -0.000125714 -9.50054e-05 -0.437438 -0.000345663 1.57394 -0.00200885
16.208 -0.436332 -0.43742 0.00108731 3.85948 0.000126424 -0.000122328 -9.43475e-05 -0.43742 -0.000343875 1.57392 -0.00200891
16.209 -0.436332 -0.437402 0.00106929 3.86176 0.000125831 -0.000119006 -9.36938e-05 -0.437402 -0.00034209 1.5739 -0.00200898
16.21 -0.436332 -0.437384 0.00105157 3.86402 0.000125237 -0.000115747 -9.30444e-05 -0.437384 -0.000340308 1.57388 -0.00200905
16.211 -0.436332 -0.437366 0.00103414 3.86623 0.000124642 -0.00011255 -9.23992e-05 -0.437366 -0.00033853 1.57386 -0.00200911
16.212 -0.436332 -0.437349 0.00101699 3.86842 0.000124047 -0.000109414 -9.17582e-05 -0.437349 -0.000336755 1.57384 -0.00200918
16.213 -0.436332 -0.437332 0.00100012 3.87057 0.000123451 -0.000106339 -9.11214e-05 -0.437332 -0.000334984 1.57382 -0.00200924
16.214 -0.436332 -0.437316 0.000983523 3.87269 0.000122854 -0.000103323 -9.04888e-05 -0.437316 -0.000333216 1.5738 -0.0020093
16.215 -0.436332 -0.4373 0.000967199 3.87478 0.000122257 -0.000100366 -8.98602e-05 -0.4373 -0.000331452 1.57378 -0.00200937
16.216 -0.436332 -0.437283 0.000951144 3.87684 0.00012166 -9.74671e-05 -8.92358e-05 -0.437283 -0.000329692 1.57376 -0.00200943
16.217 -0.436332 -0.437268 0.000935351 3.87887 0.000121062 -9.46249e-05 -8.86155e-05 -0.437268 -0.000327935 1.57374 -0.00200948
16.218 -0.436332 -0.437252 0.000919818 3.88086 0.000120464 -9.18389e-05 -8.79993e-05 -0.437252 -0.000326182 1.57372 -0.00200954
16.219 -0.436332 -0.437237 0.00090454 3.88283 0.000119866 -8.91082e-05 -8.73872e-05 -0.437237 -0.000324434 1.5737 -0.0020096
16.22 -0.436332 -0.437222 0.000889514 3.88477 0.000119267 -8.6432e-05 -8.67791e-05 -0.437222 -0.000322689 1.57368 -0.00200966
16.221 -0.436332 -0.437207 0.000874736 3.88668 0.000118669 -8.38095e-05 -8.6175e-05 -0.437207 -0.000320948 1.57366 -0.00200971
16.222 -0.436332 -0.437193 0.000860202 3.88856 0.00011807 -8.124e-05 -8.55749e-05 -0.437193 -0.000319211 1.57364 -0.00200977
16.223 -0.436332 -0.437178 0.000845908 3.89042 0.000117471 -7.87226e-05 -8.49788e-05 -0.437178 -0.000317479 1.57362 -0.00200982
16.224 -0.436332 -0.437164 0.000831851 3.89224 0.000116872 -7.62565e-05 -8.43866e-05 -0.437164 -0.00031575 1.5736 -0.00200987
16.225 -0.436332 -0.43715 0.000818027 3.89404 0.000116274 -7.38409e-05 -8.37984e-05 -0.43715 -0.000314026 1.57358 -0.00200992
16.226 -0.436332 -0.437137 0.000804432 3.89581 0.000115675 -7.14752e-05 -8.32141e-05 -0.437137 -0.000312307 1.57357 -0.00200997
16.227 -0.436332 -0.437123 0.000791063 3.89756 0.000115076 -6.91585e-05 -8.26337e-05 -0.437123 -0.000310591 1.57355 -0.00201002
16.228 -0.436332 -0.43711 0.000777917 3.89928 0.000114478 -6.68901e-05 -8.20572e-05 -0.43711 -0.00030888 1.57353 -0.00201007
16.229 -0.436332 -0.437097 0.00076499 3.90097 0.00011388 -6.46692e-05 -8.14846e-05 -0.437097 -0.000307173 1.57351 -0.00201012
16.23 -0.436332 -0.437085 0.000752279 3.90264 0.000113282 -6.24951e-05 -8.09158e-05 -0.437085 -0.000305471 1.57349 -0.00201016
16.231 -0.436332 -0.437072 0.00073978 3.90428 0.000112685 -6.03671e-05 -8.03508e-05 -0.437072 -0.000303773 1.57347 -0.00201021
16.232 -0.436332 -0.43706 0.00072749 3.9059 0.000112088 -5.82845e-05 -7.97896e-05 -0.43706 -0.00030208 1.57345 -0.00201025
16.233 -0.436332 -0.437048 0.000715406 3.9075 0.000111491 -5.62464e-05 -7.92322e-05 -0.437048 -0.000300392 1.57344 -0.0020103
16.234 -0.436332 -0.437036 0.000703525 3.90907 0.000110895 -5.42524e-05 -7.86786e-05 -0.437036 -0.000298708 1.57342 -0.00201034
16.235 -0.436332 -0.437024 0.000691844 3.91061 0.000110299 -5.23016e-05 -7.81287e-05 -0.437024 -0.000297029 1.5734 -0.00201038
16.236 -0.436332 -0.437013 0.000680359 3.91213 0.000109704 -5.03933e-05 -7.75825e-05 -0.437013 -0.000295354 1.57338 -0.00201042
16.237 -0.436332 -0.437001 0.000669067 3.91363 0.00010911 -4.85269e-05 -7.704e-05 -0.437001 -0.000293684 1.57336 -0.00201046
16.238 -0.436332 -0.43699 0.000657965 3.91511 0.000108516 -4.67017e-05 -7.65012e-05 -0.43699 -0.00029202 1.57335 -0.0020105
16.239 -0.436332 -0.436979 0.000647051 3.91656 0.000107922 -4.4917e-05 -7.5966e-05 -0.436979 -0.00029036 1.57333 -0.00201054
16.24 -0.436332 -0.436969 0.000636322 3.918 0.00010733 -4.31723e-05 -7.54345e-05 -0.436969 -0.000288705 1.57331 -0.00201058
16.241 -0.436332 -0.436958 0.000625773 3.91941 0.000106738 -4.14667e-05 -7.49066e-05 -0.436958 -0.000287054 1.57329 -0.00201061
16.242 -0.436332 -0.436948 0.000615404 3.9208 0.000106147 -3.97998e-05 -7.43823e-05 -0.436948 -0.000285409 1.57328 -0.00201065
16.243 -0.436332 -0.436938 0.00060521 3.92216 0.000105557 -3.81707e-05 -7.38616e-05 -0.436938 -0.000283769 1.57326 -0.00201068
16.244 -0.436332 -0.436928 0.00059519 3.92351 0.000104967 -3.6579e-05 -7.33444e-05 -0.436928 -0.000282134 1.57324 -0.00201071
16.245 -0.436332 -0.436918 0.00058534 3.92484 0.000104379 -3.50241e-05 -7.28308e-05 -0.436918 -0.000280504 1.57322 -0.00201075
16.246 -0.436332 -0.436908 0.000575657 3.92614 0.000103791 -3.35052e-05 -7.23207e-05 -0.436908 -0.000278879 1.57321 -0.00201078
16.247 -0.436332 -0.436898 0.000566139 3.92743 0.000103205 -3.20217e-05 -7.18141e-05 -0.436898 -0.000277259 1.57319 -0.00201081
16.248 -0.436332 -0.436889 0.000556784 3.9287 0.000102619 -3.05732e-05 -7.13109e-05 -0.436889 -0.000275644 1.57317 -0.00201084
16.249 -0.436332 -0.43688 0.000547588 3.92994 0.000102035 -2.9159e-05 -7.08112e-05 -0.43688 -0.000274034 1.57316 -0.00201087
16.25 -0.436332 -0.436871 0.00053855 3.93117 0.000101451 -2.77785e-05 -7.0315e-05 -0.436871 -0.00027243 1.57314 -0.0020109
16.251 -0.436332 -0.436862 0.000529666 3.93238 0.000100869 -2.64311e-05 -6.98221e-05 -0.436862 -0.000270831 1.57312 -0.00201092
16.252 -0.436332 -0.436853 0.000520935 3.93357 0.000100287 -2.51163e-05 -6.93327e-05 -0.436853 -0.000269237 1.5731 -0.00201095
16.253 -0.436332 -0.436845 0.000512353 3.93474 9.97073e-05 -2.38335e-05 -6.88466e-05 -0.436845 -0.000267649 1.57309 -0.00201097
16.254 -0.436332 -0.436836 0.000503918 3.93589 9.91284e-05 -2.25821e-05 -6.83639e-05 -0.436836 -0.000266065 1.57307 -0.002011
16.255 -0.436332 -0.436828 0.000495629 3.93703 9.85506e-05 -2.13617e-05 -6.78845e-05 -0.436828 -0.000264487 1.57306 -0.00201102
16.256 -0.436332 -0.43682 0.000487482 3.93815 9.79741e-05 -2.01716e-05 -6.74084e-05 -0.43682 -0.000262915 1.57304 -0.00201105
16.257 -0.436332 -0.436812 0.000479475 3.93925 9.73989e-05 -1.90113e-05 -6.69356e-05 -0.436812 -0.000261348 1.57302 -0.00201107
16.258 -0.436332 -0.436804 0.000471606 3.94033 9.68249e-05 -1.78804e-05 -6.64661e-05 -0.436804 -0.000259786 1.57301 -0.00201109
16.259 -0.436332 -0.436796 0.000463874 3.9414 9.62523e-05 -1.67782e-05 -6.59999e-05 -0.436796 -0.00025823 1.57299 -0.00201111
16.26 -0.436332 -0.436789 0.000456274 3.94245 9.56811e-05 -1.57043e-05 -6.55369e-05 -0.436789 -0.000256679 1.57297 -0.00201113
16.261 -0.436332 -0.436781 0.000448806 3.94348 9.51112e-05 -1.46582e-05 -6.50771e-05 -0.436781 -0.000255134 1.57296 -0.00201115
16.262 -0.436332 -0.436774 0.000441468 3.9445 9.45427e-05 -1.36393e-05 -6.46205e-05 -0.436774 -0.000253594 1.57294 -0.00201117
16.263 -0.436332 -0.436767 0.000434256 3.9455 9.39757e-05 -1.26472e-05 -6.41671e-05 -0.436767 -0.00025206 1.57293 -0.00201118
16.264 -0.436332 -0.436759 0.000427169 3.94649 9.34101e-05 -1.16813e-05 -6.37168e-05 -0.436759 -0.000250531 1.57291 -0.0020112
16.265 -0.436332 -0.436753 0.000420206 3.94746 9.2846e-05 -1.07413e-05 -6.32697e-05 -0.436753 -0.000249007 1.5729 -0.00201122
16.266 -0.436332 -0.436746 0.000413363 3.94842 9.22834e-05 -9.82655e-06 -6.28256e-05 -0.436746 -0.00024749 1.57288 -0.00201123
16.267 -0.436332 -0.436739 0.000406639 3.94936 9.17223e-05 -8.93669e-06 -6.23847e-05 -0.436739 -0.000245978 1.57286 -0.00201125
16.268 -0.436332 -0.436732 0.000400033 3.95028 9.11628e-05 -8.07123e-06 -6.19469e-05 -0.436732 -0.000244471 1.57285 -0.00201126
16.269 -0.436332 -0.436726 0.000393541 3.95119 9.06048e-05 -7.2297e-06 -6.15121e-05 -0.436726 -0.00024297 1.57283 -0.00201127
16.27 -0.436332 -0.436719 0.000387163 3.95209 9.00484e-05 -6.41167e-06 -6.10804e-05 -0.436719 -0.000241475 1.57282 -0.00201128
16.271 -0.436332 -0.436713 0.000380895 3.95297 8.94937e-05 -5.61669e-06 -6.06517e-05 -0.436713 -0.000239986 1.5728 -0.00201129
16.272 -0.436332 -0.436707 0.000374738 3.95384 8.89406e-05 -4.84432e-06 -6.0226e-05 -0.436707 -0.000238502 1.57279 -0.0020113
16.273 -0.436332 -0.436701 0.000368687 3.9547 8.83891e-05 -4.09413e-06 -5.98033e-05 -0.436701 -0.000237023 1.57277 -0.00201131
16.274 -0.436332 -0.436695 0.000362743 3.95554 8.78394e-05 -3.3657e-06 -5.93835e-05 -0.436695 -0.000235551 1.57276 -0.00201132
16.275 -0.436332 -0.436689 0.000356902 3.95637 8.72913e-05 -2.65861e-06 -5.89667e-05 -0.436689 -0.000234084 1.57274 -0.00201133
16.276 -0.436332 -0.436683 0.000351164 3.95718 8.67449e-05 -1.97245e-06 -5.85529e-05 -0.436683 -0.000232623 1.57273 -0.00201134
16.277 -0.436332 -0.436678 0.000345527 3.95799 8.62003e-05 -1.30681e-06 -5.81419e-05 -0.436678 -0.000231167 1.57272 -0.00201134
16.278 -0.436332 -0.436672 0.000339988 3.95878 8.56575e-05 -6.61286e-07 -5.77338e-05 -0.436672 -0.000229717 1.5727 -0.00201135
16.279 -0.436332 -0.436667 0.000334546 3.95955 8.51164e-05 -3.54875e-08 -5.73286e-05 -0.436667 -0.000228273 1.57269 -0.00201135
16.28 -0.436332 -0.436662 0.0003292 3.96032 8.4577e-05 5.70976e-07 -5.69263e-05 -0.436662 -0.000226835 1.57267 -0.00201136
16.281 -0.436332 -0.436656 0.000323948 3.96107 8.40395e-05 1.15849e-06 -5.65268e-05 -0.436656 -0.000225403 1.57266 -0.00201136
16.282 -0.436332 -0.436651 0.000318788 3.96181 8.35038e-05 1.72743e-06 -5.61301e-05 -0.436651 -0.000223976 1.57264 -0.00201136
16.283 -0.436332 -0.436646 0.00031372 3.96254 8.297e-05 2.27817e-06 -5.57362e-05 -0.436646 -0.000222555 1.57263 -0.00201137
16.284 -0.436332 -0.436641 0.00030874 3.96326 8.2438e-05 2.81108e-06 -5.53452e-05 -0.436641 -0.00022114 1.57262 -0.00201137
16.285 -0.436332 -0.436636 0.000303848 3.96396 8.19079e-05 3.32651e-06 -5.49568e-05 -0.436636 -0.00021973 1.5726 -0.00201137
16.286 -0.436332 -0.436631 0.000299042 3.96466 8.13796e-05 3.82483e-06 -5.45712e-05 -0.436631 -0.000218327 1.57259 -0.00201137
16.287 -0.436332 -0.436627 0.000294321 3.96534 8.08533e-05 4.30639e-06 -5.41884e-05 -0.436627 -0.000216929 1.57257 -0.00201137
16.288 -0.436332 -0.436622 0.000289683 3.96601 8.03288e-05 4.77152e-06 -5.38083e-05 -0.436622 -0.000215537 1.57256 -0.00201137
16.289 -0.436332 -0.436617 0.000285127 3.96667 7.98063e-05 5.22058e-06 -5.34308e-05 -0.436617 -0.00021415 1.57255 -0.00201136
16.29 -0.436332 -0.436613 0.000280652 3.96732 7.92857e-05 5.6539e-06 -5.3056e-05 -0.436613 -0.00021277 1.57253 -0.00201136
16.291 -0.436332 -0.436609 0.000276256 3.96796 7.87671e-05 6.07181e-06 -5.26839e-05 -0.436609 -0.000211395 1.57252 -0.00201136
16.292 -0.436332 -0.436604 0.000271937 3.96859 7.82504e-05 6.47463e-06 -5.23145e-05 -0.436604 -0.000210026 1.57251 -0.00201135
16.293 -0.436332 -0.4366 0.000267695 3.96921 7.77357e-05 6.86268e-06 -5.19476e-05 -0.4366 -0.000208663 1.57249 -0.00201135
16.294 -0.436332 -0.436596 0.000263528 3.96982 7.7223e-05 7.23628e-06 -5.15834e-05 -0.436596 -0.000207306 1.57248 -0.00201134
16.295 -0.436332 -0.436592 0.000259434 3.97042 7.67123e-05 7.59574e-06 -5.12218e-05 -0.436592 -0.000205955 1.57247 -0.00201134
16.296 -0.436332 -0.436588 0.000255413 3.97101 7.62036e-05 7.94137e-06 -5.08627e-05 -0.436588 -0.000204609 1.57245 -0.00201133
16.297 -0.436332 -0.436584 0.000251463 3.97159 7.56969e-05 8.27346e-06 -5.05062e-05 -0.436584 -0.000203269 1.57244 -0.00201132
16.298 -0.436332 -0.43658 0.000247583 3.97217 7.51922e-05 8.59231e-06 -5.01523e-05 -0.43658 -0.000201935 1.57243 -0.00201131
16.299 -0.436332 -0.436576 0.000243772 3.97273 7.46896e-05 8.89821e-06 -4.98008e-05 -0.436576 -0.000200607 1.57242 -0.0020113
16.3 -0.436332 -0.436572 0.000240029 3.97328 7.4189e-05 9.19146e-06 -4.94519e-05 -0.436572 -0.000199285 1.5724 -0.0020113
16.301 -0.436332 -0.436569 0.000236351 3.97382 7.36905e-05 9.47233e-06 -4.91055e-05 -0.436569 -0.000197968 1.57239 -0.00201129
16.302 -0.436332 -0.436565 0.000232739 3.97436 7.31941e-05 9.74109e-06 -4.87615e-05 -0.436565 -0.000196657 1.57238 -0.00201127
16.303 -0.436332 -0.436562 0.000229191 3.97488 7.26997e-05 9.99803e-06 -4.842e-05 -0.436562 -0.000195352 1.57236 -0.00201126
16.304 -0.436332 -0.436558 0.000225706 3.9754 7.22074e-05 1.02434e-05 -4.8081e-05 -0.436558 -0.000194053 1.57235 -0.00201125
16.305 -0.436332 -0.436555 0.000222283 3.97591 7.17172e-05 1.04775e-05 -4.77443e-05 -0.436555 -0.00019276 1.57234 -0.00201124
16.306 -0.436332 -0.436551 0.00021892 3.97641 7.12291e-05 1.07005e-05 -4.74101e-05 -0.436551 -0.000191473 1.57233 -0.00201122
16.307 -0.436332 -0.436548 0.000215617 3.9769 7.07431e-05 1.09128e-05 -4.70783e-05 -0.436548 -0.000190191 1.57232 -0.00201121
16.308 -0.436332 -0.436545 0.000212373 3.97739 7.02592e-05 1.11146e-05 -4.67489e-05 -0.436545 -0.000188915 1.5723 -0.0020112
16.309 -0.436332 -0.436541 0.000209186 3.97786 6.97774e-05 1.1306e-05 -4.64218e-05 -0.436541 -0.000187645 1.57229 -0.00201118
16.31 -0.436332 -0.436538 0.000206056 3.97833 6.92978e-05 1.14875e-05 -4.60971e-05 -0.436538 -0.000186381 1.57228 -0.00201117
16.311 -0.436332 -0.436535 0.000202981 3.97879 6.88202e-05 1.16591e-05 -4.57747e-05 -0.436535 -0.000185122 1.57227 -0.00201115
16.312 -0.436332 -0.436532 0.000199961 3.97924 6.83449e-05 1.18212e-05 -4.54546e-05 -0.436532 -0.000183869 1.57226 -0.00201113
16.313 -0.436332 -0.436529 0.000196994 3.97969 6.78716e-05 1.19739e-05 -4.51368e-05 -0.436529 -0.000182622 1.57224 -0.00201111
16.314 -0.436332 -0.436526 0.00019408 3.98013 6.74005e-05 1.21176e-05 -4.48213e-05 -0.436526 -0.000181381 1.57223 -0.0020111
16.315 -0.436332 -0.436524 0.000191218 3.98056 6.69316e-05 1.22523e-05 -4.45081e-05 -0.436524 -0.000180146 1.57222 -0.00201108
16.316 -0.436332 -0.436521 0.000188406 3.98098 6.64648e-05 1.23784e-05 -4.41971e-05 -0.436521 -0.000178916 1.57221 -0.00201106
16.317 -0.436332 -0.436518 0.000185644 3.9814 6.60002e-05 1.24961e-05 -4.38884e-05 -0.436518 -0.000177692 1.5722 -0.00201104
16.318 -0.436332 -0.436515 0.000182931 3.98181 6.55377e-05 1.26055e-05 -4.35819e-05 -0.436515 -0.000176474 1.57219 -0.00201102
16.319 -0.436332 -0.436513 0.000180266 3.98221 6.50774e-05 1.27069e-05 -4.32776e-05 -0.436513 -0.000175261 1.57218 -0.002011
16.32 -0.436332 -0.43651 0.000177648 3.98261 6.46193e-05 1.28004e-05 -4.29756e-05 -0.43651 -0.000174055 1.57216 -0.00201098
16.321 -0.436332 -0.436507 0.000175076 3.983 6.41633e-05 1.28864e-05 -4.26757e-05 -0.436507 -0.000172854 1.57215 -0.00201095
16.322 -0.436332 -0.436505 0.00017255 3.98338 6.37096e-05 1.29649e-05 -4.23779e-05 -0.436505 -0.000171658 1.57214 -0.00201093
16.323 -0.436332 -0.436502 0.000170069 3.98375 6.3258e-05 1.30362e-05 -4.20823e-05 -0.436502 -0.000170469 1.57213 -0.00201091
16.324 -0.436332 -0.4365 0.000167631 3.98412 6.28086e-05 1.31005e-05 -4.17889e-05 -0.4365 -0.000169285 1.57212 -0.00201088
16.325 -0.436332 -0.436498 0.000165237 3.98449 6.23613e-05 1.31579e-05 -4.14976e-05 -0.436498 -0.000168107 1.57211 -0.00201086
16.326 -0.436332 -0.436495 0.000162884 3.98485 6.19163e-05 1.32087e-05 -4.12084e-05 -0.436495 -0.000166934 1.5721 -0.00201083
16.327 -0.436332 -0.436493 0.000160574 3.9852 6.14735e-05 1.3253e-05 -4.09212e-05 -0.436493 -0.000165767 1.57209 -0.00201081
16.328 -0.436332 -0.436491 0.000158303 3.98554 6.10328e-05 1.32909e-05 -4.06362e-05 -0.436491 -0.000164606 1.57208 -0.00201078
16.329 -0.436332 -0.436488 0.000156073 3.98588 6.05943e-05 1.33228e-05 -4.03533e-05 -0.436488 -0.000163451 1.57207 -0.00201076
16.33 -0.436332 -0.436486 0.000153882 3.98622 6.01581e-05 1.33486e-05 -4.00723e-05 -0.436486 -0.000162301 1.57206 -0.00201073
16.331 -0.436332 -0.436484 0.00015173 3.98655 5.9724e-05 1.33687e-05 -3.97935e-05 -0.436484 -0.000161156 1.57205 -0.0020107
16.332 -0.436332 -0.436482 0.000149615 3.98687 5.92921e-05 1.33832e-05 -3.95166e-05 -0.436482 -0.000160018 1.57203 -0.00201067
16.333 -0.436332 -0.43648 0.000147538 3.98719 5.88624e-05 1.33921e-05 -3.92418e-05 -0.43648 -0.000158885 1.57202 -0.00201064
16.334 -0.436332 -0.436478 0.000145496 3.9875 5.84349e-05 1.33958e-05 -3.8969e-05 -0.436478 -0.000157757 1.57201 -0.00201061
16.335 -0.436332 -0.436476 0.000143491 3.9878 5.80096e-05 1.33943e-05 -3.86982e-05 -0.436476 -0.000156636 1.572 -0.00201058
16.336 -0.436332 -0.436474 0.000141521 3.98811 5.75865e-05 1.33878e-05 -3.84293e-05 -0.436474 -0.000155519 1.57199 -0.00201055
16.337 -0.436332 -0.436472 0.000139585 3.9884 5.71656e-05 1.33765e-05 -3.81624e-05 -0.436472 -0.000154409 1.57198 -0.00201052
16.338 -0.436332 -0.43647 0.000137683 3.98869 5.67469e-05 1.33604e-05 -3.78974e-05 -0.43647 -0.000153303 1.57197 -0.00201049
16.339 -0.436332 -0.436468 0.000135814 3.98898 5.63304e-05 1.33398e-05 -3.76344e-05 -0.436468 -0.000152204 1.57196 -0.00201046
16.34 -0.436332 -0.436466 0.000133978 3.98926 5.59161e-05 1.33147e-05 -3.73733e-05 -0.436466 -0.00015111 1.57195 -0.00201043
16.341 -0.436332 -0.436464 0.000132173 3.98954 5.5504e-05 1.32854e-05 -3.71141e-05 -0.436464 -0.000150021 1.57194 -0.0020104
16.342 -0.436332 -0.436463 0.0001304 3.98981 5.5094e-05 1.32519e-05 -3.68568e-05 -0.436463 -0.000148938 1.57194 -0.00201036
16.343 -0.436332 -0.436461 0.000128658 3.99008 5.46863e-05 1.32145e-05 -3.66014e-05 -0.436461 -0.000147861 1.57193 -0.00201033
16.344 -0.436332 -0.436459 0.000126945 3.99034 5.42807e-05 1.31731e-05 -3.63478e-05 -0.436459 -0.000146789 1.57192 -0.00201029
16.345 -0.436332 -0.436458 0.000125263 3.9906 5.38773e-05 1.3128e-05 -3.60962e-05 -0.436458 -0.000145722 1.57191 -0.00201026
16.346 -0.436332 -0.436456 0.000123609 3.99085 5.34761e-05 1.30792e-05 -3.58463e-05 -0.436456 -0.000144661 1.5719 -0.00201022
16.347 -0.436332 -0.436454 0.000121984 3.9911 5.30771e-05 1.30269e-05 -3.55983e-05 -0.436454 -0.000143605 1.57189 -0.00201019
16.348 -0.436332 -0.436453 0.000120387 3.99134 5.26803e-05 1.29713e-05 -3.53521e-05 -0.436453 -0.000142555 1.57188 -0.00201015
16.349 -0.436332 -0.436451 0.000118818 3.99158 5.22856e-05 1.29124e-05 -3.51077e-05 -0.436451 -0.00014151 1.57187 -0.00201012
16.35 -0.436332 -0.43645 0.000117275 3.99182 5.18931e-05 1.28503e-05 -3.48651e-05 -0.43645 -0.000140471 1.57186 -0.00201008
16.351 -0.436332 -0.436448 0.000115759 3.99205 5.15028e-05 1.27852e-05 -3.46243e-05 -0.436448 -0.000139437 1.57185 -0.00201004
16.352 -0.436332 -0.436447 0.000114269 3.99228 5.11147e-05 1.27171e-05 -3.43853e-05 -0.436447 -0.000138408 1.57184 -0.00201
16.353 -0.436332 -0.436445 0.000112804 3.9925 5.07287e-05 1.26462e-05 -3.4148e-05 -0.436445 -0.000137385 1.57183 -0.00200997
16.354 -0.436332 -0.436444 0.000111364 3.99272 5.03449e-05 1.25727e-05 -3.39125e-05 -0.436444 -0.000136367 1.57182 -0.00200993
16.355 -0.436332 -0.436442 0.000109948 3.99294 4.99632e-05 1.24965e-05 -3.36787e-05 -0.436442 -0.000135354 1.57182 -0.00200989
16.356 -0.436332 -0.436441 0.000108557 3.99315 4.95837e-05 1.24177e-05 -3.34466e-05 -0.436441 -0.000134347 1.57181 -0.00200985
16.357 -0.436332 -0.43644 0.000107189 3.99336 4.92063e-05 1.23366e-05 -3.32163e-05 -0.43644 -0.000133345 1.5718 -0.00200981
16.358 -0.436332 -0.436438 0.000105844 3.99356 4.88311e-05 1.22532e-05 -3.29876e-05 -0.436438 -0.000132348 1.57179 -0.00200977
16.359 -0.436332 -0.436437 0.000104522 3.99377 4.84581e-05 1.21675e-05 -3.27607e-05 -0.436437 -0.000131356 1.57178 -0.00200973
16.36 -0.436332 -0.436436 0.000103222 3.99396 4.80871e-05 1.20797e-05 -3.25354e-05 -0.436436 -0.00013037 1.57177 -0.00200968
16.361 -0.436332 -0.436434 0.000101943 3.99416 4.77184e-05 1.19899e-05 -3.23118e-05 -0.436434 -0.000129389 1.57176 -0.00200964
16.362 -0.436332 -0.436433 0.000100686 3.99435 4.73517e-05 1.18982e-05 -3.20898e-05 -0.436433 -0.000128413 1.57176 -0.0020096
16.363 -0.436332 -0.436432 9.94506e-05 3.99454 4.69872e-05 1.18045e-05 -3.18695e-05 -0.436432 -0.000127443 1.57175 -0.00200956
16.364 -0.436332 -0.436431 9.82353e-05 3.99472 4.66248e-05 1.17092e-05 -3.16508e-05 -0.436431 -0.000126477 1.57174 -0.00200951
16.365 -0.436332 -0.436429 9.70401e-05 3.9949 4.62645e-05 1.16121e-05 -3.14337e-05 -0.436429 -0.000125517 1.57173 -0.00200947
16.366 -0.436332 -0.436428 9.58647e-05 3.99508 4.59063e-05 1.15134e-05 -3.12183e-05 -0.436428 -0.000124562 1.57172 -0.00200943
16.367 -0.436332 -0.436427 9.47087e-05 3.99525 4.55502e-05 1.14132e-05 -3.10044e-05 -0.436427 -0.000123612 1.57171 -0.00200938
16.368 -0.436332 -0.436426 9.35718e-05 3.99542 4.51963e-05 1.13115e-05 -3.07922e-05 -0.436426 -0.000122668 1.57171 -0.00200934
16.369 -0.436332 -0.436425 9.24535e-05 3.99559 4.48444e-05 1.12085e-05 -3.05815e-05 -0.436425 -0.000121728 1.5717 -0.00200929
16.37 -0.436332 -0.436424 9.13534e-05 3.99576 4.44947e-05 1.11041e-05 -3.03724e-05 -0.436424 -0.000120793 1.57169 -0.00200925
16.371 -0.436332 -0.436423 9.02714e-05 3.99592 4.4147e-05 1.09986e-05 -3.01648e-05 -0.436423 -0.000119864 1.57168 -0.0020092
16.372 -0.436332 -0.436422 8.92069e-05 3.99608 4.38014e-05 1.08919e-05 -2.99588e-05 -0.436422 -0.00011894 1.57167 -0.00200915
16.373 -0.436332 -0.43642 8.81596e-05 3.99623 4.34578e-05 1.07841e-05 -2.97544e-05 -0.43642 -0.00011802 1.57167 -0.00200911
16.374 -0.436332 -0.436419 8.71293e-05 3.99639 4.31164e-05 1.06752e-05 -2.95514e-05 -0.436419 -0.000117106 1.57166 -0.00200906
16.375 -0.436332 -0.436418 8.61156e-05 3.99654 4.2777e-05 1.05655e-05 -2.935e-05 -0.436418 -0.000116197 1.57165 -0.00200901
16.376 -0.436332 -0.436417 8.51181e-05 3.99669 4.24397e-05 1.04548e-05 -2.91501e-05 -0.436417 -0.000115292 1.57164 -0.00200896
16.377 -0.436332 -0.436416 8.41365e-05 3.99683 4.21044e-05 1.03433e-05 -2.89517e-05 -0.436416 -0.000114393 1.57164 -0.00200892
16.378 -0.436332 -0.436415 8.31706e-05 3.99697 4.17712e-05 1.02311e-05 -2.87547e-05 -0.436415 -0.000113499 1.57163 -0.00200887
16.379 -0.436332 -0.436415 8.22201e-05 3.99711 4.144e-05 1.01181e-05 -2.85593e-05 -0.436415 -0.000112609 1.57162 -0.00200882
16.38 -0.436332 -0.436414 8.12846e-05 3.99725 4.11108e-05 1.00045e-05 -2.83653e-05 -0.436414 -0.000111725 1.57161 -0.00200877
16.381 -0.436332 -0.436413 8.03638e-05 3.99739 4.07837e-05 9.89031e-06 -2.81727e-05 -0.436413 -0.000110845 1.57161 -0.00200872
16.382 -0.436332 -0.436412 7.94574e-05 3.99752 4.04586e-05 9.77559e-06 -2.79816e-05 -0.436412 -0.000109971 1.5716 -0.00200867
16.383 -0.436332 -0.436411 7.85653e-05 3.99765 4.01356e-05 9.66038e-06 -2.7792e-05 -0.436411 -0.000109101 1.57159 -0.00200862
16.384 -0.436332 -0.43641 7.7687e-05 3.99777 3.98145e-05 9.54475e-06 -2.76038e-05 -0.43641 -0.000108236 1.57158 -0.00200857
16.385 -0.436332 -0.436409 7.68223e-05 3.9979 3.94954e-05 9.42874e-06 -2.74169e-05 -0.436409 -0.000107376 1.57158 -0.00200852
16.386 -0.436332 -0.436408 7.5971e-05 3.99802 3.91784e-05 9.3124e-06 -2.72315e-05 -0.436408 -0.000106521 1.57157 -0.00200846
16.387 -0.436332 -0.436407 7.51328e-05 3.99814 3.88633e-05 9.19578e-06 -2.70475e-05 -0.436407 -0.000105671 1.57156 -0.00200841
16.388 -0.436332 -0.436407 7.43074e-05 3.99826 3.85502e-05 9.07894e-06 -2.68649e-05 -0.436407 -0.000104825 1.57156 -0.00200836
16.389 -0.436332 -0.436406 7.34946e-05 3.99838 3.82391e-05 8.96191e-06 -2.66837e-05 -0.436406 -0.000103984 1.57155 -0.00200831
16.39 -0.436332 -0.436405 7.26942e-05 3.99849 3.793e-05 8.84474e-06 -2.65038e-05 -0.436405 -0.000103148 1.57154 -0.00200825
16.391 -0.436332 -0.436404 7.19058e-05 3.9986 3.76228e-05 8.72747e-06 -2.63253e-05 -0.436404 -0.000102317 1.57154 -0.0020082
16.392 -0.436332 -0.436403 7.11293e-05 3.99871 3.73176e-05 8.61015e-06 -2.61481e-05 -0.436403 -0.00010149 1.57153 -0.00200815
16.393 -0.436332 -0.436403 7.03644e-05 3.99882 3.70143e-05 8.49282e-06 -2.59723e-05 -0.436403 -0.000100668 1.57152 -0.00200809
16.394 -0.436332 -0.436402 6.96109e-05 3.99893 3.6713e-05 8.37551e-06 -2.57978e-05 -0.436402 -9.98509e-05 1.57152 -0.00200804
16.395 -0.436332 -0.436401 6.88686e-05 3.99903 3.64136e-05 8.25827e-06 -2.56247e-05 -0.436401 -9.90383e-05 1.57151 -0.00200798
16.396 -0.436332 -0.4364 6.81373e-05 3.99913 3.61161e-05 8.14114e-06 -2.54528e-05 -0.4364 -9.82304e-05 1.5715 -0.00200793
16.397 -0.436332 -0.4364 6.74166e-05 3.99923 3.58206e-05 8.02414e-06 -2.52823e-05 -0.4364 -9.74271e-05 1.5715 -0.00200787
16.398 -0.436332 -0.436399 6.67066e-05 3.99933 3.5527e-05 7.90732e-06 -2.51131e-05 -0.436399 -9.66285e-05 1.57149 -0.00200782
16.399 -0.436332 -0.436398 6.60068e-05 3.99942 3.52353e-05 7.79071e-06 -2.49451e-05 -0.436398 -9.58344e-05 1.57148 -0.00200776
16.4 -0.436332 -0.436398 6.53171e-05 3.99952 3.49454e-05 7.67435e-06 -2.47784e-05 -0.436398 -9.50449e-05 1.57148 -0.0020077
16.401 -0.436332 -0.436397 6.46374e-05 3.99961 3.46575e-05 7.55826e-06 -2.4613e-05 -0.436397 -9.426e-05 1.57147 -0.00200765
16.402 -0.436332 -0.436396 6.39674e-05 3.9997 3.43715e-05 7.44248e-06 -2.44489e-05 -0.436396 -9.34797e-05 1.57146 -0.00200759
16.403 -0.436332 -0.436396 6.33069e-05 3.99979 3.40873e-05 7.32703e-06 -2.4286e-05 -0.436396 -9.27038e-05 1.57146 -0.00200753
16.404 -0.436332 -0.436395 6.26558e-05 3.99988 3.3805e-05 7.21196e-06 -2.41244e-05 -0.436395 -9.19325e-05 1.57145 -0.00200748
16.405 -0.436332 -0.436394 6.20138e-05 3.99996 3.35246e-05 7.09728e-06 -2.3964e-05 -0.436394 -9.11656e-05 1.57145 -0.00200742
16.406 -0.436332 -0.436394 6.13808e-05 4.00005 3.3246e-05 6.98303e-06 -2.38048e-05 -0.436394 -9.04033e-05 1.57144 -0.00200736
16.407 -0.436332 -0.436393 6.07566e-05 4.00013 3.29693e-05 6.86922e-06 -2.36469e-05 -0.436393 -8.96453e-05 1.57143 -0.0020073
16.408 -0.436332 -0.436392 6.01411e-05 4.00021 3.26944e-05 6.7559e-06 -2.34901e-05 -0.436392 -8.88918e-05 1.57143 -0.00200724
16.409 -0.436332 -0.436392 5.9534e-05 4.00029 3.24214e-05 6.64307e-06 -2.33346e-05 -0.436392 -8.81428e-05 1.57142 -0.00200718
16.41 -0.436332 -0.436391 5.89352e-05 4.00037 3.21501e-05 6.53077e-06 -2.31803e-05 -0.436391 -8.73981e-05 1.57142 -0.00200712
16.411 -0.436332 -0.436391 5.83445e-05 4.00044 3.18807e-05 6.41902e-06 -2.30271e-05 -0.436391 -8.66578e-05 1.57141 -0.00200706
16.412 -0.436332 -0.43639 5.77618e-05 4.00052 3.16131e-05 6.30785e-06 -2.28752e-05 -0.43639 -8.59219e-05 1.57141 -0.002007
16.413 -0.436332 -0.436389 5.7187e-05 4.00059 3.13473e-05 6.19726e-06 -2.27244e-05 -0.436389 -8.51903e-05 1.5714 -0.00200694
16.414 -0.436332 -0.436389 5.66198e-05 4.00066 3.10833e-05 6.08729e-06 -2.25747e-05 -0.436389 -8.44631e-05 1.57139 -0.00200688
16.415 -0.436332 -0.436388 5.60601e-05 4.00073 3.08211e-05 5.97796e-06 -2.24262e-05 -0.436388 -8.37401e-05 1.57139 -0.00200682
16.416 -0.436332 -0.436388 5.55078e-05 4.0008 3.05606e-05 5.86928e-06 -2.22789e-05 -0.436388 -8.30215e-05 1.57138 -0.00200676
16.417 -0.436332 -0.436387 5.49628e-05 4.00087 3.03019e-05 5.76127e-06 -2.21327e-05 -0.436387 -8.23071e-05 1.57138 -0.0020067
16.418 -0.436332 -0.436387 5.44248e-05 4.00093 3.0045e-05 5.65395e-06 -2.19877e-05 -0.436387 -8.15969e-05 1.57137 -0.00200664
16.419 -0.436332 -0.436386 5.38937e-05 4.001 2.97898e-05 5.54734e-06 -2.18437e-05 -0.436386 -8.0891e-05 1.57137 -0.00200657
16.42 -0.436332 -0.436386 5.33695e-05 4.00106 2.95364e-05 5.44146e-06 -2.17009e-05 -0.436386 -8.01894e-05 1.57136 -0.00200651
16.421 -0.436332 -0.436385 5.2852e-05 4.00112 2.92847e-05 5.33631e-06 -2.15592e-05 -0.436385 -7.94919e-05 1.57136 -0.00200645
16.422 -0.436332 -0.436385 5.2341e-05 4.00118 2.90348e-05 5.23192e-06 -2.14186e-05 -0.436385 -7.87986e-05 1.57135 -0.00200639
16.423 -0.436332 -0.436384 5.18364e-05 4.00124 2.87865e-05 5.1283e-06 -2.12791e-05 -0.436384 -7.81094e-05 1.57134 -0.00200632
16.424 -0.436332 -0.436384 5.13381e-05 4.0013 2.854e-05 5.02546e-06 -2.11407e-05 -0.436384 -7.74245e-05 1.57134 -0.00200626
16.425 -0.436332 -0.436383 5.08461e-05 4.00136 2.82952e-05 4.92342e-06 -2.10034e-05 -0.436383 -7.67436e-05 1.57133 -0.0020062
16.426 -0.436332 -0.436383 5.036e-05 4.00141 2.80521e-05 4.82219e-06 -2.08671e-05 -0.436383 -7.60668e-05 1.57133 -0.00200613
16.427 -0.436332 -0.436382 4.988e-05 4.00147 2.78106e-05 4.72178e-06 -2.07319e-05 -0.436382 -7.53942e-05 1.57132 -0.00200607
16.428 -0.436332 -0.436382 4.94057e-05 4.00152 2.75709e-05 4.62221e-06 -2.05978e-05 -0.436382 -7.47256e-05 1.57132 -0.002006
16.429 -0.436332 -0.436381 4.89372e-05 4.00158 2.73328e-05 4.52348e-06 -2.04647e-05 -0.436381 -7.4061e-05 1.57131 -0.00200594
16.43 -0.436332 -0.436381 4.84743e-05 4.00163 2.70964e-05 4.4256e-06 -2.03326e-05 -0.436381 -7.34005e-05 1.57131 -0.00200587
16.431 -0.436332 -0.43638 4.80169e-05 4.00168 2.68616e-05 4.32859e-06 -2.02016e-05 -0.43638 -7.2744e-05 1.5713 -0.00200581
16.432 -0.436332 -0.43638 4.75648e-05 4.00173 2.66285e-05 4.23245e-06 -2.00716e-05 -0.43638 -7.20915e-05 1.5713 -0.00200574
16.433 -0.436332 -0.436379 4.71181e-05 4.00178 2.63971e-05 4.13719e-06 -1.99427e-05 -0.436379 -7.1443e-05 1.57129 -0.00200568
16.434 -0.436332 -0.436379 4.66766e-05 4.00182 2.61672e-05 4.04283e-06 -1.98147e-05 -0.436379 -7.07985e-05 1.57129 -0.00200561
16.435 -0.436332 -0.436379 4.62401e-05 4.00187 2.5939e-05 3.94936e-06 -1.96878e-05 -0.436379 -7.01579e-05 1.57128 -0.00200555
16.436 -0.436332 -0.436378 4.58087e-05 4.00192 2.57124e-05 3.8568e-06 -1.95618e-05 -0.436378 -6.95212e-05 1.57128 -0.00200548
16.437 -0.436332 -0.436378 4.53822e-05 4.00196 2.54874e-05 3.76515e-06 -1.94369e-05 -0.436378 -6.88884e-05 1.57128 -0.00200541
16.438 -0.436332 -0.436377 4.49605e-05 4.002 2.5264e-05 3.67442e-06 -1.9313e-05 -0.436377 -6.82595e-05 1.57127 -0.00200535
16.439 -0.436332 -0.436377 4.45435e-05 4.00205 2.50423e-05 3.58461e-06 -1.919e-05 -0.436377 -6.76345e-05 1.57127 -0.00200528
16.44 -0.436332 -0.436376 4.41311e-05 4.00209 2.4822e-05 3.49574e-06 -1.9068e-05 -0.436376 -6.70134e-05 1.57126 -0.00200521
16.441 -0.436332 -0.436376 4.37233e-05 4.00213 2.46034e-05 3.4078e-06 -1.8947e-05 -0.436376 -6.63961e-05 1.57126 -0.00200514
16.442 -0.436332 -0.436376 4.332e-05 4.00217 2.43863e-05 3.3208e-06 -1.88269e-05 -0.436376 -6.57826e-05 1.57125 -0.00200508
16.443 -0.436332 -0.436375 4.2921e-05 4.00221 2.41708e-05 3.23474e-06 -1.87078e-05 -0.436375 -6.51729e-05 1.57125 -0.00200501
16.444 -0.436332 -0.436375 4.25264e-05 4.00225 2.39568e-05 3.14963e-06 -1.85896e-05 -0.436375 -6.4567e-05 1.57124 -0.00200494
16.445 -0.436332 -0.436374 4.21359e-05 4.00228 2.37444e-05 3.06548e-06 -1.84724e-05 -0.436374 -6.39648e-05 1.57124 -0.00200487
16.446 -0.436332 -0.436374 4.17497e-05 4.00232 2.35335e-05 2.98227e-06 -1.83561e-05 -0.436374 -6.33664e-05 1.57123 -0.0020048
16.447 -0.436332 -0.436374 4.13674e-05 4.00236 2.33242e-05 2.90003e-06 -1.82408e-05 -0.436374 -6.27718e-05 1.57123 -0.00200473
16.448 -0.436332 -0.436373 4.09892e-05 4.00239 2.31163e-05 2.81874e-06 -1.81263e-05 -0.436373 -6.21808e-05 1.57123 -0.00200466
16.449 -0.436332 -0.436373 4.06149e-05 4.00243 2.291e-05 2.73842e-06 -1.80128e-05 -0.436373 -6.15936e-05 1.57122 -0.00200459
16.45 -0.436332 -0.436373 4.02445e-05 4.00246 2.27052e-05 2.65905e-06 -1.79002e-05 -0.436373 -6.101e-05 1.57122 -0.00200452
16.451 -0.436332 -0.436372 3.98779e-05 4.00249 2.25018e-05 2.58066e-06 -1.77885e-05 -0.436372 -6.04301e-05 1.57121 -0.00200446
16.452 -0.436332 -0.436372 3.95149e-05 4.00253 2.23e-05 2.50322e-06 -1.76777e-05 -0.436372 -5.98538e-05 1.57121 -0.00200439
16.453 -0.436332 -0.436371 3.91556e-05 4.00256 2.20996e-05 2.42675e-06 -1.75678e-05 -0.436371 -5.92811e-05 1.5712 -0.00200431
16.454 -0.436332 -0.436371 3.87999e-05 4.00259 2.19007e-05 2.35125e-06 -1.74588e-05 -0.436371 -5.87121e-05 1.5712 -0.00200424
16.455 -0.436332 -0.436371 3.84478e-05 4.00262 2.17032e-05 2.27672e-06 -1.73506e-05 -0.436371 -5.81466e-05 1.5712 -0.00200417
16.456 -0.436332 -0.43637 3.8099e-05 4.00265 2.15072e-05 2.20315e-06 -1.72434e-05 -0.43637 -5.75847e-05 1.57119 -0.0020041
16.457 -0.436332 -0.43637 3.77537e-05 4.00268 2.13127e-05 2.13054e-06 -1.7137e-05 -0.43637 -5.70264e-05 1.57119 -0.00200403
16.458 -0.436332 -0.43637 3.74118e-05 4.0027 2.11196e-05 2.0589e-06 -1.70314e-05 -0.43637 -5.64716e-05 1.57118 -0.00200396
16.459 -0.436332 -0.436369 3.70731e-05 4.00273 2.09279e-05 1.98822e-06 -1.69267e-05 -0.436369 -5.59203e-05 1.57118 -0.00200389
16.46 -0.436332 -0.436369 3.67376e-05 4.00276 2.07376e-05 1.91851e-06 -1.68229e-05 -0.436369 -5.53725e-05 1.57118 -0.00200382
16.461 -0.436332 -0.436369 3.64053e-05 4.00278 2.05488e-05 1.84975e-06 -1.67199e-05 -0.436369 -5.48282e-05 1.57117 -0.00200375
16.462 -0.436332 -0.436368 3.60762e-05 4.00281 2.03614e-05 1.78196e-06 -1.66177e-05 -0.436368 -5.42874e-05 1.57117 -0.00200367
16.463 -0.436332 -0.436368 3.57501e-05 4.00283 2.01753e-05 1.71512e-06 -1.65164e-05 -0.436368 -5.375e-05 1.57117 -0.0020036
16.464 -0.436332 -0.436368 3.5427e-05 4.00286 1.99906e-05 1.64923e-06 -1.64159e-05 -0.436368 -5.32161e-05 1.57116 -0.00200353
16.465 -0.436332 -0.436367 3.51069e-05 4.00288 1.98074e-05 1.58429e-06 -1.63162e-05 -0.436367 -5.26855e-05 1.57116 -0.00200346
16.466 -0.436332 -0.436367 3.47897e-05 4.00291 1.96255e-05 1.52031e-06 -1.62174e-05 -0.436367 -5.21584e-05 1.57115 -0.00200338
16.467 -0.436332 -0.436367 3.44754e-05 4.00293 1.94449e-05 1.45727e-06 -1.61193e-05 -0.436367 -5.16346e-05 1.57115 -0.00200331
16.468 -0.436332 -0.436366 3.41638e-05 4.00295 1.92658e-05 1.39517e-06 -1.6022e-05 -0.436366 -5.11142e-05 1.57115 -0.00200324
16.469 -0.436332 -0.436366 3.38551e-05 4.00297 1.90879e-05 1.33401e-06 -1.59256e-05 -0.436366 -5.05972e-05 1.57114 -0.00200316
16.47 -0.436332 -0.436366 3.35491e-05 4.00299 1.89114e-05 1.27379e-06 -1.58299e-05 -0.436366 -5.00835e-05 1.57114 -0.00200309
16.471 -0.436332 -0.436366 3.32458e-05 4.00302 1.87363e-05 1.2145e-06 -1.57351e-05 -0.436366 -4.95731e-05 1.57114 -0.00200302
16.472 -0.436332 -0.436365 3.29451e-05 4.00304 1.85625e-05 1.15614e-06 -1.5641e-05 -0.436365 -4.9066e-05 1.57113 -0.00200294
16.473 -0.436332 -0.436365 3.2647e-05 4.00306 1.83899e-05 1.0987e-06 -1.55476e-05 -0.436365 -4.85622e-05 1.57113 -0.00200287
16.474 -0.436332 -0.436365 3.23515e-05 4.00307 1.82187e-05 1.04218e-06 -1.54551e-05 -0.436365 -4.80616e-05 1.57113 -0.00200279
16.475 -0.436332 -0.436364 3.20585e-05 4.00309 1.80488e-05 9.86579e-07 -1.53633e-05 -0.436364 -4.75643e-05 1.57112 -0.00200272
16.476 -0.436332 -0.436364 3.1768e-05 4.00311 1.78802e-05 9.31886e-07 -1.52723e-05 -0.436364 -4.70702e-05 1.57112 -0.00200265
16.477 -0.436332 -0.436364 3.148e-05 4.00313 1.77129e-05 8.781e-07 -1.5182e-05 -0.436364 -4.65794e-05 1.57112 -0.00200257
16.478 -0.436332 -0.436364 3.11943e-05 4.00315 1.75469e-05 8.25215e-07 -1.50925e-05 -0.436364 -4.60917e-05 1.57111 -0.0020025
16.479 -0.436332 -0.436363 3.0911e-05 4.00316 1.73821e-05 7.73226e-07 -1.50038e-05 -0.436363 -4.56072e-05 1.57111 -0.00200242
16.48 -0.436332 -0.436363 3.06301e-05 4.00318 1.72186e-05 7.22128e-07 -1.49157e-05 -0.436363 -4.51259e-05 1.57111 -0.00200235
16.481 -0.436332 -0.436363 3.03515e-05 4.0032 1.70564e-05 6.71915e-07 -1.48284e-05 -0.436363 -4.46477e-05 1.5711 -0.00200227
16.482 -0.436332 -0.436362 3.00751e-05 4.00321 1.68954e-05 6.22583e-07 -1.47419e-05 -0.436362 -4.41726e-05 1.5711 -0.00200219
16.483 -0.436332 -0.436362 2.98009e-05 4.00323 1.67356e-05 5.74126e-07 -1.4656e-05 -0.436362 -4.37007e-05 1.5711 -0.00200212
16.484 -0.436332 -0.436362 2.9529e-05 4.00324 1.65771e-05 5.26538e-07 -1.45709e-05 -0.436362 -4.32319e-05 1.57109 -0.00200204
16.485 -0.436332 -0.436362 2.92592e-05 4.00326 1.64198e-05 4.79814e-07 -1.44865e-05 -0.436362 -4.27661e-05 1.57109 -0.00200197
16.486 -0.436332 -0.436361 2.89916e-05 4.00327 1.62637e-05 4.33947e-07 -1.44028e-05 -0.436361 -4.23034e-05 1.57109 -0.00200189
16.487 -0.436332 -0.436361 2.87261e-05 4.00329 1.61089e-05 3.88932e-07 -1.43198e-05 -0.436361 -4.18438e-05 1.57108 -0.00200181
16.488 -0.436332 -0.436361 2.84627e-05 4.0033 1.59552e-05 3.44762e-07 -1.42375e-05 -0.436361 -4.13872e-05 1.57108 -0.00200174
16.489 -0.436332 -0.436361 2.82013e-05 4.00331 1.58028e-05 3.01432e-07 -1.41559e-05 -0.436361 -4.09336e-05 1.57108 -0.00200166
16.49 -0.436332 -0.43636 2.79419e-05 4.00333 1.56515e-05 2.58935e-07 -1.4075e-05 -0.43636 -4.0483e-05 1.57107 -0.00200158
16.491 -0.436332 -0.43636 2.76846e-05 4.00334 1.55014e-05 2.17265e-07 -1.39947e-05 -0.43636 -4.00354e-05 1.57107 -0.00200151
16.492 -0.436332 -0.43636 2.74292e-05 4.00335 1.53525e-05 1.76416e-07 -1.39152e-05 -0.43636 -3.95907e-05 1.57107 -0.00200143
16.493 -0.436332 -0.436359 2.71757e-05 4.00336 1.52047e-05 1.36381e-07 -1.38363e-05 -0.436359 -3.91491e-05 1.57107 -0.00200135
16.494 -0.436332 -0.436359 2.69242e-05 4.00337 1.50581e-05 9.71533e-08 -1.37581e-05 -0.436359 -3.87103e-05 1.57106 -0.00200127
16.495 -0.436332 -0.436359 2.66746e-05 4.00338 1.49127e-05 5.87267e-08 -1.36806e-05 -0.436359 -3.82745e-05 1.57106 -0.0020012
16.496 -0.436332 -0.436359 2.64269e-05 4.0034 1.47684e-05 2.10944e-08 -1.36037e-05 -0.436359 -3.78416e-05 1.57106 -0.00200112
16.497 -0.436332 -0.436358 2.61809e-05 4.00341 1.46252e-05 -1.57503e-08 -1.35274e-05 -0.436358 -3.74115e-05 1.57105 -0.00200104
16.498 -0.436332 -0.436358 2.59369e-05 4.00342 1.44832e-05 -5.18141e-08 -1.34519e-05 -0.436358 -3.69844e-05 1.57105 -0.00200096
16.499 -0.436332 -0.436358 2.56946e-05 4.00343 1.43423e-05 -8.71041e-08 -1.33769e-05 -0.436358 -3.65601e-05 1.57105 -0.00200089
16.5 -0.436332 -0.436358 2.54541e-05 4.00344 1.42025e-05 -1.21627e-07 -1.33027e-05 -0.436358 -3.61387e-05 1.57105 -0.00200081
16.501 -0.436332 -0.436358 2.52154e-05 4.00345 1.40638e-05 -1.5539e-07 -1.3229e-05 -0.436358 -3.572e-05 1.57104 -0.00200073
16.502 -0.436332 -0.436357 2.49784e-05 4.00345 1.39263e-05 -1.88399e-07 -1.3156e-05 -0.436357 -3.53042e-05 1.57104 -0.00200065
16.503 -0.436332 -0.436357 2.47431e-05 4.00346 1.37898e-05 -2.20663e-07 -1.30836e-05 -0.436357 -3.48912e-05 1.57104 -0.00200057
16.504 -0.436332 -0.436357 2.45095e-05 4.00347 1.36544e-05 -2.52187e-07 -1.30118e-05 -0.436357 -3.4481e-05 1.57104 -0.00200049
16.505 -0.436332 -0.436357 2.42776e-05 4.00348 1.35201e-05 -2.8298e-07 -1.29407e-05 -0.436357 -3.40735e-05 1.57103 -0.00200041
16.506 -0.436332 -0.436356 2.40473e-05 4.00349 1.33868e-05 -3.13047e-07 -1.28702e-05 -0.436356 -3.36688e-05 1.57103 -0.00200033
16.507 -0.436332 -0.436356 2.38187e-05 4.0035 1.32547e-05 -3.42397e-07 -1.28003e-05 -0.436356 -3.32669e-05 1.57103 -0.00200026
16.508 -0.436332 -0.436356 2.35918e-05 4.0035 1.31235e-05 -3.71037e-07 -1.27309e-05 -0.436356 -3.28676e-05 1.57103 -0.00200018
16.509 -0.436332 -0.436356 2.33664e-05 4.00351 1.29935e-05 -3.98973e-07 -1.26622e-05 -0.436356 -3.24711e-05 1.57102 -0.0020001
16.51 -0.436332 -0.436355 2.31426e-05 4.00352 1.28645e-05 -4.26214e-07 -1.25941e-05 -0.436355 -3.20772e-05 1.57102 -0.00200002
16.511 -0.436332 -0.436355 2.29204e-05 4.00353 1.27365e-05 -4.52765e-07 -1.25266e-05 -0.436355 -3.1686e-05 1.57102 -0.00199994
16.512 -0.436332 -0.436355 2.26997e-05 4.00353 1.26096e-05 -4.78635e-07 -1.24597e-05 -0.436355 -3.12975e-05 1.57102 -0.00199986
16.513 -0.436332 -0.436355 2.24806e-05 4.00354 1.24836e-05 -5.03831e-07 -1.23933e-05 -0.436355 -3.09117e-05 1.57101 -0.00199978
16.514 -0.436332 -0.436355 2.2263e-05 4.00355 1.23587e-05 -5.2836e-07 -1.23276e-05 -0.436355 -3.05284e-05 1.57101 -0.0019997
16.515 -0.436332 -0.436354 2.20469e-05 4.00355 1.22349e-05 -5.52229e-07 -1.22624e-05 -0.436354 -3.01478e-05 1.57101 -0.00199962
16.516 -0.436332 -0.436354 2.18323e-05 4.00356 1.2112e-05 -5.75446e-07 -1.21978e-05 -0.436354 -2.97698e-05 1.57101 -0.00199954
16.517 -0.436332 -0.436354 2.16192e-05 4.00356 1.19901e-05 -5.98019e-07 -1.21337e-05 -0.436354 -2.93944e-05 1.571 -0.00199946
16.518 -0.436332 -0.436354 2.14075e-05 4.00357 1.18692e-05 -6.19953e-07 -1.20703e-05 -0.436354 -2.90215e-05 1.571 -0.00199937
16.519 -0.436332 -0.436354 2.11973e-05 4.00357 1.17493e-05 -6.41257e-07 -1.20073e-05 -0.436354 -2.86513e-05 1.571 -0.00199929
16.52 -0.436332 -0.436353 2.09886e-05 4.00358 1.16304e-05 -6.61938e-07 -1.1945e-05 -0.436353 -2.82835e-05 1.571 -0.00199921
16.521 -0.436332 -0.436353 2.07812e-05 4.00358 1.15124e-05 -6.82004e-07 -1.18832e-05 -0.436353 -2.79183e-05 1.57099 -0.00199913
16.522 -0.436332 -0.436353 2.05753e-05 4.00359 1.13954e-05 -7.01461e-07 -1.18219e-05 -0.436353 -2.75556e-05 1.57099 -0.00199905
16.523 -0.436332 -0.436353 2.03708e-05 4.00359 1.12794e-05 -7.20317e-07 -1.17612e-05 -0.436353 -2.71954e-05 1.57099 -0.00199897
16.524 -0.436332 -0.436352 2.01676e-05 4.0036 1.11643e-05 -7.38579e-07 -1.1701e-05 -0.436352 -2.68377e-05 1.57099 -0.00199889
16.525 -0.436332 -0.436352 1.99658e-05 4.0036 1.10502e-05 -7.56255e-07 -1.16414e-05 -0.436352 -2.64825e-05 1.57099 -0.00199881
16.526 -0.436332 -0.436352 1.97654e-05 4.00361 1.0937e-05 -7.73351e-07 -1.15823e-05 -0.436352 -2.61297e-05 1.57098 -0.00199873
16.527 -0.436332 -0.436352 1.95664e-05 4.00361 1.08248e-05 -7.89876e-07 -1.15237e-05 -0.436352 -2.57794e-05 1.57098 -0.00199864
16.528 -0.436332 -0.436352 1.93686e-05 4.00362 1.07135e-05 -8.05835e-07 -1.14656e-05 -0.436352 -2.54315e-05 1.57098 -0.00199856
16.529 -0.436332 -0.436351 1.91722e-05 4.00362 1.0603e-05 -8.21238e-07 -1.14081e-05 -0.436351 -2.5086e-05 1.57098 -0.00199848
16.53 -0.436332 -0.436351 1.89772e-05 4.00362 1.04936e-05 -8.3609e-07 -1.13511e-05 -0.436351 -2.4743e-05 1.57098 -0.0019984
16.531 -0.436332 -0.436351 1.87834e-05 4.00363 1.0385e-05 -8.50399e-07 -1.12946e-05 -0.436351 -2.44023e-05 1.57097 -0.00199832
16.532 -0.436332 -0.436351 1.85909e-05 4.00363 1.02773e-05 -8.64172e-07 -1.12386e-05 -0.436351 -2.4064e-05 1.57097 -0.00199823
16.533 -0.436332 -0.436351 1.83998e-05 4.00363 1.01705e-05 -8.77416e-07 -1.11831e-05 -0.436351 -2.3728e-05 1.57097 -0.00199815
16.534 -0.436332 -0.436351 1.82098e-05 4.00364 1.00646e-05 -8.90139e-07 -1.11281e-05 -0.436351 -2.33944e-05 1.57097 -0.00199807
16.535 -0.436332 -0.43635 1.80212e-05 4.00364 9.95961e-06 -9.02347e-07 -1.10736e-05 -0.43635 -2.30632e-05 1.57097 -0.00199799
16.536 -0.436332 -0.43635 1.78338e-05 4.00364 9.85548e-06 -9.14047e-07 -1.10197e-05 -0.43635 -2.27343e-05 1.57096 -0.0019979
16.537 -0.436332 -0.43635 1.76477e-05 4.00364 9.75222e-06 -9.25247e-07 -1.09662e-05 -0.43635 -2.24076e-05 1.57096 -0.00199782
16.538 -0.436332 -0.43635 1.74628e-05 4.00365 9.64983e-06 -9.35954e-07 -1.09132e-05 -0.43635 -2.20833e-05 1.57096 -0.00199774
16.539 -0.436332 -0.43635 1.72791e-05 4.00365 9.54829e-06 -9.46174e-07 -1.08606e-05 -0.43635 -2.17613e-05 1.57096 -0.00199766
16.54 -0.436332 -0.436349 1.70967e-05 4.00365 9.44761e-06 -9.55914e-07 -1.08086e-05 -0.436349 -2.14415e-05 1.57096 -0.00199757
16.541 -0.436332 -0.436349 1.69155e-05 4.00365 9.34778e-06 -9.65182e-07 -1.0757e-05 -0.436349 -2.1124e-05 1.57095 -0.00199749
16.542 -0.436332 -0.436349 1.67355e-05 4.00366 9.24879e-06 -9.73985e-07 -1.07059e-05 -0.436349 -2.08087e-05 1.57095 -0.00199741
16.543 -0.436332 -0.436349 1.65567e-05 4.00366 9.15063e-06 -9.82328e-07 -1.06553e-05 -0.436349 -2.04956e-05 1.57095 -0.00199732
16.544 -0.436332 -0.436349 1.6379e-05 4.00366 9.05331e-06 -9.90219e-07 -1.06051e-05 -0.436349 -2.01848e-05 1.57095 -0.00199724
16.545 -0.436332 -0.436349 1.62026e-05 4.00366 8.95681e-06 -9.97665e-07 -1.05554e-05 -0.436349 -1.98762e-05 1.57095 -0.00199716
16.546 -0.436332 -0.436348 1.60273e-05 4.00366 8.86112e-06 -1.00467e-06 -1.05062e-05 -0.436348 -1.95697e-05 1.57094 -0.00199707
16.547 -0.436332 -0.436348 1.58532e-05 4.00366 8.76625e-06 -1.01125e-06 -1.04574e-05 -0.436348 -1.92655e-05 1.57094 -0.00199699
16.548 -0.436332 -0.436348 1.56803e-05 4.00367 8.67219e-06 -1.0174e-06 -1.04091e-05 -0.436348 -1.89634e-05 1.57094 -0.00199691
16.549 -0.436332 -0.436348 1.55085e-05 4.00367 8.57893e-06 -1.02313e-06 -1.03612e-05 -0.436348 -1.86634e-05 1.57094 -0.00199682
16.55 -0.436332 -0.436348 1.53378e-05 4.00367 8.48646e-06 -1.02845e-06 -1.03138e-05 -0.436348 -1.83656e-05 1.57094 -0.00199674
16.551 -0.436332 -0.436347 1.51683e-05 4.00367 8.39478e-06 -1.03336e-06 -1.02668e-05 -0.436347 -1.80699e-05 1.57094 -0.00199665
16.552 -0.436332 -0.436347 1.49999e-05 4.00367 8.30389e-06 -1.03788e-06 -1.02203e-05 -0.436347 -1.77764e-05 1.57093 -0.00199657
16.553 -0.436332 -0.436347 1.48327e-05 4.00367 8.21378e-06 -1.042e-06 -1.01741e-05 -0.436347 -1.74849e-05 1.57093 -0.00199649
16.554 -0.436332 -0.436347 1.46666e-05 4.00367 8.12444e-06 -1.04574e-06 -1.01285e-05 -0.436347 -1.71955e-05 1.57093 -0.0019964
16.555 -0.436332 -0.436347 1.45016e-05 4.00367 8.03586e-06 -1.04909e-06 -1.00832e-05 -0.436347 -1.69082e-05 1.57093 -0.00199632
16.556 -0.436332 -0.436347 1.43377e-05 4.00368 7.94805e-06 -1.05208e-06 -1.00384e-05 -0.436347 -1.6623e-05 1.57093 -0.00199623
16.557 -0.436332 -0.436346 1.41748e-05 4.00368 7.861e-06 -1.05469e-06 -9.99399e-06 -0.436346 -1.63398e-05 1.57093 -0.00199615
16.558 -0.436332 -0.436346 1.40131e-05 4.00368 7.7747e-06 -1.05695e-06 -9.95001e-06 -0.436346 -1.60587e-05 1.57092 -0.00199606
16.559 -0.436332 -0.436346 1.38525e-05 4.00368 7.68914e-06 -1.05885e-06 -9.90645e-06 -0.436346 -1.57796e-05 1.57092 -0.00199598
16.56 -0.436332 -0.436346 1.3693e-05 4.00368 7.60432e-06 -1.0604e-06 -9.8633e-06 -0.436346 -1.55025e-05 1.57092 -0.0019959
16.561 -0.436332 -0.436346 1.35345e-05 4.00368 7.52024e-06 -1.06161e-06 -9.82057e-06 -0.436346 -1.52273e-05 1.57092 -0.00199581
16.562 -0.436332 -0.436346 1.33771e-05 4.00368 7.43689e-06 -1.06248e-06 -9.77824e-06 -0.436346 -1.49542e-05 1.57092 -0.00199573
16.563 -0.436332 -0.436346 1.32208e-05 4.00368 7.35426e-06 -1.06302e-06 -9.73631e-06 -0.436346 -1.46831e-05 1.57092 -0.00199564
16.564 -0.436332 -0.436345 1.30655e-05 4.00368 7.27236e-06 -1.06324e-06 -9.69479e-06 -0.436345 -1.44139e-05 1.57092 -0.00199556
16.565 -0.436332 -0.436345 1.29113e-05 4.00368 7.19116e-06 -1.06314e-06 -9.65366e-06 -0.436345 -1.41467e-05 1.57091 -0.00199547
16.566 -0.436332 -0.436345 1.27582e-05 4.00368 7.11068e-06 -1.06273e-06 -9.61293e-06 -0.436345 -1.38815e-05 1.57091 -0.00199539
16.567 -0.436332 -0.436345 1.2606e-05 4.00368 7.0309e-06 -1.06201e-06 -9.57259e-06 -0.436345 -1.36181e-05 1.57091 -0.0019953
16.568 -0.436332 -0.436345 1.2455e-05 4.00368 6.95181e-06 -1.06098e-06 -9.53265e-06 -0.436345 -1.33567e-05 1.57091 -0.00199521
16.569 -0.436332 -0.436345 1.23049e-05 4.00368 6.87342e-06 -1.05967e-06 -9.49308e-06 -0.436345 -1.30972e-05 1.57091 -0.00199513
16.57 -0.436332 -0.436344 1.21559e-05 4.00368 6.79572e-06 -1.05806e-06 -9.4539e-06 -0.436344 -1.28396e-05 1.57091 -0.00199504
16.571 -0.436332 -0.436344 1.20079e-05 4.00368 6.7187e-06 -1.05617e-06 -9.41511e-06 -0.436344 -1.25839e-05 1.57091 -0.00199496
16.572 -0.436332 -0.436344 1.18609e-05 4.00368 6.64237e-06 -1.054e-06 -9.37669e-06 -0.436344 -1.233e-05 1.5709 -0.00199487
16.573 -0.436332 -0.436344 1.1715e-05 4.00368 6.5667e-06 -1.05155e-06 -9.33864e-06 -0.436344 -1.2078e-05 1.5709 -0.00199479
16.574 -0.436332 -0.436344 1.15701e-05 4.00368 6.4917e-06 -1.04884e-06 -9.30097e-06 -0.436344 -1.18279e-05 1.5709 -0.0019947
16.575 -0.436332 -0.436344 1.14261e-05 4.00368 6.41737e-06 -1.04587e-06 -9.26366e-06 -0.436344 -1.15795e-05 1.5709 -0.00199462
16.576 -0.436332 -0.436344 1.12832e-05 4.00368 6.34369e-06 -1.04263e-06 -9.22672e-06 -0.436344 -1.13331e-05 1.5709 -0.00199453
16.577 -0.436332 -0.436343 1.11412e-05 4.00368 6.27067e-06 -1.03915e-06 -9.19015e-06 -0.436343 -1.10884e-05 1.5709 -0.00199444
16.578 -0.436332 -0.436343 1.10003e-05 4.00368 6.1983e-06 -1.03542e-06 -9.15393e-06 -0.436343 -1.08455e-05 1.5709 -0.00199436
16.579 -0.436332 -0.436343 1.08603e-05 4.00368 6.12657e-06 -1.03145e-06 -9.11807e-06 -0.436343 -1.06045e-05 1.5709 -0.00199427
16.58 -0.436332 -0.436343 1.07213e-05 4.00368 6.05548e-06 -1.02724e-06 -9.08257e-06 -0.436343 -1.03652e-05 1.57089 -0.00199419
16.581 -0.436332 -0.436343 1.05833e-05 4.00368 5.98502e-06 -1.0228e-06 -9.04742e-06 -0.436343 -1.01277e-05 1.57089 -0.0019941
16.582 -0.436332 -0.436343 1.04463e-05 4.00368 5.9152e-06 -1.01814e-06 -9.01262e-06 -0.436343 -9.89194e-06 1.57089 -0.00199401
16.583 -0.436332 -0.436343 1.03103e-05 4.00368 5.846e-06 -1.01325e-06 -8.97816e-06 -0.436343 -9.65794e-06 1.57089 -0.00199393
16.584 -0.436332 -0.436342 1.01752e-05 4.00368 5.77742e-06 -1.00815e-06 -8.94405e-06 -0.436342 -9.42568e-06 1.57089 -0.00199384
16.585 -0.436332 -0.436342 1.0041e-05 4.00368 5.70945e-06 -1.00284e-06 -8.91028e-06 -0.436342 -9.19515e-06 1.57089 -0.00199375
16.586 -0.436332 -0.436342 9.90787e-06 4.00368 5.6421e-06 -9.97316e-07 -8.87685e-06 -0.436342 -8.96633e-06 1.57089 -0.00199367
16.587 -0.436332 -0.436342 9.77566e-06 4.00367 5.57535e-06 -9.91594e-07 -8.84376e-06 -0.436342 -8.73922e-06 1.57089 -0.00199358
16.588 -0.436332 -0.436342 9.64439e-06 4.00367 5.50921e-06 -9.85675e-07 -8.811e-06 -0.436342 -8.51381e-06 1.57088 -0.00199349
16.589 -0.436332 -0.436342 9.51406e-06 4.00367 5.44366e-06 -9.79564e-07 -8.77857e-06 -0.436342 -8.29008e-06 1.57088 -0.00199341
16.59 -0.436332 -0.436342 9.38468e-06 4.00367 5.3787e-06 -9.73264e-07 -8.74647e-06 -0.436342 -8.06803e-06 1.57088 -0.00199332
16.591 -0.436332 -0.436342 9.25624e-06 4.00367 5.31434e-06 -9.66782e-07 -8.71469e-06 -0.436342 -7.84764e-06 1.57088 -0.00199323
16.592 -0.436332 -0.436341 9.12872e-06 4.00367 5.25056e-06 -9.60121e-07 -8.68324e-06 -0.436341 -7.6289e-06 1.57088 -0.00199315
16.593 -0.436332 -0.436341 9.00214e-06 4.00367 5.18735e-06 -9.53285e-07 -8.6521e-06 -0.436341 -7.41181e-06 1.57088 -0.00199306
16.594 -0.436332 -0.436341 8.87648e-06 4.00367 5.12473e-06 -9.4628e-07 -8.62129e-06 -0.436341 -7.19635e-06 1.57088 -0.00199297
16.595 -0.436332 -0.436341 8.75174e-06 4.00367 5.06267e-06 -9.39109e-07 -8.59079e-06 -0.436341 -6.98251e-06 1.57088 -0.00199289
16.596 -0.436332 -0.436341 8.62793e-06 4.00367 5.00118e-06 -9.31777e-07 -8.5606e-06 -0.436341 -6.77029e-06 1.57088 -0.0019928
16.597 -0.436332 -0.436341 8.50502e-06 4.00367 4.94025e-06 -9.24289e-07 -8.53072e-06 -0.436341 -6.55967e-06 1.57087 -0.00199271
16.598 -0.436332 -0.436341 8.38302e-06 4.00367 4.87988e-06 -9.16647e-07 -8.50116e-06 -0.436341 -6.35064e-06 1.57087 -0.00199262
16.599 -0.436332 -0.436341 8.26193e-06 4.00366 4.82006e-06 -9.08857e-07 -8.47189e-06 -0.436341 -6.14319e-06 1.57087 -0.00199254
16.6 -0.436332 -0.43634 8.14175e-06 4.00366 4.7608e-06 -9.00922e-07 -8.44293e-06 -0.43634 -5.93731e-06 1.57087 -0.00199245
16.601 -0.436332 -0.43634 8.02246e-06 4.00366 4.70207e-06 -8.92847e-07 -8.41427e-06 -0.43634 -5.733e-06 1.57087 -0.00199236
16.602 -0.436332 -0.43634 7.90406e-06 4.00366 4.64389e-06 -8.84636e-07 -8.38591e-06 -0.43634 -5.53023e-06 1.57087 -0.00199227
16.603 -0.436332 -0.43634 7.78656e-06 4.00366 4.58625e-06 -8.76292e-07 -8.35785e-06 -0.43634 -5.32901e-06 1.57087 -0.00199219
16.604 -0.436332 -0.43634 7.66994e-06 4.00366 4.52914e-06 -8.6782e-07 -8.33008e-06 -0.43634 -5.12933e-06 1.57087 -0.0019921
16.605 -0.436332 -0.43634 7.55421e-06 4.00366 4.47255e-06 -8.59223e-07 -8.3026e-06 -0.43634 -4.93116e-06 1.57087 -0.00199201
16.606 -0.436332 -0.43634 7.43936e-06 4.00366 4.41649e-06 -8.50505e-07 -8.2754e-06 -0.43634 -4.73451e-06 1.57087 -0.00199192
16.607 -0.436332 -0.43634 7.32538e-06 4.00366 4.36096e-06 -8.4167e-07 -8.2485e-06 -0.43634 -4.53936e-06 1.57086 -0.00199184
16.608 -0.436332 -0.43634 7.21228e-06 4.00366 4.30593e-06 -8.32721e-07 -8.22188e-06 -0.43634 -4.3457e-06 1.57086 -0.00199175
16.609 -0.436332 -0.436339 7.10004e-06 4.00366 4.25143e-06 -8.23663e-07 -8.19554e-06 -0.436339 -4.15353e-06 1.57086 -0.00199166
16.61 -0.436332 -0.436339 6.98867e-06 4.00365 4.19742e-06 -8.14499e-07 -8.16948e-06 -0.436339 -3.96283e-06 1.57086 -0.00199157
16.611 -0.436332 -0.436339 6.87816e-06 4.00365 4.14393e-06 -8.05232e-07 -8.1437e-06 -0.436339 -3.77359e-06 1.57086 -0.00199149
16.612 -0.436332 -0.436339 6.76851e-06 4.00365 4.09093e-06 -7.95865e-07 -8.11819e-06 -0.436339 -3.58582e-06 1.57086 -0.0019914
16.613 -0.436332 -0.436339 6.65972e-06 4.00365 4.03843e-06 -7.86404e-07 -8.09296e-06 -0.436339 -3.39948e-06 1.57086 -0.00199131
16.614 -0.436332 -0.436339 6.55177e-06 4.00365 3.98643e-06 -7.76849e-07 -8.06799e-06 -0.436339 -3.21459e-06 1.57086 -0.00199122
16.615 -0.436332 -0.436339 6.44467e-06 4.00365 3.93491e-06 -7.67206e-07 -8.0433e-06 -0.436339 -3.03112e-06 1.57086 -0.00199113
16.616 -0.436332 -0.436339 6.33842e-06 4.00365 3.88388e-06 -7.57478e-07 -8.01887e-06 -0.436339 -2.84906e-06 1.57086 -0.00199105
16.617 -0.436332 -0.436339 6.233e-06 4.00365 3.83333e-06 -7.47667e-07 -7.9947e-06 -0.436339 -2.66842e-06 1.57086 -0.00199096
16.618 -0.436332 -0.436338 6.12842e-06 4.00365 3.78325e-06 -7.37777e-07 -7.9708e-06 -0.436338 -2.48918e-06 1.57085 -0.00199087
16.619 -0.436332 -0.436338 6.02468e-06 4.00364 3.73365e-06 -7.27812e-07 -7.94715e-06 -0.436338 -2.31133e-06 1.57085 -0.00199078
16.62 -0.436332 -0.436338 5.92176e-06 4.00364 3.68452e-06 -7.17773e-07 -7.92377e-06 -0.436338 -2.13485e-06 1.57085 -0.00199069
16.621 -0.436332 -0.436338 5.81967e-06 4.00364 3.63586e-06 -7.07665e-07 -7.90064e-06 -0.436338 -1.95976e-06 1.57085 -0.0019906
16.622 -0.436332 -0.436338 5.7184e-06 4.00364 3.58766e-06 -6.9749e-07 -7.87776e-06 -0.436338 -1.78602e-06 1.57085 -0.00199052
16.623 -0.436332 -0.436338 5.61795e-06 4.00364 3.53992e-06 -6.87252e-07 -7.85513e-06 -0.436338 -1.61364e-06 1.57085 -0.00199043
16.624 -0.436332 -0.436338 5.51831e-06 4.00364 3.49264e-06 -6.76953e-07 -7.83276e-06 -0.436338 -1.4426e-06 1.57085 -0.00199034
16.625 -0.436332 -0.436338 5.41949e-06 4.00364 3.4458e-06 -6.66596e-07 -7.81063e-06 -0.436338 -1.2729e-06 1.57085 -0.00199025
16.626 -0.436332 -0.436338 5.32147e-06 4.00364 3.39942e-06 -6.56185e-07 -7.78874e-06 -0.436338 -1.10453e-06 1.57085 -0.00199016
16.627 -0.436332 -0.436338 5.22426e-06 4.00364 3.35348e-06 -6.45721e-07 -7.7671e-06 -0.436338 -9.37482e-07 1.57085 -0.00199007
16.628 -0.436332 -0.436337 5.12785e-06 4.00363 3.30798e-06 -6.35208e-07 -7.7457e-06 -0.436337 -7.71741e-07 1.57085 -0.00198998
16.629 -0.436332 -0.436337 5.03224e-06 4.00363 3.26291e-06 -6.24649e-07 -7.72454e-06 -0.436337 -6.07302e-07 1.57085 -0.0019899
16.63 -0.436332 -0.436337 4.93742e-06 4.00363 3.21829e-06 -6.14046e-07 -7.70361e-06 -0.436337 -4.44156e-07 1.57085 -0.00198981
16.631 -0.436332 -0.436337 4.84339e-06 4.00363 3.17409e-06 -6.03401e-07 -7.68292e-06 -0.436337 -2.82295e-07 1.57084 -0.00198972
16.632 -0.436332 -0.436337 4.75014e-06 4.00363 3.13032e-06 -5.92718e-07 -7.66247e-06 -0.436337 -1.21711e-07 1.57084 -0.00198963
16.633 -0.436332 -0.436337 4.65768e-06 4.00363 3.08698e-06 -5.81999e-07 -7.64224e-06 -0.436337 3.76057e-08 1.57084 -0.00198954
16.634 -0.436332 -0.436337 4.566e-06 4.00363 3.04405e-06 -5.71246e-07 -7.62224e-06 -0.436337 1.95663e-07 1.57084 -0.00198945
16.635 -0.436332 -0.436337 4.47509e-06 4.00363 3.00154e-06 -5.60462e-07 -7.60247e-06 -0.436337 3.52469e-07 1.57084 -0.00198936
16.636 -0.436332 -0.436337 4.38496e-06 4.00362 2.95945e-06 -5.4965e-07 -7.58293e-06 -0.436337 5.08032e-07 1.57084 -0.00198927
16.637 -0.436332 -0.436337 4.29559e-06 4.00362 2.91777e-06 -5.38811e-07 -7.56361e-06 -0.436337 6.62361e-07 1.57084 -0.00198919
16.638 -0.436332 -0.436337 4.20699e-06 4.00362 2.87649e-06 -5.27949e-07 -7.54451e-06 -0.436337 8.15464e-07 1.57084 -0.0019891
16.639 -0.436332 -0.436336 4.11916e-06 4.00362 2.83562e-06 -5.17065e-07 -7.52563e-06 -0.436336 9.67348e-07 1.57084 -0.00198901
16.64 -0.436332 -0.436336 4.03208e-06 4.00362 2.79515e-06 -5.06162e-07 -7.50697e-06 -0.436336 1.11802e-06 1.57084 -0.00198892
16.641 -0.436332 -0.436336 3.94575e-06 4.00362 2.75507e-06 -4.95242e-07 -7.48852e-06 -0.436336 1.2675e-06 1.57084 -0.00198883
16.642 -0.436332 -0.436336 3.86018e-06 4.00362 2.71539e-06 -4.84307e-07 -7.47029e-06 -0.436336 1.41577e-06 1.57084 -0.00198874
16.643 -0.436332 -0.436336 3.77535e-06 4.00362 2.6761e-06 -4.7336e-07 -7.45227e-06 -0.436336 1.56287e-06 1.57084 -0.00198865
16.644 -0.436332 -0.436336 3.69127e-06 4.00362 2.6372e-06 -4.62402e-07 -7.43446e-06 -0.436336 1.70878e-06 1.57084 -0.00198856
16.645 -0.436332 -0.436336 3.60792e-06 4.00361 2.59868e-06 -4.51435e-07 -7.41685e-06 -0.436336 1.85353e-06 1.57084 -0.00198847
16.646 -0.436332 -0.436336 3.52532e-06 4.00361 2.56055e-06 -4.40463e-07 -7.39946e-06 -0.436336 1.99711e-06 1.57083 -0.00198838
16.647 -0.436332 -0.436336 3.44345e-06 4.00361 2.52279e-06 -4.29486e-07 -7.38227e-06 -0.436336 2.13954e-06 1.57083 -0.00198829
16.648 -0.436332 -0.436336 3.3623e-06 4.00361 2.48541e-06 -4.18506e-07 -7.36528e-06 -0.436336 2.28082e-06 1.57083 -0.00198821
16.649 -0.436332 -0.436336 3.28189e-06 4.00361 2.4484e-06 -4.07526e-07 -7.3485e-06 -0.436336 2.42097e-06 1.57083 -0.00198812
16.65 -0.436332 -0.436336 3.20219e-06 4.00361 2.41176e-06 -3.96548e-07 -7.33191e-06 -0.436336 2.55998e-06 1.57083 -0.00198803
16.651 -0.436332 -0.436335 3.12322e-06 4.00361 2.37549e-06 -3.85573e-07 -7.31553e-06 -0.436335 2.69787e-06 1.57083 -0.00198794
16.652 -0.436332 -0.436335 3.04496e-06 4.00361 2.33958e-06 -3.74603e-07 -7.29934e-06 -0.436335 2.83464e-06 1.57083 -0.00198785
16.653 -0.436332 -0.436335 2.96741e-06 4.00361 2.30403e-06 -3.6364e-07 -7.28334e-06 -0.436335 2.97031e-06 1.57083 -0.00198776
16.654 -0.436332 -0.436335 2.89057e-06 4.0036 2.26884e-06 -3.52686e-07 -7.26754e-06 -0.436335 3.10488e-06 1.57083 -0.00198767
16.655 -0.436332 -0.436335 2.81443e-06 4.0036 2.234e-06 -3.41742e-07 -7.25192e-06 -0.436335 3.23835e-06 1.57083 -0.00198758
16.656 -0.436332 -0.436335 2.739e-06 4.0036 2.19951e-06 -3.30811e-07 -7.2365e-06 -0.436335 3.37073e-06 1.57083 -0.00198749
16.657 -0.436332 -0.436335 2.66426e-06 4.0036 2.16537e-06 -3.19893e-07 -7.22127e-06 -0.436335 3.50204e-06 1.57083 -0.0019874
16.658 -0.436332 -0.436335 2.59022e-06 4.0036 2.13158e-06 -3.08991e-07 -7.20622e-06 -0.436335 3.63228e-06 1.57083 -0.00198731
16.659 -0.436332 -0.436335 2.51687e-06 4.0036 2.09813e-06 -2.98106e-07 -7.19135e-06 -0.436335 3.76145e-06 1.57083 -0.00198722
16.66 -0.436332 -0.436335 2.4442e-06 4.0036 2.06502e-06 -2.8724e-07 -7.17667e-06 -0.436335 3.88957e-06 1.57083 -0.00198713
16.661 -0.436332 -0.436335 2.37222e-06 4.0036 2.03225e-06 -2.76393e-07 -7.16217e-06 -0.436335 4.01664e-06 1.57083 -0.00198704
16.662 -0.436332 -0.436335 2.30091e-06 4.0036 1.99981e-06 -2.65569e-07 -7.14785e-06 -0.436335 4.14267e-06 1.57083 -0.00198695
16.663 -0.436332 -0.436335 2.23029e-06 4.0036 1.96771e-06 -2.54767e-07 -7.13371e-06 -0.436335 4.26766e-06 1.57083 -0.00198686
16.664 -0.436332 -0.436334 2.16033e-06 4.00359 1.93593e-06 -2.4399e-07 -7.11974e-06 -0.436334 4.39162e-06 1.57083 -0.00198677
16.665 -0.436332 -0.436334 2.09105e-06 4.00359 1.90448e-06 -2.33239e-07 -7.10595e-06 -0.436334 4.51457e-06 1.57082 -0.00198668
16.666 -0.436332 -0.436334 2.02243e-06 4.00359 1.87335e-06 -2.22516e-07 -7.09234e-06 -0.436334 4.6365e-06 1.57082 -0.00198659
16.667 -0.436332 -0.436334 1.95447e-06 4.00359 1.84255e-06 -2.11821e-07 -7.07889e-06 -0.436334 4.75742e-06 1.57082 -0.0019865
16.668 -0.436332 -0.436334 1.88717e-06 4.00359 1.81206e-06 -2.01156e-07 -7.06562e-06 -0.436334 4.87734e-06 1.57082 -0.00198641
16.669 -0.436332 -0.436334 1.82052e-06 4.00359 1.78188e-06 -1.90522e-07 -7.05251e-06 -0.436334 4.99628e-06 1.57082 -0.00198632
16.67 -0.436332 -0.436334 1.75453e-06 4.00359 1.75202e-06 -1.79921e-07 -7.03957e-06 -0.436334 5.11422e-06 1.57082 -0.00198623
16.671 -0.436332 -0.436334 1.68918e-06 4.00359 1.72247e-06 -1.69354e-07 -7.0268e-06 -0.436334 5.23119e-06 1.57082 -0.00198614
16.672 -0.436332 -0.436334 1.62448e-06 4.00359 1.69323e-06 -1.58822e-07 -7.01419e-06 -0.436334 5.34719e-06 1.57082 -0.00198605
16.673 -0.436332 -0.436334 1.56041e-06 4.00359 1.66429e-06 -1.48326e-07 -7.00174e-06 -0.436334 5.46222e-06 1.57082 -0.00198596
16.674 -0.436332 -0.436334 1.49699e-06 4.00358 1.63566e-06 -1.37867e-07 -6.98946e-06 -0.436334 5.57629e-06 1.57082 -0.00198587
16.675 -0.436332 -0.436334 1.43419e-06 4.00358 1.60732e-06 -1.27447e-07 -6.97733e-06 -0.436334 5.68941e-06 1.57082 -0.00198578
16.676 -0.436332 -0.436334 1.37203e-06 4.00358 1.57928e-06 -1.17066e-07 -6.96537e-06 -0.436334 5.80158e-06 1.57082 -0.00198569
16.677 -0.436332 -0.436334 1.31049e-06 4.00358 1.55154e-06 -1.06726e-07 -6.95356e-06 -0.436334 5.91282e-06 1.57082 -0.0019856
16.678 -0.436332 -0.436334 1.24957e-06 4.00358 1.52409e-06 -9.64269e-08 -6.94191e-06 -0.436334 6.02312e-06 1.57082 -0.00198551
16.679 -0.436332 -0.436334 1.18928e-06 4.00358 1.49693e-06 -8.61709e-08 -6.93041e-06 -0.436334 6.1325e-06 1.57082 -0.00198542
16.68 -0.436332 -0.436333 1.12959e-06 4.00358 1.47005e-06 -7.59585e-08 -6.91906e-06 -0.436333 6.24095e-06 1.57082 -0.00198533
16.681 -0.436332 -0.436333 1.07052e-06 4.00358 1.44346e-06 -6.57906e-08 -6.90786e-06 -0.436333 6.3485e-06 1.57082 -0.00198524
16.682 -0.436332 -0.436333 1.01206e-06 4.00358 1.41716e-06 -5.56683e-08 -6.89682e-06 -0.436333 6.45514e-06 1.57082 -0.00198515
16.683 -0.436332 -0.436333 9.54202e-07 4.00358 1.39113e-06 -4.55924e-08 -6.88592e-06 -0.436333 6.56088e-06 1.57082 -0.00198506
16.684 -0.436332 -0.436333 8.96945e-07 4.00358 1.36538e-06 -3.55638e-08 -6.87517e-06 -0.436333 6.66573e-06 1.57082 -0.00198497
16.685 -0.436332 -0.436333 8.40285e-07 4.00357 1.33991e-06 -2.55834e-08 -6.86457e-06 -0.436333 6.76969e-06 1.57082 -0.00198488
16.686 -0.436332 -0.436333 7.84218e-07 4.00357 1.31471e-06 -1.5652e-08 -6.85411e-06 -0.436333 6.87276e-06 1.57082 -0.00198479
16.687 -0.436332 -0.436333 7.28742e-07 4.00357 1.28978e-06 -5.77038e-09 -6.84379e-06 -0.436333 6.97497e-06 1.57082 -0.0019847
16.688 -0.436332 -0.436333 6.73852e-07 4.00357 1.26512e-06 4.06059e-09 -6.83361e-06 -0.436333 7.0763e-06 1.57082 -0.00198461
16.689 -0.436332 -0.436333 6.19545e-07 4.00357 1.24072e-06 1.38402e-08 -6.82358e-06 -0.436333 7.17678e-06 1.57081 -0.00198452
16.69 -0.436332 -0.436333 5.65818e-07 4.00357 1.21659e-06 2.35676e-08 -6.81368e-06 -0.436333 7.27639e-06 1.57081 -0.00198443
16.691 -0.436332 -0.436333 5.12666e-07 4.00357 1.19272e-06 3.32423e-08 -6.80393e-06 -0.436333 7.37516e-06 1.57081 -0.00198434
16.692 -0.436332 -0.436333 4.60087e-07 4.00357 1.16911e-06 4.28633e-08 -6.79431e-06 -0.436333 7.47308e-06 1.57081 -0.00198425
16.693 -0.436332 -0.436333 4.08077e-07 4.00357 1.14576e-06 5.24301e-08 -6.78482e-06 -0.436333 7.57016e-06 1.57081 -0.00198416
16.694 -0.436332 -0.436333 3.56632e-07 4.00357 1.12266e-06 6.19421e-08 -6.77547e-06 -0.436333 7.66642e-06 1.57081 -0.00198407
16.695 -0.436332 -0.436333 3.05748e-07 4.00357 1.09981e-06 7.13985e-08 -6.76625e-06 -0.436333 7.76184e-06 1.57081 -0.00198398
16.696 -0.436332 -0.436333 2.55423e-07 4.00357 1.07721e-06 8.07987e-08 -6.75716e-06 -0.436333 7.85645e-06 1.57081 -0.00198389
16.697 -0.436332 -0.436333 2.05652e-07 4.00356 1.05487e-06 9.01422e-08 -6.74821e-06 -0.436333 7.95024e-06 1.57081 -0.0019838
16.698 -0.436332 -0.436332 1.56433e-07 4.00356 1.03277e-06 9.94284e-08 -6.73938e-06 -0.436332 8.04322e-06 1.57081 -0.00198371
16.699 -0.436332 -0.436332 1.07761e-07 4.00356 1.01091e-06 1.08657e-07 -6.73068e-06 -0.436332 8.1354e-06 1.57081 -0.00198362
16.7 -0.436332 -0.436332 5.96326e-08 4.00356 9.89292e-07 1.17827e-07 -6.7221e-06 -0.436332 8.22678e-06 1.57081 -0.00198353
16.701 -0.436332 -0.436332 1.20452e-08 4.00356 9.67916e-07 1.26937e-07 -6.71366e-06 -0.436332 8.31737e-06 1.57081 -0.00198344
16.702 -0.436332 -0.436332 -3.50053e-08 4.00356 9.46777e-07 1.35989e-07 -6.70533e-06 -0.436332 8.40718e-06 1.57081 -0.00198335
16.703 -0.436332 -0.436332 -8.15222e-08 4.00356 9.25874e-07 1.44981e-07 -6.69713e-06 -0.436332 8.49621e-06 1.57081 -0.00198326
16.704 -0.436332 -0.436332 -1.27509e-07 4.00356 9.05205e-07 1.53912e-07 -6.68905e-06 -0.436332 8.58446e-06 1.57081 -0.00198317
16.705 -0.436332 -0.436332 -1.7297e-07 4.00356 8.84767e-07 1.62782e-07 -6.68109e-06 -0.436332 8.67194e-06 1.57081 -0.00198307
16.706 -0.436332 -0.436332 -2.17907e-07 4.00356 8.64558e-07 1.71591e-07 -6.67325e-06 -0.436332 8.75866e-06 1.57081 -0.00198298
16.707 -0.436332 -0.436332 -2.62325e-07 4.00356 8.44577e-07 1.80339e-07 -6.66553e-06 -0.436332 8.84462e-06 1.57081 -0.00198289
16.708 -0.436332 -0.436332 -3.06227e-07 4.00356 8.24821e-07 1.89024e-07 -6.65793e-06 -0.436332 8.92983e-06 1.57081 -0.0019828
16.709 -0.436332 -0.436332 -3.49616e-07 4.00356 8.05289e-07 1.97647e-07 -6.65044e-06 -0.436332 9.01429e-06 1.57081 -0.00198271
16.71 -0.436332 -0.436332 -3.92497e-07 4.00356 7.85978e-07 2.06208e-07 -6.64306e-06 -0.436332 9.09802e-06 1.57081 -0.00198262
16.711 -0.436332 -0.436332 -4.34871e-07 4.00356 7.66886e-07 2.14705e-07 -6.6358e-06 -0.436332 9.181e-06 1.57081 -0.00198253
16.712 -0.436332 -0.436332 -4.76744e-07 4.00355 7.48012e-07 2.23139e-07 -6.62866e-06 -0.436332 9.26326e-06 1.57081 -0.00198244
16.713 -0.436332 -0.436332 -5.18117e-07 4.00355 7.29354e-07 2.31509e-07 -6.62162e-06 -0.436332 9.34479e-06 1.57081 -0.00198235
16.714 -0.436332 -0.436332 -5.58996e-07 4.00355 7.10909e-07 2.39815e-07 -6.6147e-06 -0.436332 9.4256e-06 1.57081 -0.00198226
16.715 -0.436332 -0.436332 -5.99382e-07 4.00355 6.92677e-07 2.48056e-07 -6.60788e-06 -0.436332 9.5057e-06 1.57081 -0.00198217
16.716 -0.436332 -0.436332 -6.39281e-07 4.00355 6.74654e-07 2.56233e-07 -6.60117e-06 -0.436332 9.58508e-06 1.57081 -0.00198208
16.717 -0.436332 -0.436332 -6.78694e-07 4.00355 6.56839e-07 2.64346e-07 -6.59457e-06 -0.436332 9.66376e-06 1.57081 -0.00198199
16.718 -0.436332 -0.436332 -7.17626e-07 4.00355 6.39231e-07 2.72393e-07 -6.58808e-06 -0.436332 9.74175e-06 1.57081 -0.0019819
16.719 -0.436332 -0.436332 -7.56079e-07 4.00355 6.21827e-07 2.80375e-07 -6.58169e-06 -0.436332 9.81904e-06 1.57081 -0.00198181
16.72 -0.436332 -0.436332 -7.94058e-07 4.00355 6.04625e-07 2.88291e-07 -6.5754e-06 -0.436332 9.89564e-06 1.57081 -0.00198171
16.721 -0.436332 -0.436331 -8.31565e-07 4.00355 5.87624e-07 2.96142e-07 -6.56922e-06 -0.436331 9.97155e-06 1.57081 -0.00198162
16.722 -0.436332 -0.436331 -8.68604e-07 4.00355 5.70822e-07 3.03927e-07 -6.56314e-06 -0.436331 1.00468e-05 1.57081 -0.00198153
16.723 -0.436332 -0.436331 -9.05179e-07 4.00355 5.54218e-07 3.11646e-07 -6.55716e-06 -0.436331 1.01214e-05 1.57081 -0.00198144
16.724 -0.436332 -0.436331 -9.41293e-07 4.00355 5.37808e-07 3.19299e-07 -6.55128e-06 -0.436331 1.01953e-05 1.5708 -0.00198135
16.725 -0.436332 -0.436331 -9.76948e-07 4.00355 5.21592e-07 3.26886e-07 -6.5455e-06 -0.436331 1.02685e-05 1.5708 -0.00198126
16.726 -0.436332 -0.436331 -1.01215e-06 4.00355 5.05569e-07 3.34406e-07 -6.53982e-06 -0.436331 1.03411e-05 1.5708 -0.00198117
16.727 -0.436332 -0.436331 -1.0469e-06 4.00355 4.89735e-07 3.4186e-07 -6.53423e-06 -0.436331 1.0413e-05 1.5708 -0.00198108
16.728 -0.436332 -0.436331 -1.0812e-06 4.00355 4.7409e-07 3.49247e-07 -6.52874e-06 -0.436331 1.04842e-05 1.5708 -0.00198099
16.729 -0.436332 -0.436331 -1.11506e-06 4.00354 4.58631e-07 3.56568e-07 -6.52335e-06 -0.436331 1.05549e-05 1.5708 -0.0019809
16.73 -0.436332 -0.436331 -1.14848e-06 4.00354 4.43357e-07 3.63821e-07 -6.51805e-06 -0.436331 1.06249e-05 1.5708 -0.00198081
16.731 -0.436332 -0.436331 -1.18145e-06 4.00354 4.28267e-07 3.71008e-07 -6.51284e-06 -0.436331 1.06942e-05 1.5708 -0.00198072
16.732 -0.436332 -0.436331 -1.214e-06 4.00354 4.13359e-07 3.78128e-07 -6.50772e-06 -0.436331 1.07629e-05 1.5708 -0.00198062
16.733 -0.436332 -0.436331 -1.24611e-06 4.00354 3.9863e-07 3.85182e-07 -6.5027e-06 -0.436331 1.0831e-05 1.5708 -0.00198053
16.734 -0.436332 -0.436331 -1.27779e-06 4.00354 3.8408e-07 3.92168e-07 -6.49777e-06 -0.436331 1.08985e-05 1.5708 -0.00198044
16.735 -0.436332 -0.436331 -1.30905e-06 4.00354 3.69707e-07 3.99087e-07 -6.49292e-06 -0.436331 1.09654e-05 1.5708 -0.00198035
16.736 -0.436332 -0.436331 -1.33989e-06 4.00354 3.55509e-07 4.0594e-07 -6.48816e-06 -0.436331 1.10316e-05 1.5708 -0.00198026
16.737 -0.436332 -0.436331 -1.37031e-06 4.00354 3.41484e-07 4.12725e-07 -6.48349e-06 -0.436331 1.10973e-05 1.5708 -0.00198017
16.738 -0.436332 -0.436331 -1.40032e-06 4.00354 3.27632e-07 4.19444e-07 -6.47891e-06 -0.436331 1.11623e-05 1.5708 -0.00198008
16.739 -0.436332 -0.436331 -1.42991e-06 4.00354 3.13949e-07 4.26095e-07 -6.47441e-06 -0.436331 1.12267e-05 1.5708 -0.00197999
16.74 -0.436332 -0.436331 -1.45909e-06 4.00354 3.00436e-07 4.3268e-07 -6.47e-06 -0.436331 1.12906e-05 1.5708 -0.0019799
16.741 -0.436332 -0.436331 -1.48787e-06 4.00354 2.8709e-07 4.39198e-07 -6.46567e-06 -0.436331 1.13539e-05 1.5708 -0.00197981
16.742 -0.436332 -0.436331 -1.51625e-06 4.00354 2.73909e-07 4.4565e-07 -6.46142e-06 -0.436331 1.14165e-05 1.5708 -0.00197972
16.743 -0.436332 -0.436331 -1.54423e-06 4.00354 2.60893e-07 4.52034e-07 -6.45726e-06 -0.436331 1.14786e-05 1.5708 -0.00197962
16.744 -0.436332 -0.436331 -1.57181e-06 4.00354 2.4804e-07 4.58352e-07 -6.45318e-06 -0.436331 1.15401e-05 1.5708 -0.00197953
16.745 -0.436332 -0.436331 -1.599e-06 4.00354 2.35347e-07 4.64604e-07 -6.44917e-06 -0.436331 1.16011e-05 1.5708 -0.00197944
16.746 -0.436332 -0.436331 -1.6258e-06 4.00354 2.22814e-07 4.70789e-07 -6.44525e-06 -0.436331 1.16615e-05 1.5708 -0.00197935
16.747 -0.436332 -0.436331 -1.65221e-06 4.00354 2.1044e-07 4.76907e-07 -6.4414e-06 -0.436331 1.17213e-05 1.5708 -0.00197926
16.748 -0.436332 -0.436331 -1.67824e-06 4.00354 1.98222e-07 4.8296e-07 -6.43764e-06 -0.436331 1.17806e-05 1.5708 -0.00197917
16.749 -0.436332 -0.436331 -1.70389e-06 4.00354 1.86159e-07 4.88946e-07 -6.43395e-06 -0.436331 1.18393e-05 1.5708 -0.00197908
16.75 -0.436332 -0.436331 -1.72916e-06 4.00354 1.74251e-07 4.94867e-07 -6.43033e-06 -0.436331 1.18974e-05 1.5708 -0.00197899
16.751 -0.436332 -0.436331 -1.75406e-06 4.00354 1.62494e-07 5.00721e-07 -6.42679e-06 -0.436331 1.19551e-05 1.5708 -0.0019789
16.752 -0.436332 -0.436331 -1.77859e-06 4.00354 1.50889e-07 5.0651e-07 -6.42333e-06 -0.436331 1.20121e-05 1.5708 -0.00197881
16.753 -0.436332 -0.436331 -1.80275e-06 4.00354 1.39433e-07 5.12233e-07 -6.41994e-06 -0.436331 1.20687e-05 1.5708 -0.00197871
16.754 -0.436332 -0.43633 -1.82655e-06 4.00353 1.28125e-07 5.17891e-07 -6.41662e-06 -0.43633 1.21247e-05 1.5708 -0.00197862
16.755 -0.436332 -0.43633 -1.84998e-06 4.00353 1.16964e-07 5.23484e-07 -6.41338e-06 -0.43633 1.21801e-05 1.5708 -0.00197853
16.756 -0.436332 -0.43633 -1.87306e-06 4.00353 1.05948e-07 5.29012e-07 -6.4102e-06 -0.43633 1.22351e-05 1.5708 -0.00197844
16.757 -0.436332 -0.43633 -1.89578e-06 4.00353 9.50762e-08 5.34474e-07 -6.4071e-06 -0.43633 1.22895e-05 1.5708 -0.00197835
16.758 -0.436332 -0.43633 -1.91814e-06 4.00353 8.43471e-08 5.39872e-07 -6.40406e-06 -0.43633 1.23434e-05 1.5708 -0.00197826
16.759 -0.436332 -0.43633 -1.94016e-06 4.00353 7.37592e-08 5.45206e-07 -6.4011e-06 -0.43633 1.23968e-05 1.5708 -0.00197817
16.76 -0.436332 -0.43633 -1.96183e-06 4.00353 6.33112e-08 5.50475e-07 -6.3982e-06 -0.43633 1.24497e-05 1.5708 -0.00197808
16.761 -0.436332 -0.43633 -1.98316e-06 4.00353 5.30019e-08 5.5568e-07 -6.39537e-06 -0.43633 1.25021e-05 1.5708 -0.00197799
16.762 -0.436332 -0.43633 -2.00415e-06 4.00353 4.28298e-08 5.60822e-07 -6.39261e-06 -0.43633 1.2554e-05 1.5708 -0.00197789
16.763 -0.436332 -0.43633 -2.02479e-06 4.00353 3.27938e-08 5.65899e-07 -6.38991e-06 -0.43633 1.26054e-05 1.5708 -0.0019778
16.764 -0.436332 -0.43633 -2.04511e-06 4.00353 2.28924e-08 5.70913e-07 -6.38728e-06 -0.43633 1.26563e-05 1.5708 -0.00197771
16.765 -0.436332 -0.43633 -2.06509e-06 4.00353 1.31244e-08 5.75864e-07 -6.38471e-06 -0.43633 1.27067e-05 1.5708 -0.00197762
16.766 -0.436332 -0.43633 -2.08474e-06 4.00353 3.4885e-09 5.80752e-07 -6.38221e-06 -0.43633 1.27566e-05 1.5708 -0.00197753
16.767 -0.436332 -0.43633 -2.10407e-06 4.00353 -6.01652e-09 5.85577e-07 -6.37977e-06 -0.43633 1.2806e-05 1.5708 -0.00197744
16.768 -0.436332 -0.43633 -2.12307e-06 4.00353 -1.53919e-08 5.9034e-07 -6.37739e-06 -0.43633 1.2855e-05 1.5708 -0.00197735
16.769 -0.436332 -0.43633 -2.14176e-06 4.00353 -2.4639e-08 5.9504e-07 -6.37507e-06 -0.43633 1.29035e-05 1.5708 -0.00197726
16.77 -0.436332 -0.43633 -2.16012e-06 4.00353 -3.37589e-08 5.99678e-07 -6.37282e-06 -0.43633 1.29515e-05 1.5708 -0.00197717
16.771 -0.436332 -0.43633 -2.17818e-06 4.00353 -4.2753e-08 6.04255e-07 -6.37062e-06 -0.43633 1.2999e-05 1.5708 -0.00197707
16.772 -0.436332 -0.43633 -2.19592e-06 4.00353 -5.16224e-08 6.0877e-07 -6.36848e-06 -0.43633 1.30461e-05 1.5708 -0.00197698
16.773 -0.436332 -0.43633 -2.21335e-06 4.00353 -6.03683e-08 6.13224e-07 -6.36641e-06 -0.43633 1.30927e-05 1.5708 -0.00197689
16.774 -0.436332 -0.43633 -2.23047e-06 4.00353 -6.89919e-08 6.17617e-07 -6.36439e-06 -0.43633 1.31389e-05 1.5708 -0.0019768
16.775 -0.436332 -0.43633 -2.24729e-06 4.00353 -7.74945e-08 6.21949e-07 -6.36243e-06 -0.43633 1.31846e-05 1.5708 -0.00197671
16.776 -0.436332 -0.43633 -2.26381e-06 4.00353 -8.58771e-08 6.26221e-07 -6.36052e-06 -0.43633 1.32299e-05 1.5708 -0.00197662
16.777 -0.436332 -0.43633 -2.28004e-06 4.00353 -9.4141e-08 6.30433e-07 -6.35867e-06 -0.43633 1.32747e-05 1.5708 -0.00197653
16.778 -0.436332 -0.43633 -2.29596e-06 4.00353 -1.02287e-07 6.34585e-07 -6.35688e-06 -0.43633 1.33191e-05 1.5708 -0.00197644
16.779 -0.436332 -0.43633 -2.3116e-06 4.00353 -1.10317e-07 6.38677e-07 -6.35514e-06 -0.43633 1.3363e-05 1.5708 -0.00197634
16.78 -0.436332 -0.43633 -2.32694e-06 4.00353 -1.18232e-07 6.4271e-07 -6.35346e-06 -0.43633 1.34065e-05 1.5708 -0.00197625
16.781 -0.436332 -0.43633 -2.342e-06 4.00353 -1.26032e-07 6.46684e-07 -6.35183e-06 -0.43633 1.34496e-05 1.5708 -0.00197616
16.782 -0.436332 -0.43633 -2.35678e-06 4.00353 -1.3372e-07 6.506e-07 -6.35025e-06 -0.43633 1.34922e-05 1.5708 -0.00197607
16.783 -0.436332 -0.43633 -2.37127e-06 4.00353 -1.41295e-07 6.54457e-07 -6.34872e-06 -0.43633 1.35345e-05 1.5708 -0.00197598
16.784 -0.436332 -0.43633 -2.38548e-06 4.00353 -1.4876e-07 6.58257e-07 -6.34725e-06 -0.43633 1.35763e-05 1.5708 -0.00197589
16.785 -0.436332 -0.43633 -2.39942e-06 4.00353 -1.56115e-07 6.61998e-07 -6.34583e-06 -0.43633 1.36176e-05 1.5708 -0.0019758
16.786 -0.436332 -0.43633 -2.41309e-06 4.00353 -1.63361e-07 6.65683e-07 -6.34446e-06 -0.43633 1.36586e-05 1.5708 -0.00197571
16.787 -0.436332 -0.43633 -2.42648e-06 4.00353 -1.705e-07 6.6931e-07 -6.34313e-06 -0.43633 1.36992e-05 1.5708 -0.00197562
16.788 -0.436332 -0.43633 -2.4396e-06 4.00353 -1.77532e-07 6.7288e-07 -6.34186e-06 -0.43633 1.37393e-05 1.5708 -0.00197552
16.789 -0.436332 -0.43633 -2.45246e-06 4.00353 -1.84459e-07 6.76394e-07 -6.34064e-06 -0.43633 1.37791e-05 1.5708 -0.00197543
16.79 -0.436332 -0.43633 -2.46506e-06 4.00353 -1.91281e-07 6.79852e-07 -6.33946e-06 -0.43633 1.38184e-05 1.5708 -0.00197534
16.791 -0.436332 -0.43633 -2.47739e-06 4.00353 -1.98e-07 6.83254e-07 -6.33833e-06 -0.43633 1.38573e-05 1.5708 -0.00197525
16.792 -0.436332 -0.43633 -2.48947e-06 4.00353 -2.04617e-07 6.86601e-07 -6.33725e-06 -0.43633 1.38959e-05 1.5708 -0.00197516
16.793 -0.436332 -0.43633 -2.50129e-06 4.00353 -2.11132e-07 6.89893e-07 -6.33621e-06 -0.43633 1.3934e-05 1.5708 -0.00197507
16.794 -0.436332 -0.43633 -2.51286e-06 4.00353 -2.17547e-07 6.9313e-07 -6.33522e-06 -0.43633 1.39718e-05 1.5708 -0.00197498
16.795 -0.436332 -0.43633 -2.52418e-06 4.00353 -2.23863e-07 6.96313e-07 -6.33428e-06 -0.43633 1.40092e-05 1.5708 -0.00197489
16.796 -0.436332 -0.43633 -2.53525e-06 4.00353 -2.30081e-07 6.99441e-07 -6.33338e-06 -0.43633 1.40462e-05 1.5708 -0.00197479
16.797 -0.436332 -0.43633 -2.54608e-06 4.00353 -2.36201e-07 7.02516e-07 -6.33252e-06 -0.43633 1.40828e-05 1.5708 -0.0019747
16.798 -0.436332 -0.43633 -2.55666e-06 4.00353 -2.42225e-07 7.05537e-07 -6.33171e-06 -0.43633 1.41191e-05 1.5708 -0.00197461
16.799 -0.436332 -0.43633 -2.567e-06 4.00353 -2.48154e-07 7.08506e-07 -6.33094e-06 -0.43633 1.41549e-05 1.5708 -0.00197452
16.8 -0.436332 -0.43633 -2.5771e-06 4.00353 -2.53988e-07 7.11421e-07 -6.33021e-06 -0.43633 1.41904e-05 1.5708 -0.00197443
16.801 -0.436332 -0.43633 -2.58697e-06 4.00353 -2.59729e-07 7.14285e-07 -6.32953e-06 -0.43633 1.42256e-05 1.5708 -0.00197434
16.802 -0.436332 -0.43633 -2.5966e-06 4.00353 -2.65378e-07 7.17096e-07 -6.32888e-06 -0.43633 1.42603e-05 1.5708 -0.00197425
16.803 -0.436332 -0.43633 -2.60601e-06 4.00353 -2.70935e-07 7.19856e-07 -6.32828e-06 -0.43633 1.42948e-05 1.5708 -0.00197416
16.804 -0.436332 -0.43633 -2.61518e-06 4.00352 -2.76402e-07 7.22565e-07 -6.32772e-06 -0.43633 1.43288e-05 1.5708 -0.00197406
16.805 -0.436332 -0.43633 -2.62413e-06 4.00352 -2.81778e-07 7.25222e-07 -6.32719e-06 -0.43633 1.43625e-05 1.5708 -0.00197397
16.806 -0.436332 -0.43633 -2.63285e-06 4.00352 -2.87067e-07 7.27829e-07 -6.32671e-06 -0.43633 1.43958e-05 1.5708 -0.00197388
16.807 -0.436332 -0.43633 -2.64136e-06 4.00352 -2.92267e-07 7.30386e-07 -6.32627e-06 -0.43633 1.44288e-05 1.5708 -0.00197379
16.808 -0.436332 -0.43633 -2.64964e-06 4.00352 -2.97381e-07 7.32893e-07 -6.32586e-06 -0.43633 1.44615e-05 1.5708 -0.0019737
16.809 -0.436332 -0.43633 -2.65771e-06 4.00352 -3.02408e-07 7.35351e-07 -6.32549e-06 -0.43633 1.44938e-05 1.5708 -0.00197361
16.81 -0.436332 -0.43633 -2.66556e-06 4.00352 -3.07351e-07 7.37759e-07 -6.32516e-06 -0.43633 1.45258e-05 1.5708 -0.00197352
16.811 -0.436332 -0.43633 -2.6732e-06 4.00352 -3.12209e-07 7.40119e-07 -6.32486e-06 -0.43633 1.45574e-05 1.5708 -0.00197343
16.812 -0.436332 -0.43633 -2.68063e-06 4.00352 -3.16984e-07 7.42431e-07 -6.3246e-06 -0.43633 1.45887e-05 1.5708 -0.00197333
16.813 -0.436332 -0.43633 -2.68785e-06 4.00352 -3.21676e-07 7.44694e-07 -6.32438e-06 -0.43633 1.46196e-05 1.5708 -0.00197324
16.814 -0.436332 -0.43633 -2.69487e-06 4.00352 -3.26287e-07 7.4691e-07 -6.32419e-06 -0.43633 1.46502e-05 1.5708 -0.00197315
16.815 -0.436332 -0.43633 -2.70168e-06 4.00352 -3.30817e-07 7.49078e-07 -6.32404e-06 -0.43633 1.46805e-05 1.5708 -0.00197306
16.816 -0.436332 -0.43633 -2.7083e-06 4.00352 -3.35267e-07 7.51199e-07 -6.32392e-06 -0.43633 1.47105e-05 1.5708 -0.00197297
16.817 -0.436332 -0.43633 -2.71471e-06 4.00352 -3.39638e-07 7.53274e-07 -6.32384e-06 -0.43633 1.47402e-05 1.5708 -0.00197288
16.818 -0.436332 -0.43633 -2.72093e-06 4.00352 -3.43931e-07 7.55303e-07 -6.32379e-06 -0.43633 1.47695e-05 1.5708 -0.00197279
16.819 -0.436332 -0.43633 -2.72695e-06 4.00352 -3.48146e-07 7.57286e-07 -6.32377e-06 -0.43633 1.47985e-05 1.5708 -0.0019727
16.82 -0.436332 -0.43633 -2.73278e-06 4.00352 -3.52285e-07 7.59223e-07 -6.32378e-06 -0.43633 1.48272e-05 1.5708 -0.0019726
16.821 -0.436332 -0.43633 -2.73842e-06 4.00352 -3.56348e-07 7.61116e-07 -6.32383e-06 -0.43633 1.48556e-05 1.5708 -0.00197251
16.822 -0.436332 -0.43633 -2.74387e-06 4.00352 -3.60336e-07 7.62963e-07 -6.32391e-06 -0.43633 1.48837e-05 1.5708 -0.00197242
16.823 -0.436332 -0.43633 -2.74914e-06 4.00352 -3.6425e-07 7.64767e-07 -6.32402e-06 -0.43633 1.49115e-05 1.5708 -0.00197233
16.824 -0.436332 -0.43633 -2.75422e-06 4.00352 -3.6809e-07 7.66526e-07 -6.32416e-06 -0.43633 1.4939e-05 1.5708 -0.00197224
16.825 -0.436332 -0.43633 -2.75912e-06 4.00352 -3.71858e-07 7.68242e-07 -6.32433e-06 -0.43633 1.49661e-05 1.5708 -0.00197215
16.826 -0.436332 -0.43633 -2.76384e-06 4.00352 -3.75554e-07 7.69914e-07 -6.32453e-06 -0.43633 1.4993e-05 1.5708 -0.00197206
16.827 -0.436332 -0.43633 -2.76838e-06 4.00352 -3.79179e-07 7.71544e-07 -6.32476e-06 -0.43633 1.50196e-05 1.5708 -0.00197197
16.828 -0.436332 -0.43633 -2.77275e-06 4.00352 -3.82733e-07 7.73131e-07 -6.32502e-06 -0.43633 1.50459e-05 1.5708 -0.00197187
16.829 -0.436332 -0.43633 -2.77694e-06 4.00352 -3.86218e-07 7.74676e-07 -6.32531e-06 -0.43633 1.50719e-05 1.5708 -0.00197178
16.83 -0.436332 -0.43633 -2.78096e-06 4.00352 -3.89634e-07 7.76179e-07 -6.32562e-06 -0.43633 1.50976e-05 1.5708 -0.00197169
16.831 -0.436332 -0.43633 -2.78481e-06 4.00352 -3.92983e-07 7.7764e-07 -6.32597e-06 -0.43633 1.5123e-05 1.5708 -0.0019716
16.832 -0.436332 -0.43633 -2.7885e-06 4.00352 -3.96263e-07 7.79061e-07 -6.32634e-06 -0.43633 1.51482e-05 1.5708 -0.00197151
16.833 -0.436332 -0.43633 -2.79202e-06 4.00352 -3.99478e-07 7.80441e-07 -6.32674e-06 -0.43633 1.5173e-05 1.5708 -0.00197142
16.834 -0.436332 -0.43633 -2.79537e-06 4.00352 -4.02626e-07 7.81781e-07 -6.32716e-06 -0.43633 1.51976e-05 1.5708 -0.00197133
16.835 -0.436332 -0.43633 -2.79856e-06 4.00352 -4.05709e-07 7.8308e-07 -6.32761e-06 -0.43633 1.52219e-05 1.57079 -0.00197124
16.836 -0.436332 -0.43633 -2.8016e-06 4.00352 -4.08728e-07 7.8434e-07 -6.32809e-06 -0.43633 1.52459e-05 1.57079 -0.00197114
16.837 -0.436332 -0.43633 -2.80447e-06 4.00352 -4.11683e-07 7.85561e-07 -6.32859e-06 -0.43633 1.52697e-05 1.57079 -0.00197105
16.838 -0.436332 -0.43633 -2.80719e-06 4.00352 -4.14576e-07 7.86743e-07 -6.32912e-06 -0.43633 1.52932e-05 1.57079 -0.00197096
16.839 -0.436332 -0.43633 -2.80976e-06 4.00352 -4.17405e-07 7.87887e-07 -6.32967e-06 -0.43633 1.53164e-05 1.57079 -0.00197087
16.84 -0.436332 -0.43633 -2.81217e-06 4.00352 -4.20174e-07 7.88992e-07 -6.33025e-06 -0.43633 1.53393e-05 1.57079 -0.00197078
16.841 -0.436332 -0.436329 -2.81443e-06 4.00352 -4.22881e-07 7.9006e-07 -6.33085e-06 -0.436329 1.5362e-05 1.57079 -0.00197069
16.842 -0.436332 -0.436329 -2.81655e-06 4.00352 -4.25528e-07 7.9109e-07 -6.33147e-06 -0.436329 1.53845e-05 1.57079 -0.0019706
16.843 -0.436332 -0.436329 -2.81851e-06 4.00352 -4.28115e-07 7.92083e-07 -6.33212e-06 -0.436329 1.54067e-05 1.57079 -0.00197051
16.844 -0.436332 -0.436329 -2.82033e-06 4.00352 -4.30644e-07 7.93039e-07 -6.33279e-06 -0.436329 1.54286e-05 1.57079 -0.00197041
16.845 -0.436332 -0.436329 -2.82201e-06 4.00352 -4.33114e-07 7.93959e-07 -6.33348e-06 -0.436329 1.54502e-05 1.57079 -0.00197032
16.846 -0.436332 -0.436329 -2.82355e-06 4.00352 -4.35526e-07 7.94843e-07 -6.3342e-06 -0.436329 1.54717e-05 1.57079 -0.00197023
16.847 -0.436332 -0.436329 -2.82495e-06 4.00352 -4.37882e-07 7.95692e-07 -6.33494e-06 -0.436329 1.54928e-05 1.57079 -0.00197014
16.848 -0.436332 -0.436329 -2.82621e-06 4.00352 -4.40181e-07 7.96505e-07 -6.3357e-06 -0.436329 1.55138e-05 1.57079 -0.00197005
16.849 -0.436332 -0.436329 -2.82733e-06 4.00352 -4.42425e-07 7.97283e-07 -6.33647e-06 -0.436329 1.55344e-05 1.57079 -0.00196996
16.85 -0.436332 -0.436329 -2.82832e-06 4.00352 -4.44613e-07 7.98026e-07 -6.33728e-06 -0.436329 1.55549e-05 1.57079 -0.00196987
16.851 -0.436332 -0.436329 -2.82917e-06 4.00352 -4.46747e-07 7.98736e-07 -6.3381e-06 -0.436329 1.55751e-05 1.57079 -0.00196978
16.852 -0.436332 -0.436329 -2.8299e-06 4.00352 -4.48827e-07 7.99411e-07 -6.33894e-06 -0.436329 1.5595e-05 1.57079 -0.00196968
16.853 -0.436332 -0.436329 -2.8305e-06 4.00352 -4.50854e-07 8.00053e-07 -6.3398e-06 -0.436329 1.56147e-05 1.57079 -0.00196959
16.854 -0.436332 -0.436329 -2.83097e-06 4.00352 -4.52829e-07 8.00662e-07 -6.34068e-06 -0.436329 1.56342e-05 1.57079 -0.0019695
16.855 -0.436332 -0.436329 -2.83131e-06 4.00352 -4.54751e-07 8.01238e-07 -6.34158e-06 -0.436329 1.56535e-05 1.57079 -0.00196941
16.856 -0.436332 -0.436329 -2.83153e-06 4.00352 -4.56622e-07 8.01781e-07 -6.3425e-06 -0.436329 1.56725e-05 1.57079 -0.00196932
16.857 -0.436332 -0.436329 -2.83162e-06 4.00352 -4.58442e-07 8.02293e-07 -6.34343e-06 -0.436329 1.56913e-05 1.57079 -0.00196923
16.858 -0.436332 -0.436329 -2.8316e-06 4.00352 -4.60212e-07 8.02772e-07 -6.34439e-06 -0.436329 1.57098e-05 1.57079 -0.00196914
16.859 -0.436332 -0.436329 -2.83145e-06 4.00352 -4.61933e-07 8.0322e-07 -6.34536e-06 -0.436329 1.57282e-05 1.57079 -0.00196905
16.86 -0.436332 -0.436329 -2.83119e-06 4.00352 -4.63604e-07 8.03637e-07 -6.34635e-06 -0.436329 1.57463e-05 1.57079 -0.00196895
16.861 -0.436332 -0.436329 -2.83081e-06 4.00352 -4.65227e-07 8.04023e-07 -6.34736e-06 -0.436329 1.57642e-05 1.57079 -0.00196886
16.862 -0.436332 -0.436329 -2.83032e-06 4.00352 -4.66802e-07 8.04379e-07 -6.34838e-06 -0.436329 1.57819e-05 1.5708 -0.00196877
16.863 -0.436332 -0.436329 -2.82971e-06 4.00352 -4.68329e-07 8.04704e-07 -6.34942e-06 -0.436329 1.57994e-05 1.5708 -0.00196868
16.864 -0.436332 -0.436329 -2.82899e-06 4.00352 -4.6981e-07 8.05e-07 -6.35048e-06 -0.436329 1.58166e-05 1.5708 -0.00196859
16.865 -0.436332 -0.436329 -2.82817e-06 4.00352 -4.71245e-07 8.05266e-07 -6.35155e-06 -0.436329 1.58337e-05 1.5708 -0.0019685
16.866 -0.436332 -0.436329 -2.82723e-06 4.00352 -4.72634e-07 8.05504e-07 -6.35264e-06 -0.436329 1.58505e-05 1.5708 -0.00196841
16.867 -0.436332 -0.436329 -2.82619e-06 4.00353 -4.73977e-07 8.05712e-07 -6.35375e-06 -0.436329 1.58671e-05 1.5708 -0.00196832
16.868 -0.436332 -0.436329 -2.82504e-06 4.00353 -4.75276e-07 8.05892e-07 -6.35487e-06 -0.436329 1.58835e-05 1.5708 -0.00196823
16.869 -0.436332 -0.436329 -2.82379e-06 4.00353 -4.76531e-07 8.06044e-07 -6.356e-06 -0.436329 1.58997e-05 1.5708 -0.00196813
16.87 -0.436332 -0.436329 -2.82243e-06 4.00353 -4.77743e-07 8.06168e-07 -6.35715e-06 -0.436329 1.59157e-05 1.5708 -0.00196804
16.871 -0.436332 -0.436329 -2.82098e-06 4.00353 -4.78911e-07 8.06264e-07 -6.35832e-06 -0.436329 1.59315e-05 1.5708 -0.00196795
16.872 -0.436332 -0.436329 -2.81942e-06 4.00353 -4.80037e-07 8.06334e-07 -6.3595e-06 -0.436329 1.59472e-05 1.5708 -0.00196786
16.873 -0.436332 -0.436329 -2.81777e-06 4.00353 -4.81121e-07 8.06376e-07 -6.36069e-06 -0.436329 1.59626e-05 1.5708 -0.00196777
16.874 -0.436332 -0.436329 -2.81602e-06 4.00353 -4.82163e-07 8.06392e-07 -6.36189e-06 -0.436329 1.59778e-05 1.5708 -0.00196768
16.875 -0.436332 -0.436329 -2.81417e-06 4.00353 -4.83165e-07 8.06382e-07 -6.36311e-06 -0.436329 1.59928e-05 1.5708 -0.00196759
16.876 -0.436332 -0.43633 -2.81223e-06 4.00353 -4.84125e-07 8.06345e-07 -6.36435e-06 -0.43633 1.60076e-05 1.5708 -0.0019675
16.877 -0.436332 -0.43633 -2.8102e-06 4.00353 -4.85046e-07 8.06284e-07 -6.36559e-06 -0.43633 1.60223e-05 1.5708 -0.0019674
16.878 -0.436332 -0.43633 -2.80807e-06 4.00353 -4.85928e-07 8.06197e-07 -6.36685e-06 -0.43633 1.60367e-05 1.5708 -0.00196731
16.879 -0.436332 -0.43633 -2.80586e-06 4.00353 -4.8677e-07 8.06085e-07 -6.36812e-06 -0.43633 1.6051e-05 1.5708 -0.00196722
16.88 -0.436332 -0.43633 -2.80356e-06 4.00353 -4.87574e-07 8.05948e-07 -6.3694e-06 -0.43633 1.6065e-05 1.5708 -0.00196713
16.881 -0.436332 -0.43633 -2.80117e-06 4.00353 -4.8834e-07 8.05787e-07 -6.37069e-06 -0.43633 1.60789e-05 1.5708 -0.00196704
16.882 -0.436332 -0.43633 -2.7987e-06 4.00353 -4.89068e-07 8.05602e-07 -6.372e-06 -0.43633 1.60926e-05 1.5708 -0.00196695
16.883 -0.436332 -0.43633 -2.79614e-06 4.00353 -4.89759e-07 8.05393e-07 -6.37331e-06 -0.43633 1.61062e-05 1.5708 -0.00196686
16.884 -0.436332 -0.43633 -2.7935e-06 4.00353 -4.90414e-07 8.05161e-07 -6.37464e-06 -0.43633 1.61195e-05 1.5708 -0.00196677
16.885 -0.436332 -0.43633 -2.79077e-06 4.00353 -4.91032e-07 8.04905e-07 -6.37598e-06 -0.43633 1.61327e-05 1.5708 -0.00196668
16.886 -0.436332 -0.43633 -2.78797e-06 4.00353 -4.91614e-07 8.04627e-07 -6.37733e-06 -0.43633 1.61457e-05 1.5708 -0.00196658
16.887 -0.436332 -0.43633 -2.78508e-06 4.00353 -4.92162e-07 8.04326e-07 -6.37869e-06 -0.43633 1.61585e-05 1.5708 -0.00196649
16.888 -0.436332 -0.43633 -2.78212e-06 4.00353 -4.92674e-07 8.04003e-07 -6.38006e-06 -0.43633 1.61711e-05 1.5708 -0.0019664
16.889 -0.436332 -0.43633 -2.77908e-06 4.00353 -4.93152e-07 8.03658e-07 -6.38144e-06 -0.43633 1.61836e-05 1.5708 -0.00196631
16.89 -0.436332 -0.43633 -2.77597e-06 4.00353 -4.93596e-07 8.03291e-07 -6.38283e-06 -0.43633 1.61959e-05 1.5708 -0.00196622
16.891 -0.436332 -0.43633 -2.77278e-06 4.00353 -4.94007e-07 8.02903e-07 -6.38423e-06 -0.43633 1.62081e-05 1.5708 -0.00196613
16.892 -0.436332 -0.43633 -2.76952e-06 4.00353 -4.94384e-07 8.02494e-07 -6.38563e-06 -0.43633 1.62201e-05 1.5708 -0.00196604
16.893 -0.436332 -0.43633 -2.76618e-06 4.00353 -4.94729e-07 8.02064e-07 -6.38705e-06 -0.43633 1.62319e-05 1.5708 -0.00196595
16.894 -0.436332 -0.43633 -2.76278e-06 4.00353 -4.95041e-07 8.01614e-07 -6.38848e-06 -0.43633 1.62435e-05 1.5708 -0.00196586
16.895 -0.436332 -0.43633 -2.7593e-06 4.00353 -4.95322e-07 8.01143e-07 -6.38991e-06 -0.43633 1.6255e-05 1.5708 -0.00196576
16.896 -0.436332 -0.43633 -2.75576e-06 4.00353 -4.95571e-07 8.00652e-07 -6.39135e-06 -0.43633 1.62663e-05 1.5708 -0.00196567
16.897 -0.436332 -0.43633 -2.75215e-06 4.00353 -4.9579e-07 8.00142e-07 -6.3928e-06 -0.43633 1.62775e-05 1.5708 -0.00196558
16.898 -0.436332 -0.43633 -2.74848e-06 4.00353 -4.95977e-07 7.99612e-07 -6.39426e-06 -0.43633 1.62885e-05 1.5708 -0.00196549
16.899 -0.436332 -0.43633 -2.74474e-06 4.00353 -4.96135e-07 7.99063e-07 -6.39573e-06 -0.43633 1.62994e-05 1.5708 -0.0019654
16.9 -0.436332 -0.43633 -2.74093e-06 4.00353 -4.96263e-07 7.98495e-07 -6.3972e-06 -0.43633 1.63101e-05 1.5708 -0.00196531
16.901 -0.436332 -0.43633 -2.73706e-06 4.00353 -4.96361e-07 7.97908e-07 -6.39869e-06 -0.43633 1.63206e-05 1.5708 -0.00196522
16.902 -0.436332 -0.43633 -2.73313e-06 4.00353 -4.9643e-07 7.97303e-07 -6.40017e-06 -0.43633 1.6331e-05 1.5708 -0.00196513
16.903 -0.436332 -0.43633 -2.72914e-06 4.00353 -4.96471e-07 7.9668e-07 -6.40167e-06 -0.43633 1.63413e-05 1.5708 -0.00196504
16.904 -0.436332 -0.43633 -2.7251e-06 4.00353 -4.96484e-07 7.96039e-07 -6.40317e-06 -0.43633 1.63514e-05 1.5708 -0.00196494
16.905 -0.436332 -0.43633 -2.72099e-06 4.00353 -4.96468e-07 7.95381e-07 -6.40468e-06 -0.43633 1.63614e-05 1.5708 -0.00196485
16.906 -0.436332 -0.43633 -2.71682e-06 4.00353 -4.96426e-07 7.94705e-07 -6.4062e-06 -0.43633 1.63712e-05 1.5708 -0.00196476
16.907 -0.436332 -0.43633 -2.7126e-06 4.00353 -4.96356e-07 7.94013e-07 -6.40772e-06 -0.43633 1.63808e-05 1.5708 -0.00196467
16.908 -0.436332 -0.43633 -2.70832e-06 4.00353 -4.96259e-07 7.93303e-07 -6.40925e-06 -0.43633 1.63904e-05 1.5708 -0.00196458
16.909 -0.436332 -0.43633 -2.70399e-06 4.00353 -4.96136e-07 7.92577e-07 -6.41078e-06 -0.43633 1.63998e-05 1.5708 -0.00196449
16.91 -0.436332 -0.43633 -2.69961e-06 4.00353 -4.95987e-07 7.91835e-07 -6.41232e-06 -0.43633 1.6409e-05 1.5708 -0.0019644
16.911 -0.436332 -0.43633 -2.69517e-06 4.00353 -4.95813e-07 7.91077e-07 -6.41387e-06 -0.43633 1.64181e-05 1.5708 -0.00196431
16.912 -0.436332 -0.43633 -2.69069e-06 4.00353 -4.95613e-07 7.90303e-07 -6.41542e-06 -0.43633 1.64271e-05 1.5708 -0.00196422
16.913 -0.436332 -0.43633 -2.68615e-06 4.00353 -4.95388e-07 7.89513e-07 -6.41697e-06 -0.43633 1.64359e-05 1.5708 -0.00196412
16.914 -0.436332 -0.43633 -2.68156e-06 4.00353 -4.95139e-07 7.88708e-07 -6.41853e-06 -0.43633 1.64446e-05 1.5708 -0.00196403
16.915 -0.436332 -0.43633 -2.67693e-06 4.00353 -4.94866e-07 7.87889e-07 -6.4201e-06 -0.43633 1.64532e-05 1.5708 -0.00196394
16.916 -0.436332 -0.43633 -2.67224e-06 4.00353 -4.94568e-07 7.87054e-07 -6.42167e-06 -0.43633 1.64616e-05 1.5708 -0.00196385
16.917 -0.436332 -0.43633 -2.66752e-06 4.00353 -4.94247e-07 7.86205e-07 -6.42324e-06 -0.43633 1.64699e-05 1.5708 -0.00196376
16.918 -0.436332 -0.43633 -2.66274e-06 4.00353 -4.93903e-07 7.85341e-07 -6.42482e-06 -0.43633 1.64781e-05 1.5708 -0.00196367
16.919 -0.436332 -0.43633 -2.65792e-06 4.00353 -4.93536e-07 7.84464e-07 -6.4264e-06 -0.43633 1.64861e-05 1.5708 -0.00196358
16.92 -0.436332 -0.43633 -2.65306e-06 4.00353 -4.93147e-07 7.83572e-07 -6.42799e-06 -0.43633 1.6494e-05 1.5708 -0.00196349
16.921 -0.436332 -0.43633 -2.64816e-06 4.00353 -4.92735e-07 7.82667e-07 -6.42958e-06 -0.43633 1.65018e-05 1.5708 -0.0019634
16.922 -0.436332 -0.43633 -2.64321e-06 4.00353 -4.92301e-07 7.81749e-07 -6.43117e-06 -0.43633 1.65095e-05 1.5708 -0.00196331
16.923 -0.436332 -0.43633 -2.63822e-06 4.00353 -4.91846e-07 7.80817e-07 -6.43277e-06 -0.43633 1.65171e-05 1.5708 -0.00196321
16.924 -0.436332 -0.43633 -2.63319e-06 4.00353 -4.91369e-07 7.79872e-07 -6.43437e-06 -0.43633 1.65245e-05 1.5708 -0.00196312
16.925 -0.436332 -0.43633 -2.62813e-06 4.00353 -4.90872e-07 7.78915e-07 -6.43598e-06 -0.43633 1.65318e-05 1.5708 -0.00196303
16.926 -0.436332 -0.43633 -2.62302e-06 4.00353 -4.90354e-07 7.77945e-07 -6.43759e-06 -0.43633 1.6539e-05 1.5708 -0.00196294
16.927 -0.436332 -0.43633 -2.61788e-06 4.00353 -4.89816e-07 7.76963e-07 -6.4392e-06 -0.43633 1.6546e-05 1.5708 -0.00196285
16.928 -0.436332 -0.43633 -2.6127e-06 4.00353 -4.89257e-07 7.75969e-07 -6.44081e-06 -0.43633 1.6553e-05 1.5708 -0.00196276
16.929 -0.436332 -0.43633 -2.60748e-06 4.00353 -4.88679e-07 7.74963e-07 -6.44243e-06 -0.43633 1.65598e-05 1.5708 -0.00196267
16.93 -0.436332 -0.43633 -2.60223e-06 4.00353 -4.88082e-07 7.73946e-07 -6.44404e-06 -0.43633 1.65665e-05 1.5708 -0.00196258
16.931 -0.436332 -0.43633 -2.59695e-06 4.00353 -4.87465e-07 7.72917e-07 -6.44566e-06 -0.43633 1.65731e-05 1.5708 -0.00196249
16.932 -0.436332 -0.43633 -2.59163e-06 4.00353 -4.86829e-07 7.71877e-07 -6.44729e-06 -0.43633 1.65796e-05 1.5708 -0.0019624
16.933 -0.436332 -0.43633 -2.58628e-06 4.00353 -4.86175e-07 7.70826e-07 -6.44891e-06 -0.43633 1.6586e-05 1.5708 -0.0019623
16.934 -0.436332 -0.43633 -2.5809e-06 4.00353 -4.85503e-07 7.69764e-07 -6.45054e-06 -0.43633 1.65923e-05 1.5708 -0.00196221
16.935 -0.436332 -0.43633 -2.57549e-06 4.00353 -4.84813e-07 7.68691e-07 -6.45217e-06 -0.43633 1.65984e-05 1.5708 -0.00196212
16.936 -0.436332 -0.43633 -2.57005e-06 4.00353 -4.84105e-07 7.67608e-07 -6.4538e-06 -0.43633 1.66045e-05 1.5708 -0.00196203
16.937 -0.436332 -0.43633 -2.56458e-06 4.00353 -4.83379e-07 7.66515e-07 -6.45543e-06 -0.43633 1.66104e-05 1.5708 -0.00196194
16.938 -0.436332 -0.43633 -2.55908e-06 4.00353 -4.82637e-07 7.65412e-07 -6.45707e-06 -0.43633 1.66163e-05 1.5708 -0.00196185
16.939 -0.436332 -0.43633 -2.55355e-06 4.00353 -4.81878e-07 7.64299e-07 -6.4587e-06 -0.43633 1.6622e-05 1.5708 -0.00196176
16.94 -0.436332 -0.43633 -2.54799e-06 4.00353 -4.81102e-07 7.63177e-07 -6.46034e-06 -0.43633 1.66276e-05 1.5708 -0.00196167
16.941 -0.436332 -0.43633 -2.54241e-06 4.00353 -4.80309e-07 7.62045e-07 -6.46197e-06 -0.43633 1.66332e-05 1.5708 -0.00196158
16.942 -0.436332 -0.43633 -2.5368e-06 4.00353 -4.79501e-07 7.60905e-07 -6.46361e-06 -0.43633 1.66386e-05 1.5708 -0.00196149
16.943 -0.436332 -0.43633 -2.53117e-06 4.00353 -4.78677e-07 7.59755e-07 -6.46525e-06 -0.43633 1.66439e-05 1.5708 -0.00196139
16.944 -0.436332 -0.43633 -2.52551e-06 4.00353 -4.77837e-07 7.58596e-07 -6.46689e-06 -0.43633 1.66491e-05 1.5708 -0.0019613
16.945 -0.436332 -0.43633 -2.51983e-06 4.00353 -4.76982e-07 7.57429e-07 -6.46853e-06 -0.43633 1.66543e-05 1.5708 -0.00196121
16.946 -0.436332 -0.43633 -2.51413e-06 4.00353 -4.76113e-07 7.56253e-07 -6.47017e-06 -0.43633 1.66593e-05 1.5708 -0.00196112
16.947 -0.436332 -0.43633 -2.5084e-06 4.00353 -4.75228e-07 7.55069e-07 -6.47181e-06 -0.43633 1.66642e-05 1.5708 -0.00196103
16.948 -0.436332 -0.43633 -2.50266e-06 4.00353 -4.74329e-07 7.53877e-07 -6.47345e-06 -0.43633 1.66691e-05 1.5708 -0.00196094
16.949 -0.436332 -0.43633 -2.49689e-06 4.00353 -4.73415e-07 7.52677e-07 -6.4751e-06 -0.43633 1.66738e-05 1.5708 -0.00196085
16.95 -0.436332 -0.43633 -2.4911e-06 4.00353 -4.72487e-07 7.51469e-07 -6.47674e-06 -0.43633 1.66785e-05 1.5708 -0.00196076
16.951 -0.436332 -0.43633 -2.48529e-06 4.00353 -4.71546e-07 7.50254e-07 -6.47838e-06 -0.43633 1.6683e-05 1.5708 -0.00196067
16.952 -0.436332 -0.43633 -2.47947e-06 4.00353 -4.70591e-07 7.49031e-07 -6.48002e-06 -0.43633 1.66875e-05 1.5708 -0.00196058
16.953 -0.436332 -0.43633 -2.47362e-06 4.00353 -4.69623e-07 7.47801e-07 -6.48166e-06 -0.43633 1.66918e-05 1.5708 -0.00196049
16.954 -0.436332 -0.43633 -2.46776e-06 4.00353 -4.68641e-07 7.46564e-07 -6.4833e-06 -0.43633 1.66961e-05 1.5708 -0.00196039
16.955 -0.436332 -0.43633 -2.46188e-06 4.00353 -4.67647e-07 7.45321e-07 -6.48494e-06 -0.43633 1.67003e-05 1.5708 -0.0019603
16.956 -0.436332 -0.43633 -2.45599e-06 4.00353 -4.6664e-07 7.4407e-07 -6.48658e-06 -0.43633 1.67044e-05 1.5708 -0.00196021
16.957 -0.436332 -0.43633 -2.45008e-06 4.00353 -4.65621e-07 7.42814e-07 -6.48822e-06 -0.43633 1.67085e-05 1.5708 -0.00196012
16.958 -0.436332 -0.43633 -2.44415e-06 4.00353 -4.6459e-07 7.4155e-07 -6.48986e-06 -0.43633 1.67124e-05 1.5708 -0.00196003
16.959 -0.436332 -0.43633 -2.43821e-06 4.00353 -4.63547e-07 7.40281e-07 -6.4915e-06 -0.43633 1.67162e-05 1.5708 -0.00195994
16.96 -0.436332 -0.43633 -2.43225e-06 4.00353 -4.62491e-07 7.39006e-07 -6.49313e-06 -0.43633 1.672e-05 1.5708 -0.00195985
16.961 -0.436332 -0.43633 -2.42628e-06 4.00353 -4.61425e-07 7.37724e-07 -6.49477e-06 -0.43633 1.67237e-05 1.5708 -0.00195976
16.962 -0.436332 -0.43633 -2.4203e-06 4.00353 -4.60347e-07 7.36437e-07 -6.4964e-06 -0.43633 1.67273e-05 1.5708 -0.00195967
16.963 -0.436332 -0.43633 -2.41431e-06 4.00353 -4.59258e-07 7.35145e-07 -6.49803e-06 -0.43633 1.67308e-05 1.5708 -0.00195958
16.964 -0.436332 -0.43633 -2.4083e-06 4.00353 -4.58158e-07 7.33847e-07 -6.49966e-06 -0.43633 1.67342e-05 1.5708 -0.00195949
16.965 -0.436332 -0.43633 -2.40229e-06 4.00353 -4.57048e-07 7.32544e-07 -6.50129e-06 -0.43633 1.67376e-05 1.5708 -0.00195939
16.966 -0.436332 -0.43633 -2.39626e-06 4.00353 -4.55927e-07 7.31236e-07 -6.50292e-06 -0.43633 1.67409e-05 1.5708 -0.0019593
16.967 -0.436332 -0.43633 -2.39022e-06 4.00353 -4.54795e-07 7.29922e-07 -6.50455e-06 -0.43633 1.67441e-05 1.5708 -0.00195921
16.968 -0.436332 -0.43633 -2.38418e-06 4.00353 -4.53654e-07 7.28604e-07 -6.50617e-06 -0.43633 1.67472e-05 1.5708 -0.00195912
16.969 -0.436332 -0.43633 -2.37812e-06 4.00353 -4.52503e-07 7.27282e-07 -6.5078e-06 -0.43633 1.67503e-05 1.5708 -0.00195903
16.97 -0.436332 -0.43633 -2.37205e-06 4.00353 -4.51342e-07 7.25955e-07 -6.50942e-06 -0.43633 1.67532e-05 1.5708 -0.00195894
16.971 -0.436332 -0.43633 -2.36598e-06 4.00354 -4.50172e-07 7.24623e-07 -6.51104e-06 -0.43633 1.67561e-05 1.5708 -0.00195885
16.972 -0.436332 -0.43633 -2.3599e-06 4.00354 -4.48992e-07 7.23287e-07 -6.51265e-06 -0.43633 1.67589e-05 1.5708 -0.00195876
16.973 -0.436332 -0.43633 -2.35381e-06 4.00354 -4.47803e-07 7.21948e-07 -6.51427e-06 -0.43633 1.67617e-05 1.5708 -0.00195867
16.974 -0.436332 -0.43633 -2.34772e-06 4.00354 -4.46606e-07 7.20604e-07 -6.51588e-06 -0.43633 1.67644e-05 1.5708 -0.00195858
16.975 -0.436332 -0.43633 -2.34162e-06 4.00354 -4.45399e-07 7.19256e-07 -6.51749e-06 -0.43633 1.6767e-05 1.5708 -0.00195849
16.976 -0.436332 -0.43633 -2.33552e-06 4.00354 -4.44185e-07 7.17905e-07 -6.5191e-06 -0.43633 1.67695e-05 1.5708 -0.0019584
16.977 -0.436332 -0.43633 -2.32941e-06 4.00354 -4.42961e-07 7.16551e-07 -6.52071e-06 -0.43633 1.6772e-05 1.5708 -0.0019583
16.978 -0.436332 -0.43633 -2.32329e-06 4.00354 -4.4173e-07 7.15192e-07 -6.52231e-06 -0.43633 1.67744e-05 1.5708 -0.00195821
16.979 -0.436332 -0.43633 -2.31717e-06 4.00354 -4.40491e-07 7.13831e-07 -6.52391e-06 -0.43633 1.67767e-05 1.5708 -0.00195812
16.98 -0.436332 -0.43633 -2.31105e-06 4.00354 -4.39244e-07 7.12467e-07 -6.52551e-06 -0.43633 1.6779e-05 1.5708 -0.00195803
16.981 -0.436332 -0.43633 -2.30492e-06 4.00354 -4.37989e-07 7.11099e-07 -6.52711e-06 -0.43633 1.67812e-05 1.5708 -0.00195794
16.982 -0.436332 -0.43633 -2.29879e-06 4.00354 -4.36727e-07 7.09729e-07 -6.5287e-06 -0.43633 1.67833e-05 1.5708 -0.00195785
16.983 -0.436332 -0.43633 -2.29266e-06 4.00354 -4.35457e-07 7.08356e-07 -6.53029e-06 -0.43633 1.67853e-05 1.5708 -0.00195776
16.984 -0.436332 -0.43633 -2.28653e-06 4.00354 -4.34181e-07 7.0698e-07 -6.53188e-06 -0.43633 1.67873e-05 1.5708 -0.00195767
16.985 -0.436332 -0.43633 -2.28039e-06 4.00354 -4.32897e-07 7.05601e-07 -6.53346e-06 -0.43633 1.67893e-05 1.5708 -0.00195758
16.986 -0.436332 -0.43633 -2.27426e-06 4.00354 -4.31607e-07 7.04221e-07 -6.53504e-06 -0.43633 1.67911e-05 1.5708 -0.00195749
16.987 -0.436332 -0.43633 -2.26812e-06 4.00354 -4.3031e-07 7.02838e-07 -6.53662e-06 -0.43633 1.6793e-05 1.5708 -0.0019574
16.988 -0.436332 -0.43633 -2.26198e-06 4.00354 -4.29006e-07 7.01453e-07 -6.53819e-06 -0.43633 1.67947e-05 1.5708 -0.00195731
16.989 -0.436332 -0.43633 -2.25585e-06 4.00354 -4.27697e-07 7.00066e-07 -6.53976e-06 -0.43633 1.67964e-05 1.5708 -0.00195722
16.99 -0.436332 -0.43633 -2.24971e-06 4.00354 -4.26381e-07 6.98676e-07 -6.54133e-06 -0.43633 1.6798e-05 1.5708 -0.00195712
16.991 -0.436332 -0.43633 -2.24357e-06 4.00354 -4.25059e-07 6.97286e-07 -6.5429e-06 -0.43633 1.67996e-05 1.5708 -0.00195703
16.992 -0.436332 -0.43633 -2.23744e-06 4.00354 -4.23731e-07 6.95893e-07 -6.54446e-06 -0.43633 1.68011e-05 1.5708 -0.00195694
16.993 -0.436332 -0.43633 -2.23131e-06 4.00354 -4.22398e-07 6.94499e-07 -6.54602e-06 -0.43633 1.68025e-05 1.5708 -0.00195685
16.994 -0.436332 -0.43633 -2.22517e-06 4.00354 -4.21059e-07 6.93103e-07 -6.54757e-06 -0.43633 1.68039e-05 1.5708 -0.00195676
16.995 -0.436332 -0.43633 -2.21905e-06 4.00354 -4.19715e-07 6.91706e-07 -6.54912e-06 -0.43633 1.68052e-05 1.5708 -0.00195667
16.996 -0.436332 -0.43633 -2.21292e-06 4.00354 -4.18365e-07 6.90308e-07 -6.55067e-06 -0.43633 1.68065e-05 1.5708 -0.00195658
16.997 -0.436332 -0.43633 -2.2068e-06 4.00354 -4.1701e-07 6.88909e-07 -6.55221e-06 -0.43633 1.68077e-05 1.5708 -0.00195649
16.998 -0.436332 -0.43633 -2.20068e-06 4.00354 -4.15651e-07 6.87508e-07 -6.55375e-06 -0.43633 1.68089e-05 1.5708 -0.0019564
16.999 -0.436332 -0.43633 -2.19456e-06 4.00354 -4.14286e-07 6.86107e-07 -6.55529e-06 -0.43633 1.681e-05 1.5708 -0.00195631
17 -0.436332 -0.43633 -2.18845e-06 4.00354 -4.12917e-07 6.84704e-07 -6.55682e-06 -0.43633 1.68111e-05 1.5708 -0.00195622
17.001 -0.436332 -0.43633 -2.18234e-06 4.00354 -4.11544e-07 6.83301e-07 -6.55835e-06 -0.43633 1.68121e-05 1.5708 -0.00195613
17.002 -0.436332 -0.43633 -2.17624e-06 4.00354 -4.10166e-07 6.81898e-07 -6.55987e-06 -0.43633 1.6813e-05 1.5708 -0.00195604
17.003 -0.436332 -0.43633 -2.17014e-06 4.00354 -4.08784e-07 6.80494e-07 -6.56139e-06 -0.43633 1.68139e-05 1.5708 -0.00195595
17.004 -0.436332 -0.43633 -2.16405e-06 4.00354 -4.07398e-07 6.79089e-07 -6.56291e-06 -0.43633 1.68148e-05 1.5708 -0.00195585
17.005 -0.436332 -0.43633 -2.15796e-06 4.00354 -4.06007e-07 6.77684e-07 -6.56442e-06 -0.43633 1.68156e-05 1.5708 -0.00195576
17.006 -0.436332 -0.43633 -2.15188e-06 4.00354 -4.04613e-07 6.76279e-07 -6.56593e-06 -0.43633 1.68163e-05 1.5708 -0.00195567
17.007 -0.436332 -0.43633 -2.14581e-06 4.00354 -4.03215e-07 6.74873e-07 -6.56743e-06 -0.43633 1.6817e-05 1.5708 -0.00195558
17.008 -0.436332 -0.43633 -2.13974e-06 4.00354 -4.01814e-07 6.73468e-07 -6.56893e-06 -0.43633 1.68177e-05 1.5708 -0.00195549
17.009 -0.436332 -0.43633 -2.13368e-06 4.00354 -4.00409e-07 6.72062e-07 -6.57043e-06 -0.43633 1.68183e-05 1.5708 -0.0019554
17.01 -0.436332 -0.43633 -2.12763e-06 4.00354 -3.99001e-07 6.70657e-07 -6.57192e-06 -0.43633 1.68188e-05 1.5708 -0.00195531
17.011 -0.436332 -0.43633 -2.12158e-06 4.00354 -3.97589e-07 6.69251e-07 -6.57341e-06 -0.43633 1.68193e-05 1.5708 -0.00195522
17.012 -0.436332 -0.43633 -2.11555e-06 4.00354 -3.96175e-07 6.67847e-07 -6.57489e-06 -0.43633 1.68198e-05 1.5708 -0.00195513
17.013 -0.436332 -0.43633 -2.10952e-06 4.00354 -3.94757e-07 6.66442e-07 -6.57637e-06 -0.43633 1.68202e-05 1.5708 -0.00195504
17.014 -0.436332 -0.43633 -2.1035e-06 4.00354 -3.93337e-07 6.65038e-07 -6.57784e-06 -0.43633 1.68206e-05 1.5708 -0.00195495
17.015 -0.436332 -0.43633 -2.09748e-06 4.00354 -3.91914e-07 6.63634e-07 -6.57931e-06 -0.43633 1.68209e-05 1.5708 -0.00195486
17.016 -0.436332 -0.43633 -2.09148e-06 4.00354 -3.90488e-07 6.62231e-07 -6.58077e-06 -0.43633 1.68212e-05 1.5708 -0.00195477
17.017 -0.436332 -0.43633 -2.08549e-06 4.00354 -3.8906e-07 6.60829e-07 -6.58223e-06 -0.43633 1.68214e-05 1.5708 -0.00195468
17.018 -0.436332 -0.43633 -2.0795e-06 4.00354 -3.87629e-07 6.59427e-07 -6.58369e-06 -0.43633 1.68216e-05 1.5708 -0.00195459
17.019 -0.436332 -0.43633 -2.07353e-06 4.00354 -3.86196e-07 6.58027e-07 -6.58514e-06 -0.43633 1.68218e-05 1.5708 -0.0019545
17.02 -0.436332 -0.43633 -2.06756e-06 4.00354 -3.84761e-07 6.56627e-07 -6.58658e-06 -0.43633 1.68219e-05 1.5708 -0.0019544
17.021 -0.436332 -0.43633 -2.0616e-06 4.00354 -3.83324e-07 6.55228e-07 -6.58802e-06 -0.43633 1.6822e-05 1.5708 -0.00195431
17.022 -0.436332 -0.43633 -2.05566e-06 4.00354 -3.81885e-07 6.5383e-07 -6.58946e-06 -0.43633 1.6822e-05 1.5708 -0.00195422
17.023 -0.436332 -0.43633 -2.04973e-06 4.00354 -3.80444e-07 6.52434e-07 -6.59089e-06 -0.43633 1.6822e-05 1.5708 -0.00195413
17.024 -0.436332 -0.43633 -2.0438e-06 4.00354 -3.79001e-07 6.51038e-07 -6.59232e-06 -0.43633 1.68219e-05 1.5708 -0.00195404
17.025 -0.436332 -0.43633 -2.03789e-06 4.00354 -3.77557e-07 6.49644e-07 -6.59374e-06 -0.43633 1.68218e-05 1.5708 -0.00195395
17.026 -0.436332 -0.43633 -2.03199e-06 4.00354 -3.76111e-07 6.48252e-07 -6.59516e-06 -0.43633 1.68217e-05 1.5708 -0.00195386
17.027 -0.436332 -0.43633 -2.0261e-06 4.00354 -3.74664e-07 6.4686e-07 -6.59657e-06 -0.43633 1.68215e-05 1.5708 -0.00195377
17.028 -0.436332 -0.43633 -2.02022e-06 4.00354 -3.73215e-07 6.45471e-07 -6.59798e-06 -0.43633 1.68213e-05 1.5708 -0.00195368
17.029 -0.436332 -0.43633 -2.01436e-06 4.00354 -3.71765e-07 6.44082e-07 -6.59938e-06 -0.43633 1.68211e-05 1.5708 -0.00195359
17.03 -0.436332 -0.43633 -2.0085e-06 4.00354 -3.70314e-07 6.42696e-07 -6.60078e-06 -0.43633 1.68208e-05 1.5708 -0.0019535
17.031 -0.436332 -0.43633 -2.00266e-06 4.00354 -3.68862e-07 6.41311e-07 -6.60217e-06 -0.43633 1.68205e-05 1.5708 -0.00195341
17.032 -0.436332 -0.43633 -1.99683e-06 4.00354 -3.67409e-07 6.39928e-07 -6.60355e-06 -0.43633 1.68201e-05 1.5708 -0.00195332
17.033 -0.436332 -0.43633 -1.99102e-06 4.00354 -3.65955e-07 6.38547e-07 -6.60494e-06 -0.43633 1.68197e-05 1.5708 -0.00195323
17.034 -0.436332 -0.43633 -1.98521e-06 4.00354 -3.64501e-07 6.37167e-07 -6.60631e-06 -0.43633 1.68193e-05 1.5708 -0.00195314
17.035 -0.436332 -0.43633 -1.97942e-06 4.00354 -3.63045e-07 6.3579e-07 -6.60768e-06 -0.43633 1.68188e-05 1.5708 -0.00195305
17.036 -0.436332 -0.43633 -1.97365e-06 4.00354 -3.6159e-07 6.34415e-07 -6.60905e-06 -0.43633 1.68183e-05 1.5708 -0.00195296
17.037 -0.436332 -0.43633 -1.96789e-06 4.00354 -3.60133e-07 6.33041e-07 -6.61041e-06 -0.43633 1.68178e-05 1.5708 -0.00195287
17.038 -0.436332 -0.43633 -1.96214e-06 4.00354 -3.58676e-07 6.3167e-07 -6.61177e-06 -0.43633 1.68172e-05 1.5708 -0.00195277
17.039 -0.436332 -0.43633 -1.9564e-06 4.00354 -3.57219e-07 6.30301e-07 -6.61312e-06 -0.43633 1.68166e-05 1.5708 -0.00195268
17.04 -0.436332 -0.43633 -1.95068e-06 4.00354 -3.55762e-07 6.28935e-07 -6.61446e-06 -0.43633 1.6816e-05 1.5708 -0.00195259
17.041 -0.436332 -0.43633 -1.94497e-06 4.00354 -3.54305e-07 6.2757e-07 -6.6158e-06 -0.43633 1.68154e-05 1.5708 -0.0019525
17.042 -0.436332 -0.43633 -1.93928e-06 4.00354 -3.52847e-07 6.26208e-07 -6.61714e-06 -0.43633 1.68147e-05 1.5708 -0.00195241
17.043 -0.436332 -0.43633 -1.9336e-06 4.00354 -3.5139e-07 6.24848e-07 -6.61847e-06 -0.43633 1.68139e-05 1.5708 -0.00195232
17.044 -0.436332 -0.43633 -1.92794e-06 4.00354 -3.49932e-07 6.23491e-07 -6.61979e-06 -0.43633 1.68132e-05 1.5708 -0.00195223
17.045 -0.436332 -0.43633 -1.92229e-06 4.00354 -3.48475e-07 6.22137e-07 -6.62111e-06 -0.43633 1.68124e-05 1.5708 -0.00195214
17.046 -0.436332 -0.43633 -1.91666e-06 4.00354 -3.47018e-07 6.20785e-07 -6.62243e-06 -0.43633 1.68116e-05 1.5708 -0.00195205
17.047 -0.436332 -0.43633 -1.91104e-06 4.00354 -3.45561e-07 6.19435e-07 -6.62373e-06 -0.43633 1.68108e-05 1.5708 -0.00195196
17.048 -0.436332 -0.43633 -1.90544e-06 4.00354 -3.44105e-07 6.18088e-07 -6.62504e-06 -0.43633 1.68099e-05 1.5708 -0.00195187
17.049 -0.436332 -0.43633 -1.89985e-06 4.00354 -3.42649e-07 6.16744e-07 -6.62633e-06 -0.43633 1.6809e-05 1.5708 -0.00195178
17.05 -0.436332 -0.43633 -1.89428e-06 4.00354 -3.41194e-07 6.15403e-07 -6.62763e-06 -0.43633 1.68081e-05 1.5708 -0.00195169
17.051 -0.436332 -0.43633 -1.88872e-06 4.00354 -3.3974e-07 6.14064e-07 -6.62891e-06 -0.43633 1.68071e-05 1.5708 -0.0019516
17.052 -0.436332 -0.43633 -1.88318e-06 4.00354 -3.38286e-07 6.12729e-07 -6.63019e-06 -0.43633 1.68061e-05 1.5708 -0.00195151
17.053 -0.436332 -0.43633 -1.87766e-06 4.00354 -3.36833e-07 6.11396e-07 -6.63147e-06 -0.43633 1.68051e-05 1.5708 -0.00195142
17.054 -0.436332 -0.43633 -1.87215e-06 4.00354 -3.35381e-07 6.10066e-07 -6.63274e-06 -0.43633 1.68041e-05 1.5708 -0.00195133
17.055 -0.436332 -0.43633 -1.86666e-06 4.00354 -3.33929e-07 6.08739e-07 -6.634e-06 -0.43633 1.6803e-05 1.5708 -0.00195124
17.056 -0.436332 -0.43633 -1.86118e-06 4.00354 -3.32479e-07 6.07416e-07 -6.63526e-06 -0.43633 1.68019e-05 1.5708 -0.00195115
17.057 -0.436332 -0.43633 -1.85572e-06 4.00354 -3.3103e-07 6.06095e-07 -6.63652e-06 -0.43633 1.68008e-05 1.5708 -0.00195106
17.058 -0.436332 -0.43633 -1.85028e-06 4.00354 -3.29582e-07 6.04777e-07 -6.63776e-06 -0.43633 1.67997e-05 1.5708 -0.00195097
17.059 -0.436332 -0.43633 -1.84485e-06 4.00354 -3.28135e-07 6.03463e-07 -6.63901e-06 -0.43633 1.67985e-05 1.5708 -0.00195087
17.06 -0.436332 -0.43633 -1.83945e-06 4.00354 -3.26689e-07 6.02152e-07 -6.64024e-06 -0.43633 1.67973e-05 1.5708 -0.00195078
17.061 -0.436332 -0.43633 -1.83405e-06 4.00354 -3.25245e-07 6.00844e-07 -6.64147e-06 -0.43633 1.67961e-05 1.5708 -0.00195069
17.062 -0.436332 -0.43633 -1.82868e-06 4.00354 -3.23802e-07 5.99539e-07 -6.6427e-06 -0.43633 1.67949e-05 1.5708 -0.0019506
17.063 -0.436332 -0.43633 -1.82332e-06 4.00354 -3.2236e-07 5.98238e-07 -6.64392e-06 -0.43633 1.67936e-05 1.5708 -0.00195051
17.064 -0.436332 -0.43633 -1.81798e-06 4.00354 -3.2092e-07 5.9694e-07 -6.64513e-06 -0.43633 1.67923e-05 1.5708 -0.00195042
17.065 -0.436332 -0.436331 -1.81266e-06 4.00354 -3.19482e-07 5.95645e-07 -6.64634e-06 -0.436331 1.6791e-05 1.5708 -0.00195033
17.066 -0.436332 -0.436331 -1.80735e-06 4.00354 -3.18045e-07 5.94354e-07 -6.64755e-06 -0.436331 1.67897e-05 1.5708 -0.00195024
17.067 -0.436332 -0.436331 -1.80206e-06 4.00354 -3.1661e-07 5.93066e-07 -6.64874e-06 -0.436331 1.67883e-05 1.5708 -0.00195015
17.068 -0.436332 -0.436331 -1.79679e-06 4.00354 -3.15176e-07 5.91782e-07 -6.64994e-06 -0.436331 1.6787e-05 1.5708 -0.00195006
17.069 -0.436332 -0.436331 -1.79154e-06 4.00354 -3.13745e-07 5.90501e-07 -6.65112e-06 -0.436331 1.67856e-05 1.5708 -0.00194997
17.07 -0.436332 -0.436331 -1.78631e-06 4.00354 -3.12315e-07 5.89224e-07 -6.6523e-06 -0.436331 1.67842e-05 1.5708 -0.00194988
17.071 -0.436332 -0.436331 -1.78109e-06 4.00354 -3.10887e-07 5.8795e-07 -6.65348e-06 -0.436331 1.67827e-05 1.5708 -0.00194979
17.072 -0.436332 -0.436331 -1.77589e-06 4.00354 -3.09461e-07 5.8668e-07 -6.65465e-06 -0.436331 1.67813e-05 1.5708 -0.0019497
17.073 -0.436332 -0.436331 -1.77071e-06 4.00354 -3.08037e-07 5.85414e-07 -6.65581e-06 -0.436331 1.67798e-05 1.5708 -0.00194961
17.074 -0.436332 -0.436331 -1.76554e-06 4.00354 -3.06615e-07 5.84151e-07 -6.65697e-06 -0.436331 1.67783e-05 1.5708 -0.00194952
17.075 -0.436332 -0.436331 -1.7604e-06 4.00354 -3.05195e-07 5.82892e-07 -6.65812e-06 -0.436331 1.67768e-05 1.5708 -0.00194943
17.076 -0.436332 -0.436331 -1.75527e-06 4.00354 -3.03778e-07 5.81637e-07 -6.65926e-06 -0.436331 1.67753e-05 1.5708 -0.00194934
17.077 -0.436332 -0.436331 -1.75017e-06 4.00354 -3.02363e-07 5.80386e-07 -6.66041e-06 -0.436331 1.67737e-05 1.5708 -0.00194925
17.078 -0.436332 -0.436331 -1.74508e-06 4.00354 -3.00949e-07 5.79138e-07 -6.66154e-06 -0.436331 1.67721e-05 1.5708 -0.00194916
17.079 -0.436332 -0.436331 -1.74e-06 4.00354 -2.99539e-07 5.77894e-07 -6.66267e-06 -0.436331 1.67706e-05 1.5708 -0.00194907
17.08 -0.436332 -0.436331 -1.73495e-06 4.00354 -2.9813e-07 5.76654e-07 -6.66379e-06 -0.436331 1.6769e-05 1.5708 -0.00194898
17.081 -0.436332 -0.436331 -1.72992e-06 4.00354 -2.96724e-07 5.75418e-07 -6.66491e-06 -0.436331 1.67673e-05 1.5708 -0.00194889
17.082 -0.436332 -0.436331 -1.7249e-06 4.00354 -2.95321e-07 5.74186e-07 -6.66602e-06 -0.436331 1.67657e-05 1.5708 -0.0019488
17.083 -0.436332 -0.436331 -1.7199e-06 4.00354 -2.9392e-07 5.72957e-07 -6.66713e-06 -0.436331 1.6764e-05 1.5708 -0.00194871
17.084 -0.436332 -0.436331 -1.71493e-06 4.00355 -2.92521e-07 5.71733e-07 -6.66823e-06 -0.436331 1.67624e-05 1.5708 -0.00194862
17.085 -0.436332 -0.436331 -1.70997e-06 4.00355 -2.91125e-07 5.70512e-07 -6.66932e-06 -0.436331 1.67607e-05 1.5708 -0.00194853
17.086 -0.436332 -0.436331 -1.70503e-06 4.00355 -2.89732e-07 5.69296e-07 -6.67041e-06 -0.436331 1.6759e-05 1.5708 -0.00194844
17.087 -0.436332 -0.436331 -1.70011e-06 4.00355 -2.88341e-07 5.68083e-07 -6.6715e-06 -0.436331 1.67572e-05 1.5708 -0.00194834
17.088 -0.436332 -0.436331 -1.6952e-06 4.00355 -2.86953e-07 5.66875e-07 -6.67257e-06 -0.436331 1.67555e-05 1.5708 -0.00194825
17.089 -0.436332 -0.436331 -1.69032e-06 4.00355 -2.85568e-07 5.6567e-07 -6.67365e-06 -0.436331 1.67538e-05 1.5708 -0.00194816
17.09 -0.436332 -0.436331 -1.68545e-06 4.00355 -2.84186e-07 5.6447e-07 -6.67471e-06 -0.436331 1.6752e-05 1.5708 -0.00194807
17.091 -0.436332 -0.436331 -1.68061e-06 4.00355 -2.82806e-07 5.63274e-07 -6.67577e-06 -0.436331 1.67502e-05 1.5708 -0.00194798
17.092 -0.436332 -0.436331 -1.67578e-06 4.00355 -2.81429e-07 5.62082e-07 -6.67683e-06 -0.436331 1.67484e-05 1.5708 -0.00194789
17.093 -0.436332 -0.436331 -1.67097e-06 4.00355 -2.80056e-07 5.60894e-07 -6.67788e-06 -0.436331 1.67466e-05 1.5708 -0.0019478
17.094 -0.436332 -0.436331 -1.66619e-06 4.00355 -2.78685e-07 5.5971e-07 -6.67892e-06 -0.436331 1.67448e-05 1.5708 -0.00194771
17.095 -0.436332 -0.436331 -1.66142e-06 4.00355 -2.77317e-07 5.5853e-07 -6.67996e-06 -0.436331 1.67429e-05 1.5708 -0.00194762
17.096 -0.436332 -0.436331 -1.65667e-06 4.00355 -2.75952e-07 5.57354e-07 -6.68099e-06 -0.436331 1.67411e-05 1.5708 -0.00194753
17.097 -0.436332 -0.436331 -1.65194e-06 4.00355 -2.7459e-07 5.56183e-07 -6.68202e-06 -0.436331 1.67392e-05 1.5708 -0.00194744
17.098 -0.436332 -0.436331 -1.64723e-06 4.00355 -2.73232e-07 5.55016e-07 -6.68304e-06 -0.436331 1.67373e-05 1.5708 -0.00194735
17.099 -0.436332 -0.436331 -1.64254e-06 4.00355 -2.71876e-07 5.53853e-07 -6.68405e-06 -0.436331 1.67355e-05 1.5708 -0.00194726
17.1 -0.436332 -0.436331 -1.63786e-06 4.00355 -2.70524e-07 5.52694e-07 -6.68506e-06 -0.436331 1.67336e-05 1.5708 -0.00194717
17.101 -0.436332 -0.436331 -1.63321e-06 4.00355 -2.69174e-07 5.5154e-07 -6.68606e-06 -0.436331 1.67316e-05 1.5708 -0.00194708
17.102 -0.436332 -0.436331 -1.62858e-06 4.00355 -2.67829e-07 5.50389e-07 -6.68706e-06 -0.436331 1.67297e-05 1.5708 -0.00194699
17.103 -0.436332 -0.436331 -1.62396e-06 4.00355 -2.66486e-07 5.49244e-07 -6.68805e-06 -0.436331 1.67278e-05 1.5708 -0.0019469
17.104 -0.436332 -0.436331 -1.61937e-06 4.00355 -2.65146e-07 5.48102e-07 -6.68904e-06 -0.436331 1.67258e-05 1.5708 -0.00194681
17.105 -0.436332 -0.436331 -1.61479e-06 4.00355 -2.6381e-07 5.46965e-07 -6.69002e-06 -0.436331 1.67239e-05 1.5708 -0.00194672
17.106 -0.436332 -0.436331 -1.61024e-06 4.00355 -2.62477e-07 5.45831e-07 -6.69099e-06 -0.436331 1.67219e-05 1.5708 -0.00194663
17.107 -0.436332 -0.436331 -1.6057e-06 4.00355 -2.61148e-07 5.44703e-07 -6.69196e-06 -0.436331 1.67199e-05 1.5708 -0.00194654
17.108 -0.436332 -0.436331 -1.60118e-06 4.00355 -2.59822e-07 5.43578e-07 -6.69293e-06 -0.436331 1.67179e-05 1.5708 -0.00194645
17.109 -0.436332 -0.436331 -1.59669e-06 4.00355 -2.58499e-07 5.42458e-07 -6.69388e-06 -0.436331 1.67159e-05 1.5708 -0.00194636
17.11 -0.436332 -0.436331 -1.59221e-06 4.00355 -2.5718e-07 5.41343e-07 -6.69484e-06 -0.436331 1.67139e-05 1.5708 -0.00194627
17.111 -0.436332 -0.436331 -1.58775e-06 4.00355 -2.55865e-07 5.40231e-07 -6.69578e-06 -0.436331 1.67119e-05 1.5708 -0.00194618
17.112 -0.436332 -0.436331 -1.58331e-06 4.00355 -2.54553e-07 5.39124e-07 -6.69672e-06 -0.436331 1.67098e-05 1.5708 -0.00194609
17.113 -0.436332 -0.436331 -1.57889e-06 4.00355 -2.53244e-07 5.38022e-07 -6.69766e-06 -0.436331 1.67078e-05 1.5708 -0.001946
17.114 -0.436332 -0.436331 -1.57449e-06 4.00355 -2.51939e-07 5.36923e-07 -6.69859e-06 -0.436331 1.67057e-05 1.5708 -0.00194591
17.115 -0.436332 -0.436331 -1.57011e-06 4.00355 -2.50638e-07 5.3583e-07 -6.69951e-06 -0.436331 1.67037e-05 1.5708 -0.00194582
17.116 -0.436332 -0.436331 -1.56575e-06 4.00355 -2.4934e-07 5.3474e-07 -6.70043e-06 -0.436331 1.67016e-05 1.5708 -0.00194573
17.117 -0.436332 -0.436331 -1.56141e-06 4.00355 -2.48046e-07 5.33655e-07 -6.70134e-06 -0.436331 1.66995e-05 1.5708 -0.00194564
17.118 -0.436332 -0.436331 -1.55709e-06 4.00355 -2.46755e-07 5.32575e-07 -6.70225e-06 -0.436331 1.66974e-05 1.5708 -0.00194555
17.119 -0.436332 -0.436331 -1.55278e-06 4.00355 -2.45468e-07 5.31498e-07 -6.70315e-06 -0.436331 1.66953e-05 1.5708 -0.00194546
17.12 -0.436332 -0.436331 -1.5485e-06 4.00355 -2.44185e-07 5.30427e-07 -6.70405e-06 -0.436331 1.66932e-05 1.5708 -0.00194537
17.121 -0.436332 -0.436331 -1.54424e-06 4.00355 -2.42906e-07 5.29359e-07 -6.70494e-06 -0.436331 1.66911e-05 1.5708 -0.00194528
17.122 -0.436332 -0.436331 -1.54e-06 4.00355 -2.4163e-07 5.28297e-07 -6.70582e-06 -0.436331 1.6689e-05 1.5708 -0.00194519
17.123 -0.436332 -0.436331 -1.53577e-06 4.00355 -2.40358e-07 5.27238e-07 -6.7067e-06 -0.436331 1.66869e-05 1.5708 -0.0019451
17.124 -0.436332 -0.436331 -1.53157e-06 4.00355 -2.3909e-07 5.26184e-07 -6.70757e-06 -0.436331 1.66847e-05 1.5708 -0.00194501
17.125 -0.436332 -0.436331 -1.52738e-06 4.00355 -2.37826e-07 5.25135e-07 -6.70844e-06 -0.436331 1.66826e-05 1.5708 -0.00194492
17.126 -0.436332 -0.436331 -1.52322e-06 4.00355 -2.36565e-07 5.2409e-07 -6.7093e-06 -0.436331 1.66804e-05 1.5708 -0.00194483
17.127 -0.436332 -0.436331 -1.51907e-06 4.00355 -2.35309e-07 5.23049e-07 -6.71016e-06 -0.436331 1.66783e-05 1.5708 -0.00194474
17.128 -0.436332 -0.436331 -1.51494e-06 4.00355 -2.34056e-07 5.22013e-07 -6.71101e-06 -0.436331 1.66761e-05 1.5708 -0.00194465
17.129 -0.436332 -0.436331 -1.51084e-06 4.00355 -2.32807e-07 5.20981e-07 -6.71186e-06 -0.436331 1.66739e-05 1.5708 -0.00194456
17.13 -0.436332 -0.436331 -1.50675e-06 4.00355 -2.31562e-07 5.19954e-07 -6.7127e-06 -0.436331 1.66718e-05 1.5708 -0.00194447
17.131 -0.436332 -0.436331 -1.50268e-06 4.00355 -2.30321e-07 5.18931e-07 -6.71353e-06 -0.436331 1.66696e-05 1.5708 -0.00194438
17.132 -0.436332 -0.436331 -1.49863e-06 4.00355 -2.29084e-07 5.17913e-07 -6.71436e-06 -0.436331 1.66674e-05 1.5708 -0.00194429
17.133 -0.436332 -0.436331 -1.4946e-06 4.00355 -2.27851e-07 5.16899e-07 -6.71519e-06 -0.436331 1.66652e-05 1.5708 -0.0019442
17.134 -0.436332 -0.436331 -1.49059e-06 4.00355 -2.26622e-07 5.1589e-07 -6.716e-06 -0.436331 1.6663e-05 1.5708 -0.00194411
17.135 -0.436332 -0.436331 -1.4866e-06 4.00355 -2.25397e-07 5.14885e-07 -6.71682e-06 -0.436331 1.66608e-05 1.5708 -0.00194402
17.136 -0.436332 -0.436331 -1.48263e-06 4.00355 -2.24175e-07 5.13884e-07 -6.71762e-06 -0.436331 1.66586e-05 1.5708 -0.00194393
17.137 -0.436332 -0.436331 -1.47867e-06 4.00355 -2.22958e-07 5.12888e-07 -6.71843e-06 -0.436331 1.66564e-05 1.5708 -0.00194384
17.138 -0.436332 -0.436331 -1.47474e-06 4.00355 -2.21745e-07 5.11897e-07 -6.71922e-06 -0.436331 1.66542e-05 1.5708 -0.00194375
17.139 -0.436332 -0.436331 -1.47083e-06 4.00355 -2.20536e-07 5.1091e-07 -6.72001e-06 -0.436331 1.66519e-05 1.5708 -0.00194366
17.14 -0.436332 -0.436331 -1.46693e-06 4.00355 -2.19331e-07 5.09927e-07 -6.7208e-06 -0.436331 1.66497e-05 1.5708 -0.00194357
17.141 -0.436332 -0.436331 -1.46306e-06 4.00355 -2.1813e-07 5.08949e-07 -6.72158e-06 -0.436331 1.66475e-05 1.5708 -0.00194348
17.142 -0.436332 -0.436331 -1.4592e-06 4.00355 -2.16933e-07 5.07976e-07 -6.72236e-06 -0.436331 1.66452e-05 1.5708 -0.00194339
17.143 -0.436332 -0.436331 -1.45536e-06 4.00355 -2.1574e-07 5.07007e-07 -6.72313e-06 -0.436331 1.6643e-05 1.5708 -0.0019433
17.144 -0.436332 -0.436331 -1.45154e-06 4.00355 -2.14551e-07 5.06042e-07 -6.72389e-06 -0.436331 1.66407e-05 1.5708 -0.00194321
17.145 -0.436332 -0.436331 -1.44774e-06 4.00355 -2.13366e-07 5.05082e-07 -6.72465e-06 -0.436331 1.66385e-05 1.5708 -0.00194312
17.146 -0.436332 -0.436331 -1.44396e-06 4.00355 -2.12186e-07 5.04126e-07 -6.7254e-06 -0.436331 1.66362e-05 1.5708 -0.00194303
17.147 -0.436332 -0.436331 -1.4402e-06 4.00355 -2.11009e-07 5.03175e-07 -6.72615e-06 -0.436331 1.6634e-05 1.5708 -0.00194294
17.148 -0.436332 -0.436331 -1.43646e-06 4.00355 -2.09837e-07 5.02228e-07 -6.72689e-06 -0.436331 1.66317e-05 1.5708 -0.00194285
17.149 -0.436332 -0.436331 -1.43274e-06 4.00355 -2.08669e-07 5.01286e-07 -6.72763e-06 -0.436331 1.66294e-05 1.5708 -0.00194276
17.15 -0.436332 -0.436331 -1.42903e-06 4.00355 -2.07505e-07 5.00348e-07 -6.72836e-06 -0.436331 1.66272e-05 1.5708 -0.00194267
17.151 -0.436332 -0.436331 -1.42535e-06 4.00355 -2.06345e-07 4.99414e-07 -6.72909e-06 -0.436331 1.66249e-05 1.5708 -0.00194258
17.152 -0.436332 -0.436331 -1.42168e-06 4.00355 -2.0519e-07 4.98485e-07 -6.72981e-06 -0.436331 1.66226e-05 1.5708 -0.00194249
17.153 -0.436332 -0.436331 -1.41803e-06 4.00355 -2.04038e-07 4.9756e-07 -6.73053e-06 -0.436331 1.66203e-05 1.5708 -0.0019424
17.154 -0.436332 -0.436331 -1.4144e-06 4.00355 -2.02891e-07 4.9664e-07 -6.73124e-06 -0.436331 1.66181e-05 1.5708 -0.00194231
17.155 -0.436332 -0.436331 -1.41079e-06 4.00355 -2.01748e-07 4.95724e-07 -6.73195e-06 -0.436331 1.66158e-05 1.5708 -0.00194222
17.156 -0.436332 -0.436331 -1.4072e-06 4.00355 -2.00609e-07 4.94813e-07 -6.73265e-06 -0.436331 1.66135e-05 1.5708 -0.00194213
17.157 -0.436332 -0.436331 -1.40362e-06 4.00355 -1.99474e-07 4.93906e-07 -6.73335e-06 -0.436331 1.66112e-05 1.5708 -0.00194204
17.158 -0.436332 -0.436331 -1.40007e-06 4.00355 -1.98344e-07 4.93004e-07 -6.73404e-06 -0.436331 1.66089e-05 1.5708 -0.00194195
17.159 -0.436332 -0.436331 -1.39653e-06 4.00355 -1.97218e-07 4.92105e-07 -6.73472e-06 -0.436331 1.66066e-05 1.5708 -0.00194186
17.16 -0.436332 -0.436331 -1.39302e-06 4.00355 -1.96096e-07 4.91212e-07 -6.7354e-06 -0.436331 1.66043e-05 1.5708 -0.00194177
17.161 -0.436332 -0.436331 -1.38952e-06 4.00355 -1.94978e-07 4.90322e-07 -6.73608e-06 -0.436331 1.6602e-05 1.5708 -0.00194168
17.162 -0.436332 -0.436331 -1.38604e-06 4.00355 -1.93865e-07 4.89437e-07 -6.73675e-06 -0.436331 1.65997e-05 1.5708 -0.00194159
17.163 -0.436332 -0.436331 -1.38257e-06 4.00355 -1.92756e-07 4.88557e-07 -6.73741e-06 -0.436331 1.65974e-05 1.5708 -0.0019415
17.164 -0.436332 -0.436331 -1.37913e-06 4.00355 -1.91651e-07 4.8768e-07 -6.73807e-06 -0.436331 1.65951e-05 1.5708 -0.00194141
17.165 -0.436332 -0.436331 -1.3757e-06 4.00355 -1.9055e-07 4.86809e-07 -6.73873e-06 -0.436331 1.65928e-05 1.5708 -0.00194132
17.166 -0.436332 -0.436331 -1.37229e-06 4.00355 -1.89453e-07 4.85941e-07 -6.73938e-06 -0.436331 1.65905e-05 1.5708 -0.00194123
17.167 -0.436332 -0.436331 -1.36891e-06 4.00355 -1.88361e-07 4.85078e-07 -6.74002e-06 -0.436331 1.65882e-05 1.5708 -0.00194114
17.168 -0.436332 -0.436331 -1.36553e-06 4.00355 -1.87273e-07 4.84219e-07 -6.74066e-06 -0.436331 1.65859e-05 1.5708 -0.00194105
17.169 -0.436332 -0.436331 -1.36218e-06 4.00355 -1.8619e-07 4.83365e-07 -6.7413e-06 -0.436331 1.65836e-05 1.5708 -0.00194096
17.17 -0.436332 -0.436331 -1.35885e-06 4.00355 -1.8511e-07 4.82514e-07 -6.74193e-06 -0.436331 1.65813e-05 1.5708 -0.00194087
17.171 -0.436332 -0.436331 -1.35553e-06 4.00355 -1.84035e-07 4.81668e-07 -6.74255e-06 -0.436331 1.6579e-05 1.5708 -0.00194078
17.172 -0.436332 -0.436331 -1.35223e-06 4.00355 -1.82965e-07 4.80827e-07 -6.74317e-06 -0.436331 1.65767e-05 1.5708 -0.00194069
17.173 -0.436332 -0.436331 -1.34895e-06 4.00355 -1.81898e-07 4.7999e-07 -6.74379e-06 -0.436331 1.65743e-05 1.5708 -0.0019406
17.174 -0.436332 -0.436331 -1.34568e-06 4.00355 -1.80836e-07 4.79157e-07 -6.7444e-06 -0.436331 1.6572e-05 1.5708 -0.00194051
17.175 -0.436332 -0.436331 -1.34244e-06 4.00355 -1.79778e-07 4.78328e-07 -6.745e-06 -0.436331 1.65697e-05 1.5708 -0.00194042
17.176 -0.436332 -0.436331 -1.33921e-06 4.00355 -1.78724e-07 4.77504e-07 -6.7456e-06 -0.436331 1.65674e-05 1.5708 -0.00194033
17.177 -0.436332 -0.436331 -1.336e-06 4.00355 -1.77675e-07 4.76683e-07 -6.7462e-06 -0.436331 1.65651e-05 1.5708 -0.00194024
17.178 -0.436332 -0.436331 -1.33281e-06 4.00355 -1.7663e-07 4.75868e-07 -6.74679e-06 -0.436331 1.65628e-05 1.5708 -0.00194015
17.179 -0.436332 -0.436331 -1.32963e-06 4.00355 -1.75589e-07 4.75056e-07 -6.74737e-06 -0.436331 1.65605e-05 1.5708 -0.00194006
17.18 -0.436332 -0.436331 -1.32647e-06 4.00355 -1.74552e-07 4.74249e-07 -6.74795e-06 -0.436331 1.65582e-05 1.5708 -0.00193997
17.181 -0.436332 -0.436331 -1.32333e-06 4.00355 -1.7352e-07 4.73445e-07 -6.74853e-06 -0.436331 1.65558e-05 1.5708 -0.00193988
17.182 -0.436332 -0.436331 -1.32021e-06 4.00355 -1.72492e-07 4.72646e-07 -6.7491e-06 -0.436331 1.65535e-05 1.5708 -0.00193979
17.183 -0.436332 -0.436331 -1.31711e-06 4.00355 -1.71469e-07 4.71852e-07 -6.74967e-06 -0.436331 1.65512e-05 1.5708 -0.0019397
17.184 -0.436332 -0.436331 -1.31402e-06 4.00355 -1.70449e-07 4.71061e-07 -6.75023e-06 -0.436331 1.65489e-05 1.5708 -0.00193961
17.185 -0.436332 -0.436331 -1.31095e-06 4.00355 -1.69434e-07 4.70275e-07 -6.75079e-06 -0.436331 1.65466e-05 1.5708 -0.00193952
17.186 -0.436332 -0.436331 -1.3079e-06 4.00355 -1.68424e-07 4.69493e-07 -6.75134e-06 -0.436331 1.65443e-05 1.5708 -0.00193943
17.187 -0.436332 -0.436331 -1.30486e-06 4.00355 -1.67417e-07 4.68715e-07 -6.75188e-06 -0.436331 1.6542e-05 1.5708 -0.00193934
17.188 -0.436332 -0.436331 -1.30184e-06 4.00355 -1.66415e-07 4.67941e-07 -6.75243e-06 -0.436331 1.65397e-05 1.5708 -0.00193925
17.189 -0.436332 -0.436331 -1.29884e-06 4.00355 -1.65417e-07 4.67171e-07 -6.75297e-06 -0.436331 1.65374e-05 1.5708 -0.00193916
17.19 -0.436332 -0.436331 -1.29585e-06 4.00355 -1.64423e-07 4.66405e-07 -6.7535e-06 -0.436331 1.6535e-05 1.5708 -0.00193907
17.191 -0.436332 -0.436331 -1.29289e-06 4.00355 -1.63434e-07 4.65644e-07 -6.75403e-06 -0.436331 1.65327e-05 1.5708 -0.00193898
17.192 -0.436332 -0.436331 -1.28993e-06 4.00355 -1.62449e-07 4.64886e-07 -6.75455e-06 -0.436331 1.65304e-05 1.5708 -0.00193889
17.193 -0.436332 -0.436331 -1.287e-06 4.00355 -1.61468e-07 4.64133e-07 -6.75507e-06 -0.436331 1.65281e-05 1.5708 -0.0019388
17.194 -0.436332 -0.436331 -1.28408e-06 4.00355 -1.60492e-07 4.63384e-07 -6.75558e-06 -0.436331 1.65258e-05 1.5708 -0.00193871
17.195 -0.436332 -0.436331 -1.28118e-06 4.00355 -1.59519e-07 4.62639e-07 -6.75609e-06 -0.436331 1.65235e-05 1.5708 -0.00193862
17.196 -0.436332 -0.436331 -1.2783e-06 4.00355 -1.58551e-07 4.61898e-07 -6.7566e-06 -0.436331 1.65212e-05 1.5708 -0.00193853
17.197 -0.436332 -0.436331 -1.27543e-06 4.00355 -1.57588e-07 4.61161e-07 -6.7571e-06 -0.436331 1.65189e-05 1.5708 -0.00193844
17.198 -0.436332 -0.436331 -1.27258e-06 4.00355 -1.56628e-07 4.60428e-07 -6.7576e-06 -0.436331 1.65166e-05 1.5708 -0.00193835
17.199 -0.436332 -0.436331 -1.26975e-06 4.00355 -1.55673e-07 4.59699e-07 -6.75809e-06 -0.436331 1.65143e-05 1.5708 -0.00193826
17.2 -0.436332 -0.436331 -1.26693e-06 4.00355 -1.54722e-07 4.58974e-07 -6.75858e-06 -0.436331 1.6512e-05 1.5708 -0.00193817
17.201 -0.436332 -0.436331 -1.26413e-06 4.00355 -1.53775e-07 4.58253e-07 -6.75906e-06 -0.436331 1.65097e-05 1.5708 -0.00193808
17.202 -0.436332 -0.436331 -1.26134e-06 4.00355 -1.52833e-07 4.57536e-07 -6.75954e-06 -0.436331 1.65075e-05 1.5708 -0.00193799
17.203 -0.436332 -0.436331 -1.25857e-06 4.00355 -1.51895e-07 4.56823e-07 -6.76001e-06 -0.436331 1.65052e-05 1.5708 -0.0019379
17.204 -0.436332 -0.436331 -1.25582e-06 4.00355 -1.50961e-07 4.56115e-07 -6.76048e-06 -0.436331 1.65029e-05 1.5708 -0.00193781
17.205 -0.436332 -0.436331 -1.25308e-06 4.00355 -1.50031e-07 4.5541e-07 -6.76094e-06 -0.436331 1.65006e-05 1.5708 -0.00193772
17.206 -0.436332 -0.436331 -1.25036e-06 4.00355 -1.49105e-07 4.54708e-07 -6.7614e-06 -0.436331 1.64983e-05 1.5708 -0.00193763
17.207 -0.436332 -0.436331 -1.24766e-06 4.00355 -1.48184e-07 4.54011e-07 -6.76186e-06 -0.436331 1.6496e-05 1.5708 -0.00193754
17.208 -0.436332 -0.436331 -1.24497e-06 4.00355 -1.47267e-07 4.53318e-07 -6.76231e-06 -0.436331 1.64938e-05 1.5708 -0.00193745
17.209 -0.436332 -0.436331 -1.2423e-06 4.00355 -1.46354e-07 4.52629e-07 -6.76276e-06 -0.436331 1.64915e-05 1.5708 -0.00193736
17.21 -0.436332 -0.436331 -1.23964e-06 4.00355 -1.45445e-07 4.51943e-07 -6.7632e-06 -0.436331 1.64892e-05 1.5708 -0.00193727
17.211 -0.436332 -0.436331 -1.237e-06 4.00355 -1.44541e-07 4.51262e-07 -6.76364e-06 -0.436331 1.64869e-05 1.5708 -0.00193718
17.212 -0.436332 -0.436331 -1.23437e-06 4.00355 -1.4364e-07 4.50584e-07 -6.76407e-06 -0.436331 1.64847e-05 1.5708 -0.00193709
17.213 -0.436332 -0.436331 -1.23177e-06 4.00355 -1.42744e-07 4.49911e-07 -6.7645e-06 -0.436331 1.64824e-05 1.5708 -0.001937
17.214 -0.436332 -0.436331 -1.22917e-06 4.00355 -1.41852e-07 4.49241e-07 -6.76493e-06 -0.436331 1.64801e-05 1.5708 -0.00193692
17.215 -0.436332 -0.436331 -1.22659e-06 4.00355 -1.40964e-07 4.48574e-07 -6.76535e-06 -0.436331 1.64779e-05 1.5708 -0.00193683
17.216 -0.436332 -0.436331 -1.22403e-06 4.00355 -1.40081e-07 4.47912e-07 -6.76577e-06 -0.436331 1.64756e-05 1.5708 -0.00193674
17.217 -0.436332 -0.436331 -1.22148e-06 4.00355 -1.39201e-07 4.47254e-07 -6.76618e-06 -0.436331 1.64734e-05 1.5708 -0.00193665
17.218 -0.436332 -0.436331 -1.21895e-06 4.00355 -1.38326e-07 4.46599e-07 -6.76659e-06 -0.436331 1.64711e-05 1.5708 -0.00193656
17.219 -0.436332 -0.436331 -1.21643e-06 4.00355 -1.37455e-07 4.45948e-07 -6.76699e-06 -0.436331 1.64689e-05 1.5708 -0.00193647
17.22 -0.436332 -0.436331 -1.21393e-06 4.00355 -1.36588e-07 4.45301e-07 -6.76739e-06 -0.436331 1.64666e-05 1.5708 -0.00193638
17.221 -0.436332 -0.436331 -1.21145e-06 4.00355 -1.35725e-07 4.44657e-07 -6.76779e-06 -0.436331 1.64644e-05 1.5708 -0.00193629
17.222 -0.436332 -0.436331 -1.20897e-06 4.00355 -1.34866e-07 4.44018e-07 -6.76818e-06 -0.436331 1.64621e-05 1.5708 -0.0019362
17.223 -0.436332 -0.436331 -1.20652e-06 4.00355 -1.34011e-07 4.43382e-07 -6.76857e-06 -0.436331 1.64599e-05 1.5708 -0.00193611
17.224 -0.436332 -0.436331 -1.20408e-06 4.00355 -1.3316e-07 4.42749e-07 -6.76895e-06 -0.436331 1.64576e-05 1.5708 -0.00193602
17.225 -0.436332 -0.436331 -1.20165e-06 4.00355 -1.32314e-07 4.42121e-07 -6.76933e-06 -0.436331 1.64554e-05 1.5708 -0.00193593
17.226 -0.436332 -0.436331 -1.19924e-06 4.00355 -1.31472e-07 4.41496e-07 -6.76971e-06 -0.436331 1.64532e-05 1.5708 -0.00193584
17.227 -0.436332 -0.436331 -1.19684e-06 4.00355 -1.30633e-07 4.40875e-07 -6.77008e-06 -0.436331 1.6451e-05 1.5708 -0.00193575
17.228 -0.436332 -0.436331 -1.19446e-06 4.00355 -1.29799e-07 4.40257e-07 -6.77045e-06 -0.436331 1.64487e-05 1.5708 -0.00193566
17.229 -0.436332 -0.436331 -1.19209e-06 4.00355 -1.28969e-07 4.39643e-07 -6.77081e-06 -0.436331 1.64465e-05 1.5708 -0.00193557
17.23 -0.436332 -0.436331 -1.18974e-06 4.00355 -1.28143e-07 4.39033e-07 -6.77117e-06 -0.436331 1.64443e-05 1.5708 -0.00193548
17.231 -0.436332 -0.436331 -1.1874e-06 4.00355 -1.27321e-07 4.38426e-07 -6.77152e-06 -0.436331 1.64421e-05 1.5708 -0.00193539
17.232 -0.436332 -0.436331 -1.18508e-06 4.00355 -1.26503e-07 4.37823e-07 -6.77187e-06 -0.436331 1.64399e-05 1.5708 -0.0019353
17.233 -0.436332 -0.436331 -1.18277e-06 4.00355 -1.25689e-07 4.37223e-07 -6.77222e-06 -0.436331 1.64377e-05 1.5708 -0.00193521
17.234 -0.436332 -0.436331 -1.18047e-06 4.00355 -1.24879e-07 4.36627e-07 -6.77256e-06 -0.436331 1.64355e-05 1.5708 -0.00193512
17.235 -0.436332 -0.436331 -1.17819e-06 4.00355 -1.24073e-07 4.36035e-07 -6.7729e-06 -0.436331 1.64333e-05 1.5708 -0.00193503
17.236 -0.436332 -0.436331 -1.17593e-06 4.00355 -1.23271e-07 4.35446e-07 -6.77324e-06 -0.436331 1.64311e-05 1.5708 -0.00193494
17.237 -0.436332 -0.436331 -1.17367e-06 4.00355 -1.22473e-07 4.34861e-07 -6.77357e-06 -0.436331 1.64289e-05 1.5708 -0.00193485
17.238 -0.436332 -0.436331 -1.17144e-06 4.00355 -1.21679e-07 4.34279e-07 -6.7739e-06 -0.436331 1.64267e-05 1.5708 -0.00193476
17.239 -0.436332 -0.436331 -1.16921e-06 4.00355 -1.20889e-07 4.33701e-07 -6.77422e-06 -0.436331 1.64245e-05 1.5708 -0.00193467
17.24 -0.436332 -0.436331 -1.167e-06 4.00355 -1.20103e-07 4.33126e-07 -6.77454e-06 -0.436331 1.64223e-05 1.5708 -0.00193458
17.241 -0.436332 -0.436331 -1.1648e-06 4.00355 -1.1932e-07 4.32554e-07 -6.77486e-06 -0.436331 1.64201e-05 1.5708 -0.00193449
17.242 -0.436332 -0.436331 -1.16262e-06 4.00355 -1.18542e-07 4.31986e-07 -6.77517e-06 -0.436331 1.6418e-05 1.5708 -0.00193441
17.243 -0.436332 -0.436331 -1.16045e-06 4.00355 -1.17768e-07 4.31422e-07 -6.77548e-06 -0.436331 1.64158e-05 1.5708 -0.00193432
17.244 -0.436332 -0.436331 -1.1583e-06 4.00355 -1.16998e-07 4.30861e-07 -6.77578e-06 -0.436331 1.64136e-05 1.5708 -0.00193423
17.245 -0.436332 -0.436331 -1.15616e-06 4.00355 -1.16231e-07 4.30303e-07 -6.77608e-06 -0.436331 1.64115e-05 1.5708 -0.00193414
17.246 -0.436332 -0.436331 -1.15403e-06 4.00355 -1.15469e-07 4.29749e-07 -6.77638e-06 -0.436331 1.64093e-05 1.5708 -0.00193405
17.247 -0.436332 -0.436331 -1.15192e-06 4.00355 -1.1471e-07 4.29198e-07 -6.77667e-06 -0.436331 1.64071e-05 1.5708 -0.00193396
17.248 -0.436332 -0.436331 -1.14982e-06 4.00355 -1.13956e-07 4.2865e-07 -6.77696e-06 -0.436331 1.6405e-05 1.5708 -0.00193387
17.249 -0.436332 -0.436331 -1.14773e-06 4.00355 -1.13205e-07 4.28106e-07 -6.77725e-06 -0.436331 1.64028e-05 1.5708 -0.00193378
17.25 -0.436332 -0.436331 -1.14565e-06 4.00355 -1.12458e-07 4.27565e-07 -6.77753e-06 -0.436331 1.64007e-05 1.5708 -0.00193369
17.251 -0.436332 -0.436331 -1.14359e-06 4.00355 -1.11715e-07 4.27028e-07 -6.77781e-06 -0.436331 1.63986e-05 1.5708 -0.0019336
17.252 -0.436332 -0.436331 -1.14155e-06 4.00355 -1.10976e-07 4.26494e-07 -6.77809e-06 -0.436331 1.63964e-05 1.5708 -0.00193351
17.253 -0.436332 -0.436331 -1.13951e-06 4.00355 -1.1024e-07 4.25963e-07 -6.77836e-06 -0.436331 1.63943e-05 1.5708 -0.00193342
17.254 -0.436332 -0.436331 -1.13749e-06 4.00355 -1.09509e-07 4.25435e-07 -6.77862e-06 -0.436331 1.63922e-05 1.5708 -0.00193333
17.255 -0.436332 -0.436331 -1.13548e-06 4.00355 -1.08781e-07 4.24911e-07 -6.77889e-06 -0.436331 1.639e-05 1.5708 -0.00193324
17.256 -0.436332 -0.436331 -1.13349e-06 4.00355 -1.08057e-07 4.2439e-07 -6.77915e-06 -0.436331 1.63879e-05 1.5708 -0.00193315
17.257 -0.436332 -0.436331 -1.13151e-06 4.00355 -1.07337e-07 4.23872e-07 -6.77941e-06 -0.436331 1.63858e-05 1.5708 -0.00193306
17.258 -0.436332 -0.436331 -1.12954e-06 4.00355 -1.06621e-07 4.23357e-07 -6.77966e-06 -0.436331 1.63837e-05 1.5708 -0.00193297
17.259 -0.436332 -0.436331 -1.12758e-06 4.00355 -1.05908e-07 4.22846e-07 -6.77991e-06 -0.436331 1.63816e-05 1.5708 -0.00193288
17.26 -0.436332 -0.436331 -1.12564e-06 4.00355 -1.05199e-07 4.22337e-07 -6.78015e-06 -0.436331 1.63795e-05 1.5708 -0.00193279
17.261 -0.436332 -0.436331 -1.1237e-06 4.00355 -1.04494e-07 4.21832e-07 -6.7804e-06 -0.436331 1.63774e-05 1.5708 -0.0019327
17.262 -0.436332 -0.436331 -1.12179e-06 4.00355 -1.03793e-07 4.2133e-07 -6.78064e-06 -0.436331 1.63753e-05 1.5708 -0.00193261
17.263 -0.436332 -0.436331 -1.11988e-06 4.00355 -1.03095e-07 4.20832e-07 -6.78087e-06 -0.436331 1.63732e-05 1.5708 -0.00193252
17.264 -0.436332 -0.436331 -1.11799e-06 4.00355 -1.02401e-07 4.20336e-07 -6.7811e-06 -0.436331 1.63711e-05 1.5708 -0.00193244
17.265 -0.436332 -0.436331 -1.11611e-06 4.00355 -1.01711e-07 4.19843e-07 -6.78133e-06 -0.436331 1.6369e-05 1.5708 -0.00193235
17.266 -0.436332 -0.436331 -1.11424e-06 4.00355 -1.01025e-07 4.19354e-07 -6.78156e-06 -0.436331 1.6367e-05 1.5708 -0.00193226
17.267 -0.436332 -0.436331 -1.11238e-06 4.00355 -1.00342e-07 4.18868e-07 -6.78178e-06 -0.436331 1.63649e-05 1.5708 -0.00193217
17.268 -0.436332 -0.436331 -1.11054e-06 4.00355 -9.96626e-08 4.18384e-07 -6.782e-06 -0.436331 1.63628e-05 1.5708 -0.00193208
17.269 -0.436332 -0.436331 -1.1087e-06 4.00355 -9.89871e-08 4.17904e-07 -6.78222e-06 -0.436331 1.63608e-05 1.5708 -0.00193199
17.27 -0.436332 -0.436331 -1.10688e-06 4.00355 -9.83153e-08 4.17427e-07 -6.78243e-06 -0.436331 1.63587e-05 1.5708 -0.0019319
17.271 -0.436332 -0.436331 -1.10508e-06 4.00355 -9.7647e-08 4.16953e-07 -6.78264e-06 -0.436331 1.63566e-05 1.5708 -0.00193181
17.272 -0.436332 -0.436331 -1.10328e-06 4.00355 -9.69825e-08 4.16482e-07 -6.78284e-06 -0.436331 1.63546e-05 1.5708 -0.00193172
17.273 -0.436332 -0.436331 -1.1015e-06 4.00355 -9.63215e-08 4.16014e-07 -6.78304e-06 -0.436331 1.63525e-05 1.5708 -0.00193163
17.274 -0.436332 -0.436331 -1.09972e-06 4.00355 -9.56641e-08 4.15549e-07 -6.78324e-06 -0.436331 1.63505e-05 1.5708 -0.00193154
17.275 -0.436332 -0.436331 -1.09796e-06 4.00355 -9.50103e-08 4.15087e-07 -6.78344e-06 -0.436331 1.63485e-05 1.5708 -0.00193145
17.276 -0.436332 -0.436331 -1.09621e-06 4.00355 -9.43601e-08 4.14628e-07 -6.78363e-06 -0.436331 1.63464e-05 1.5708 -0.00193136
17.277 -0.436332 -0.436331 -1.09448e-06 4.00355 -9.37135e-08 4.14171e-07 -6.78382e-06 -0.436331 1.63444e-05 1.5708 -0.00193127
17.278 -0.436332 -0.436331 -1.09275e-06 4.00355 -9.30704e-08 4.13718e-07 -6.784e-06 -0.436331 1.63424e-05 1.5708 -0.00193118
17.279 -0.436332 -0.436331 -1.09104e-06 4.00355 -9.24309e-08 4.13268e-07 -6.78419e-06 -0.436331 1.63404e-05 1.5708 -0.00193109
17.28 -0.436332 -0.436331 -1.08934e-06 4.00355 -9.17948e-08 4.1282e-07 -6.78436e-06 -0.436331 1.63383e-05 1.5708 -0.001931
17.281 -0.436332 -0.436331 -1.08764e-06 4.00355 -9.11623e-08 4.12376e-07 -6.78454e-06 -0.436331 1.63363e-05 1.5708 -0.00193091
17.282 -0.436332 -0.436331 -1.08596e-06 4.00355 -9.05333e-08 4.11934e-07 -6.78471e-06 -0.436331 1.63343e-05 1.5708 -0.00193083
17.283 -0.436332 -0.436331 -1.0843e-06 4.00355 -8.99078e-08 4.11495e-07 -6.78488e-06 -0.436331 1.63323e-05 1.5708 -0.00193074
17.284 -0.436332 -0.436331 -1.08264e-06 4.00355 -8.92858e-08 4.11059e-07 -6.78505e-06 -0.436331 1.63303e-05 1.5708 -0.00193065
17.285 -0.436332 -0.436331 -1.08099e-06 4.00355 -8.86673e-08 4.10626e-07 -6.78521e-06 -0.436331 1.63283e-05 1.5708 -0.00193056
17.286 -0.436332 -0.436331 -1.07936e-06 4.00355 -8.80522e-08 4.10196e-07 -6.78537e-06 -0.436331 1.63263e-05 1.5708 -0.00193047
17.287 -0.436332 -0.436331 -1.07774e-06 4.00355 -8.74405e-08 4.09768e-07 -6.78553e-06 -0.436331 1.63244e-05 1.5708 -0.00193038
17.288 -0.436332 -0.436331 -1.07612e-06 4.00355 -8.68323e-08 4.09343e-07 -6.78568e-06 -0.436331 1.63224e-05 1.5708 -0.00193029
17.289 -0.436332 -0.436331 -1.07452e-06 4.00355 -8.62275e-08 4.08921e-07 -6.78584e-06 -0.436331 1.63204e-05 1.5708 -0.0019302
17.29 -0.436332 -0.436331 -1.07293e-06 4.00355 -8.56261e-08 4.08502e-07 -6.78598e-06 -0.436331 1.63184e-05 1.5708 -0.00193011
17.291 -0.436332 -0.436331 -1.07135e-06 4.00355 -8.50281e-08 4.08086e-07 -6.78613e-06 -0.436331 1.63165e-05 1.5708 -0.00193002
17.292 -0.436332 -0.436331 -1.06978e-06 4.00355 -8.44335e-08 4.07672e-07 -6.78627e-06 -0.436331 1.63145e-05 1.5708 -0.00192993
17.293 -0.436332 -0.436331 -1.06822e-06 4.00355 -8.38422e-08 4.07261e-07 -6.78641e-06 -0.436331 1.63126e-05 1.5708 -0.00192984
17.294 -0.436332 -0.436331 -1.06668e-06 4.00355 -8.32543e-08 4.06853e-07 -6.78655e-06 -0.436331 1.63106e-05 1.5708 -0.00192975
17.295 -0.436332 -0.436331 -1.06514e-06 4.00355 -8.26698e-08 4.06447e-07 -6.78668e-06 -0.436331 1.63087e-05 1.5708 -0.00192966
17.296 -0.436332 -0.436331 -1.06361e-06 4.00355 -8.20886e-08 4.06044e-07 -6.78681e-06 -0.436331 1.63067e-05 1.5708 -0.00192957
17.297 -0.436332 -0.436331 -1.0621e-06 4.00355 -8.15107e-08 4.05644e-07 -6.78694e-06 -0.436331 1.63048e-05 1.5708 -0.00192948
17.298 -0.436332 -0.436331 -1.06059e-06 4.00355 -8.09361e-08 4.05246e-07 -6.78706e-06 -0.436331 1.63029e-05 1.5708 -0.0019294
17.299 -0.436332 -0.436331 -1.05909e-06 4.00355 -8.03648e-08 4.04851e-07 -6.78718e-06 -0.436331 1.63009e-05 1.5708 -0.00192931
17.3 -0.436332 -0.436331 -1.05761e-06 4.00355 -7.97968e-08 4.04459e-07 -6.7873e-06 -0.436331 1.6299e-05 1.5708 -0.00192922
17.301 -0.436332 -0.436331 -1.05614e-06 4.00355 -7.92321e-08 4.04069e-07 -6.78742e-06 -0.436331 1.62971e-05 1.5708 -0.00192913
17.302 -0.436332 -0.436331 -1.05467e-06 4.00355 -7.86706e-08 4.03682e-07 -6.78753e-06 -0.436331 1.62952e-05 1.5708 -0.00192904
17.303 -0.436332 -0.436331 -1.05322e-06 4.00355 -7.81124e-08 4.03297e-07 -6.78764e-06 -0.436331 1.62933e-05 1.5708 -0.00192895
17.304 -0.436332 -0.436331 -1.05177e-06 4.00355 -7.75574e-08 4.02915e-07 -6.78775e-06 -0.436331 1.62914e-05 1.5708 -0.00192886
17.305 -0.436332 -0.436331 -1.05034e-06 4.00355 -7.70056e-08 4.02536e-07 -6.78785e-06 -0.436331 1.62895e-05 1.5708 -0.00192877
17.306 -0.436332 -0.436331 -1.04891e-06 4.00355 -7.64571e-08 4.02159e-07 -6.78795e-06 -0.436331 1.62876e-05 1.5708 -0.00192868
17.307 -0.436332 -0.436331 -1.0475e-06 4.00355 -7.59117e-08 4.01784e-07 -6.78805e-06 -0.436331 1.62857e-05 1.5708 -0.00192859
17.308 -0.436332 -0.436331 -1.04609e-06 4.00355 -7.53695e-08 4.01412e-07 -6.78815e-06 -0.436331 1.62838e-05 1.5708 -0.0019285
17.309 -0.436332 -0.436331 -1.0447e-06 4.00355 -7.48305e-08 4.01043e-07 -6.78824e-06 -0.436331 1.62819e-05 1.5708 -0.00192841
17.31 -0.436332 -0.436331 -1.04332e-06 4.00355 -7.42946e-08 4.00676e-07 -6.78833e-06 -0.436331 1.62801e-05 1.5708 -0.00192832
17.311 -0.436332 -0.436331 -1.04194e-06 4.00355 -7.37619e-08 4.00312e-07 -6.78842e-06 -0.436331 1.62782e-05 1.5708 -0.00192823
17.312 -0.436332 -0.436331 -1.04057e-06 4.00355 -7.32323e-08 3.9995e-07 -6.7885e-06 -0.436331 1.62763e-05 1.5708 -0.00192815
17.313 -0.436332 -0.436331 -1.03922e-06 4.00355 -7.27059e-08 3.9959e-07 -6.78858e-06 -0.436331 1.62745e-05 1.5708 -0.00192806
17.314 -0.436332 -0.436331 -1.03787e-06 4.00355 -7.21825e-08 3.99233e-07 -6.78866e-06 -0.436331 1.62726e-05 1.5708 -0.00192797
17.315 -0.436332 -0.436331 -1.03654e-06 4.00355 -7.16622e-08 3.98878e-07 -6.78874e-06 -0.436331 1.62708e-05 1.5708 -0.00192788
17.316 -0.436332 -0.436331 -1.03521e-06 4.00355 -7.11451e-08 3.98526e-07 -6.78881e-06 -0.436331 1.62689e-05 1.5708 -0.00192779
17.317 -0.436332 -0.436331 -1.03389e-06 4.00355 -7.0631e-08 3.98176e-07 -6.78889e-06 -0.436331 1.62671e-05 1.5708 -0.0019277
17.318 -0.436332 -0.436331 -1.03258e-06 4.00355 -7.01199e-08 3.97828e-07 -6.78896e-06 -0.436331 1.62652e-05 1.5708 -0.00192761
17.319 -0.436332 -0.436331 -1.03128e-06 4.00355 -6.96119e-08 3.97483e-07 -6.78902e-06 -0.436331 1.62634e-05 1.5708 -0.00192752
17.32 -0.436332 -0.436331 -1.02999e-06 4.00355 -6.91069e-08 3.9714e-07 -6.78909e-06 -0.436331 1.62616e-05 1.5708 -0.00192743
17.321 -0.436332 -0.436331 -1.02871e-06 4.00355 -6.86049e-08 3.968e-07 -6.78915e-06 -0.436331 1.62597e-05 1.5708 -0.00192734
17.322 -0.436332 -0.436331 -1.02744e-06 4.00355 -6.8106e-08 3.96462e-07 -6.7892e-06 -0.436331 1.62579e-05 1.5708 -0.00192725
17.323 -0.436332 -0.436331 -1.02617e-06 4.00355 -6.761e-08 3.96126e-07 -6.78926e-06 -0.436331 1.62561e-05 1.5708 -0.00192716
17.324 -0.436332 -0.436331 -1.02492e-06 4.00355 -6.7117e-08 3.95792e-07 -6.78931e-06 -0.436331 1.62543e-05 1.5708 -0.00192707
17.325 -0.436332 -0.436331 -1.02367e-06 4.00355 -6.6627e-08 3.95461e-07 -6.78937e-06 -0.436331 1.62525e-05 1.5708 -0.00192698
17.326 -0.436332 -0.436331 -1.02244e-06 4.00355 -6.614e-08 3.95132e-07 -6.78941e-06 -0.436331 1.62507e-05 1.5708 -0.0019269
17.327 -0.436332 -0.436331 -1.02121e-06 4.00355 -6.56559e-08 3.94805e-07 -6.78946e-06 -0.436331 1.62489e-05 1.5708 -0.00192681
17.328 -0.436332 -0.436331 -1.01999e-06 4.00355 -6.51747e-08 3.94481e-07 -6.7895e-06 -0.436331 1.62471e-05 1.5708 -0.00192672
17.329 -0.436332 -0.436331 -1.01878e-06 4.00355 -6.46964e-08 3.94158e-07 -6.78954e-06 -0.436331 1.62453e-05 1.5708 -0.00192663
17.33 -0.436332 -0.436331 -1.01758e-06 4.00355 -6.4221e-08 3.93838e-07 -6.78958e-06 -0.436331 1.62436e-05 1.5708 -0.00192654
17.331 -0.436332 -0.436331 -1.01639e-06 4.00355 -6.37486e-08 3.93521e-07 -6.78962e-06 -0.436331 1.62418e-05 1.5708 -0.00192645
17.332 -0.436332 -0.436331 -1.0152e-06 4.00355 -6.3279e-08 3.93205e-07 -6.78965e-06 -0.436331 1.624e-05 1.5708 -0.00192636
17.333 -0.436332 -0.436331 -1.01403e-06 4.00355 -6.28122e-08 3.92891e-07 -6.78968e-06 -0.436331 1.62382e-05 1.5708 -0.00192627
17.334 -0.436332 -0.436331 -1.01286e-06 4.00355 -6.23484e-08 3.9258e-07 -6.78971e-06 -0.436331 1.62365e-05 1.5708 -0.00192618
17.335 -0.436332 -0.436331 -1.0117e-06 4.00355 -6.18873e-08 3.92271e-07 -6.78974e-06 -0.436331 1.62347e-05 1.5708 -0.00192609
17.336 -0.436332 -0.436331 -1.01055e-06 4.00355 -6.14291e-08 3.91964e-07 -6.78976e-06 -0.436331 1.6233e-05 1.5708 -0.001926
17.337 -0.436332 -0.436331 -1.00941e-06 4.00355 -6.09738e-08 3.91659e-07 -6.78978e-06 -0.436331 1.62312e-05 1.5708 -0.00192591
17.338 -0.436332 -0.436331 -1.00828e-06 4.00355 -6.05212e-08 3.91356e-07 -6.7898e-06 -0.436331 1.62295e-05 1.5708 -0.00192583
17.339 -0.436332 -0.436331 -1.00715e-06 4.00355 -6.00714e-08 3.91056e-07 -6.78982e-06 -0.436331 1.62277e-05 1.5708 -0.00192574
17.34 -0.436332 -0.436331 -1.00603e-06 4.00355 -5.96244e-08 3.90757e-07 -6.78983e-06 -0.436331 1.6226e-05 1.5708 -0.00192565
17.341 -0.436332 -0.436331 -1.00492e-06 4.00355 -5.91801e-08 3.90461e-07 -6.78985e-06 -0.436331 1.62243e-05 1.5708 -0.00192556
17.342 -0.436332 -0.436331 -1.00382e-06 4.00355 -5.87386e-08 3.90166e-07 -6.78986e-06 -0.436331 1.62226e-05 1.5708 -0.00192547
17.343 -0.436332 -0.436331 -1.00273e-06 4.00355 -5.82999e-08 3.89874e-07 -6.78986e-06 -0.436331 1.62208e-05 1.5708 -0.00192538
17.344 -0.436332 -0.436331 -1.00165e-06 4.00355 -5.78639e-08 3.89584e-07 -6.78987e-06 -0.436331 1.62191e-05 1.5708 -0.00192529
17.345 -0.436332 -0.436331 -1.00057e-06 4.00355 -5.74306e-08 3.89295e-07 -6.78987e-06 -0.436331 1.62174e-05 1.5708 -0.0019252
17.346 -0.436332 -0.436331 -9.99499e-07 4.00355 -5.7e-08 3.89009e-07 -6.78987e-06 -0.436331 1.62157e-05 1.5708 -0.00192511
17.347 -0.436332 -0.436331 -9.98437e-07 4.00355 -5.65721e-08 3.88725e-07 -6.78987e-06 -0.436331 1.6214e-05 1.5708 -0.00192502
17.348 -0.436332 -0.436331 -9.97383e-07 4.00355 -5.61469e-08 3.88443e-07 -6.78987e-06 -0.436331 1.62123e-05 1.5708 -0.00192493
17.349 -0.436332 -0.436331 -9.96337e-07 4.00355 -5.57243e-08 3.88162e-07 -6.78986e-06 -0.436331 1.62106e-05 1.5708 -0.00192484
17.35 -0.436332 -0.436331 -9.95299e-07 4.00355 -5.53044e-08 3.87884e-07 -6.78986e-06 -0.436331 1.62089e-05 1.5708 -0.00192476
17.351 -0.436332 -0.436331 -9.94268e-07 4.00355 -5.48871e-08 3.87608e-07 -6.78985e-06 -0.436331 1.62072e-05 1.5708 -0.00192467
17.352 -0.436332 -0.436331 -9.93245e-07 4.00355 -5.44725e-08 3.87333e-07 -6.78983e-06 -0.436331 1.62056e-05 1.5708 -0.00192458
17.353 -0.436332 -0.436331 -9.92229e-07 4.00355 -5.40605e-08 3.87061e-07 -6.78982e-06 -0.436331 1.62039e-05 1.5708 -0.00192449
17.354 -0.436332 -0.436331 -9.91221e-07 4.00355 -5.36511e-08 3.8679e-07 -6.7898e-06 -0.436331 1.62022e-05 1.5708 -0.0019244
17.355 -0.436332 -0.436331 -9.9022e-07 4.00355 -5.32443e-08 3.86522e-07 -6.78978e-06 -0.436331 1.62006e-05 1.5708 -0.00192431
17.356 -0.436332 -0.436331 -9.89227e-07 4.00355 -5.284e-08 3.86255e-07 -6.78976e-06 -0.436331 1.61989e-05 1.5708 -0.00192422
17.357 -0.436332 -0.436331 -9.88241e-07 4.00355 -5.24384e-08 3.8599e-07 -6.78974e-06 -0.436331 1.61972e-05 1.5708 -0.00192413
17.358 -0.436332 -0.436331 -9.87262e-07 4.00355 -5.20393e-08 3.85727e-07 -6.78972e-06 -0.436331 1.61956e-05 1.5708 -0.00192404
17.359 -0.436332 -0.436331 -9.86291e-07 4.00355 -5.16427e-08 3.85466e-07 -6.78969e-06 -0.436331 1.61939e-05 1.5708 -0.00192395
17.36 -0.436332 -0.436331 -9.85327e-07 4.00355 -5.12487e-08 3.85207e-07 -6.78966e-06 -0.436331 1.61923e-05 1.5708 -0.00192386
17.361 -0.436332 -0.436331 -9.84369e-07 4.00355 -5.08572e-08 3.8495e-07 -6.78963e-06 -0.436331 1.61907e-05 1.5708 -0.00192378
17.362 -0.436332 -0.436331 -9.8342e-07 4.00355 -5.04682e-08 3.84694e-07 -6.78959e-06 -0.436331 1.6189e-05 1.5708 -0.00192369
17.363 -0.436332 -0.436331 -9.82477e-07 4.00355 -5.00817e-08 3.8444e-07 -6.78956e-06 -0.436331 1.61874e-05 1.5708 -0.0019236
17.364 -0.436332 -0.436331 -9.81541e-07 4.00355 -4.96977e-08 3.84188e-07 -6.78952e-06 -0.436331 1.61858e-05 1.5708 -0.00192351
17.365 -0.436332 -0.436331 -9.80612e-07 4.00355 -4.93161e-08 3.83938e-07 -6.78948e-06 -0.436331 1.61842e-05 1.5708 -0.00192342
17.366 -0.436332 -0.436331 -9.7969e-07 4.00355 -4.8937e-08 3.8369e-07 -6.78944e-06 -0.436331 1.61825e-05 1.5708 -0.00192333
17.367 -0.436332 -0.436331 -9.78775e-07 4.00355 -4.85604e-08 3.83443e-07 -6.7894e-06 -0.436331 1.61809e-05 1.5708 -0.00192324
17.368 -0.436332 -0.436331 -9.77867e-07 4.00355 -4.81862e-08 3.83199e-07 -6.78935e-06 -0.436331 1.61793e-05 1.5708 -0.00192315
17.369 -0.436332 -0.436331 -9.76965e-07 4.00355 -4.78144e-08 3.82956e-07 -6.7893e-06 -0.436331 1.61777e-05 1.5708 -0.00192306
17.37 -0.436332 -0.436331 -9.76071e-07 4.00355 -4.7445e-08 3.82714e-07 -6.78926e-06 -0.436331 1.61761e-05 1.5708 -0.00192297
17.371 -0.436332 -0.436331 -9.75183e-07 4.00355 -4.7078e-08 3.82475e-07 -6.7892e-06 -0.436331 1.61745e-05 1.5708 -0.00192289
17.372 -0.436332 -0.436331 -9.74301e-07 4.00355 -4.67135e-08 3.82237e-07 -6.78915e-06 -0.436331 1.61729e-05 1.5708 -0.0019228
17.373 -0.436332 -0.436331 -9.73427e-07 4.00355 -4.63513e-08 3.82001e-07 -6.7891e-06 -0.436331 1.61714e-05 1.5708 -0.00192271
17.374 -0.436332 -0.436331 -9.72559e-07 4.00355 -4.59914e-08 3.81766e-07 -6.78904e-06 -0.436331 1.61698e-05 1.5708 -0.00192262
17.375 -0.436332 -0.436331 -9.71697e-07 4.00355 -4.56339e-08 3.81534e-07 -6.78898e-06 -0.436331 1.61682e-05 1.5708 -0.00192253
17.376 -0.436332 -0.436331 -9.70842e-07 4.00355 -4.52788e-08 3.81303e-07 -6.78892e-06 -0.436331 1.61666e-05 1.5708 -0.00192244
17.377 -0.436332 -0.436331 -9.69994e-07 4.00355 -4.4926e-08 3.81073e-07 -6.78886e-06 -0.436331 1.61651e-05 1.5708 -0.00192235
17.378 -0.436332 -0.436331 -9.69152e-07 4.00355 -4.45755e-08 3.80846e-07 -6.78879e-06 -0.436331 1.61635e-05 1.5708 -0.00192226
17.379 -0.436332 -0.436331 -9.68316e-07 4.00355 -4.42273e-08 3.8062e-07 -6.78873e-06 -0.436331 1.61619e-05 1.5708 -0.00192217
17.38 -0.436332 -0.436331 -9.67486e-07 4.00355 -4.38814e-08 3.80395e-07 -6.78866e-06 -0.436331 1.61604e-05 1.5708 -0.00192208
17.381 -0.436332 -0.436331 -9.66663e-07 4.00355 -4.35378e-08 3.80172e-07 -6.78859e-06 -0.436331 1.61588e-05 1.5708 -0.001922
17.382 -0.436332 -0.436331 -9.65846e-07 4.00355 -4.31964e-08 3.79951e-07 -6.78852e-06 -0.436331 1.61573e-05 1.5708 -0.00192191
17.383 -0.436332 -0.436331 -9.65036e-07 4.00355 -4.28573e-08 3.79732e-07 -6.78844e-06 -0.436331 1.61558e-05 1.5708 -0.00192182
17.384 -0.436332 -0.436331 -9.64231e-07 4.00355 -4.25205e-08 3.79514e-07 -6.78837e-06 -0.436331 1.61542e-05 1.5708 -0.00192173
17.385 -0.436332 -0.436331 -9.63433e-07 4.00355 -4.21859e-08 3.79297e-07 -6.78829e-06 -0.436331 1.61527e-05 1.5708 -0.00192164
17.386 -0.436332 -0.436331 -9.6264e-07 4.00355 -4.18535e-08 3.79082e-07 -6.78821e-06 -0.436331 1.61512e-05 1.5708 -0.00192155
17.387 -0.436332 -0.436331 -9.61854e-07 4.00355 -4.15234e-08 3.78869e-07 -6.78813e-06 -0.436331 1.61496e-05 1.5708 -0.00192146
17.388 -0.436332 -0.436331 -9.61074e-07 4.00355 -4.11954e-08 3.78657e-07 -6.78805e-06 -0.436331 1.61481e-05 1.5708 -0.00192137
17.389 -0.436332 -0.436331 -9.603e-07 4.00355 -4.08696e-08 3.78447e-07 -6.78796e-06 -0.436331 1.61466e-05 1.5708 -0.00192128
17.39 -0.436332 -0.436331 -9.59531e-07 4.00355 -4.0546e-08 3.78238e-07 -6.78788e-06 -0.436331 1.61451e-05 1.5708 -0.00192119
17.391 -0.436332 -0.436331 -9.58769e-07 4.00355 -4.02246e-08 3.78031e-07 -6.78779e-06 -0.436331 1.61436e-05 1.5708 -0.00192111
17.392 -0.436332 -0.436331 -9.58012e-07 4.00355 -3.99053e-08 3.77826e-07 -6.7877e-06 -0.436331 1.61421e-05 1.5708 -0.00192102
17.393 -0.436332 -0.436331 -9.57261e-07 4.00355 -3.95882e-08 3.77622e-07 -6.78761e-06 -0.436331 1.61406e-05 1.5708 -0.00192093
17.394 -0.436332 -0.436331 -9.56516e-07 4.00355 -3.92732e-08 3.77419e-07 -6.78752e-06 -0.436331 1.61391e-05 1.5708 -0.00192084
17.395 -0.436332 -0.436331 -9.55777e-07 4.00355 -3.89604e-08 3.77218e-07 -6.78742e-06 -0.436331 1.61376e-05 1.5708 -0.00192075
17.396 -0.436332 -0.436331 -9.55043e-07 4.00355 -3.86496e-08 3.77018e-07 -6.78733e-06 -0.436331 1.61361e-05 1.5708 -0.00192066
17.397 -0.436332 -0.436331 -9.54315e-07 4.00355 -3.8341e-08 3.7682e-07 -6.78723e-06 -0.436331 1.61346e-05 1.5708 -0.00192057
17.398 -0.436332 -0.436331 -9.53592e-07 4.00355 -3.80344e-08 3.76623e-07 -6.78713e-06 -0.436331 1.61331e-05 1.5708 -0.00192048
17.399 -0.436332 -0.436331 -9.52876e-07 4.00355 -3.77299e-08 3.76428e-07 -6.78703e-06 -0.436331 1.61317e-05 1.5708 -0.00192039
17.4 -0.436332 -0.436331 -9.52164e-07 4.00355 -3.74275e-08 3.76234e-07 -6.78693e-06 -0.436331 1.61302e-05 1.5708 -0.00192031
17.401 -0.436332 -0.436331 -9.51458e-07 4.00355 -3.71272e-08 3.76042e-07 -6.78682e-06 -0.436331 1.61287e-05 1.5708 -0.00192022
17.402 -0.436332 -0.436331 -9.50758e-07 4.00355 -3.68289e-08 3.75851e-07 -6.78672e-06 -0.436331 1.61273e-05 1.5708 -0.00192013
17.403 -0.436332 -0.436331 -9.50063e-07 4.00355 -3.65326e-08 3.75661e-07 -6.78661e-06 -0.436331 1.61258e-05 1.5708 -0.00192004
17.404 -0.436332 -0.436331 -9.49374e-07 4.00355 -3.62383e-08 3.75473e-07 -6.7865e-06 -0.436331 1.61244e-05 1.5708 -0.00191995
17.405 -0.436332 -0.436331 -9.48689e-07 4.00355 -3.59461e-08 3.75286e-07 -6.78639e-06 -0.436331 1.61229e-05 1.5708 -0.00191986
17.406 -0.436332 -0.436331 -9.4801e-07 4.00355 -3.56558e-08 3.75101e-07 -6.78628e-06 -0.436331 1.61215e-05 1.5708 -0.00191977
17.407 -0.436332 -0.436331 -9.47337e-07 4.00355 -3.53676e-08 3.74917e-07 -6.78616e-06 -0.436331 1.612e-05 1.5708 -0.00191968
17.408 -0.436332 -0.436331 -9.46668e-07 4.00355 -3.50813e-08 3.74734e-07 -6.78605e-06 -0.436331 1.61186e-05 1.5708 -0.00191959
17.409 -0.436332 -0.436331 -9.46005e-07 4.00355 -3.4797e-08 3.74553e-07 -6.78593e-06 -0.436331 1.61171e-05 1.5708 -0.00191951
17.41 -0.436332 -0.436331 -9.45347e-07 4.00355 -3.45147e-08 3.74373e-07 -6.78581e-06 -0.436331 1.61157e-05 1.5708 -0.00191942
17.411 -0.436332 -0.436331 -9.44694e-07 4.00355 -3.42343e-08 3.74194e-07 -6.78569e-06 -0.436331 1.61143e-05 1.5708 -0.00191933
17.412 -0.436332 -0.436331 -9.44046e-07 4.00355 -3.39559e-08 3.74017e-07 -6.78557e-06 -0.436331 1.61129e-05 1.5708 -0.00191924
17.413 -0.436332 -0.436331 -9.43404e-07 4.00355 -3.36793e-08 3.7384e-07 -6.78545e-06 -0.436331 1.61114e-05 1.5708 -0.00191915
17.414 -0.436332 -0.436331 -9.42766e-07 4.00355 -3.34047e-08 3.73666e-07 -6.78533e-06 -0.436331 1.611e-05 1.5708 -0.00191906
17.415 -0.436332 -0.436331 -9.42133e-07 4.00355 -3.3132e-08 3.73492e-07 -6.7852e-06 -0.436331 1.61086e-05 1.5708 -0.00191897
17.416 -0.436332 -0.436331 -9.41505e-07 4.00355 -3.28612e-08 3.7332e-07 -6.78507e-06 -0.436331 1.61072e-05 1.5708 -0.00191888
17.417 -0.436332 -0.436331 -9.40882e-07 4.00355 -3.25923e-08 3.73149e-07 -6.78494e-06 -0.436331 1.61058e-05 1.5708 -0.00191879
17.418 -0.436332 -0.436331 -9.40264e-07 4.00355 -3.23253e-08 3.7298e-07 -6.78481e-06 -0.436331 1.61044e-05 1.5708 -0.00191871
17.419 -0.436332 -0.436331 -9.39651e-07 4.00355 -3.20601e-08 3.72811e-07 -6.78468e-06 -0.436331 1.6103e-05 1.5708 -0.00191862
17.42 -0.436332 -0.436331 -9.39043e-07 4.00355 -3.17967e-08 3.72644e-07 -6.78455e-06 -0.436331 1.61016e-05 1.5708 -0.00191853
17.421 -0.436332 -0.436331 -9.38439e-07 4.00355 -3.15353e-08 3.72478e-07 -6.78442e-06 -0.436331 1.61002e-05 1.5708 -0.00191844
17.422 -0.436332 -0.436331 -9.37841e-07 4.00355 -3.12756e-08 3.72314e-07 -6.78428e-06 -0.436331 1.60988e-05 1.5708 -0.00191835
17.423 -0.436332 -0.436331 -9.37247e-07 4.00355 -3.10178e-08 3.7215e-07 -6.78414e-06 -0.436331 1.60975e-05 1.5708 -0.00191826
17.424 -0.436332 -0.436331 -9.36657e-07 4.00355 -3.07618e-08 3.71988e-07 -6.784e-06 -0.436331 1.60961e-05 1.5708 -0.00191817
17.425 -0.436332 -0.436331 -9.36072e-07 4.00355 -3.05076e-08 3.71827e-07 -6.78386e-06 -0.436331 1.60947e-05 1.5708 -0.00191808
17.426 -0.436332 -0.436331 -9.35492e-07 4.00355 -3.02551e-08 3.71668e-07 -6.78372e-06 -0.436331 1.60933e-05 1.5708 -0.00191799
17.427 -0.436332 -0.436331 -9.34917e-07 4.00355 -3.00045e-08 3.71509e-07 -6.78358e-06 -0.436331 1.6092e-05 1.5708 -0.00191791
17.428 -0.436332 -0.436331 -9.34346e-07 4.00355 -2.97556e-08 3.71352e-07 -6.78344e-06 -0.436331 1.60906e-05 1.5708 -0.00191782
17.429 -0.436332 -0.436331 -9.33779e-07 4.00355 -2.95085e-08 3.71195e-07 -6.78329e-06 -0.436331 1.60892e-05 1.5708 -0.00191773
17.43 -0.436332 -0.436331 -9.33217e-07 4.00355 -2.92632e-08 3.7104e-07 -6.78315e-06 -0.436331 1.60879e-05 1.5708 -0.00191764
17.431 -0.436332 -0.436331 -9.3266e-07 4.00355 -2.90196e-08 3.70887e-07 -6.783e-06 -0.436331 1.60865e-05 1.5708 -0.00191755
17.432 -0.436332 -0.436331 -9.32106e-07 4.00355 -2.87777e-08 3.70734e-07 -6.78285e-06 -0.436331 1.60852e-05 1.5708 -0.00191746
17.433 -0.436332 -0.436331 -9.31558e-07 4.00355 -2.85376e-08 3.70582e-07 -6.7827e-06 -0.436331 1.60838e-05 1.5708 -0.00191737
17.434 -0.436332 -0.436331 -9.31013e-07 4.00355 -2.82991e-08 3.70432e-07 -6.78255e-06 -0.436331 1.60825e-05 1.5708 -0.00191728
17.435 -0.436332 -0.436331 -9.30473e-07 4.00355 -2.80624e-08 3.70283e-07 -6.78239e-06 -0.436331 1.60812e-05 1.5708 -0.0019172
17.436 -0.436332 -0.436331 -9.29937e-07 4.00355 -2.78274e-08 3.70134e-07 -6.78224e-06 -0.436331 1.60798e-05 1.5708 -0.00191711
17.437 -0.436332 -0.436331 -9.29406e-07 4.00355 -2.7594e-08 3.69987e-07 -6.78208e-06 -0.436331 1.60785e-05 1.5708 -0.00191702
17.438 -0.436332 -0.436331 -9.28879e-07 4.00355 -2.73623e-08 3.69841e-07 -6.78192e-06 -0.436331 1.60772e-05 1.5708 -0.00191693
17.439 -0.436332 -0.436331 -9.28356e-07 4.00355 -2.71323e-08 3.69697e-07 -6.78177e-06 -0.436331 1.60758e-05 1.5708 -0.00191684
17.44 -0.436332 -0.436331 -9.27837e-07 4.00355 -2.69039e-08 3.69553e-07 -6.78161e-06 -0.436331 1.60745e-05 1.5708 -0.00191675
17.441 -0.436332 -0.436331 -9.27322e-07 4.00355 -2.66772e-08 3.6941e-07 -6.78145e-06 -0.436331 1.60732e-05 1.5708 -0.00191666
17.442 -0.436332 -0.436331 -9.26811e-07 4.00355 -2.64521e-08 3.69269e-07 -6.78128e-06 -0.436331 1.60719e-05 1.5708 -0.00191657
17.443 -0.436332 -0.436331 -9.26305e-07 4.00355 -2.62287e-08 3.69128e-07 -6.78112e-06 -0.436331 1.60706e-05 1.5708 -0.00191649
17.444 -0.436332 -0.436331 -9.25802e-07 4.00355 -2.60068e-08 3.68989e-07 -6.78096e-06 -0.436331 1.60693e-05 1.5708 -0.0019164
17.445 -0.436332 -0.436331 -9.25304e-07 4.00355 -2.57866e-08 3.6885e-07 -6.78079e-06 -0.436331 1.6068e-05 1.5708 -0.00191631
17.446 -0.436332 -0.436331 -9.24809e-07 4.00355 -2.5568e-08 3.68713e-07 -6.78062e-06 -0.436331 1.60667e-05 1.5708 -0.00191622
17.447 -0.436332 -0.436331 -9.24319e-07 4.00355 -2.53509e-08 3.68576e-07 -6.78046e-06 -0.436331 1.60654e-05 1.5708 -0.00191613
17.448 -0.436332 -0.436331 -9.23832e-07 4.00355 -2.51355e-08 3.68441e-07 -6.78029e-06 -0.436331 1.60641e-05 1.5708 -0.00191604
17.449 -0.436332 -0.436331 -9.23349e-07 4.00355 -2.49216e-08 3.68307e-07 -6.78012e-06 -0.436331 1.60628e-05 1.5708 -0.00191595
17.45 -0.436332 -0.436331 -9.22871e-07 4.00355 -2.47092e-08 3.68173e-07 -6.77994e-06 -0.436331 1.60615e-05 1.5708 -0.00191587
17.451 -0.436332 -0.436331 -9.22396e-07 4.00355 -2.44984e-08 3.68041e-07 -6.77977e-06 -0.436331 1.60602e-05 1.5708 -0.00191578
17.452 -0.436332 -0.436331 -9.21924e-07 4.00355 -2.42892e-08 3.6791e-07 -6.7796e-06 -0.436331 1.6059e-05 1.5708 -0.00191569
17.453 -0.436332 -0.436331 -9.21457e-07 4.00355 -2.40815e-08 3.6778e-07 -6.77942e-06 -0.436331 1.60577e-05 1.5708 -0.0019156
17.454 -0.436332 -0.436331 -9.20994e-07 4.00355 -2.38753e-08 3.6765e-07 -6.77925e-06 -0.436331 1.60564e-05 1.5708 -0.00191551
17.455 -0.436332 -0.436331 -9.20534e-07 4.00355 -2.36706e-08 3.67522e-07 -6.77907e-06 -0.436331 1.60551e-05 1.5708 -0.00191542
17.456 -0.436332 -0.436331 -9.20078e-07 4.00355 -2.34675e-08 3.67395e-07 -6.77889e-06 -0.436331 1.60539e-05 1.5708 -0.00191533
17.457 -0.436332 -0.436331 -9.19625e-07 4.00355 -2.32658e-08 3.67268e-07 -6.77871e-06 -0.436331 1.60526e-05 1.5708 -0.00191524
17.458 -0.436332 -0.436331 -9.19176e-07 4.00355 -2.30656e-08 3.67143e-07 -6.77853e-06 -0.436331 1.60514e-05 1.5708 -0.00191516
17.459 -0.436332 -0.436331 -9.18731e-07 4.00355 -2.28669e-08 3.67018e-07 -6.77835e-06 -0.436331 1.60501e-05 1.5708 -0.00191507
17.46 -0.436332 -0.436331 -9.18289e-07 4.00355 -2.26697e-08 3.66895e-07 -6.77817e-06 -0.436331 1.60488e-05 1.5708 -0.00191498
17.461 -0.436332 -0.436331 -9.17851e-07 4.00355 -2.24739e-08 3.66772e-07 -6.77798e-06 -0.436331 1.60476e-05 1.5708 -0.00191489
17.462 -0.436332 -0.436331 -9.17417e-07 4.00355 -2.22796e-08 3.6665e-07 -6.7778e-06 -0.436331 1.60464e-05 1.5708 -0.0019148
17.463 -0.436332 -0.436331 -9.16986e-07 4.00355 -2.20867e-08 3.6653e-07 -6.77761e-06 -0.436331 1.60451e-05 1.5708 -0.00191471
17.464 -0.436332 -0.436331 -9.16559e-07 4.00355 -2.18953e-08 3.6641e-07 -6.77742e-06 -0.436331 1.60439e-05 1.5708 -0.00191462
17.465 -0.436332 -0.436331 -9.16135e-07 4.00355 -2.17053e-08 3.66291e-07 -6.77724e-06 -0.436331 1.60426e-05 1.5708 -0.00191454
17.466 -0.436332 -0.436331 -9.15714e-07 4.00355 -2.15167e-08 3.66173e-07 -6.77705e-06 -0.436331 1.60414e-05 1.5708 -0.00191445
17.467 -0.436332 -0.436331 -9.15297e-07 4.00355 -2.13295e-08 3.66056e-07 -6.77686e-06 -0.436331 1.60402e-05 1.5708 -0.00191436
17.468 -0.436332 -0.436331 -9.14883e-07 4.00355 -2.11437e-08 3.6594e-07 -6.77667e-06 -0.436331 1.60389e-05 1.5708 -0.00191427
17.469 -0.436332 -0.436331 -9.14473e-07 4.00355 -2.09593e-08 3.65824e-07 -6.77647e-06 -0.436331 1.60377e-05 1.5708 -0.00191418
17.47 -0.436332 -0.436331 -9.14066e-07 4.00355 -2.07763e-08 3.6571e-07 -6.77628e-06 -0.436331 1.60365e-05 1.5708 -0.00191409
17.471 -0.436332 -0.436331 -9.13662e-07 4.00355 -2.05947e-08 3.65596e-07 -6.77609e-06 -0.436331 1.60353e-05 1.5708 -0.001914
17.472 -0.436332 -0.436331 -9.13262e-07 4.00355 -2.04144e-08 3.65483e-07 -6.77589e-06 -0.436331 1.60341e-05 1.5708 -0.00191391
17.473 -0.436332 -0.436331 -9.12864e-07 4.00355 -2.02355e-08 3.65372e-07 -6.77569e-06 -0.436331 1.60328e-05 1.5708 -0.00191383
17.474 -0.436332 -0.436331 -9.1247e-07 4.00355 -2.00579e-08 3.6526e-07 -6.7755e-06 -0.436331 1.60316e-05 1.5708 -0.00191374
17.475 -0.436332 -0.436331 -9.1208e-07 4.00355 -1.98817e-08 3.6515e-07 -6.7753e-06 -0.436331 1.60304e-05 1.5708 -0.00191365
17.476 -0.436332 -0.436331 -9.11692e-07 4.00355 -1.97068e-08 3.65041e-07 -6.7751e-06 -0.436331 1.60292e-05 1.5708 -0.00191356
17.477 -0.436332 -0.436331 -9.11308e-07 4.00355 -1.95333e-08 3.64932e-07 -6.7749e-06 -0.436331 1.6028e-05 1.5708 -0.00191347
17.478 -0.436332 -0.436331 -9.10927e-07 4.00355 -1.9361e-08 3.64825e-07 -6.7747e-06 -0.436331 1.60268e-05 1.5708 -0.00191338
17.479 -0.436332 -0.436331 -9.10548e-07 4.00355 -1.91901e-08 3.64718e-07 -6.7745e-06 -0.436331 1.60256e-05 1.5708 -0.00191329
17.48 -0.436332 -0.436331 -9.10173e-07 4.00355 -1.90204e-08 3.64612e-07 -6.77429e-06 -0.436331 1.60244e-05 1.5708 -0.00191321
17.481 -0.436332 -0.436331 -9.09801e-07 4.00355 -1.88521e-08 3.64506e-07 -6.77409e-06 -0.436331 1.60233e-05 1.5708 -0.00191312
17.482 -0.436332 -0.436331 -9.09433e-07 4.00355 -1.8685e-08 3.64402e-07 -6.77388e-06 -0.436331 1.60221e-05 1.5708 -0.00191303
17.483 -0.436332 -0.436331 -9.09067e-07 4.00355 -1.85193e-08 3.64298e-07 -6.77368e-06 -0.436331 1.60209e-05 1.5708 -0.00191294
17.484 -0.436332 -0.436331 -9.08704e-07 4.00355 -1.83548e-08 3.64195e-07 -6.77347e-06 -0.436331 1.60197e-05 1.5708 -0.00191285
17.485 -0.436332 -0.436331 -9.08344e-07 4.00355 -1.81915e-08 3.64093e-07 -6.77326e-06 -0.436331 1.60185e-05 1.5708 -0.00191276
17.486 -0.436332 -0.436331 -9.07987e-07 4.00355 -1.80295e-08 3.63992e-07 -6.77306e-06 -0.436331 1.60174e-05 1.5708 -0.00191267
17.487 -0.436332 -0.436331 -9.07633e-07 4.00355 -1.78687e-08 3.63892e-07 -6.77285e-06 -0.436331 1.60162e-05 1.5708 -0.00191259
17.488 -0.436332 -0.436331 -9.07282e-07 4.00355 -1.77092e-08 3.63792e-07 -6.77264e-06 -0.436331 1.6015e-05 1.5708 -0.0019125
17.489 -0.436332 -0.436331 -9.06933e-07 4.00355 -1.75509e-08 3.63693e-07 -6.77242e-06 -0.436331 1.60139e-05 1.5708 -0.00191241
17.49 -0.436332 -0.436331 -9.06588e-07 4.00355 -1.73939e-08 3.63594e-07 -6.77221e-06 -0.436331 1.60127e-05 1.5708 -0.00191232
17.491 -0.436332 -0.436331 -9.06245e-07 4.00355 -1.7238e-08 3.63497e-07 -6.772e-06 -0.436331 1.60115e-05 1.5708 -0.00191223
17.492 -0.436332 -0.436331 -9.05906e-07 4.00355 -1.70834e-08 3.634e-07 -6.77179e-06 -0.436331 1.60104e-05 1.5708 -0.00191214
17.493 -0.436332 -0.436331 -9.05569e-07 4.00355 -1.69299e-08 3.63304e-07 -6.77157e-06 -0.436331 1.60092e-05 1.5708 -0.00191206
17.494 -0.436332 -0.436331 -9.05235e-07 4.00355 -1.67777e-08 3.63209e-07 -6.77136e-06 -0.436331 1.60081e-05 1.5708 -0.00191197
17.495 -0.436332 -0.436331 -9.04903e-07 4.00355 -1.66266e-08 3.63114e-07 -6.77114e-06 -0.436331 1.60069e-05 1.5708 -0.00191188
17.496 -0.436332 -0.436331 -9.04575e-07 4.00355 -1.64767e-08 3.6302e-07 -6.77092e-06 -0.436331 1.60058e-05 1.5708 -0.00191179
17.497 -0.436332 -0.436331 -9.04249e-07 4.00355 -1.63279e-08 3.62927e-07 -6.7707e-06 -0.436331 1.60046e-05 1.5708 -0.0019117
17.498 -0.436332 -0.436331 -9.03925e-07 4.00355 -1.61804e-08 3.62835e-07 -6.77048e-06 -0.436331 1.60035e-05 1.5708 -0.00191161
17.499 -0.436332 -0.436331 -9.03605e-07 4.00355 -1.6034e-08 3.62743e-07 -6.77027e-06 -0.436331 1.60023e-05 1.5708 -0.00191152
17.5 -0.436332 -0.436331 -9.03287e-07 4.00355 -1.58887e-08 3.62652e-07 -6.77004e-06 -0.436331 1.60012e-05 1.5708 -0.00191144
17.501 -0.436332 -0.436331 -9.02971e-07 4.00355 -1.57445e-08 3.62562e-07 -6.76982e-06 -0.436331 1.60001e-05 1.5708 -0.00191135
17.502 -0.436332 -0.436331 -9.02659e-07 4.00355 -1.56015e-08 3.62472e-07 -6.7696e-06 -0.436331 1.59989e-05 1.5708 -0.00191126
17.503 -0.436332 -0.436331 -9.02348e-07 4.00355 -1.54597e-08 3.62383e-07 -6.76938e-06 -0.436331 1.59978e-05 1.5708 -0.00191117
17.504 -0.436332 -0.436331 -9.02041e-07 4.00355 -1.53189e-08 3.62295e-07 -6.76915e-06 -0.436331 1.59967e-05 1.5708 -0.00191108
17.505 -0.436332 -0.436331 -9.01736e-07 4.00355 -1.51792e-08 3.62207e-07 -6.76893e-06 -0.436331 1.59956e-05 1.5708 -0.00191099
17.506 -0.436332 -0.436331 -9.01433e-07 4.00355 -1.50407e-08 3.6212e-07 -6.7687e-06 -0.436331 1.59945e-05 1.5708 -0.0019109
17.507 -0.436332 -0.436331 -9.01133e-07 4.00355 -1.49032e-08 3.62034e-07 -6.76848e-06 -0.436331 1.59933e-05 1.5708 -0.00191082
17.508 -0.436332 -0.436331 -9.00836e-07 4.00355 -1.47669e-08 3.61948e-07 -6.76825e-06 -0.436331 1.59922e-05 1.5708 -0.00191073
17.509 -0.436332 -0.436331 -9.0054e-07 4.00355 -1.46316e-08 3.61863e-07 -6.76802e-06 -0.436331 1.59911e-05 1.5708 -0.00191064
17.51 -0.436332 -0.436331 -9.00248e-07 4.00355 -1.44973e-08 3.61779e-07 -6.7678e-06 -0.436331 1.599e-05 1.5708 -0.00191055
17.511 -0.436332 -0.436331 -8.99958e-07 4.00355 -1.43642e-08 3.61695e-07 -6.76757e-06 -0.436331 1.59889e-05 1.5708 -0.00191046
17.512 -0.436332 -0.436331 -8.9967e-07 4.00355 -1.42321e-08 3.61612e-07 -6.76734e-06 -0.436331 1.59878e-05 1.5708 -0.00191037
17.513 -0.436332 -0.436331 -8.99384e-07 4.00355 -1.41011e-08 3.6153e-07 -6.76711e-06 -0.436331 1.59867e-05 1.5708 -0.00191029
17.514 -0.436332 -0.436331 -8.99101e-07 4.00355 -1.39711e-08 3.61448e-07 -6.76687e-06 -0.436331 1.59856e-05 1.5708 -0.0019102
17.515 -0.436332 -0.436331 -8.9882e-07 4.00355 -1.38421e-08 3.61366e-07 -6.76664e-06 -0.436331 1.59845e-05 1.5708 -0.00191011
17.516 -0.436332 -0.436331 -8.98542e-07 4.00355 -1.37142e-08 3.61286e-07 -6.76641e-06 -0.436331 1.59834e-05 1.5708 -0.00191002
17.517 -0.436332 -0.436331 -8.98266e-07 4.00355 -1.35873e-08 3.61206e-07 -6.76618e-06 -0.436331 1.59823e-05 1.5708 -0.00190993
17.518 -0.436332 -0.436331 -8.97992e-07 4.00355 -1.34614e-08 3.61127e-07 -6.76594e-06 -0.436331 1.59812e-05 1.57081 -0.00190984
17.519 -0.436332 -0.436331 -8.97721e-07 4.00355 -1.33366e-08 3.61048e-07 -6.76571e-06 -0.436331 1.59801e-05 1.57081 -0.00190976
17.52 -0.436332 -0.436331 -8.97451e-07 4.00355 -1.32127e-08 3.6097e-07 -6.76547e-06 -0.436331 1.5979e-05 1.57081 -0.00190967
17.521 -0.436332 -0.436331 -8.97184e-07 4.00355 -1.30898e-08 3.60892e-07 -6.76523e-06 -0.436331 1.5978e-05 1.57081 -0.00190958
17.522 -0.436332 -0.436331 -8.96919e-07 4.00355 -1.2968e-08 3.60815e-07 -6.765e-06 -0.436331 1.59769e-05 1.57081 -0.00190949
17.523 -0.436332 -0.436331 -8.96657e-07 4.00355 -1.28471e-08 3.60739e-07 -6.76476e-06 -0.436331 1.59758e-05 1.57081 -0.0019094
17.524 -0.436332 -0.436331 -8.96396e-07 4.00355 -1.27272e-08 3.60663e-07 -6.76452e-06 -0.436331 1.59747e-05 1.57081 -0.00190931
17.525 -0.436332 -0.436331 -8.96138e-07 4.00355 -1.26082e-08 3.60587e-07 -6.76428e-06 -0.436331 1.59737e-05 1.57081 -0.00190922
17.526 -0.436332 -0.436331 -8.95882e-07 4.00355 -1.24903e-08 3.60513e-07 -6.76404e-06 -0.436331 1.59726e-05 1.57081 -0.00190914
17.527 -0.436332 -0.436331 -8.95628e-07 4.00355 -1.23732e-08 3.60439e-07 -6.7638e-06 -0.436331 1.59715e-05 1.57081 -0.00190905
17.528 -0.436332 -0.436331 -8.95376e-07 4.00355 -1.22572e-08 3.60365e-07 -6.76356e-06 -0.436331 1.59704e-05 1.57081 -0.00190896
17.529 -0.436332 -0.436331 -8.95126e-07 4.00355 -1.21421e-08 3.60292e-07 -6.76332e-06 -0.436331 1.59694e-05 1.57081 -0.00190887
17.53 -0.436332 -0.436331 -8.94878e-07 4.00355 -1.20279e-08 3.6022e-07 -6.76308e-06 -0.436331 1.59683e-05 1.57081 -0.00190878
17.531 -0.436332 -0.436331 -8.94633e-07 4.00355 -1.19147e-08 3.60148e-07 -6.76283e-06 -0.436331 1.59673e-05 1.57081 -0.00190869
17.532 -0.436332 -0.436331 -8.94389e-07 4.00355 -1.18023e-08 3.60076e-07 -6.76259e-06 -0.436331 1.59662e-05 1.57081 -0.00190861
17.533 -0.436332 -0.436331 -8.94148e-07 4.00355 -1.1691e-08 3.60005e-07 -6.76235e-06 -0.436331 1.59652e-05 1.57081 -0.00190852
17.534 -0.436332 -0.436331 -8.93908e-07 4.00355 -1.15805e-08 3.59935e-07 -6.7621e-06 -0.436331 1.59641e-05 1.57081 -0.00190843
17.535 -0.436332 -0.436331 -8.9367e-07 4.00355 -1.14709e-08 3.59865e-07 -6.76185e-06 -0.436331 1.5963e-05 1.57081 -0.00190834
17.536 -0.436332 -0.436331 -8.93435e-07 4.00355 -1.13622e-08 3.59796e-07 -6.76161e-06 -0.436331 1.5962e-05 1.57081 -0.00190825
17.537 -0.436332 -0.436331 -8.93201e-07 4.00355 -1.12545e-08 3.59727e-07 -6.76136e-06 -0.436331 1.5961e-05 1.57081 -0.00190816
17.538 -0.436332 -0.436331 -8.92969e-07 4.00355 -1.11476e-08 3.59659e-07 -6.76111e-06 -0.436331 1.59599e-05 1.57081 -0.00190808
17.539 -0.436332 -0.436331 -8.92739e-07 4.00355 -1.10416e-08 3.59591e-07 -6.76087e-06 -0.436331 1.59589e-05 1.57081 -0.00190799
17.54 -0.436332 -0.436331 -8.92512e-07 4.00355 -1.09365e-08 3.59524e-07 -6.76062e-06 -0.436331 1.59578e-05 1.57081 -0.0019079
17.541 -0.436332 -0.436331 -8.92286e-07 4.00355 -1.08322e-08 3.59458e-07 -6.76037e-06 -0.436331 1.59568e-05 1.57081 -0.00190781
17.542 -0.436332 -0.436331 -8.92061e-07 4.00355 -1.07289e-08 3.59391e-07 -6.76012e-06 -0.436331 1.59558e-05 1.57081 -0.00190772
17.543 -0.436332 -0.436331 -8.91839e-07 4.00355 -1.06263e-08 3.59326e-07 -6.75987e-06 -0.436331 1.59547e-05 1.57081 -0.00190763
17.544 -0.436332 -0.436331 -8.91619e-07 4.00355 -1.05247e-08 3.5926e-07 -6.75962e-06 -0.436331 1.59537e-05 1.57081 -0.00190755
17.545 -0.436332 -0.436331 -8.914e-07 4.00355 -1.04239e-08 3.59196e-07 -6.75937e-06 -0.436331 1.59527e-05 1.57081 -0.00190746
17.546 -0.436332 -0.436331 -8.91183e-07 4.00355 -1.03239e-08 3.59131e-07 -6.75911e-06 -0.436331 1.59516e-05 1.57081 -0.00190737
17.547 -0.436332 -0.436331 -8.90968e-07 4.00355 -1.02247e-08 3.59068e-07 -6.75886e-06 -0.436331 1.59506e-05 1.57081 -0.00190728
17.548 -0.436332 -0.436331 -8.90755e-07 4.00355 -1.01264e-08 3.59004e-07 -6.75861e-06 -0.436331 1.59496e-05 1.57081 -0.00190719
17.549 -0.436332 -0.436331 -8.90544e-07 4.00355 -1.0029e-08 3.58942e-07 -6.75835e-06 -0.436331 1.59486e-05 1.57081 -0.0019071
17.55 -0.436332 -0.436331 -8.90334e-07 4.00355 -9.9323e-09 3.58879e-07 -6.7581e-06 -0.436331 1.59476e-05 1.57081 -0.00190702
17.551 -0.436332 -0.436331 -8.90126e-07 4.00355 -9.83645e-09 3.58817e-07 -6.75784e-06 -0.436331 1.59465e-05 1.57081 -0.00190693
17.552 -0.436332 -0.436331 -8.8992e-07 4.00355 -9.74141e-09 3.58756e-07 -6.75759e-06 -0.436331 1.59455e-05 1.57081 -0.00190684
17.553 -0.436332 -0.436331 -8.89716e-07 4.00355 -9.64717e-09 3.58695e-07 -6.75733e-06 -0.436331 1.59445e-05 1.57081 -0.00190675
17.554 -0.436332 -0.436331 -8.89513e-07 4.00355 -9.55373e-09 3.58634e-07 -6.75708e-06 -0.436331 1.59435e-05 1.57081 -0.00190666
17.555 -0.436332 -0.436331 -8.89312e-07 4.00355 -9.46108e-09 3.58574e-07 -6.75682e-06 -0.436331 1.59425e-05 1.57081 -0.00190657
17.556 -0.436332 -0.436331 -8.89112e-07 4.00355 -9.36922e-09 3.58515e-07 -6.75656e-06 -0.436331 1.59415e-05 1.57081 -0.00190649
17.557 -0.436332 -0.436331 -8.88915e-07 4.00355 -9.27813e-09 3.58456e-07 -6.7563e-06 -0.436331 1.59405e-05 1.57081 -0.0019064
17.558 -0.436332 -0.436331 -8.88719e-07 4.00355 -9.18783e-09 3.58397e-07 -6.75604e-06 -0.436331 1.59395e-05 1.57081 -0.00190631
17.559 -0.436332 -0.436331 -8.88524e-07 4.00355 -9.09829e-09 3.58339e-07 -6.75578e-06 -0.436331 1.59385e-05 1.57081 -0.00190622
17.56 -0.436332 -0.436331 -8.88331e-07 4.00355 -9.00951e-09 3.58281e-07 -6.75552e-06 -0.436331 1.59375e-05 1.57081 -0.00190613
17.561 -0.436332 -0.436331 -8.8814e-07 4.00355 -8.92149e-09 3.58223e-07 -6.75526e-06 -0.436331 1.59365e-05 1.57081 -0.00190605
17.562 -0.436332 -0.436331 -8.8795e-07 4.00355 -8.83423e-09 3.58166e-07 -6.755e-06 -0.436331 1.59355e-05 1.57081 -0.00190596
17.563 -0.436332 -0.436331 -8.87762e-07 4.00355 -8.74771e-09 3.5811e-07 -6.75474e-06 -0.436331 1.59345e-05 1.57081 -0.00190587
17.564 -0.436332 -0.436331 -8.87575e-07 4.00355 -8.66194e-09 3.58053e-07 -6.75448e-06 -0.436331 1.59335e-05 1.57081 -0.00190578
17.565 -0.436332 -0.436331 -8.8739e-07 4.00355 -8.57691e-09 3.57998e-07 -6.75422e-06 -0.436331 1.59325e-05 1.57081 -0.00190569
17.566 -0.436332 -0.436331 -8.87207e-07 4.00355 -8.4926e-09 3.57942e-07 -6.75396e-06 -0.436331 1.59315e-05 1.57081 -0.0019056
17.567 -0.436332 -0.436331 -8.87025e-07 4.00355 -8.40903e-09 3.57887e-07 -6.75369e-06 -0.436331 1.59305e-05 1.57081 -0.00190552
17.568 -0.436332 -0.436331 -8.86845e-07 4.00355 -8.32617e-09 3.57833e-07 -6.75343e-06 -0.436331 1.59296e-05 1.57081 -0.00190543
17.569 -0.436332 -0.436331 -8.86666e-07 4.00355 -8.24403e-09 3.57778e-07 -6.75316e-06 -0.436331 1.59286e-05 1.57081 -0.00190534
17.57 -0.436332 -0.436331 -8.86488e-07 4.00355 -8.16261e-09 3.57725e-07 -6.7529e-06 -0.436331 1.59276e-05 1.57081 -0.00190525
17.571 -0.436332 -0.436331 -8.86312e-07 4.00355 -8.08189e-09 3.57671e-07 -6.75263e-06 -0.436331 1.59266e-05 1.57081 -0.00190516
17.572 -0.436332 -0.436331 -8.86137e-07 4.00355 -8.00187e-09 3.57618e-07 -6.75237e-06 -0.436331 1.59256e-05 1.57081 -0.00190508
17.573 -0.436332 -0.436331 -8.85964e-07 4.00355 -7.92255e-09 3.57566e-07 -6.7521e-06 -0.436331 1.59247e-05 1.57081 -0.00190499
17.574 -0.436332 -0.436331 -8.85793e-07 4.00355 -7.84392e-09 3.57513e-07 -6.75184e-06 -0.436331 1.59237e-05 1.57081 -0.0019049
17.575 -0.436332 -0.436331 -8.85622e-07 4.00355 -7.76597e-09 3.57462e-07 -6.75157e-06 -0.436331 1.59227e-05 1.57081 -0.00190481
17.576 -0.436332 -0.436331 -8.85454e-07 4.00355 -7.68871e-09 3.5741e-07 -6.7513e-06 -0.436331 1.59218e-05 1.57081 -0.00190472
17.577 -0.436332 -0.436331 -8.85286e-07 4.00355 -7.61212e-09 3.57359e-07 -6.75103e-06 -0.436331 1.59208e-05 1.57081 -0.00190463
17.578 -0.436332 -0.436331 -8.8512e-07 4.00355 -7.53621e-09 3.57308e-07 -6.75077e-06 -0.436331 1.59198e-05 1.57081 -0.00190455
17.579 -0.436332 -0.436331 -8.84955e-07 4.00355 -7.46096e-09 3.57258e-07 -6.7505e-06 -0.436331 1.59189e-05 1.57081 -0.00190446
17.58 -0.436332 -0.436331 -8.84792e-07 4.00355 -7.38637e-09 3.57208e-07 -6.75023e-06 -0.436331 1.59179e-05 1.57081 -0.00190437
17.581 -0.436332 -0.436331 -8.8463e-07 4.00355 -7.31245e-09 3.57158e-07 -6.74996e-06 -0.436331 1.59169e-05 1.57081 -0.00190428
17.582 -0.436332 -0.436331 -8.84469e-07 4.00355 -7.23917e-09 3.57109e-07 -6.74969e-06 -0.436331 1.5916e-05 1.57081 -0.00190419
17.583 -0.436332 -0.436331 -8.8431e-07 4.00355 -7.16654e-09 3.5706e-07 -6.74942e-06 -0.436331 1.5915e-05 1.57081 -0.00190411
17.584 -0.436332 -0.436331 -8.84152e-07 4.00355 -7.09456e-09 3.57012e-07 -6.74915e-06 -0.436331 1.59141e-05 1.57081 -0.00190402
17.585 -0.436332 -0.436331 -8.83995e-07 4.00355 -7.02321e-09 3.56963e-07 -6.74888e-06 -0.436331 1.59131e-05 1.57081 -0.00190393
17.586 -0.436332 -0.436331 -8.83839e-07 4.00355 -6.9525e-09 3.56915e-07 -6.7486e-06 -0.436331 1.59122e-05 1.57081 -0.00190384
17.587 -0.436332 -0.436331 -8.83685e-07 4.00355 -6.88241e-09 3.56868e-07 -6.74833e-06 -0.436331 1.59112e-05 1.57081 -0.00190375
17.588 -0.436332 -0.436331 -8.83532e-07 4.00355 -6.81295e-09 3.56821e-07 -6.74806e-06 -0.436331 1.59103e-05 1.57081 -0.00190366
17.589 -0.436332 -0.436331 -8.8338e-07 4.00355 -6.74411e-09 3.56774e-07 -6.74779e-06 -0.436331 1.59093e-05 1.57081 -0.00190358
17.59 -0.436332 -0.436331 -8.8323e-07 4.00355 -6.67589e-09 3.56727e-07 -6.74751e-06 -0.436331 1.59084e-05 1.57081 -0.00190349
17.591 -0.436332 -0.436331 -8.83081e-07 4.00355 -6.60827e-09 3.56681e-07 -6.74724e-06 -0.436331 1.59074e-05 1.57081 -0.0019034
17.592 -0.436332 -0.436331 -8.82933e-07 4.00355 -6.54127e-09 3.56635e-07 -6.74696e-06 -0.436331 1.59065e-05 1.57081 -0.00190331
17.593 -0.436332 -0.436331 -8.82786e-07 4.00355 -6.47486e-09 3.5659e-07 -6.74669e-06 -0.436331 1.59055e-05 1.57081 -0.00190322
17.594 -0.436332 -0.436331 -8.8264e-07 4.00355 -6.40905e-09 3.56544e-07 -6.74641e-06 -0.436331 1.59046e-05 1.57081 -0.00190314
17.595 -0.436332 -0.436331 -8.82496e-07 4.00355 -6.34384e-09 3.56499e-07 -6.74614e-06 -0.436331 1.59037e-05 1.57081 -0.00190305
17.596 -0.436332 -0.436331 -8.82353e-07 4.00355 -6.27921e-09 3.56455e-07 -6.74586e-06 -0.436331 1.59027e-05 1.57081 -0.00190296
17.597 -0.436332 -0.436331 -8.82211e-07 4.00355 -6.21517e-09 3.5641e-07 -6.74559e-06 -0.436331 1.59018e-05 1.57081 -0.00190287
17.598 -0.436332 -0.436331 -8.8207e-07 4.00355 -6.1517e-09 3.56367e-07 -6.74531e-06 -0.436331 1.59009e-05 1.57081 -0.00190278
17.599 -0.436332 -0.436331 -8.8193e-07 4.00355 -6.08882e-09 3.56323e-07 -6.74503e-06 -0.436331 1.58999e-05 1.57081 -0.0019027
17.6 -0.436332 -0.436331 -8.81791e-07 4.00355 -6.0265e-09 3.56279e-07 -6.74476e-06 -0.436331 1.5899e-05 1.57081 -0.00190261
17.601 -0.436332 -0.436331 -8.81654e-07 4.00355 -5.96475e-09 3.56236e-07 -6.74448e-06 -0.436331 1.58981e-05 1.57081 -0.00190252
17.602 -0.436332 -0.436331 -8.81517e-07 4.00355 -5.90357e-09 3.56194e-07 -6.7442e-06 -0.436331 1.58971e-05 1.57081 -0.00190243
17.603 -0.436332 -0.436331 -8.81382e-07 4.00355 -5.84294e-09 3.56151e-07 -6.74392e-06 -0.436331 1.58962e-05 1.57081 -0.00190234
17.604 -0.436332 -0.436331 -8.81248e-07 4.00355 -5.78287e-09 3.56109e-07 -6.74364e-06 -0.436331 1.58953e-05 1.57081 -0.00190226
17.605 -0.436332 -0.436331 -8.81115e-07 4.00355 -5.72335e-09 3.56067e-07 -6.74337e-06 -0.436331 1.58944e-05 1.57081 -0.00190217
17.606 -0.436332 -0.436331 -8.80983e-07 4.00355 -5.66437e-09 3.56025e-07 -6.74309e-06 -0.436331 1.58934e-05 1.57081 -0.00190208
17.607 -0.436332 -0.436331 -8.80852e-07 4.00355 -5.60593e-09 3.55984e-07 -6.74281e-06 -0.436331 1.58925e-05 1.57081 -0.00190199
17.608 -0.436332 -0.436331 -8.80722e-07 4.00355 -5.54804e-09 3.55943e-07 -6.74253e-06 -0.436331 1.58916e-05 1.57081 -0.0019019
17.609 -0.436332 -0.436331 -8.80593e-07 4.00355 -5.49068e-09 3.55902e-07 -6.74225e-06 -0.436331 1.58907e-05 1.57081 -0.00190181
17.61 -0.436332 -0.436331 -8.80465e-07 4.00355 -5.43384e-09 3.55862e-07 -6.74197e-06 -0.436331 1.58898e-05 1.57081 -0.00190173
17.611 -0.436332 -0.436331 -8.80338e-07 4.00355 -5.37754e-09 3.55822e-07 -6.74168e-06 -0.436331 1.58889e-05 1.57081 -0.00190164
17.612 -0.436332 -0.436331 -8.80212e-07 4.00355 -5.32175e-09 3.55782e-07 -6.7414e-06 -0.436331 1.5888e-05 1.57081 -0.00190155
17.613 -0.436332 -0.436331 -8.80087e-07 4.00355 -5.26649e-09 3.55742e-07 -6.74112e-06 -0.436331 1.5887e-05 1.57081 -0.00190146
17.614 -0.436332 -0.436331 -8.79964e-07 4.00355 -5.21173e-09 3.55703e-07 -6.74084e-06 -0.436331 1.58861e-05 1.57081 -0.00190137
17.615 -0.436332 -0.436331 -8.79841e-07 4.00355 -5.15749e-09 3.55664e-07 -6.74056e-06 -0.436331 1.58852e-05 1.57081 -0.00190129
17.616 -0.436332 -0.436331 -8.79719e-07 4.00355 -5.10376e-09 3.55625e-07 -6.74027e-06 -0.436331 1.58843e-05 1.57081 -0.0019012
17.617 -0.436332 -0.436331 -8.79598e-07 4.00355 -5.05052e-09 3.55586e-07 -6.73999e-06 -0.436331 1.58834e-05 1.57081 -0.00190111
17.618 -0.436332 -0.436331 -8.79478e-07 4.00355 -4.99779e-09 3.55548e-07 -6.73971e-06 -0.436331 1.58825e-05 1.57081 -0.00190102
17.619 -0.436332 -0.436331 -8.79359e-07 4.00355 -4.94555e-09 3.5551e-07 -6.73942e-06 -0.436331 1.58816e-05 1.57081 -0.00190093
17.62 -0.436332 -0.436331 -8.79241e-07 4.00355 -4.8938e-09 3.55472e-07 -6.73914e-06 -0.436331 1.58807e-05 1.57081 -0.00190085
17.621 -0.436332 -0.436331 -8.79124e-07 4.00355 -4.84253e-09 3.55434e-07 -6.73886e-06 -0.436331 1.58798e-05 1.57081 -0.00190076
17.622 -0.436332 -0.436331 -8.79008e-07 4.00355 -4.79175e-09 3.55397e-07 -6.73857e-06 -0.436331 1.58789e-05 1.57081 -0.00190067
17.623 -0.436332 -0.436331 -8.78893e-07 4.00355 -4.74146e-09 3.5536e-07 -6.73829e-06 -0.436331 1.5878e-05 1.57081 -0.00190058
17.624 -0.436332 -0.436331 -8.78778e-07 4.00355 -4.69163e-09 3.55323e-07 -6.738e-06 -0.436331 1.58771e-05 1.57081 -0.00190049
17.625 -0.436332 -0.436331 -8.78665e-07 4.00355 -4.64228e-09 3.55287e-07 -6.73772e-06 -0.436331 1.58762e-05 1.57081 -0.00190041
17.626 -0.436332 -0.436331 -8.78552e-07 4.00355 -4.5934e-09 3.5525e-07 -6.73743e-06 -0.436331 1.58753e-05 1.57081 -0.00190032
17.627 -0.436332 -0.436331 -8.78441e-07 4.00355 -4.54498e-09 3.55214e-07 -6.73715e-06 -0.436331 1.58744e-05 1.57081 -0.00190023
17.628 -0.436332 -0.436331 -8.7833e-07 4.00355 -4.49703e-09 3.55178e-07 -6.73686e-06 -0.436331 1.58735e-05 1.57081 -0.00190014
17.629 -0.436332 -0.436331 -8.7822e-07 4.00355 -4.44953e-09 3.55143e-07 -6.73657e-06 -0.436331 1.58726e-05 1.57081 -0.00190005
17.63 -0.436332 -0.436331 -8.78111e-07 4.00355 -4.40249e-09 3.55107e-07 -6.73629e-06 -0.436331 1.58718e-05 1.57081 -0.00189997
17.631 -0.436332 -0.436331 -8.78003e-07 4.00355 -4.3559e-09 3.55072e-07 -6.736e-06 -0.436331 1.58709e-05 1.57081 -0.00189988
17.632 -0.436332 -0.436331 -8.77896e-07 4.00355 -4.30975e-09 3.55037e-07 -6.73571e-06 -0.436331 1.587e-05 1.57081 -0.00189979
17.633 -0.436332 -0.436331 -8.77789e-07 4.00355 -4.26405e-09 3.55003e-07 -6.73542e-06 -0.436331 1.58691e-05 1.57081 -0.0018997
17.634 -0.436332 -0.436331 -8.77683e-07 4.00355 -4.21879e-09 3.54968e-07 -6.73514e-06 -0.436331 1.58682e-05 1.57081 -0.00189962
17.635 -0.436332 -0.436331 -8.77578e-07 4.00355 -4.17397e-09 3.54934e-07 -6.73485e-06 -0.436331 1.58673e-05 1.57081 -0.00189953
17.636 -0.436332 -0.436331 -8.77474e-07 4.00355 -4.12958e-09 3.549e-07 -6.73456e-06 -0.436331 1.58665e-05 1.57081 -0.00189944
17.637 -0.436332 -0.436331 -8.77371e-07 4.00355 -4.08562e-09 3.54866e-07 -6.73427e-06 -0.436331 1.58656e-05 1.57081 -0.00189935
17.638 -0.436332 -0.436331 -8.77269e-07 4.00355 -4.04208e-09 3.54832e-07 -6.73398e-06 -0.436331 1.58647e-05 1.57081 -0.00189926
17.639 -0.436332 -0.436331 -8.77167e-07 4.00355 -3.99897e-09 3.54799e-07 -6.73369e-06 -0.436331 1.58638e-05 1.57081 -0.00189918
17.64 -0.436332 -0.436331 -8.77066e-07 4.00355 -3.95628e-09 3.54766e-07 -6.7334e-06 -0.436331 1.58629e-05 1.57081 -0.00189909
17.641 -0.436332 -0.436331 -8.76966e-07 4.00355 -3.91401e-09 3.54733e-07 -6.73311e-06 -0.436331 1.58621e-05 1.57081 -0.001899
17.642 -0.436332 -0.436331 -8.76867e-07 4.00355 -3.87215e-09 3.547e-07 -6.73282e-06 -0.436331 1.58612e-05 1.57081 -0.00189891
17.643 -0.436332 -0.436331 -8.76768e-07 4.00355 -3.8307e-09 3.54668e-07 -6.73253e-06 -0.436331 1.58603e-05 1.57081 -0.00189882
17.644 -0.436332 -0.436331 -8.7667e-07 4.00355 -3.78966e-09 3.54635e-07 -6.73224e-06 -0.436331 1.58595e-05 1.57081 -0.00189874
17.645 -0.436332 -0.436331 -8.76573e-07 4.00355 -3.74902e-09 3.54603e-07 -6.73195e-06 -0.436331 1.58586e-05 1.57081 -0.00189865
17.646 -0.436332 -0.436331 -8.76477e-07 4.00355 -3.70879e-09 3.54571e-07 -6.73166e-06 -0.436331 1.58577e-05 1.57081 -0.00189856
17.647 -0.436332 -0.436331 -8.76381e-07 4.00355 -3.66895e-09 3.54539e-07 -6.73137e-06 -0.436331 1.58568e-05 1.57081 -0.00189847
17.648 -0.436332 -0.436331 -8.76286e-07 4.00355 -3.6295e-09 3.54508e-07 -6.73108e-06 -0.436331 1.5856e-05 1.57081 -0.00189838
17.649 -0.436332 -0.436331 -8.76192e-07 4.00355 -3.59044e-09 3.54476e-07 -6.73079e-06 -0.436331 1.58551e-05 1.57081 -0.0018983
17.65 -0.436332 -0.436331 -8.76098e-07 4.00355 -3.55178e-09 3.54445e-07 -6.73049e-06 -0.436331 1.58542e-05 1.57081 -0.00189821
17.651 -0.436332 -0.436331 -8.76006e-07 4.00355 -3.51349e-09 3.54414e-07 -6.7302e-06 -0.436331 1.58534e-05 1.57081 -0.00189812
17.652 -0.436332 -0.436331 -8.75914e-07 4.00355 -3.47559e-09 3.54383e-07 -6.72991e-06 -0.436331 1.58525e-05 1.57081 -0.00189803
17.653 -0.436332 -0.436331 -8.75822e-07 4.00355 -3.43807e-09 3.54353e-07 -6.72962e-06 -0.436331 1.58517e-05 1.57081 -0.00189795
17.654 -0.436332 -0.436331 -8.75732e-07 4.00355 -3.40093e-09 3.54322e-07 -6.72932e-06 -0.436331 1.58508e-05 1.57081 -0.00189786
17.655 -0.436332 -0.436331 -8.75641e-07 4.00355 -3.36415e-09 3.54292e-07 -6.72903e-06 -0.436331 1.58499e-05 1.57081 -0.00189777
17.656 -0.436332 -0.436331 -8.75552e-07 4.00355 -3.32775e-09 3.54262e-07 -6.72874e-06 -0.436331 1.58491e-05 1.57081 -0.00189768
17.657 -0.436332 -0.436331 -8.75463e-07 4.00355 -3.29171e-09 3.54232e-07 -6.72844e-06 -0.436331 1.58482e-05 1.57081 -0.00189759
17.658 -0.436332 -0.436331 -8.75375e-07 4.00355 -3.25604e-09 3.54203e-07 -6.72815e-06 -0.436331 1.58474e-05 1.57081 -0.00189751
17.659 -0.436332 -0.436331 -8.75288e-07 4.00355 -3.22073e-09 3.54173e-07 -6.72786e-06 -0.436331 1.58465e-05 1.57081 -0.00189742
17.66 -0.436332 -0.436331 -8.75201e-07 4.00355 -3.18577e-09 3.54144e-07 -6.72756e-06 -0.436331 1.58457e-05 1.57081 -0.00189733
17.661 -0.436332 -0.436331 -8.75115e-07 4.00355 -3.15117e-09 3.54115e-07 -6.72727e-06 -0.436331 1.58448e-05 1.57081 -0.00189724
17.662 -0.436332 -0.436331 -8.7503e-07 4.00355 -3.11692e-09 3.54086e-07 -6.72697e-06 -0.436331 1.5844e-05 1.57081 -0.00189715
17.663 -0.436332 -0.436331 -8.74945e-07 4.00355 -3.08302e-09 3.54057e-07 -6.72668e-06 -0.436331 1.58431e-05 1.57081 -0.00189707
17.664 -0.436332 -0.436331 -8.7486e-07 4.00355 -3.04947e-09 3.54028e-07 -6.72638e-06 -0.436331 1.58423e-05 1.57081 -0.00189698
17.665 -0.436332 -0.436331 -8.74777e-07 4.00355 -3.01626e-09 3.54e-07 -6.72609e-06 -0.436331 1.58414e-05 1.57081 -0.00189689
17.666 -0.436332 -0.436331 -8.74694e-07 4.00355 -2.9834e-09 3.53971e-07 -6.72579e-06 -0.436331 1.58406e-05 1.57081 -0.0018968
17.667 -0.436332 -0.436331 -8.74611e-07 4.00355 -2.95086e-09 3.53943e-07 -6.7255e-06 -0.436331 1.58397e-05 1.57081 -0.00189672
17.668 -0.436332 -0.436331 -8.74529e-07 4.00355 -2.91867e-09 3.53915e-07 -6.7252e-06 -0.436331 1.58389e-05 1.57081 -0.00189663
17.669 -0.436332 -0.436331 -8.74448e-07 4.00355 -2.88681e-09 3.53887e-07 -6.7249e-06 -0.436331 1.5838e-05 1.57081 -0.00189654
17.67 -0.436332 -0.436331 -8.74368e-07 4.00355 -2.85527e-09 3.5386e-07 -6.72461e-06 -0.436331 1.58372e-05 1.57081 -0.00189645
17.671 -0.436332 -0.436331 -8.74287e-07 4.00355 -2.82407e-09 3.53832e-07 -6.72431e-06 -0.436331 1.58363e-05 1.57081 -0.00189636
17.672 -0.436332 -0.436331 -8.74208e-07 4.00355 -2.79319e-09 3.53805e-07 -6.72402e-06 -0.436331 1.58355e-05 1.57081 -0.00189628
17.673 -0.436332 -0.436331 -8.74129e-07 4.00355 -2.76263e-09 3.53777e-07 -6.72372e-06 -0.436331 1.58346e-05 1.57081 -0.00189619
17.674 -0.436332 -0.436331 -8.74051e-07 4.00355 -2.73239e-09 3.5375e-07 -6.72342e-06 -0.436331 1.58338e-05 1.57081 -0.0018961
17.675 -0.436332 -0.436331 -8.73973e-07 4.00355 -2.70246e-09 3.53723e-07 -6.72312e-06 -0.436331 1.5833e-05 1.57081 -0.00189601
17.676 -0.436332 -0.436331 -8.73895e-07 4.00355 -2.67285e-09 3.53697e-07 -6.72283e-06 -0.436331 1.58321e-05 1.57081 -0.00189593
17.677 -0.436332 -0.436331 -8.73819e-07 4.00355 -2.64355e-09 3.5367e-07 -6.72253e-06 -0.436331 1.58313e-05 1.57081 -0.00189584
17.678 -0.436332 -0.436331 -8.73742e-07 4.00355 -2.61456e-09 3.53644e-07 -6.72223e-06 -0.436331 1.58305e-05 1.57081 -0.00189575
17.679 -0.436332 -0.436331 -8.73667e-07 4.00355 -2.58587e-09 3.53617e-07 -6.72193e-06 -0.436331 1.58296e-05 1.57081 -0.00189566
17.68 -0.436332 -0.436331 -8.73592e-07 4.00355 -2.55749e-09 3.53591e-07 -6.72164e-06 -0.436331 1.58288e-05 1.57081 -0.00189557
17.681 -0.436332 -0.436331 -8.73517e-07 4.00355 -2.52941e-09 3.53565e-07 -6.72134e-06 -0.436331 1.58279e-05 1.57081 -0.00189549
17.682 -0.436332 -0.436331 -8.73443e-07 4.00355 -2.50163e-09 3.53539e-07 -6.72104e-06 -0.436331 1.58271e-05 1.57081 -0.0018954
17.683 -0.436332 -0.436331 -8.73369e-07 4.00355 -2.47414e-09 3.53514e-07 -6.72074e-06 -0.436331 1.58263e-05 1.57081 -0.00189531
17.684 -0.436332 -0.436331 -8.73296e-07 4.00355 -2.44695e-09 3.53488e-07 -6.72044e-06 -0.436331 1.58255e-05 1.57081 -0.00189522
17.685 -0.436332 -0.436331 -8.73223e-07 4.00355 -2.42004e-09 3.53462e-07 -6.72014e-06 -0.436331 1.58246e-05 1.57081 -0.00189514
17.686 -0.436332 -0.436331 -8.73151e-07 4.00355 -2.39343e-09 3.53437e-07 -6.71984e-06 -0.436331 1.58238e-05 1.57081 -0.00189505
17.687 -0.436332 -0.436331 -8.7308e-07 4.00355 -2.3671e-09 3.53412e-07 -6.71955e-06 -0.436331 1.5823e-05 1.57081 -0.00189496
17.688 -0.436332 -0.436331 -8.73008e-07 4.00355 -2.34106e-09 3.53387e-07 -6.71925e-06 -0.436331 1.58221e-05 1.57081 -0.00189487
17.689 -0.436332 -0.436331 -8.72938e-07 4.00355 -2.31529e-09 3.53362e-07 -6.71895e-06 -0.436331 1.58213e-05 1.57081 -0.00189478
17.69 -0.436332 -0.436331 -8.72868e-07 4.00355 -2.28981e-09 3.53337e-07 -6.71865e-06 -0.436331 1.58205e-05 1.57081 -0.0018947
17.691 -0.436332 -0.436331 -8.72798e-07 4.00355 -2.2646e-09 3.53312e-07 -6.71835e-06 -0.436331 1.58197e-05 1.57081 -0.00189461
17.692 -0.436332 -0.436331 -8.72729e-07 4.00355 -2.23967e-09 3.53288e-07 -6.71805e-06 -0.436331 1.58188e-05 1.57081 -0.00189452
17.693 -0.436332 -0.436331 -8.7266e-07 4.00355 -2.215e-09 3.53263e-07 -6.71775e-06 -0.436331 1.5818e-05 1.57081 -0.00189443
17.694 -0.436332 -0.436331 -8.72591e-07 4.00355 -2.19061e-09 3.53239e-07 -6.71745e-06 -0.436331 1.58172e-05 1.57081 -0.00189435
17.695 -0.436332 -0.436331 -8.72523e-07 4.00355 -2.16649e-09 3.53215e-07 -6.71715e-06 -0.436331 1.58164e-05 1.57081 -0.00189426
17.696 -0.436332 -0.436331 -8.72456e-07 4.00355 -2.14263e-09 3.53191e-07 -6.71685e-06 -0.436331 1.58155e-05 1.57081 -0.00189417
17.697 -0.436332 -0.436331 -8.72389e-07 4.00355 -2.11903e-09 3.53167e-07 -6.71655e-06 -0.436331 1.58147e-05 1.57081 -0.00189408
17.698 -0.436332 -0.436331 -8.72322e-07 4.00355 -2.09569e-09 3.53143e-07 -6.71624e-06 -0.436331 1.58139e-05 1.57081 -0.001894
17.699 -0.436332 -0.436331 -8.72256e-07 4.00355 -2.07261e-09 3.53119e-07 -6.71594e-06 -0.436331 1.58131e-05 1.57081 -0.00189391
17.7 -0.436332 -0.436331 -8.72191e-07 4.00355 -2.04979e-09 3.53096e-07 -6.71564e-06 -0.436331 1.58123e-05 1.57081 -0.00189382
17.701 -0.436332 -0.436331 -8.72125e-07 4.00355 -2.02722e-09 3.53072e-07 -6.71534e-06 -0.436331 1.58114e-05 1.57081 -0.00189373
17.702 -0.436332 -0.436331 -8.7206e-07 4.00355 -2.0049e-09 3.53049e-07 -6.71504e-06 -0.436331 1.58106e-05 1.57081 -0.00189364
17.703 -0.436332 -0.436331 -8.71996e-07 4.00355 -1.98283e-09 3.53026e-07 -6.71474e-06 -0.436331 1.58098e-05 1.57081 -0.00189356
17.704 -0.436332 -0.436331 -8.71932e-07 4.00355 -1.96101e-09 3.53003e-07 -6.71444e-06 -0.436331 1.5809e-05 1.57081 -0.00189347
17.705 -0.436332 -0.436331 -8.71868e-07 4.00355 -1.93943e-09 3.5298e-07 -6.71413e-06 -0.436331 1.58082e-05 1.57081 -0.00189338
17.706 -0.436332 -0.436331 -8.71805e-07 4.00355 -1.9181e-09 3.52957e-07 -6.71383e-06 -0.436331 1.58074e-05 1.57081 -0.00189329
17.707 -0.436332 -0.436331 -8.71742e-07 4.00355 -1.89701e-09 3.52934e-07 -6.71353e-06 -0.436331 1.58066e-05 1.57081 -0.00189321
17.708 -0.436332 -0.436331 -8.7168e-07 4.00355 -1.87615e-09 3.52911e-07 -6.71323e-06 -0.436331 1.58057e-05 1.57081 -0.00189312
17.709 -0.436332 -0.436331 -8.71617e-07 4.00355 -1.85554e-09 3.52889e-07 -6.71293e-06 -0.436331 1.58049e-05 1.57081 -0.00189303
17.71 -0.436332 -0.436331 -8.71556e-07 4.00355 -1.83515e-09 3.52866e-07 -6.71262e-06 -0.436331 1.58041e-05 1.57081 -0.00189294
17.711 -0.436332 -0.436331 -8.71494e-07 4.00355 -1.815e-09 3.52844e-07 -6.71232e-06 -0.436331 1.58033e-05 1.57081 -0.00189286
17.712 -0.436332 -0.436331 -8.71433e-07 4.00355 -1.79509e-09 3.52822e-07 -6.71202e-06 -0.436331 1.58025e-05 1.57081 -0.00189277
17.713 -0.436332 -0.436331 -8.71373e-07 4.00355 -1.7754e-09 3.528e-07 -6.71172e-06 -0.436331 1.58017e-05 1.57081 -0.00189268
17.714 -0.436332 -0.436331 -8.71313e-07 4.00355 -1.75593e-09 3.52778e-07 -6.71141e-06 -0.436331 1.58009e-05 1.57081 -0.00189259
17.715 -0.436332 -0.436331 -8.71253e-07 4.00355 -1.73669e-09 3.52756e-07 -6.71111e-06 -0.436331 1.58001e-05 1.57081 -0.00189251
17.716 -0.436332 -0.436331 -8.71193e-07 4.00355 -1.71767e-09 3.52734e-07 -6.71081e-06 -0.436331 1.57993e-05 1.57081 -0.00189242
17.717 -0.436332 -0.436331 -8.71134e-07 4.00355 -1.69888e-09 3.52712e-07 -6.7105e-06 -0.436331 1.57985e-05 1.57081 -0.00189233
17.718 -0.436332 -0.436331 -8.71075e-07 4.00355 -1.6803e-09 3.5269e-07 -6.7102e-06 -0.436331 1.57977e-05 1.57081 -0.00189224
17.719 -0.436332 -0.436331 -8.71017e-07 4.00355 -1.66194e-09 3.52669e-07 -6.7099e-06 -0.436331 1.57969e-05 1.57081 -0.00189216
17.72 -0.436332 -0.436331 -8.70959e-07 4.00355 -1.64379e-09 3.52647e-07 -6.70959e-06 -0.436331 1.57961e-05 1.57081 -0.00189207
17.721 -0.436332 -0.436331 -8.70901e-07 4.00355 -1.62586e-09 3.52626e-07 -6.70929e-06 -0.436331 1.57953e-05 1.57081 -0.00189198
17.722 -0.436332 -0.436331 -8.70844e-07 4.00355 -1.60814e-09 3.52605e-07 -6.70898e-06 -0.436331 1.57945e-05 1.57081 -0.00189189
17.723 -0.436332 -0.436331 -8.70787e-07 4.00355 -1.59062e-09 3.52583e-07 -6.70868e-06 -0.436331 1.57937e-05 1.57081 -0.0018918
17.724 -0.436332 -0.436331 -8.7073e-07 4.00355 -1.57332e-09 3.52562e-07 -6.70838e-06 -0.436331 1.57929e-05 1.57081 -0.00189172
17.725 -0.436332 -0.436331 -8.70674e-07 4.00355 -1.55622e-09 3.52541e-07 -6.70807e-06 -0.436331 1.57921e-05 1.57081 -0.00189163
17.726 -0.436332 -0.436331 -8.70617e-07 4.00355 -1.53932e-09 3.5252e-07 -6.70777e-06 -0.436331 1.57913e-05 1.57081 -0.00189154
17.727 -0.436332 -0.436331 -8.70562e-07 4.00355 -1.52263e-09 3.525e-07 -6.70746e-06 -0.436331 1.57905e-05 1.57081 -0.00189145
17.728 -0.436332 -0.436331 -8.70506e-07 4.00355 -1.50613e-09 3.52479e-07 -6.70716e-06 -0.436331 1.57897e-05 1.57081 -0.00189137
17.729 -0.436332 -0.436331 -8.70451e-07 4.00355 -1.48983e-09 3.52458e-07 -6.70685e-06 -0.436331 1.57889e-05 1.57081 -0.00189128
17.73 -0.436332 -0.436331 -8.70396e-07 4.00355 -1.47373e-09 3.52438e-07 -6.70655e-06 -0.436331 1.57881e-05 1.57081 -0.00189119
17.731 -0.436332 -0.436331 -8.70342e-07 4.00355 -1.45783e-09 3.52417e-07 -6.70624e-06 -0.436331 1.57873e-05 1.57081 -0.0018911
17.732 -0.436332 -0.436331 -8.70287e-07 4.00355 -1.44211e-09 3.52397e-07 -6.70594e-06 -0.436331 1.57865e-05 1.57081 -0.00189102
17.733 -0.436332 -0.436331 -8.70233e-07 4.00355 -1.42659e-09 3.52377e-07 -6.70563e-06 -0.436331 1.57857e-05 1.57081 -0.00189093
17.734 -0.436332 -0.436331 -8.7018e-07 4.00355 -1.41126e-09 3.52356e-07 -6.70533e-06 -0.436331 1.57849e-05 1.57081 -0.00189084
17.735 -0.436332 -0.436331 -8.70126e-07 4.00355 -1.39611e-09 3.52336e-07 -6.70502e-06 -0.436331 1.57841e-05 1.57081 -0.00189075
17.736 -0.436332 -0.436331 -8.70073e-07 4.00355 -1.38115e-09 3.52316e-07 -6.70472e-06 -0.436331 1.57833e-05 1.57081 -0.00189067
17.737 -0.436332 -0.436331 -8.7002e-07 4.00355 -1.36638e-09 3.52296e-07 -6.70441e-06 -0.436331 1.57825e-05 1.57081 -0.00189058
17.738 -0.436332 -0.436331 -8.69968e-07 4.00355 -1.35179e-09 3.52276e-07 -6.70411e-06 -0.436331 1.57817e-05 1.57081 -0.00189049
17.739 -0.436332 -0.436331 -8.69916e-07 4.00355 -1.33738e-09 3.52256e-07 -6.7038e-06 -0.436331 1.57809e-05 1.57081 -0.0018904
17.74 -0.436332 -0.436331 -8.69864e-07 4.00355 -1.32314e-09 3.52237e-07 -6.7035e-06 -0.436331 1.57801e-05 1.57081 -0.00189032
17.741 -0.436332 -0.436331 -8.69812e-07 4.00355 -1.30909e-09 3.52217e-07 -6.70319e-06 -0.436331 1.57793e-05 1.57081 -0.00189023
17.742 -0.436332 -0.436331 -8.69761e-07 4.00355 -1.29521e-09 3.52197e-07 -6.70289e-06 -0.436331 1.57785e-05 1.57081 -0.00189014
17.743 -0.436332 -0.436331 -8.69709e-07 4.00355 -1.28151e-09 3.52178e-07 -6.70258e-06 -0.436331 1.57778e-05 1.57081 -0.00189005
17.744 -0.436332 -0.436331 -8.69659e-07 4.00355 -1.26798e-09 3.52158e-07 -6.70227e-06 -0.436331 1.5777e-05 1.57081 -0.00188997
17.745 -0.436332 -0.436331 -8.69608e-07 4.00355 -1.25462e-09 3.52139e-07 -6.70197e-06 -0.436331 1.57762e-05 1.57081 -0.00188988
17.746 -0.436332 -0.436331 -8.69558e-07 4.00355 -1.24142e-09 3.5212e-07 -6.70166e-06 -0.436331 1.57754e-05 1.57081 -0.00188979
17.747 -0.436332 -0.436331 -8.69507e-07 4.00355 -1.2284e-09 3.521e-07 -6.70135e-06 -0.436331 1.57746e-05 1.57081 -0.0018897
17.748 -0.436332 -0.436331 -8.69458e-07 4.00355 -1.21555e-09 3.52081e-07 -6.70105e-06 -0.436331 1.57738e-05 1.57081 -0.00188962
17.749 -0.436332 -0.436331 -8.69408e-07 4.00355 -1.20285e-09 3.52062e-07 -6.70074e-06 -0.436331 1.5773e-05 1.57081 -0.00188953
17.75 -0.436332 -0.436331 -8.69359e-07 4.00355 -1.19033e-09 3.52043e-07 -6.70044e-06 -0.436331 1.57723e-05 1.57081 -0.00188944
17.751 -0.436332 -0.436331 -8.69309e-07 4.00355 -1.17796e-09 3.52024e-07 -6.70013e-06 -0.436331 1.57715e-05 1.5708 -0.00188935
17.752 -0.436332 -0.436331 -8.6926e-07 4.00355 -1.16575e-09 3.52005e-07 -6.69982e-06 -0.436331 1.57707e-05 1.5708 -0.00188927
17.753 -0.436332 -0.436331 -8.69212e-07 4.00355 -1.15371e-09 3.51987e-07 -6.69952e-06 -0.436331 1.57699e-05 1.5708 -0.00188918
17.754 -0.436332 -0.436331 -8.69163e-07 4.00355 -1.14182e-09 3.51968e-07 -6.69921e-06 -0.436331 1.57691e-05 1.5708 -0.00188909
17.755 -0.436332 -0.436331 -8.69115e-07 4.00355 -1.13008e-09 3.51949e-07 -6.6989e-06 -0.436331 1.57683e-05 1.5708 -0.001889
17.756 -0.436332 -0.436331 -8.69067e-07 4.00355 -1.1185e-09 3.5193e-07 -6.6986e-06 -0.436331 1.57676e-05 1.5708 -0.00188892
17.757 -0.436332 -0.436331 -8.69019e-07 4.00355 -1.10708e-09 3.51912e-07 -6.69829e-06 -0.436331 1.57668e-05 1.5708 -0.00188883
17.758 -0.436332 -0.436331 -8.68972e-07 4.00355 -1.0958e-09 3.51893e-07 -6.69798e-06 -0.436331 1.5766e-05 1.5708 -0.00188874
17.759 -0.436332 -0.436331 -8.68925e-07 4.00355 -1.08468e-09 3.51875e-07 -6.69767e-06 -0.436331 1.57652e-05 1.5708 -0.00188865
17.76 -0.436332 -0.436331 -8.68877e-07 4.00355 -1.0737e-09 3.51857e-07 -6.69737e-06 -0.436331 1.57644e-05 1.5708 -0.00188857
17.761 -0.436332 -0.436331 -8.68831e-07 4.00355 -1.06287e-09 3.51838e-07 -6.69706e-06 -0.436331 1.57637e-05 1.5708 -0.00188848
17.762 -0.436332 -0.436331 -8.68784e-07 4.00355 -1.05219e-09 3.5182e-07 -6.69675e-06 -0.436331 1.57629e-05 1.5708 -0.00188839
17.763 -0.436332 -0.436331 -8.68737e-07 4.00355 -1.04165e-09 3.51802e-07 -6.69644e-06 -0.436331 1.57621e-05 1.5708 -0.00188831
17.764 -0.436332 -0.436331 -8.68691e-07 4.00355 -1.03126e-09 3.51784e-07 -6.69614e-06 -0.436331 1.57613e-05 1.5708 -0.00188822
17.765 -0.436332 -0.436331 -8.68645e-07 4.00355 -1.021e-09 3.51766e-07 -6.69583e-06 -0.436331 1.57605e-05 1.5708 -0.00188813
17.766 -0.436332 -0.436331 -8.68599e-07 4.00355 -1.01089e-09 3.51747e-07 -6.69552e-06 -0.436331 1.57598e-05 1.5708 -0.00188804
17.767 -0.436332 -0.436331 -8.68554e-07 4.00355 -1.00092e-09 3.5173e-07 -6.69521e-06 -0.436331 1.5759e-05 1.5708 -0.00188796
17.768 -0.436332 -0.436331 -8.68508e-07 4.00355 -9.91079e-10 3.51712e-07 -6.69491e-06 -0.436331 1.57582e-05 1.5708 -0.00188787
17.769 -0.436332 -0.436331 -8.68463e-07 4.00355 -9.81379e-10 3.51694e-07 -6.6946e-06 -0.436331 1.57574e-05 1.5708 -0.00188778
17.77 -0.436332 -0.436331 -8.68418e-07 4.00355 -9.71813e-10 3.51676e-07 -6.69429e-06 -0.436331 1.57567e-05 1.5708 -0.00188769
17.771 -0.436332 -0.436331 -8.68373e-07 4.00355 -9.62382e-10 3.51658e-07 -6.69398e-06 -0.436331 1.57559e-05 1.5708 -0.00188761
17.772 -0.436332 -0.436331 -8.68328e-07 4.00355 -9.53083e-10 3.51641e-07 -6.69367e-06 -0.436331 1.57551e-05 1.5708 -0.00188752
17.773 -0.436332 -0.436331 -8.68284e-07 4.00355 -9.43915e-10 3.51623e-07 -6.69337e-06 -0.436331 1.57543e-05 1.5708 -0.00188743
17.774 -0.436332 -0.436331 -8.68239e-07 4.00355 -9.34877e-10 3.51605e-07 -6.69306e-06 -0.436331 1.57536e-05 1.5708 -0.00188734
17.775 -0.436332 -0.436331 -8.68195e-07 4.00355 -9.25968e-10 3.51588e-07 -6.69275e-06 -0.436331 1.57528e-05 1.5708 -0.00188726
17.776 -0.436332 -0.436331 -8.68151e-07 4.00355 -9.17186e-10 3.5157e-07 -6.69244e-06 -0.436331 1.5752e-05 1.5708 -0.00188717
17.777 -0.436332 -0.436331 -8.68108e-07 4.00355 -9.0853e-10 3.51553e-07 -6.69213e-06 -0.436331 1.57512e-05 1.5708 -0.00188708
17.778 -0.436332 -0.436331 -8.68064e-07 4.00355 -8.99999e-10 3.51535e-07 -6.69183e-06 -0.436331 1.57505e-05 1.5708 -0.00188699
17.779 -0.436332 -0.436331 -8.68021e-07 4.00355 -8.91592e-10 3.51518e-07 -6.69152e-06 -0.436331 1.57497e-05 1.5708 -0.00188691
17.78 -0.436332 -0.436331 -8.67977e-07 4.00355 -8.83307e-10 3.51501e-07 -6.69121e-06 -0.436331 1.57489e-05 1.5708 -0.00188682
17.781 -0.436332 -0.436331 -8.67934e-07 4.00355 -8.75143e-10 3.51484e-07 -6.6909e-06 -0.436331 1.57482e-05 1.5708 -0.00188673
17.782 -0.436332 -0.436331 -8.67891e-07 4.00355 -8.671e-10 3.51466e-07 -6.69059e-06 -0.436331 1.57474e-05 1.5708 -0.00188664
17.783 -0.436332 -0.436331 -8.67848e-07 4.00355 -8.59175e-10 3.51449e-07 -6.69028e-06 -0.436331 1.57466e-05 1.5708 -0.00188656
17.784 -0.436332 -0.436331 -8.67806e-07 4.00355 -8.51368e-10 3.51432e-07 -6.68997e-06 -0.436331 1.57459e-05 1.5708 -0.00188647
17.785 -0.436332 -0.436331 -8.67763e-07 4.00355 -8.43678e-10 3.51415e-07 -6.68967e-06 -0.436331 1.57451e-05 1.5708 -0.00188638
17.786 -0.436332 -0.436331 -8.67721e-07 4.00355 -8.36103e-10 3.51398e-07 -6.68936e-06 -0.436331 1.57443e-05 1.5708 -0.0018863
17.787 -0.436332 -0.436331 -8.67679e-07 4.00355 -8.28642e-10 3.51381e-07 -6.68905e-06 -0.436331 1.57436e-05 1.5708 -0.00188621
17.788 -0.436332 -0.436331 -8.67637e-07 4.00355 -8.21294e-10 3.51364e-07 -6.68874e-06 -0.436331 1.57428e-05 1.5708 -0.00188612
17.789 -0.436332 -0.436331 -8.67595e-07 4.00355 -8.14059e-10 3.51347e-07 -6.68843e-06 -0.436331 1.5742e-05 1.5708 -0.00188603
17.79 -0.436332 -0.436331 -8.67553e-07 4.00355 -8.06934e-10 3.5133e-07 -6.68812e-06 -0.436331 1.57413e-05 1.5708 -0.00188595
17.791 -0.436332 -0.436331 -8.67512e-07 4.00355 -7.99918e-10 3.51314e-07 -6.68781e-06 -0.436331 1.57405e-05 1.5708 -0.00188586
17.792 -0.436332 -0.436331 -8.6747e-07 4.00355 -7.93012e-10 3.51297e-07 -6.6875e-06 -0.436331 1.57397e-05 1.5708 -0.00188577
17.793 -0.436332 -0.436331 -8.67429e-07 4.00355 -7.86213e-10 3.5128e-07 -6.6872e-06 -0.436331 1.5739e-05 1.5708 -0.00188568
17.794 -0.436332 -0.436331 -8.67388e-07 4.00355 -7.7952e-10 3.51263e-07 -6.68689e-06 -0.436331 1.57382e-05 1.5708 -0.0018856
17.795 -0.436332 -0.436331 -8.67347e-07 4.00355 -7.72933e-10 3.51247e-07 -6.68658e-06 -0.436331 1.57374e-05 1.5708 -0.00188551
17.796 -0.436332 -0.436331 -8.67306e-07 4.00355 -7.6645e-10 3.5123e-07 -6.68627e-06 -0.436331 1.57367e-05 1.5708 -0.00188542
17.797 -0.436332 -0.436331 -8.67265e-07 4.00355 -7.6007e-10 3.51214e-07 -6.68596e-06 -0.436331 1.57359e-05 1.5708 -0.00188534
17.798 -0.436332 -0.436331 -8.67225e-07 4.00355 -7.53793e-10 3.51197e-07 -6.68565e-06 -0.436331 1.57351e-05 1.5708 -0.00188525
17.799 -0.436332 -0.436331 -8.67184e-07 4.00355 -7.47616e-10 3.51181e-07 -6.68534e-06 -0.436331 1.57344e-05 1.5708 -0.00188516
17.8 -0.436332 -0.436331 -8.67144e-07 4.00355 -7.4154e-10 3.51164e-07 -6.68503e-06 -0.436331 1.57336e-05 1.5708 -0.00188507
17.801 -0.436332 -0.436331 -8.67104e-07 4.00355 -7.35563e-10 3.51148e-07 -6.68472e-06 -0.436331 1.57329e-05 1.5708 -0.00188499
17.802 -0.436332 -0.436331 -8.67064e-07 4.00355 -7.29683e-10 3.51131e-07 -6.68441e-06 -0.436331 1.57321e-05 1.5708 -0.0018849
17.803 -0.436332 -0.436331 -8.67024e-07 4.00355 -7.23901e-10 3.51115e-07 -6.6841e-06 -0.436331 1.57313e-05 1.5708 -0.00188481
17.804 -0.436332 -0.436331 -8.66984e-07 4.00355 -7.18215e-10 3.51099e-07 -6.68379e-06 -0.436331 1.57306e-05 1.5708 -0.00188472
17.805 -0.436332 -0.436331 -8.66944e-07 4.00355 -7.12624e-10 3.51083e-07 -6.68348e-06 -0.436331 1.57298e-05 1.5708 -0.00188464
17.806 -0.436332 -0.436331 -8.66905e-07 4.00355 -7.07127e-10 3.51066e-07 -6.68317e-06 -0.436331 1.5729e-05 1.5708 -0.00188455
17.807 -0.436332 -0.436331 -8.66865e-07 4.00355 -7.01724e-10 3.5105e-07 -6.68286e-06 -0.436331 1.57283e-05 1.5708 -0.00188446
17.808 -0.436332 -0.436331 -8.66826e-07 4.00355 -6.96412e-10 3.51034e-07 -6.68256e-06 -0.436331 1.57275e-05 1.5708 -0.00188438
17.809 -0.436332 -0.436331 -8.66787e-07 4.00355 -6.91192e-10 3.51018e-07 -6.68225e-06 -0.436331 1.57268e-05 1.5708 -0.00188429
17.81 -0.436332 -0.436331 -8.66748e-07 4.00355 -6.86061e-10 3.51002e-07 -6.68194e-06 -0.436331 1.5726e-05 1.5708 -0.0018842
17.811 -0.436332 -0.436331 -8.66709e-07 4.00355 -6.81021e-10 3.50986e-07 -6.68163e-06 -0.436331 1.57253e-05 1.5708 -0.00188411
17.812 -0.436332 -0.436331 -8.6667e-07 4.00355 -6.76068e-10 3.5097e-07 -6.68132e-06 -0.436331 1.57245e-05 1.5708 -0.00188403
17.813 -0.436332 -0.436331 -8.66631e-07 4.00355 -6.71203e-10 3.50954e-07 -6.68101e-06 -0.436331 1.57237e-05 1.5708 -0.00188394
17.814 -0.436332 -0.436331 -8.66592e-07 4.00355 -6.66424e-10 3.50938e-07 -6.6807e-06 -0.436331 1.5723e-05 1.5708 -0.00188385
17.815 -0.436332 -0.436331 -8.66554e-07 4.00355 -6.61731e-10 3.50922e-07 -6.68039e-06 -0.436331 1.57222e-05 1.5708 -0.00188377
17.816 -0.436332 -0.436331 -8.66515e-07 4.00355 -6.57123e-10 3.50906e-07 -6.68008e-06 -0.436331 1.57215e-05 1.5708 -0.00188368
17.817 -0.436332 -0.436331 -8.66477e-07 4.00355 -6.52598e-10 3.5089e-07 -6.67977e-06 -0.436331 1.57207e-05 1.5708 -0.00188359
17.818 -0.436332 -0.436331 -8.66439e-07 4.00355 -6.48156e-10 3.50874e-07 -6.67946e-06 -0.436331 1.572e-05 1.5708 -0.0018835
17.819 -0.436332 -0.436331 -8.66401e-07 4.00355 -6.43797e-10 3.50858e-07 -6.67915e-06 -0.436331 1.57192e-05 1.5708 -0.00188342
17.82 -0.436332 -0.436331 -8.66363e-07 4.00355 -6.39518e-10 3.50843e-07 -6.67884e-06 -0.436331 1.57184e-05 1.5708 -0.00188333
17.821 -0.436332 -0.436331 -8.66325e-07 4.00355 -6.3532e-10 3.50827e-07 -6.67853e-06 -0.436331 1.57177e-05 1.5708 -0.00188324
17.822 -0.436332 -0.436331 -8.66287e-07 4.00355 -6.31201e-10 3.50811e-07 -6.67822e-06 -0.436331 1.57169e-05 1.5708 -0.00188315
17.823 -0.436332 -0.436331 -8.66249e-07 4.00355 -6.27161e-10 3.50796e-07 -6.67791e-06 -0.436331 1.57162e-05 1.5708 -0.00188307
17.824 -0.436332 -0.436331 -8.66211e-07 4.00355 -6.23198e-10 3.5078e-07 -6.6776e-06 -0.436331 1.57154e-05 1.5708 -0.00188298
17.825 -0.436332 -0.436331 -8.66174e-07 4.00355 -6.19312e-10 3.50764e-07 -6.67729e-06 -0.436331 1.57147e-05 1.5708 -0.00188289
17.826 -0.436332 -0.436331 -8.66136e-07 4.00355 -6.15503e-10 3.50749e-07 -6.67698e-06 -0.436331 1.57139e-05 1.5708 -0.00188281
17.827 -0.436332 -0.436331 -8.66099e-07 4.00355 -6.11768e-10 3.50733e-07 -6.67667e-06 -0.436331 1.57132e-05 1.5708 -0.00188272
17.828 -0.436332 -0.436331 -8.66061e-07 4.00355 -6.08108e-10 3.50717e-07 -6.67636e-06 -0.436331 1.57124e-05 1.5708 -0.00188263
17.829 -0.436332 -0.436331 -8.66024e-07 4.00355 -6.04522e-10 3.50702e-07 -6.67605e-06 -0.436331 1.57117e-05 1.5708 -0.00188254
17.83 -0.436332 -0.436331 -8.65987e-07 4.00355 -6.01008e-10 3.50686e-07 -6.67574e-06 -0.436331 1.57109e-05 1.5708 -0.00188246
17.831 -0.436332 -0.436331 -8.6595e-07 4.00355 -5.97566e-10 3.50671e-07 -6.67543e-06 -0.436331 1.57102e-05 1.5708 -0.00188237
17.832 -0.436332 -0.436331 -8.65913e-07 4.00355 -5.94196e-10 3.50655e-07 -6.67512e-06 -0.436331 1.57094e-05 1.5708 -0.00188228
17.833 -0.436332 -0.436331 -8.65876e-07 4.00355 -5.90896e-10 3.5064e-07 -6.67481e-06 -0.436331 1.57087e-05 1.5708 -0.0018822
17.834 -0.436332 -0.436331 -8.65839e-07 4.00355 -5.87665e-10 3.50625e-07 -6.6745e-06 -0.436331 1.57079e-05 1.5708 -0.00188211
17.835 -0.436332 -0.436331 -8.65803e-07 4.00355 -5.84504e-10 3.50609e-07 -6.67419e-06 -0.436331 1.57072e-05 1.5708 -0.00188202
17.836 -0.436332 -0.436331 -8.65766e-07 4.00355 -5.8141e-10 3.50594e-07 -6.67388e-06 -0.436331 1.57064e-05 1.5708 -0.00188193
17.837 -0.436332 -0.436331 -8.65729e-07 4.00355 -5.78384e-10 3.50579e-07 -6.67357e-06 -0.436331 1.57057e-05 1.5708 -0.00188185
17.838 -0.436332 -0.436331 -8.65693e-07 4.00355 -5.75425e-10 3.50563e-07 -6.67325e-06 -0.436331 1.57049e-05 1.5708 -0.00188176
17.839 -0.436332 -0.436331 -8.65656e-07 4.00355 -5.72531e-10 3.50548e-07 -6.67294e-06 -0.436331 1.57042e-05 1.5708 -0.00188167
17.84 -0.436332 -0.436331 -8.6562e-07 4.00355 -5.69702e-10 3.50533e-07 -6.67263e-06 -0.436331 1.57034e-05 1.5708 -0.00188159
17.841 -0.436332 -0.436331 -8.65584e-07 4.00355 -5.66938e-10 3.50517e-07 -6.67232e-06 -0.436331 1.57027e-05 1.5708 -0.0018815
17.842 -0.436332 -0.436331 -8.65547e-07 4.00355 -5.64238e-10 3.50502e-07 -6.67201e-06 -0.436331 1.57019e-05 1.5708 -0.00188141
17.843 -0.436332 -0.436331 -8.65511e-07 4.00355 -5.616e-10 3.50487e-07 -6.6717e-06 -0.436331 1.57012e-05 1.5708 -0.00188132
17.844 -0.436332 -0.436331 -8.65475e-07 4.00355 -5.59025e-10 3.50472e-07 -6.67139e-06 -0.436331 1.57004e-05 1.5708 -0.00188124
17.845 -0.436332 -0.436331 -8.65439e-07 4.00355 -5.56511e-10 3.50457e-07 -6.67108e-06 -0.436331 1.56997e-05 1.5708 -0.00188115
17.846 -0.436332 -0.436331 -8.65403e-07 4.00355 -5.54058e-10 3.50441e-07 -6.67077e-06 -0.436331 1.56989e-05 1.5708 -0.00188106
17.847 -0.436332 -0.436331 -8.65367e-07 4.00355 -5.51665e-10 3.50426e-07 -6.67046e-06 -0.436331 1.56982e-05 1.5708 -0.00188098
17.848 -0.436332 -0.436331 -8.65331e-07 4.00355 -5.49331e-10 3.50411e-07 -6.67015e-06 -0.436331 1.56974e-05 1.5708 -0.00188089
17.849 -0.436332 -0.436331 -8.65296e-07 4.00355 -5.47057e-10 3.50396e-07 -6.66984e-06 -0.436331 1.56967e-05 1.5708 -0.0018808
17.85 -0.436332 -0.436331 -8.6526e-07 4.00355 -5.4484e-10 3.50381e-07 -6.66953e-06 -0.436331 1.56959e-05 1.5708 -0.00188072
17.851 -0.436332 -0.436331 -8.65224e-07 4.00355 -5.42681e-10 3.50366e-07 -6.66922e-06 -0.436331 1.56952e-05 1.5708 -0.00188063
17.852 -0.436332 -0.436331 -8.65189e-07 4.00355 -5.40578e-10 3.50351e-07 -6.66891e-06 -0.436331 1.56944e-05 1.5708 -0.00188054
17.853 -0.436332 -0.436331 -8.65153e-07 4.00355 -5.38532e-10 3.50336e-07 -6.6686e-06 -0.436331 1.56937e-05 1.5708 -0.00188045
17.854 -0.436332 -0.436331 -8.65118e-07 4.00355 -5.36541e-10 3.50321e-07 -6.66829e-06 -0.436331 1.56929e-05 1.5708 -0.00188037
17.855 -0.436332 -0.436331 -8.65082e-07 4.00355 -5.34605e-10 3.50306e-07 -6.66798e-06 -0.436331 1.56922e-05 1.5708 -0.00188028
17.856 -0.436332 -0.436331 -8.65047e-07 4.00355 -5.32723e-10 3.50291e-07 -6.66767e-06 -0.436331 1.56914e-05 1.5708 -0.00188019
17.857 -0.436332 -0.436331 -8.65012e-07 4.00355 -5.30894e-10 3.50276e-07 -6.66736e-06 -0.436331 1.56907e-05 1.5708 -0.00188011
17.858 -0.436332 -0.436331 -8.64976e-07 4.00355 -5.29119e-10 3.50261e-07 -6.66705e-06 -0.436331 1.569e-05 1.5708 -0.00188002
17.859 -0.436332 -0.436331 -8.64941e-07 4.00355 -5.27395e-10 3.50246e-07 -6.66673e-06 -0.436331 1.56892e-05 1.5708 -0.00187993
17.86 -0.436332 -0.436331 -8.64906e-07 4.00355 -5.25724e-10 3.50231e-07 -6.66642e-06 -0.436331 1.56885e-05 1.5708 -0.00187984
17.861 -0.436332 -0.436331 -8.64871e-07 4.00355 -5.24103e-10 3.50216e-07 -6.66611e-06 -0.436331 1.56877e-05 1.5708 -0.00187976
17.862 -0.436332 -0.436331 -8.64836e-07 4.00355 -5.22533e-10 3.50202e-07 -6.6658e-06 -0.436331 1.5687e-05 1.5708 -0.00187967
17.863 -0.436332 -0.436331 -8.64801e-07 4.00355 -5.21012e-10 3.50187e-07 -6.66549e-06 -0.436331 1.56862e-05 1.5708 -0.00187958
17.864 -0.436332 -0.436331 -8.64766e-07 4.00355 -5.19541e-10 3.50172e-07 -6.66518e-06 -0.436331 1.56855e-05 1.5708 -0.0018795
17.865 -0.436332 -0.436331 -8.64731e-07 4.00355 -5.18119e-10 3.50157e-07 -6.66487e-06 -0.436331 1.56847e-05 1.5708 -0.00187941
17.866 -0.436332 -0.436331 -8.64696e-07 4.00355 -5.16744e-10 3.50142e-07 -6.66456e-06 -0.436331 1.5684e-05 1.5708 -0.00187932
17.867 -0.436332 -0.436331 -8.64661e-07 4.00355 -5.15417e-10 3.50127e-07 -6.66425e-06 -0.436331 1.56833e-05 1.5708 -0.00187924
17.868 -0.436332 -0.436331 -8.64627e-07 4.00355 -5.14137e-10 3.50113e-07 -6.66394e-06 -0.436331 1.56825e-05 1.5708 -0.00187915
17.869 -0.436332 -0.436331 -8.64592e-07 4.00355 -5.12903e-10 3.50098e-07 -6.66363e-06 -0.436331 1.56818e-05 1.5708 -0.00187906
17.87 -0.436332 -0.436331 -8.64557e-07 4.00355 -5.11715e-10 3.50083e-07 -6.66332e-06 -0.436331 1.5681e-05 1.5708 -0.00187897
17.871 -0.436332 -0.436331 -8.64523e-07 4.00355 -5.10572e-10 3.50068e-07 -6.66301e-06 -0.436331 1.56803e-05 1.5708 -0.00187889
17.872 -0.436332 -0.436331 -8.64488e-07 4.00355 -5.09474e-10 3.50054e-07 -6.6627e-06 -0.436331 1.56796e-05 1.5708 -0.0018788
17.873 -0.436332 -0.436331 -8.64453e-07 4.00355 -5.0842e-10 3.50039e-07 -6.66239e-06 -0.436331 1.56788e-05 1.5708 -0.00187871
17.874 -0.436332 -0.436331 -8.64419e-07 4.00355 -5.0741e-10 3.50024e-07 -6.66208e-06 -0.436331 1.56781e-05 1.5708 -0.00187863
17.875 -0.436332 -0.436331 -8.64384e-07 4.00355 -5.06442e-10 3.5001e-07 -6.66176e-06 -0.436331 1.56773e-05 1.5708 -0.00187854
17.876 -0.436332 -0.436331 -8.6435e-07 4.00355 -5.05517e-10 3.49995e-07 -6.66145e-06 -0.436331 1.56766e-05 1.5708 -0.00187845
17.877 -0.436332 -0.436331 -8.64316e-07 4.00355 -5.04634e-10 3.4998e-07 -6.66114e-06 -0.436331 1.56758e-05 1.5708 -0.00187837
17.878 -0.436332 -0.436331 -8.64281e-07 4.00355 -5.03792e-10 3.49966e-07 -6.66083e-06 -0.436331 1.56751e-05 1.5708 -0.00187828
17.879 -0.436332 -0.436331 -8.64247e-07 4.00355 -5.02991e-10 3.49951e-07 -6.66052e-06 -0.436331 1.56744e-05 1.5708 -0.00187819
17.88 -0.436332 -0.436331 -8.64213e-07 4.00355 -5.02231e-10 3.49936e-07 -6.66021e-06 -0.436331 1.56736e-05 1.5708 -0.00187811
17.881 -0.436332 -0.436331 -8.64178e-07 4.00355 -5.01511e-10 3.49922e-07 -6.6599e-06 -0.436331 1.56729e-05 1.5708 -0.00187802
17.882 -0.436332 -0.436331 -8.64144e-07 4.00355 -5.00829e-10 3.49907e-07 -6.65959e-06 -0.436331 1.56721e-05 1.5708 -0.00187793
17.883 -0.436332 -0.436331 -8.6411e-07 4.00355 -5.00187e-10 3.49893e-07 -6.65928e-06 -0.436331 1.56714e-05 1.5708 -0.00187784
17.884 -0.436332 -0.436331 -8.64076e-07 4.00355 -4.99583e-10 3.49878e-07 -6.65897e-06 -0.436331 1.56707e-05 1.5708 -0.00187776
17.885 -0.436332 -0.436331 -8.64042e-07 4.00355 -4.99017e-10 3.49863e-07 -6.65866e-06 -0.436331 1.56699e-05 1.5708 -0.00187767
17.886 -0.436332 -0.436331 -8.64008e-07 4.00355 -4.98489e-10 3.49849e-07 -6.65835e-06 -0.436331 1.56692e-05 1.5708 -0.00187758
17.887 -0.436332 -0.436331 -8.63973e-07 4.00355 -4.97997e-10 3.49834e-07 -6.65804e-06 -0.436331 1.56685e-05 1.5708 -0.0018775
17.888 -0.436332 -0.436331 -8.63939e-07 4.00355 -4.97542e-10 3.4982e-07 -6.65773e-06 -0.436331 1.56677e-05 1.5708 -0.00187741
17.889 -0.436332 -0.436331 -8.63905e-07 4.00355 -4.97123e-10 3.49805e-07 -6.65742e-06 -0.436331 1.5667e-05 1.5708 -0.00187732
17.89 -0.436332 -0.436331 -8.63871e-07 4.00355 -4.96739e-10 3.49791e-07 -6.6571e-06 -0.436331 1.56662e-05 1.5708 -0.00187724
17.891 -0.436332 -0.436331 -8.63837e-07 4.00355 -4.9639e-10 3.49776e-07 -6.65679e-06 -0.436331 1.56655e-05 1.5708 -0.00187715
17.892 -0.436332 -0.436331 -8.63804e-07 4.00355 -4.96076e-10 3.49762e-07 -6.65648e-06 -0.436331 1.56648e-05 1.5708 -0.00187706
17.893 -0.436332 -0.436331 -8.6377e-07 4.00355 -4.95796e-10 3.49747e-07 -6.65617e-06 -0.436331 1.5664e-05 1.5708 -0.00187698
17.894 -0.436332 -0.436331 -8.63736e-07 4.00355 -4.95549e-10 3.49733e-07 -6.65586e-06 -0.436331 1.56633e-05 1.5708 -0.00187689
17.895 -0.436332 -0.436331 -8.63702e-07 4.00355 -4.95336e-10 3.49718e-07 -6.65555e-06 -0.436331 1.56625e-05 1.5708 -0.0018768
17.896 -0.436332 -0.436331 -8.63668e-07 4.00355 -4.95156e-10 3.49704e-07 -6.65524e-06 -0.436331 1.56618e-05 1.5708 -0.00187671
17.897 -0.436332 -0.436331 -8.63634e-07 4.00355 -4.95008e-10 3.49689e-07 -6.65493e-06 -0.436331 1.56611e-05 1.5708 -0.00187663
17.898 -0.436332 -0.436331 -8.63601e-07 4.00355 -4.94892e-10 3.49675e-07 -6.65462e-06 -0.436331 1.56603e-05 1.5708 -0.00187654
17.899 -0.436332 -0.436331 -8.63567e-07 4.00355 -4.94807e-10 3.4966e-07 -6.65431e-06 -0.436331 1.56596e-05 1.5708 -0.00187645
17.9 -0.436332 -0.436331 -8.63533e-07 4.00355 -4.94753e-10 3.49646e-07 -6.654e-06 -0.436331 1.56589e-05 1.5708 -0.00187637
17.901 -0.436332 -0.436331 -8.63499e-07 4.00355 -4.9473e-10 3.49632e-07 -6.65369e-06 -0.436331 1.56581e-05 1.5708 -0.00187628
17.902 -0.436332 -0.436331 -8.63466e-07 4.00355 -4.94737e-10 3.49617e-07 -6.65338e-06 -0.436331 1.56574e-05 1.5708 -0.00187619
17.903 -0.436332 -0.436331 -8.63432e-07 4.00355 -4.94774e-10 3.49603e-07 -6.65307e-06 -0.436331 1.56567e-05 1.5708 -0.00187611
17.904 -0.436332 -0.436331 -8.63398e-07 4.00355 -4.9484e-10 3.49588e-07 -6.65276e-06 -0.436331 1.56559e-05 1.5708 -0.00187602
17.905 -0.436332 -0.436331 -8.63365e-07 4.00355 -4.94936e-10 3.49574e-07 -6.65244e-06 -0.436331 1.56552e-05 1.5708 -0.00187593
17.906 -0.436332 -0.436331 -8.63331e-07 4.00355 -4.95059e-10 3.4956e-07 -6.65213e-06 -0.436331 1.56545e-05 1.5708 -0.00187585
17.907 -0.436332 -0.436331 -8.63297e-07 4.00355 -4.95211e-10 3.49545e-07 -6.65182e-06 -0.436331 1.56537e-05 1.5708 -0.00187576
17.908 -0.436332 -0.436331 -8.63264e-07 4.00355 -4.95391e-10 3.49531e-07 -6.65151e-06 -0.436331 1.5653e-05 1.5708 -0.00187567
17.909 -0.436332 -0.436331 -8.6323e-07 4.00355 -4.95598e-10 3.49516e-07 -6.6512e-06 -0.436331 1.56522e-05 1.5708 -0.00187559
17.91 -0.436332 -0.436331 -8.63197e-07 4.00355 -4.95833e-10 3.49502e-07 -6.65089e-06 -0.436331 1.56515e-05 1.5708 -0.0018755
17.911 -0.436332 -0.436331 -8.63163e-07 4.00355 -4.96093e-10 3.49488e-07 -6.65058e-06 -0.436331 1.56508e-05 1.5708 -0.00187541
17.912 -0.436332 -0.436331 -8.6313e-07 4.00355 -4.9638e-10 3.49473e-07 -6.65027e-06 -0.436331 1.565e-05 1.5708 -0.00187533
17.913 -0.436332 -0.436331 -8.63096e-07 4.00355 -4.96693e-10 3.49459e-07 -6.64996e-06 -0.436331 1.56493e-05 1.5708 -0.00187524
17.914 -0.436332 -0.436331 -8.63063e-07 4.00355 -4.97031e-10 3.49445e-07 -6.64965e-06 -0.436331 1.56486e-05 1.5708 -0.00187515
17.915 -0.436332 -0.436331 -8.63029e-07 4.00355 -4.97395e-10 3.4943e-07 -6.64934e-06 -0.436331 1.56478e-05 1.5708 -0.00187506
17.916 -0.436332 -0.436331 -8.62996e-07 4.00355 -4.97783e-10 3.49416e-07 -6.64903e-06 -0.436331 1.56471e-05 1.5708 -0.00187498
17.917 -0.436332 -0.436331 -8.62962e-07 4.00355 -4.98196e-10 3.49402e-07 -6.64872e-06 -0.436331 1.56464e-05 1.5708 -0.00187489
17.918 -0.436332 -0.436331 -8.62929e-07 4.00355 -4.98632e-10 3.49387e-07 -6.64841e-06 -0.436331 1.56456e-05 1.5708 -0.0018748
17.919 -0.436332 -0.436331 -8.62896e-07 4.00355 -4.99092e-10 3.49373e-07 -6.6481e-06 -0.436331 1.56449e-05 1.5708 -0.00187472
17.92 -0.436332 -0.436331 -8.62862e-07 4.00355 -4.99576e-10 3.49359e-07 -6.64779e-06 -0.436331 1.56442e-05 1.5708 -0.00187463
17.921 -0.436332 -0.436331 -8.62829e-07 4.00355 -5.00083e-10 3.49345e-07 -6.64748e-06 -0.436331 1.56434e-05 1.5708 -0.00187454
17.922 -0.436332 -0.436331 -8.62795e-07 4.00355 -5.00612e-10 3.4933e-07 -6.64716e-06 -0.436331 1.56427e-05 1.5708 -0.00187446
17.923 -0.436332 -0.436331 -8.62762e-07 4.00355 -5.01163e-10 3.49316e-07 -6.64685e-06 -0.436331 1.5642e-05 1.5708 -0.00187437
17.924 -0.436332 -0.436331 -8.62729e-07 4.00355 -5.01737e-10 3.49302e-07 -6.64654e-06 -0.436331 1.56412e-05 1.5708 -0.00187428
17.925 -0.436332 -0.436331 -8.62695e-07 4.00355 -5.02332e-10 3.49287e-07 -6.64623e-06 -0.436331 1.56405e-05 1.5708 -0.0018742
17.926 -0.436332 -0.436331 -8.62662e-07 4.00355 -5.02948e-10 3.49273e-07 -6.64592e-06 -0.436331 1.56398e-05 1.5708 -0.00187411
17.927 -0.436332 -0.436331 -8.62629e-07 4.00355 -5.03586e-10 3.49259e-07 -6.64561e-06 -0.436331 1.5639e-05 1.5708 -0.00187402
17.928 -0.436332 -0.436331 -8.62595e-07 4.00355 -5.04243e-10 3.49245e-07 -6.6453e-06 -0.436331 1.56383e-05 1.5708 -0.00187394
17.929 -0.436332 -0.436331 -8.62562e-07 4.00355 -5.04922e-10 3.4923e-07 -6.64499e-06 -0.436331 1.56376e-05 1.5708 -0.00187385
17.93 -0.436332 -0.436331 -8.62529e-07 4.00355 -5.0562e-10 3.49216e-07 -6.64468e-06 -0.436331 1.56368e-05 1.5708 -0.00187376
17.931 -0.436332 -0.436331 -8.62495e-07 4.00355 -5.06338e-10 3.49202e-07 -6.64437e-06 -0.436331 1.56361e-05 1.5708 -0.00187368
17.932 -0.436332 -0.436331 -8.62462e-07 4.00355 -5.07075e-10 3.49187e-07 -6.64406e-06 -0.436331 1.56354e-05 1.5708 -0.00187359
17.933 -0.436332 -0.436331 -8.62429e-07 4.00355 -5.07832e-10 3.49173e-07 -6.64375e-06 -0.436331 1.56347e-05 1.5708 -0.0018735
17.934 -0.436332 -0.436331 -8.62396e-07 4.00355 -5.08607e-10 3.49159e-07 -6.64344e-06 -0.436331 1.56339e-05 1.5708 -0.00187342
17.935 -0.436332 -0.436331 -8.62362e-07 4.00355 -5.09401e-10 3.49145e-07 -6.64313e-06 -0.436331 1.56332e-05 1.5708 -0.00187333
17.936 -0.436332 -0.436331 -8.62329e-07 4.00355 -5.10213e-10 3.4913e-07 -6.64282e-06 -0.436331 1.56325e-05 1.5708 -0.00187324
17.937 -0.436332 -0.436331 -8.62296e-07 4.00355 -5.11042e-10 3.49116e-07 -6.64251e-06 -0.436331 1.56317e-05 1.5708 -0.00187316
17.938 -0.436332 -0.436331 -8.62263e-07 4.00355 -5.1189e-10 3.49102e-07 -6.6422e-06 -0.436331 1.5631e-05 1.5708 -0.00187307
17.939 -0.436332 -0.436331 -8.62229e-07 4.00355 -5.12754e-10 3.49088e-07 -6.64189e-06 -0.436331 1.56303e-05 1.5708 -0.00187298
17.94 -0.436332 -0.436331 -8.62196e-07 4.00355 -5.13636e-10 3.49074e-07 -6.64158e-06 -0.436331 1.56295e-05 1.5708 -0.0018729
17.941 -0.436332 -0.436331 -8.62163e-07 4.00355 -5.14534e-10 3.49059e-07 -6.64127e-06 -0.436331 1.56288e-05 1.5708 -0.00187281
17.942 -0.436332 -0.436331 -8.6213e-07 4.00355 -5.15449e-10 3.49045e-07 -6.64096e-06 -0.436331 1.56281e-05 1.5708 -0.00187272
17.943 -0.436332 -0.436331 -8.62096e-07 4.00355 -5.1638e-10 3.49031e-07 -6.64065e-06 -0.436331 1.56273e-05 1.5708 -0.00187264
17.944 -0.436332 -0.436331 -8.62063e-07 4.00355 -5.17326e-10 3.49017e-07 -6.64034e-06 -0.436331 1.56266e-05 1.5708 -0.00187255
17.945 -0.436332 -0.436331 -8.6203e-07 4.00355 -5.18289e-10 3.49002e-07 -6.64003e-06 -0.436331 1.56259e-05 1.5708 -0.00187246
17.946 -0.436332 -0.436331 -8.61997e-07 4.00355 -5.19267e-10 3.48988e-07 -6.63971e-06 -0.436331 1.56252e-05 1.5708 -0.00187238
17.947 -0.436332 -0.436331 -8.61964e-07 4.00355 -5.20259e-10 3.48974e-07 -6.6394e-06 -0.436331 1.56244e-05 1.5708 -0.00187229
17.948 -0.436332 -0.436331 -8.6193e-07 4.00355 -5.21267e-10 3.4896e-07 -6.63909e-06 -0.436331 1.56237e-05 1.5708 -0.0018722
17.949 -0.436332 -0.436331 -8.61897e-07 4.00355 -5.22289e-10 3.48946e-07 -6.63878e-06 -0.436331 1.5623e-05 1.5708 -0.00187212
17.95 -0.436332 -0.436331 -8.61864e-07 4.00355 -5.23326e-10 3.48931e-07 -6.63847e-06 -0.436331 1.56222e-05 1.5708 -0.00187203
17.951 -0.436332 -0.436331 -8.61831e-07 4.00355 -5.24376e-10 3.48917e-07 -6.63816e-06 -0.436331 1.56215e-05 1.5708 -0.00187194
17.952 -0.436332 -0.436331 -8.61797e-07 4.00355 -5.25441e-10 3.48903e-07 -6.63785e-06 -0.436331 1.56208e-05 1.5708 -0.00187186
17.953 -0.436332 -0.436331 -8.61764e-07 4.00355 -5.26519e-10 3.48889e-07 -6.63754e-06 -0.436331 1.56201e-05 1.5708 -0.00187177
17.954 -0.436332 -0.436331 -8.61731e-07 4.00355 -5.2761e-10 3.48875e-07 -6.63723e-06 -0.436331 1.56193e-05 1.5708 -0.00187168
17.955 -0.436332 -0.436331 -8.61698e-07 4.00355 -5.28714e-10 3.4886e-07 -6.63692e-06 -0.436331 1.56186e-05 1.5708 -0.0018716
17.956 -0.436332 -0.436331 -8.61665e-07 4.00355 -5.29831e-10 3.48846e-07 -6.63661e-06 -0.436331 1.56179e-05 1.5708 -0.00187151
17.957 -0.436332 -0.436331 -8.61631e-07 4.00355 -5.30961e-10 3.48832e-07 -6.6363e-06 -0.436331 1.56171e-05 1.5708 -0.00187142
17.958 -0.436332 -0.436331 -8.61598e-07 4.00355 -5.32103e-10 3.48818e-07 -6.63599e-06 -0.436331 1.56164e-05 1.5708 -0.00187134
17.959 -0.436332 -0.436331 -8.61565e-07 4.00355 -5.33257e-10 3.48804e-07 -6.63568e-06 -0.436331 1.56157e-05 1.5708 -0.00187125
17.96 -0.436332 -0.436331 -8.61532e-07 4.00355 -5.34423e-10 3.48789e-07 -6.63537e-06 -0.436331 1.5615e-05 1.5708 -0.00187116
17.961 -0.436332 -0.436331 -8.61498e-07 4.00355 -5.356e-10 3.48775e-07 -6.63506e-06 -0.436331 1.56142e-05 1.5708 -0.00187108
17.962 -0.436332 -0.436331 -8.61465e-07 4.00355 -5.36789e-10 3.48761e-07 -6.63475e-06 -0.436331 1.56135e-05 1.5708 -0.00187099
17.963 -0.436332 -0.436331 -8.61432e-07 4.00355 -5.37989e-10 3.48747e-07 -6.63444e-06 -0.436331 1.56128e-05 1.5708 -0.0018709
17.964 -0.436332 -0.436331 -8.61399e-07 4.00355 -5.392e-10 3.48733e-07 -6.63413e-06 -0.436331 1.5612e-05 1.5708 -0.00187082
17.965 -0.436332 -0.436331 -8.61366e-07 4.00355 -5.40422e-10 3.48718e-07 -6.63382e-06 -0.436331 1.56113e-05 1.5708 -0.00187073
17.966 -0.436332 -0.436331 -8.61332e-07 4.00355 -5.41655e-10 3.48704e-07 -6.63351e-06 -0.436331 1.56106e-05 1.5708 -0.00187064
17.967 -0.436332 -0.436331 -8.61299e-07 4.00355 -5.42897e-10 3.4869e-07 -6.6332e-06 -0.436331 1.56099e-05 1.5708 -0.00187056
17.968 -0.436332 -0.436331 -8.61266e-07 4.00355 -5.4415e-10 3.48676e-07 -6.63289e-06 -0.436331 1.56091e-05 1.5708 -0.00187047
17.969 -0.436332 -0.436331 -8.61233e-07 4.00355 -5.45413e-10 3.48662e-07 -6.63258e-06 -0.436331 1.56084e-05 1.5708 -0.00187038
17.97 -0.436332 -0.436331 -8.61199e-07 4.00355 -5.46685e-10 3.48647e-07 -6.63227e-06 -0.436331 1.56077e-05 1.5708 -0.0018703
17.971 -0.436332 -0.436331 -8.61166e-07 4.00355 -5.47967e-10 3.48633e-07 -6.63196e-06 -0.436331 1.5607e-05 1.5708 -0.00187021
17.972 -0.436332 -0.436331 -8.61133e-07 4.00355 -5.49259e-10 3.48619e-07 -6.63165e-06 -0.436331 1.56062e-05 1.5708 -0.00187012
17.973 -0.436332 -0.436331 -8.611e-07 4.00355 -5.50559e-10 3.48605e-07 -6.63134e-06 -0.436331 1.56055e-05 1.5708 -0.00187004
17.974 -0.436332 -0.436331 -8.61066e-07 4.00355 -5.51868e-10 3.48591e-07 -6.63103e-06 -0.436331 1.56048e-05 1.5708 -0.00186995
17.975 -0.436332 -0.436331 -8.61033e-07 4.00355 -5.53186e-10 3.48577e-07 -6.63072e-06 -0.436331 1.5604e-05 1.5708 -0.00186986
17.976 -0.436332 -0.436331 -8.61e-07 4.00355 -5.54512e-10 3.48562e-07 -6.63041e-06 -0.436331 1.56033e-05 1.5708 -0.00186978
17.977 -0.436332 -0.436331 -8.60967e-07 4.00355 -5.55847e-10 3.48548e-07 -6.6301e-06 -0.436331 1.56026e-05 1.5708 -0.00186969
17.978 -0.436332 -0.436331 -8.60933e-07 4.00355 -5.57189e-10 3.48534e-07 -6.62979e-06 -0.436331 1.56019e-05 1.5708 -0.0018696
17.979 -0.436332 -0.436331 -8.609e-07 4.00355 -5.5854e-10 3.4852e-07 -6.62948e-06 -0.436331 1.56011e-05 1.5708 -0.00186952
17.98 -0.436332 -0.436331 -8.60867e-07 4.00355 -5.59899e-10 3.48506e-07 -6.62917e-06 -0.436331 1.56004e-05 1.5708 -0.00186943
17.981 -0.436332 -0.436331 -8.60833e-07 4.00355 -5.61264e-10 3.48491e-07 -6.62886e-06 -0.436331 1.55997e-05 1.5708 -0.00186934
17.982 -0.436332 -0.436331 -8.608e-07 4.00355 -5.62638e-10 3.48477e-07 -6.62855e-06 -0.436331 1.5599e-05 1.5708 -0.00186926
17.983 -0.436332 -0.436331 -8.60767e-07 4.00355 -5.64018e-10 3.48463e-07 -6.62824e-06 -0.436331 1.55982e-05 1.5708 -0.00186917
17.984 -0.436332 -0.436331 -8.60733e-07 4.00355 -5.65406e-10 3.48449e-07 -6.62793e-06 -0.436331 1.55975e-05 1.5708 -0.00186909
17.985 -0.436332 -0.436331 -8.607e-07 4.00355 -5.668e-10 3.48435e-07 -6.62762e-06 -0.436331 1.55968e-05 1.5708 -0.001869
17.986 -0.436332 -0.436331 -8.60667e-07 4.00355 -5.68201e-10 3.4842e-07 -6.62732e-06 -0.436331 1.55961e-05 1.5708 -0.00186891
17.987 -0.436332 -0.436331 -8.60633e-07 4.00355 -5.69609e-10 3.48406e-07 -6.62701e-06 -0.436331 1.55953e-05 1.5708 -0.00186883
17.988 -0.436332 -0.436331 -8.606e-07 4.00355 -5.71023e-10 3.48392e-07 -6.6267e-06 -0.436331 1.55946e-05 1.5708 -0.00186874
17.989 -0.436332 -0.436331 -8.60567e-07 4.00355 -5.72443e-10 3.48378e-07 -6.62639e-06 -0.436331 1.55939e-05 1.5708 -0.00186865
17.99 -0.436332 -0.436331 -8.60533e-07 4.00355 -5.73869e-10 3.48364e-07 -6.62608e-06 -0.436331 1.55932e-05 1.5708 -0.00186857
17.991 -0.436332 -0.436331 -8.605e-07 4.00355 -5.75301e-10 3.48349e-07 -6.62577e-06 -0.436331 1.55924e-05 1.5708 -0.00186848
17.992 -0.436332 -0.436331 -8.60467e-07 4.00355 -5.76738e-10 3.48335e-07 -6.62546e-06 -0.436331 1.55917e-05 1.5708 -0.00186839
17.993 -0.436332 -0.436331 -8.60433e-07 4.00355 -5.78181e-10 3.48321e-07 -6.62515e-06 -0.436331 1.5591e-05 1.5708 -0.00186831
17.994 -0.436332 -0.436331 -8.604e-07 4.00355 -5.7963e-10 3.48307e-07 -6.62484e-06 -0.436331 1.55903e-05 1.5708 -0.00186822
17.995 -0.436332 -0.436331 -8.60367e-07 4.00355 -5.81083e-10 3.48293e-07 -6.62453e-06 -0.436331 1.55895e-05 1.5708 -0.00186813
17.996 -0.436332 -0.436331 -8.60333e-07 4.00355 -5.82542e-10 3.48278e-07 -6.62422e-06 -0.436331 1.55888e-05 1.5708 -0.00186805
17.997 -0.436332 -0.436331 -8.603e-07 4.00355 -5.84006e-10 3.48264e-07 -6.62391e-06 -0.436331 1.55881e-05 1.5708 -0.00186796
17.998 -0.436332 -0.436331 -8.60266e-07 4.00355 -5.85474e-10 3.4825e-07 -6.6236e-06 -0.436331 1.55874e-05 1.5708 -0.00186787
17.999 -0.436332 -0.436331 -8.60233e-07 4.00355 -5.86947e-10 3.48236e-07 -6.62329e-06 -0.436331 1.55866e-05 1.5708 -0.00186779
18 -0.436332 -0.436331 -8.60199e-07 4.00355 -5.88424e-10 3.48222e-07 -6.62298e-06 -0.436331 1.55859e-05 1.5708 -0.0018677
18.001 -0.436332 -0.436331 -8.60166e-07 4.00355 -5.89906e-10 3.48207e-07 -6.62267e-06 -0.436331 1.55852e-05 1.5708 -0.00186761
18.002 -0.436332 -0.436331 -8.60133e-07 4.00355 -5.91392e-10 3.48193e-07 -6.62236e-06 -0.436331 1.55845e-05 1.5708 -0.00186753
18.003 -0.436332 -0.436331 -8.60099e-07 4.00355 -5.92881e-10 3.48179e-07 -6.62205e-06 -0.436331 1.55837e-05 1.5708 -0.00186744
18.004 -0.436332 -0.436331 -8.60066e-07 4.00355 -5.94375e-10 3.48165e-07 -6.62174e-06 -0.436331 1.5583e-05 1.5708 -0.00186736
18.005 -0.436332 -0.436331 -8.60032e-07 4.00355 -5.95873e-10 3.48151e-07 -6.62143e-06 -0.436331 1.55823e-05 1.5708 -0.00186727
18.006 -0.436332 -0.436331 -8.59999e-07 4.00355 -5.97374e-10 3.48136e-07 -6.62112e-06 -0.436331 1.55816e-05 1.5708 -0.00186718
18.007 -0.436332 -0.436331 -8.59965e-07 4.00355 -5.98878e-10 3.48122e-07 -6.62082e-06 -0.436331 1.55808e-05 1.5708 -0.0018671
18.008 -0.436332 -0.436331 -8.59932e-07 4.00355 -6.00386e-10 3.48108e-07 -6.62051e-06 -0.436331 1.55801e-05 1.5708 -0.00186701
18.009 -0.436332 -0.436331 -8.59898e-07 4.00355 -6.01897e-10 3.48094e-07 -6.6202e-06 -0.436331 1.55794e-05 1.5708 -0.00186692
18.01 -0.436332 -0.436331 -8.59865e-07 4.00355 -6.03411e-10 3.4808e-07 -6.61989e-06 -0.436331 1.55787e-05 1.5708 -0.00186684
18.011 -0.436332 -0.436331 -8.59831e-07 4.00355 -6.04928e-10 3.48065e-07 -6.61958e-06 -0.436331 1.55779e-05 1.5708 -0.00186675
18.012 -0.436332 -0.436331 -8.59798e-07 4.00355 -6.06448e-10 3.48051e-07 -6.61927e-06 -0.436331 1.55772e-05 1.5708 -0.00186666
18.013 -0.436332 -0.436331 -8.59764e-07 4.00355 -6.07971e-10 3.48037e-07 -6.61896e-06 -0.436331 1.55765e-05 1.5708 -0.00186658
18.014 -0.436332 -0.436331 -8.5973e-07 4.00355 -6.09496e-10 3.48023e-07 -6.61865e-06 -0.436331 1.55758e-05 1.5708 -0.00186649
18.015 -0.436332 -0.436331 -8.59697e-07 4.00355 -6.11024e-10 3.48008e-07 -6.61834e-06 -0.436331 1.5575e-05 1.5708 -0.0018664
18.016 -0.436332 -0.436331 -8.59663e-07 4.00355 -6.12554e-10 3.47994e-07 -6.61803e-06 -0.436331 1.55743e-05 1.5708 -0.00186632
18.017 -0.436332 -0.436331 -8.5963e-07 4.00355 -6.14086e-10 3.4798e-07 -6.61772e-06 -0.436331 1.55736e-05 1.5708 -0.00186623
18.018 -0.436332 -0.436331 -8.59596e-07 4.00355 -6.1562e-10 3.47966e-07 -6.61741e-06 -0.436331 1.55729e-05 1.5708 -0.00186615
18.019 -0.436332 -0.436331 -8.59562e-07 4.00355 -6.17157e-10 3.47952e-07 -6.6171e-06 -0.436331 1.55722e-05 1.5708 -0.00186606
18.02 -0.436332 -0.436331 -8.59529e-07 4.00355 -6.18695e-10 3.47937e-07 -6.6168e-06 -0.436331 1.55714e-05 1.5708 -0.00186597
18.021 -0.436332 -0.436331 -8.59495e-07 4.00355 -6.20235e-10 3.47923e-07 -6.61649e-06 -0.436331 1.55707e-05 1.5708 -0.00186589
18.022 -0.436332 -0.436331 -8.59461e-07 4.00355 -6.21776e-10 3.47909e-07 -6.61618e-06 -0.436331 1.557e-05 1.5708 -0.0018658
18.023 -0.436332 -0.436331 -8.59428e-07 4.00355 -6.2332e-10 3.47895e-07 -6.61587e-06 -0.436331 1.55693e-05 1.5708 -0.00186571
18.024 -0.436332 -0.436331 -8.59394e-07 4.00355 -6.24864e-10 3.4788e-07 -6.61556e-06 -0.436331 1.55685e-05 1.5708 -0.00186563
18.025 -0.436332 -0.436331 -8.5936e-07 4.00355 -6.2641e-10 3.47866e-07 -6.61525e-06 -0.436331 1.55678e-05 1.5708 -0.00186554
18.026 -0.436332 -0.436331 -8.59327e-07 4.00355 -6.27957e-10 3.47852e-07 -6.61494e-06 -0.436331 1.55671e-05 1.5708 -0.00186545
18.027 -0.436332 -0.436331 -8.59293e-07 4.00355 -6.29505e-10 3.47838e-07 -6.61463e-06 -0.436331 1.55664e-05 1.5708 -0.00186537
18.028 -0.436332 -0.436331 -8.59259e-07 4.00355 -6.31054e-10 3.47823e-07 -6.61432e-06 -0.436331 1.55656e-05 1.5708 -0.00186528
18.029 -0.436332 -0.436331 -8.59226e-07 4.00355 -6.32604e-10 3.47809e-07 -6.61401e-06 -0.436331 1.55649e-05 1.5708 -0.0018652
18.03 -0.436332 -0.436331 -8.59192e-07 4.00355 -6.34155e-10 3.47795e-07 -6.61371e-06 -0.436331 1.55642e-05 1.5708 -0.00186511
18.031 -0.436332 -0.436331 -8.59158e-07 4.00355 -6.35707e-10 3.47781e-07 -6.6134e-06 -0.436331 1.55635e-05 1.5708 -0.00186502
18.032 -0.436332 -0.436331 -8.59124e-07 4.00355 -6.37259e-10 3.47766e-07 -6.61309e-06 -0.436331 1.55628e-05 1.5708 -0.00186494
18.033 -0.436332 -0.436331 -8.59091e-07 4.00355 -6.38812e-10 3.47752e-07 -6.61278e-06 -0.436331 1.5562e-05 1.5708 -0.00186485
18.034 -0.436332 -0.436331 -8.59057e-07 4.00355 -6.40365e-10 3.47738e-07 -6.61247e-06 -0.436331 1.55613e-05 1.5708 -0.00186476
18.035 -0.436332 -0.436331 -8.59023e-07 4.00355 -6.41918e-10 3.47724e-07 -6.61216e-06 -0.436331 1.55606e-05 1.5708 -0.00186468
18.036 -0.436332 -0.436331 -8.58989e-07 4.00355 -6.43472e-10 3.47709e-07 -6.61185e-06 -0.436331 1.55599e-05 1.5708 -0.00186459
18.037 -0.436332 -0.436331 -8.58955e-07 4.00355 -6.45026e-10 3.47695e-07 -6.61154e-06 -0.436331 1.55591e-05 1.5708 -0.00186451
18.038 -0.436332 -0.436331 -8.58922e-07 4.00355 -6.4658e-10 3.47681e-07 -6.61123e-06 -0.436331 1.55584e-05 1.5708 -0.00186442
18.039 -0.436332 -0.436331 -8.58888e-07 4.00355 -6.48134e-10 3.47667e-07 -6.61093e-06 -0.436331 1.55577e-05 1.5708 -0.00186433
18.04 -0.436332 -0.436331 -8.58854e-07 4.00355 -6.49688e-10 3.47652e-07 -6.61062e-06 -0.436331 1.5557e-05 1.5708 -0.00186425
18.041 -0.436332 -0.436331 -8.5882e-07 4.00355 -6.51241e-10 3.47638e-07 -6.61031e-06 -0.436331 1.55563e-05 1.5708 -0.00186416
18.042 -0.436332 -0.436331 -8.58786e-07 4.00355 -6.52794e-10 3.47624e-07 -6.61e-06 -0.436331 1.55555e-05 1.5708 -0.00186407
18.043 -0.436332 -0.436331 -8.58752e-07 4.00355 -6.54347e-10 3.47609e-07 -6.60969e-06 -0.436331 1.55548e-05 1.5708 -0.00186399
18.044 -0.436332 -0.436331 -8.58718e-07 4.00355 -6.55899e-10 3.47595e-07 -6.60938e-06 -0.436331 1.55541e-05 1.5708 -0.0018639
18.045 -0.436332 -0.436331 -8.58684e-07 4.00355 -6.57451e-10 3.47581e-07 -6.60907e-06 -0.436331 1.55534e-05 1.5708 -0.00186381
18.046 -0.436332 -0.436331 -8.58651e-07 4.00355 -6.59003e-10 3.47567e-07 -6.60877e-06 -0.436331 1.55527e-05 1.5708 -0.00186373
18.047 -0.436332 -0.436331 -8.58617e-07 4.00355 -6.60553e-10 3.47552e-07 -6.60846e-06 -0.436331 1.55519e-05 1.5708 -0.00186364
18.048 -0.436332 -0.436331 -8.58583e-07 4.00355 -6.62103e-10 3.47538e-07 -6.60815e-06 -0.436331 1.55512e-05 1.5708 -0.00186356
18.049 -0.436332 -0.436331 -8.58549e-07 4.00355 -6.63652e-10 3.47524e-07 -6.60784e-06 -0.436331 1.55505e-05 1.5708 -0.00186347
18.05 -0.436332 -0.436331 -8.58515e-07 4.00355 -6.652e-10 3.47509e-07 -6.60753e-06 -0.436331 1.55498e-05 1.5708 -0.00186338
18.051 -0.436332 -0.436331 -8.58481e-07 4.00355 -6.66746e-10 3.47495e-07 -6.60722e-06 -0.436331 1.5549e-05 1.5708 -0.0018633
18.052 -0.436332 -0.436331 -8.58447e-07 4.00355 -6.68292e-10 3.47481e-07 -6.60691e-06 -0.436331 1.55483e-05 1.5708 -0.00186321
18.053 -0.436332 -0.436331 -8.58413e-07 4.00355 -6.69837e-10 3.47466e-07 -6.60661e-06 -0.436331 1.55476e-05 1.5708 -0.00186312
18.054 -0.436332 -0.436331 -8.58379e-07 4.00355 -6.7138e-10 3.47452e-07 -6.6063e-06 -0.436331 1.55469e-05 1.5708 -0.00186304
18.055 -0.436332 -0.436331 -8.58345e-07 4.00355 -6.72923e-10 3.47438e-07 -6.60599e-06 -0.436331 1.55462e-05 1.5708 -0.00186295
18.056 -0.436332 -0.436331 -8.58311e-07 4.00355 -6.74463e-10 3.47424e-07 -6.60568e-06 -0.436331 1.55454e-05 1.5708 -0.00186287
18.057 -0.436332 -0.436331 -8.58277e-07 4.00355 -6.76003e-10 3.47409e-07 -6.60537e-06 -0.436331 1.55447e-05 1.5708 -0.00186278
18.058 -0.436332 -0.436331 -8.58243e-07 4.00355 -6.77541e-10 3.47395e-07 -6.60506e-06 -0.436331 1.5544e-05 1.5708 -0.00186269
18.059 -0.436332 -0.436331 -8.58209e-07 4.00355 -6.79077e-10 3.47381e-07 -6.60476e-06 -0.436331 1.55433e-05 1.5708 -0.00186261
18.06 -0.436332 -0.436331 -8.58174e-07 4.00355 -6.80612e-10 3.47366e-07 -6.60445e-06 -0.436331 1.55426e-05 1.5708 -0.00186252
18.061 -0.436332 -0.436331 -8.5814e-07 4.00355 -6.82145e-10 3.47352e-07 -6.60414e-06 -0.436331 1.55418e-05 1.5708 -0.00186243
18.062 -0.436332 -0.436331 -8.58106e-07 4.00355 -6.83676e-10 3.47338e-07 -6.60383e-06 -0.436331 1.55411e-05 1.5708 -0.00186235
18.063 -0.436332 -0.436331 -8.58072e-07 4.00355 -6.85205e-10 3.47323e-07 -6.60352e-06 -0.436331 1.55404e-05 1.5708 -0.00186226
18.064 -0.436332 -0.436331 -8.58038e-07 4.00355 -6.86733e-10 3.47309e-07 -6.60321e-06 -0.436331 1.55397e-05 1.5708 -0.00186218
18.065 -0.436332 -0.436331 -8.58004e-07 4.00355 -6.88258e-10 3.47295e-07 -6.60291e-06 -0.436331 1.5539e-05 1.5708 -0.00186209
18.066 -0.436332 -0.436331 -8.5797e-07 4.00355 -6.89782e-10 3.4728e-07 -6.6026e-06 -0.436331 1.55382e-05 1.5708 -0.001862
18.067 -0.436332 -0.436331 -8.57935e-07 4.00355 -6.91303e-10 3.47266e-07 -6.60229e-06 -0.436331 1.55375e-05 1.5708 -0.00186192
18.068 -0.436332 -0.436331 -8.57901e-07 4.00355 -6.92823e-10 3.47252e-07 -6.60198e-06 -0.436331 1.55368e-05 1.5708 -0.00186183
18.069 -0.436332 -0.436331 -8.57867e-07 4.00355 -6.9434e-10 3.47237e-07 -6.60167e-06 -0.436331 1.55361e-05 1.5708 -0.00186175
18.07 -0.436332 -0.436331 -8.57833e-07 4.00355 -6.95855e-10 3.47223e-07 -6.60136e-06 -0.436331 1.55354e-05 1.5708 -0.00186166
18.071 -0.436332 -0.436331 -8.57799e-07 4.00355 -6.97367e-10 3.47209e-07 -6.60106e-06 -0.436331 1.55346e-05 1.5708 -0.00186157
18.072 -0.436332 -0.436331 -8.57764e-07 4.00355 -6.98878e-10 3.47194e-07 -6.60075e-06 -0.436331 1.55339e-05 1.5708 -0.00186149
18.073 -0.436332 -0.436331 -8.5773e-07 4.00355 -7.00386e-10 3.4718e-07 -6.60044e-06 -0.436331 1.55332e-05 1.5708 -0.0018614
18.074 -0.436332 -0.436331 -8.57696e-07 4.00355 -7.01891e-10 3.47166e-07 -6.60013e-06 -0.436331 1.55325e-05 1.5708 -0.00186131
18.075 -0.436332 -0.436331 -8.57662e-07 4.00355 -7.03394e-10 3.47151e-07 -6.59982e-06 -0.436331 1.55318e-05 1.5708 -0.00186123
18.076 -0.436332 -0.436331 -8.57627e-07 4.00355 -7.04895e-10 3.47137e-07 -6.59952e-06 -0.436331 1.5531e-05 1.5708 -0.00186114
18.077 -0.436332 -0.436331 -8.57593e-07 4.00355 -7.06393e-10 3.47122e-07 -6.59921e-06 -0.436331 1.55303e-05 1.5708 -0.00186106
18.078 -0.436332 -0.436331 -8.57559e-07 4.00355 -7.07888e-10 3.47108e-07 -6.5989e-06 -0.436331 1.55296e-05 1.5708 -0.00186097
18.079 -0.436332 -0.436331 -8.57524e-07 4.00355 -7.0938e-10 3.47094e-07 -6.59859e-06 -0.436331 1.55289e-05 1.5708 -0.00186088
18.08 -0.436332 -0.436331 -8.5749e-07 4.00355 -7.1087e-10 3.47079e-07 -6.59828e-06 -0.436331 1.55282e-05 1.5708 -0.0018608
18.081 -0.436332 -0.436331 -8.57456e-07 4.00355 -7.12357e-10 3.47065e-07 -6.59798e-06 -0.436331 1.55274e-05 1.5708 -0.00186071
18.082 -0.436332 -0.436331 -8.57421e-07 4.00355 -7.13841e-10 3.47051e-07 -6.59767e-06 -0.436331 1.55267e-05 1.5708 -0.00186063
18.083 -0.436332 -0.436331 -8.57387e-07 4.00355 -7.15322e-10 3.47036e-07 -6.59736e-06 -0.436331 1.5526e-05 1.5708 -0.00186054
18.084 -0.436332 -0.436331 -8.57353e-07 4.00355 -7.16801e-10 3.47022e-07 -6.59705e-06 -0.436331 1.55253e-05 1.5708 -0.00186045
18.085 -0.436332 -0.436331 -8.57318e-07 4.00355 -7.18276e-10 3.47007e-07 -6.59674e-06 -0.436331 1.55246e-05 1.5708 -0.00186037
18.086 -0.436332 -0.436331 -8.57284e-07 4.00355 -7.19748e-10 3.46993e-07 -6.59644e-06 -0.436331 1.55238e-05 1.5708 -0.00186028
18.087 -0.436332 -0.436331 -8.57249e-07 4.00355 -7.21218e-10 3.46979e-07 -6.59613e-06 -0.436331 1.55231e-05 1.5708 -0.00186019
18.088 -0.436332 -0.436331 -8.57215e-07 4.00355 -7.22684e-10 3.46964e-07 -6.59582e-06 -0.436331 1.55224e-05 1.5708 -0.00186011
18.089 -0.436332 -0.436331 -8.57181e-07 4.00355 -7.24147e-10 3.4695e-07 -6.59551e-06 -0.436331 1.55217e-05 1.5708 -0.00186002
18.09 -0.436332 -0.436331 -8.57146e-07 4.00355 -7.25607e-10 3.46935e-07 -6.59521e-06 -0.436331 1.5521e-05 1.5708 -0.00185994
18.091 -0.436332 -0.436331 -8.57112e-07 4.00355 -7.27064e-10 3.46921e-07 -6.5949e-06 -0.436331 1.55202e-05 1.5708 -0.00185985
18.092 -0.436332 -0.436331 -8.57077e-07 4.00355 -7.28517e-10 3.46907e-07 -6.59459e-06 -0.436331 1.55195e-05 1.5708 -0.00185976
18.093 -0.436332 -0.436331 -8.57043e-07 4.00355 -7.29967e-10 3.46892e-07 -6.59428e-06 -0.436331 1.55188e-05 1.5708 -0.00185968
18.094 -0.436332 -0.436331 -8.57008e-07 4.00355 -7.31414e-10 3.46878e-07 -6.59397e-06 -0.436331 1.55181e-05 1.5708 -0.00185959
18.095 -0.436332 -0.436331 -8.56974e-07 4.00355 -7.32858e-10 3.46863e-07 -6.59367e-06 -0.436331 1.55174e-05 1.5708 -0.00185951
18.096 -0.436332 -0.436331 -8.56939e-07 4.00355 -7.34298e-10 3.46849e-07 -6.59336e-06 -0.436331 1.55166e-05 1.5708 -0.00185942
18.097 -0.436332 -0.436331 -8.56905e-07 4.00355 -7.35734e-10 3.46835e-07 -6.59305e-06 -0.436331 1.55159e-05 1.5708 -0.00185933
18.098 -0.436332 -0.436331 -8.5687e-07 4.00355 -7.37168e-10 3.4682e-07 -6.59274e-06 -0.436331 1.55152e-05 1.5708 -0.00185925
18.099 -0.436332 -0.436331 -8.56835e-07 4.00355 -7.38597e-10 3.46806e-07 -6.59244e-06 -0.436331 1.55145e-05 1.5708 -0.00185916
18.1 -0.436332 -0.436331 -8.56801e-07 4.00355 -7.40024e-10 3.46791e-07 -6.59213e-06 -0.436331 1.55138e-05 1.5708 -0.00185908
18.101 -0.436332 -0.436331 -8.56766e-07 4.00355 -7.41446e-10 3.46777e-07 -6.59182e-06 -0.436331 1.55131e-05 1.5708 -0.00185899
18.102 -0.436332 -0.436331 -8.56732e-07 4.00355 -7.42865e-10 3.46763e-07 -6.59151e-06 -0.436331 1.55123e-05 1.5708 -0.0018589
18.103 -0.436332 -0.436331 -8.56697e-07 4.00355 -7.44281e-10 3.46748e-07 -6.59121e-06 -0.436331 1.55116e-05 1.5708 -0.00185882
18.104 -0.436332 -0.436331 -8.56662e-07 4.00355 -7.45693e-10 3.46734e-07 -6.5909e-06 -0.436331 1.55109e-05 1.5708 -0.00185873
18.105 -0.436332 -0.436331 -8.56628e-07 4.00355 -7.47101e-10 3.46719e-07 -6.59059e-06 -0.436331 1.55102e-05 1.5708 -0.00185865
18.106 -0.436332 -0.436331 -8.56593e-07 4.00355 -7.48505e-10 3.46705e-07 -6.59028e-06 -0.436331 1.55095e-05 1.5708 -0.00185856
18.107 -0.436332 -0.436331 -8.56558e-07 4.00355 -7.49906e-10 3.4669e-07 -6.58998e-06 -0.436331 1.55087e-05 1.5708 -0.00185847
18.108 -0.436332 -0.436331 -8.56524e-07 4.00355 -7.51303e-10 3.46676e-07 -6.58967e-06 -0.436331 1.5508e-05 1.5708 -0.00185839
18.109 -0.436332 -0.436331 -8.56489e-07 4.00355 -7.52696e-10 3.46661e-07 -6.58936e-06 -0.436331 1.55073e-05 1.5708 -0.0018583
18.11 -0.436332 -0.436331 -8.56454e-07 4.00355 -7.54085e-10 3.46647e-07 -6.58905e-06 -0.436331 1.55066e-05 1.5708 -0.00185821
18.111 -0.436332 -0.436331 -8.5642e-07 4.00355 -7.5547e-10 3.46633e-07 -6.58875e-06 -0.436331 1.55059e-05 1.5708 -0.00185813
18.112 -0.436332 -0.436331 -8.56385e-07 4.00355 -7.56852e-10 3.46618e-07 -6.58844e-06 -0.436331 1.55051e-05 1.5708 -0.00185804
18.113 -0.436332 -0.436331 -8.5635e-07 4.00355 -7.5823e-10 3.46604e-07 -6.58813e-06 -0.436331 1.55044e-05 1.5708 -0.00185796
18.114 -0.436332 -0.436331 -8.56316e-07 4.00355 -7.59603e-10 3.46589e-07 -6.58783e-06 -0.436331 1.55037e-05 1.5708 -0.00185787
18.115 -0.436332 -0.436331 -8.56281e-07 4.00355 -7.60973e-10 3.46575e-07 -6.58752e-06 -0.436331 1.5503e-05 1.5708 -0.00185778
18.116 -0.436332 -0.436331 -8.56246e-07 4.00355 -7.62339e-10 3.4656e-07 -6.58721e-06 -0.436331 1.55023e-05 1.5708 -0.0018577
18.117 -0.436332 -0.436331 -8.56211e-07 4.00355 -7.63701e-10 3.46546e-07 -6.5869e-06 -0.436331 1.55016e-05 1.5708 -0.00185761
18.118 -0.436332 -0.436331 -8.56176e-07 4.00355 -7.65059e-10 3.46531e-07 -6.5866e-06 -0.436331 1.55008e-05 1.5708 -0.00185753
18.119 -0.436332 -0.436331 -8.56142e-07 4.00355 -7.66413e-10 3.46517e-07 -6.58629e-06 -0.436331 1.55001e-05 1.5708 -0.00185744
18.12 -0.436332 -0.436331 -8.56107e-07 4.00355 -7.67762e-10 3.46502e-07 -6.58598e-06 -0.436331 1.54994e-05 1.5708 -0.00185735
18.121 -0.436332 -0.436331 -8.56072e-07 4.00355 -7.69108e-10 3.46488e-07 -6.58568e-06 -0.436331 1.54987e-05 1.5708 -0.00185727
18.122 -0.436332 -0.436331 -8.56037e-07 4.00355 -7.7045e-10 3.46473e-07 -6.58537e-06 -0.436331 1.5498e-05 1.5708 -0.00185718
18.123 -0.436332 -0.436331 -8.56002e-07 4.00355 -7.71787e-10 3.46459e-07 -6.58506e-06 -0.436331 1.54973e-05 1.5708 -0.0018571
18.124 -0.436332 -0.436331 -8.55967e-07 4.00355 -7.73121e-10 3.46444e-07 -6.58475e-06 -0.436331 1.54965e-05 1.5708 -0.00185701
18.125 -0.436332 -0.436331 -8.55933e-07 4.00355 -7.7445e-10 3.4643e-07 -6.58445e-06 -0.436331 1.54958e-05 1.5708 -0.00185693
18.126 -0.436332 -0.436331 -8.55898e-07 4.00355 -7.75775e-10 3.46416e-07 -6.58414e-06 -0.436331 1.54951e-05 1.5708 -0.00185684
18.127 -0.436332 -0.436331 -8.55863e-07 4.00355 -7.77096e-10 3.46401e-07 -6.58383e-06 -0.436331 1.54944e-05 1.5708 -0.00185675
18.128 -0.436332 -0.436331 -8.55828e-07 4.00355 -7.78412e-10 3.46387e-07 -6.58353e-06 -0.436331 1.54937e-05 1.5708 -0.00185667
18.129 -0.436332 -0.436331 -8.55793e-07 4.00355 -7.79725e-10 3.46372e-07 -6.58322e-06 -0.436331 1.54929e-05 1.5708 -0.00185658
18.13 -0.436332 -0.436331 -8.55758e-07 4.00355 -7.81033e-10 3.46358e-07 -6.58291e-06 -0.436331 1.54922e-05 1.5708 -0.0018565
