playtime q_target_4 q_joint_4 q_error_4 tau_desired_4 q_joint_1 q_joint_2 q_joint_3 q_joint_4 q_joint_5 q_joint_6 q_joint_7
20.652 -0.523823 -0.523823 0 5.61455 -8.4902e-06 -4.92996e-05 1.24077e-06 -0.523823 6.41388e-06 1.57119 -0.00204038
20.653 -0.523823 -0.523824 5.51413e-07 5.60409 -8.53525e-06 -5.04709e-05 1.22581e-06 -0.523824 6.25276e-06 1.57119 -0.00204027
20.654 -0.523824 -0.523825 7.43984e-07 5.59393 -8.57886e-06 -5.15998e-05 1.21176e-06 -0.523825 6.09392e-06 1.57119 -0.00204016
20.655 -0.523825 -0.523825 5.8668e-07 5.58405 -8.62104e-06 -5.26852e-05 1.19867e-06 -0.523825 5.93742e-06 1.57119 -0.00204006
20.656 -0.523826 -0.523826 8.82915e-08 5.57446 -8.6618e-06 -5.37259e-05 1.18662e-06 -0.523826 5.78332e-06 1.57119 -0.00203995
20.657 -0.523828 -0.523827 -7.4257e-07 5.56514 -8.70115e-06 -5.47208e-05 1.17564e-06 -0.523827 5.6317e-06 1.57118 -0.00203985
20.658 -0.523829 -0.523828 -1.89747e-06 5.55608 -8.73911e-06 -5.56689e-05 1.16581e-06 -0.523828 5.4826e-06 1.57118 -0.00203975
20.659 -0.523832 -0.523828 -3.36813e-06 5.54729 -8.77567e-06 -5.65693e-05 1.15718e-06 -0.523828 5.33608e-06 1.57118 -0.00203965
20.66 -0.523834 -0.523829 -5.14647e-06 5.53875 -8.81087e-06 -5.74212e-05 1.14979e-06 -0.523829 5.19221e-06 1.57118 -0.00203954
20.661 -0.523837 -0.52383 -7.22453e-06 5.53045 -8.84471e-06 -5.82238e-05 1.14369e-06 -0.52383 5.05104e-06 1.57118 -0.00203945
20.662 -0.523841 -0.523831 -9.59456e-06 5.5224 -8.87721e-06 -5.89765e-05 1.13894e-06 -0.523831 4.91263e-06 1.57118 -0.00203935
20.663 -0.523844 -0.523832 -1.22489e-05 5.51458 -8.90838e-06 -5.96784e-05 1.13557e-06 -0.523832 4.77702e-06 1.57118 -0.00203925
20.664 -0.523848 -0.523833 -1.51802e-05 5.50698 -8.93825e-06 -6.03292e-05 1.13363e-06 -0.523833 4.64427e-06 1.57117 -0.00203915
20.665 -0.523853 -0.523834 -1.8381e-05 5.49962 -8.96683e-06 -6.09282e-05 1.13316e-06 -0.523834 4.51444e-06 1.57117 -0.00203906
20.666 -0.523857 -0.523835 -2.18443e-05 5.49246 -8.99414e-06 -6.14749e-05 1.13419e-06 -0.523835 4.38757e-06 1.57117 -0.00203896
20.667 -0.523862 -0.523837 -2.55629e-05 5.48552 -9.0202e-06 -6.19691e-05 1.13677e-06 -0.523837 4.26371e-06 1.57117 -0.00203887
20.668 -0.523868 -0.523838 -2.95301e-05 5.47879 -9.04503e-06 -6.24102e-05 1.14093e-06 -0.523838 4.14292e-06 1.57117 -0.00203878
20.669 -0.523873 -0.52384 -3.37391e-05 5.47226 -9.06866e-06 -6.27981e-05 1.14669e-06 -0.52384 4.02523e-06 1.57117 -0.00203868
20.67 -0.523879 -0.523841 -3.81834e-05 5.46592 -9.09109e-06 -6.31323e-05 1.1541e-06 -0.523841 3.91069e-06 1.57117 -0.00203859
20.671 -0.523886 -0.523843 -4.28564e-05 5.45978 -9.11236e-06 -6.34129e-05 1.16318e-06 -0.523843 3.79935e-06 1.57117 -0.0020385
20.672 -0.523893 -0.523845 -4.77519e-05 5.45382 -9.13249e-06 -6.36394e-05 1.17396e-06 -0.523845 3.69125e-06 1.57116 -0.00203841
20.673 -0.5239 -0.523847 -5.28636e-05 5.44804 -9.15149e-06 -6.38119e-05 1.18646e-06 -0.523847 3.58643e-06 1.57116 -0.00203833
20.674 -0.523907 -0.523849 -5.81856e-05 5.44244 -9.1694e-06 -6.39303e-05 1.20072e-06 -0.523849 3.48493e-06 1.57116 -0.00203824
20.675 -0.523915 -0.523851 -6.37119e-05 5.43701 -9.18624e-06 -6.39944e-05 1.21674e-06 -0.523851 3.3868e-06 1.57116 -0.00203815
20.676 -0.523923 -0.523854 -6.94366e-05 5.43175 -9.20203e-06 -6.40043e-05 1.23456e-06 -0.523854 3.29207e-06 1.57116 -0.00203807
20.677 -0.523932 -0.523856 -7.53541e-05 5.42665 -9.2168e-06 -6.39601e-05 1.25419e-06 -0.523856 3.20078e-06 1.57116 -0.00203798
20.678 -0.52394 -0.523859 -8.14589e-05 5.42172 -9.23056e-06 -6.38617e-05 1.27566e-06 -0.523859 3.11297e-06 1.57116 -0.0020379
20.679 -0.52395 -0.523862 -8.77455e-05 5.41694 -9.24335e-06 -6.37093e-05 1.29898e-06 -0.523862 3.02867e-06 1.57116 -0.00203782
20.68 -0.523959 -0.523865 -9.42085e-05 5.41231 -9.2552e-06 -6.3503e-05 1.32416e-06 -0.523865 2.94791e-06 1.57115 -0.00203773
20.681 -0.523969 -0.523868 -0.000100843 5.40782 -9.26612e-06 -6.32429e-05 1.35123e-06 -0.523868 2.87074e-06 1.57115 -0.00203765
20.682 -0.523979 -0.523871 -0.000107643 5.40348 -9.27614e-06 -6.29293e-05 1.38019e-06 -0.523871 2.79717e-06 1.57115 -0.00203757
20.683 -0.52399 -0.523875 -0.000114605 5.39929 -9.2853e-06 -6.25623e-05 1.41106e-06 -0.523875 2.72726e-06 1.57115 -0.00203749
20.684 -0.524001 -0.523879 -0.000121722 5.39522 -9.29361e-06 -6.21422e-05 1.44385e-06 -0.523879 2.66101e-06 1.57115 -0.00203742
20.685 -0.524012 -0.523883 -0.000128991 5.39129 -9.3011e-06 -6.16693e-05 1.47857e-06 -0.523883 2.59847e-06 1.57115 -0.00203734
20.686 -0.524023 -0.523887 -0.000136407 5.3875 -9.3078e-06 -6.11437e-05 1.51523e-06 -0.523887 2.53967e-06 1.57115 -0.00203726
20.687 -0.524035 -0.523891 -0.000143965 5.38382 -9.31374e-06 -6.0566e-05 1.55383e-06 -0.523891 2.48462e-06 1.57114 -0.00203719
20.688 -0.524047 -0.523896 -0.000151661 5.38027 -9.31894e-06 -5.99362e-05 1.59439e-06 -0.523896 2.43336e-06 1.57114 -0.00203711
20.689 -0.52406 -0.523901 -0.00015949 5.37684 -9.32343e-06 -5.92549e-05 1.63691e-06 -0.523901 2.38591e-06 1.57114 -0.00203704
20.69 -0.524073 -0.523906 -0.000167448 5.37353 -9.32723e-06 -5.85224e-05 1.6814e-06 -0.523906 2.3423e-06 1.57114 -0.00203696
20.691 -0.524086 -0.523911 -0.000175531 5.37033 -9.33038e-06 -5.77391e-05 1.72785e-06 -0.523911 2.30254e-06 1.57114 -0.00203689
20.692 -0.5241 -0.523916 -0.000183735 5.36724 -9.33289e-06 -5.69053e-05 1.77628e-06 -0.523916 2.26667e-06 1.57114 -0.00203682
20.693 -0.524114 -0.523922 -0.000192055 5.36426 -9.33481e-06 -5.60216e-05 1.82669e-06 -0.523922 2.2347e-06 1.57114 -0.00203675
20.694 -0.524128 -0.523928 -0.000200488 5.36139 -9.33615e-06 -5.50882e-05 1.87908e-06 -0.523928 2.20666e-06 1.57113 -0.00203668
20.695 -0.524143 -0.523934 -0.000209029 5.35862 -9.33694e-06 -5.41058e-05 1.93344e-06 -0.523934 2.18257e-06 1.57113 -0.00203661
20.696 -0.524158 -0.52394 -0.000217676 5.35595 -9.3372e-06 -5.30747e-05 1.98979e-06 -0.52394 2.16243e-06 1.57113 -0.00203654
20.697 -0.524173 -0.523946 -0.000226425 5.35337 -9.33697e-06 -5.19954e-05 2.04811e-06 -0.523946 2.14629e-06 1.57113 -0.00203647
20.698 -0.524189 -0.523953 -0.000235271 5.35089 -9.33628e-06 -5.08684e-05 2.10841e-06 -0.523953 2.13414e-06 1.57113 -0.0020364
20.699 -0.524205 -0.52396 -0.000244211 5.34851 -9.33514e-06 -4.96942e-05 2.17069e-06 -0.52396 2.126e-06 1.57113 -0.00203634
20.7 -0.524221 -0.523968 -0.000253243 5.34621 -9.33358e-06 -4.84733e-05 2.23494e-06 -0.523968 2.1219e-06 1.57113 -0.00203627
20.701 -0.524237 -0.523975 -0.000262362 5.344 -9.33164e-06 -4.72062e-05 2.30117e-06 -0.523975 2.12185e-06 1.57112 -0.00203621
20.702 -0.524254 -0.523983 -0.000271565 5.34188 -9.32933e-06 -4.58935e-05 2.36936e-06 -0.523983 2.12586e-06 1.57112 -0.00203614
20.703 -0.524272 -0.523991 -0.000280849 5.33984 -9.32669e-06 -4.45357e-05 2.43951e-06 -0.523991 2.13394e-06 1.57112 -0.00203608
20.704 -0.524289 -0.523999 -0.000290211 5.33788 -9.32374e-06 -4.31333e-05 2.51162e-06 -0.523999 2.14612e-06 1.57112 -0.00203602
20.705 -0.524307 -0.524008 -0.000299648 5.336 -9.3205e-06 -4.16869e-05 2.58568e-06 -0.524008 2.16239e-06 1.57112 -0.00203596
20.706 -0.524326 -0.524017 -0.000309157 5.3342 -9.317e-06 -4.01971e-05 2.66169e-06 -0.524017 2.18277e-06 1.57112 -0.00203589
20.707 -0.524344 -0.524026 -0.000318735 5.33247 -9.31327e-06 -3.86643e-05 2.73965e-06 -0.524026 2.20727e-06 1.57111 -0.00203583
20.708 -0.524363 -0.524035 -0.000328378 5.33082 -9.30934e-06 -3.70892e-05 2.81953e-06 -0.524035 2.2359e-06 1.57111 -0.00203577
20.709 -0.524383 -0.524045 -0.000338085 5.32923 -9.30521e-06 -3.54723e-05 2.90134e-06 -0.524045 2.26867e-06 1.57111 -0.00203572
20.71 -0.524402 -0.524055 -0.000347853 5.32772 -9.30094e-06 -3.38142e-05 2.98507e-06 -0.524055 2.30558e-06 1.57111 -0.00203566
20.711 -0.524422 -0.524065 -0.000357678 5.32628 -9.29652e-06 -3.21155e-05 3.07071e-06 -0.524065 2.34666e-06 1.57111 -0.0020356
20.712 -0.524443 -0.524075 -0.000367559 5.3249 -9.292e-06 -3.03767e-05 3.15825e-06 -0.524075 2.39189e-06 1.57111 -0.00203554
20.713 -0.524464 -0.524086 -0.000377492 5.32358 -9.2874e-06 -2.85985e-05 3.24768e-06 -0.524086 2.44129e-06 1.5711 -0.00203549
20.714 -0.524485 -0.524097 -0.000387476 5.32233 -9.28273e-06 -2.67815e-05 3.339e-06 -0.524097 2.49486e-06 1.5711 -0.00203543
20.715 -0.524506 -0.524108 -0.000397507 5.32114 -9.27803e-06 -2.49262e-05 3.43219e-06 -0.524108 2.55261e-06 1.5711 -0.00203538
20.716 -0.524528 -0.52412 -0.000407584 5.32 -9.27331e-06 -2.30331e-05 3.52724e-06 -0.52412 2.61454e-06 1.5711 -0.00203532
20.717 -0.52455 -0.524132 -0.000417703 5.31893 -9.26861e-06 -2.1103e-05 3.62414e-06 -0.524132 2.68065e-06 1.5711 -0.00203527
20.718 -0.524572 -0.524144 -0.000427864 5.31791 -9.26394e-06 -1.91364e-05 3.72289e-06 -0.524144 2.75095e-06 1.57109 -0.00203522
20.719 -0.524595 -0.524157 -0.000438063 5.31695 -9.25933e-06 -1.71339e-05 3.82347e-06 -0.524157 2.82544e-06 1.57109 -0.00203516
20.72 -0.524618 -0.524169 -0.000448299 5.31604 -9.25479e-06 -1.5096e-05 3.92587e-06 -0.524169 2.90412e-06 1.57109 -0.00203511
20.721 -0.524641 -0.524182 -0.00045857 5.31518 -9.25036e-06 -1.30234e-05 4.03007e-06 -0.524182 2.987e-06 1.57109 -0.00203506
20.722 -0.524665 -0.524196 -0.000468872 5.31437 -9.24605e-06 -1.09166e-05 4.13607e-06 -0.524196 3.07406e-06 1.57109 -0.00203501
20.723 -0.524689 -0.52421 -0.000479205 5.31362 -9.24188e-06 -8.77634e-06 4.24386e-06 -0.52421 3.16532e-06 1.57108 -0.00203496
20.724 -0.524713 -0.524224 -0.000489567 5.31291 -9.23788e-06 -6.60307e-06 4.35342e-06 -0.524224 3.26077e-06 1.57108 -0.00203491
20.725 -0.524738 -0.524238 -0.000499955 5.31225 -9.23407e-06 -4.39742e-06 4.46474e-06 -0.524238 3.36041e-06 1.57108 -0.00203486
20.726 -0.524763 -0.524252 -0.000510368 5.31163 -9.23047e-06 -2.15997e-06 4.57781e-06 -0.524252 3.46424e-06 1.57108 -0.00203482
20.727 -0.524788 -0.524267 -0.000520803 5.31106 -9.22709e-06 1.08703e-07 4.69261e-06 -0.524267 3.57225e-06 1.57108 -0.00203477
20.728 -0.524814 -0.524283 -0.00053126 5.31053 -9.22397e-06 2.40801e-06 4.80913e-06 -0.524283 3.68445e-06 1.57107 -0.00203472
20.729 -0.52484 -0.524298 -0.000541736 5.31004 -9.22111e-06 4.73738e-06 4.92736e-06 -0.524298 3.80083e-06 1.57107 -0.00203468
20.73 -0.524866 -0.524314 -0.00055223 5.3096 -9.21855e-06 7.09623e-06 5.04728e-06 -0.524314 3.92138e-06 1.57107 -0.00203463
20.731 -0.524893 -0.52433 -0.00056274 5.3092 -9.21629e-06 9.48401e-06 5.16889e-06 -0.52433 4.0461e-06 1.57107 -0.00203459
20.732 -0.52492 -0.524347 -0.000573264 5.30883 -9.21436e-06 1.19001e-05 5.29216e-06 -0.524347 4.17499e-06 1.57106 -0.00203454
20.733 -0.524947 -0.524363 -0.000583802 5.3085 -9.21278e-06 1.4344e-05 5.41709e-06 -0.524363 4.30804e-06 1.57106 -0.0020345
20.734 -0.524975 -0.52438 -0.00059435 5.30822 -9.21157e-06 1.68152e-05 5.54365e-06 -0.52438 4.44525e-06 1.57106 -0.00203446
20.735 -0.525003 -0.524398 -0.000604909 5.30796 -9.21073e-06 1.9313e-05 5.67184e-06 -0.524398 4.5866e-06 1.57106 -0.00203441
20.736 -0.525031 -0.524416 -0.000615477 5.30774 -9.2103e-06 2.18369e-05 5.80165e-06 -0.524416 4.7321e-06 1.57106 -0.00203437
20.737 -0.52506 -0.524434 -0.000626052 5.30756 -9.21029e-06 2.43863e-05 5.93305e-06 -0.524434 4.88173e-06 1.57105 -0.00203433
20.738 -0.525089 -0.524452 -0.000636632 5.30741 -9.21071e-06 2.69608e-05 6.06604e-06 -0.524452 5.03548e-06 1.57105 -0.00203429
20.739 -0.525118 -0.524471 -0.000647217 5.30729 -9.21159e-06 2.95598e-05 6.20059e-06 -0.524471 5.19336e-06 1.57105 -0.00203425
20.74 -0.525148 -0.52449 -0.000657805 5.30721 -9.21294e-06 3.21827e-05 6.3367e-06 -0.52449 5.35535e-06 1.57105 -0.00203421
20.741 -0.525178 -0.524509 -0.000668396 5.30716 -9.21477e-06 3.48291e-05 6.47435e-06 -0.524509 5.52144e-06 1.57104 -0.00203417
20.742 -0.525208 -0.524529 -0.000678987 5.30713 -9.21711e-06 3.74983e-05 6.61352e-06 -0.524529 5.69162e-06 1.57104 -0.00203414
20.743 -0.525239 -0.524549 -0.000689577 5.30714 -9.21996e-06 4.01899e-05 6.75421e-06 -0.524549 5.86588e-06 1.57104 -0.0020341
20.744 -0.52527 -0.524569 -0.000700167 5.30717 -9.22335e-06 4.29033e-05 6.89639e-06 -0.524569 6.04422e-06 1.57104 -0.00203406
20.745 -0.525301 -0.52459 -0.000710753 5.30724 -9.22729e-06 4.56381e-05 7.04005e-06 -0.52459 6.22662e-06 1.57103 -0.00203402
20.746 -0.525332 -0.524611 -0.000721336 5.30733 -9.23179e-06 4.83937e-05 7.18518e-06 -0.524611 6.41307e-06 1.57103 -0.00203399
20.747 -0.525364 -0.524632 -0.000731914 5.30745 -9.23687e-06 5.11697e-05 7.33177e-06 -0.524632 6.60357e-06 1.57103 -0.00203395
20.748 -0.525397 -0.524654 -0.000742486 5.30759 -9.24254e-06 5.39654e-05 7.47979e-06 -0.524654 6.79809e-06 1.57102 -0.00203392
20.749 -0.525429 -0.524676 -0.000753051 5.30776 -9.24882e-06 5.67806e-05 7.62923e-06 -0.524676 6.99663e-06 1.57102 -0.00203388
20.75 -0.525462 -0.524699 -0.000763609 5.30795 -9.25572e-06 5.96145e-05 7.78009e-06 -0.524699 7.19917e-06 1.57102 -0.00203385
20.751 -0.525495 -0.524721 -0.000774158 5.30817 -9.26326e-06 6.24669e-05 7.93233e-06 -0.524721 7.40571e-06 1.57102 -0.00203381
20.752 -0.525529 -0.524744 -0.000784697 5.30841 -9.27144e-06 6.53371e-05 8.08596e-06 -0.524744 7.61623e-06 1.57101 -0.00203378
20.753 -0.525563 -0.524768 -0.000795226 5.30867 -9.28028e-06 6.82248e-05 8.24095e-06 -0.524768 7.83071e-06 1.57101 -0.00203375
20.754 -0.525597 -0.524791 -0.000805743 5.30896 -9.28979e-06 7.11295e-05 8.39729e-06 -0.524791 8.04915e-06 1.57101 -0.00203372
20.755 -0.525632 -0.524815 -0.000816249 5.30927 -9.29999e-06 7.40507e-05 8.55497e-06 -0.524815 8.27153e-06 1.571 -0.00203368
20.756 -0.525666 -0.52484 -0.000826741 5.3096 -9.31088e-06 7.69879e-05 8.71396e-06 -0.52484 8.49783e-06 1.571 -0.00203365
20.757 -0.525702 -0.524864 -0.00083722 5.30995 -9.32249e-06 7.99407e-05 8.87426e-06 -0.524864 8.72805e-06 1.571 -0.00203362
20.758 -0.525737 -0.52489 -0.000847684 5.31032 -9.33481e-06 8.29088e-05 9.03586e-06 -0.52489 8.96217e-06 1.571 -0.00203359
20.759 -0.525773 -0.524915 -0.000858133 5.31071 -9.34786e-06 8.58915e-05 9.19873e-06 -0.524915 9.20016e-06 1.57099 -0.00203356
20.76 -0.525809 -0.524941 -0.000868566 5.31113 -9.36165e-06 8.88886e-05 9.36286e-06 -0.524941 9.44203e-06 1.57099 -0.00203353
20.761 -0.525846 -0.524967 -0.000878982 5.31156 -9.37619e-06 9.18995e-05 9.52824e-06 -0.524967 9.68775e-06 1.57099 -0.00203351
20.762 -0.525883 -0.524993 -0.000889381 5.312 -9.3915e-06 9.4924e-05 9.69486e-06 -0.524993 9.9373e-06 1.57098 -0.00203348
20.763 -0.52592 -0.52502 -0.000899762 5.31247 -9.40757e-06 9.79614e-05 9.8627e-06 -0.52502 1.01907e-05 1.57098 -0.00203345
20.764 -0.525957 -0.525047 -0.000910125 5.31295 -9.42443e-06 0.000101012 1.00317e-05 -0.525047 1.04479e-05 1.57098 -0.00203342
20.765 -0.525995 -0.525074 -0.000920469 5.31345 -9.44208e-06 0.000104074 1.0202e-05 -0.525074 1.07088e-05 1.57097 -0.0020334
20.766 -0.526033 -0.525102 -0.000930793 5.31397 -9.46053e-06 0.000107148 1.03734e-05 -0.525102 1.09736e-05 1.57097 -0.00203337
20.767 -0.526071 -0.52513 -0.000941096 5.31451 -9.47978e-06 0.000110234 1.0546e-05 -0.52513 1.12421e-05 1.57097 -0.00203334
20.768 -0.52611 -0.525159 -0.000951379 5.31506 -9.49986e-06 0.000113331 1.07197e-05 -0.525159 1.15143e-05 1.57096 -0.00203332
20.769 -0.526149 -0.525188 -0.000961641 5.31562 -9.52075e-06 0.000116438 1.08945e-05 -0.525188 1.17903e-05 1.57096 -0.00203329
20.77 -0.526189 -0.525217 -0.00097188 5.31621 -9.54249e-06 0.000119556 1.10705e-05 -0.525217 1.207e-05 1.57096 -0.00203327
20.771 -0.526228 -0.525246 -0.000982098 5.3168 -9.56506e-06 0.000122684 1.12476e-05 -0.525246 1.23533e-05 1.57095 -0.00203324
20.772 -0.526268 -0.525276 -0.000992292 5.31741 -9.58848e-06 0.000125821 1.14258e-05 -0.525276 1.26403e-05 1.57095 -0.00203322
20.773 -0.526309 -0.525306 -0.00100246 5.31804 -9.61276e-06 0.000128968 1.1605e-05 -0.525306 1.2931e-05 1.57095 -0.0020332
20.774 -0.526349 -0.525337 -0.00101261 5.31868 -9.63789e-06 0.000132123 1.17854e-05 -0.525337 1.32253e-05 1.57094 -0.00203317
20.775 -0.52639 -0.525368 -0.00102274 5.31933 -9.6639e-06 0.000135287 1.19667e-05 -0.525368 1.35233e-05 1.57094 -0.00203315
20.776 -0.526432 -0.525399 -0.00103283 5.32 -9.69079e-06 0.00013846 1.21492e-05 -0.525399 1.38248e-05 1.57094 -0.00203313
20.777 -0.526473 -0.52543 -0.00104291 5.32068 -9.71856e-06 0.00014164 1.23326e-05 -0.52543 1.41299e-05 1.57093 -0.00203311
20.778 -0.526515 -0.525462 -0.00105296 5.32137 -9.74721e-06 0.000144827 1.25171e-05 -0.525462 1.44386e-05 1.57093 -0.00203309
20.779 -0.526558 -0.525495 -0.00106298 5.32207 -9.77676e-06 0.000148022 1.27025e-05 -0.525495 1.47508e-05 1.57093 -0.00203306
20.78 -0.5266 -0.525527 -0.00107298 5.32279 -9.80721e-06 0.000151224 1.2889e-05 -0.525527 1.50666e-05 1.57092 -0.00203304
20.781 -0.526643 -0.52556 -0.00108295 5.32352 -9.83857e-06 0.000154433 1.30764e-05 -0.52556 1.53858e-05 1.57092 -0.00203302
20.782 -0.526686 -0.525593 -0.0010929 5.32426 -9.87083e-06 0.000157648 1.32648e-05 -0.525593 1.57085e-05 1.57092 -0.002033
20.783 -0.52673 -0.525627 -0.00110282 5.32501 -9.90401e-06 0.000160868 1.34541e-05 -0.525627 1.60347e-05 1.57091 -0.00203298
20.784 -0.526774 -0.525661 -0.00111271 5.32578 -9.93811e-06 0.000164095 1.36444e-05 -0.525661 1.63644e-05 1.57091 -0.00203297
20.785 -0.526818 -0.525695 -0.00112257 5.32655 -9.97313e-06 0.000167327 1.38356e-05 -0.525695 1.66975e-05 1.57091 -0.00203295
20.786 -0.526862 -0.52573 -0.00113241 5.32734 -1.00091e-05 0.000170564 1.40277e-05 -0.52573 1.7034e-05 1.5709 -0.00203293
20.787 -0.526907 -0.525765 -0.00114222 5.32813 -1.0046e-05 0.000173806 1.42207e-05 -0.525765 1.73738e-05 1.5709 -0.00203291
20.788 -0.526952 -0.5258 -0.001152 5.32894 -1.00838e-05 0.000177052 1.44146e-05 -0.5258 1.77171e-05 1.57089 -0.00203289
20.789 -0.526998 -0.525836 -0.00116175 5.32976 -1.01225e-05 0.000180303 1.46093e-05 -0.525836 1.80637e-05 1.57089 -0.00203288
20.79 -0.527044 -0.525872 -0.00117148 5.33059 -1.01622e-05 0.000183558 1.4805e-05 -0.525872 1.84136e-05 1.57089 -0.00203286
20.791 -0.52709 -0.525909 -0.00118117 5.33142 -1.02029e-05 0.000186817 1.50015e-05 -0.525909 1.87669e-05 1.57088 -0.00203284
20.792 -0.527136 -0.525945 -0.00119084 5.33227 -1.02445e-05 0.000190079 1.51988e-05 -0.525945 1.91234e-05 1.57088 -0.00203283
20.793 -0.527183 -0.525982 -0.00120048 5.33312 -1.0287e-05 0.000193345 1.53969e-05 -0.525982 1.94832e-05 1.57087 -0.00203281
20.794 -0.52723 -0.52602 -0.00121009 5.33399 -1.03305e-05 0.000196613 1.55959e-05 -0.52602 1.98463e-05 1.57087 -0.0020328
20.795 -0.527277 -0.526058 -0.00121966 5.33486 -1.0375e-05 0.000199884 1.57956e-05 -0.526058 2.02125e-05 1.57087 -0.00203278
20.796 -0.527325 -0.526096 -0.00122921 5.33575 -1.04204e-05 0.000203158 1.59962e-05 -0.526096 2.0582e-05 1.57086 -0.00203277
20.797 -0.527373 -0.526134 -0.00123873 5.33664 -1.04668e-05 0.000206435 1.61975e-05 -0.526134 2.09547e-05 1.57086 -0.00203275
20.798 -0.527421 -0.526173 -0.00124823 5.33754 -1.05141e-05 0.000209713 1.63997e-05 -0.526173 2.13306e-05 1.57085 -0.00203274
20.799 -0.52747 -0.526212 -0.00125769 5.33845 -1.05624e-05 0.000212993 1.66025e-05 -0.526212 2.17096e-05 1.57085 -0.00203272
20.8 -0.527519 -0.526252 -0.00126712 5.33937 -1.06117e-05 0.000216275 1.68061e-05 -0.526252 2.20917e-05 1.57085 -0.00203271
20.801 -0.527568 -0.526292 -0.00127652 5.34029 -1.0662e-05 0.000219559 1.70105e-05 -0.526292 2.24769e-05 1.57084 -0.0020327
20.802 -0.527618 -0.526332 -0.00128589 5.34122 -1.07132e-05 0.000222843 1.72156e-05 -0.526332 2.28653e-05 1.57084 -0.00203269
20.803 -0.527668 -0.526372 -0.00129523 5.34217 -1.07653e-05 0.000226129 1.74214e-05 -0.526372 2.32567e-05 1.57083 -0.00203267
20.804 -0.527718 -0.526413 -0.00130454 5.34312 -1.08185e-05 0.000229416 1.76279e-05 -0.526413 2.36511e-05 1.57083 -0.00203266
20.805 -0.527768 -0.526454 -0.00131382 5.34407 -1.08726e-05 0.000232703 1.78351e-05 -0.526454 2.40486e-05 1.57083 -0.00203265
20.806 -0.527819 -0.526496 -0.00132307 5.34504 -1.09277e-05 0.000235991 1.8043e-05 -0.526496 2.4449e-05 1.57082 -0.00203264
20.807 -0.52787 -0.526538 -0.00133229 5.34601 -1.09837e-05 0.000239279 1.82515e-05 -0.526538 2.48525e-05 1.57082 -0.00203263
20.808 -0.527922 -0.52658 -0.00134148 5.34699 -1.10408e-05 0.000242567 1.84607e-05 -0.52658 2.52589e-05 1.57081 -0.00203262
20.809 -0.527973 -0.526623 -0.00135064 5.34797 -1.10988e-05 0.000245855 1.86706e-05 -0.526623 2.56683e-05 1.57081 -0.00203261
20.81 -0.528025 -0.526666 -0.00135977 5.34897 -1.11577e-05 0.000249143 1.88811e-05 -0.526666 2.60805e-05 1.5708 -0.0020326
20.811 -0.528078 -0.526709 -0.00136887 5.34997 -1.12177e-05 0.00025243 1.90923e-05 -0.526709 2.64957e-05 1.5708 -0.00203259
20.812 -0.52813 -0.526753 -0.00137793 5.35098 -1.12786e-05 0.000255717 1.9304e-05 -0.526753 2.69138e-05 1.5708 -0.00203258
20.813 -0.528183 -0.526797 -0.00138697 5.35199 -1.13405e-05 0.000259003 1.95164e-05 -0.526797 2.73347e-05 1.57079 -0.00203257
20.814 -0.528237 -0.526841 -0.00139598 5.35301 -1.14033e-05 0.000262288 1.97294e-05 -0.526841 2.77584e-05 1.57079 -0.00203256
20.815 -0.52829 -0.526885 -0.00140495 5.35404 -1.14671e-05 0.000265572 1.9943e-05 -0.526885 2.8185e-05 1.57078 -0.00203255
20.816 -0.528344 -0.52693 -0.0014139 5.35507 -1.15319e-05 0.000268855 2.01572e-05 -0.52693 2.86144e-05 1.57078 -0.00203254
20.817 -0.528399 -0.526976 -0.00142281 5.35612 -1.15977e-05 0.000272137 2.0372e-05 -0.526976 2.90465e-05 1.57077 -0.00203253
20.818 -0.528453 -0.527021 -0.0014317 5.35716 -1.16644e-05 0.000275417 2.05873e-05 -0.527021 2.94814e-05 1.57077 -0.00203253
20.819 -0.528508 -0.527068 -0.00144055 5.35822 -1.1732e-05 0.000278695 2.08032e-05 -0.527068 2.9919e-05 1.57077 -0.00203252
20.82 -0.528563 -0.527114 -0.00144938 5.35928 -1.18007e-05 0.000281972 2.10196e-05 -0.527114 3.03594e-05 1.57076 -0.00203251
20.821 -0.528619 -0.527161 -0.00145817 5.36034 -1.18703e-05 0.000285247 2.12366e-05 -0.527161 3.08024e-05 1.57076 -0.0020325
20.822 -0.528675 -0.527208 -0.00146694 5.36141 -1.19408e-05 0.00028852 2.14541e-05 -0.527208 3.12481e-05 1.57075 -0.0020325
20.823 -0.528731 -0.527255 -0.00147567 5.36249 -1.20123e-05 0.00029179 2.16721e-05 -0.527255 3.16965e-05 1.57075 -0.00203249
20.824 -0.528787 -0.527303 -0.00148437 5.36358 -1.20848e-05 0.000295059 2.18906e-05 -0.527303 3.21475e-05 1.57074 -0.00203249
20.825 -0.528844 -0.527351 -0.00149305 5.36467 -1.21582e-05 0.000298324 2.21097e-05 -0.527351 3.26011e-05 1.57074 -0.00203248
20.826 -0.528901 -0.527399 -0.00150169 5.36576 -1.22326e-05 0.000301588 2.23292e-05 -0.527399 3.30573e-05 1.57073 -0.00203247
20.827 -0.528958 -0.527448 -0.0015103 5.36686 -1.23079e-05 0.000304849 2.25493e-05 -0.527448 3.3516e-05 1.57073 -0.00203247
20.828 -0.529016 -0.527497 -0.00151889 5.36797 -1.23842e-05 0.000308107 2.27698e-05 -0.527497 3.39773e-05 1.57072 -0.00203246
20.829 -0.529074 -0.527546 -0.00152744 5.36908 -1.24614e-05 0.000311362 2.29908e-05 -0.527546 3.44412e-05 1.57072 -0.00203246
20.83 -0.529132 -0.527596 -0.00153596 5.3702 -1.25395e-05 0.000314614 2.32123e-05 -0.527596 3.49075e-05 1.57071 -0.00203245
20.831 -0.529191 -0.527646 -0.00154446 5.37133 -1.26186e-05 0.000317863 2.34342e-05 -0.527646 3.53763e-05 1.57071 -0.00203245
20.832 -0.52925 -0.527697 -0.00155292 5.37246 -1.26986e-05 0.000321109 2.36565e-05 -0.527697 3.58476e-05 1.57071 -0.00203245
20.833 -0.529309 -0.527747 -0.00156136 5.37359 -1.27795e-05 0.000324352 2.38793e-05 -0.527747 3.63213e-05 1.5707 -0.00203244
20.834 -0.529368 -0.527798 -0.00156976 5.37473 -1.28614e-05 0.000327592 2.41026e-05 -0.527798 3.67975e-05 1.5707 -0.00203244
20.835 -0.529428 -0.52785 -0.00157814 5.37588 -1.29442e-05 0.000330828 2.43263e-05 -0.52785 3.72761e-05 1.57069 -0.00203244
20.836 -0.529488 -0.527902 -0.00158649 5.37703 -1.30279e-05 0.00033406 2.45504e-05 -0.527902 3.7757e-05 1.57069 -0.00203243
20.837 -0.529549 -0.527954 -0.00159481 5.37819 -1.31126e-05 0.000337289 2.47749e-05 -0.527954 3.82403e-05 1.57068 -0.00203243
20.838 -0.529609 -0.528006 -0.0016031 5.37935 -1.31981e-05 0.000340515 2.49998e-05 -0.528006 3.8726e-05 1.57068 -0.00203243
20.839 -0.52967 -0.528059 -0.00161136 5.38052 -1.32846e-05 0.000343736 2.52251e-05 -0.528059 3.9214e-05 1.57067 -0.00203242
20.84 -0.529732 -0.528112 -0.00161959 5.38169 -1.3372e-05 0.000346954 2.54508e-05 -0.528112 3.97042e-05 1.57067 -0.00203242
20.841 -0.529793 -0.528165 -0.0016278 5.38287 -1.34602e-05 0.000350168 2.56769e-05 -0.528165 4.01968e-05 1.57066 -0.00203242
20.842 -0.529855 -0.528219 -0.00163597 5.38405 -1.35494e-05 0.000353377 2.59033e-05 -0.528219 4.06916e-05 1.57066 -0.00203242
20.843 -0.529917 -0.528273 -0.00164412 5.38524 -1.36395e-05 0.000356583 2.61302e-05 -0.528273 4.11887e-05 1.57065 -0.00203242
20.844 -0.52998 -0.528328 -0.00165224 5.38643 -1.37305e-05 0.000359785 2.63573e-05 -0.528328 4.1688e-05 1.57065 -0.00203242
20.845 -0.530043 -0.528383 -0.00166033 5.38763 -1.38223e-05 0.000362982 2.65849e-05 -0.528383 4.21895e-05 1.57064 -0.00203242
20.846 -0.530106 -0.528438 -0.00166839 5.38883 -1.39151e-05 0.000366175 2.68128e-05 -0.528438 4.26932e-05 1.57064 -0.00203241
20.847 -0.530169 -0.528493 -0.00167643 5.39004 -1.40087e-05 0.000369364 2.7041e-05 -0.528493 4.3199e-05 1.57063 -0.00203241
20.848 -0.530233 -0.528549 -0.00168443 5.39125 -1.41032e-05 0.000372549 2.72696e-05 -0.528549 4.3707e-05 1.57063 -0.00203241
20.849 -0.530297 -0.528605 -0.00169241 5.39247 -1.41986e-05 0.000375729 2.74985e-05 -0.528605 4.42171e-05 1.57062 -0.00203241
20.85 -0.530362 -0.528661 -0.00170036 5.39369 -1.42948e-05 0.000378905 2.77278e-05 -0.528661 4.47293e-05 1.57062 -0.00203241
20.851 -0.530426 -0.528718 -0.00170829 5.39492 -1.43919e-05 0.000382076 2.79573e-05 -0.528718 4.52436e-05 1.57061 -0.00203241
20.852 -0.530491 -0.528775 -0.00171619 5.39615 -1.44899e-05 0.000385242 2.81872e-05 -0.528775 4.576e-05 1.57061 -0.00203241
20.853 -0.530557 -0.528833 -0.00172406 5.39739 -1.45887e-05 0.000388404 2.84174e-05 -0.528833 4.62784e-05 1.5706 -0.00203242
20.854 -0.530622 -0.52889 -0.0017319 5.39863 -1.46884e-05 0.000391562 2.86478e-05 -0.52889 4.67988e-05 1.5706 -0.00203242
20.855 -0.530688 -0.528948 -0.00173972 5.39988 -1.47889e-05 0.000394714 2.88786e-05 -0.528948 4.73213e-05 1.57059 -0.00203242
20.856 -0.530754 -0.529007 -0.00174751 5.40113 -1.48903e-05 0.000397862 2.91097e-05 -0.529007 4.78457e-05 1.57059 -0.00203242
20.857 -0.530821 -0.529065 -0.00175527 5.40239 -1.49925e-05 0.000401005 2.9341e-05 -0.529065 4.83722e-05 1.57058 -0.00203242
20.858 -0.530888 -0.529125 -0.00176301 5.40365 -1.50955e-05 0.000404143 2.95726e-05 -0.529125 4.89005e-05 1.57058 -0.00203242
20.859 -0.530955 -0.529184 -0.00177072 5.40491 -1.51994e-05 0.000407277 2.98045e-05 -0.529184 4.94308e-05 1.57057 -0.00203242
20.86 -0.531022 -0.529244 -0.00177841 5.40618 -1.53041e-05 0.000410405 3.00367e-05 -0.529244 4.9963e-05 1.57057 -0.00203243
20.861 -0.53109 -0.529304 -0.00178607 5.40746 -1.54096e-05 0.000413529 3.02691e-05 -0.529304 5.04971e-05 1.57056 -0.00203243
20.862 -0.531158 -0.529364 -0.0017937 5.40874 -1.5516e-05 0.000416647 3.05017e-05 -0.529364 5.10331e-05 1.57056 -0.00203243
20.863 -0.531226 -0.529425 -0.00180131 5.41002 -1.56231e-05 0.000419761 3.07347e-05 -0.529425 5.15709e-05 1.57055 -0.00203243
20.864 -0.531295 -0.529486 -0.00180889 5.41131 -1.5731e-05 0.000422869 3.09678e-05 -0.529486 5.21106e-05 1.57054 -0.00203244
20.865 -0.531364 -0.529547 -0.00181645 5.41261 -1.58398e-05 0.000425973 3.12012e-05 -0.529547 5.26521e-05 1.57054 -0.00203244
20.866 -0.531433 -0.529609 -0.00182398 5.41391 -1.59493e-05 0.000429071 3.14349e-05 -0.529609 5.31954e-05 1.57053 -0.00203244
20.867 -0.531502 -0.529671 -0.00183149 5.41521 -1.60597e-05 0.000432164 3.16687e-05 -0.529671 5.37405e-05 1.57053 -0.00203245
20.868 -0.531572 -0.529733 -0.00183897 5.41652 -1.61708e-05 0.000435253 3.19028e-05 -0.529733 5.42874e-05 1.57052 -0.00203245
20.869 -0.531642 -0.529796 -0.00184643 5.41783 -1.62827e-05 0.000438336 3.21371e-05 -0.529796 5.4836e-05 1.57052 -0.00203245
20.87 -0.531712 -0.529859 -0.00185387 5.41915 -1.63953e-05 0.000441414 3.23717e-05 -0.529859 5.53863e-05 1.57051 -0.00203246
20.871 -0.531783 -0.529922 -0.00186127 5.42047 -1.65088e-05 0.000444486 3.26064e-05 -0.529922 5.59383e-05 1.57051 -0.00203246
20.872 -0.531854 -0.529985 -0.00186866 5.4218 -1.6623e-05 0.000447554 3.28413e-05 -0.529985 5.64921e-05 1.5705 -0.00203247
20.873 -0.531925 -0.530049 -0.00187602 5.42313 -1.6738e-05 0.000450616 3.30765e-05 -0.530049 5.70475e-05 1.5705 -0.00203247
20.874 -0.531997 -0.530114 -0.00188336 5.42447 -1.68537e-05 0.000453673 3.33118e-05 -0.530114 5.76046e-05 1.57049 -0.00203248
20.875 -0.532069 -0.530178 -0.00189067 5.42581 -1.69702e-05 0.000456725 3.35473e-05 -0.530178 5.81633e-05 1.57049 -0.00203248
20.876 -0.532141 -0.530243 -0.00189796 5.42715 -1.70874e-05 0.000459771 3.37831e-05 -0.530243 5.87236e-05 1.57048 -0.00203248
20.877 -0.532214 -0.530308 -0.00190523 5.4285 -1.72054e-05 0.000462813 3.4019e-05 -0.530308 5.92855e-05 1.57048 -0.00203249
20.878 -0.532286 -0.530374 -0.00191247 5.42986 -1.7324e-05 0.000465849 3.4255e-05 -0.530374 5.98491e-05 1.57047 -0.0020325
20.879 -0.532359 -0.53044 -0.00191969 5.43121 -1.74435e-05 0.00046888 3.44913e-05 -0.53044 6.04142e-05 1.57046 -0.0020325
20.88 -0.532433 -0.530506 -0.00192689 5.43258 -1.75636e-05 0.000471905 3.47277e-05 -0.530506 6.09808e-05 1.57046 -0.00203251
20.881 -0.532506 -0.530572 -0.00193406 5.43395 -1.76845e-05 0.000474925 3.49643e-05 -0.530572 6.1549e-05 1.57045 -0.00203251
20.882 -0.53258 -0.530639 -0.00194122 5.43532 -1.78061e-05 0.00047794 3.5201e-05 -0.530639 6.21187e-05 1.57045 -0.00203252
20.883 -0.532655 -0.530706 -0.00194835 5.4367 -1.79284e-05 0.00048095 3.54379e-05 -0.530706 6.269e-05 1.57044 -0.00203252
20.884 -0.532729 -0.530774 -0.00195545 5.43808 -1.80513e-05 0.000483954 3.5675e-05 -0.530774 6.32627e-05 1.57044 -0.00203253
20.885 -0.532804 -0.530841 -0.00196254 5.43946 -1.8175e-05 0.000486953 3.59122e-05 -0.530841 6.38368e-05 1.57043 -0.00203254
20.886 -0.532879 -0.530909 -0.0019696 5.44085 -1.82994e-05 0.000489946 3.61495e-05 -0.530909 6.44125e-05 1.57043 -0.00203254
20.887 -0.532954 -0.530978 -0.00197664 5.44225 -1.84245e-05 0.000492935 3.6387e-05 -0.530978 6.49895e-05 1.57042 -0.00203255
20.888 -0.53303 -0.531047 -0.00198366 5.44365 -1.85502e-05 0.000495918 3.66246e-05 -0.531047 6.5568e-05 1.57042 -0.00203256
20.889 -0.533106 -0.531116 -0.00199066 5.44505 -1.86767e-05 0.000498895 3.68624e-05 -0.531116 6.61479e-05 1.57041 -0.00203256
20.89 -0.533183 -0.531185 -0.00199764 5.44646 -1.88038e-05 0.000501868 3.71002e-05 -0.531185 6.67292e-05 1.5704 -0.00203257
20.891 -0.533259 -0.531255 -0.00200459 5.44788 -1.89315e-05 0.000504835 3.73382e-05 -0.531255 6.73118e-05 1.5704 -0.00203258
20.892 -0.533336 -0.531324 -0.00201153 5.44929 -1.90599e-05 0.000507796 3.75764e-05 -0.531324 6.78958e-05 1.57039 -0.00203259
20.893 -0.533413 -0.531395 -0.00201844 5.45072 -1.9189e-05 0.000510753 3.78146e-05 -0.531395 6.84811e-05 1.57039 -0.00203259
20.894 -0.533491 -0.531465 -0.00202533 5.45214 -1.93188e-05 0.000513704 3.8053e-05 -0.531465 6.90678e-05 1.57038 -0.0020326
20.895 -0.533568 -0.531536 -0.0020322 5.45358 -1.94491e-05 0.00051665 3.82915e-05 -0.531536 6.96558e-05 1.57038 -0.00203261
20.896 -0.533647 -0.531607 -0.00203906 5.45501 -1.95801e-05 0.00051959 3.853e-05 -0.531607 7.0245e-05 1.57037 -0.00203262
20.897 -0.533725 -0.531679 -0.00204589 5.45645 -1.97118e-05 0.000522526 3.87687e-05 -0.531679 7.08355e-05 1.57036 -0.00203262
20.898 -0.533804 -0.531751 -0.0020527 5.4579 -1.98441e-05 0.000525456 3.90075e-05 -0.531751 7.14273e-05 1.57036 -0.00203263
20.899 -0.533882 -0.531823 -0.00205949 5.45935 -1.9977e-05 0.00052838 3.92464e-05 -0.531823 7.20204e-05 1.57035 -0.00203264
20.9 -0.533962 -0.531895 -0.00206626 5.4608 -2.01105e-05 0.0005313 3.94854e-05 -0.531895 7.26146e-05 1.57035 -0.00203265
20.901 -0.534041 -0.531968 -0.00207301 5.46226 -2.02446e-05 0.000534214 3.97244e-05 -0.531968 7.32101e-05 1.57034 -0.00203266
20.902 -0.534121 -0.532041 -0.00207974 5.46373 -2.03793e-05 0.000537123 3.99636e-05 -0.532041 7.38068e-05 1.57034 -0.00203267
20.903 -0.534201 -0.532115 -0.00208646 5.4652 -2.05147e-05 0.000540027 4.02028e-05 -0.532115 7.44047e-05 1.57033 -0.00203268
20.904 -0.534282 -0.532188 -0.00209315 5.46667 -2.06506e-05 0.000542926 4.04422e-05 -0.532188 7.50037e-05 1.57033 -0.00203268
20.905 -0.534362 -0.532262 -0.00209982 5.46815 -2.07871e-05 0.000545819 4.06816e-05 -0.532262 7.56039e-05 1.57032 -0.00203269
20.906 -0.534443 -0.532337 -0.00210648 5.46963 -2.09243e-05 0.000548707 4.0921e-05 -0.532337 7.62052e-05 1.57031 -0.0020327
20.907 -0.534524 -0.532411 -0.00211312 5.47111 -2.10619e-05 0.00055159 4.11606e-05 -0.532411 7.68077e-05 1.57031 -0.00203271
20.908 -0.534606 -0.532486 -0.00211973 5.47261 -2.12002e-05 0.000554468 4.14002e-05 -0.532486 7.74112e-05 1.5703 -0.00203272
20.909 -0.534688 -0.532562 -0.00212633 5.4741 -2.13391e-05 0.000557341 4.16399e-05 -0.532562 7.80159e-05 1.5703 -0.00203273
20.91 -0.53477 -0.532637 -0.00213291 5.4756 -2.14785e-05 0.000560209 4.18797e-05 -0.532637 7.86216e-05 1.57029 -0.00203274
20.911 -0.534852 -0.532713 -0.00213948 5.47711 -2.16184e-05 0.000563071 4.21195e-05 -0.532713 7.92284e-05 1.57029 -0.00203275
20.912 -0.534935 -0.532789 -0.00214602 5.47862 -2.17589e-05 0.000565929 4.23593e-05 -0.532789 7.98362e-05 1.57028 -0.00203276
20.913 -0.535018 -0.532866 -0.00215255 5.48013 -2.19e-05 0.000568781 4.25993e-05 -0.532866 8.04451e-05 1.57027 -0.00203277
20.914 -0.535101 -0.532942 -0.00215906 5.48165 -2.20416e-05 0.000571628 4.28392e-05 -0.532942 8.1055e-05 1.57027 -0.00203278
20.915 -0.535185 -0.533019 -0.00216555 5.48317 -2.21838e-05 0.00057447 4.30793e-05 -0.533019 8.16659e-05 1.57026 -0.00203279
20.916 -0.535269 -0.533097 -0.00217202 5.4847 -2.23265e-05 0.000577307 4.33193e-05 -0.533097 8.22778e-05 1.57026 -0.0020328
20.917 -0.535353 -0.533175 -0.00217848 5.48623 -2.24697e-05 0.00058014 4.35594e-05 -0.533175 8.28907e-05 1.57025 -0.00203281
20.918 -0.535437 -0.533253 -0.00218492 5.48777 -2.26134e-05 0.000582967 4.37996e-05 -0.533253 8.35046e-05 1.57024 -0.00203282
20.919 -0.535522 -0.533331 -0.00219134 5.48931 -2.27577e-05 0.000585789 4.40398e-05 -0.533331 8.41194e-05 1.57024 -0.00203283
20.92 -0.535607 -0.533409 -0.00219775 5.49086 -2.29024e-05 0.000588606 4.428e-05 -0.533409 8.47352e-05 1.57023 -0.00203284
20.921 -0.535692 -0.533488 -0.00220413 5.49241 -2.30477e-05 0.000591418 4.45203e-05 -0.533488 8.53518e-05 1.57023 -0.00203286
20.922 -0.535778 -0.533568 -0.00221051 5.49396 -2.31935e-05 0.000594226 4.47606e-05 -0.533568 8.59694e-05 1.57022 -0.00203287
20.923 -0.535864 -0.533647 -0.00221686 5.49552 -2.33397e-05 0.000597028 4.50009e-05 -0.533647 8.65879e-05 1.57022 -0.00203288
20.924 -0.53595 -0.533727 -0.0022232 5.49709 -2.34865e-05 0.000599825 4.52413e-05 -0.533727 8.72073e-05 1.57021 -0.00203289
20.925 -0.536037 -0.533807 -0.00222952 5.49866 -2.36338e-05 0.000602618 4.54817e-05 -0.533807 8.78275e-05 1.5702 -0.0020329
20.926 -0.536123 -0.533887 -0.00223583 5.50023 -2.37815e-05 0.000605406 4.57221e-05 -0.533887 8.84487e-05 1.5702 -0.00203291
20.927 -0.53621 -0.533968 -0.00224212 5.50181 -2.39297e-05 0.000608189 4.59625e-05 -0.533968 8.90706e-05 1.57019 -0.00203292
20.928 -0.536298 -0.534049 -0.00224839 5.50339 -2.40784e-05 0.000610967 4.62029e-05 -0.534049 8.96934e-05 1.57019 -0.00203293
20.929 -0.536385 -0.534131 -0.00225465 5.50498 -2.42276e-05 0.00061374 4.64434e-05 -0.534131 9.0317e-05 1.57018 -0.00203295
20.93 -0.536473 -0.534212 -0.00226089 5.50657 -2.43772e-05 0.000616509 4.66838e-05 -0.534212 9.09414e-05 1.57017 -0.00203296
20.931 -0.536561 -0.534294 -0.00226712 5.50817 -2.45273e-05 0.000619273 4.69243e-05 -0.534294 9.15667e-05 1.57017 -0.00203297
20.932 -0.53665 -0.534376 -0.00227333 5.50977 -2.46778e-05 0.000622032 4.71648e-05 -0.534376 9.21927e-05 1.57016 -0.00203298
20.933 -0.536738 -0.534459 -0.00227953 5.51138 -2.48288e-05 0.000624786 4.74053e-05 -0.534459 9.28194e-05 1.57016 -0.00203299
20.934 -0.536827 -0.534542 -0.00228571 5.51299 -2.49802e-05 0.000627536 4.76458e-05 -0.534542 9.34469e-05 1.57015 -0.00203301
20.935 -0.536917 -0.534625 -0.00229188 5.5146 -2.51321e-05 0.000630281 4.78863e-05 -0.534625 9.40752e-05 1.57015 -0.00203302
20.936 -0.537006 -0.534708 -0.00229803 5.51622 -2.52844e-05 0.000633021 4.81268e-05 -0.534708 9.47042e-05 1.57014 -0.00203303
20.937 -0.537096 -0.534792 -0.00230416 5.51785 -2.54371e-05 0.000635757 4.83673e-05 -0.534792 9.5334e-05 1.57013 -0.00203304
20.938 -0.537186 -0.534876 -0.00231029 5.51948 -2.55902e-05 0.000638488 4.86078e-05 -0.534876 9.59644e-05 1.57013 -0.00203306
20.939 -0.537277 -0.53496 -0.00231639 5.52111 -2.57438e-05 0.000641215 4.88482e-05 -0.53496 9.65955e-05 1.57012 -0.00203307
20.94 -0.537367 -0.535045 -0.00232249 5.52275 -2.58978e-05 0.000643937 4.90887e-05 -0.535045 9.72274e-05 1.57012 -0.00203308
20.941 -0.537458 -0.53513 -0.00232856 5.5244 -2.60522e-05 0.000646654 4.93292e-05 -0.53513 9.78599e-05 1.57011 -0.00203309
20.942 -0.53755 -0.535215 -0.00233463 5.52604 -2.6207e-05 0.000649367 4.95696e-05 -0.535215 9.8493e-05 1.5701 -0.00203311
20.943 -0.537641 -0.5353 -0.00234068 5.5277 -2.63622e-05 0.000652075 4.98101e-05 -0.5353 9.91268e-05 1.5701 -0.00203312
20.944 -0.537733 -0.535386 -0.00234671 5.52936 -2.65177e-05 0.000654779 5.00505e-05 -0.535386 9.97613e-05 1.57009 -0.00203313
20.945 -0.537825 -0.535472 -0.00235274 5.53102 -2.66737e-05 0.000657479 5.02909e-05 -0.535472 0.000100396 1.57009 -0.00203315
20.946 -0.537917 -0.535559 -0.00235875 5.53269 -2.68301e-05 0.000660174 5.05313e-05 -0.535559 0.000101032 1.57008 -0.00203316
20.947 -0.53801 -0.535645 -0.00236474 5.53436 -2.69868e-05 0.000662865 5.07716e-05 -0.535645 0.000101668 1.57007 -0.00203317
20.948 -0.538103 -0.535732 -0.00237072 5.53603 -2.7144e-05 0.000665551 5.1012e-05 -0.535732 0.000102305 1.57007 -0.00203319
20.949 -0.538196 -0.53582 -0.00237669 5.53771 -2.73015e-05 0.000668233 5.12523e-05 -0.53582 0.000102943 1.57006 -0.0020332
20.95 -0.53829 -0.535907 -0.00238265 5.5394 -2.74593e-05 0.00067091 5.14926e-05 -0.535907 0.000103581 1.57006 -0.00203321
20.951 -0.538384 -0.535995 -0.00238859 5.54109 -2.76176e-05 0.000673584 5.17328e-05 -0.535995 0.000104219 1.57005 -0.00203323
20.952 -0.538478 -0.536083 -0.00239452 5.54279 -2.77762e-05 0.000676253 5.19731e-05 -0.536083 0.000104858 1.57004 -0.00203324
20.953 -0.538572 -0.536172 -0.00240043 5.54449 -2.79351e-05 0.000678917 5.22133e-05 -0.536172 0.000105498 1.57004 -0.00203325
20.954 -0.538667 -0.53626 -0.00240633 5.54619 -2.80944e-05 0.000681578 5.24534e-05 -0.53626 0.000106138 1.57003 -0.00203327
20.955 -0.538762 -0.536349 -0.00241222 5.5479 -2.82541e-05 0.000684234 5.26936e-05 -0.536349 0.000106779 1.57003 -0.00203328
20.956 -0.538857 -0.536439 -0.0024181 5.54961 -2.84141e-05 0.000686886 5.29336e-05 -0.536439 0.00010742 1.57002 -0.0020333
20.957 -0.538952 -0.536528 -0.00242397 5.55133 -2.85744e-05 0.000689534 5.31737e-05 -0.536528 0.000108062 1.57001 -0.00203331
20.958 -0.539048 -0.536618 -0.00242982 5.55306 -2.8735e-05 0.000692178 5.34137e-05 -0.536618 0.000108704 1.57001 -0.00203332
20.959 -0.539144 -0.536708 -0.00243566 5.55478 -2.8896e-05 0.000694817 5.36537e-05 -0.536708 0.000109347 1.57 -0.00203334
20.96 -0.53924 -0.536799 -0.00244149 5.55652 -2.90573e-05 0.000697453 5.38936e-05 -0.536799 0.00010999 1.57 -0.00203335
20.961 -0.539337 -0.536889 -0.0024473 5.55826 -2.9219e-05 0.000700084 5.41335e-05 -0.536889 0.000110634 1.56999 -0.00203337
20.962 -0.539434 -0.536981 -0.0024531 5.56 -2.93809e-05 0.000702711 5.43733e-05 -0.536981 0.000111278 1.56998 -0.00203338
20.963 -0.539531 -0.537072 -0.0024589 5.56174 -2.95432e-05 0.000705335 5.46131e-05 -0.537072 0.000111922 1.56998 -0.0020334
20.964 -0.539628 -0.537163 -0.00246467 5.5635 -2.97058e-05 0.000707954 5.48528e-05 -0.537163 0.000112567 1.56997 -0.00203341
20.965 -0.539726 -0.537255 -0.00247044 5.56525 -2.98686e-05 0.000710569 5.50925e-05 -0.537255 0.000113213 1.56997 -0.00203343
20.966 -0.539824 -0.537348 -0.0024762 5.56701 -3.00318e-05 0.00071318 5.53321e-05 -0.537348 0.000113858 1.56996 -0.00203344
20.967 -0.539922 -0.53744 -0.00248194 5.56878 -3.01953e-05 0.000715787 5.55717e-05 -0.53744 0.000114505 1.56995 -0.00203346
20.968 -0.540021 -0.537533 -0.00248768 5.57055 -3.0359e-05 0.000718391 5.58112e-05 -0.537533 0.000115151 1.56995 -0.00203347
20.969 -0.540119 -0.537626 -0.0024934 5.57233 -3.05231e-05 0.00072099 5.60507e-05 -0.537626 0.000115798 1.56994 -0.00203348
20.97 -0.540218 -0.537719 -0.00249911 5.57411 -3.06874e-05 0.000723585 5.62901e-05 -0.537719 0.000116445 1.56994 -0.0020335
20.971 -0.540318 -0.537813 -0.00250481 5.57589 -3.0852e-05 0.000726177 5.65295e-05 -0.537813 0.000117093 1.56993 -0.00203351
20.972 -0.540417 -0.537907 -0.00251049 5.57768 -3.10169e-05 0.000728765 5.67688e-05 -0.537907 0.000117741 1.56992 -0.00203353
20.973 -0.540517 -0.538001 -0.00251617 5.57948 -3.11821e-05 0.000731349 5.7008e-05 -0.538001 0.000118389 1.56992 -0.00203354
20.974 -0.540617 -0.538096 -0.00252184 5.58128 -3.13475e-05 0.000733929 5.72471e-05 -0.538096 0.000119038 1.56991 -0.00203356
20.975 -0.540718 -0.53819 -0.00252749 5.58308 -3.15132e-05 0.000736505 5.74862e-05 -0.53819 0.000119687 1.56991 -0.00203357
20.976 -0.540818 -0.538285 -0.00253313 5.58489 -3.16791e-05 0.000739078 5.77253e-05 -0.538285 0.000120336 1.5699 -0.00203359
20.977 -0.540919 -0.538381 -0.00253877 5.5867 -3.18454e-05 0.000741646 5.79642e-05 -0.538381 0.000120985 1.56989 -0.00203361
20.978 -0.541021 -0.538476 -0.00254439 5.58852 -3.20118e-05 0.000744211 5.82031e-05 -0.538476 0.000121635 1.56989 -0.00203362
20.979 -0.541122 -0.538572 -0.00255 5.59034 -3.21785e-05 0.000746773 5.84419e-05 -0.538572 0.000122285 1.56988 -0.00203364
20.98 -0.541224 -0.538668 -0.0025556 5.59217 -3.23455e-05 0.00074933 5.86807e-05 -0.538668 0.000122936 1.56988 -0.00203365
20.981 -0.541326 -0.538765 -0.0025612 5.594 -3.25127e-05 0.000751884 5.89194e-05 -0.538765 0.000123587 1.56987 -0.00203367
20.982 -0.541428 -0.538862 -0.00256678 5.59584 -3.26801e-05 0.000754435 5.9158e-05 -0.538862 0.000124237 1.56986 -0.00203368
20.983 -0.541531 -0.538959 -0.00257235 5.59768 -3.28478e-05 0.000756981 5.93965e-05 -0.538959 0.000124889 1.56986 -0.0020337
20.984 -0.541634 -0.539056 -0.00257791 5.59953 -3.30157e-05 0.000759524 5.9635e-05 -0.539056 0.00012554 1.56985 -0.00203371
20.985 -0.541737 -0.539154 -0.00258346 5.60138 -3.31838e-05 0.000762064 5.98733e-05 -0.539154 0.000126192 1.56985 -0.00203373
20.986 -0.541841 -0.539252 -0.002589 5.60324 -3.33522e-05 0.0007646 6.01116e-05 -0.539252 0.000126844 1.56984 -0.00203375
20.987 -0.541944 -0.53935 -0.00259453 5.6051 -3.35207e-05 0.000767132 6.03499e-05 -0.53935 0.000127496 1.56983 -0.00203376
20.988 -0.542048 -0.539448 -0.00260005 5.60696 -3.36895e-05 0.000769661 6.0588e-05 -0.539448 0.000128148 1.56983 -0.00203378
20.989 -0.542152 -0.539547 -0.00260556 5.60884 -3.38585e-05 0.000772187 6.0826e-05 -0.539547 0.0001288 1.56982 -0.00203379
20.99 -0.542257 -0.539646 -0.00261106 5.61071 -3.40277e-05 0.000774708 6.1064e-05 -0.539646 0.000129453 1.56982 -0.00203381
20.991 -0.542362 -0.539745 -0.00261655 5.61259 -3.41971e-05 0.000777227 6.13019e-05 -0.539745 0.000130106 1.56981 -0.00203382
20.992 -0.542467 -0.539845 -0.00262203 5.61448 -3.43668e-05 0.000779742 6.15397e-05 -0.539845 0.000130759 1.5698 -0.00203384
20.993 -0.542572 -0.539945 -0.00262751 5.61637 -3.45366e-05 0.000782253 6.17774e-05 -0.539945 0.000131412 1.5698 -0.00203386
20.994 -0.542678 -0.540045 -0.00263297 5.61826 -3.47066e-05 0.000784761 6.2015e-05 -0.540045 0.000132066 1.56979 -0.00203387
20.995 -0.542784 -0.540145 -0.00263842 5.62016 -3.48768e-05 0.000787266 6.22526e-05 -0.540145 0.000132719 1.56978 -0.00203389
20.996 -0.54289 -0.540246 -0.00264387 5.62206 -3.50472e-05 0.000789768 6.249e-05 -0.540246 0.000133373 1.56978 -0.00203391
20.997 -0.542996 -0.540347 -0.0026493 5.62397 -3.52178e-05 0.000792265 6.27274e-05 -0.540347 0.000134026 1.56977 -0.00203392
20.998 -0.543103 -0.540448 -0.00265473 5.62589 -3.53885e-05 0.00079476 6.29646e-05 -0.540448 0.00013468 1.56977 -0.00203394
20.999 -0.54321 -0.54055 -0.00266015 5.6278 -3.55595e-05 0.000797251 6.32018e-05 -0.54055 0.000135334 1.56976 -0.00203395
21 -0.543317 -0.540651 -0.00266555 5.62973 -3.57306e-05 0.00079974 6.34389e-05 -0.540651 0.000135988 1.56975 -0.00203397
21.001 -0.543424 -0.540753 -0.00267095 5.63166 -3.59019e-05 0.000802224 6.36759e-05 -0.540753 0.000136643 1.56975 -0.00203399
21.002 -0.543532 -0.540856 -0.00267634 5.63359 -3.60733e-05 0.000804706 6.39128e-05 -0.540856 0.000137297 1.56974 -0.002034
21.003 -0.54364 -0.540958 -0.00268172 5.63553 -3.6245e-05 0.000807184 6.41495e-05 -0.540958 0.000137951 1.56974 -0.00203402
21.004 -0.543748 -0.541061 -0.0026871 5.63747 -3.64168e-05 0.000809659 6.43862e-05 -0.541061 0.000138606 1.56973 -0.00203404
21.005 -0.543857 -0.541164 -0.00269246 5.63941 -3.65887e-05 0.000812131 6.46228e-05 -0.541164 0.000139261 1.56972 -0.00203405
21.006 -0.543966 -0.541268 -0.00269781 5.64137 -3.67608e-05 0.000814599 6.48593e-05 -0.541268 0.000139915 1.56972 -0.00203407
21.007 -0.544075 -0.541372 -0.00270316 5.64332 -3.69331e-05 0.000817065 6.50957e-05 -0.541372 0.00014057 1.56971 -0.00203409
21.008 -0.544184 -0.541476 -0.0027085 5.64528 -3.71055e-05 0.000819527 6.5332e-05 -0.541476 0.000141225 1.56971 -0.0020341
21.009 -0.544294 -0.54158 -0.00271383 5.64725 -3.72781e-05 0.000821986 6.55682e-05 -0.54158 0.000141879 1.5697 -0.00203412
21.01 -0.544404 -0.541684 -0.00271915 5.64922 -3.74508e-05 0.000824442 6.58043e-05 -0.541684 0.000142534 1.56969 -0.00203414
21.011 -0.544514 -0.541789 -0.00272446 5.6512 -3.76236e-05 0.000826895 6.60402e-05 -0.541789 0.000143189 1.56969 -0.00203415
21.012 -0.544624 -0.541894 -0.00272977 5.65318 -3.77966e-05 0.000829345 6.62761e-05 -0.541894 0.000143844 1.56968 -0.00203417
21.013 -0.544735 -0.542 -0.00273506 5.65516 -3.79697e-05 0.000831792 6.65119e-05 -0.542 0.000144499 1.56968 -0.00203419
21.014 -0.544846 -0.542105 -0.00274035 5.65715 -3.8143e-05 0.000834235 6.67475e-05 -0.542105 0.000145154 1.56967 -0.0020342
21.015 -0.544957 -0.542211 -0.00274563 5.65915 -3.83164e-05 0.000836676 6.69831e-05 -0.542211 0.000145809 1.56966 -0.00203422
21.016 -0.545068 -0.542318 -0.0027509 5.66115 -3.84899e-05 0.000839113 6.72185e-05 -0.542318 0.000146464 1.56966 -0.00203424
21.017 -0.54518 -0.542424 -0.00275617 5.66315 -3.86635e-05 0.000841548 6.74539e-05 -0.542424 0.000147118 1.56965 -0.00203425
21.018 -0.545292 -0.542531 -0.00276142 5.66516 -3.88373e-05 0.00084398 6.76891e-05 -0.542531 0.000147773 1.56965 -0.00203427
21.019 -0.545404 -0.542638 -0.00276667 5.66717 -3.90112e-05 0.000846408 6.79242e-05 -0.542638 0.000148428 1.56964 -0.00203429
21.02 -0.545517 -0.542745 -0.00277191 5.66919 -3.91852e-05 0.000848834 6.81592e-05 -0.542745 0.000149083 1.56963 -0.0020343
21.021 -0.54563 -0.542853 -0.00277714 5.67122 -3.93593e-05 0.000851256 6.83941e-05 -0.542853 0.000149738 1.56963 -0.00203432
21.022 -0.545743 -0.54296 -0.00278237 5.67324 -3.95336e-05 0.000853676 6.86288e-05 -0.54296 0.000150393 1.56962 -0.00203434
21.023 -0.545856 -0.543068 -0.00278758 5.67528 -3.97079e-05 0.000856093 6.88635e-05 -0.543068 0.000151047 1.56961 -0.00203436
21.024 -0.54597 -0.543177 -0.00279279 5.67731 -3.98823e-05 0.000858507 6.9098e-05 -0.543177 0.000151702 1.56961 -0.00203437
21.025 -0.546083 -0.543285 -0.00279799 5.67936 -4.00569e-05 0.000860918 6.93324e-05 -0.543285 0.000152357 1.5696 -0.00203439
21.026 -0.546198 -0.543394 -0.00280319 5.6814 -4.02315e-05 0.000863326 6.95667e-05 -0.543394 0.000153011 1.5696 -0.00203441
21.027 -0.546312 -0.543504 -0.00280837 5.68346 -4.04063e-05 0.000865731 6.98009e-05 -0.543504 0.000153666 1.56959 -0.00203442
21.028 -0.546427 -0.543613 -0.00281355 5.68551 -4.05811e-05 0.000868133 7.0035e-05 -0.543613 0.00015432 1.56958 -0.00203444
21.029 -0.546541 -0.543723 -0.00281872 5.68757 -4.07561e-05 0.000870533 7.02689e-05 -0.543723 0.000154974 1.56958 -0.00203446
21.03 -0.546657 -0.543833 -0.00282389 5.68964 -4.09311e-05 0.00087293 7.05028e-05 -0.543833 0.000155628 1.56957 -0.00203448
21.031 -0.546772 -0.543943 -0.00282904 5.69171 -4.11062e-05 0.000875324 7.07365e-05 -0.543943 0.000156283 1.56957 -0.00203449
21.032 -0.546888 -0.544053 -0.00283419 5.69379 -4.12814e-05 0.000877715 7.097e-05 -0.544053 0.000156937 1.56956 -0.00203451
21.033 -0.547004 -0.544164 -0.00283933 5.69587 -4.14567e-05 0.000880103 7.12035e-05 -0.544164 0.00015759 1.56955 -0.00203453
21.034 -0.54712 -0.544275 -0.00284447 5.69795 -4.16321e-05 0.000882488 7.14368e-05 -0.544275 0.000158244 1.56955 -0.00203454
21.035 -0.547236 -0.544387 -0.0028496 5.70004 -4.18075e-05 0.000884871 7.16701e-05 -0.544387 0.000158898 1.56954 -0.00203456
21.036 -0.547353 -0.544498 -0.00285472 5.70214 -4.1983e-05 0.000887251 7.19031e-05 -0.544498 0.000159551 1.56954 -0.00203458
21.037 -0.54747 -0.54461 -0.00285983 5.70424 -4.21586e-05 0.000889629 7.21361e-05 -0.54461 0.000160205 1.56953 -0.0020346
21.038 -0.547587 -0.544722 -0.00286494 5.70634 -4.23343e-05 0.000892003 7.23689e-05 -0.544722 0.000160858 1.56952 -0.00203461
21.039 -0.547705 -0.544834 -0.00287004 5.70845 -4.251e-05 0.000894375 7.26016e-05 -0.544834 0.000161511 1.56952 -0.00203463
21.04 -0.547822 -0.544947 -0.00287513 5.71056 -4.26858e-05 0.000896744 7.28342e-05 -0.544947 0.000162164 1.56951 -0.00203465
21.041 -0.54794 -0.54506 -0.00288021 5.71268 -4.28617e-05 0.000899111 7.30667e-05 -0.54506 0.000162817 1.56951 -0.00203467
21.042 -0.548059 -0.545173 -0.00288529 5.7148 -4.30376e-05 0.000901475 7.3299e-05 -0.545173 0.00016347 1.5695 -0.00203468
21.043 -0.548177 -0.545287 -0.00289036 5.71693 -4.32136e-05 0.000903836 7.35312e-05 -0.545287 0.000164122 1.56949 -0.0020347
21.044 -0.548296 -0.5454 -0.00289543 5.71906 -4.33897e-05 0.000906194 7.37632e-05 -0.5454 0.000164775 1.56949 -0.00203472
21.045 -0.548415 -0.545514 -0.00290049 5.7212 -4.35658e-05 0.00090855 7.39952e-05 -0.545514 0.000165427 1.56948 -0.00203474
21.046 -0.548534 -0.545629 -0.00290554 5.72334 -4.37419e-05 0.000910903 7.4227e-05 -0.545629 0.000166079 1.56948 -0.00203475
21.047 -0.548654 -0.545743 -0.00291058 5.72549 -4.39182e-05 0.000913254 7.44586e-05 -0.545743 0.000166731 1.56947 -0.00203477
21.048 -0.548773 -0.545858 -0.00291562 5.72764 -4.40944e-05 0.000915602 7.46902e-05 -0.545858 0.000167382 1.56946 -0.00203479
21.049 -0.548894 -0.545973 -0.00292065 5.7298 -4.42707e-05 0.000917947 7.49216e-05 -0.545973 0.000168034 1.56946 -0.0020348
21.05 -0.549014 -0.546088 -0.00292567 5.73196 -4.44471e-05 0.00092029 7.51528e-05 -0.546088 0.000168685 1.56945 -0.00203482
21.051 -0.549134 -0.546204 -0.00293069 5.73413 -4.46235e-05 0.000922631 7.53839e-05 -0.546204 0.000169336 1.56945 -0.00203484
21.052 -0.549255 -0.54632 -0.0029357 5.7363 -4.47999e-05 0.000924968 7.56149e-05 -0.54632 0.000169987 1.56944 -0.00203486
21.053 -0.549376 -0.546436 -0.00294071 5.73847 -4.49764e-05 0.000927304 7.58458e-05 -0.546436 0.000170637 1.56943 -0.00203487
21.054 -0.549498 -0.546552 -0.00294571 5.74065 -4.51529e-05 0.000929636 7.60765e-05 -0.546552 0.000171287 1.56943 -0.00203489
21.055 -0.549619 -0.546669 -0.0029507 5.74284 -4.53295e-05 0.000931966 7.63071e-05 -0.546669 0.000171938 1.56942 -0.00203491
21.056 -0.549741 -0.546785 -0.00295568 5.74503 -4.5506e-05 0.000934294 7.65375e-05 -0.546785 0.000172588 1.56942 -0.00203493
21.057 -0.549863 -0.546903 -0.00296066 5.74722 -4.56827e-05 0.000936619 7.67678e-05 -0.546903 0.000173237 1.56941 -0.00203494
21.058 -0.549986 -0.54702 -0.00296564 5.74942 -4.58593e-05 0.000938942 7.6998e-05 -0.54702 0.000173887 1.5694 -0.00203496
21.059 -0.550108 -0.547138 -0.0029706 5.75162 -4.6036e-05 0.000941262 7.7228e-05 -0.547138 0.000174536 1.5694 -0.00203498
21.06 -0.550231 -0.547256 -0.00297556 5.75383 -4.62127e-05 0.000943579 7.74579e-05 -0.547256 0.000175185 1.56939 -0.002035
21.061 -0.550354 -0.547374 -0.00298052 5.75604 -4.63894e-05 0.000945895 7.76876e-05 -0.547374 0.000175833 1.56939 -0.00203502
21.062 -0.550478 -0.547492 -0.00298546 5.75826 -4.65661e-05 0.000948207 7.79172e-05 -0.547492 0.000176482 1.56938 -0.00203503
21.063 -0.550601 -0.547611 -0.00299041 5.76048 -4.67429e-05 0.000950518 7.81467e-05 -0.547611 0.00017713 1.56937 -0.00203505
21.064 -0.550725 -0.54773 -0.00299534 5.76271 -4.69197e-05 0.000952825 7.8376e-05 -0.54773 0.000177778 1.56937 -0.00203507
21.065 -0.550849 -0.547849 -0.00300027 5.76494 -4.70965e-05 0.000955131 7.86052e-05 -0.547849 0.000178426 1.56936 -0.00203509
21.066 -0.550974 -0.547968 -0.00300519 5.76718 -4.72733e-05 0.000957434 7.88342e-05 -0.547968 0.000179073 1.56936 -0.0020351
21.067 -0.551098 -0.548088 -0.00301011 5.76942 -4.74501e-05 0.000959734 7.90631e-05 -0.548088 0.00017972 1.56935 -0.00203512
21.068 -0.551223 -0.548208 -0.00301502 5.77166 -4.76269e-05 0.000962032 7.92918e-05 -0.548208 0.000180367 1.56934 -0.00203514
21.069 -0.551348 -0.548328 -0.00301992 5.77392 -4.78038e-05 0.000964328 7.95204e-05 -0.548328 0.000181013 1.56934 -0.00203516
21.07 -0.551474 -0.548449 -0.00302482 5.77617 -4.79806e-05 0.000966621 7.97489e-05 -0.548449 0.00018166 1.56933 -0.00203517
21.071 -0.551599 -0.54857 -0.00302972 5.77843 -4.81575e-05 0.000968912 7.99772e-05 -0.54857 0.000182306 1.56933 -0.00203519
21.072 -0.551725 -0.548691 -0.0030346 5.78069 -4.83343e-05 0.000971201 8.02053e-05 -0.548691 0.000182951 1.56932 -0.00203521
21.073 -0.551851 -0.548812 -0.00303948 5.78296 -4.85112e-05 0.000973487 8.04333e-05 -0.548812 0.000183596 1.56931 -0.00203523
21.074 -0.551978 -0.548933 -0.00304436 5.78524 -4.86881e-05 0.000975771 8.06612e-05 -0.548933 0.000184241 1.56931 -0.00203524
21.075 -0.552105 -0.549055 -0.00304923 5.78752 -4.88649e-05 0.000978053 8.08889e-05 -0.549055 0.000184886 1.5693 -0.00203526
21.076 -0.552231 -0.549177 -0.00305409 5.7898 -4.90418e-05 0.000980332 8.11164e-05 -0.549177 0.000185531 1.5693 -0.00203528
21.077 -0.552359 -0.5493 -0.00305895 5.79209 -4.92186e-05 0.000982609 8.13438e-05 -0.5493 0.000186175 1.56929 -0.0020353
21.078 -0.552486 -0.549422 -0.0030638 5.79438 -4.93955e-05 0.000984883 8.15711e-05 -0.549422 0.000186818 1.56928 -0.00203531
21.079 -0.552614 -0.549545 -0.00306864 5.79668 -4.95723e-05 0.000987155 8.17982e-05 -0.549545 0.000187462 1.56928 -0.00203533
21.08 -0.552742 -0.549668 -0.00307348 5.79898 -4.97492e-05 0.000989425 8.20251e-05 -0.549668 0.000188105 1.56927 -0.00203535
21.081 -0.55287 -0.549791 -0.00307832 5.80128 -4.9926e-05 0.000991693 8.22519e-05 -0.549791 0.000188747 1.56927 -0.00203537
21.082 -0.552998 -0.549915 -0.00308315 5.8036 -5.01028e-05 0.000993958 8.24786e-05 -0.549915 0.00018939 1.56926 -0.00203538
21.083 -0.553127 -0.550039 -0.00308797 5.80591 -5.02796e-05 0.000996221 8.27051e-05 -0.550039 0.000190032 1.56925 -0.0020354
21.084 -0.553256 -0.550163 -0.00309278 5.80823 -5.04564e-05 0.000998482 8.29314e-05 -0.550163 0.000190674 1.56925 -0.00203542
21.085 -0.553385 -0.550287 -0.0030976 5.81056 -5.06331e-05 0.00100074 8.31576e-05 -0.550287 0.000191315 1.56924 -0.00203544
21.086 -0.553514 -0.550412 -0.0031024 5.81289 -5.08099e-05 0.001003 8.33836e-05 -0.550412 0.000191956 1.56924 -0.00203545
21.087 -0.553644 -0.550537 -0.0031072 5.81522 -5.09866e-05 0.00100525 8.36095e-05 -0.550537 0.000192597 1.56923 -0.00203547
21.088 -0.553774 -0.550662 -0.00311199 5.81756 -5.11633e-05 0.0010075 8.38352e-05 -0.550662 0.000193237 1.56922 -0.00203549
21.089 -0.553904 -0.550787 -0.00311678 5.8199 -5.134e-05 0.00100975 8.40608e-05 -0.550787 0.000193877 1.56922 -0.00203551
21.09 -0.554034 -0.550913 -0.00312157 5.82225 -5.15166e-05 0.001012 8.42862e-05 -0.550913 0.000194516 1.56921 -0.00203552
21.091 -0.554165 -0.551039 -0.00312634 5.8246 -5.16933e-05 0.00101424 8.45115e-05 -0.551039 0.000195155 1.56921 -0.00203554
21.092 -0.554296 -0.551165 -0.00313111 5.82696 -5.18699e-05 0.00101649 8.47366e-05 -0.551165 0.000195794 1.5692 -0.00203556
21.093 -0.554427 -0.551291 -0.00313588 5.82932 -5.20465e-05 0.00101873 8.49615e-05 -0.551291 0.000196433 1.56919 -0.00203558
21.094 -0.554558 -0.551418 -0.00314064 5.83169 -5.2223e-05 0.00102097 8.51863e-05 -0.551418 0.000197071 1.56919 -0.00203559
21.095 -0.55469 -0.551545 -0.0031454 5.83406 -5.23995e-05 0.0010232 8.54109e-05 -0.551545 0.000197708 1.56918 -0.00203561
21.096 -0.554822 -0.551672 -0.00315015 5.83644 -5.2576e-05 0.00102544 8.56354e-05 -0.551672 0.000198345 1.56918 -0.00203563
21.097 -0.554954 -0.551799 -0.00315489 5.83882 -5.27525e-05 0.00102767 8.58597e-05 -0.551799 0.000198982 1.56917 -0.00203564
21.098 -0.555086 -0.551927 -0.00315963 5.8412 -5.29289e-05 0.0010299 8.60838e-05 -0.551927 0.000199619 1.56916 -0.00203566
21.099 -0.555219 -0.552055 -0.00316436 5.84359 -5.31053e-05 0.00103212 8.63078e-05 -0.552055 0.000200255 1.56916 -0.00203568
21.1 -0.555352 -0.552183 -0.00316909 5.84599 -5.32816e-05 0.00103435 8.65316e-05 -0.552183 0.00020089 1.56915 -0.0020357
21.101 -0.555485 -0.552311 -0.00317381 5.84838 -5.34579e-05 0.00103657 8.67553e-05 -0.552311 0.000201526 1.56915 -0.00203571
21.102 -0.555618 -0.55244 -0.00317853 5.85079 -5.36342e-05 0.00103879 8.69788e-05 -0.55244 0.00020216 1.56914 -0.00203573
21.103 -0.555752 -0.552568 -0.00318324 5.8532 -5.38104e-05 0.00104101 8.72021e-05 -0.552568 0.000202795 1.56913 -0.00203575
21.104 -0.555886 -0.552698 -0.00318795 5.85561 -5.39866e-05 0.00104323 8.74253e-05 -0.552698 0.000203429 1.56913 -0.00203577
21.105 -0.55602 -0.552827 -0.00319265 5.85802 -5.41627e-05 0.00104544 8.76483e-05 -0.552827 0.000204062 1.56912 -0.00203578
21.106 -0.556154 -0.552957 -0.00319734 5.86045 -5.43388e-05 0.00104765 8.78712e-05 -0.552957 0.000204695 1.56912 -0.0020358
21.107 -0.556289 -0.553086 -0.00320204 5.86287 -5.45149e-05 0.00104986 8.80938e-05 -0.553086 0.000205328 1.56911 -0.00203582
21.108 -0.556423 -0.553217 -0.00320672 5.8653 -5.46909e-05 0.00105207 8.83164e-05 -0.553217 0.00020596 1.56911 -0.00203583
21.109 -0.556558 -0.553347 -0.0032114 5.86774 -5.48668e-05 0.00105428 8.85387e-05 -0.553347 0.000206592 1.5691 -0.00203585
21.11 -0.556694 -0.553478 -0.00321607 5.87018 -5.50427e-05 0.00105648 8.87609e-05 -0.553478 0.000207224 1.56909 -0.00203587
21.111 -0.556829 -0.553608 -0.00322074 5.87262 -5.52186e-05 0.00105868 8.89829e-05 -0.553608 0.000207855 1.56909 -0.00203589
21.112 -0.556965 -0.55374 -0.00322541 5.87507 -5.53944e-05 0.00106088 8.92048e-05 -0.55374 0.000208485 1.56908 -0.0020359
21.113 -0.557101 -0.553871 -0.00323007 5.87753 -5.55701e-05 0.00106308 8.94265e-05 -0.553871 0.000209115 1.56908 -0.00203592
21.114 -0.557237 -0.554002 -0.00323472 5.87998 -5.57458e-05 0.00106527 8.9648e-05 -0.554002 0.000209745 1.56907 -0.00203594
21.115 -0.557374 -0.554134 -0.00323937 5.88245 -5.59215e-05 0.00106747 8.98694e-05 -0.554134 0.000210374 1.56906 -0.00203595
21.116 -0.55751 -0.554266 -0.00324401 5.88491 -5.6097e-05 0.00106966 9.00906e-05 -0.554266 0.000211003 1.56906 -0.00203597
21.117 -0.557647 -0.554399 -0.00324865 5.88739 -5.62726e-05 0.00107185 9.03116e-05 -0.554399 0.000211631 1.56905 -0.00203599
21.118 -0.557785 -0.554531 -0.00325328 5.88986 -5.6448e-05 0.00107403 9.05325e-05 -0.554531 0.000212259 1.56905 -0.002036
21.119 -0.557922 -0.554664 -0.00325791 5.89234 -5.66234e-05 0.00107622 9.07532e-05 -0.554664 0.000212886 1.56904 -0.00203602
21.12 -0.55806 -0.554797 -0.00326253 5.89483 -5.67988e-05 0.0010784 9.09737e-05 -0.554797 0.000213513 1.56903 -0.00203604
21.121 -0.558198 -0.554931 -0.00326715 5.89732 -5.69741e-05 0.00108058 9.11941e-05 -0.554931 0.000214139 1.56903 -0.00203605
21.122 -0.558336 -0.555064 -0.00327176 5.89981 -5.71493e-05 0.00108276 9.14143e-05 -0.555064 0.000214765 1.56902 -0.00203607
21.123 -0.558474 -0.555198 -0.00327637 5.90231 -5.73244e-05 0.00108493 9.16343e-05 -0.555198 0.000215391 1.56902 -0.00203609
21.124 -0.558613 -0.555332 -0.00328097 5.90481 -5.74995e-05 0.00108711 9.18541e-05 -0.555332 0.000216016 1.56901 -0.00203611
21.125 -0.558752 -0.555466 -0.00328557 5.90732 -5.76746e-05 0.00108928 9.20738e-05 -0.555466 0.00021664 1.56901 -0.00203612
21.126 -0.558891 -0.555601 -0.00329016 5.90983 -5.78495e-05 0.00109145 9.22933e-05 -0.555601 0.000217264 1.569 -0.00203614
21.127 -0.55903 -0.555736 -0.00329474 5.91235 -5.80244e-05 0.00109362 9.25127e-05 -0.555736 0.000217888 1.56899 -0.00203616
21.128 -0.55917 -0.555871 -0.00329933 5.91487 -5.81993e-05 0.00109578 9.27318e-05 -0.555871 0.000218511 1.56899 -0.00203617
21.129 -0.55931 -0.556006 -0.0033039 5.9174 -5.8374e-05 0.00109795 9.29508e-05 -0.556006 0.000219133 1.56898 -0.00203619
21.13 -0.55945 -0.556141 -0.00330847 5.91993 -5.85487e-05 0.00110011 9.31696e-05 -0.556141 0.000219755 1.56898 -0.00203621
21.131 -0.55959 -0.556277 -0.00331304 5.92246 -5.87233e-05 0.00110227 9.33883e-05 -0.556277 0.000220377 1.56897 -0.00203622
21.132 -0.559731 -0.556413 -0.0033176 5.925 -5.88979e-05 0.00110443 9.36068e-05 -0.556413 0.000220998 1.56896 -0.00203624
21.133 -0.559872 -0.556549 -0.00332216 5.92754 -5.90723e-05 0.00110658 9.38251e-05 -0.556549 0.000221618 1.56896 -0.00203625
21.134 -0.560013 -0.556686 -0.00332671 5.93009 -5.92467e-05 0.00110873 9.40432e-05 -0.556686 0.000222238 1.56895 -0.00203627
21.135 -0.560154 -0.556823 -0.00333125 5.93265 -5.94211e-05 0.00111089 9.42612e-05 -0.556823 0.000222858 1.56895 -0.00203629
21.136 -0.560295 -0.55696 -0.0033358 5.9352 -5.95953e-05 0.00111304 9.4479e-05 -0.55696 0.000223477 1.56894 -0.0020363
21.137 -0.560437 -0.557097 -0.00334033 5.93776 -5.97695e-05 0.00111518 9.46966e-05 -0.557097 0.000224096 1.56894 -0.00203632
21.138 -0.560579 -0.557234 -0.00334486 5.94033 -5.99436e-05 0.00111733 9.4914e-05 -0.557234 0.000224714 1.56893 -0.00203634
21.139 -0.560721 -0.557372 -0.00334939 5.9429 -6.01176e-05 0.00111947 9.51313e-05 -0.557372 0.000225331 1.56892 -0.00203635
21.14 -0.560864 -0.55751 -0.00335391 5.94547 -6.02915e-05 0.00112161 9.53484e-05 -0.55751 0.000225948 1.56892 -0.00203637
21.141 -0.561007 -0.557648 -0.00335843 5.94805 -6.04654e-05 0.00112375 9.55653e-05 -0.557648 0.000226565 1.56891 -0.00203639
21.142 -0.561149 -0.557787 -0.00336294 5.95064 -6.06391e-05 0.00112589 9.5782e-05 -0.557787 0.000227181 1.56891 -0.0020364
21.143 -0.561293 -0.557925 -0.00336744 5.95323 -6.08128e-05 0.00112802 9.59986e-05 -0.557925 0.000227796 1.5689 -0.00203642
21.144 -0.561436 -0.558064 -0.00337194 5.95582 -6.09864e-05 0.00113016 9.6215e-05 -0.558064 0.000228411 1.56889 -0.00203643
21.145 -0.56158 -0.558203 -0.00337644 5.95842 -6.116e-05 0.00113229 9.64312e-05 -0.558203 0.000229025 1.56889 -0.00203645
21.146 -0.561724 -0.558343 -0.00338093 5.96102 -6.13334e-05 0.00113442 9.66472e-05 -0.558343 0.000229639 1.56888 -0.00203647
21.147 -0.561868 -0.558482 -0.00338542 5.96362 -6.15068e-05 0.00113654 9.68631e-05 -0.558482 0.000230252 1.56888 -0.00203648
21.148 -0.562012 -0.558622 -0.0033899 5.96623 -6.168e-05 0.00113867 9.70788e-05 -0.558622 0.000230865 1.56887 -0.0020365
21.149 -0.562157 -0.558762 -0.00339438 5.96885 -6.18532e-05 0.00114079 9.72943e-05 -0.558762 0.000231477 1.56887 -0.00203651
21.15 -0.562301 -0.558902 -0.00339885 5.97147 -6.20263e-05 0.00114291 9.75096e-05 -0.558902 0.000232089 1.56886 -0.00203653
21.151 -0.562446 -0.559043 -0.00340332 5.97409 -6.21993e-05 0.00114503 9.77247e-05 -0.559043 0.0002327 1.56885 -0.00203655
21.152 -0.562592 -0.559184 -0.00340778 5.97672 -6.23722e-05 0.00114715 9.79397e-05 -0.559184 0.000233311 1.56885 -0.00203656
21.153 -0.562737 -0.559325 -0.00341224 5.97935 -6.25451e-05 0.00114926 9.81545e-05 -0.559325 0.000233921 1.56884 -0.00203658
21.154 -0.562883 -0.559466 -0.00341669 5.98199 -6.27178e-05 0.00115138 9.83691e-05 -0.559466 0.00023453 1.56884 -0.00203659
21.155 -0.563029 -0.559608 -0.00342113 5.98463 -6.28905e-05 0.00115349 9.85836e-05 -0.559608 0.000235139 1.56883 -0.00203661
21.156 -0.563175 -0.559749 -0.00342558 5.98727 -6.3063e-05 0.0011556 9.87978e-05 -0.559749 0.000235748 1.56883 -0.00203662
21.157 -0.563321 -0.559891 -0.00343001 5.98992 -6.32355e-05 0.0011577 9.90119e-05 -0.559891 0.000236355 1.56882 -0.00203664
21.158 -0.563468 -0.560034 -0.00343445 5.99258 -6.34079e-05 0.00115981 9.92258e-05 -0.560034 0.000236963 1.56881 -0.00203666
21.159 -0.563615 -0.560176 -0.00343888 5.99523 -6.35802e-05 0.00116191 9.94395e-05 -0.560176 0.000237569 1.56881 -0.00203667
21.16 -0.563762 -0.560319 -0.0034433 5.9979 -6.37523e-05 0.00116401 9.9653e-05 -0.560319 0.000238176 1.5688 -0.00203669
21.161 -0.563909 -0.560462 -0.00344772 6.00056 -6.39244e-05 0.00116611 9.98664e-05 -0.560462 0.000238781 1.5688 -0.0020367
21.162 -0.564057 -0.560605 -0.00345213 6.00324 -6.40964e-05 0.00116821 0.00010008 -0.560605 0.000239386 1.56879 -0.00203672
21.163 -0.564205 -0.560748 -0.00345654 6.00591 -6.42683e-05 0.0011703 0.000100293 -0.560748 0.000239991 1.56879 -0.00203673
21.164 -0.564353 -0.560892 -0.00346094 6.00859 -6.44401e-05 0.0011724 0.000100505 -0.560892 0.000240595 1.56878 -0.00203675
21.165 -0.564501 -0.561036 -0.00346534 6.01128 -6.46118e-05 0.00117449 0.000100718 -0.561036 0.000241198 1.56877 -0.00203676
21.166 -0.56465 -0.56118 -0.00346973 6.01396 -6.47834e-05 0.00117658 0.00010093 -0.56118 0.000241801 1.56877 -0.00203678
21.167 -0.564798 -0.561324 -0.00347412 6.01666 -6.49549e-05 0.00117866 0.000101143 -0.561324 0.000242403 1.56876 -0.00203679
21.168 -0.564947 -0.561469 -0.00347851 6.01936 -6.51263e-05 0.00118075 0.000101355 -0.561469 0.000243004 1.56876 -0.00203681
21.169 -0.565097 -0.561614 -0.00348289 6.02206 -6.52977e-05 0.00118283 0.000101567 -0.561614 0.000243605 1.56875 -0.00203682
21.17 -0.565246 -0.561759 -0.00348726 6.02476 -6.54689e-05 0.00118491 0.000101778 -0.561759 0.000244206 1.56875 -0.00203684
21.171 -0.565396 -0.561904 -0.00349163 6.02747 -6.564e-05 0.00118699 0.00010199 -0.561904 0.000244806 1.56874 -0.00203685
21.172 -0.565545 -0.562049 -0.003496 6.03019 -6.5811e-05 0.00118907 0.000102201 -0.562049 0.000245405 1.56873 -0.00203687
21.173 -0.565696 -0.562195 -0.00350036 6.03291 -6.59819e-05 0.00119115 0.000102413 -0.562195 0.000246004 1.56873 -0.00203688
21.174 -0.565846 -0.562341 -0.00350471 6.03563 -6.61527e-05 0.00119322 0.000102623 -0.562341 0.000246602 1.56872 -0.0020369
21.175 -0.565996 -0.562487 -0.00350906 6.03836 -6.63234e-05 0.00119529 0.000102834 -0.562487 0.000247199 1.56872 -0.00203691
21.176 -0.566147 -0.562634 -0.00351341 6.04109 -6.64939e-05 0.00119736 0.000103045 -0.562634 0.000247796 1.56871 -0.00203693
21.177 -0.566298 -0.562781 -0.00351775 6.04383 -6.66644e-05 0.00119943 0.000103255 -0.562781 0.000248393 1.56871 -0.00203694
21.178 -0.566449 -0.562927 -0.00352209 6.04657 -6.68348e-05 0.00120149 0.000103466 -0.562927 0.000248988 1.5687 -0.00203696
21.179 -0.566601 -0.563075 -0.00352642 6.04931 -6.70051e-05 0.00120356 0.000103676 -0.563075 0.000249583 1.56869 -0.00203697
21.18 -0.566753 -0.563222 -0.00353074 6.05206 -6.71752e-05 0.00120562 0.000103886 -0.563222 0.000250178 1.56869 -0.00203699
21.181 -0.566905 -0.56337 -0.00353507 6.05481 -6.73453e-05 0.00120768 0.000104095 -0.56337 0.000250772 1.56868 -0.002037
21.182 -0.567057 -0.563517 -0.00353938 6.05757 -6.75153e-05 0.00120974 0.000104305 -0.563517 0.000251365 1.56868 -0.00203701
21.183 -0.567209 -0.563665 -0.0035437 6.06033 -6.76851e-05 0.00121179 0.000104514 -0.563665 0.000251958 1.56867 -0.00203703
21.184 -0.567362 -0.563814 -0.003548 6.0631 -6.78548e-05 0.00121385 0.000104723 -0.563814 0.00025255 1.56867 -0.00203704
21.185 -0.567514 -0.563962 -0.00355231 6.06587 -6.80245e-05 0.0012159 0.000104932 -0.563962 0.000253142 1.56866 -0.00203706
21.186 -0.567668 -0.564111 -0.0035566 6.06864 -6.8194e-05 0.00121795 0.000105141 -0.564111 0.000253732 1.56866 -0.00203707
21.187 -0.567821 -0.56426 -0.0035609 6.07142 -6.83634e-05 0.00121999 0.00010535 -0.56426 0.000254323 1.56865 -0.00203709
21.188 -0.567974 -0.564409 -0.00356519 6.07421 -6.85327e-05 0.00122204 0.000105558 -0.564409 0.000254912 1.56864 -0.0020371
21.189 -0.568128 -0.564559 -0.00356947 6.07699 -6.87019e-05 0.00122408 0.000105766 -0.564559 0.000255502 1.56864 -0.00203711
21.19 -0.568282 -0.564708 -0.00357375 6.07978 -6.88709e-05 0.00122613 0.000105974 -0.564708 0.00025609 1.56863 -0.00203713
21.191 -0.568436 -0.564858 -0.00357802 6.08258 -6.90399e-05 0.00122817 0.000106182 -0.564858 0.000256678 1.56863 -0.00203714
21.192 -0.568591 -0.565008 -0.00358229 6.08538 -6.92087e-05 0.0012302 0.00010639 -0.565008 0.000257265 1.56862 -0.00203716
21.193 -0.568745 -0.565159 -0.00358656 6.08818 -6.93775e-05 0.00123224 0.000106597 -0.565159 0.000257852 1.56862 -0.00203717
21.194 -0.5689 -0.565309 -0.00359082 6.09099 -6.95461e-05 0.00123427 0.000106804 -0.565309 0.000258438 1.56861 -0.00203718
21.195 -0.569055 -0.56546 -0.00359507 6.0938 -6.97146e-05 0.00123631 0.000107012 -0.56546 0.000259023 1.5686 -0.0020372
21.196 -0.56921 -0.565611 -0.00359932 6.09662 -6.9883e-05 0.00123834 0.000107218 -0.565611 0.000259608 1.5686 -0.00203721
21.197 -0.569366 -0.565762 -0.00360357 6.09944 -7.00512e-05 0.00124036 0.000107425 -0.565762 0.000260192 1.56859 -0.00203722
21.198 -0.569522 -0.565914 -0.00360781 6.10227 -7.02194e-05 0.00124239 0.000107632 -0.565914 0.000260775 1.56859 -0.00203724
21.199 -0.569677 -0.566065 -0.00361205 6.1051 -7.03875e-05 0.00124442 0.000107838 -0.566065 0.000261358 1.56858 -0.00203725
21.2 -0.569834 -0.566217 -0.00361628 6.10793 -7.05554e-05 0.00124644 0.000108044 -0.566217 0.00026194 1.56858 -0.00203726
21.201 -0.56999 -0.56637 -0.00362051 6.11077 -7.07232e-05 0.00124846 0.00010825 -0.56637 0.000262522 1.56857 -0.00203728
21.202 -0.570147 -0.566522 -0.00362473 6.11361 -7.08909e-05 0.00125048 0.000108456 -0.566522 0.000263103 1.56857 -0.00203729
21.203 -0.570303 -0.566675 -0.00362894 6.11645 -7.10585e-05 0.00125249 0.000108662 -0.566675 0.000263683 1.56856 -0.0020373
21.204 -0.570461 -0.566827 -0.00363316 6.1193 -7.12259e-05 0.00125451 0.000108867 -0.566827 0.000264263 1.56855 -0.00203732
21.205 -0.570618 -0.56698 -0.00363737 6.12216 -7.13932e-05 0.00125652 0.000109072 -0.56698 0.000264842 1.56855 -0.00203733
21.206 -0.570775 -0.567134 -0.00364157 6.12502 -7.15605e-05 0.00125853 0.000109277 -0.567134 0.00026542 1.56854 -0.00203734
21.207 -0.570933 -0.567287 -0.00364577 6.12788 -7.17276e-05 0.00126054 0.000109482 -0.567287 0.000265998 1.56854 -0.00203736
21.208 -0.571091 -0.567441 -0.00364996 6.13075 -7.18945e-05 0.00126255 0.000109687 -0.567441 0.000266575 1.56853 -0.00203737
21.209 -0.571249 -0.567595 -0.00365415 6.13362 -7.20614e-05 0.00126455 0.000109891 -0.567595 0.000267152 1.56853 -0.00203738
21.21 -0.571407 -0.567749 -0.00365833 6.13649 -7.22281e-05 0.00126655 0.000110095 -0.567749 0.000267728 1.56852 -0.00203739
21.211 -0.571566 -0.567904 -0.00366251 6.13937 -7.23948e-05 0.00126856 0.000110299 -0.567904 0.000268303 1.56852 -0.00203741
21.212 -0.571725 -0.568058 -0.00366669 6.14225 -7.25613e-05 0.00127055 0.000110503 -0.568058 0.000268877 1.56851 -0.00203742
21.213 -0.571884 -0.568213 -0.00367086 6.14514 -7.27276e-05 0.00127255 0.000110707 -0.568213 0.000269451 1.5685 -0.00203743
21.214 -0.572043 -0.568368 -0.00367502 6.14803 -7.28939e-05 0.00127455 0.000110911 -0.568368 0.000270024 1.5685 -0.00203744
21.215 -0.572203 -0.568523 -0.00367918 6.15093 -7.306e-05 0.00127654 0.000111114 -0.568523 0.000270597 1.56849 -0.00203746
21.216 -0.572362 -0.568679 -0.00368334 6.15383 -7.3226e-05 0.00127853 0.000111317 -0.568679 0.000271169 1.56849 -0.00203747
21.217 -0.572522 -0.568835 -0.00368749 6.15673 -7.33919e-05 0.00128052 0.00011152 -0.568835 0.00027174 1.56848 -0.00203748
21.218 -0.572682 -0.568991 -0.00369164 6.15964 -7.35577e-05 0.00128251 0.000111723 -0.568991 0.000272311 1.56848 -0.00203749
21.219 -0.572843 -0.569147 -0.00369578 6.16255 -7.37233e-05 0.00128449 0.000111925 -0.569147 0.000272881 1.56847 -0.0020375
21.22 -0.573003 -0.569303 -0.00369992 6.16547 -7.38888e-05 0.00128648 0.000112128 -0.569303 0.00027345 1.56847 -0.00203752
21.221 -0.573164 -0.56946 -0.00370405 6.16839 -7.40542e-05 0.00128846 0.00011233 -0.56946 0.000274019 1.56846 -0.00203753
21.222 -0.573325 -0.569617 -0.00370818 6.17131 -7.42195e-05 0.00129044 0.000112532 -0.569617 0.000274587 1.56846 -0.00203754
21.223 -0.573486 -0.569774 -0.0037123 6.17424 -7.43846e-05 0.00129241 0.000112734 -0.569774 0.000275154 1.56845 -0.00203755
21.224 -0.573648 -0.569931 -0.00371642 6.17717 -7.45496e-05 0.00129439 0.000112935 -0.569931 0.000275721 1.56844 -0.00203756
21.225 -0.573809 -0.570089 -0.00372053 6.18011 -7.47145e-05 0.00129636 0.000113137 -0.570089 0.000276287 1.56844 -0.00203758
21.226 -0.573971 -0.570246 -0.00372464 6.18305 -7.48793e-05 0.00129834 0.000113338 -0.570246 0.000276852 1.56843 -0.00203759
21.227 -0.574133 -0.570404 -0.00372874 6.18599 -7.50439e-05 0.0013003 0.000113539 -0.570404 0.000277417 1.56843 -0.0020376
21.228 -0.574295 -0.570563 -0.00373284 6.18894 -7.52084e-05 0.00130227 0.00011374 -0.570563 0.000277981 1.56842 -0.00203761
21.229 -0.574458 -0.570721 -0.00373694 6.1919 -7.53728e-05 0.00130424 0.00011394 -0.570721 0.000278544 1.56842 -0.00203762
21.23 -0.574621 -0.57088 -0.00374103 6.19485 -7.5537e-05 0.0013062 0.000114141 -0.57088 0.000279107 1.56841 -0.00203763
21.231 -0.574784 -0.571038 -0.00374511 6.19781 -7.57011e-05 0.00130816 0.000114341 -0.571038 0.000279669 1.56841 -0.00203764
21.232 -0.574947 -0.571197 -0.00374919 6.20078 -7.58651e-05 0.00131012 0.000114541 -0.571197 0.00028023 1.5684 -0.00203765
21.233 -0.57511 -0.571357 -0.00375327 6.20375 -7.6029e-05 0.00131208 0.000114741 -0.571357 0.000280791 1.5684 -0.00203767
21.234 -0.575274 -0.571516 -0.00375734 6.20672 -7.61927e-05 0.00131404 0.000114941 -0.571516 0.000281351 1.56839 -0.00203768
21.235 -0.575437 -0.571676 -0.00376141 6.2097 -7.63563e-05 0.00131599 0.00011514 -0.571676 0.00028191 1.56838 -0.00203769
21.236 -0.575601 -0.571836 -0.00376547 6.21268 -7.65198e-05 0.00131794 0.000115339 -0.571836 0.000282469 1.56838 -0.0020377
21.237 -0.575766 -0.571996 -0.00376952 6.21566 -7.66832e-05 0.0013199 0.000115538 -0.571996 0.000283027 1.56837 -0.00203771
21.238 -0.57593 -0.572156 -0.00377358 6.21865 -7.68464e-05 0.00132184 0.000115737 -0.572156 0.000283584 1.56837 -0.00203772
21.239 -0.576095 -0.572317 -0.00377762 6.22164 -7.70095e-05 0.00132379 0.000115936 -0.572317 0.000284141 1.56836 -0.00203773
21.24 -0.576259 -0.572478 -0.00378167 6.22464 -7.71724e-05 0.00132573 0.000116135 -0.572478 0.000284697 1.56836 -0.00203774
21.241 -0.576425 -0.572639 -0.0037857 6.22764 -7.73353e-05 0.00132768 0.000116333 -0.572639 0.000285252 1.56835 -0.00203775
21.242 -0.57659 -0.5728 -0.00378974 6.23064 -7.7498e-05 0.00132962 0.000116531 -0.5728 0.000285806 1.56835 -0.00203776
21.243 -0.576755 -0.572962 -0.00379377 6.23365 -7.76605e-05 0.00133156 0.000116729 -0.572962 0.00028636 1.56834 -0.00203777
21.244 -0.576921 -0.573123 -0.00379779 6.23667 -7.78229e-05 0.00133349 0.000116927 -0.573123 0.000286913 1.56834 -0.00203778
21.245 -0.577087 -0.573285 -0.00380181 6.23968 -7.79852e-05 0.00133543 0.000117124 -0.573285 0.000287466 1.56833 -0.00203779
21.246 -0.577253 -0.573447 -0.00380582 6.2427 -7.81474e-05 0.00133736 0.000117322 -0.573447 0.000288018 1.56832 -0.0020378
21.247 -0.577419 -0.573609 -0.00380983 6.24573 -7.83094e-05 0.00133929 0.000117519 -0.573609 0.000288569 1.56832 -0.00203781
21.248 -0.577586 -0.573772 -0.00381384 6.24876 -7.84713e-05 0.00134122 0.000117716 -0.573772 0.000289119 1.56831 -0.00203782
21.249 -0.577753 -0.573935 -0.00381784 6.25179 -7.86331e-05 0.00134315 0.000117913 -0.573935 0.000289669 1.56831 -0.00203783
21.25 -0.57792 -0.574098 -0.00382183 6.25483 -7.87947e-05 0.00134507 0.000118109 -0.574098 0.000290218 1.5683 -0.00203784
21.251 -0.578087 -0.574261 -0.00382583 6.25787 -7.89562e-05 0.00134699 0.000118305 -0.574261 0.000290766 1.5683 -0.00203785
21.252 -0.578254 -0.574424 -0.00382981 6.26091 -7.91176e-05 0.00134891 0.000118502 -0.574424 0.000291314 1.56829 -0.00203786
21.253 -0.578422 -0.574588 -0.00383379 6.26396 -7.92788e-05 0.00135083 0.000118698 -0.574588 0.000291861 1.56829 -0.00203787
21.254 -0.578589 -0.574752 -0.00383777 6.26701 -7.94399e-05 0.00135275 0.000118893 -0.574752 0.000292407 1.56828 -0.00203788
21.255 -0.578757 -0.574916 -0.00384174 6.27007 -7.96009e-05 0.00135467 0.000119089 -0.574916 0.000292953 1.56828 -0.00203789
21.256 -0.578926 -0.57508 -0.00384571 6.27313 -7.97617e-05 0.00135658 0.000119285 -0.57508 0.000293498 1.56827 -0.0020379
21.257 -0.579094 -0.575244 -0.00384967 6.27619 -7.99224e-05 0.00135849 0.00011948 -0.575244 0.000294042 1.56827 -0.0020379
21.258 -0.579263 -0.575409 -0.00385363 6.27926 -8.0083e-05 0.0013604 0.000119675 -0.575409 0.000294585 1.56826 -0.00203791
21.259 -0.579432 -0.575574 -0.00385758 6.28233 -8.02434e-05 0.00136231 0.00011987 -0.575574 0.000295128 1.56826 -0.00203792
21.26 -0.579601 -0.575739 -0.00386153 6.2854 -8.04037e-05 0.00136421 0.000120064 -0.575739 0.00029567 1.56825 -0.00203793
21.261 -0.57977 -0.575904 -0.00386547 6.28848 -8.05639e-05 0.00136612 0.000120259 -0.575904 0.000296212 1.56824 -0.00203794
21.262 -0.579939 -0.57607 -0.00386941 6.29157 -8.07239e-05 0.00136802 0.000120453 -0.57607 0.000296752 1.56824 -0.00203795
21.263 -0.580109 -0.576236 -0.00387335 6.29465 -8.08837e-05 0.00136992 0.000120647 -0.576236 0.000297292 1.56823 -0.00203796
21.264 -0.580279 -0.576402 -0.00387728 6.29775 -8.10435e-05 0.00137181 0.000120841 -0.576402 0.000297832 1.56823 -0.00203796
21.265 -0.580449 -0.576568 -0.0038812 6.30084 -8.12031e-05 0.00137371 0.000121034 -0.576568 0.00029837 1.56822 -0.00203797
21.266 -0.580619 -0.576734 -0.00388512 6.30394 -8.13626e-05 0.0013756 0.000121228 -0.576734 0.000298908 1.56822 -0.00203798
21.267 -0.58079 -0.576901 -0.00388904 6.30704 -8.15219e-05 0.00137749 0.000121421 -0.576901 0.000299445 1.56821 -0.00203799
21.268 -0.58096 -0.577067 -0.00389295 6.31015 -8.16811e-05 0.00137938 0.000121614 -0.577067 0.000299982 1.56821 -0.002038
21.269 -0.581131 -0.577234 -0.00389685 6.31326 -8.18401e-05 0.00138127 0.000121807 -0.577234 0.000300517 1.5682 -0.002038
21.27 -0.581302 -0.577402 -0.00390075 6.31637 -8.19991e-05 0.00138316 0.000122 -0.577402 0.000301052 1.5682 -0.00203801
21.271 -0.581474 -0.577569 -0.00390465 6.31949 -8.21578e-05 0.00138504 0.000122192 -0.577569 0.000301587 1.56819 -0.00203802
21.272 -0.581645 -0.577737 -0.00390854 6.32261 -8.23165e-05 0.00138692 0.000122385 -0.577737 0.00030212 1.56819 -0.00203803
21.273 -0.581817 -0.577905 -0.00391243 6.32574 -8.2475e-05 0.0013888 0.000122577 -0.577905 0.000302653 1.56818 -0.00203803
21.274 -0.581989 -0.578073 -0.00391631 6.32887 -8.26333e-05 0.00139068 0.000122769 -0.578073 0.000303185 1.56818 -0.00203804
21.275 -0.582161 -0.578241 -0.00392019 6.332 -8.27916e-05 0.00139256 0.00012296 -0.578241 0.000303717 1.56817 -0.00203805
21.276 -0.582333 -0.578409 -0.00392406 6.33514 -8.29497e-05 0.00139443 0.000123152 -0.578409 0.000304247 1.56817 -0.00203806
21.277 -0.582506 -0.578578 -0.00392793 6.33828 -8.31076e-05 0.0013963 0.000123343 -0.578578 0.000304777 1.56816 -0.00203806
21.278 -0.582679 -0.578747 -0.00393179 6.34142 -8.32654e-05 0.00139817 0.000123534 -0.578747 0.000305307 1.56815 -0.00203807
21.279 -0.582852 -0.578916 -0.00393565 6.34457 -8.34231e-05 0.00140004 0.000123725 -0.578916 0.000305835 1.56815 -0.00203808
21.28 -0.583025 -0.579085 -0.0039395 6.34773 -8.35806e-05 0.00140191 0.000123916 -0.579085 0.000306363 1.56814 -0.00203808
21.281 -0.583198 -0.579255 -0.00394335 6.35088 -8.3738e-05 0.00140377 0.000124106 -0.579255 0.00030689 1.56814 -0.00203809
21.282 -0.583372 -0.579424 -0.0039472 6.35404 -8.38952e-05 0.00140563 0.000124297 -0.579424 0.000307417 1.56813 -0.0020381
21.283 -0.583545 -0.579594 -0.00395104 6.3572 -8.40523e-05 0.00140749 0.000124487 -0.579594 0.000307942 1.56813 -0.0020381
21.284 -0.583719 -0.579764 -0.00395487 6.36037 -8.42093e-05 0.00140935 0.000124677 -0.579764 0.000308467 1.56812 -0.00203811
21.285 -0.583894 -0.579935 -0.0039587 6.36354 -8.43661e-05 0.00141121 0.000124867 -0.579935 0.000308992 1.56812 -0.00203812
21.286 -0.584068 -0.580105 -0.00396253 6.36672 -8.45228e-05 0.00141306 0.000125056 -0.580105 0.000309515 1.56811 -0.00203812
21.287 -0.584242 -0.580276 -0.00396635 6.3699 -8.46794e-05 0.00141491 0.000125246 -0.580276 0.000310038 1.56811 -0.00203813
21.288 -0.584417 -0.580447 -0.00397016 6.37308 -8.48358e-05 0.00141676 0.000125435 -0.580447 0.00031056 1.5681 -0.00203813
21.289 -0.584592 -0.580618 -0.00397397 6.37627 -8.4992e-05 0.00141861 0.000125624 -0.580618 0.000311081 1.5681 -0.00203814
21.29 -0.584767 -0.58079 -0.00397778 6.37946 -8.51481e-05 0.00142046 0.000125812 -0.58079 0.000311602 1.56809 -0.00203815
21.291 -0.584943 -0.580961 -0.00398158 6.38265 -8.53041e-05 0.0014223 0.000126001 -0.580961 0.000312122 1.56809 -0.00203815
21.292 -0.585118 -0.581133 -0.00398538 6.38585 -8.546e-05 0.00142415 0.000126189 -0.581133 0.000312641 1.56808 -0.00203816
21.293 -0.585294 -0.581305 -0.00398917 6.38905 -8.56157e-05 0.00142599 0.000126378 -0.581305 0.00031316 1.56808 -0.00203816
21.294 -0.58547 -0.581477 -0.00399296 6.39225 -8.57712e-05 0.00142782 0.000126565 -0.581477 0.000313677 1.56807 -0.00203817
21.295 -0.585646 -0.581649 -0.00399674 6.39546 -8.59266e-05 0.00142966 0.000126753 -0.581649 0.000314194 1.56807 -0.00203817
21.296 -0.585823 -0.581822 -0.00400052 6.39867 -8.60819e-05 0.0014315 0.000126941 -0.581822 0.000314711 1.56806 -0.00203818
21.297 -0.585999 -0.581995 -0.00400429 6.40189 -8.6237e-05 0.00143333 0.000127128 -0.581995 0.000315226 1.56806 -0.00203818
21.298 -0.586176 -0.582168 -0.00400806 6.40511 -8.6392e-05 0.00143516 0.000127315 -0.582168 0.000315741 1.56805 -0.00203819
21.299 -0.586353 -0.582341 -0.00401182 6.40833 -8.65468e-05 0.00143699 0.000127502 -0.582341 0.000316255 1.56805 -0.00203819
21.3 -0.58653 -0.582514 -0.00401558 6.41156 -8.67015e-05 0.00143881 0.000127689 -0.582514 0.000316768 1.56804 -0.0020382
21.301 -0.586707 -0.582688 -0.00401934 6.41479 -8.68561e-05 0.00144064 0.000127876 -0.582688 0.000317281 1.56803 -0.0020382
21.302 -0.586885 -0.582862 -0.00402309 6.41803 -8.70105e-05 0.00144246 0.000128062 -0.582862 0.000317793 1.56803 -0.0020382
21.303 -0.587063 -0.583036 -0.00402683 6.42126 -8.71647e-05 0.00144428 0.000128248 -0.583036 0.000318304 1.56802 -0.00203821
21.304 -0.587241 -0.58321 -0.00403057 6.42451 -8.73189e-05 0.0014461 0.000128434 -0.58321 0.000318814 1.56802 -0.00203821
21.305 -0.587419 -0.583384 -0.00403431 6.42775 -8.74728e-05 0.00144792 0.00012862 -0.583384 0.000319324 1.56801 -0.00203822
21.306 -0.587597 -0.583559 -0.00403804 6.431 -8.76267e-05 0.00144973 0.000128806 -0.583559 0.000319833 1.56801 -0.00203822
21.307 -0.587776 -0.583734 -0.00404176 6.43425 -8.77804e-05 0.00145155 0.000128991 -0.583734 0.000320341 1.568 -0.00203822
21.308 -0.587954 -0.583909 -0.00404548 6.43751 -8.79339e-05 0.00145336 0.000129177 -0.583909 0.000320848 1.568 -0.00203823
21.309 -0.588133 -0.584084 -0.0040492 6.44077 -8.80873e-05 0.00145516 0.000129362 -0.584084 0.000321355 1.56799 -0.00203823
21.31 -0.588312 -0.58426 -0.00405291 6.44404 -8.82406e-05 0.00145697 0.000129546 -0.58426 0.000321861 1.56799 -0.00203824
21.311 -0.588492 -0.584435 -0.00405662 6.4473 -8.83937e-05 0.00145878 0.000129731 -0.584435 0.000322366 1.56798 -0.00203824
21.312 -0.588671 -0.584611 -0.00406032 6.45057 -8.85466e-05 0.00146058 0.000129915 -0.584611 0.000322871 1.56798 -0.00203824
21.313 -0.588851 -0.584787 -0.00406401 6.45385 -8.86995e-05 0.00146238 0.0001301 -0.584787 0.000323374 1.56797 -0.00203824
21.314 -0.589031 -0.584963 -0.00406771 6.45713 -8.88521e-05 0.00146418 0.000130284 -0.584963 0.000323877 1.56797 -0.00203825
21.315 -0.589211 -0.58514 -0.00407139 6.46041 -8.90047e-05 0.00146598 0.000130468 -0.58514 0.00032438 1.56796 -0.00203825
21.316 -0.589391 -0.585316 -0.00407508 6.46369 -8.91571e-05 0.00146777 0.000130651 -0.585316 0.000324881 1.56796 -0.00203825
21.317 -0.589572 -0.585493 -0.00407875 6.46698 -8.93093e-05 0.00146956 0.000130835 -0.585493 0.000325382 1.56795 -0.00203826
21.318 -0.589753 -0.58567 -0.00408243 6.47028 -8.94614e-05 0.00147135 0.000131018 -0.58567 0.000325882 1.56795 -0.00203826
21.319 -0.589933 -0.585847 -0.00408609 6.47357 -8.96133e-05 0.00147314 0.000131201 -0.585847 0.000326381 1.56794 -0.00203826
21.32 -0.590115 -0.586025 -0.00408976 6.47687 -8.97651e-05 0.00147493 0.000131384 -0.586025 0.000326879 1.56794 -0.00203826
21.321 -0.590296 -0.586202 -0.00409342 6.48018 -8.99168e-05 0.00147672 0.000131566 -0.586202 0.000327377 1.56793 -0.00203826
21.322 -0.590477 -0.58638 -0.00409707 6.48348 -9.00683e-05 0.0014785 0.000131749 -0.58638 0.000327874 1.56793 -0.00203827
21.323 -0.590659 -0.586558 -0.00410072 6.4868 -9.02197e-05 0.00148028 0.000131931 -0.586558 0.00032837 1.56792 -0.00203827
21.324 -0.590841 -0.586736 -0.00410436 6.49011 -9.03709e-05 0.00148206 0.000132113 -0.586736 0.000328866 1.56792 -0.00203827
21.325 -0.591023 -0.586915 -0.004108 6.49343 -9.0522e-05 0.00148383 0.000132295 -0.586915 0.000329361 1.56791 -0.00203827
21.326 -0.591205 -0.587093 -0.00411164 6.49675 -9.06729e-05 0.00148561 0.000132477 -0.587093 0.000329855 1.56791 -0.00203827
21.327 -0.591388 -0.587272 -0.00411527 6.50007 -9.08237e-05 0.00148738 0.000132658 -0.587272 0.000330348 1.5679 -0.00203827
21.328 -0.59157 -0.587451 -0.00411889 6.5034 -9.09743e-05 0.00148915 0.000132839 -0.587451 0.00033084 1.5679 -0.00203828
21.329 -0.591753 -0.58763 -0.00412251 6.50674 -9.11248e-05 0.00149092 0.000133021 -0.58763 0.000331332 1.56789 -0.00203828
21.33 -0.591936 -0.58781 -0.00412613 6.51007 -9.12751e-05 0.00149269 0.000133201 -0.58781 0.000331823 1.56789 -0.00203828
21.331 -0.592119 -0.587989 -0.00412974 6.51341 -9.14253e-05 0.00149445 0.000133382 -0.587989 0.000332313 1.56788 -0.00203828
21.332 -0.592303 -0.588169 -0.00413335 6.51675 -9.15754e-05 0.00149622 0.000133563 -0.588169 0.000332803 1.56788 -0.00203828
21.333 -0.592486 -0.588349 -0.00413695 6.5201 -9.17253e-05 0.00149798 0.000133743 -0.588349 0.000333291 1.56787 -0.00203828
21.334 -0.59267 -0.588529 -0.00414054 6.52345 -9.1875e-05 0.00149974 0.000133923 -0.588529 0.000333779 1.56787 -0.00203828
21.335 -0.592854 -0.58871 -0.00414414 6.5268 -9.20246e-05 0.00150149 0.000134103 -0.58871 0.000334267 1.56786 -0.00203828
21.336 -0.593038 -0.58889 -0.00414772 6.53016 -9.21741e-05 0.00150325 0.000134283 -0.58889 0.000334753 1.56786 -0.00203828
21.337 -0.593222 -0.589071 -0.0041513 6.53352 -9.23234e-05 0.001505 0.000134462 -0.589071 0.000335239 1.56785 -0.00203828
21.338 -0.593407 -0.589252 -0.00415488 6.53688 -9.24725e-05 0.00150675 0.000134641 -0.589252 0.000335724 1.56785 -0.00203828
21.339 -0.593592 -0.589433 -0.00415845 6.54025 -9.26216e-05 0.0015085 0.00013482 -0.589433 0.000336208 1.56784 -0.00203828
21.34 -0.593777 -0.589614 -0.00416202 6.54362 -9.27704e-05 0.00151025 0.000134999 -0.589614 0.000336691 1.56784 -0.00203828
21.341 -0.593962 -0.589796 -0.00416558 6.547 -9.29191e-05 0.00151199 0.000135178 -0.589796 0.000337174 1.56783 -0.00203828
21.342 -0.594147 -0.589978 -0.00416914 6.55037 -9.30677e-05 0.00151374 0.000135357 -0.589978 0.000337656 1.56783 -0.00203828
21.343 -0.594332 -0.59016 -0.0041727 6.55376 -9.32161e-05 0.00151548 0.000135535 -0.59016 0.000338137 1.56782 -0.00203828
21.344 -0.594518 -0.590342 -0.00417624 6.55714 -9.33644e-05 0.00151722 0.000135713 -0.590342 0.000338617 1.56782 -0.00203828
21.345 -0.594704 -0.590524 -0.00417979 6.56053 -9.35125e-05 0.00151895 0.000135891 -0.590524 0.000339097 1.56781 -0.00203828
21.346 -0.59489 -0.590707 -0.00418333 6.56392 -9.36605e-05 0.00152069 0.000136069 -0.590707 0.000339576 1.56781 -0.00203827
21.347 -0.595076 -0.590889 -0.00418686 6.56732 -9.38083e-05 0.00152242 0.000136246 -0.590889 0.000340054 1.5678 -0.00203827
21.348 -0.595263 -0.591072 -0.00419039 6.57071 -9.3956e-05 0.00152415 0.000136424 -0.591072 0.000340531 1.5678 -0.00203827
21.349 -0.595449 -0.591255 -0.00419391 6.57412 -9.41035e-05 0.00152588 0.000136601 -0.591255 0.000341008 1.56779 -0.00203827
21.35 -0.595636 -0.591438 -0.00419743 6.57752 -9.42509e-05 0.00152761 0.000136778 -0.591438 0.000341483 1.56779 -0.00203827
21.351 -0.595823 -0.591622 -0.00420095 6.58093 -9.43981e-05 0.00152933 0.000136954 -0.591622 0.000341958 1.56778 -0.00203827
21.352 -0.59601 -0.591806 -0.00420446 6.58434 -9.45452e-05 0.00153106 0.000137131 -0.591806 0.000342433 1.56778 -0.00203826
21.353 -0.596197 -0.591989 -0.00420796 6.58776 -9.46921e-05 0.00153278 0.000137307 -0.591989 0.000342906 1.56777 -0.00203826
21.354 -0.596385 -0.592173 -0.00421146 6.59118 -9.48389e-05 0.0015345 0.000137483 -0.592173 0.000343379 1.56777 -0.00203826
21.355 -0.596573 -0.592358 -0.00421496 6.5946 -9.49856e-05 0.00153621 0.000137659 -0.592358 0.000343851 1.56776 -0.00203826
21.356 -0.596761 -0.592542 -0.00421845 6.59803 -9.51321e-05 0.00153793 0.000137835 -0.592542 0.000344322 1.56776 -0.00203826
21.357 -0.596949 -0.592727 -0.00422193 6.60146 -9.52784e-05 0.00153964 0.000138011 -0.592727 0.000344792 1.56775 -0.00203825
21.358 -0.597137 -0.592911 -0.00422542 6.60489 -9.54246e-05 0.00154135 0.000138186 -0.592911 0.000345262 1.56775 -0.00203825
21.359 -0.597325 -0.593096 -0.00422889 6.60833 -9.55706e-05 0.00154306 0.000138361 -0.593096 0.000345731 1.56774 -0.00203825
21.36 -0.597514 -0.593282 -0.00423236 6.61177 -9.57165e-05 0.00154477 0.000138536 -0.593282 0.000346199 1.56774 -0.00203824
21.361 -0.597703 -0.593467 -0.00423583 6.61521 -9.58622e-05 0.00154647 0.000138711 -0.593467 0.000346666 1.56773 -0.00203824
21.362 -0.597892 -0.593653 -0.00423929 6.61866 -9.60078e-05 0.00154818 0.000138885 -0.593653 0.000347133 1.56773 -0.00203824
21.363 -0.598081 -0.593838 -0.00424275 6.62211 -9.61533e-05 0.00154988 0.00013906 -0.593838 0.000347598 1.56772 -0.00203823
21.364 -0.59827 -0.594024 -0.0042462 6.62556 -9.62985e-05 0.00155157 0.000139234 -0.594024 0.000348063 1.56772 -0.00203823
21.365 -0.59846 -0.59421 -0.00424965 6.62902 -9.64437e-05 0.00155327 0.000139408 -0.59421 0.000348528 1.56771 -0.00203823
21.366 -0.59865 -0.594397 -0.00425309 6.63248 -9.65887e-05 0.00155497 0.000139582 -0.594397 0.000348991 1.56771 -0.00203822
21.367 -0.59884 -0.594583 -0.00425653 6.63594 -9.67335e-05 0.00155666 0.000139755 -0.594583 0.000349454 1.5677 -0.00203822
21.368 -0.59903 -0.59477 -0.00425996 6.63941 -9.68782e-05 0.00155835 0.000139929 -0.59477 0.000349916 1.5677 -0.00203821
21.369 -0.59922 -0.594957 -0.00426339 6.64288 -9.70227e-05 0.00156004 0.000140102 -0.594957 0.000350377 1.56769 -0.00203821
21.37 -0.599411 -0.595144 -0.00426681 6.64635 -9.71671e-05 0.00156172 0.000140275 -0.595144 0.000350837 1.56769 -0.0020382
21.371 -0.599601 -0.595331 -0.00427023 6.64983 -9.73114e-05 0.00156341 0.000140447 -0.595331 0.000351297 1.56768 -0.0020382
21.372 -0.599792 -0.595518 -0.00427364 6.65331 -9.74554e-05 0.00156509 0.00014062 -0.595518 0.000351755 1.56768 -0.00203819
21.373 -0.599983 -0.595706 -0.00427705 6.65679 -9.75994e-05 0.00156677 0.000140792 -0.595706 0.000352213 1.56767 -0.00203819
21.374 -0.600174 -0.595894 -0.00428045 6.66028 -9.77432e-05 0.00156845 0.000140965 -0.595894 0.000352671 1.56767 -0.00203818
21.375 -0.600366 -0.596082 -0.00428385 6.66377 -9.78868e-05 0.00157013 0.000141137 -0.596082 0.000353127 1.56766 -0.00203818
21.376 -0.600557 -0.59627 -0.00428725 6.66726 -9.80303e-05 0.0015718 0.000141308 -0.59627 0.000353583 1.56766 -0.00203817
21.377 -0.600749 -0.596458 -0.00429063 6.67076 -9.81736e-05 0.00157347 0.00014148 -0.596458 0.000354038 1.56765 -0.00203817
21.378 -0.600941 -0.596647 -0.00429402 6.67426 -9.83168e-05 0.00157514 0.000141651 -0.596647 0.000354492 1.56765 -0.00203816
21.379 -0.601133 -0.596836 -0.0042974 6.67776 -9.84598e-05 0.00157681 0.000141823 -0.596836 0.000354945 1.56764 -0.00203815
21.38 -0.601325 -0.597024 -0.00430077 6.68127 -9.86027e-05 0.00157848 0.000141994 -0.597024 0.000355398 1.56764 -0.00203815
21.381 -0.601518 -0.597214 -0.00430414 6.68478 -9.87454e-05 0.00158014 0.000142164 -0.597214 0.00035585 1.56763 -0.00203814
21.382 -0.60171 -0.597403 -0.00430751 6.68829 -9.8888e-05 0.00158181 0.000142335 -0.597403 0.000356301 1.56763 -0.00203814
21.383 -0.601903 -0.597592 -0.00431087 6.69181 -9.90304e-05 0.00158347 0.000142505 -0.597592 0.000356751 1.56763 -0.00203813
21.384 -0.602096 -0.597782 -0.00431422 6.69533 -9.91727e-05 0.00158512 0.000142676 -0.597782 0.0003572 1.56762 -0.00203812
21.385 -0.602289 -0.597972 -0.00431757 6.69885 -9.93148e-05 0.00158678 0.000142846 -0.597972 0.000357649 1.56762 -0.00203811
21.386 -0.602483 -0.598162 -0.00432092 6.70237 -9.94568e-05 0.00158843 0.000143015 -0.598162 0.000358097 1.56761 -0.00203811
21.387 -0.602676 -0.598352 -0.00432426 6.7059 -9.95986e-05 0.00159009 0.000143185 -0.598352 0.000358544 1.56761 -0.0020381
21.388 -0.60287 -0.598542 -0.00432759 6.70944 -9.97403e-05 0.00159174 0.000143355 -0.598542 0.00035899 1.5676 -0.00203809
21.389 -0.603064 -0.598733 -0.00433092 6.71297 -9.98818e-05 0.00159338 0.000143524 -0.598733 0.000359436 1.5676 -0.00203809
21.39 -0.603258 -0.598924 -0.00433425 6.71651 -0.000100023 0.00159503 0.000143693 -0.598924 0.00035988 1.56759 -0.00203808
21.391 -0.603452 -0.599115 -0.00433757 6.72005 -0.000100164 0.00159667 0.000143862 -0.599115 0.000360324 1.56759 -0.00203807
21.392 -0.603647 -0.599306 -0.00434089 6.7236 -0.000100305 0.00159832 0.00014403 -0.599306 0.000360767 1.56758 -0.00203806
21.393 -0.603841 -0.599497 -0.0043442 6.72715 -0.000100446 0.00159996 0.000144199 -0.599497 0.00036121 1.56758 -0.00203805
21.394 -0.604036 -0.599688 -0.0043475 6.7307 -0.000100587 0.00160159 0.000144367 -0.599688 0.000361651 1.56757 -0.00203804
21.395 -0.604231 -0.59988 -0.00435081 6.73426 -0.000100728 0.00160323 0.000144535 -0.59988 0.000362092 1.56757 -0.00203804
21.396 -0.604426 -0.600072 -0.0043541 6.73782 -0.000100868 0.00160486 0.000144703 -0.600072 0.000362532 1.56756 -0.00203803
21.397 -0.604621 -0.600264 -0.00435739 6.74138 -0.000101008 0.00160649 0.00014487 -0.600264 0.000362971 1.56756 -0.00203802
21.398 -0.604817 -0.600456 -0.00436068 6.74494 -0.000101149 0.00160812 0.000145038 -0.600456 0.00036341 1.56755 -0.00203801
21.399 -0.605012 -0.600648 -0.00436396 6.74851 -0.000101289 0.00160975 0.000145205 -0.600648 0.000363847 1.56755 -0.002038
21.4 -0.605208 -0.600841 -0.00436724 6.75208 -0.000101428 0.00161138 0.000145372 -0.600841 0.000364284 1.56754 -0.00203799
21.401 -0.605404 -0.601034 -0.00437051 6.75566 -0.000101568 0.001613 0.000145539 -0.601034 0.00036472 1.56754 -0.00203798
21.402 -0.6056 -0.601227 -0.00437378 6.75923 -0.000101708 0.00161462 0.000145706 -0.601227 0.000365156 1.56753 -0.00203797
21.403 -0.605797 -0.60142 -0.00437704 6.76281 -0.000101847 0.00161624 0.000145872 -0.60142 0.00036559 1.56753 -0.00203796
21.404 -0.605993 -0.601613 -0.0043803 6.7664 -0.000101986 0.00161786 0.000146039 -0.601613 0.000366024 1.56752 -0.00203795
21.405 -0.60619 -0.601806 -0.00438355 6.76999 -0.000102125 0.00161947 0.000146205 -0.601806 0.000366457 1.56752 -0.00203794
21.406 -0.606387 -0.602 -0.0043868 6.77358 -0.000102264 0.00162109 0.00014637 -0.602 0.000366889 1.56752 -0.00203793
21.407 -0.606584 -0.602194 -0.00439004 6.77717 -0.000102403 0.0016227 0.000146536 -0.602194 0.00036732 1.56751 -0.00203792
21.408 -0.606781 -0.602388 -0.00439328 6.78077 -0.000102542 0.00162431 0.000146702 -0.602388 0.000367751 1.56751 -0.00203791
21.409 -0.606979 -0.602582 -0.00439652 6.78437 -0.00010268 0.00162592 0.000146867 -0.602582 0.00036818 1.5675 -0.0020379
21.41 -0.607176 -0.602776 -0.00439974 6.78797 -0.000102818 0.00162752 0.000147032 -0.602776 0.000368609 1.5675 -0.00203789
21.411 -0.607374 -0.602971 -0.00440297 6.79158 -0.000102957 0.00162912 0.000147197 -0.602971 0.000369037 1.56749 -0.00203788
21.412 -0.607572 -0.603166 -0.00440619 6.79519 -0.000103095 0.00163072 0.000147362 -0.603166 0.000369465 1.56749 -0.00203786
21.413 -0.60777 -0.60336 -0.0044094 6.7988 -0.000103233 0.00163232 0.000147526 -0.60336 0.000369891 1.56748 -0.00203785
21.414 -0.607968 -0.603555 -0.00441261 6.80241 -0.00010337 0.00163392 0.00014769 -0.603555 0.000370317 1.56748 -0.00203784
21.415 -0.608167 -0.603751 -0.00441581 6.80603 -0.000103508 0.00163551 0.000147855 -0.603751 0.000370742 1.56747 -0.00203783
21.416 -0.608365 -0.603946 -0.00441901 6.80965 -0.000103645 0.00163711 0.000148018 -0.603946 0.000371166 1.56747 -0.00203782
21.417 -0.608564 -0.604142 -0.0044222 6.81328 -0.000103782 0.0016387 0.000148182 -0.604142 0.000371589 1.56746 -0.0020378
21.418 -0.608763 -0.604337 -0.00442539 6.81691 -0.00010392 0.00164029 0.000148346 -0.604337 0.000372012 1.56746 -0.00203779
21.419 -0.608962 -0.604533 -0.00442858 6.82054 -0.000104056 0.00164187 0.000148509 -0.604533 0.000372434 1.56745 -0.00203778
21.42 -0.609161 -0.604729 -0.00443176 6.82417 -0.000104193 0.00164346 0.000148672 -0.604729 0.000372855 1.56745 -0.00203777
21.421 -0.609361 -0.604926 -0.00443493 6.82781 -0.00010433 0.00164504 0.000148835 -0.604926 0.000373275 1.56744 -0.00203775
21.422 -0.60956 -0.605122 -0.0044381 6.83145 -0.000104466 0.00164662 0.000148998 -0.605122 0.000373694 1.56744 -0.00203774
21.423 -0.60976 -0.605319 -0.00444127 6.83509 -0.000104603 0.0016482 0.00014916 -0.605319 0.000374113 1.56744 -0.00203773
21.424 -0.60996 -0.605516 -0.00444443 6.83874 -0.000104739 0.00164978 0.000149323 -0.605516 0.000374531 1.56743 -0.00203771
21.425 -0.61016 -0.605713 -0.00444758 6.84239 -0.000104875 0.00165135 0.000149485 -0.605713 0.000374948 1.56743 -0.0020377
21.426 -0.61036 -0.60591 -0.00445073 6.84604 -0.000105011 0.00165292 0.000149647 -0.60591 0.000375364 1.56742 -0.00203768
21.427 -0.610561 -0.606107 -0.00445388 6.8497 -0.000105146 0.00165449 0.000149808 -0.606107 0.000375779 1.56742 -0.00203767
21.428 -0.610762 -0.606305 -0.00445702 6.85336 -0.000105282 0.00165606 0.00014997 -0.606305 0.000376194 1.56741 -0.00203766
21.429 -0.610962 -0.606502 -0.00446015 6.85702 -0.000105417 0.00165763 0.000150131 -0.606502 0.000376608 1.56741 -0.00203764
21.43 -0.611163 -0.6067 -0.00446328 6.86068 -0.000105553 0.00165919 0.000150292 -0.6067 0.000377021 1.5674 -0.00203763
21.431 -0.611365 -0.606898 -0.00446641 6.86435 -0.000105688 0.00166075 0.000150453 -0.606898 0.000377433 1.5674 -0.00203761
21.432 -0.611566 -0.607096 -0.00446953 6.86802 -0.000105823 0.00166231 0.000150614 -0.607096 0.000377844 1.56739 -0.0020376
21.433 -0.611767 -0.607295 -0.00447264 6.87169 -0.000105958 0.00166387 0.000150775 -0.607295 0.000378255 1.56739 -0.00203758
21.434 -0.611969 -0.607493 -0.00447575 6.87537 -0.000106092 0.00166543 0.000150935 -0.607493 0.000378664 1.56738 -0.00203757
21.435 -0.612171 -0.607692 -0.00447886 6.87905 -0.000106227 0.00166698 0.000151095 -0.607692 0.000379073 1.56738 -0.00203755
21.436 -0.612373 -0.607891 -0.00448196 6.88273 -0.000106361 0.00166853 0.000151255 -0.607891 0.000379482 1.56738 -0.00203753
21.437 -0.612575 -0.60809 -0.00448505 6.88642 -0.000106495 0.00167008 0.000151415 -0.60809 0.000379889 1.56737 -0.00203752
21.438 -0.612777 -0.608289 -0.00448815 6.89011 -0.000106629 0.00167163 0.000151575 -0.608289 0.000380295 1.56737 -0.0020375
21.439 -0.61298 -0.608488 -0.00449123 6.8938 -0.000106763 0.00167317 0.000151734 -0.608488 0.000380701 1.56736 -0.00203749
21.44 -0.613182 -0.608688 -0.00449431 6.8975 -0.000106897 0.00167472 0.000151893 -0.608688 0.000381106 1.56736 -0.00203747
21.441 -0.613385 -0.608888 -0.00449739 6.90119 -0.00010703 0.00167626 0.000152052 -0.608888 0.00038151 1.56735 -0.00203745
21.442 -0.613588 -0.609088 -0.00450046 6.90489 -0.000107164 0.0016778 0.000152211 -0.609088 0.000381914 1.56735 -0.00203743
21.443 -0.613791 -0.609288 -0.00450353 6.9086 -0.000107297 0.00167933 0.00015237 -0.609288 0.000382316 1.56734 -0.00203742
21.444 -0.613995 -0.609488 -0.00450659 6.9123 -0.00010743 0.00168087 0.000152528 -0.609488 0.000382718 1.56734 -0.0020374
21.445 -0.614198 -0.609688 -0.00450964 6.91601 -0.000107563 0.0016824 0.000152686 -0.609688 0.000383119 1.56733 -0.00203738
21.446 -0.614402 -0.609889 -0.0045127 6.91973 -0.000107696 0.00168393 0.000152844 -0.609889 0.000383519 1.56733 -0.00203736
21.447 -0.614605 -0.61009 -0.00451574 6.92344 -0.000107828 0.00168546 0.000153002 -0.61009 0.000383918 1.56732 -0.00203735
21.448 -0.614809 -0.610291 -0.00451878 6.92716 -0.000107961 0.00168699 0.00015316 -0.610291 0.000384317 1.56732 -0.00203733
21.449 -0.615014 -0.610492 -0.00452182 6.93088 -0.000108093 0.00168851 0.000153317 -0.610492 0.000384714 1.56732 -0.00203731
21.45 -0.615218 -0.610693 -0.00452485 6.93461 -0.000108225 0.00169004 0.000153474 -0.610693 0.000385111 1.56731 -0.00203729
21.451 -0.615422 -0.610894 -0.00452788 6.93833 -0.000108357 0.00169156 0.000153631 -0.610894 0.000385507 1.56731 -0.00203727
21.452 -0.615627 -0.611096 -0.0045309 6.94206 -0.000108489 0.00169307 0.000153788 -0.611096 0.000385902 1.5673 -0.00203725
21.453 -0.615832 -0.611298 -0.00453392 6.9458 -0.000108621 0.00169459 0.000153945 -0.611298 0.000386297 1.5673 -0.00203723
21.454 -0.616037 -0.6115 -0.00453693 6.94953 -0.000108753 0.0016961 0.000154101 -0.6115 0.000386691 1.56729 -0.00203722
21.455 -0.616242 -0.611702 -0.00453994 6.95327 -0.000108884 0.00169762 0.000154258 -0.611702 0.000387083 1.56729 -0.0020372
21.456 -0.616447 -0.611904 -0.00454294 6.95702 -0.000109015 0.00169913 0.000154414 -0.611904 0.000387475 1.56728 -0.00203718
21.457 -0.616652 -0.612106 -0.00454593 6.96076 -0.000109146 0.00170063 0.000154569 -0.612106 0.000387867 1.56728 -0.00203716
21.458 -0.616858 -0.612309 -0.00454893 6.96451 -0.000109277 0.00170214 0.000154725 -0.612309 0.000388257 1.56727 -0.00203714
21.459 -0.617064 -0.612512 -0.00455191 6.96826 -0.000109408 0.00170364 0.000154881 -0.612512 0.000388646 1.56727 -0.00203712
21.46 -0.61727 -0.612715 -0.0045549 6.97201 -0.000109539 0.00170515 0.000155036 -0.612715 0.000389035 1.56727 -0.0020371
21.461 -0.617476 -0.612918 -0.00455787 6.97577 -0.000109669 0.00170665 0.000155191 -0.612918 0.000389423 1.56726 -0.00203707
21.462 -0.617682 -0.613121 -0.00456085 6.97953 -0.000109799 0.00170814 0.000155346 -0.613121 0.00038981 1.56726 -0.00203705
21.463 -0.617888 -0.613325 -0.00456381 6.98329 -0.00010993 0.00170964 0.0001555 -0.613325 0.000390197 1.56725 -0.00203703
21.464 -0.618095 -0.613528 -0.00456677 6.98706 -0.00011006 0.00171113 0.000155655 -0.613528 0.000390582 1.56725 -0.00203701
21.465 -0.618302 -0.613732 -0.00456973 6.99082 -0.000110189 0.00171262 0.000155809 -0.613732 0.000390967 1.56724 -0.00203699
21.466 -0.618509 -0.613936 -0.00457268 6.99459 -0.000110319 0.00171411 0.000155963 -0.613936 0.000391351 1.56724 -0.00203697
21.467 -0.618716 -0.61414 -0.00457563 6.99837 -0.000110449 0.0017156 0.000156117 -0.61414 0.000391734 1.56723 -0.00203695
21.468 -0.618923 -0.614344 -0.00457857 7.00214 -0.000110578 0.00171709 0.000156271 -0.614344 0.000392116 1.56723 -0.00203692
21.469 -0.61913 -0.614549 -0.00458151 7.00592 -0.000110707 0.00171857 0.000156424 -0.614549 0.000392498 1.56723 -0.0020369
21.47 -0.619338 -0.614753 -0.00458444 7.00971 -0.000110836 0.00172005 0.000156578 -0.614753 0.000392878 1.56722 -0.00203688
21.471 -0.619545 -0.614958 -0.00458737 7.01349 -0.000110965 0.00172153 0.000156731 -0.614958 0.000393258 1.56722 -0.00203686
21.472 -0.619753 -0.615163 -0.00459029 7.01728 -0.000111094 0.001723 0.000156884 -0.615163 0.000393637 1.56721 -0.00203683
21.473 -0.619961 -0.615368 -0.00459321 7.02107 -0.000111223 0.00172448 0.000157037 -0.615368 0.000394015 1.56721 -0.00203681
21.474 -0.620169 -0.615573 -0.00459613 7.02486 -0.000111351 0.00172595 0.000157189 -0.615573 0.000394392 1.5672 -0.00203679
21.475 -0.620378 -0.615779 -0.00459903 7.02866 -0.000111479 0.00172742 0.000157341 -0.615779 0.000394769 1.5672 -0.00203676
21.476 -0.620586 -0.615984 -0.00460194 7.03246 -0.000111607 0.00172889 0.000157494 -0.615984 0.000395145 1.56719 -0.00203674
21.477 -0.620795 -0.61619 -0.00460483 7.03626 -0.000111735 0.00173036 0.000157645 -0.61619 0.00039552 1.56719 -0.00203671
21.478 -0.621003 -0.616396 -0.00460773 7.04006 -0.000111863 0.00173182 0.000157797 -0.616396 0.000395894 1.56718 -0.00203669
21.479 -0.621212 -0.616602 -0.00461061 7.04387 -0.000111991 0.00173328 0.000157949 -0.616602 0.000396267 1.56718 -0.00203667
21.48 -0.621421 -0.616808 -0.0046135 7.04768 -0.000112118 0.00173474 0.0001581 -0.616808 0.000396639 1.56718 -0.00203664
21.481 -0.621631 -0.617014 -0.00461637 7.0515 -0.000112246 0.0017362 0.000158251 -0.617014 0.000397011 1.56717 -0.00203662
21.482 -0.62184 -0.617221 -0.00461925 7.05531 -0.000112373 0.00173766 0.000158402 -0.617221 0.000397382 1.56717 -0.00203659
21.483 -0.62205 -0.617427 -0.00462212 7.05913 -0.0001125 0.00173911 0.000158553 -0.617427 0.000397752 1.56716 -0.00203657
21.484 -0.622259 -0.617634 -0.00462498 7.06295 -0.000112627 0.00174056 0.000158704 -0.617634 0.000398121 1.56716 -0.00203654
21.485 -0.622469 -0.617841 -0.00462784 7.06677 -0.000112754 0.00174201 0.000158854 -0.617841 0.000398489 1.56715 -0.00203651
21.486 -0.622679 -0.618049 -0.00463069 7.0706 -0.00011288 0.00174346 0.000159004 -0.618049 0.000398857 1.56715 -0.00203649
21.487 -0.622889 -0.618256 -0.00463354 7.07443 -0.000113007 0.0017449 0.000159154 -0.618256 0.000399224 1.56715 -0.00203646
21.488 -0.6231 -0.618463 -0.00463638 7.07826 -0.000113133 0.00174635 0.000159304 -0.618463 0.00039959 1.56714 -0.00203644
21.489 -0.62331 -0.618671 -0.00463922 7.0821 -0.000113259 0.00174779 0.000159454 -0.618671 0.000399955 1.56714 -0.00203641
21.49 -0.623521 -0.618879 -0.00464205 7.08594 -0.000113385 0.00174923 0.000159603 -0.618879 0.000400319 1.56713 -0.00203638
21.491 -0.623732 -0.619087 -0.00464488 7.08978 -0.000113511 0.00175066 0.000159752 -0.619087 0.000400682 1.56713 -0.00203636
21.492 -0.623943 -0.619295 -0.0046477 7.09362 -0.000113637 0.0017521 0.000159901 -0.619295 0.000401045 1.56712 -0.00203633
21.493 -0.624154 -0.619503 -0.00465052 7.09747 -0.000113762 0.00175353 0.00016005 -0.619503 0.000401407 1.56712 -0.0020363
21.494 -0.624365 -0.619712 -0.00465333 7.10131 -0.000113887 0.00175496 0.000160199 -0.619712 0.000401768 1.56711 -0.00203627
21.495 -0.624576 -0.61992 -0.00465614 7.10517 -0.000114013 0.00175639 0.000160347 -0.61992 0.000402128 1.56711 -0.00203624
21.496 -0.624788 -0.620129 -0.00465894 7.10902 -0.000114138 0.00175782 0.000160495 -0.620129 0.000402487 1.56711 -0.00203622
21.497 -0.625 -0.620338 -0.00466174 7.11288 -0.000114263 0.00175924 0.000160643 -0.620338 0.000402846 1.5671 -0.00203619
21.498 -0.625211 -0.620547 -0.00466453 7.11674 -0.000114387 0.00176066 0.000160791 -0.620547 0.000403203 1.5671 -0.00203616
21.499 -0.625424 -0.620756 -0.00466732 7.1206 -0.000114512 0.00176208 0.000160939 -0.620756 0.00040356 1.56709 -0.00203613
21.5 -0.625636 -0.620966 -0.00467011 7.12446 -0.000114636 0.0017635 0.000161086 -0.620966 0.000403916 1.56709 -0.0020361
21.501 -0.625848 -0.621175 -0.00467288 7.12833 -0.00011476 0.00176492 0.000161234 -0.621175 0.000404272 1.56708 -0.00203607
21.502 -0.62606 -0.621385 -0.00467566 7.1322 -0.000114885 0.00176633 0.000161381 -0.621385 0.000404626 1.56708 -0.00203604
21.503 -0.626273 -0.621595 -0.00467842 7.13607 -0.000115008 0.00176774 0.000161527 -0.621595 0.00040498 1.56708 -0.00203601
21.504 -0.626486 -0.621805 -0.00468119 7.13995 -0.000115132 0.00176915 0.000161674 -0.621805 0.000405332 1.56707 -0.00203598
21.505 -0.626699 -0.622015 -0.00468394 7.14383 -0.000115256 0.00177056 0.000161821 -0.622015 0.000405684 1.56707 -0.00203595
21.506 -0.626912 -0.622225 -0.0046867 7.14771 -0.000115379 0.00177196 0.000161967 -0.622225 0.000406035 1.56706 -0.00203592
21.507 -0.627125 -0.622436 -0.00468945 7.15159 -0.000115503 0.00177337 0.000162113 -0.622436 0.000406385 1.56706 -0.00203589
21.508 -0.627338 -0.622646 -0.00469219 7.15548 -0.000115626 0.00177477 0.000162259 -0.622646 0.000406735 1.56705 -0.00203586
21.509 -0.627552 -0.622857 -0.00469493 7.15937 -0.000115749 0.00177617 0.000162405 -0.622857 0.000407084 1.56705 -0.00203583
21.51 -0.627766 -0.623068 -0.00469766 7.16326 -0.000115872 0.00177756 0.00016255 -0.623068 0.000407431 1.56704 -0.0020358
21.511 -0.627979 -0.623279 -0.00470039 7.16715 -0.000115994 0.00177896 0.000162695 -0.623279 0.000407778 1.56704 -0.00203577
21.512 -0.628193 -0.62349 -0.00470311 7.17105 -0.000116117 0.00178035 0.00016284 -0.62349 0.000408124 1.56704 -0.00203573
21.513 -0.628408 -0.623702 -0.00470583 7.17495 -0.000116239 0.00178174 0.000162985 -0.623702 0.00040847 1.56703 -0.0020357
21.514 -0.628622 -0.623913 -0.00470854 7.17885 -0.000116361 0.00178313 0.00016313 -0.623913 0.000408814 1.56703 -0.00203567
21.515 -0.628836 -0.624125 -0.00471125 7.18276 -0.000116484 0.00178451 0.000163275 -0.624125 0.000409158 1.56702 -0.00203564
21.516 -0.629051 -0.624337 -0.00471395 7.18666 -0.000116605 0.0017859 0.000163419 -0.624337 0.000409501 1.56702 -0.0020356
21.517 -0.629266 -0.624549 -0.00471665 7.19057 -0.000116727 0.00178728 0.000163563 -0.624549 0.000409843 1.56701 -0.00203557
21.518 -0.62948 -0.624761 -0.00471934 7.19448 -0.000116849 0.00178866 0.000163707 -0.624761 0.000410184 1.56701 -0.00203554
21.519 -0.629695 -0.624973 -0.00472203 7.1984 -0.00011697 0.00179004 0.000163851 -0.624973 0.000410524 1.56701 -0.00203551
21.52 -0.629911 -0.625186 -0.00472471 7.20232 -0.000117091 0.00179141 0.000163994 -0.625186 0.000410864 1.567 -0.00203547
21.521 -0.630126 -0.625399 -0.00472739 7.20624 -0.000117213 0.00179279 0.000164138 -0.625399 0.000411202 1.567 -0.00203544
21.522 -0.630341 -0.625611 -0.00473006 7.21016 -0.000117334 0.00179416 0.000164281 -0.625611 0.00041154 1.56699 -0.0020354
21.523 -0.630557 -0.625824 -0.00473273 7.21408 -0.000117454 0.00179553 0.000164424 -0.625824 0.000411877 1.56699 -0.00203537
21.524 -0.630773 -0.626037 -0.00473539 7.21801 -0.000117575 0.00179689 0.000164567 -0.626037 0.000412213 1.56698 -0.00203533
21.525 -0.630989 -0.626251 -0.00473805 7.22194 -0.000117696 0.00179826 0.000164709 -0.626251 0.000412549 1.56698 -0.0020353
21.526 -0.631205 -0.626464 -0.0047407 7.22588 -0.000117816 0.00179962 0.000164852 -0.626464 0.000412883 1.56698 -0.00203526
21.527 -0.631421 -0.626677 -0.00474335 7.22981 -0.000117936 0.00180098 0.000164994 -0.626677 0.000413217 1.56697 -0.00203523
21.528 -0.631637 -0.626891 -0.00474599 7.23375 -0.000118056 0.00180234 0.000165136 -0.626891 0.00041355 1.56697 -0.00203519
21.529 -0.631854 -0.627105 -0.00474863 7.23769 -0.000118176 0.0018037 0.000165278 -0.627105 0.000413882 1.56696 -0.00203516
21.53 -0.63207 -0.627319 -0.00475126 7.24163 -0.000118296 0.00180505 0.000165419 -0.627319 0.000414213 1.56696 -0.00203512
21.531 -0.632287 -0.627533 -0.00475389 7.24558 -0.000118415 0.0018064 0.000165561 -0.627533 0.000414543 1.56696 -0.00203508
21.532 -0.632504 -0.627747 -0.00475651 7.24953 -0.000118535 0.00180775 0.000165702 -0.627747 0.000414873 1.56695 -0.00203505
21.533 -0.632721 -0.627962 -0.00475913 7.25348 -0.000118654 0.0018091 0.000165843 -0.627962 0.000415201 1.56695 -0.00203501
21.534 -0.632938 -0.628176 -0.00476174 7.25743 -0.000118773 0.00181045 0.000165984 -0.628176 0.000415529 1.56694 -0.00203497
21.535 -0.633155 -0.628391 -0.00476434 7.26139 -0.000118892 0.00181179 0.000166124 -0.628391 0.000415856 1.56694 -0.00203494
21.536 -0.633373 -0.628606 -0.00476695 7.26534 -0.000119011 0.00181313 0.000166265 -0.628606 0.000416182 1.56693 -0.0020349
21.537 -0.633591 -0.628821 -0.00476954 7.2693 -0.000119129 0.00181447 0.000166405 -0.628821 0.000416508 1.56693 -0.00203486
21.538 -0.633808 -0.629036 -0.00477214 7.27327 -0.000119248 0.00181581 0.000166545 -0.629036 0.000416832 1.56693 -0.00203482
21.539 -0.634026 -0.629252 -0.00477472 7.27723 -0.000119366 0.00181714 0.000166685 -0.629252 0.000417156 1.56692 -0.00203479
21.54 -0.634244 -0.629467 -0.0047773 7.2812 -0.000119484 0.00181848 0.000166825 -0.629467 0.000417479 1.56692 -0.00203475
21.541 -0.634463 -0.629683 -0.00477988 7.28517 -0.000119602 0.00181981 0.000166964 -0.629683 0.000417801 1.56691 -0.00203471
21.542 -0.634681 -0.629898 -0.00478245 7.28914 -0.00011972 0.00182114 0.000167103 -0.629898 0.000418122 1.56691 -0.00203467
21.543 -0.634899 -0.630114 -0.00478502 7.29312 -0.000119838 0.00182246 0.000167243 -0.630114 0.000418443 1.5669 -0.00203463
21.544 -0.635118 -0.63033 -0.00478758 7.2971 -0.000119955 0.00182379 0.000167381 -0.63033 0.000418762 1.5669 -0.00203459
21.545 -0.635337 -0.630547 -0.00479014 7.30108 -0.000120072 0.00182511 0.00016752 -0.630547 0.000419081 1.5669 -0.00203455
21.546 -0.635556 -0.630763 -0.00479269 7.30506 -0.00012019 0.00182643 0.000167659 -0.630763 0.000419399 1.56689 -0.00203451
21.547 -0.635775 -0.630979 -0.00479523 7.30905 -0.000120307 0.00182775 0.000167797 -0.630979 0.000419716 1.56689 -0.00203447
21.548 -0.635994 -0.631196 -0.00479777 7.31303 -0.000120424 0.00182906 0.000167935 -0.631196 0.000420032 1.56688 -0.00203443
21.549 -0.636213 -0.631413 -0.00480031 7.31702 -0.00012054 0.00183038 0.000168073 -0.631413 0.000420347 1.56688 -0.00203439
21.55 -0.636433 -0.63163 -0.00480284 7.32102 -0.000120657 0.00183169 0.000168211 -0.63163 0.000420662 1.56688 -0.00203435
21.551 -0.636652 -0.631847 -0.00480537 7.32501 -0.000120773 0.001833 0.000168348 -0.631847 0.000420975 1.56687 -0.00203431
21.552 -0.636872 -0.632064 -0.00480789 7.32901 -0.00012089 0.00183431 0.000168486 -0.632064 0.000421288 1.56687 -0.00203426
21.553 -0.637092 -0.632282 -0.0048104 7.33301 -0.000121006 0.00183561 0.000168623 -0.632282 0.0004216 1.56686 -0.00203422
21.554 -0.637312 -0.632499 -0.00481292 7.33701 -0.000121122 0.00183691 0.00016876 -0.632499 0.000421911 1.56686 -0.00203418
21.555 -0.637532 -0.632717 -0.00481542 7.34102 -0.000121237 0.00183821 0.000168896 -0.632717 0.000422222 1.56685 -0.00203414
21.556 -0.637752 -0.632934 -0.00481792 7.34502 -0.000121353 0.00183951 0.000169033 -0.632934 0.000422531 1.56685 -0.0020341
21.557 -0.637973 -0.633152 -0.00482042 7.34903 -0.000121468 0.00184081 0.000169169 -0.633152 0.00042284 1.56685 -0.00203405
21.558 -0.638193 -0.633371 -0.00482291 7.35304 -0.000121584 0.0018421 0.000169305 -0.633371 0.000423148 1.56684 -0.00203401
21.559 -0.638414 -0.633589 -0.00482539 7.35706 -0.000121699 0.0018434 0.000169441 -0.633589 0.000423455 1.56684 -0.00203397
21.56 -0.638635 -0.633807 -0.00482787 7.36107 -0.000121814 0.00184469 0.000169577 -0.633807 0.000423761 1.56683 -0.00203392
21.561 -0.638856 -0.634026 -0.00483035 7.36509 -0.000121929 0.00184597 0.000169713 -0.634026 0.000424066 1.56683 -0.00203388
21.562 -0.639077 -0.634244 -0.00483282 7.36911 -0.000122043 0.00184726 0.000169848 -0.634244 0.00042437 1.56683 -0.00203383
21.563 -0.639298 -0.634463 -0.00483528 7.37314 -0.000122158 0.00184854 0.000169983 -0.634463 0.000424674 1.56682 -0.00203379
21.564 -0.63952 -0.634682 -0.00483774 7.37716 -0.000122272 0.00184983 0.000170118 -0.634682 0.000424977 1.56682 -0.00203375
21.565 -0.639741 -0.634901 -0.0048402 7.38119 -0.000122387 0.0018511 0.000170253 -0.634901 0.000425279 1.56681 -0.0020337
21.566 -0.639963 -0.63512 -0.00484265 7.38522 -0.000122501 0.00185238 0.000170388 -0.63512 0.00042558 1.56681 -0.00203366
21.567 -0.640185 -0.63534 -0.00484509 7.38926 -0.000122614 0.00185366 0.000170522 -0.63534 0.00042588 1.56681 -0.00203361
21.568 -0.640407 -0.635559 -0.00484753 7.39329 -0.000122728 0.00185493 0.000170657 -0.635559 0.000426179 1.5668 -0.00203356
21.569 -0.640629 -0.635779 -0.00484997 7.39733 -0.000122842 0.0018562 0.000170791 -0.635779 0.000426478 1.5668 -0.00203352
21.57 -0.640851 -0.635999 -0.0048524 7.40137 -0.000122955 0.00185747 0.000170924 -0.635999 0.000426776 1.56679 -0.00203347
21.571 -0.641073 -0.636219 -0.00485482 7.40541 -0.000123068 0.00185874 0.000171058 -0.636219 0.000427073 1.56679 -0.00203343
21.572 -0.641296 -0.636439 -0.00485724 7.40946 -0.000123182 0.00186 0.000171192 -0.636439 0.000427369 1.56679 -0.00203338
21.573 -0.641519 -0.636659 -0.00485965 7.4135 -0.000123295 0.00186126 0.000171325 -0.636659 0.000427664 1.56678 -0.00203333
21.574 -0.641741 -0.636879 -0.00486206 7.41755 -0.000123407 0.00186252 0.000171458 -0.636879 0.000427958 1.56678 -0.00203328
21.575 -0.641964 -0.6371 -0.00486447 7.42161 -0.00012352 0.00186378 0.000171591 -0.6371 0.000428252 1.56677 -0.00203324
21.576 -0.642187 -0.63732 -0.00486686 7.42566 -0.000123632 0.00186503 0.000171723 -0.63732 0.000428545 1.56677 -0.00203319
21.577 -0.64241 -0.637541 -0.00486926 7.42972 -0.000123745 0.00186629 0.000171856 -0.637541 0.000428836 1.56676 -0.00203314
21.578 -0.642634 -0.637762 -0.00487165 7.43377 -0.000123857 0.00186754 0.000171988 -0.637762 0.000429127 1.56676 -0.00203309
21.579 -0.642857 -0.637983 -0.00487403 7.43784 -0.000123969 0.00186879 0.00017212 -0.637983 0.000429418 1.56676 -0.00203304
21.58 -0.643081 -0.638204 -0.00487641 7.4419 -0.000124081 0.00187004 0.000172252 -0.638204 0.000429707 1.56675 -0.00203299
21.581 -0.643304 -0.638426 -0.00487878 7.44596 -0.000124192 0.00187128 0.000172384 -0.638426 0.000429995 1.56675 -0.00203295
21.582 -0.643528 -0.638647 -0.00488115 7.45003 -0.000124304 0.00187252 0.000172516 -0.638647 0.000430283 1.56674 -0.0020329
21.583 -0.643752 -0.638869 -0.00488351 7.4541 -0.000124415 0.00187376 0.000172647 -0.638869 0.00043057 1.56674 -0.00203285
21.584 -0.643976 -0.63909 -0.00488587 7.45817 -0.000124526 0.001875 0.000172778 -0.63909 0.000430856 1.56674 -0.0020328
21.585 -0.644201 -0.639312 -0.00488822 7.46225 -0.000124638 0.00187624 0.000172909 -0.639312 0.000431141 1.56673 -0.00203275
21.586 -0.644425 -0.639534 -0.00489057 7.46632 -0.000124748 0.00187747 0.00017304 -0.639534 0.000431425 1.56673 -0.0020327
21.587 -0.644649 -0.639757 -0.00489291 7.4704 -0.000124859 0.0018787 0.00017317 -0.639757 0.000431709 1.56672 -0.00203264
21.588 -0.644874 -0.639979 -0.00489525 7.47448 -0.00012497 0.00187993 0.000173301 -0.639979 0.000431991 1.56672 -0.00203259
21.589 -0.645099 -0.640201 -0.00489758 7.47857 -0.00012508 0.00188116 0.000173431 -0.640201 0.000432273 1.56672 -0.00203254
21.59 -0.645324 -0.640424 -0.00489991 7.48265 -0.00012519 0.00188239 0.000173561 -0.640424 0.000432554 1.56671 -0.00203249
21.591 -0.645549 -0.640647 -0.00490223 7.48674 -0.0001253 0.00188361 0.00017369 -0.640647 0.000432834 1.56671 -0.00203244
21.592 -0.645774 -0.640869 -0.00490455 7.49083 -0.00012541 0.00188483 0.00017382 -0.640869 0.000433113 1.5667 -0.00203239
21.593 -0.645999 -0.641092 -0.00490686 7.49492 -0.00012552 0.00188605 0.000173949 -0.641092 0.000433391 1.5667 -0.00203233
21.594 -0.646225 -0.641315 -0.00490917 7.49902 -0.00012563 0.00188727 0.000174079 -0.641315 0.000433669 1.5667 -0.00203228
21.595 -0.64645 -0.641539 -0.00491147 7.50311 -0.000125739 0.00188848 0.000174208 -0.641539 0.000433946 1.56669 -0.00203223
21.596 -0.646676 -0.641762 -0.00491377 7.50721 -0.000125849 0.00188969 0.000174336 -0.641762 0.000434221 1.56669 -0.00203217
21.597 -0.646902 -0.641986 -0.00491606 7.51131 -0.000125958 0.0018909 0.000174465 -0.641986 0.000434496 1.56668 -0.00203212
21.598 -0.647128 -0.642209 -0.00491834 7.51542 -0.000126067 0.00189211 0.000174594 -0.642209 0.000434771 1.56668 -0.00203207
21.599 -0.647354 -0.642433 -0.00492062 7.51952 -0.000126176 0.00189332 0.000174722 -0.642433 0.000435044 1.56668 -0.00203201
21.6 -0.64758 -0.642657 -0.0049229 7.52363 -0.000126284 0.00189452 0.00017485 -0.642657 0.000435316 1.56667 -0.00203196
21.601 -0.647806 -0.642881 -0.00492517 7.52774 -0.000126393 0.00189572 0.000174978 -0.642881 0.000435588 1.56667 -0.0020319
21.602 -0.648033 -0.643105 -0.00492744 7.53185 -0.000126501 0.00189692 0.000175105 -0.643105 0.000435859 1.56667 -0.00203185
21.603 -0.648259 -0.643329 -0.0049297 7.53597 -0.000126609 0.00189812 0.000175233 -0.643329 0.000436128 1.56666 -0.00203179
21.604 -0.648486 -0.643554 -0.00493195 7.54008 -0.000126717 0.00189931 0.00017536 -0.643554 0.000436398 1.56666 -0.00203174
21.605 -0.648713 -0.643778 -0.0049342 7.5442 -0.000126825 0.00190051 0.000175487 -0.643778 0.000436666 1.56665 -0.00203168
21.606 -0.64894 -0.644003 -0.00493645 7.54832 -0.000126933 0.0019017 0.000175614 -0.644003 0.000436933 1.56665 -0.00203163
21.607 -0.649167 -0.644228 -0.00493869 7.55245 -0.000127041 0.00190288 0.000175741 -0.644228 0.0004372 1.56665 -0.00203157
21.608 -0.649394 -0.644453 -0.00494092 7.55657 -0.000127148 0.00190407 0.000175867 -0.644453 0.000437465 1.56664 -0.00203151
21.609 -0.649621 -0.644678 -0.00494315 7.5607 -0.000127255 0.00190525 0.000175993 -0.644678 0.00043773 1.56664 -0.00203146
21.61 -0.649849 -0.644903 -0.00494538 7.56483 -0.000127362 0.00190644 0.00017612 -0.644903 0.000437994 1.56663 -0.0020314
21.611 -0.650076 -0.645129 -0.0049476 7.56896 -0.000127469 0.00190762 0.000176245 -0.645129 0.000438257 1.56663 -0.00203134
21.612 -0.650304 -0.645354 -0.00494981 7.57309 -0.000127576 0.00190879 0.000176371 -0.645354 0.00043852 1.56663 -0.00203128
21.613 -0.650532 -0.64558 -0.00495202 7.57723 -0.000127683 0.00190997 0.000176497 -0.64558 0.000438781 1.56662 -0.00203123
21.614 -0.65076 -0.645805 -0.00495422 7.58136 -0.000127789 0.00191114 0.000176622 -0.645805 0.000439042 1.56662 -0.00203117
21.615 -0.650988 -0.646031 -0.00495642 7.5855 -0.000127895 0.00191231 0.000176747 -0.646031 0.000439301 1.56661 -0.00203111
21.616 -0.651216 -0.646257 -0.00495861 7.58964 -0.000128001 0.00191348 0.000176872 -0.646257 0.00043956 1.56661 -0.00203105
21.617 -0.651444 -0.646484 -0.0049608 7.59379 -0.000128107 0.00191465 0.000176997 -0.646484 0.000439818 1.56661 -0.00203099
21.618 -0.651673 -0.64671 -0.00496299 7.59793 -0.000128213 0.00191581 0.000177121 -0.64671 0.000440075 1.5666 -0.00203093
21.619 -0.651901 -0.646936 -0.00496516 7.60208 -0.000128319 0.00191697 0.000177246 -0.646936 0.000440332 1.5666 -0.00203087
21.62 -0.65213 -0.647163 -0.00496734 7.60623 -0.000128424 0.00191813 0.00017737 -0.647163 0.000440587 1.56659 -0.00203081
21.621 -0.652359 -0.647389 -0.0049695 7.61039 -0.00012853 0.00191929 0.000177494 -0.647389 0.000440842 1.56659 -0.00203075
21.622 -0.652588 -0.647616 -0.00497167 7.61454 -0.000128635 0.00192045 0.000177618 -0.647616 0.000441096 1.56659 -0.00203069
21.623 -0.652817 -0.647843 -0.00497382 7.6187 -0.00012874 0.0019216 0.000177741 -0.647843 0.000441349 1.56658 -0.00203063
21.624 -0.653046 -0.64807 -0.00497598 7.62285 -0.000128845 0.00192275 0.000177865 -0.64807 0.000441601 1.56658 -0.00203057
21.625 -0.653275 -0.648297 -0.00497812 7.62701 -0.00012895 0.0019239 0.000177988 -0.648297 0.000441852 1.56658 -0.0020305
21.626 -0.653505 -0.648525 -0.00498027 7.63118 -0.000129054 0.00192505 0.000178111 -0.648525 0.000442102 1.56657 -0.00203044
21.627 -0.653734 -0.648752 -0.0049824 7.63534 -0.000129158 0.00192619 0.000178234 -0.648752 0.000442352 1.56657 -0.00203038
21.628 -0.653964 -0.64898 -0.00498453 7.63951 -0.000129263 0.00192734 0.000178356 -0.64898 0.000442601 1.56656 -0.00203032
21.629 -0.654194 -0.649207 -0.00498666 7.64368 -0.000129367 0.00192848 0.000178479 -0.649207 0.000442848 1.56656 -0.00203026
21.63 -0.654424 -0.649435 -0.00498878 7.64785 -0.000129471 0.00192961 0.000178601 -0.649435 0.000443095 1.56656 -0.00203019
21.631 -0.654654 -0.649663 -0.0049909 7.65202 -0.000129574 0.00193075 0.000178723 -0.649663 0.000443342 1.56655 -0.00203013
21.632 -0.654884 -0.649891 -0.00499301 7.65619 -0.000129678 0.00193188 0.000178845 -0.649891 0.000443587 1.56655 -0.00203007
21.633 -0.655114 -0.650119 -0.00499511 7.66037 -0.000129781 0.00193301 0.000178967 -0.650119 0.000443831 1.56654 -0.00203
21.634 -0.655345 -0.650348 -0.00499722 7.66455 -0.000129885 0.00193414 0.000179088 -0.650348 0.000444075 1.56654 -0.00202994
21.635 -0.655575 -0.650576 -0.00499931 7.66873 -0.000129988 0.00193527 0.000179209 -0.650576 0.000444318 1.56654 -0.00202987
21.636 -0.655806 -0.650805 -0.0050014 7.67291 -0.000130091 0.0019364 0.00017933 -0.650805 0.00044456 1.56653 -0.00202981
21.637 -0.656037 -0.651033 -0.00500349 7.6771 -0.000130194 0.00193752 0.000179451 -0.651033 0.000444801 1.56653 -0.00202974
21.638 -0.656268 -0.651262 -0.00500557 7.68128 -0.000130296 0.00193864 0.000179572 -0.651262 0.000445041 1.56653 -0.00202968
21.639 -0.656499 -0.651491 -0.00500764 7.68547 -0.000130399 0.00193976 0.000179692 -0.651491 0.00044528 1.56652 -0.00202961
21.64 -0.65673 -0.65172 -0.00500971 7.68966 -0.000130501 0.00194087 0.000179813 -0.65172 0.000445519 1.56652 -0.00202954
21.641 -0.656961 -0.651949 -0.00501177 7.69386 -0.000130603 0.00194199 0.000179933 -0.651949 0.000445756 1.56651 -0.00202948
21.642 -0.657193 -0.652179 -0.00501383 7.69805 -0.000130705 0.0019431 0.000180053 -0.652179 0.000445993 1.56651 -0.00202941
21.643 -0.657424 -0.652408 -0.00501589 7.70225 -0.000130807 0.00194421 0.000180172 -0.652408 0.000446229 1.56651 -0.00202934
21.644 -0.657656 -0.652638 -0.00501794 7.70645 -0.000130909 0.00194532 0.000180292 -0.652638 0.000446464 1.5665 -0.00202928
21.645 -0.657887 -0.652867 -0.00501998 7.71065 -0.00013101 0.00194642 0.000180411 -0.652867 0.000446698 1.5665 -0.00202921
21.646 -0.658119 -0.653097 -0.00502202 7.71485 -0.000131112 0.00194752 0.00018053 -0.653097 0.000446932 1.5665 -0.00202914
21.647 -0.658351 -0.653327 -0.00502405 7.71905 -0.000131213 0.00194862 0.000180649 -0.653327 0.000447164 1.56649 -0.00202907
21.648 -0.658583 -0.653557 -0.00502608 7.72326 -0.000131314 0.00194972 0.000180768 -0.653557 0.000447396 1.56649 -0.002029
21.649 -0.658816 -0.653787 -0.0050281 7.72747 -0.000131415 0.00195082 0.000180887 -0.653787 0.000447627 1.56648 -0.00202894
21.65 -0.659048 -0.654018 -0.00503012 7.73168 -0.000131515 0.00195191 0.000181005 -0.654018 0.000447857 1.56648 -0.00202887
21.651 -0.65928 -0.654248 -0.00503213 7.73589 -0.000131616 0.001953 0.000181123 -0.654248 0.000448086 1.56648 -0.0020288
21.652 -0.659513 -0.654479 -0.00503414 7.7401 -0.000131716 0.00195409 0.000181241 -0.654479 0.000448314 1.56647 -0.00202873
21.653 -0.659745 -0.654709 -0.00503614 7.74432 -0.000131817 0.00195518 0.000181359 -0.654709 0.000448542 1.56647 -0.00202866
21.654 -0.659978 -0.65494 -0.00503814 7.74854 -0.000131917 0.00195627 0.000181477 -0.65494 0.000448768 1.56647 -0.00202859
21.655 -0.660211 -0.655171 -0.00504013 7.75276 -0.000132017 0.00195735 0.000181594 -0.655171 0.000448994 1.56646 -0.00202852
21.656 -0.660444 -0.655402 -0.00504211 7.75698 -0.000132116 0.00195843 0.000181711 -0.655402 0.000449219 1.56646 -0.00202844
21.657 -0.660677 -0.655633 -0.00504409 7.7612 -0.000132216 0.00195951 0.000181828 -0.655633 0.000449443 1.56645 -0.00202837
21.658 -0.660911 -0.655864 -0.00504607 7.76543 -0.000132315 0.00196059 0.000181945 -0.655864 0.000449666 1.56645 -0.0020283
21.659 -0.661144 -0.656096 -0.00504804 7.76965 -0.000132415 0.00196166 0.000182062 -0.656096 0.000449888 1.56645 -0.00202823
21.66 -0.661377 -0.656327 -0.00505001 7.77388 -0.000132514 0.00196273 0.000182178 -0.656327 0.00045011 1.56644 -0.00202816
21.661 -0.661611 -0.656559 -0.00505197 7.77811 -0.000132613 0.0019638 0.000182294 -0.656559 0.00045033 1.56644 -0.00202808
21.662 -0.661845 -0.656791 -0.00505392 7.78235 -0.000132712 0.00196487 0.00018241 -0.656791 0.00045055 1.56644 -0.00202801
21.663 -0.662079 -0.657023 -0.00505587 7.78658 -0.00013281 0.00196593 0.000182526 -0.657023 0.000450769 1.56643 -0.00202794
21.664 -0.662312 -0.657255 -0.00505782 7.79082 -0.000132909 0.001967 0.000182642 -0.657255 0.000450987 1.56643 -0.00202787
21.665 -0.662546 -0.657487 -0.00505976 7.79506 -0.000133007 0.00196806 0.000182757 -0.657487 0.000451204 1.56642 -0.00202779
21.666 -0.662781 -0.657719 -0.00506169 7.7993 -0.000133105 0.00196912 0.000182873 -0.657719 0.000451421 1.56642 -0.00202772
21.667 -0.663015 -0.657951 -0.00506362 7.80354 -0.000133203 0.00197017 0.000182988 -0.657951 0.000451636 1.56642 -0.00202764
21.668 -0.663249 -0.658184 -0.00506554 7.80778 -0.000133301 0.00197123 0.000183103 -0.658184 0.000451851 1.56641 -0.00202757
21.669 -0.663484 -0.658416 -0.00506746 7.81203 -0.000133399 0.00197228 0.000183217 -0.658416 0.000452064 1.56641 -0.00202749
21.67 -0.663718 -0.658649 -0.00506937 7.81627 -0.000133496 0.00197333 0.000183332 -0.658649 0.000452277 1.56641 -0.00202742
21.671 -0.663953 -0.658882 -0.00507128 7.82052 -0.000133594 0.00197438 0.000183446 -0.658882 0.000452489 1.5664 -0.00202734
21.672 -0.664188 -0.659115 -0.00507318 7.82477 -0.000133691 0.00197542 0.00018356 -0.659115 0.000452701 1.5664 -0.00202727
21.673 -0.664423 -0.659348 -0.00507508 7.82903 -0.000133788 0.00197647 0.000183674 -0.659348 0.000452911 1.5664 -0.00202719
21.674 -0.664658 -0.659581 -0.00507697 7.83328 -0.000133885 0.00197751 0.000183788 -0.659581 0.00045312 1.56639 -0.00202711
21.675 -0.664893 -0.659814 -0.00507886 7.83754 -0.000133981 0.00197855 0.000183901 -0.659814 0.000453329 1.56639 -0.00202704
21.676 -0.665128 -0.660048 -0.00508074 7.8418 -0.000134078 0.00197958 0.000184015 -0.660048 0.000453537 1.56638 -0.00202696
21.677 -0.665364 -0.660281 -0.00508262 7.84606 -0.000134174 0.00198062 0.000184128 -0.660281 0.000453744 1.56638 -0.00202688
21.678 -0.665599 -0.660515 -0.00508449 7.85032 -0.000134271 0.00198165 0.000184241 -0.660515 0.00045395 1.56638 -0.0020268
21.679 -0.665835 -0.660749 -0.00508636 7.85458 -0.000134367 0.00198268 0.000184354 -0.660749 0.000454155 1.56637 -0.00202672
21.68 -0.666071 -0.660982 -0.00508822 7.85885 -0.000134463 0.00198371 0.000184466 -0.660982 0.00045436 1.56637 -0.00202665
21.681 -0.666306 -0.661216 -0.00509007 7.86312 -0.000134558 0.00198473 0.000184579 -0.661216 0.000454563 1.56637 -0.00202657
21.682 -0.666542 -0.661451 -0.00509192 7.86739 -0.000134654 0.00198575 0.000184691 -0.661451 0.000454766 1.56636 -0.00202649
21.683 -0.666778 -0.661685 -0.00509377 7.87166 -0.000134749 0.00198678 0.000184803 -0.661685 0.000454968 1.56636 -0.00202641
21.684 -0.667015 -0.661919 -0.00509561 7.87593 -0.000134845 0.00198779 0.000184915 -0.661919 0.000455168 1.56636 -0.00202633
21.685 -0.667251 -0.662153 -0.00509744 7.8802 -0.00013494 0.00198881 0.000185026 -0.662153 0.000455369 1.56635 -0.00202625
21.686 -0.667487 -0.662388 -0.00509927 7.88448 -0.000135035 0.00198982 0.000185138 -0.662388 0.000455568 1.56635 -0.00202617
21.687 -0.667724 -0.662623 -0.0051011 7.88876 -0.00013513 0.00199084 0.000185249 -0.662623 0.000455766 1.56634 -0.00202609
21.688 -0.66796 -0.662857 -0.00510292 7.89304 -0.000135224 0.00199185 0.00018536 -0.662857 0.000455964 1.56634 -0.002026
21.689 -0.668197 -0.663092 -0.00510473 7.89732 -0.000135319 0.00199285 0.000185471 -0.663092 0.00045616 1.56634 -0.00202592
21.69 -0.668434 -0.663327 -0.00510654 7.9016 -0.000135413 0.00199386 0.000185581 -0.663327 0.000456356 1.56633 -0.00202584
21.691 -0.668671 -0.663562 -0.00510834 7.90589 -0.000135507 0.00199486 0.000185692 -0.663562 0.000456551 1.56633 -0.00202576
21.692 -0.668908 -0.663798 -0.00511014 7.91017 -0.000135601 0.00199586 0.000185802 -0.663798 0.000456745 1.56633 -0.00202568
21.693 -0.669145 -0.664033 -0.00511193 7.91446 -0.000135695 0.00199686 0.000185912 -0.664033 0.000456939 1.56632 -0.00202559
21.694 -0.669382 -0.664268 -0.00511372 7.91875 -0.000135789 0.00199786 0.000186022 -0.664268 0.000457131 1.56632 -0.00202551
21.695 -0.66962 -0.664504 -0.0051155 7.92304 -0.000135882 0.00199885 0.000186131 -0.664504 0.000457323 1.56632 -0.00202543
21.696 -0.669857 -0.66474 -0.00511728 7.92733 -0.000135976 0.00199984 0.000186241 -0.66474 0.000457513 1.56631 -0.00202534
21.697 -0.670095 -0.664975 -0.00511905 7.93163 -0.000136069 0.00200083 0.00018635 -0.664975 0.000457703 1.56631 -0.00202526
21.698 -0.670332 -0.665211 -0.00512082 7.93593 -0.000136162 0.00200182 0.000186459 -0.665211 0.000457892 1.56631 -0.00202517
21.699 -0.67057 -0.665447 -0.00512258 7.94022 -0.000136255 0.00200281 0.000186568 -0.665447 0.00045808 1.5663 -0.00202509
21.7 -0.670808 -0.665683 -0.00512434 7.94452 -0.000136347 0.00200379 0.000186677 -0.665683 0.000458268 1.5663 -0.002025
21.701 -0.671046 -0.66592 -0.00512609 7.94883 -0.00013644 0.00200477 0.000186785 -0.66592 0.000458454 1.5663 -0.00202492
21.702 -0.671284 -0.666156 -0.00512783 7.95313 -0.000136532 0.00200575 0.000186894 -0.666156 0.00045864 1.56629 -0.00202483
21.703 -0.671522 -0.666393 -0.00512957 7.95743 -0.000136624 0.00200672 0.000187002 -0.666393 0.000458824 1.56629 -0.00202475
21.704 -0.67176 -0.666629 -0.00513131 7.96174 -0.000136717 0.0020077 0.00018711 -0.666629 0.000459008 1.56628 -0.00202466
21.705 -0.671999 -0.666866 -0.00513304 7.96605 -0.000136808 0.00200867 0.000187217 -0.666866 0.000459191 1.56628 -0.00202457
21.706 -0.672237 -0.667103 -0.00513476 7.97036 -0.0001369 0.00200964 0.000187325 -0.667103 0.000459373 1.56628 -0.00202449
21.707 -0.672476 -0.667339 -0.00513648 7.97467 -0.000136992 0.00201061 0.000187432 -0.667339 0.000459555 1.56627 -0.0020244
21.708 -0.672715 -0.667576 -0.00513819 7.97898 -0.000137083 0.00201157 0.000187539 -0.667576 0.000459735 1.56627 -0.00202431
21.709 -0.672953 -0.667813 -0.0051399 7.9833 -0.000137174 0.00201254 0.000187646 -0.667813 0.000459915 1.56627 -0.00202422
21.71 -0.673192 -0.668051 -0.00514161 7.98762 -0.000137266 0.0020135 0.000187753 -0.668051 0.000460093 1.56626 -0.00202413
21.711 -0.673431 -0.668288 -0.0051433 7.99193 -0.000137357 0.00201445 0.00018786 -0.668288 0.000460271 1.56626 -0.00202404
21.712 -0.67367 -0.668525 -0.005145 7.99625 -0.000137447 0.00201541 0.000187966 -0.668525 0.000460448 1.56626 -0.00202395
21.713 -0.67391 -0.668763 -0.00514668 8.00057 -0.000137538 0.00201636 0.000188072 -0.668763 0.000460624 1.56625 -0.00202387
21.714 -0.674149 -0.669001 -0.00514837 8.0049 -0.000137628 0.00201732 0.000188178 -0.669001 0.0004608 1.56625 -0.00202378
21.715 -0.674388 -0.669238 -0.00515004 8.00922 -0.000137719 0.00201827 0.000188284 -0.669238 0.000460974 1.56625 -0.00202368
21.716 -0.674628 -0.669476 -0.00515172 8.01355 -0.000137809 0.00201921 0.00018839 -0.669476 0.000461148 1.56624 -0.00202359
21.717 -0.674868 -0.669714 -0.00515338 8.01788 -0.000137899 0.00202016 0.000188495 -0.669714 0.00046132 1.56624 -0.0020235
21.718 -0.675107 -0.669952 -0.00515504 8.02221 -0.000137989 0.0020211 0.0001886 -0.669952 0.000461492 1.56624 -0.00202341
21.719 -0.675347 -0.67019 -0.0051567 8.02654 -0.000138078 0.00202204 0.000188705 -0.67019 0.000461663 1.56623 -0.00202332
21.72 -0.675587 -0.670429 -0.00515835 8.03087 -0.000138168 0.00202298 0.00018881 -0.670429 0.000461834 1.56623 -0.00202323
21.721 -0.675827 -0.670667 -0.00515999 8.0352 -0.000138257 0.00202391 0.000188915 -0.670667 0.000462003 1.56623 -0.00202314
21.722 -0.676067 -0.670906 -0.00516163 8.03954 -0.000138346 0.00202485 0.000189019 -0.670906 0.000462171 1.56622 -0.00202304
21.723 -0.676307 -0.671144 -0.00516327 8.04388 -0.000138435 0.00202578 0.000189123 -0.671144 0.000462339 1.56622 -0.00202295
21.724 -0.676548 -0.671383 -0.0051649 8.04821 -0.000138524 0.00202671 0.000189227 -0.671383 0.000462506 1.56622 -0.00202286
21.725 -0.676788 -0.671622 -0.00516652 8.05255 -0.000138613 0.00202764 0.000189331 -0.671622 0.000462672 1.56621 -0.00202276
21.726 -0.677029 -0.671861 -0.00516814 8.0569 -0.000138701 0.00202856 0.000189435 -0.671861 0.000462837 1.56621 -0.00202267
21.727 -0.677269 -0.6721 -0.00516976 8.06124 -0.00013879 0.00202948 0.000189538 -0.6721 0.000463001 1.5662 -0.00202258
21.728 -0.67751 -0.672339 -0.00517136 8.06558 -0.000138878 0.0020304 0.000189642 -0.672339 0.000463164 1.5662 -0.00202248
21.729 -0.677751 -0.672578 -0.00517297 8.06993 -0.000138966 0.00203132 0.000189745 -0.672578 0.000463327 1.5662 -0.00202239
21.73 -0.677992 -0.672817 -0.00517456 8.07428 -0.000139054 0.00203224 0.000189848 -0.672817 0.000463488 1.56619 -0.00202229
21.731 -0.678233 -0.673057 -0.00517616 8.07863 -0.000139141 0.00203315 0.00018995 -0.673057 0.000463649 1.56619 -0.00202219
21.732 -0.678474 -0.673296 -0.00517774 8.08298 -0.000139229 0.00203406 0.000190053 -0.673296 0.000463809 1.56619 -0.0020221
21.733 -0.678715 -0.673536 -0.00517933 8.08733 -0.000139316 0.00203497 0.000190155 -0.673536 0.000463968 1.56618 -0.002022
21.734 -0.678957 -0.673776 -0.0051809 8.09169 -0.000139404 0.00203588 0.000190257 -0.673776 0.000464126 1.56618 -0.0020219
21.735 -0.679198 -0.674015 -0.00518247 8.09604 -0.000139491 0.00203678 0.000190359 -0.674015 0.000464283 1.56618 -0.00202181
21.736 -0.679439 -0.674255 -0.00518404 8.1004 -0.000139578 0.00203768 0.000190461 -0.674255 0.00046444 1.56617 -0.00202171
21.737 -0.679681 -0.674495 -0.0051856 8.10476 -0.000139664 0.00203858 0.000190562 -0.674495 0.000464596 1.56617 -0.00202161
21.738 -0.679923 -0.674736 -0.00518715 8.10912 -0.000139751 0.00203948 0.000190664 -0.674736 0.00046475 1.56617 -0.00202151
21.739 -0.680165 -0.674976 -0.0051887 8.11348 -0.000139837 0.00204038 0.000190765 -0.674976 0.000464904 1.56616 -0.00202142
21.74 -0.680406 -0.675216 -0.00519025 8.11784 -0.000139924 0.00204127 0.000190866 -0.675216 0.000465057 1.56616 -0.00202132
21.741 -0.680648 -0.675457 -0.00519179 8.12221 -0.00014001 0.00204216 0.000190967 -0.675457 0.00046521 1.56616 -0.00202122
21.742 -0.680891 -0.675697 -0.00519332 8.12657 -0.000140096 0.00204305 0.000191067 -0.675697 0.000465361 1.56615 -0.00202112
21.743 -0.681133 -0.675938 -0.00519485 8.13094 -0.000140181 0.00204393 0.000191167 -0.675938 0.000465511 1.56615 -0.00202102
21.744 -0.681375 -0.676179 -0.00519637 8.13531 -0.000140267 0.00204482 0.000191268 -0.676179 0.000465661 1.56615 -0.00202092
21.745 -0.681617 -0.67642 -0.00519789 8.13968 -0.000140352 0.0020457 0.000191368 -0.67642 0.00046581 1.56614 -0.00202082
21.746 -0.68186 -0.67666 -0.00519941 8.14405 -0.000140438 0.00204658 0.000191467 -0.67666 0.000465958 1.56614 -0.00202072
21.747 -0.682102 -0.676902 -0.00520091 8.14842 -0.000140523 0.00204746 0.000191567 -0.676902 0.000466105 1.56614 -0.00202061
21.748 -0.682345 -0.677143 -0.00520242 8.1528 -0.000140608 0.00204833 0.000191666 -0.677143 0.000466251 1.56613 -0.00202051
21.749 -0.682588 -0.677384 -0.00520391 8.15717 -0.000140693 0.00204921 0.000191766 -0.677384 0.000466397 1.56613 -0.00202041
21.75 -0.682831 -0.677625 -0.0052054 8.16155 -0.000140777 0.00205008 0.000191865 -0.677625 0.000466541 1.56613 -0.00202031
21.751 -0.683074 -0.677867 -0.00520689 8.16593 -0.000140862 0.00205094 0.000191963 -0.677867 0.000466685 1.56612 -0.0020202
21.752 -0.683317 -0.678108 -0.00520837 8.17031 -0.000140946 0.00205181 0.000192062 -0.678108 0.000466828 1.56612 -0.0020201
21.753 -0.68356 -0.67835 -0.00520985 8.17469 -0.00014103 0.00205267 0.00019216 -0.67835 0.00046697 1.56612 -0.00202
21.754 -0.683803 -0.678592 -0.00521132 8.17908 -0.000141114 0.00205353 0.000192259 -0.678592 0.000467111 1.56611 -0.00201989
21.755 -0.684046 -0.678834 -0.00521278 8.18346 -0.000141198 0.00205439 0.000192357 -0.678834 0.000467251 1.56611 -0.00201979
21.756 -0.68429 -0.679075 -0.00521424 8.18785 -0.000141282 0.00205525 0.000192454 -0.679075 0.00046739 1.56611 -0.00201969
21.757 -0.684533 -0.679318 -0.0052157 8.19223 -0.000141365 0.00205611 0.000192552 -0.679318 0.000467529 1.5661 -0.00201958
21.758 -0.684777 -0.67956 -0.00521714 8.19662 -0.000141449 0.00205696 0.00019265 -0.67956 0.000467666 1.5661 -0.00201948
21.759 -0.68502 -0.679802 -0.00521859 8.20101 -0.000141532 0.00205781 0.000192747 -0.679802 0.000467803 1.5661 -0.00201937
21.76 -0.685264 -0.680044 -0.00522003 8.2054 -0.000141615 0.00205866 0.000192844 -0.680044 0.000467939 1.56609 -0.00201926
21.761 -0.685508 -0.680287 -0.00522146 8.2098 -0.000141698 0.0020595 0.000192941 -0.680287 0.000468074 1.56609 -0.00201916
21.762 -0.685752 -0.680529 -0.00522289 8.21419 -0.00014178 0.00206034 0.000193037 -0.680529 0.000468209 1.56609 -0.00201905
21.763 -0.685996 -0.680772 -0.00522431 8.21859 -0.000141863 0.00206119 0.000193134 -0.680772 0.000468342 1.56608 -0.00201894
21.764 -0.68624 -0.681015 -0.00522573 8.22298 -0.000141945 0.00206202 0.00019323 -0.681015 0.000468475 1.56608 -0.00201884
21.765 -0.686484 -0.681257 -0.00522714 8.22738 -0.000142028 0.00206286 0.000193326 -0.681257 0.000468606 1.56608 -0.00201873
21.766 -0.686729 -0.6815 -0.00522854 8.23178 -0.00014211 0.0020637 0.000193422 -0.6815 0.000468737 1.56607 -0.00201862
21.767 -0.686973 -0.681743 -0.00522994 8.23618 -0.000142191 0.00206453 0.000193518 -0.681743 0.000468867 1.56607 -0.00201851
21.768 -0.687218 -0.681986 -0.00523134 8.24059 -0.000142273 0.00206536 0.000193613 -0.681986 0.000468996 1.56607 -0.0020184
21.769 -0.687462 -0.68223 -0.00523273 8.24499 -0.000142355 0.00206618 0.000193709 -0.68223 0.000469125 1.56606 -0.00201829
21.77 -0.687707 -0.682473 -0.00523412 8.24939 -0.000142436 0.00206701 0.000193804 -0.682473 0.000469252 1.56606 -0.00201818
21.771 -0.687952 -0.682716 -0.0052355 8.2538 -0.000142517 0.00206783 0.000193899 -0.682716 0.000469379 1.56606 -0.00201807
21.772 -0.688197 -0.68296 -0.00523687 8.25821 -0.000142598 0.00206865 0.000193993 -0.68296 0.000469504 1.56606 -0.00201796
21.773 -0.688441 -0.683203 -0.00523824 8.26262 -0.000142679 0.00206947 0.000194088 -0.683203 0.000469629 1.56605 -0.00201785
21.774 -0.688686 -0.683447 -0.0052396 8.26703 -0.00014276 0.00207029 0.000194182 -0.683447 0.000469753 1.56605 -0.00201774
21.775 -0.688932 -0.683691 -0.00524096 8.27144 -0.000142841 0.0020711 0.000194276 -0.683691 0.000469877 1.56605 -0.00201763
21.776 -0.689177 -0.683934 -0.00524231 8.27585 -0.000142921 0.00207191 0.00019437 -0.683934 0.000469999 1.56604 -0.00201752
21.777 -0.689422 -0.684178 -0.00524366 8.28027 -0.000143001 0.00207272 0.000194464 -0.684178 0.00047012 1.56604 -0.00201741
21.778 -0.689667 -0.684422 -0.005245 8.28468 -0.000143081 0.00207353 0.000194558 -0.684422 0.000470241 1.56604 -0.00201729
21.779 -0.689913 -0.684667 -0.00524634 8.2891 -0.000143161 0.00207433 0.000194651 -0.684667 0.000470361 1.56603 -0.00201718
21.78 -0.690158 -0.684911 -0.00524767 8.29352 -0.000143241 0.00207514 0.000194744 -0.684911 0.00047048 1.56603 -0.00201707
21.781 -0.690404 -0.685155 -0.005249 8.29794 -0.000143321 0.00207594 0.000194837 -0.685155 0.000470598 1.56603 -0.00201695
21.782 -0.69065 -0.6854 -0.00525032 8.30236 -0.0001434 0.00207673 0.00019493 -0.6854 0.000470715 1.56602 -0.00201684
21.783 -0.690896 -0.685644 -0.00525163 8.30678 -0.00014348 0.00207753 0.000195022 -0.685644 0.000470831 1.56602 -0.00201672
21.784 -0.691142 -0.685889 -0.00525294 8.3112 -0.000143559 0.00207832 0.000195115 -0.685889 0.000470947 1.56602 -0.00201661
21.785 -0.691388 -0.686133 -0.00525425 8.31563 -0.000143638 0.00207911 0.000195207 -0.686133 0.000471062 1.56601 -0.00201649
21.786 -0.691634 -0.686378 -0.00525555 8.32005 -0.000143716 0.0020799 0.000195299 -0.686378 0.000471175 1.56601 -0.00201638
21.787 -0.69188 -0.686623 -0.00525684 8.32448 -0.000143795 0.00208069 0.000195391 -0.686623 0.000471288 1.56601 -0.00201626
21.788 -0.692126 -0.686868 -0.00525813 8.32891 -0.000143874 0.00208147 0.000195482 -0.686868 0.0004714 1.566 -0.00201615
21.789 -0.692372 -0.687113 -0.00525942 8.33334 -0.000143952 0.00208225 0.000195574 -0.687113 0.000471512 1.566 -0.00201603
21.79 -0.692619 -0.687358 -0.00526069 8.33777 -0.00014403 0.00208303 0.000195665 -0.687358 0.000471622 1.566 -0.00201591
21.791 -0.692865 -0.687603 -0.00526197 8.3422 -0.000144108 0.00208381 0.000195756 -0.687603 0.000471732 1.56599 -0.0020158
21.792 -0.693112 -0.687849 -0.00526323 8.34663 -0.000144186 0.00208459 0.000195847 -0.687849 0.00047184 1.56599 -0.00201568
21.793 -0.693358 -0.688094 -0.0052645 8.35107 -0.000144263 0.00208536 0.000195938 -0.688094 0.000471948 1.56599 -0.00201556
21.794 -0.693605 -0.688339 -0.00526575 8.3555 -0.000144341 0.00208613 0.000196028 -0.688339 0.000472055 1.56599 -0.00201544
21.795 -0.693852 -0.688585 -0.005267 8.35994 -0.000144418 0.0020869 0.000196118 -0.688585 0.000472161 1.56598 -0.00201532
21.796 -0.694099 -0.688831 -0.00526825 8.36438 -0.000144495 0.00208766 0.000196208 -0.688831 0.000472267 1.56598 -0.0020152
21.797 -0.694346 -0.689076 -0.00526949 8.36882 -0.000144572 0.00208843 0.000196298 -0.689076 0.000472371 1.56598 -0.00201508
21.798 -0.694593 -0.689322 -0.00527072 8.37326 -0.000144649 0.00208919 0.000196388 -0.689322 0.000472475 1.56597 -0.00201496
21.799 -0.69484 -0.689568 -0.00527195 8.3777 -0.000144726 0.00208995 0.000196477 -0.689568 0.000472577 1.56597 -0.00201484
21.8 -0.695087 -0.689814 -0.00527318 8.38214 -0.000144802 0.0020907 0.000196566 -0.689814 0.000472679 1.56597 -0.00201472
21.801 -0.695335 -0.69006 -0.0052744 8.38658 -0.000144879 0.00209146 0.000196656 -0.69006 0.00047278 1.56596 -0.0020146
21.802 -0.695582 -0.690306 -0.00527561 8.39103 -0.000144955 0.00209221 0.000196744 -0.690306 0.000472881 1.56596 -0.00201448
21.803 -0.69583 -0.690553 -0.00527682 8.39548 -0.000145031 0.00209296 0.000196833 -0.690553 0.00047298 1.56596 -0.00201436
21.804 -0.696077 -0.690799 -0.00527802 8.39992 -0.000145107 0.00209371 0.000196922 -0.690799 0.000473078 1.56595 -0.00201423
21.805 -0.696325 -0.691045 -0.00527922 8.40437 -0.000145183 0.00209445 0.00019701 -0.691045 0.000473176 1.56595 -0.00201411
21.806 -0.696572 -0.691292 -0.00528041 8.40882 -0.000145258 0.0020952 0.000197098 -0.691292 0.000473273 1.56595 -0.00201399
21.807 -0.69682 -0.691539 -0.0052816 8.41327 -0.000145334 0.00209594 0.000197186 -0.691539 0.000473369 1.56594 -0.00201387
21.808 -0.697068 -0.691785 -0.00528278 8.41772 -0.000145409 0.00209668 0.000197274 -0.691785 0.000473464 1.56594 -0.00201374
21.809 -0.697316 -0.692032 -0.00528396 8.42218 -0.000145484 0.00209741 0.000197361 -0.692032 0.000473558 1.56594 -0.00201362
21.81 -0.697564 -0.692279 -0.00528513 8.42663 -0.000145559 0.00209815 0.000197448 -0.692279 0.000473652 1.56594 -0.00201349
21.811 -0.697812 -0.692526 -0.00528629 8.43109 -0.000145633 0.00209888 0.000197536 -0.692526 0.000473744 1.56593 -0.00201337
21.812 -0.69806 -0.692773 -0.00528745 8.43554 -0.000145708 0.00209961 0.000197622 -0.692773 0.000473836 1.56593 -0.00201324
21.813 -0.698309 -0.69302 -0.00528861 8.44 -0.000145782 0.00210033 0.000197709 -0.69302 0.000473927 1.56593 -0.00201312
21.814 -0.698557 -0.693267 -0.00528976 8.44446 -0.000145857 0.00210106 0.000197796 -0.693267 0.000474017 1.56592 -0.00201299
21.815 -0.698806 -0.693515 -0.0052909 8.44892 -0.000145931 0.00210178 0.000197882 -0.693515 0.000474106 1.56592 -0.00201286
21.816 -0.699054 -0.693762 -0.00529204 8.45338 -0.000146005 0.0021025 0.000197968 -0.693762 0.000474194 1.56592 -0.00201274
21.817 -0.699303 -0.694009 -0.00529317 8.45784 -0.000146078 0.00210322 0.000198054 -0.694009 0.000474282 1.56591 -0.00201261
21.818 -0.699551 -0.694257 -0.0052943 8.46231 -0.000146152 0.00210393 0.00019814 -0.694257 0.000474368 1.56591 -0.00201248
21.819 -0.6998 -0.694505 -0.00529542 8.46677 -0.000146225 0.00210465 0.000198225 -0.694505 0.000474454 1.56591 -0.00201235
21.82 -0.700049 -0.694752 -0.00529654 8.47124 -0.000146299 0.00210536 0.000198311 -0.694752 0.000474539 1.56591 -0.00201223
21.821 -0.700298 -0.695 -0.00529765 8.4757 -0.000146372 0.00210607 0.000198396 -0.695 0.000474623 1.5659 -0.0020121
21.822 -0.700547 -0.695248 -0.00529876 8.48017 -0.000146445 0.00210677 0.000198481 -0.695248 0.000474706 1.5659 -0.00201197
21.823 -0.700796 -0.695496 -0.00529986 8.48464 -0.000146517 0.00210748 0.000198566 -0.695496 0.000474789 1.5659 -0.00201184
21.824 -0.701045 -0.695744 -0.00530095 8.48911 -0.00014659 0.00210818 0.00019865 -0.695744 0.00047487 1.56589 -0.00201171
21.825 -0.701294 -0.695992 -0.00530204 8.49358 -0.000146662 0.00210888 0.000198735 -0.695992 0.000474951 1.56589 -0.00201158
21.826 -0.701544 -0.69624 -0.00530313 8.49805 -0.000146735 0.00210958 0.000198819 -0.69624 0.000475031 1.56589 -0.00201145
21.827 -0.701793 -0.696489 -0.00530421 8.50252 -0.000146807 0.00211027 0.000198903 -0.696489 0.00047511 1.56588 -0.00201132
21.828 -0.702042 -0.696737 -0.00530528 8.507 -0.000146879 0.00211096 0.000198987 -0.696737 0.000475188 1.56588 -0.00201119
21.829 -0.702292 -0.696985 -0.00530635 8.51147 -0.000146951 0.00211165 0.00019907 -0.696985 0.000475265 1.56588 -0.00201105
21.83 -0.702541 -0.697234 -0.00530741 8.51595 -0.000147022 0.00211234 0.000199154 -0.697234 0.000475342 1.56588 -0.00201092
21.831 -0.702791 -0.697483 -0.00530847 8.52043 -0.000147094 0.00211303 0.000199237 -0.697483 0.000475418 1.56587 -0.00201079
21.832 -0.703041 -0.697731 -0.00530952 8.5249 -0.000147165 0.00211371 0.00019932 -0.697731 0.000475492 1.56587 -0.00201066
21.833 -0.703291 -0.69798 -0.00531057 8.52938 -0.000147236 0.00211439 0.000199403 -0.69798 0.000475566 1.56587 -0.00201052
21.834 -0.703541 -0.698229 -0.00531161 8.53386 -0.000147307 0.00211507 0.000199485 -0.698229 0.000475639 1.56586 -0.00201039
21.835 -0.70379 -0.698478 -0.00531265 8.53834 -0.000147378 0.00211575 0.000199568 -0.698478 0.000475712 1.56586 -0.00201025
21.836 -0.704041 -0.698727 -0.00531368 8.54283 -0.000147448 0.00211642 0.00019965 -0.698727 0.000475783 1.56586 -0.00201012
21.837 -0.704291 -0.698976 -0.0053147 8.54731 -0.000147519 0.00211709 0.000199732 -0.698976 0.000475854 1.56585 -0.00200998
21.838 -0.704541 -0.699225 -0.00531572 8.55179 -0.000147589 0.00211776 0.000199814 -0.699225 0.000475923 1.56585 -0.00200985
21.839 -0.704791 -0.699474 -0.00531674 8.55628 -0.000147659 0.00211843 0.000199895 -0.699474 0.000475992 1.56585 -0.00200971
21.84 -0.705041 -0.699724 -0.00531775 8.56077 -0.000147729 0.00211909 0.000199977 -0.699724 0.00047606 1.56585 -0.00200958
21.841 -0.705292 -0.699973 -0.00531875 8.56525 -0.000147799 0.00211976 0.000200058 -0.699973 0.000476128 1.56584 -0.00200944
21.842 -0.705542 -0.700223 -0.00531975 8.56974 -0.000147869 0.00212042 0.000200139 -0.700223 0.000476194 1.56584 -0.0020093
21.843 -0.705793 -0.700472 -0.00532074 8.57423 -0.000147938 0.00212107 0.00020022 -0.700472 0.00047626 1.56584 -0.00200917
21.844 -0.706043 -0.700722 -0.00532173 8.57872 -0.000148008 0.00212173 0.0002003 -0.700722 0.000476324 1.56583 -0.00200903
21.845 -0.706294 -0.700971 -0.00532271 8.58321 -0.000148077 0.00212238 0.000200381 -0.700971 0.000476388 1.56583 -0.00200889
21.846 -0.706545 -0.701221 -0.00532369 8.5877 -0.000148146 0.00212304 0.000200461 -0.701221 0.000476451 1.56583 -0.00200875
21.847 -0.706796 -0.701471 -0.00532466 8.5922 -0.000148215 0.00212368 0.000200541 -0.701471 0.000476513 1.56583 -0.00200861
21.848 -0.707047 -0.701721 -0.00532562 8.59669 -0.000148283 0.00212433 0.000200621 -0.701721 0.000476574 1.56582 -0.00200847
21.849 -0.707298 -0.701971 -0.00532658 8.60118 -0.000148352 0.00212497 0.000200701 -0.701971 0.000476635 1.56582 -0.00200833
21.85 -0.707549 -0.702221 -0.00532754 8.60568 -0.00014842 0.00212562 0.00020078 -0.702221 0.000476695 1.56582 -0.00200819
21.851 -0.7078 -0.702471 -0.00532849 8.61018 -0.000148488 0.00212626 0.00020086 -0.702471 0.000476753 1.56581 -0.00200805
21.852 -0.708051 -0.702722 -0.00532943 8.61467 -0.000148556 0.00212689 0.000200939 -0.702722 0.000476811 1.56581 -0.00200791
21.853 -0.708302 -0.702972 -0.00533037 8.61917 -0.000148624 0.00212753 0.000201018 -0.702972 0.000476868 1.56581 -0.00200777
21.854 -0.708554 -0.703222 -0.00533131 8.62367 -0.000148692 0.00212816 0.000201096 -0.703222 0.000476925 1.56581 -0.00200763
21.855 -0.708805 -0.703473 -0.00533223 8.62817 -0.000148759 0.00212879 0.000201175 -0.703473 0.00047698 1.5658 -0.00200749
21.856 -0.709056 -0.703723 -0.00533316 8.63267 -0.000148827 0.00212942 0.000201253 -0.703723 0.000477035 1.5658 -0.00200735
21.857 -0.709308 -0.703974 -0.00533407 8.63718 -0.000148894 0.00213005 0.000201331 -0.703974 0.000477089 1.5658 -0.0020072
21.858 -0.70956 -0.704225 -0.00533499 8.64168 -0.000148961 0.00213067 0.000201409 -0.704225 0.000477141 1.56579 -0.00200706
21.859 -0.709811 -0.704475 -0.00533589 8.64618 -0.000149028 0.00213129 0.000201487 -0.704475 0.000477194 1.56579 -0.00200692
21.86 -0.710063 -0.704726 -0.00533679 8.65069 -0.000149094 0.00213191 0.000201564 -0.704726 0.000477245 1.56579 -0.00200677
21.861 -0.710315 -0.704977 -0.00533769 8.65519 -0.000149161 0.00213253 0.000201641 -0.704977 0.000477295 1.56579 -0.00200663
21.862 -0.710567 -0.705228 -0.00533858 8.6597 -0.000149227 0.00213314 0.000201719 -0.705228 0.000477345 1.56578 -0.00200648
21.863 -0.710819 -0.705479 -0.00533946 8.66421 -0.000149294 0.00213375 0.000201796 -0.705479 0.000477394 1.56578 -0.00200634
21.864 -0.711071 -0.70573 -0.00534034 8.66872 -0.00014936 0.00213436 0.000201872 -0.70573 0.000477441 1.56578 -0.00200619
21.865 -0.711323 -0.705981 -0.00534122 8.67323 -0.000149425 0.00213497 0.000201949 -0.705981 0.000477488 1.56577 -0.00200604
21.866 -0.711575 -0.706233 -0.00534208 8.67774 -0.000149491 0.00213557 0.000202025 -0.706233 0.000477535 1.56577 -0.0020059
21.867 -0.711827 -0.706484 -0.00534295 8.68225 -0.000149557 0.00213618 0.000202101 -0.706484 0.00047758 1.56577 -0.00200575
21.868 -0.712079 -0.706735 -0.00534381 8.68676 -0.000149622 0.00213678 0.000202177 -0.706735 0.000477625 1.56577 -0.0020056
21.869 -0.712332 -0.706987 -0.00534466 8.69127 -0.000149687 0.00213737 0.000202253 -0.706987 0.000477668 1.56576 -0.00200546
21.87 -0.712584 -0.707238 -0.0053455 8.69579 -0.000149752 0.00213797 0.000202328 -0.707238 0.000477711 1.56576 -0.00200531
21.871 -0.712836 -0.70749 -0.00534635 8.7003 -0.000149817 0.00213856 0.000202404 -0.70749 0.000477753 1.56576 -0.00200516
21.872 -0.713089 -0.707742 -0.00534718 8.70482 -0.000149882 0.00213915 0.000202479 -0.707742 0.000477795 1.56575 -0.00200501
21.873 -0.713342 -0.707994 -0.00534801 8.70933 -0.000149947 0.00213974 0.000202554 -0.707994 0.000477835 1.56575 -0.00200486
21.874 -0.713594 -0.708245 -0.00534884 8.71385 -0.000150011 0.00214033 0.000202629 -0.708245 0.000477874 1.56575 -0.00200471
21.875 -0.713847 -0.708497 -0.00534966 8.71837 -0.000150075 0.00214091 0.000202703 -0.708497 0.000477913 1.56575 -0.00200456
21.876 -0.7141 -0.708749 -0.00535047 8.72289 -0.000150139 0.0021415 0.000202777 -0.708749 0.000477951 1.56574 -0.00200441
21.877 -0.714353 -0.709001 -0.00535128 8.72741 -0.000150203 0.00214208 0.000202852 -0.709001 0.000477988 1.56574 -0.00200426
21.878 -0.714606 -0.709253 -0.00535208 8.73193 -0.000150267 0.00214265 0.000202926 -0.709253 0.000478024 1.56574 -0.00200411
21.879 -0.714859 -0.709506 -0.00535288 8.73645 -0.000150331 0.00214323 0.000202999 -0.709506 0.00047806 1.56574 -0.00200396
21.88 -0.715112 -0.709758 -0.00535367 8.74097 -0.000150394 0.0021438 0.000203073 -0.709758 0.000478094 1.56573 -0.00200381
21.881 -0.715365 -0.71001 -0.00535446 8.74549 -0.000150457 0.00214437 0.000203146 -0.71001 0.000478128 1.56573 -0.00200365
21.882 -0.715618 -0.710263 -0.00535524 8.75002 -0.00015052 0.00214494 0.000203219 -0.710263 0.000478161 1.56573 -0.0020035
21.883 -0.715871 -0.710515 -0.00535602 8.75454 -0.000150583 0.0021455 0.000203292 -0.710515 0.000478193 1.56572 -0.00200335
21.884 -0.716124 -0.710768 -0.00535679 8.75906 -0.000150646 0.00214607 0.000203365 -0.710768 0.000478224 1.56572 -0.00200319
21.885 -0.716378 -0.71102 -0.00535755 8.76359 -0.000150709 0.00214663 0.000203438 -0.71102 0.000478254 1.56572 -0.00200304
21.886 -0.716631 -0.711273 -0.00535831 8.76812 -0.000150771 0.00214719 0.00020351 -0.711273 0.000478284 1.56572 -0.00200289
21.887 -0.716885 -0.711526 -0.00535907 8.77264 -0.000150833 0.00214774 0.000203582 -0.711526 0.000478313 1.56571 -0.00200273
21.888 -0.717138 -0.711778 -0.00535982 8.77717 -0.000150895 0.0021483 0.000203654 -0.711778 0.000478341 1.56571 -0.00200258
21.889 -0.717392 -0.712031 -0.00536056 8.7817 -0.000150957 0.00214885 0.000203726 -0.712031 0.000478368 1.56571 -0.00200242
21.89 -0.717646 -0.712284 -0.0053613 8.78623 -0.000151019 0.0021494 0.000203798 -0.712284 0.000478394 1.56571 -0.00200226
21.891 -0.717899 -0.712537 -0.00536203 8.79076 -0.000151081 0.00214995 0.000203869 -0.712537 0.000478419 1.5657 -0.00200211
21.892 -0.718153 -0.71279 -0.00536276 8.79529 -0.000151142 0.00215049 0.00020394 -0.71279 0.000478444 1.5657 -0.00200195
21.893 -0.718407 -0.713043 -0.00536348 8.79982 -0.000151203 0.00215103 0.000204011 -0.713043 0.000478468 1.5657 -0.00200179
21.894 -0.718661 -0.713297 -0.0053642 8.80436 -0.000151264 0.00215157 0.000204082 -0.713297 0.000478491 1.56569 -0.00200163
21.895 -0.718915 -0.71355 -0.00536491 8.80889 -0.000151325 0.00215211 0.000204153 -0.71355 0.000478513 1.56569 -0.00200148
21.896 -0.719169 -0.713803 -0.00536562 8.81342 -0.000151386 0.00215265 0.000204223 -0.713803 0.000478534 1.56569 -0.00200132
21.897 -0.719423 -0.714057 -0.00536632 8.81796 -0.000151447 0.00215318 0.000204293 -0.714057 0.000478554 1.56569 -0.00200116
21.898 -0.719677 -0.71431 -0.00536701 8.8225 -0.000151507 0.00215371 0.000204363 -0.71431 0.000478574 1.56568 -0.002001
21.899 -0.719931 -0.714564 -0.0053677 8.82703 -0.000151567 0.00215424 0.000204433 -0.714564 0.000478593 1.56568 -0.00200084
21.9 -0.720186 -0.714817 -0.00536838 8.83157 -0.000151628 0.00215476 0.000204503 -0.714817 0.000478611 1.56568 -0.00200068
21.901 -0.72044 -0.715071 -0.00536906 8.83611 -0.000151687 0.00215529 0.000204572 -0.715071 0.000478628 1.56568 -0.00200052
21.902 -0.720694 -0.715325 -0.00536974 8.84064 -0.000151747 0.00215581 0.000204641 -0.715325 0.000478644 1.56567 -0.00200036
21.903 -0.720949 -0.715578 -0.0053704 8.84518 -0.000151807 0.00215633 0.00020471 -0.715578 0.00047866 1.56567 -0.0020002
21.904 -0.721203 -0.715832 -0.00537107 8.84972 -0.000151866 0.00215685 0.000204779 -0.715832 0.000478674 1.56567 -0.00200003
21.905 -0.721458 -0.716086 -0.00537172 8.85426 -0.000151926 0.00215736 0.000204848 -0.716086 0.000478688 1.56567 -0.00199987
21.906 -0.721712 -0.71634 -0.00537237 8.8588 -0.000151985 0.00215787 0.000204916 -0.71634 0.000478701 1.56566 -0.00199971
21.907 -0.721967 -0.716594 -0.00537302 8.86335 -0.000152044 0.00215838 0.000204985 -0.716594 0.000478713 1.56566 -0.00199955
21.908 -0.722222 -0.716848 -0.00537366 8.86789 -0.000152103 0.00215889 0.000205053 -0.716848 0.000478725 1.56566 -0.00199938
21.909 -0.722477 -0.717102 -0.00537429 8.87243 -0.000152161 0.0021594 0.00020512 -0.717102 0.000478735 1.56565 -0.00199922
21.91 -0.722731 -0.717357 -0.00537492 8.87698 -0.00015222 0.0021599 0.000205188 -0.717357 0.000478745 1.56565 -0.00199906
21.911 -0.722986 -0.717611 -0.00537555 8.88152 -0.000152278 0.0021604 0.000205255 -0.717611 0.000478754 1.56565 -0.00199889
21.912 -0.723241 -0.717865 -0.00537617 8.88606 -0.000152336 0.0021609 0.000205323 -0.717865 0.000478762 1.56565 -0.00199873
21.913 -0.723496 -0.71812 -0.00537678 8.89061 -0.000152394 0.00216139 0.00020539 -0.71812 0.000478769 1.56564 -0.00199856
21.914 -0.723751 -0.718374 -0.00537739 8.89516 -0.000152452 0.00216189 0.000205457 -0.718374 0.000478776 1.56564 -0.00199839
21.915 -0.724007 -0.718629 -0.00537799 8.8997 -0.000152509 0.00216238 0.000205523 -0.718629 0.000478781 1.56564 -0.00199823
21.916 -0.724262 -0.718883 -0.00537859 8.90425 -0.000152567 0.00216287 0.00020559 -0.718883 0.000478786 1.56564 -0.00199806
21.917 -0.724517 -0.719138 -0.00537918 8.9088 -0.000152624 0.00216336 0.000205656 -0.719138 0.00047879 1.56563 -0.00199789
21.918 -0.724772 -0.719393 -0.00537976 8.91335 -0.000152681 0.00216384 0.000205722 -0.719393 0.000478793 1.56563 -0.00199773
21.919 -0.725028 -0.719647 -0.00538034 8.9179 -0.000152738 0.00216432 0.000205788 -0.719647 0.000478796 1.56563 -0.00199756
21.92 -0.725283 -0.719902 -0.00538092 8.92245 -0.000152795 0.0021648 0.000205853 -0.719902 0.000478797 1.56563 -0.00199739
21.921 -0.725538 -0.720157 -0.00538149 8.927 -0.000152852 0.00216528 0.000205919 -0.720157 0.000478798 1.56562 -0.00199722
21.922 -0.725794 -0.720412 -0.00538205 8.93155 -0.000152908 0.00216575 0.000205984 -0.720412 0.000478798 1.56562 -0.00199705
21.923 -0.72605 -0.720667 -0.00538261 8.9361 -0.000152965 0.00216623 0.000206049 -0.720667 0.000478797 1.56562 -0.00199688
21.924 -0.726305 -0.720922 -0.00538316 8.94065 -0.000153021 0.0021667 0.000206114 -0.720922 0.000478795 1.56562 -0.00199671
21.925 -0.726561 -0.721177 -0.00538371 8.94521 -0.000153077 0.00216717 0.000206179 -0.721177 0.000478792 1.56561 -0.00199654
21.926 -0.726817 -0.721432 -0.00538426 8.94976 -0.000153133 0.00216763 0.000206243 -0.721432 0.000478789 1.56561 -0.00199637
21.927 -0.727072 -0.721688 -0.00538479 8.95431 -0.000153188 0.00216809 0.000206307 -0.721688 0.000478785 1.56561 -0.0019962
21.928 -0.727328 -0.721943 -0.00538532 8.95887 -0.000153244 0.00216856 0.000206372 -0.721943 0.00047878 1.56561 -0.00199603
21.929 -0.727584 -0.722198 -0.00538585 8.96342 -0.000153299 0.00216901 0.000206435 -0.722198 0.000478774 1.5656 -0.00199585
21.93 -0.72784 -0.722454 -0.00538637 8.96798 -0.000153354 0.00216947 0.000206499 -0.722454 0.000478767 1.5656 -0.00199568
21.931 -0.728096 -0.722709 -0.00538689 8.97254 -0.000153409 0.00216993 0.000206563 -0.722709 0.00047876 1.5656 -0.00199551
21.932 -0.728352 -0.722965 -0.00538739 8.97709 -0.000153464 0.00217038 0.000206626 -0.722965 0.000478752 1.5656 -0.00199534
21.933 -0.728608 -0.72322 -0.0053879 8.98165 -0.000153519 0.00217083 0.000206689 -0.72322 0.000478743 1.56559 -0.00199516
21.934 -0.728864 -0.723476 -0.0053884 8.98621 -0.000153573 0.00217127 0.000206752 -0.723476 0.000478733 1.56559 -0.00199499
21.935 -0.72912 -0.723731 -0.00538889 8.99077 -0.000153628 0.00217172 0.000206814 -0.723731 0.000478722 1.56559 -0.00199481
21.936 -0.729377 -0.723987 -0.00538938 8.99533 -0.000153682 0.00217216 0.000206877 -0.723987 0.00047871 1.56559 -0.00199464
21.937 -0.729633 -0.724243 -0.00538986 8.99989 -0.000153736 0.0021726 0.000206939 -0.724243 0.000478698 1.56558 -0.00199446
21.938 -0.729889 -0.724499 -0.00539034 9.00445 -0.00015379 0.00217304 0.000207001 -0.724499 0.000478685 1.56558 -0.00199429
21.939 -0.730146 -0.724755 -0.00539081 9.00901 -0.000153843 0.00217348 0.000207063 -0.724755 0.000478671 1.56558 -0.00199411
21.94 -0.730402 -0.725011 -0.00539128 9.01357 -0.000153897 0.00217391 0.000207125 -0.725011 0.000478656 1.56558 -0.00199393
21.941 -0.730659 -0.725267 -0.00539174 9.01813 -0.00015395 0.00217434 0.000207186 -0.725267 0.000478641 1.56557 -0.00199376
21.942 -0.730915 -0.725523 -0.00539219 9.02269 -0.000154003 0.00217477 0.000207247 -0.725523 0.000478624 1.56557 -0.00199358
21.943 -0.731172 -0.725779 -0.00539264 9.02726 -0.000154056 0.00217519 0.000207309 -0.725779 0.000478607 1.56557 -0.0019934
21.944 -0.731428 -0.726035 -0.00539309 9.03182 -0.000154109 0.00217562 0.000207369 -0.726035 0.000478589 1.56557 -0.00199322
21.945 -0.731685 -0.726291 -0.00539352 9.03638 -0.000154162 0.00217604 0.00020743 -0.726291 0.00047857 1.56556 -0.00199304
21.946 -0.731942 -0.726548 -0.00539396 9.04095 -0.000154214 0.00217646 0.000207491 -0.726548 0.000478551 1.56556 -0.00199286
21.947 -0.732198 -0.726804 -0.00539439 9.04551 -0.000154267 0.00217688 0.000207551 -0.726804 0.00047853 1.56556 -0.00199268
21.948 -0.732455 -0.72706 -0.00539481 9.05008 -0.000154319 0.00217729 0.000207611 -0.72706 0.000478509 1.56556 -0.0019925
21.949 -0.732712 -0.727317 -0.00539523 9.05464 -0.000154371 0.0021777 0.000207671 -0.727317 0.000478487 1.56555 -0.00199232
21.95 -0.732969 -0.727573 -0.00539564 9.05921 -0.000154423 0.00217811 0.000207731 -0.727573 0.000478464 1.56555 -0.00199214
21.951 -0.733226 -0.72783 -0.00539604 9.06378 -0.000154474 0.00217852 0.00020779 -0.72783 0.00047844 1.56555 -0.00199196
21.952 -0.733483 -0.728087 -0.00539644 9.06834 -0.000154526 0.00217893 0.000207849 -0.728087 0.000478416 1.56555 -0.00199178
21.953 -0.73374 -0.728343 -0.00539684 9.07291 -0.000154577 0.00217933 0.000207908 -0.728343 0.00047839 1.56554 -0.0019916
21.954 -0.733997 -0.7286 -0.00539723 9.07748 -0.000154628 0.00217973 0.000207967 -0.7286 0.000478364 1.56554 -0.00199141
21.955 -0.734254 -0.728857 -0.00539761 9.08205 -0.000154679 0.00218013 0.000208026 -0.728857 0.000478338 1.56554 -0.00199123
21.956 -0.734512 -0.729114 -0.00539799 9.08662 -0.00015473 0.00218052 0.000208084 -0.729114 0.00047831 1.56554 -0.00199105
21.957 -0.734769 -0.72937 -0.00539836 9.09119 -0.000154781 0.00218092 0.000208143 -0.72937 0.000478281 1.56554 -0.00199086
21.958 -0.735026 -0.729627 -0.00539873 9.09576 -0.000154831 0.00218131 0.000208201 -0.729627 0.000478252 1.56553 -0.00199068
21.959 -0.735283 -0.729884 -0.0053991 9.10033 -0.000154882 0.0021817 0.000208259 -0.729884 0.000478222 1.56553 -0.00199049
21.96 -0.735541 -0.730141 -0.00539945 9.1049 -0.000154932 0.00218208 0.000208316 -0.730141 0.000478191 1.56553 -0.00199031
21.961 -0.735798 -0.730398 -0.0053998 9.10947 -0.000154982 0.00218247 0.000208374 -0.730398 0.000478159 1.56553 -0.00199012
21.962 -0.736056 -0.730656 -0.00540015 9.11404 -0.000155032 0.00218285 0.000208431 -0.730656 0.000478127 1.56552 -0.00198994
21.963 -0.736313 -0.730913 -0.00540049 9.11861 -0.000155082 0.00218323 0.000208488 -0.730913 0.000478094 1.56552 -0.00198975
21.964 -0.736571 -0.73117 -0.00540083 9.12319 -0.000155131 0.00218361 0.000208545 -0.73117 0.000478059 1.56552 -0.00198956
21.965 -0.736828 -0.731427 -0.00540115 9.12776 -0.00015518 0.00218398 0.000208602 -0.731427 0.000478025 1.56552 -0.00198938
21.966 -0.737086 -0.731685 -0.00540148 9.13233 -0.00015523 0.00218436 0.000208658 -0.731685 0.000477989 1.56551 -0.00198919
21.967 -0.737344 -0.731942 -0.0054018 9.13691 -0.000155279 0.00218473 0.000208715 -0.731942 0.000477952 1.56551 -0.001989
21.968 -0.737601 -0.732199 -0.00540211 9.14148 -0.000155328 0.00218509 0.000208771 -0.732199 0.000477915 1.56551 -0.00198881
21.969 -0.737859 -0.732457 -0.00540242 9.14605 -0.000155376 0.00218546 0.000208827 -0.732457 0.000477877 1.56551 -0.00198862
21.97 -0.738117 -0.732714 -0.00540272 9.15063 -0.000155425 0.00218582 0.000208882 -0.732714 0.000477838 1.5655 -0.00198843
21.971 -0.738375 -0.732972 -0.00540302 9.1552 -0.000155473 0.00218618 0.000208938 -0.732972 0.000477798 1.5655 -0.00198824
21.972 -0.738633 -0.733229 -0.00540331 9.15978 -0.000155521 0.00218654 0.000208993 -0.733229 0.000477758 1.5655 -0.00198805
21.973 -0.738891 -0.733487 -0.0054036 9.16435 -0.000155569 0.0021869 0.000209048 -0.733487 0.000477717 1.5655 -0.00198786
21.974 -0.739149 -0.733745 -0.00540388 9.16893 -0.000155617 0.00218725 0.000209103 -0.733745 0.000477674 1.5655 -0.00198767
21.975 -0.739407 -0.734003 -0.00540415 9.17351 -0.000155665 0.00218761 0.000209158 -0.734003 0.000477632 1.56549 -0.00198748
21.976 -0.739665 -0.73426 -0.00540442 9.17808 -0.000155713 0.00218795 0.000209212 -0.73426 0.000477588 1.56549 -0.00198729
21.977 -0.739923 -0.734518 -0.00540469 9.18266 -0.00015576 0.0021883 0.000209267 -0.734518 0.000477543 1.56549 -0.0019871
21.978 -0.740181 -0.734776 -0.00540494 9.18724 -0.000155807 0.00218865 0.000209321 -0.734776 0.000477498 1.56549 -0.0019869
21.979 -0.740439 -0.735034 -0.0054052 9.19182 -0.000155854 0.00218899 0.000209374 -0.735034 0.000477452 1.56548 -0.00198671
21.98 -0.740697 -0.735292 -0.00540544 9.1964 -0.000155901 0.00218933 0.000209428 -0.735292 0.000477405 1.56548 -0.00198652
21.981 -0.740956 -0.73555 -0.00540569 9.20097 -0.000155948 0.00218967 0.000209482 -0.73555 0.000477358 1.56548 -0.00198632
21.982 -0.741214 -0.735808 -0.00540592 9.20555 -0.000155994 0.00219 0.000209535 -0.735808 0.000477309 1.56548 -0.00198613
21.983 -0.741472 -0.736066 -0.00540616 9.21013 -0.000156041 0.00219034 0.000209588 -0.736066 0.00047726 1.56547 -0.00198593
21.984 -0.741731 -0.736324 -0.00540638 9.21471 -0.000156087 0.00219067 0.000209641 -0.736324 0.00047721 1.56547 -0.00198574
21.985 -0.741989 -0.736583 -0.0054066 9.21929 -0.000156133 0.00219099 0.000209694 -0.736583 0.000477159 1.56547 -0.00198554
21.986 -0.742248 -0.736841 -0.00540682 9.22387 -0.000156179 0.00219132 0.000209746 -0.736841 0.000477108 1.56547 -0.00198535
21.987 -0.742506 -0.737099 -0.00540703 9.22845 -0.000156224 0.00219164 0.000209798 -0.737099 0.000477055 1.56547 -0.00198515
21.988 -0.742765 -0.737357 -0.00540723 9.23303 -0.00015627 0.00219197 0.00020985 -0.737357 0.000477002 1.56546 -0.00198495
21.989 -0.743023 -0.737616 -0.00540743 9.23761 -0.000156315 0.00219228 0.000209902 -0.737616 0.000476948 1.56546 -0.00198475
21.99 -0.743282 -0.737874 -0.00540762 9.2422 -0.000156361 0.0021926 0.000209954 -0.737874 0.000476893 1.56546 -0.00198456
21.991 -0.743541 -0.738133 -0.00540781 9.24678 -0.000156406 0.00219292 0.000210006 -0.738133 0.000476838 1.56546 -0.00198436
21.992 -0.743799 -0.738391 -0.00540799 9.25136 -0.000156451 0.00219323 0.000210057 -0.738391 0.000476782 1.56545 -0.00198416
21.993 -0.744058 -0.73865 -0.00540817 9.25594 -0.000156495 0.00219354 0.000210108 -0.73865 0.000476724 1.56545 -0.00198396
21.994 -0.744317 -0.738908 -0.00540834 9.26052 -0.00015654 0.00219385 0.000210159 -0.738908 0.000476667 1.56545 -0.00198376
21.995 -0.744575 -0.739167 -0.00540851 9.26511 -0.000156584 0.00219415 0.000210209 -0.739167 0.000476608 1.56545 -0.00198356
21.996 -0.744834 -0.739426 -0.00540867 9.26969 -0.000156628 0.00219445 0.00021026 -0.739426 0.000476548 1.56545 -0.00198336
21.997 -0.745093 -0.739684 -0.00540882 9.27427 -0.000156672 0.00219475 0.00021031 -0.739684 0.000476488 1.56544 -0.00198316
21.998 -0.745352 -0.739943 -0.00540897 9.27886 -0.000156716 0.00219505 0.00021036 -0.739943 0.000476427 1.56544 -0.00198296
21.999 -0.745611 -0.740202 -0.00540912 9.28344 -0.00015676 0.00219535 0.00021041 -0.740202 0.000476365 1.56544 -0.00198276
22 -0.74587 -0.740461 -0.00540925 9.28803 -0.000156804 0.00219564 0.00021046 -0.740461 0.000476303 1.56544 -0.00198255
22.001 -0.746129 -0.74072 -0.00540939 9.29261 -0.000156847 0.00219593 0.000210509 -0.74072 0.000476239 1.56543 -0.00198235
22.002 -0.746388 -0.740979 -0.00540951 9.29719 -0.00015689 0.00219622 0.000210559 -0.740979 0.000476175 1.56543 -0.00198215
22.003 -0.746647 -0.741238 -0.00540964 9.30178 -0.000156933 0.00219651 0.000210608 -0.741238 0.00047611 1.56543 -0.00198194
22.004 -0.746906 -0.741497 -0.00540975 9.30636 -0.000156976 0.00219679 0.000210657 -0.741497 0.000476045 1.56543 -0.00198174
22.005 -0.747165 -0.741756 -0.00540987 9.31095 -0.000157019 0.00219707 0.000210705 -0.741756 0.000475978 1.56543 -0.00198154
22.006 -0.747425 -0.742015 -0.00540997 9.31553 -0.000157061 0.00219735 0.000210754 -0.742015 0.000475911 1.56542 -0.00198133
22.007 -0.747684 -0.742274 -0.00541007 9.32012 -0.000157104 0.00219763 0.000210802 -0.742274 0.000475843 1.56542 -0.00198113
22.008 -0.747943 -0.742533 -0.00541017 9.32471 -0.000157146 0.0021979 0.00021085 -0.742533 0.000475774 1.56542 -0.00198092
22.009 -0.748202 -0.742792 -0.00541026 9.32929 -0.000157188 0.00219818 0.000210898 -0.742792 0.000475705 1.56542 -0.00198071
22.01 -0.748462 -0.743051 -0.00541034 9.33388 -0.00015723 0.00219845 0.000210946 -0.743051 0.000475634 1.56542 -0.00198051
22.011 -0.748721 -0.743311 -0.00541042 9.33846 -0.000157272 0.00219872 0.000210993 -0.743311 0.000475563 1.56541 -0.0019803
22.012 -0.748981 -0.74357 -0.00541049 9.34305 -0.000157313 0.00219898 0.00021104 -0.74357 0.000475491 1.56541 -0.00198009
22.013 -0.74924 -0.743829 -0.00541056 9.34764 -0.000157355 0.00219924 0.000211087 -0.743829 0.000475418 1.56541 -0.00197989
22.014 -0.749499 -0.744089 -0.00541062 9.35222 -0.000157396 0.0021995 0.000211134 -0.744089 0.000475345 1.56541 -0.00197968
22.015 -0.749759 -0.744348 -0.00541068 9.35681 -0.000157437 0.00219976 0.000211181 -0.744348 0.000475271 1.56541 -0.00197947
22.016 -0.750018 -0.744608 -0.00541073 9.3614 -0.000157478 0.00220002 0.000211227 -0.744608 0.000475196 1.5654 -0.00197926
22.017 -0.750278 -0.744867 -0.00541077 9.36599 -0.000157519 0.00220027 0.000211274 -0.744867 0.00047512 1.5654 -0.00197905
22.018 -0.750538 -0.745127 -0.00541082 9.37057 -0.000157559 0.00220052 0.00021132 -0.745127 0.000475043 1.5654 -0.00197884
22.019 -0.750797 -0.745386 -0.00541085 9.37516 -0.0001576 0.00220077 0.000211366 -0.745386 0.000474966 1.5654 -0.00197863
22.02 -0.751057 -0.745646 -0.00541088 9.37975 -0.00015764 0.00220102 0.000211411 -0.745646 0.000474888 1.56539 -0.00197842
22.021 -0.751316 -0.745906 -0.0054109 9.38434 -0.00015768 0.00220127 0.000211457 -0.745906 0.000474809 1.56539 -0.00197821
22.022 -0.751576 -0.746165 -0.00541092 9.38893 -0.00015772 0.00220151 0.000211502 -0.746165 0.000474729 1.56539 -0.001978
22.023 -0.751836 -0.746425 -0.00541094 9.39352 -0.000157759 0.00220175 0.000211547 -0.746425 0.000474649 1.56539 -0.00197778
22.024 -0.752096 -0.746685 -0.00541094 9.3981 -0.000157799 0.00220199 0.000211592 -0.746685 0.000474568 1.56539 -0.00197757
22.025 -0.752355 -0.746945 -0.00541094 9.40269 -0.000157838 0.00220222 0.000211636 -0.746945 0.000474486 1.56538 -0.00197736
22.026 -0.752615 -0.747204 -0.00541094 9.40728 -0.000157878 0.00220245 0.000211681 -0.747204 0.000474403 1.56538 -0.00197714
22.027 -0.752875 -0.747464 -0.00541093 9.41187 -0.000157917 0.00220268 0.000211725 -0.747464 0.00047432 1.56538 -0.00197693
22.028 -0.753135 -0.747724 -0.00541092 9.41646 -0.000157956 0.00220291 0.000211769 -0.747724 0.000474236 1.56538 -0.00197672
22.029 -0.753395 -0.747984 -0.0054109 9.42105 -0.000157994 0.00220314 0.000211813 -0.747984 0.000474151 1.56538 -0.0019765
22.03 -0.753655 -0.748244 -0.00541087 9.42564 -0.000158033 0.00220336 0.000211857 -0.748244 0.000474065 1.56537 -0.00197629
22.031 -0.753915 -0.748504 -0.00541084 9.43023 -0.000158071 0.00220358 0.0002119 -0.748504 0.000473978 1.56537 -0.00197607
22.032 -0.754175 -0.748764 -0.00541081 9.43482 -0.00015811 0.0022038 0.000211943 -0.748764 0.000473891 1.56537 -0.00197585
22.033 -0.754435 -0.749024 -0.00541077 9.43941 -0.000158148 0.00220402 0.000211986 -0.749024 0.000473803 1.56537 -0.00197564
22.034 -0.754695 -0.749284 -0.00541072 9.444 -0.000158186 0.00220423 0.000212029 -0.749284 0.000473714 1.56537 -0.00197542
22.035 -0.754955 -0.749544 -0.00541067 9.44859 -0.000158223 0.00220444 0.000212072 -0.749544 0.000473624 1.56536 -0.0019752
22.036 -0.755215 -0.749805 -0.00541061 9.45318 -0.000158261 0.00220465 0.000212114 -0.749805 0.000473534 1.56536 -0.00197499
22.037 -0.755475 -0.750065 -0.00541054 9.45777 -0.000158298 0.00220486 0.000212157 -0.750065 0.000473443 1.56536 -0.00197477
22.038 -0.755735 -0.750325 -0.00541048 9.46236 -0.000158335 0.00220507 0.000212199 -0.750325 0.000473351 1.56536 -0.00197455
22.039 -0.755996 -0.750585 -0.0054104 9.46695 -0.000158373 0.00220527 0.00021224 -0.750585 0.000473259 1.56536 -0.00197433
22.04 -0.756256 -0.750846 -0.00541032 9.47154 -0.000158409 0.00220547 0.000212282 -0.750846 0.000473165 1.56535 -0.00197411
22.041 -0.756516 -0.751106 -0.00541024 9.47613 -0.000158446 0.00220567 0.000212323 -0.751106 0.000473071 1.56535 -0.00197389
22.042 -0.756776 -0.751366 -0.00541015 9.48072 -0.000158483 0.00220586 0.000212365 -0.751366 0.000472976 1.56535 -0.00197367
22.043 -0.757037 -0.751627 -0.00541005 9.48531 -0.000158519 0.00220606 0.000212406 -0.751627 0.000472881 1.56535 -0.00197345
22.044 -0.757297 -0.751887 -0.00540995 9.4899 -0.000158555 0.00220625 0.000212446 -0.751887 0.000472784 1.56535 -0.00197323
22.045 -0.757557 -0.752147 -0.00540984 9.49449 -0.000158591 0.00220644 0.000212487 -0.752147 0.000472687 1.56534 -0.00197301
22.046 -0.757818 -0.752408 -0.00540973 9.49908 -0.000158627 0.00220662 0.000212527 -0.752408 0.000472589 1.56534 -0.00197279
22.047 -0.758078 -0.752668 -0.00540961 9.50367 -0.000158663 0.00220681 0.000212568 -0.752668 0.00047249 1.56534 -0.00197256
22.048 -0.758338 -0.752929 -0.00540949 9.50826 -0.000158699 0.00220699 0.000212608 -0.752929 0.000472391 1.56534 -0.00197234
22.049 -0.758599 -0.75319 -0.00540936 9.51285 -0.000158734 0.00220717 0.000212647 -0.75319 0.000472291 1.56534 -0.00197212
22.05 -0.758859 -0.75345 -0.00540923 9.51744 -0.000158769 0.00220734 0.000212687 -0.75345 0.00047219 1.56533 -0.00197189
22.051 -0.75912 -0.753711 -0.00540909 9.52203 -0.000158804 0.00220752 0.000212726 -0.753711 0.000472088 1.56533 -0.00197167
22.052 -0.75938 -0.753971 -0.00540894 9.52662 -0.000158839 0.00220769 0.000212766 -0.753971 0.000471986 1.56533 -0.00197144
22.053 -0.759641 -0.754232 -0.00540879 9.53121 -0.000158874 0.00220786 0.000212805 -0.754232 0.000471883 1.56533 -0.00197122
22.054 -0.759901 -0.754493 -0.00540863 9.5358 -0.000158909 0.00220803 0.000212843 -0.754493 0.000471779 1.56533 -0.00197099
22.055 -0.760162 -0.754754 -0.00540847 9.54039 -0.000158943 0.00220819 0.000212882 -0.754754 0.000471674 1.56533 -0.00197077
22.056 -0.760423 -0.755014 -0.00540831 9.54498 -0.000158977 0.00220836 0.00021292 -0.755014 0.000471569 1.56532 -0.00197054
22.057 -0.760683 -0.755275 -0.00540813 9.54957 -0.000159011 0.00220852 0.000212959 -0.755275 0.000471462 1.56532 -0.00197031
22.058 -0.760944 -0.755536 -0.00540796 9.55416 -0.000159045 0.00220868 0.000212997 -0.755536 0.000471356 1.56532 -0.00197009
22.059 -0.761205 -0.755797 -0.00540777 9.55875 -0.000159079 0.00220883 0.000213034 -0.755797 0.000471248 1.56532 -0.00196986
22.06 -0.761465 -0.756058 -0.00540758 9.56334 -0.000159113 0.00220899 0.000213072 -0.756058 0.00047114 1.56532 -0.00196963
22.061 -0.761726 -0.756319 -0.00540739 9.56793 -0.000159146 0.00220914 0.000213109 -0.756319 0.00047103 1.56531 -0.0019694
22.062 -0.761987 -0.75658 -0.00540719 9.57253 -0.000159179 0.00220929 0.000213147 -0.75658 0.00047092 1.56531 -0.00196917
22.063 -0.762248 -0.756841 -0.00540698 9.57712 -0.000159212 0.00220943 0.000213183 -0.756841 0.00047081 1.56531 -0.00196894
22.064 -0.762508 -0.757102 -0.00540677 9.58171 -0.000159245 0.00220958 0.00021322 -0.757102 0.000470698 1.56531 -0.00196871
22.065 -0.762769 -0.757363 -0.00540656 9.5863 -0.000159278 0.00220972 0.000213257 -0.757363 0.000470586 1.56531 -0.00196848
22.066 -0.76303 -0.757624 -0.00540634 9.59089 -0.000159311 0.00220986 0.000213293 -0.757624 0.000470474 1.5653 -0.00196825
22.067 -0.763291 -0.757885 -0.00540611 9.59548 -0.000159343 0.00221 0.000213329 -0.757885 0.00047036 1.5653 -0.00196802
22.068 -0.763552 -0.758146 -0.00540588 9.60007 -0.000159375 0.00221013 0.000213365 -0.758146 0.000470246 1.5653 -0.00196779
22.069 -0.763812 -0.758407 -0.00540564 9.60466 -0.000159407 0.00221027 0.000213401 -0.758407 0.000470131 1.5653 -0.00196756
22.07 -0.764073 -0.758668 -0.0054054 9.60925 -0.000159439 0.0022104 0.000213437 -0.758668 0.000470015 1.5653 -0.00196733
22.071 -0.764334 -0.758929 -0.00540515 9.61384 -0.000159471 0.00221052 0.000213472 -0.758929 0.000469898 1.5653 -0.00196709
22.072 -0.764595 -0.75919 -0.00540489 9.61843 -0.000159503 0.00221065 0.000213507 -0.75919 0.000469781 1.56529 -0.00196686
22.073 -0.764856 -0.759452 -0.00540464 9.62302 -0.000159534 0.00221077 0.000213542 -0.759452 0.000469663 1.56529 -0.00196663
22.074 -0.765117 -0.759713 -0.00540437 9.62761 -0.000159565 0.00221089 0.000213577 -0.759713 0.000469544 1.56529 -0.00196639
22.075 -0.765378 -0.759974 -0.0054041 9.6322 -0.000159596 0.00221101 0.000213611 -0.759974 0.000469425 1.56529 -0.00196616
22.076 -0.765639 -0.760235 -0.00540382 9.63679 -0.000159627 0.00221113 0.000213646 -0.760235 0.000469304 1.56529 -0.00196592
22.077 -0.7659 -0.760497 -0.00540354 9.64137 -0.000159658 0.00221124 0.00021368 -0.760497 0.000469183 1.56528 -0.00196569
22.078 -0.766161 -0.760758 -0.00540326 9.64596 -0.000159689 0.00221136 0.000213714 -0.760758 0.000469062 1.56528 -0.00196545
22.079 -0.766422 -0.761019 -0.00540296 9.65055 -0.000159719 0.00221147 0.000213747 -0.761019 0.000468939 1.56528 -0.00196521
22.08 -0.766683 -0.761281 -0.00540267 9.65514 -0.000159749 0.00221157 0.000213781 -0.761281 0.000468816 1.56528 -0.00196498
22.081 -0.766944 -0.761542 -0.00540236 9.65973 -0.000159779 0.00221168 0.000213814 -0.761542 0.000468692 1.56528 -0.00196474
22.082 -0.767206 -0.761803 -0.00540206 9.66432 -0.000159809 0.00221178 0.000213847 -0.761803 0.000468568 1.56528 -0.0019645
22.083 -0.767467 -0.762065 -0.00540174 9.66891 -0.000159839 0.00221188 0.00021388 -0.762065 0.000468442 1.56527 -0.00196426
22.084 -0.767728 -0.762326 -0.00540142 9.6735 -0.000159869 0.00221198 0.000213913 -0.762326 0.000468316 1.56527 -0.00196403
22.085 -0.767989 -0.762588 -0.0054011 9.67809 -0.000159898 0.00221207 0.000213946 -0.762588 0.000468189 1.56527 -0.00196379
22.086 -0.76825 -0.762849 -0.00540077 9.68267 -0.000159927 0.00221217 0.000213978 -0.762849 0.000468062 1.56527 -0.00196355
22.087 -0.768511 -0.763111 -0.00540043 9.68726 -0.000159956 0.00221226 0.00021401 -0.763111 0.000467934 1.56527 -0.00196331
22.088 -0.768773 -0.763372 -0.00540009 9.69185 -0.000159985 0.00221235 0.000214042 -0.763372 0.000467805 1.56527 -0.00196307
22.089 -0.769034 -0.763634 -0.00539975 9.69644 -0.000160014 0.00221243 0.000214074 -0.763634 0.000467675 1.56526 -0.00196283
22.09 -0.769295 -0.763896 -0.00539939 9.70103 -0.000160043 0.00221252 0.000214105 -0.763896 0.000467545 1.56526 -0.00196259
22.091 -0.769556 -0.764157 -0.00539904 9.70561 -0.000160071 0.0022126 0.000214136 -0.764157 0.000467413 1.56526 -0.00196234
22.092 -0.769817 -0.764419 -0.00539867 9.7102 -0.000160099 0.00221268 0.000214167 -0.764419 0.000467282 1.56526 -0.0019621
22.093 -0.770079 -0.76468 -0.00539831 9.71479 -0.000160127 0.00221276 0.000214198 -0.76468 0.000467149 1.56526 -0.00196186
22.094 -0.77034 -0.764942 -0.00539793 9.71937 -0.000160155 0.00221283 0.000214229 -0.764942 0.000467016 1.56526 -0.00196162
22.095 -0.770601 -0.765204 -0.00539755 9.72396 -0.000160183 0.0022129 0.000214259 -0.765204 0.000466882 1.56525 -0.00196137
22.096 -0.770863 -0.765466 -0.00539717 9.72855 -0.000160211 0.00221297 0.00021429 -0.765466 0.000466747 1.56525 -0.00196113
22.097 -0.771124 -0.765727 -0.00539678 9.73313 -0.000160238 0.00221304 0.00021432 -0.765727 0.000466611 1.56525 -0.00196089
22.098 -0.771385 -0.765989 -0.00539638 9.73772 -0.000160265 0.00221311 0.00021435 -0.765989 0.000466475 1.56525 -0.00196064
22.099 -0.771647 -0.766251 -0.00539598 9.74231 -0.000160292 0.00221317 0.000214379 -0.766251 0.000466338 1.56525 -0.0019604
22.1 -0.771908 -0.766512 -0.00539558 9.74689 -0.000160319 0.00221323 0.000214409 -0.766512 0.000466201 1.56525 -0.00196015
22.101 -0.772169 -0.766774 -0.00539516 9.75148 -0.000160346 0.00221329 0.000214438 -0.766774 0.000466062 1.56524 -0.0019599
22.102 -0.772431 -0.767036 -0.00539475 9.75606 -0.000160373 0.00221335 0.000214467 -0.767036 0.000465923 1.56524 -0.00195966
22.103 -0.772692 -0.767298 -0.00539433 9.76065 -0.000160399 0.0022134 0.000214496 -0.767298 0.000465784 1.56524 -0.00195941
22.104 -0.772954 -0.76756 -0.0053939 9.76523 -0.000160425 0.00221345 0.000214525 -0.76756 0.000465643 1.56524 -0.00195916
22.105 -0.773215 -0.767822 -0.00539346 9.76982 -0.000160451 0.0022135 0.000214553 -0.767822 0.000465502 1.56524 -0.00195892
22.106 -0.773477 -0.768083 -0.00539303 9.7744 -0.000160477 0.00221355 0.000214581 -0.768083 0.00046536 1.56524 -0.00195867
22.107 -0.773738 -0.768345 -0.00539258 9.77899 -0.000160503 0.00221359 0.000214609 -0.768345 0.000465217 1.56523 -0.00195842
22.108 -0.773999 -0.768607 -0.00539213 9.78357 -0.000160529 0.00221364 0.000214637 -0.768607 0.000465074 1.56523 -0.00195817
22.109 -0.774261 -0.768869 -0.00539168 9.78816 -0.000160554 0.00221368 0.000214665 -0.768869 0.00046493 1.56523 -0.00195792
22.11 -0.774522 -0.769131 -0.00539122 9.79274 -0.000160579 0.00221371 0.000214692 -0.769131 0.000464785 1.56523 -0.00195767
22.111 -0.774784 -0.769393 -0.00539075 9.79732 -0.000160605 0.00221375 0.000214719 -0.769393 0.00046464 1.56523 -0.00195742
22.112 -0.775045 -0.769655 -0.00539028 9.80191 -0.000160629 0.00221378 0.000214746 -0.769655 0.000464494 1.56523 -0.00195717
22.113 -0.775307 -0.769917 -0.0053898 9.80649 -0.000160654 0.00221381 0.000214773 -0.769917 0.000464347 1.56522 -0.00195692
22.114 -0.775568 -0.770179 -0.00538932 9.81107 -0.000160679 0.00221384 0.0002148 -0.770179 0.000464199 1.56522 -0.00195667
22.115 -0.77583 -0.770441 -0.00538883 9.81566 -0.000160703 0.00221387 0.000214826 -0.770441 0.000464051 1.56522 -0.00195642
22.116 -0.776091 -0.770703 -0.00538834 9.82024 -0.000160728 0.00221389 0.000214852 -0.770703 0.000463902 1.56522 -0.00195616
22.117 -0.776353 -0.770965 -0.00538784 9.82482 -0.000160752 0.00221391 0.000214878 -0.770965 0.000463753 1.56522 -0.00195591
22.118 -0.776615 -0.771227 -0.00538734 9.8294 -0.000160776 0.00221393 0.000214904 -0.771227 0.000463602 1.56522 -0.00195566
22.119 -0.776876 -0.771489 -0.00538683 9.83398 -0.000160799 0.00221395 0.00021493 -0.771489 0.000463451 1.56521 -0.0019554
22.12 -0.777138 -0.771751 -0.00538632 9.83856 -0.000160823 0.00221397 0.000214955 -0.771751 0.000463299 1.56521 -0.00195515
22.121 -0.777399 -0.772013 -0.0053858 9.84314 -0.000160846 0.00221398 0.00021498 -0.772013 0.000463147 1.56521 -0.0019549
22.122 -0.777661 -0.772276 -0.00538527 9.84772 -0.00016087 0.00221399 0.000215005 -0.772276 0.000462994 1.56521 -0.00195464
22.123 -0.777922 -0.772538 -0.00538474 9.8523 -0.000160893 0.002214 0.00021503 -0.772538 0.00046284 1.56521 -0.00195438
22.124 -0.778184 -0.7728 -0.0053842 9.85688 -0.000160916 0.002214 0.000215055 -0.7728 0.000462685 1.56521 -0.00195413
22.125 -0.778446 -0.773062 -0.00538366 9.86146 -0.000160938 0.00221401 0.000215079 -0.773062 0.00046253 1.56521 -0.00195387
22.126 -0.778707 -0.773324 -0.00538312 9.86604 -0.000160961 0.00221401 0.000215103 -0.773324 0.000462374 1.5652 -0.00195362
22.127 -0.778969 -0.773586 -0.00538256 9.87062 -0.000160984 0.002214 0.000215127 -0.773586 0.000462217 1.5652 -0.00195336
22.128 -0.77923 -0.773848 -0.00538201 9.8752 -0.000161006 0.002214 0.000215151 -0.773848 0.00046206 1.5652 -0.0019531
22.129 -0.779492 -0.774111 -0.00538144 9.87978 -0.000161028 0.00221399 0.000215175 -0.774111 0.000461902 1.5652 -0.00195284
22.13 -0.779754 -0.774373 -0.00538087 9.88436 -0.00016105 0.00221399 0.000215198 -0.774373 0.000461743 1.5652 -0.00195258
22.131 -0.780015 -0.774635 -0.0053803 9.88894 -0.000161072 0.00221398 0.000215221 -0.774635 0.000461584 1.5652 -0.00195233
22.132 -0.780277 -0.774897 -0.00537972 9.89351 -0.000161093 0.00221396 0.000215244 -0.774897 0.000461424 1.56519 -0.00195207
22.133 -0.780539 -0.775159 -0.00537914 9.89809 -0.000161115 0.00221395 0.000215267 -0.775159 0.000461263 1.56519 -0.00195181
22.134 -0.7808 -0.775422 -0.00537855 9.90267 -0.000161136 0.00221393 0.000215289 -0.775422 0.000461101 1.56519 -0.00195155
22.135 -0.781062 -0.775684 -0.00537795 9.90724 -0.000161157 0.00221391 0.000215312 -0.775684 0.000460939 1.56519 -0.00195129
22.136 -0.781324 -0.775946 -0.00537735 9.91182 -0.000161178 0.00221389 0.000215334 -0.775946 0.000460776 1.56519 -0.00195102
22.137 -0.781585 -0.776208 -0.00537674 9.91639 -0.000161199 0.00221386 0.000215356 -0.776208 0.000460613 1.56519 -0.00195076
22.138 -0.781847 -0.776471 -0.00537613 9.92097 -0.000161219 0.00221384 0.000215377 -0.776471 0.000460449 1.56519 -0.0019505
22.139 -0.782109 -0.776733 -0.00537552 9.92554 -0.00016124 0.00221381 0.000215399 -0.776733 0.000460284 1.56518 -0.00195024
22.14 -0.78237 -0.776995 -0.00537489 9.93012 -0.00016126 0.00221378 0.00021542 -0.776995 0.000460118 1.56518 -0.00194998
22.141 -0.782632 -0.777258 -0.00537426 9.93469 -0.00016128 0.00221374 0.000215441 -0.777258 0.000459952 1.56518 -0.00194971
22.142 -0.782894 -0.77752 -0.00537363 9.93927 -0.0001613 0.00221371 0.000215462 -0.77752 0.000459785 1.56518 -0.00194945
22.143 -0.783155 -0.777782 -0.00537299 9.94384 -0.00016132 0.00221367 0.000215483 -0.777782 0.000459617 1.56518 -0.00194919
22.144 -0.783417 -0.778045 -0.00537235 9.94841 -0.00016134 0.00221363 0.000215503 -0.778045 0.000459449 1.56518 -0.00194892
22.145 -0.783679 -0.778307 -0.0053717 9.95298 -0.000161359 0.00221359 0.000215524 -0.778307 0.00045928 1.56518 -0.00194866
22.146 -0.78394 -0.778569 -0.00537104 9.95756 -0.000161378 0.00221354 0.000215544 -0.778569 0.00045911 1.56517 -0.00194839
22.147 -0.784202 -0.778832 -0.00537038 9.96213 -0.000161398 0.00221349 0.000215564 -0.778832 0.00045894 1.56517 -0.00194812
22.148 -0.784464 -0.779094 -0.00536972 9.9667 -0.000161416 0.00221344 0.000215583 -0.779094 0.000458769 1.56517 -0.00194786
22.149 -0.784725 -0.779356 -0.00536905 9.97127 -0.000161435 0.00221339 0.000215603 -0.779356 0.000458597 1.56517 -0.00194759
22.15 -0.784987 -0.779619 -0.00536837 9.97584 -0.000161454 0.00221334 0.000215622 -0.779619 0.000458425 1.56517 -0.00194732
22.151 -0.785249 -0.779881 -0.00536769 9.98041 -0.000161472 0.00221328 0.000215641 -0.779881 0.000458251 1.56517 -0.00194706
22.152 -0.78551 -0.780143 -0.005367 9.98498 -0.000161491 0.00221322 0.00021566 -0.780143 0.000458078 1.56517 -0.00194679
22.153 -0.785772 -0.780406 -0.00536631 9.98955 -0.000161509 0.00221316 0.000215679 -0.780406 0.000457903 1.56516 -0.00194652
22.154 -0.786034 -0.780668 -0.00536561 9.99412 -0.000161527 0.0022131 0.000215697 -0.780668 0.000457728 1.56516 -0.00194625
22.155 -0.786295 -0.780931 -0.00536491 9.99869 -0.000161545 0.00221303 0.000215715 -0.780931 0.000457552 1.56516 -0.00194598
22.156 -0.786557 -0.781193 -0.0053642 10.0033 -0.000161562 0.00221296 0.000215733 -0.781193 0.000457376 1.56516 -0.00194571
22.157 -0.786819 -0.781455 -0.00536349 10.0078 -0.00016158 0.00221289 0.000215751 -0.781455 0.000457199 1.56516 -0.00194544
22.158 -0.78708 -0.781718 -0.00536277 10.0124 -0.000161597 0.00221282 0.000215769 -0.781718 0.000457021 1.56516 -0.00194517
22.159 -0.787342 -0.78198 -0.00536204 10.017 -0.000161614 0.00221274 0.000215786 -0.78198 0.000456843 1.56516 -0.0019449
22.16 -0.787604 -0.782243 -0.00536131 10.0215 -0.000161631 0.00221267 0.000215803 -0.782243 0.000456664 1.56515 -0.00194463
22.161 -0.787866 -0.782505 -0.00536058 10.0261 -0.000161648 0.00221259 0.00021582 -0.782505 0.000456484 1.56515 -0.00194436
22.162 -0.788127 -0.782767 -0.00535984 10.0307 -0.000161665 0.00221251 0.000215837 -0.782767 0.000456303 1.56515 -0.00194409
22.163 -0.788389 -0.78303 -0.00535909 10.0352 -0.000161681 0.00221242 0.000215854 -0.78303 0.000456122 1.56515 -0.00194381
22.164 -0.788651 -0.783292 -0.00535834 10.0398 -0.000161697 0.00221234 0.00021587 -0.783292 0.000455941 1.56515 -0.00194354
22.165 -0.788912 -0.783555 -0.00535758 10.0443 -0.000161713 0.00221225 0.000215887 -0.783555 0.000455758 1.56515 -0.00194327
22.166 -0.789174 -0.783817 -0.00535682 10.0489 -0.000161729 0.00221216 0.000215903 -0.783817 0.000455575 1.56515 -0.00194299
22.167 -0.789436 -0.784079 -0.00535605 10.0535 -0.000161745 0.00221206 0.000215918 -0.784079 0.000455391 1.56515 -0.00194272
22.168 -0.789697 -0.784342 -0.00535528 10.058 -0.000161761 0.00221197 0.000215934 -0.784342 0.000455207 1.56514 -0.00194244
22.169 -0.789959 -0.784604 -0.0053545 10.0626 -0.000161776 0.00221187 0.000215949 -0.784604 0.000455022 1.56514 -0.00194217
22.17 -0.79022 -0.784867 -0.00535372 10.0672 -0.000161792 0.00221177 0.000215964 -0.784867 0.000454836 1.56514 -0.00194189
22.171 -0.790482 -0.785129 -0.00535293 10.0717 -0.000161807 0.00221167 0.000215979 -0.785129 0.00045465 1.56514 -0.00194162
22.172 -0.790744 -0.785392 -0.00535213 10.0763 -0.000161822 0.00221156 0.000215994 -0.785392 0.000454463 1.56514 -0.00194134
22.173 -0.791005 -0.785654 -0.00535133 10.0808 -0.000161837 0.00221145 0.000216009 -0.785654 0.000454275 1.56514 -0.00194106
22.174 -0.791267 -0.785917 -0.00535053 10.0854 -0.000161851 0.00221135 0.000216023 -0.785917 0.000454087 1.56514 -0.00194079
22.175 -0.791529 -0.786179 -0.00534972 10.09 -0.000161866 0.00221123 0.000216037 -0.786179 0.000453898 1.56513 -0.00194051
22.176 -0.79179 -0.786441 -0.0053489 10.0945 -0.00016188 0.00221112 0.000216051 -0.786441 0.000453708 1.56513 -0.00194023
22.177 -0.792052 -0.786704 -0.00534808 10.0991 -0.000161894 0.002211 0.000216065 -0.786704 0.000453518 1.56513 -0.00193995
22.178 -0.792314 -0.786966 -0.00534725 10.1036 -0.000161908 0.00221089 0.000216079 -0.786966 0.000453327 1.56513 -0.00193967
22.179 -0.792575 -0.787229 -0.00534642 10.1082 -0.000161922 0.00221076 0.000216092 -0.787229 0.000453135 1.56513 -0.00193939
22.18 -0.792837 -0.787491 -0.00534558 10.1127 -0.000161936 0.00221064 0.000216105 -0.787491 0.000452943 1.56513 -0.00193911
22.181 -0.793098 -0.787754 -0.00534474 10.1173 -0.000161949 0.00221052 0.000216118 -0.787754 0.00045275 1.56513 -0.00193883
22.182 -0.79336 -0.788016 -0.00534389 10.1219 -0.000161963 0.00221039 0.000216131 -0.788016 0.000452556 1.56513 -0.00193855
22.183 -0.793622 -0.788278 -0.00534304 10.1264 -0.000161976 0.00221026 0.000216143 -0.788278 0.000452362 1.56513 -0.00193827
22.184 -0.793883 -0.788541 -0.00534218 10.131 -0.000161989 0.00221013 0.000216155 -0.788541 0.000452167 1.56512 -0.00193799
22.185 -0.794145 -0.788803 -0.00534132 10.1355 -0.000162002 0.00220999 0.000216168 -0.788803 0.000451972 1.56512 -0.00193771
22.186 -0.794406 -0.789066 -0.00534045 10.1401 -0.000162014 0.00220986 0.000216179 -0.789066 0.000451776 1.56512 -0.00193742
22.187 -0.794668 -0.789328 -0.00533957 10.1446 -0.000162027 0.00220972 0.000216191 -0.789328 0.000451579 1.56512 -0.00193714
22.188 -0.794929 -0.789591 -0.00533869 10.1492 -0.000162039 0.00220958 0.000216203 -0.789591 0.000451382 1.56512 -0.00193686
22.189 -0.795191 -0.789853 -0.00533781 10.1537 -0.000162051 0.00220943 0.000216214 -0.789853 0.000451184 1.56512 -0.00193657
22.19 -0.795452 -0.790115 -0.00533692 10.1583 -0.000162063 0.00220929 0.000216225 -0.790115 0.000450985 1.56512 -0.00193629
22.191 -0.795714 -0.790378 -0.00533602 10.1628 -0.000162075 0.00220914 0.000216236 -0.790378 0.000450786 1.56512 -0.00193601
22.192 -0.795975 -0.79064 -0.00533512 10.1674 -0.000162087 0.00220899 0.000216247 -0.79064 0.000450586 1.56511 -0.00193572
22.193 -0.796237 -0.790903 -0.00533421 10.1719 -0.000162098 0.00220884 0.000216257 -0.790903 0.000450385 1.56511 -0.00193544
22.194 -0.796498 -0.791165 -0.0053333 10.1765 -0.00016211 0.00220868 0.000216267 -0.791165 0.000450184 1.56511 -0.00193515
22.195 -0.79676 -0.791427 -0.00533238 10.181 -0.000162121 0.00220852 0.000216277 -0.791427 0.000449982 1.56511 -0.00193486
22.196 -0.797021 -0.79169 -0.00533146 10.1856 -0.000162132 0.00220836 0.000216287 -0.79169 0.000449779 1.56511 -0.00193458
22.197 -0.797283 -0.791952 -0.00533053 10.1901 -0.000162143 0.0022082 0.000216297 -0.791952 0.000449576 1.56511 -0.00193429
22.198 -0.797544 -0.792215 -0.0053296 10.1947 -0.000162154 0.00220804 0.000216306 -0.792215 0.000449373 1.56511 -0.001934
22.199 -0.797806 -0.792477 -0.00532866 10.1992 -0.000162164 0.00220787 0.000216316 -0.792477 0.000449168 1.56511 -0.00193371
22.2 -0.798067 -0.792739 -0.00532771 10.2038 -0.000162174 0.0022077 0.000216325 -0.792739 0.000448963 1.56511 -0.00193343
22.201 -0.798328 -0.793002 -0.00532676 10.2083 -0.000162185 0.00220753 0.000216333 -0.793002 0.000448758 1.5651 -0.00193314
22.202 -0.79859 -0.793264 -0.00532581 10.2128 -0.000162195 0.00220736 0.000216342 -0.793264 0.000448551 1.5651 -0.00193285
22.203 -0.798851 -0.793526 -0.00532485 10.2174 -0.000162205 0.00220718 0.00021635 -0.793526 0.000448344 1.5651 -0.00193256
22.204 -0.799113 -0.793789 -0.00532388 10.2219 -0.000162214 0.00220701 0.000216359 -0.793789 0.000448137 1.5651 -0.00193227
22.205 -0.799374 -0.794051 -0.00532291 10.2265 -0.000162224 0.00220683 0.000216367 -0.794051 0.000447929 1.5651 -0.00193198
22.206 -0.799635 -0.794313 -0.00532194 10.231 -0.000162233 0.00220665 0.000216374 -0.794313 0.00044772 1.5651 -0.00193169
22.207 -0.799897 -0.794576 -0.00532096 10.2355 -0.000162242 0.00220646 0.000216382 -0.794576 0.00044751 1.5651 -0.00193139
22.208 -0.800158 -0.794838 -0.00531997 10.2401 -0.000162251 0.00220627 0.000216389 -0.794838 0.0004473 1.5651 -0.0019311
22.209 -0.800419 -0.7951 -0.00531898 10.2446 -0.00016226 0.00220609 0.000216397 -0.7951 0.00044709 1.5651 -0.00193081
22.21 -0.800681 -0.795363 -0.00531798 10.2492 -0.000162269 0.00220589 0.000216404 -0.795363 0.000446879 1.56509 -0.00193052
22.211 -0.800942 -0.795625 -0.00531698 10.2537 -0.000162278 0.0022057 0.00021641 -0.795625 0.000446667 1.56509 -0.00193023
22.212 -0.801203 -0.795887 -0.00531597 10.2582 -0.000162286 0.0022055 0.000216417 -0.795887 0.000446454 1.56509 -0.00192993
22.213 -0.801464 -0.79615 -0.00531496 10.2628 -0.000162294 0.00220531 0.000216423 -0.79615 0.000446241 1.56509 -0.00192964
22.214 -0.801726 -0.796412 -0.00531394 10.2673 -0.000162302 0.00220511 0.00021643 -0.796412 0.000446027 1.56509 -0.00192934
22.215 -0.801987 -0.796674 -0.00531291 10.2718 -0.00016231 0.0022049 0.000216435 -0.796674 0.000445813 1.56509 -0.00192905
22.216 -0.802248 -0.796936 -0.00531189 10.2764 -0.000162318 0.0022047 0.000216441 -0.796936 0.000445598 1.56509 -0.00192875
22.217 -0.802509 -0.797199 -0.00531085 10.2809 -0.000162325 0.00220449 0.000216447 -0.797199 0.000445382 1.56509 -0.00192846
22.218 -0.802771 -0.797461 -0.00530981 10.2854 -0.000162333 0.00220428 0.000216452 -0.797461 0.000445166 1.56509 -0.00192816
22.219 -0.803032 -0.797723 -0.00530877 10.29 -0.00016234 0.00220407 0.000216457 -0.797723 0.000444949 1.56508 -0.00192787
22.22 -0.803293 -0.797985 -0.00530772 10.2945 -0.000162347 0.00220386 0.000216462 -0.797985 0.000444732 1.56508 -0.00192757
22.221 -0.803554 -0.798247 -0.00530666 10.299 -0.000162354 0.00220364 0.000216467 -0.798247 0.000444514 1.56508 -0.00192727
22.222 -0.803815 -0.79851 -0.0053056 10.3036 -0.000162361 0.00220342 0.000216471 -0.79851 0.000444295 1.56508 -0.00192697
22.223 -0.804076 -0.798772 -0.00530453 10.3081 -0.000162367 0.0022032 0.000216476 -0.798772 0.000444076 1.56508 -0.00192668
22.224 -0.804337 -0.799034 -0.00530346 10.3126 -0.000162374 0.00220298 0.00021648 -0.799034 0.000443856 1.56508 -0.00192638
22.225 -0.804598 -0.799296 -0.00530238 10.3172 -0.00016238 0.00220276 0.000216484 -0.799296 0.000443636 1.56508 -0.00192608
22.226 -0.804859 -0.799558 -0.0053013 10.3217 -0.000162386 0.00220253 0.000216488 -0.799558 0.000443415 1.56508 -0.00192578
22.227 -0.805121 -0.79982 -0.00530021 10.3262 -0.000162392 0.0022023 0.000216491 -0.79982 0.000443193 1.56508 -0.00192548
22.228 -0.805382 -0.800082 -0.00529912 10.3307 -0.000162398 0.00220207 0.000216494 -0.800082 0.000442971 1.56508 -0.00192518
22.229 -0.805643 -0.800345 -0.00529802 10.3353 -0.000162403 0.00220183 0.000216497 -0.800345 0.000442748 1.56507 -0.00192488
22.23 -0.805904 -0.800607 -0.00529692 10.3398 -0.000162409 0.0022016 0.0002165 -0.800607 0.000442525 1.56507 -0.00192458
22.231 -0.806165 -0.800869 -0.00529581 10.3443 -0.000162414 0.00220136 0.000216503 -0.800869 0.000442301 1.56507 -0.00192428
22.232 -0.806425 -0.801131 -0.0052947 10.3488 -0.000162419 0.00220112 0.000216505 -0.801131 0.000442076 1.56507 -0.00192397
22.233 -0.806686 -0.801393 -0.00529358 10.3534 -0.000162424 0.00220087 0.000216508 -0.801393 0.000441851 1.56507 -0.00192367
22.234 -0.806947 -0.801655 -0.00529245 10.3579 -0.000162429 0.00220063 0.00021651 -0.801655 0.000441625 1.56507 -0.00192337
22.235 -0.807208 -0.801917 -0.00529133 10.3624 -0.000162434 0.00220038 0.000216512 -0.801917 0.000441398 1.56507 -0.00192307
22.236 -0.807469 -0.802179 -0.00529019 10.3669 -0.000162438 0.00220013 0.000216513 -0.802179 0.000441171 1.56507 -0.00192276
22.237 -0.80773 -0.802441 -0.00528905 10.3714 -0.000162442 0.00219988 0.000216515 -0.802441 0.000440944 1.56507 -0.00192246
22.238 -0.807991 -0.802703 -0.0052879 10.376 -0.000162446 0.00219962 0.000216516 -0.802703 0.000440715 1.56507 -0.00192215
22.239 -0.808252 -0.802965 -0.00528675 10.3805 -0.00016245 0.00219937 0.000216517 -0.802965 0.000440487 1.56507 -0.00192185
22.24 -0.808512 -0.803227 -0.0052856 10.385 -0.000162454 0.00219911 0.000216518 -0.803227 0.000440257 1.56506 -0.00192154
22.241 -0.808773 -0.803489 -0.00528444 10.3895 -0.000162458 0.00219885 0.000216518 -0.803489 0.000440027 1.56506 -0.00192124
22.242 -0.809034 -0.803751 -0.00528327 10.394 -0.000162461 0.00219859 0.000216519 -0.803751 0.000439797 1.56506 -0.00192093
22.243 -0.809295 -0.804013 -0.0052821 10.3985 -0.000162465 0.00219832 0.000216519 -0.804013 0.000439566 1.56506 -0.00192063
22.244 -0.809555 -0.804274 -0.00528092 10.403 -0.000162468 0.00219805 0.000216519 -0.804274 0.000439334 1.56506 -0.00192032
22.245 -0.809816 -0.804536 -0.00527974 10.4076 -0.000162471 0.00219778 0.000216519 -0.804536 0.000439101 1.56506 -0.00192001
22.246 -0.810077 -0.804798 -0.00527855 10.4121 -0.000162473 0.00219751 0.000216519 -0.804798 0.000438869 1.56506 -0.00191971
22.247 -0.810337 -0.80506 -0.00527736 10.4166 -0.000162476 0.00219724 0.000216518 -0.80506 0.000438635 1.56506 -0.0019194
22.248 -0.810598 -0.805322 -0.00527616 10.4211 -0.000162479 0.00219696 0.000216517 -0.805322 0.000438401 1.56506 -0.00191909
22.249 -0.810859 -0.805584 -0.00527496 10.4256 -0.000162481 0.00219668 0.000216516 -0.805584 0.000438166 1.56506 -0.00191878
22.25 -0.811119 -0.805845 -0.00527375 10.4301 -0.000162483 0.0021964 0.000216515 -0.805845 0.000437931 1.56506 -0.00191847
22.251 -0.81138 -0.806107 -0.00527253 10.4346 -0.000162485 0.00219611 0.000216513 -0.806107 0.000437695 1.56505 -0.00191816
22.252 -0.81164 -0.806369 -0.00527131 10.4391 -0.000162487 0.00219583 0.000216512 -0.806369 0.000437459 1.56505 -0.00191785
22.253 -0.811901 -0.806631 -0.00527009 10.4436 -0.000162489 0.00219554 0.00021651 -0.806631 0.000437222 1.56505 -0.00191754
22.254 -0.812161 -0.806892 -0.00526886 10.4481 -0.00016249 0.00219525 0.000216508 -0.806892 0.000436984 1.56505 -0.00191723
22.255 -0.812422 -0.807154 -0.00526763 10.4526 -0.000162491 0.00219496 0.000216506 -0.807154 0.000436746 1.56505 -0.00191692
22.256 -0.812682 -0.807416 -0.00526639 10.4571 -0.000162493 0.00219466 0.000216503 -0.807416 0.000436507 1.56505 -0.00191661
22.257 -0.812943 -0.807677 -0.00526514 10.4617 -0.000162494 0.00219437 0.000216501 -0.807677 0.000436268 1.56505 -0.00191629
22.258 -0.813203 -0.807939 -0.00526389 10.4662 -0.000162494 0.00219407 0.000216498 -0.807939 0.000436028 1.56505 -0.00191598
22.259 -0.813463 -0.808201 -0.00526263 10.4707 -0.000162495 0.00219377 0.000216495 -0.808201 0.000435788 1.56505 -0.00191567
22.26 -0.813724 -0.808462 -0.00526137 10.4752 -0.000162496 0.00219346 0.000216491 -0.808462 0.000435547 1.56505 -0.00191536
22.261 -0.813984 -0.808724 -0.00526011 10.4797 -0.000162496 0.00219316 0.000216488 -0.808724 0.000435305 1.56505 -0.00191504
22.262 -0.814244 -0.808986 -0.00525883 10.4842 -0.000162496 0.00219285 0.000216484 -0.808986 0.000435063 1.56505 -0.00191473
22.263 -0.814505 -0.809247 -0.00525756 10.4886 -0.000162496 0.00219254 0.00021648 -0.809247 0.000434821 1.56504 -0.00191441
22.264 -0.814765 -0.809509 -0.00525628 10.4931 -0.000162496 0.00219223 0.000216476 -0.809509 0.000434577 1.56504 -0.0019141
22.265 -0.815025 -0.80977 -0.00525499 10.4976 -0.000162496 0.00219191 0.000216472 -0.80977 0.000434334 1.56504 -0.00191378
22.266 -0.815285 -0.810032 -0.0052537 10.5021 -0.000162495 0.0021916 0.000216468 -0.810032 0.000434089 1.56504 -0.00191347
22.267 -0.815545 -0.810293 -0.0052524 10.5066 -0.000162495 0.00219128 0.000216463 -0.810293 0.000433844 1.56504 -0.00191315
22.268 -0.815806 -0.810554 -0.00525109 10.5111 -0.000162494 0.00219096 0.000216458 -0.810554 0.000433599 1.56504 -0.00191283
22.269 -0.816066 -0.810816 -0.00524979 10.5156 -0.000162493 0.00219063 0.000216453 -0.810816 0.000433353 1.56504 -0.00191252
22.27 -0.816326 -0.811077 -0.00524847 10.5201 -0.000162492 0.00219031 0.000216447 -0.811077 0.000433106 1.56504 -0.0019122
22.271 -0.816586 -0.811339 -0.00524715 10.5246 -0.000162491 0.00218998 0.000216442 -0.811339 0.000432859 1.56504 -0.00191188
22.272 -0.816846 -0.8116 -0.00524583 10.5291 -0.000162489 0.00218965 0.000216436 -0.8116 0.000432611 1.56504 -0.00191156
22.273 -0.817106 -0.811861 -0.0052445 10.5336 -0.000162488 0.00218932 0.00021643 -0.811861 0.000432363 1.56504 -0.00191124
22.274 -0.817366 -0.812123 -0.00524317 10.5381 -0.000162486 0.00218898 0.000216424 -0.812123 0.000432114 1.56504 -0.00191093
22.275 -0.817626 -0.812384 -0.00524183 10.5426 -0.000162484 0.00218864 0.000216418 -0.812384 0.000431865 1.56504 -0.00191061
22.276 -0.817886 -0.812645 -0.00524048 10.547 -0.000162482 0.0021883 0.000216411 -0.812645 0.000431615 1.56503 -0.00191029
22.277 -0.818146 -0.812906 -0.00523913 10.5515 -0.00016248 0.00218796 0.000216404 -0.812906 0.000431364 1.56503 -0.00190997
22.278 -0.818405 -0.813168 -0.00523778 10.556 -0.000162477 0.00218762 0.000216397 -0.813168 0.000431113 1.56503 -0.00190965
22.279 -0.818665 -0.813429 -0.00523642 10.5605 -0.000162475 0.00218727 0.00021639 -0.813429 0.000430862 1.56503 -0.00190932
22.28 -0.818925 -0.81369 -0.00523505 10.565 -0.000162472 0.00218693 0.000216383 -0.81369 0.00043061 1.56503 -0.001909
22.281 -0.819185 -0.813951 -0.00523368 10.5695 -0.000162469 0.00218658 0.000216375 -0.813951 0.000430357 1.56503 -0.00190868
22.282 -0.819445 -0.814212 -0.00523231 10.5739 -0.000162466 0.00218622 0.000216368 -0.814212 0.000430104 1.56503 -0.00190836
22.283 -0.819704 -0.814473 -0.00523092 10.5784 -0.000162463 0.00218587 0.00021636 -0.814473 0.00042985 1.56503 -0.00190804
22.284 -0.819964 -0.814734 -0.00522954 10.5829 -0.000162459 0.00218551 0.000216351 -0.814734 0.000429596 1.56503 -0.00190771
22.285 -0.820224 -0.814995 -0.00522815 10.5874 -0.000162456 0.00218515 0.000216343 -0.814995 0.000429341 1.56503 -0.00190739
22.286 -0.820483 -0.815256 -0.00522675 10.5918 -0.000162452 0.00218479 0.000216334 -0.815256 0.000429085 1.56503 -0.00190707
22.287 -0.820743 -0.815517 -0.00522535 10.5963 -0.000162448 0.00218443 0.000216326 -0.815517 0.000428829 1.56503 -0.00190674
22.288 -0.821002 -0.815778 -0.00522394 10.6008 -0.000162444 0.00218406 0.000216317 -0.815778 0.000428573 1.56503 -0.00190642
22.289 -0.821262 -0.816039 -0.00522253 10.6053 -0.00016244 0.00218369 0.000216307 -0.816039 0.000428316 1.56503 -0.00190609
22.29 -0.821521 -0.8163 -0.00522111 10.6097 -0.000162436 0.00218332 0.000216298 -0.8163 0.000428058 1.56503 -0.00190577
22.291 -0.821781 -0.816561 -0.00521969 10.6142 -0.000162431 0.00218295 0.000216288 -0.816561 0.0004278 1.56502 -0.00190544
22.292 -0.82204 -0.816822 -0.00521826 10.6187 -0.000162426 0.00218258 0.000216279 -0.816822 0.000427542 1.56502 -0.00190511
22.293 -0.8223 -0.817083 -0.00521683 10.6232 -0.000162422 0.0021822 0.000216268 -0.817083 0.000427283 1.56502 -0.00190479
22.294 -0.822559 -0.817344 -0.00521539 10.6276 -0.000162417 0.00218182 0.000216258 -0.817344 0.000427023 1.56502 -0.00190446
22.295 -0.822818 -0.817604 -0.00521395 10.6321 -0.000162411 0.00218144 0.000216248 -0.817604 0.000426763 1.56502 -0.00190413
22.296 -0.823078 -0.817865 -0.0052125 10.6366 -0.000162406 0.00218106 0.000216237 -0.817865 0.000426502 1.56502 -0.0019038
22.297 -0.823337 -0.818126 -0.00521104 10.641 -0.000162401 0.00218067 0.000216226 -0.818126 0.000426241 1.56502 -0.00190348
22.298 -0.823596 -0.818386 -0.00520958 10.6455 -0.000162395 0.00218028 0.000216215 -0.818386 0.000425979 1.56502 -0.00190315
22.299 -0.823855 -0.818647 -0.00520812 10.65 -0.000162389 0.00217989 0.000216204 -0.818647 0.000425716 1.56502 -0.00190282
22.3 -0.824114 -0.818908 -0.00520665 10.6544 -0.000162383 0.0021795 0.000216192 -0.818908 0.000425454 1.56502 -0.00190249
22.301 -0.824374 -0.819168 -0.00520518 10.6589 -0.000162377 0.00217911 0.000216181 -0.819168 0.00042519 1.56502 -0.00190216
22.302 -0.824633 -0.819429 -0.0052037 10.6633 -0.000162371 0.00217871 0.000216169 -0.819429 0.000424926 1.56502 -0.00190183
22.303 -0.824892 -0.819689 -0.00520221 10.6678 -0.000162364 0.00217831 0.000216157 -0.819689 0.000424662 1.56502 -0.0019015
22.304 -0.825151 -0.81995 -0.00520072 10.6723 -0.000162358 0.00217791 0.000216145 -0.81995 0.000424397 1.56502 -0.00190117
22.305 -0.82541 -0.82021 -0.00519923 10.6767 -0.000162351 0.00217751 0.000216132 -0.82021 0.000424132 1.56502 -0.00190084
22.306 -0.825669 -0.820471 -0.00519773 10.6812 -0.000162344 0.0021771 0.000216119 -0.820471 0.000423866 1.56502 -0.0019005
22.307 -0.825928 -0.820731 -0.00519622 10.6856 -0.000162337 0.0021767 0.000216106 -0.820731 0.000423599 1.56502 -0.00190017
22.308 -0.826186 -0.820992 -0.00519471 10.6901 -0.00016233 0.00217629 0.000216093 -0.820992 0.000423332 1.56502 -0.00189984
22.309 -0.826445 -0.821252 -0.0051932 10.6945 -0.000162322 0.00217588 0.00021608 -0.821252 0.000423065 1.56501 -0.00189951
22.31 -0.826704 -0.821512 -0.00519168 10.699 -0.000162315 0.00217546 0.000216066 -0.821512 0.000422797 1.56501 -0.00189917
22.311 -0.826963 -0.821773 -0.00519015 10.7034 -0.000162307 0.00217504 0.000216053 -0.821773 0.000422528 1.56501 -0.00189884
22.312 -0.827222 -0.822033 -0.00518862 10.7079 -0.000162299 0.00217463 0.000216039 -0.822033 0.000422259 1.56501 -0.0018985
22.313 -0.82748 -0.822293 -0.00518708 10.7123 -0.000162291 0.00217421 0.000216025 -0.822293 0.000421989 1.56501 -0.00189817
22.314 -0.827739 -0.822553 -0.00518554 10.7168 -0.000162283 0.00217378 0.00021601 -0.822553 0.000421719 1.56501 -0.00189783
22.315 -0.827997 -0.822813 -0.00518399 10.7212 -0.000162274 0.00217336 0.000215996 -0.822813 0.000421449 1.56501 -0.0018975
22.316 -0.828256 -0.823074 -0.00518244 10.7257 -0.000162266 0.00217293 0.000215981 -0.823074 0.000421178 1.56501 -0.00189716
22.317 -0.828515 -0.823334 -0.00518089 10.7301 -0.000162257 0.0021725 0.000215966 -0.823334 0.000420906 1.56501 -0.00189683
22.318 -0.828773 -0.823594 -0.00517932 10.7346 -0.000162248 0.00217207 0.000215951 -0.823594 0.000420634 1.56501 -0.00189649
22.319 -0.829032 -0.823854 -0.00517776 10.739 -0.000162239 0.00217164 0.000215936 -0.823854 0.000420361 1.56501 -0.00189615
22.32 -0.82929 -0.824114 -0.00517618 10.7435 -0.00016223 0.0021712 0.00021592 -0.824114 0.000420088 1.56501 -0.00189582
22.321 -0.829548 -0.824374 -0.00517461 10.7479 -0.00016222 0.00217076 0.000215904 -0.824374 0.000419815 1.56501 -0.00189548
22.322 -0.829807 -0.824634 -0.00517302 10.7523 -0.000162211 0.00217032 0.000215888 -0.824634 0.00041954 1.56501 -0.00189514
22.323 -0.830065 -0.824894 -0.00517144 10.7568 -0.000162201 0.00216988 0.000215872 -0.824894 0.000419266 1.56501 -0.0018948
22.324 -0.830323 -0.825153 -0.00516984 10.7612 -0.000162191 0.00216944 0.000215856 -0.825153 0.000418991 1.56501 -0.00189446
22.325 -0.830582 -0.825413 -0.00516825 10.7657 -0.000162181 0.00216899 0.000215839 -0.825413 0.000418715 1.56501 -0.00189412
22.326 -0.83084 -0.825673 -0.00516664 10.7701 -0.000162171 0.00216854 0.000215822 -0.825673 0.000418439 1.56501 -0.00189378
22.327 -0.831098 -0.825933 -0.00516504 10.7745 -0.000162161 0.00216809 0.000215805 -0.825933 0.000418162 1.56501 -0.00189344
22.328 -0.831356 -0.826193 -0.00516342 10.779 -0.00016215 0.00216764 0.000215788 -0.826193 0.000417885 1.56501 -0.0018931
22.329 -0.831614 -0.826452 -0.0051618 10.7834 -0.00016214 0.00216718 0.000215771 -0.826452 0.000417608 1.56501 -0.00189276
22.33 -0.831872 -0.826712 -0.00516018 10.7878 -0.000162129 0.00216672 0.000215753 -0.826712 0.00041733 1.565 -0.00189242
22.331 -0.83213 -0.826971 -0.00515855 10.7922 -0.000162118 0.00216626 0.000215735 -0.826971 0.000417051 1.565 -0.00189208
22.332 -0.832388 -0.827231 -0.00515692 10.7967 -0.000162107 0.0021658 0.000215717 -0.827231 0.000416772 1.565 -0.00189174
22.333 -0.832646 -0.827491 -0.00515528 10.8011 -0.000162096 0.00216534 0.000215699 -0.827491 0.000416492 1.565 -0.0018914
22.334 -0.832904 -0.82775 -0.00515364 10.8055 -0.000162084 0.00216487 0.000215681 -0.82775 0.000416212 1.565 -0.00189105
22.335 -0.833162 -0.82801 -0.00515199 10.81 -0.000162072 0.0021644 0.000215662 -0.82801 0.000415932 1.565 -0.00189071
22.336 -0.833419 -0.828269 -0.00515033 10.8144 -0.000162061 0.00216393 0.000215643 -0.828269 0.000415651 1.565 -0.00189037
22.337 -0.833677 -0.828528 -0.00514867 10.8188 -0.000162049 0.00216346 0.000215624 -0.828528 0.000415369 1.565 -0.00189002
22.338 -0.833935 -0.828788 -0.00514701 10.8232 -0.000162037 0.00216298 0.000215605 -0.828788 0.000415087 1.565 -0.00188968
22.339 -0.834192 -0.829047 -0.00514534 10.8276 -0.000162024 0.00216251 0.000215585 -0.829047 0.000414805 1.565 -0.00188933
22.34 -0.83445 -0.829306 -0.00514367 10.8321 -0.000162012 0.00216203 0.000215566 -0.829306 0.000414522 1.565 -0.00188899
22.341 -0.834707 -0.829566 -0.00514199 10.8365 -0.000161999 0.00216155 0.000215546 -0.829566 0.000414239 1.565 -0.00188864
22.342 -0.834965 -0.829825 -0.0051403 10.8409 -0.000161987 0.00216106 0.000215526 -0.829825 0.000413955 1.565 -0.0018883
22.343 -0.835222 -0.830084 -0.00513861 10.8453 -0.000161974 0.00216058 0.000215505 -0.830084 0.00041367 1.565 -0.00188795
22.344 -0.83548 -0.830343 -0.00513692 10.8497 -0.000161961 0.00216009 0.000215485 -0.830343 0.000413386 1.565 -0.00188761
22.345 -0.835737 -0.830602 -0.00513522 10.8541 -0.000161948 0.0021596 0.000215464 -0.830602 0.0004131 1.565 -0.00188726
22.346 -0.835995 -0.830861 -0.00513351 10.8586 -0.000161934 0.00215911 0.000215443 -0.830861 0.000412815 1.565 -0.00188691
22.347 -0.836252 -0.83112 -0.0051318 10.863 -0.000161921 0.00215861 0.000215422 -0.83112 0.000412528 1.565 -0.00188656
22.348 -0.836509 -0.831379 -0.00513009 10.8674 -0.000161907 0.00215811 0.000215401 -0.831379 0.000412242 1.565 -0.00188622
22.349 -0.836766 -0.831638 -0.00512837 10.8718 -0.000161893 0.00215762 0.00021538 -0.831638 0.000411954 1.565 -0.00188587
22.35 -0.837023 -0.831897 -0.00512664 10.8762 -0.000161879 0.00215712 0.000215358 -0.831897 0.000411667 1.565 -0.00188552
22.351 -0.837281 -0.832156 -0.00512491 10.8806 -0.000161865 0.00215661 0.000215336 -0.832156 0.000411379 1.565 -0.00188517
22.352 -0.837538 -0.832414 -0.00512318 10.885 -0.000161851 0.00215611 0.000215314 -0.832414 0.00041109 1.565 -0.00188482
22.353 -0.837795 -0.832673 -0.00512144 10.8894 -0.000161836 0.0021556 0.000215292 -0.832673 0.000410801 1.565 -0.00188447
22.354 -0.838052 -0.832932 -0.00511969 10.8938 -0.000161821 0.00215509 0.000215269 -0.832932 0.000410512 1.565 -0.00188412
22.355 -0.838309 -0.833191 -0.00511794 10.8982 -0.000161807 0.00215458 0.000215246 -0.833191 0.000410222 1.565 -0.00188377
22.356 -0.838565 -0.833449 -0.00511619 10.9026 -0.000161792 0.00215406 0.000215223 -0.833449 0.000409931 1.565 -0.00188342
22.357 -0.838822 -0.833708 -0.00511443 10.907 -0.000161777 0.00215355 0.0002152 -0.833708 0.00040964 1.565 -0.00188307
22.358 -0.839079 -0.833966 -0.00511266 10.9114 -0.000161761 0.00215303 0.000215177 -0.833966 0.000409349 1.565 -0.00188271
22.359 -0.839336 -0.834225 -0.00511089 10.9158 -0.000161746 0.00215251 0.000215153 -0.834225 0.000409057 1.565 -0.00188236
22.36 -0.839592 -0.834483 -0.00510911 10.9202 -0.00016173 0.00215199 0.00021513 -0.834483 0.000408765 1.565 -0.00188201
22.361 -0.839849 -0.834742 -0.00510733 10.9246 -0.000161714 0.00215146 0.000215106 -0.834742 0.000408472 1.565 -0.00188166
22.362 -0.840106 -0.835 -0.00510555 10.929 -0.000161699 0.00215094 0.000215082 -0.835 0.000408179 1.565 -0.0018813
22.363 -0.840362 -0.835258 -0.00510376 10.9334 -0.000161682 0.00215041 0.000215057 -0.835258 0.000407885 1.56499 -0.00188095
22.364 -0.840619 -0.835517 -0.00510196 10.9378 -0.000161666 0.00214988 0.000215033 -0.835517 0.000407591 1.56499 -0.0018806
22.365 -0.840875 -0.835775 -0.00510016 10.9422 -0.00016165 0.00214934 0.000215008 -0.835775 0.000407297 1.56499 -0.00188024
22.366 -0.841131 -0.836033 -0.00509835 10.9465 -0.000161633 0.00214881 0.000214983 -0.836033 0.000407002 1.56499 -0.00187989
22.367 -0.841388 -0.836291 -0.00509654 10.9509 -0.000161617 0.00214827 0.000214958 -0.836291 0.000406706 1.56499 -0.00187953
22.368 -0.841644 -0.836549 -0.00509473 10.9553 -0.0001616 0.00214773 0.000214932 -0.836549 0.000406411 1.56499 -0.00187918
22.369 -0.8419 -0.836807 -0.00509291 10.9597 -0.000161583 0.00214719 0.000214907 -0.836807 0.000406114 1.56499 -0.00187882
22.37 -0.842157 -0.837065 -0.00509108 10.9641 -0.000161565 0.00214665 0.000214881 -0.837065 0.000405817 1.56499 -0.00187846
22.371 -0.842413 -0.837323 -0.00508925 10.9685 -0.000161548 0.0021461 0.000214855 -0.837323 0.00040552 1.56499 -0.00187811
22.372 -0.842669 -0.837581 -0.00508741 10.9728 -0.000161531 0.00214555 0.000214829 -0.837581 0.000405223 1.56499 -0.00187775
22.373 -0.842925 -0.837839 -0.00508557 10.9772 -0.000161513 0.002145 0.000214802 -0.837839 0.000404925 1.56499 -0.00187739
22.374 -0.843181 -0.838097 -0.00508373 10.9816 -0.000161495 0.00214445 0.000214776 -0.838097 0.000404626 1.56499 -0.00187703
22.375 -0.843437 -0.838355 -0.00508188 10.986 -0.000161477 0.0021439 0.000214749 -0.838355 0.000404327 1.56499 -0.00187668
22.376 -0.843693 -0.838613 -0.00508002 10.9904 -0.000161459 0.00214334 0.000214722 -0.838613 0.000404028 1.56499 -0.00187632
22.377 -0.843948 -0.83887 -0.00507816 10.9947 -0.000161441 0.00214278 0.000214695 -0.83887 0.000403728 1.56499 -0.00187596
22.378 -0.844204 -0.839128 -0.00507629 10.9991 -0.000161422 0.00214222 0.000214667 -0.839128 0.000403428 1.56499 -0.0018756
22.379 -0.84446 -0.839385 -0.00507442 11.0035 -0.000161404 0.00214166 0.00021464 -0.839385 0.000403127 1.56499 -0.00187524
22.38 -0.844716 -0.839643 -0.00507255 11.0078 -0.000161385 0.00214109 0.000214612 -0.839643 0.000402826 1.56499 -0.00187488
22.381 -0.844971 -0.8399 -0.00507066 11.0122 -0.000161366 0.00214053 0.000214584 -0.8399 0.000402524 1.56499 -0.00187452
22.382 -0.845227 -0.840158 -0.00506878 11.0166 -0.000161347 0.00213996 0.000214556 -0.840158 0.000402222 1.56499 -0.00187416
22.383 -0.845482 -0.840415 -0.00506689 11.0209 -0.000161328 0.00213939 0.000214527 -0.840415 0.00040192 1.56499 -0.0018738
22.384 -0.845738 -0.840673 -0.00506499 11.0253 -0.000161308 0.00213881 0.000214499 -0.840673 0.000401617 1.56499 -0.00187344
22.385 -0.845993 -0.84093 -0.00506309 11.0297 -0.000161289 0.00213824 0.00021447 -0.84093 0.000401314 1.56499 -0.00187307
22.386 -0.846248 -0.841187 -0.00506118 11.034 -0.000161269 0.00213766 0.000214441 -0.841187 0.00040101 1.56499 -0.00187271
22.387 -0.846504 -0.841444 -0.00505927 11.0384 -0.000161249 0.00213708 0.000214411 -0.841444 0.000400706 1.56499 -0.00187235
22.388 -0.846759 -0.841702 -0.00505736 11.0428 -0.000161229 0.0021365 0.000214382 -0.841702 0.000400402 1.56499 -0.00187199
22.389 -0.847014 -0.841959 -0.00505544 11.0471 -0.000161209 0.00213591 0.000214352 -0.841959 0.000400097 1.56499 -0.00187162
22.39 -0.847269 -0.842216 -0.00505351 11.0515 -0.000161188 0.00213533 0.000214322 -0.842216 0.000399791 1.56499 -0.00187126
22.391 -0.847524 -0.842473 -0.00505158 11.0558 -0.000161168 0.00213474 0.000214292 -0.842473 0.000399486 1.56499 -0.0018709
22.392 -0.847779 -0.84273 -0.00504964 11.0602 -0.000161147 0.00213415 0.000214262 -0.84273 0.000399179 1.56499 -0.00187053
22.393 -0.848034 -0.842987 -0.0050477 11.0645 -0.000161126 0.00213356 0.000214232 -0.842987 0.000398873 1.56499 -0.00187017
22.394 -0.848289 -0.843243 -0.00504576 11.0689 -0.000161105 0.00213296 0.000214201 -0.843243 0.000398566 1.56499 -0.0018698
22.395 -0.848544 -0.8435 -0.00504381 11.0732 -0.000161084 0.00213236 0.00021417 -0.8435 0.000398258 1.56499 -0.00186944
22.396 -0.848799 -0.843757 -0.00504185 11.0776 -0.000161063 0.00213177 0.000214139 -0.843757 0.00039795 1.56499 -0.00186907
22.397 -0.849054 -0.844014 -0.00503989 11.0819 -0.000161042 0.00213116 0.000214108 -0.844014 0.000397642 1.56499 -0.00186871
22.398 -0.849308 -0.84427 -0.00503792 11.0863 -0.00016102 0.00213056 0.000214076 -0.84427 0.000397334 1.56499 -0.00186834
22.399 -0.849563 -0.844527 -0.00503595 11.0906 -0.000160998 0.00212996 0.000214045 -0.844527 0.000397024 1.56499 -0.00186797
22.4 -0.849817 -0.844783 -0.00503398 11.095 -0.000160976 0.00212935 0.000214013 -0.844783 0.000396715 1.56499 -0.00186761
22.401 -0.850072 -0.84504 -0.005032 11.0993 -0.000160954 0.00212874 0.000213981 -0.84504 0.000396405 1.56499 -0.00186724
22.402 -0.850326 -0.845296 -0.00503001 11.1036 -0.000160932 0.00212813 0.000213948 -0.845296 0.000396095 1.56499 -0.00186687
22.403 -0.850581 -0.845553 -0.00502802 11.108 -0.000160909 0.00212752 0.000213916 -0.845553 0.000395784 1.56499 -0.0018665
22.404 -0.850835 -0.845809 -0.00502602 11.1123 -0.000160887 0.0021269 0.000213883 -0.845809 0.000395473 1.56499 -0.00186613
22.405 -0.851089 -0.846065 -0.00502402 11.1167 -0.000160864 0.00212628 0.00021385 -0.846065 0.000395161 1.56499 -0.00186576
22.406 -0.851344 -0.846322 -0.00502202 11.121 -0.000160841 0.00212566 0.000213817 -0.846322 0.00039485 1.56499 -0.0018654
22.407 -0.851598 -0.846578 -0.00502001 11.1253 -0.000160818 0.00212504 0.000213784 -0.846578 0.000394537 1.56499 -0.00186503
22.408 -0.851852 -0.846834 -0.00501799 11.1297 -0.000160795 0.00212442 0.00021375 -0.846834 0.000394225 1.56499 -0.00186466
22.409 -0.852106 -0.84709 -0.00501597 11.134 -0.000160772 0.00212379 0.000213717 -0.84709 0.000393912 1.56499 -0.00186429
22.41 -0.85236 -0.847346 -0.00501395 11.1383 -0.000160748 0.00212316 0.000213683 -0.847346 0.000393598 1.56499 -0.00186391
22.411 -0.852614 -0.847602 -0.00501192 11.1426 -0.000160725 0.00212253 0.000213649 -0.847602 0.000393284 1.56499 -0.00186354
22.412 -0.852868 -0.847858 -0.00500988 11.147 -0.000160701 0.0021219 0.000213614 -0.847858 0.00039297 1.56499 -0.00186317
22.413 -0.853121 -0.848114 -0.00500784 11.1513 -0.000160677 0.00212127 0.00021358 -0.848114 0.000392655 1.56499 -0.0018628
22.414 -0.853375 -0.848369 -0.0050058 11.1556 -0.000160653 0.00212063 0.000213545 -0.848369 0.00039234 1.56499 -0.00186243
22.415 -0.853629 -0.848625 -0.00500375 11.1599 -0.000160629 0.00211999 0.00021351 -0.848625 0.000392025 1.56499 -0.00186206
22.416 -0.853882 -0.848881 -0.00500169 11.1643 -0.000160604 0.00211935 0.000213475 -0.848881 0.000391709 1.56499 -0.00186168
22.417 -0.854136 -0.849136 -0.00499963 11.1686 -0.000160579 0.00211871 0.00021344 -0.849136 0.000391393 1.56499 -0.00186131
22.418 -0.854389 -0.849392 -0.00499757 11.1729 -0.000160555 0.00211806 0.000213404 -0.849392 0.000391076 1.56499 -0.00186094
22.419 -0.854643 -0.849647 -0.0049955 11.1772 -0.00016053 0.00211741 0.000213368 -0.849647 0.000390759 1.56499 -0.00186056
22.42 -0.854896 -0.849903 -0.00499343 11.1815 -0.000160505 0.00211677 0.000213332 -0.849903 0.000390442 1.56499 -0.00186019
22.421 -0.85515 -0.850158 -0.00499135 11.1858 -0.00016048 0.00211611 0.000213296 -0.850158 0.000390124 1.56499 -0.00185981
22.422 -0.855403 -0.850414 -0.00498926 11.1902 -0.000160454 0.00211546 0.00021326 -0.850414 0.000389806 1.56499 -0.00185944
22.423 -0.855656 -0.850669 -0.00498717 11.1945 -0.000160429 0.00211481 0.000213223 -0.850669 0.000389487 1.56499 -0.00185906
22.424 -0.855909 -0.850924 -0.00498508 11.1988 -0.000160403 0.00211415 0.000213187 -0.850924 0.000389169 1.56499 -0.00185869
22.425 -0.856162 -0.851179 -0.00498298 11.2031 -0.000160377 0.00211349 0.00021315 -0.851179 0.000388849 1.56499 -0.00185831
22.426 -0.856415 -0.851434 -0.00498088 11.2074 -0.000160351 0.00211283 0.000213112 -0.851434 0.00038853 1.56499 -0.00185794
22.427 -0.856668 -0.851689 -0.00497877 11.2117 -0.000160325 0.00211216 0.000213075 -0.851689 0.00038821 1.56499 -0.00185756
22.428 -0.856921 -0.851944 -0.00497666 11.216 -0.000160299 0.0021115 0.000213038 -0.851944 0.000387889 1.56499 -0.00185718
22.429 -0.857174 -0.852199 -0.00497454 11.2203 -0.000160272 0.00211083 0.000213 -0.852199 0.000387569 1.56499 -0.00185681
22.43 -0.857426 -0.852454 -0.00497242 11.2246 -0.000160246 0.00211016 0.000212962 -0.852454 0.000387248 1.56499 -0.00185643
22.431 -0.857679 -0.852709 -0.00497029 11.2289 -0.000160219 0.00210949 0.000212924 -0.852709 0.000386926 1.56499 -0.00185605
22.432 -0.857932 -0.852964 -0.00496815 11.2332 -0.000160192 0.00210882 0.000212885 -0.852964 0.000386604 1.56499 -0.00185567
22.433 -0.858184 -0.853218 -0.00496602 11.2375 -0.000160165 0.00210814 0.000212847 -0.853218 0.000386282 1.56499 -0.00185529
22.434 -0.858437 -0.853473 -0.00496387 11.2418 -0.000160138 0.00210746 0.000212808 -0.853473 0.000385959 1.56499 -0.00185492
22.435 -0.858689 -0.853727 -0.00496173 11.2461 -0.00016011 0.00210678 0.000212769 -0.853727 0.000385637 1.56499 -0.00185454
22.436 -0.858941 -0.853982 -0.00495957 11.2504 -0.000160083 0.0021061 0.00021273 -0.853982 0.000385313 1.565 -0.00185416
22.437 -0.859194 -0.854236 -0.00495742 11.2547 -0.000160055 0.00210542 0.00021269 -0.854236 0.00038499 1.565 -0.00185378
22.438 -0.859446 -0.854491 -0.00495525 11.2589 -0.000160027 0.00210473 0.000212651 -0.854491 0.000384666 1.565 -0.0018534
22.439 -0.859698 -0.854745 -0.00495309 11.2632 -0.000159999 0.00210404 0.000212611 -0.854745 0.000384341 1.565 -0.00185302
22.44 -0.85995 -0.854999 -0.00495092 11.2675 -0.000159971 0.00210335 0.000212571 -0.854999 0.000384017 1.565 -0.00185264
22.441 -0.860202 -0.855253 -0.00494874 11.2718 -0.000159943 0.00210266 0.000212531 -0.855253 0.000383691 1.565 -0.00185225
22.442 -0.860454 -0.855508 -0.00494656 11.2761 -0.000159914 0.00210196 0.00021249 -0.855508 0.000383366 1.565 -0.00185187
22.443 -0.860706 -0.855762 -0.00494437 11.2804 -0.000159886 0.00210127 0.00021245 -0.855762 0.00038304 1.565 -0.00185149
22.444 -0.860958 -0.856016 -0.00494218 11.2846 -0.000159857 0.00210057 0.000212409 -0.856016 0.000382714 1.565 -0.00185111
22.445 -0.86121 -0.85627 -0.00493998 11.2889 -0.000159828 0.00209987 0.000212368 -0.85627 0.000382388 1.565 -0.00185073
22.446 -0.861461 -0.856523 -0.00493778 11.2932 -0.000159799 0.00209917 0.000212327 -0.856523 0.000382061 1.565 -0.00185034
22.447 -0.861713 -0.856777 -0.00493558 11.2975 -0.00015977 0.00209846 0.000212285 -0.856777 0.000381734 1.565 -0.00184996
22.448 -0.861964 -0.857031 -0.00493337 11.3017 -0.00015974 0.00209775 0.000212244 -0.857031 0.000381406 1.565 -0.00184958
22.449 -0.862216 -0.857285 -0.00493115 11.306 -0.000159711 0.00209704 0.000212202 -0.857285 0.000381078 1.565 -0.00184919
22.45 -0.862467 -0.857538 -0.00492893 11.3103 -0.000159681 0.00209633 0.00021216 -0.857538 0.00038075 1.565 -0.00184881
22.451 -0.862719 -0.857792 -0.00492671 11.3146 -0.000159651 0.00209562 0.000212118 -0.857792 0.000380421 1.565 -0.00184842
22.452 -0.86297 -0.858045 -0.00492448 11.3188 -0.000159621 0.00209491 0.000212075 -0.858045 0.000380092 1.565 -0.00184804
22.453 -0.863221 -0.858299 -0.00492224 11.3231 -0.000159591 0.00209419 0.000212033 -0.858299 0.000379763 1.565 -0.00184765
22.454 -0.863472 -0.858552 -0.00492 11.3273 -0.000159561 0.00209347 0.00021199 -0.858552 0.000379434 1.565 -0.00184727
22.455 -0.863723 -0.858805 -0.00491776 11.3316 -0.00015953 0.00209275 0.000211947 -0.858805 0.000379104 1.565 -0.00184688
22.456 -0.863974 -0.859059 -0.00491551 11.3359 -0.000159499 0.00209203 0.000211904 -0.859059 0.000378773 1.565 -0.0018465
22.457 -0.864225 -0.859312 -0.00491325 11.3401 -0.000159469 0.0020913 0.00021186 -0.859312 0.000378443 1.565 -0.00184611
22.458 -0.864476 -0.859565 -0.004911 11.3444 -0.000159438 0.00209057 0.000211817 -0.859565 0.000378112 1.565 -0.00184572
22.459 -0.864727 -0.859818 -0.00490873 11.3486 -0.000159407 0.00208984 0.000211773 -0.859818 0.000377781 1.565 -0.00184534
22.46 -0.864977 -0.860071 -0.00490646 11.3529 -0.000159375 0.00208911 0.000211729 -0.860071 0.000377449 1.565 -0.00184495
22.461 -0.865228 -0.860324 -0.00490419 11.3571 -0.000159344 0.00208838 0.000211685 -0.860324 0.000377117 1.565 -0.00184456
22.462 -0.865478 -0.860577 -0.00490191 11.3614 -0.000159312 0.00208764 0.00021164 -0.860577 0.000376785 1.565 -0.00184417
22.463 -0.865729 -0.860829 -0.00489963 11.3656 -0.000159281 0.00208691 0.000211596 -0.860829 0.000376452 1.565 -0.00184378
22.464 -0.865979 -0.861082 -0.00489734 11.3699 -0.000159249 0.00208617 0.000211551 -0.861082 0.000376119 1.565 -0.0018434
22.465 -0.86623 -0.861335 -0.00489505 11.3741 -0.000159217 0.00208543 0.000211506 -0.861335 0.000375786 1.565 -0.00184301
22.466 -0.86648 -0.861587 -0.00489275 11.3784 -0.000159185 0.00208468 0.000211461 -0.861587 0.000375453 1.565 -0.00184262
22.467 -0.86673 -0.86184 -0.00489045 11.3826 -0.000159152 0.00208394 0.000211415 -0.86184 0.000375119 1.565 -0.00184223
22.468 -0.86698 -0.862092 -0.00488814 11.3869 -0.00015912 0.00208319 0.000211369 -0.862092 0.000374785 1.56501 -0.00184184
22.469 -0.86723 -0.862344 -0.00488583 11.3911 -0.000159087 0.00208244 0.000211324 -0.862344 0.00037445 1.56501 -0.00184145
22.47 -0.86748 -0.862597 -0.00488352 11.3954 -0.000159055 0.00208169 0.000211278 -0.862597 0.000374115 1.56501 -0.00184106
22.471 -0.86773 -0.862849 -0.00488119 11.3996 -0.000159022 0.00208094 0.000211231 -0.862849 0.00037378 1.56501 -0.00184066
22.472 -0.86798 -0.863101 -0.00487887 11.4038 -0.000158989 0.00208018 0.000211185 -0.863101 0.000373445 1.56501 -0.00184027
22.473 -0.86823 -0.863353 -0.00487654 11.4081 -0.000158955 0.00207942 0.000211138 -0.863353 0.000373109 1.56501 -0.00183988
22.474 -0.868479 -0.863605 -0.0048742 11.4123 -0.000158922 0.00207866 0.000211092 -0.863605 0.000372773 1.56501 -0.00183949
22.475 -0.868729 -0.863857 -0.00487186 11.4165 -0.000158888 0.0020779 0.000211044 -0.863857 0.000372436 1.56501 -0.0018391
22.476 -0.868978 -0.864109 -0.00486952 11.4207 -0.000158855 0.00207714 0.000210997 -0.864109 0.0003721 1.56501 -0.00183871
22.477 -0.869228 -0.864361 -0.00486717 11.425 -0.000158821 0.00207637 0.00021095 -0.864361 0.000371763 1.56501 -0.00183831
22.478 -0.869477 -0.864612 -0.00486481 11.4292 -0.000158787 0.0020756 0.000210902 -0.864612 0.000371425 1.56501 -0.00183792
22.479 -0.869726 -0.864864 -0.00486245 11.4334 -0.000158753 0.00207483 0.000210854 -0.864864 0.000371088 1.56501 -0.00183753
22.48 -0.869976 -0.865116 -0.00486009 11.4376 -0.000158718 0.00207406 0.000210806 -0.865116 0.00037075 1.56501 -0.00183713
22.481 -0.870225 -0.865367 -0.00485772 11.4419 -0.000158684 0.00207329 0.000210758 -0.865367 0.000370412 1.56501 -0.00183674
22.482 -0.870474 -0.865619 -0.00485535 11.4461 -0.000158649 0.00207251 0.00021071 -0.865619 0.000370073 1.56501 -0.00183634
22.483 -0.870723 -0.86587 -0.00485297 11.4503 -0.000158615 0.00207174 0.000210661 -0.86587 0.000369734 1.56501 -0.00183595
22.484 -0.870972 -0.866121 -0.00485059 11.4545 -0.00015858 0.00207096 0.000210612 -0.866121 0.000369395 1.56501 -0.00183555
22.485 -0.871221 -0.866372 -0.0048482 11.4587 -0.000158545 0.00207017 0.000210563 -0.866372 0.000369056 1.56501 -0.00183516
22.486 -0.871469 -0.866624 -0.00484581 11.4629 -0.00015851 0.00206939 0.000210514 -0.866624 0.000368716 1.56501 -0.00183476
22.487 -0.871718 -0.866875 -0.00484341 11.4672 -0.000158474 0.0020686 0.000210464 -0.866875 0.000368376 1.56501 -0.00183437
22.488 -0.871967 -0.867126 -0.00484101 11.4714 -0.000158439 0.00206782 0.000210415 -0.867126 0.000368035 1.56501 -0.00183397
22.489 -0.872215 -0.867377 -0.0048386 11.4756 -0.000158403 0.00206703 0.000210365 -0.867377 0.000367695 1.56501 -0.00183357
22.49 -0.872464 -0.867627 -0.00483619 11.4798 -0.000158367 0.00206624 0.000210315 -0.867627 0.000367354 1.56502 -0.00183318
22.491 -0.872712 -0.867878 -0.00483377 11.484 -0.000158331 0.00206544 0.000210265 -0.867878 0.000367013 1.56502 -0.00183278
22.492 -0.87296 -0.868129 -0.00483135 11.4882 -0.000158295 0.00206465 0.000210214 -0.868129 0.000366671 1.56502 -0.00183238
22.493 -0.873208 -0.86838 -0.00482893 11.4924 -0.000158259 0.00206385 0.000210164 -0.86838 0.000366329 1.56502 -0.00183198
22.494 -0.873457 -0.86863 -0.0048265 11.4966 -0.000158222 0.00206305 0.000210113 -0.86863 0.000365987 1.56502 -0.00183159
22.495 -0.873705 -0.868881 -0.00482406 11.5008 -0.000158186 0.00206225 0.000210062 -0.868881 0.000365645 1.56502 -0.00183119
22.496 -0.873953 -0.869131 -0.00482162 11.505 -0.000158149 0.00206144 0.000210011 -0.869131 0.000365302 1.56502 -0.00183079
22.497 -0.8742 -0.869381 -0.00481918 11.5092 -0.000158112 0.00206064 0.000209959 -0.869381 0.000364959 1.56502 -0.00183039
22.498 -0.874448 -0.869632 -0.00481673 11.5134 -0.000158075 0.00205983 0.000209908 -0.869632 0.000364616 1.56502 -0.00182999
22.499 -0.874696 -0.869882 -0.00481428 11.5175 -0.000158038 0.00205902 0.000209856 -0.869882 0.000364273 1.56502 -0.00182959
22.5 -0.874944 -0.870132 -0.00481182 11.5217 -0.000158001 0.00205821 0.000209804 -0.870132 0.000363929 1.56502 -0.00182919
22.501 -0.875191 -0.870382 -0.00480935 11.5259 -0.000157963 0.00205739 0.000209751 -0.870382 0.000363585 1.56502 -0.00182879
22.502 -0.875439 -0.870632 -0.00480689 11.5301 -0.000157926 0.00205658 0.000209699 -0.870632 0.000363241 1.56502 -0.00182839
22.503 -0.875686 -0.870882 -0.00480441 11.5343 -0.000157888 0.00205576 0.000209646 -0.870882 0.000362896 1.56502 -0.00182799
22.504 -0.875933 -0.871131 -0.00480194 11.5385 -0.00015785 0.00205494 0.000209594 -0.871131 0.000362551 1.56502 -0.00182759
22.505 -0.876181 -0.871381 -0.00479946 11.5426 -0.000157812 0.00205412 0.000209541 -0.871381 0.000362206 1.56502 -0.00182719
22.506 -0.876428 -0.871631 -0.00479697 11.5468 -0.000157774 0.0020533 0.000209487 -0.871631 0.00036186 1.56502 -0.00182679
22.507 -0.876675 -0.87188 -0.00479448 11.551 -0.000157735 0.00205247 0.000209434 -0.87188 0.000361515 1.56503 -0.00182638
22.508 -0.876922 -0.87213 -0.00479198 11.5552 -0.000157697 0.00205164 0.00020938 -0.87213 0.000361169 1.56503 -0.00182598
22.509 -0.877169 -0.872379 -0.00478948 11.5593 -0.000157658 0.00205081 0.000209326 -0.872379 0.000360823 1.56503 -0.00182558
22.51 -0.877416 -0.872629 -0.00478698 11.5635 -0.000157619 0.00204998 0.000209272 -0.872629 0.000360476 1.56503 -0.00182518
22.511 -0.877662 -0.872878 -0.00478447 11.5677 -0.00015758 0.00204915 0.000209218 -0.872878 0.000360129 1.56503 -0.00182477
22.512 -0.877909 -0.873127 -0.00478195 11.5719 -0.000157541 0.00204831 0.000209164 -0.873127 0.000359782 1.56503 -0.00182437
22.513 -0.878156 -0.873376 -0.00477943 11.576 -0.000157502 0.00204748 0.000209109 -0.873376 0.000359435 1.56503 -0.00182397
22.514 -0.878402 -0.873625 -0.00477691 11.5802 -0.000157462 0.00204664 0.000209054 -0.873625 0.000359087 1.56503 -0.00182356
22.515 -0.878648 -0.873874 -0.00477438 11.5843 -0.000157423 0.0020458 0.000208999 -0.873874 0.00035874 1.56503 -0.00182316
22.516 -0.878895 -0.874123 -0.00477185 11.5885 -0.000157383 0.00204495 0.000208944 -0.874123 0.000358392 1.56503 -0.00182275
22.517 -0.879141 -0.874372 -0.00476931 11.5927 -0.000157343 0.00204411 0.000208889 -0.874372 0.000358043 1.56503 -0.00182235
22.518 -0.879387 -0.87462 -0.00476677 11.5968 -0.000157303 0.00204326 0.000208833 -0.87462 0.000357695 1.56503 -0.00182194
22.519 -0.879633 -0.874869 -0.00476422 11.601 -0.000157263 0.00204241 0.000208777 -0.874869 0.000357346 1.56503 -0.00182154
22.52 -0.879879 -0.875118 -0.00476167 11.6051 -0.000157223 0.00204156 0.000208721 -0.875118 0.000356997 1.56503 -0.00182113
22.521 -0.880125 -0.875366 -0.00475911 11.6093 -0.000157182 0.00204071 0.000208665 -0.875366 0.000356647 1.56504 -0.00182072
22.522 -0.880371 -0.875614 -0.00475655 11.6134 -0.000157142 0.00203985 0.000208609 -0.875614 0.000356298 1.56504 -0.00182032
22.523 -0.880617 -0.875863 -0.00475398 11.6176 -0.000157101 0.002039 0.000208552 -0.875863 0.000355948 1.56504 -0.00181991
22.524 -0.880862 -0.876111 -0.00475141 11.6217 -0.00015706 0.00203814 0.000208495 -0.876111 0.000355598 1.56504 -0.0018195
22.525 -0.881108 -0.876359 -0.00474884 11.6259 -0.000157019 0.00203728 0.000208438 -0.876359 0.000355248 1.56504 -0.0018191
22.526 -0.881353 -0.876607 -0.00474626 11.63 -0.000156978 0.00203641 0.000208381 -0.876607 0.000354897 1.56504 -0.00181869
22.527 -0.881599 -0.876855 -0.00474368 11.6342 -0.000156936 0.00203555 0.000208324 -0.876855 0.000354546 1.56504 -0.00181828
22.528 -0.881844 -0.877103 -0.00474109 11.6383 -0.000156895 0.00203468 0.000208266 -0.877103 0.000354195 1.56504 -0.00181787
22.529 -0.882089 -0.877351 -0.00473849 11.6424 -0.000156853 0.00203381 0.000208208 -0.877351 0.000353844 1.56504 -0.00181747
22.53 -0.882334 -0.877598 -0.00473589 11.6466 -0.000156811 0.00203294 0.00020815 -0.877598 0.000353492 1.56504 -0.00181706
22.531 -0.882579 -0.877846 -0.00473329 11.6507 -0.000156769 0.00203207 0.000208092 -0.877846 0.00035314 1.56504 -0.00181665
22.532 -0.882824 -0.878094 -0.00473069 11.6548 -0.000156727 0.00203119 0.000208034 -0.878094 0.000352788 1.56504 -0.00181624
22.533 -0.883069 -0.878341 -0.00472807 11.659 -0.000156685 0.00203032 0.000207975 -0.878341 0.000352436 1.56504 -0.00181583
22.534 -0.883314 -0.878588 -0.00472546 11.6631 -0.000156643 0.00202944 0.000207916 -0.878588 0.000352084 1.56505 -0.00181542
22.535 -0.883558 -0.878836 -0.00472284 11.6672 -0.0001566 0.00202856 0.000207857 -0.878836 0.000351731 1.56505 -0.00181501
22.536 -0.883803 -0.879083 -0.00472021 11.6713 -0.000156557 0.00202768 0.000207798 -0.879083 0.000351378 1.56505 -0.0018146
22.537 -0.884048 -0.87933 -0.00471758 11.6755 -0.000156515 0.00202679 0.000207739 -0.87933 0.000351025 1.56505 -0.00181419
22.538 -0.884292 -0.879577 -0.00471494 11.6796 -0.000156472 0.00202591 0.000207679 -0.879577 0.000350671 1.56505 -0.00181378
22.539 -0.884536 -0.879824 -0.00471231 11.6837 -0.000156428 0.00202502 0.000207619 -0.879824 0.000350318 1.56505 -0.00181337
22.54 -0.88478 -0.880071 -0.00470966 11.6878 -0.000156385 0.00202413 0.000207559 -0.880071 0.000349964 1.56505 -0.00181296
22.541 -0.885025 -0.880318 -0.00470701 11.6919 -0.000156342 0.00202324 0.000207499 -0.880318 0.00034961 1.56505 -0.00181254
22.542 -0.885269 -0.880564 -0.00470436 11.696 -0.000156298 0.00202234 0.000207439 -0.880564 0.000349255 1.56505 -0.00181213
22.543 -0.885513 -0.880811 -0.0047017 11.7002 -0.000156254 0.00202145 0.000207378 -0.880811 0.000348901 1.56505 -0.00181172
22.544 -0.885756 -0.881057 -0.00469904 11.7043 -0.00015621 0.00202055 0.000207318 -0.881057 0.000348546 1.56505 -0.00181131
22.545 -0.886 -0.881304 -0.00469637 11.7084 -0.000156166 0.00201965 0.000207257 -0.881304 0.000348191 1.56505 -0.0018109
22.546 -0.886244 -0.88155 -0.0046937 11.7125 -0.000156122 0.00201875 0.000207196 -0.88155 0.000347836 1.56506 -0.00181048
22.547 -0.886488 -0.881796 -0.00469102 11.7166 -0.000156078 0.00201784 0.000207134 -0.881796 0.00034748 1.56506 -0.00181007
22.548 -0.886731 -0.882043 -0.00468834 11.7207 -0.000156033 0.00201694 0.000207073 -0.882043 0.000347125 1.56506 -0.00180966
22.549 -0.886974 -0.882289 -0.00468566 11.7248 -0.000155989 0.00201603 0.000207011 -0.882289 0.000346769 1.56506 -0.00180924
22.55 -0.887218 -0.882535 -0.00468297 11.7289 -0.000155944 0.00201512 0.000206949 -0.882535 0.000346413 1.56506 -0.00180883
22.551 -0.887461 -0.882781 -0.00468028 11.733 -0.000155899 0.00201421 0.000206887 -0.882781 0.000346057 1.56506 -0.00180841
22.552 -0.887704 -0.883026 -0.00467758 11.7371 -0.000155854 0.0020133 0.000206825 -0.883026 0.0003457 1.56506 -0.001808
22.553 -0.887947 -0.883272 -0.00467487 11.7412 -0.000155809 0.00201238 0.000206762 -0.883272 0.000345343 1.56506 -0.00180758
22.554 -0.88819 -0.883518 -0.00467217 11.7453 -0.000155764 0.00201147 0.000206699 -0.883518 0.000344986 1.56506 -0.00180717
22.555 -0.888433 -0.883763 -0.00466945 11.7494 -0.000155718 0.00201055 0.000206636 -0.883763 0.000344629 1.56506 -0.00180675
22.556 -0.888676 -0.884009 -0.00466674 11.7534 -0.000155672 0.00200963 0.000206573 -0.884009 0.000344272 1.56506 -0.00180634
22.557 -0.888918 -0.884254 -0.00466401 11.7575 -0.000155627 0.0020087 0.00020651 -0.884254 0.000343914 1.56507 -0.00180592
22.558 -0.889161 -0.8845 -0.00466129 11.7616 -0.000155581 0.00200778 0.000206446 -0.8845 0.000343557 1.56507 -0.00180551
22.559 -0.889403 -0.884745 -0.00465856 11.7657 -0.000155535 0.00200685 0.000206383 -0.884745 0.000343199 1.56507 -0.00180509
22.56 -0.889646 -0.88499 -0.00465582 11.7698 -0.000155488 0.00200592 0.000206319 -0.88499 0.000342841 1.56507 -0.00180467
22.561 -0.889888 -0.885235 -0.00465308 11.7739 -0.000155442 0.00200499 0.000206255 -0.885235 0.000342482 1.56507 -0.00180426
22.562 -0.89013 -0.88548 -0.00465034 11.7779 -0.000155395 0.00200406 0.00020619 -0.88548 0.000342124 1.56507 -0.00180384
22.563 -0.890372 -0.885725 -0.00464759 11.782 -0.000155349 0.00200313 0.000206126 -0.885725 0.000341765 1.56507 -0.00180342
22.564 -0.890614 -0.885969 -0.00464484 11.7861 -0.000155302 0.00200219 0.000206061 -0.885969 0.000341406 1.56507 -0.001803
22.565 -0.890856 -0.886214 -0.00464208 11.7901 -0.000155255 0.00200125 0.000205996 -0.886214 0.000341047 1.56507 -0.00180258
22.566 -0.891098 -0.886459 -0.00463932 11.7942 -0.000155208 0.00200031 0.000205931 -0.886459 0.000340688 1.56507 -0.00180217
22.567 -0.89134 -0.886703 -0.00463655 11.7983 -0.000155161 0.00199937 0.000205866 -0.886703 0.000340328 1.56507 -0.00180175
22.568 -0.891581 -0.886947 -0.00463378 11.8023 -0.000155113 0.00199843 0.0002058 -0.886947 0.000339968 1.56508 -0.00180133
22.569 -0.891823 -0.887192 -0.004631 11.8064 -0.000155066 0.00199748 0.000205735 -0.887192 0.000339608 1.56508 -0.00180091
22.57 -0.892064 -0.887436 -0.00462822 11.8105 -0.000155018 0.00199653 0.000205669 -0.887436 0.000339248 1.56508 -0.00180049
22.571 -0.892305 -0.88768 -0.00462544 11.8145 -0.00015497 0.00199559 0.000205603 -0.88768 0.000338888 1.56508 -0.00180007
22.572 -0.892547 -0.887924 -0.00462265 11.8186 -0.000154922 0.00199463 0.000205537 -0.887924 0.000338528 1.56508 -0.00179965
22.573 -0.892788 -0.888168 -0.00461985 11.8226 -0.000154874 0.00199368 0.00020547 -0.888168 0.000338167 1.56508 -0.00179923
22.574 -0.893029 -0.888412 -0.00461706 11.8267 -0.000154826 0.00199273 0.000205404 -0.888412 0.000337806 1.56508 -0.00179881
22.575 -0.89327 -0.888656 -0.00461425 11.8307 -0.000154777 0.00199177 0.000205337 -0.888656 0.000337445 1.56508 -0.00179839
22.576 -0.893511 -0.888899 -0.00461145 11.8348 -0.000154729 0.00199081 0.00020527 -0.888899 0.000337084 1.56508 -0.00179797
22.577 -0.893751 -0.889143 -0.00460863 11.8388 -0.00015468 0.00198985 0.000205202 -0.889143 0.000336723 1.56509 -0.00179755
22.578 -0.893992 -0.889386 -0.00460582 11.8429 -0.000154631 0.00198889 0.000205135 -0.889386 0.000336361 1.56509 -0.00179713
22.579 -0.894232 -0.889629 -0.004603 11.8469 -0.000154582 0.00198792 0.000205067 -0.889629 0.000335999 1.56509 -0.00179671
22.58 -0.894473 -0.889873 -0.00460017 11.851 -0.000154533 0.00198696 0.000205 -0.889873 0.000335637 1.56509 -0.00179628
22.581 -0.894713 -0.890116 -0.00459734 11.855 -0.000154484 0.00198599 0.000204932 -0.890116 0.000335275 1.56509 -0.00179586
22.582 -0.894953 -0.890359 -0.00459451 11.859 -0.000154435 0.00198502 0.000204863 -0.890359 0.000334913 1.56509 -0.00179544
22.583 -0.895194 -0.890602 -0.00459167 11.8631 -0.000154385 0.00198405 0.000204795 -0.890602 0.000334551 1.56509 -0.00179502
22.584 -0.895434 -0.890845 -0.00458883 11.8671 -0.000154335 0.00198307 0.000204726 -0.890845 0.000334188 1.56509 -0.00179459
22.585 -0.895674 -0.891088 -0.00458598 11.8711 -0.000154285 0.0019821 0.000204658 -0.891088 0.000333825 1.56509 -0.00179417
22.586 -0.895913 -0.89133 -0.00458313 11.8752 -0.000154235 0.00198112 0.000204589 -0.89133 0.000333462 1.5651 -0.00179375
22.587 -0.896153 -0.891573 -0.00458027 11.8792 -0.000154185 0.00198014 0.000204519 -0.891573 0.000333099 1.5651 -0.00179332
22.588 -0.896393 -0.891815 -0.00457741 11.8832 -0.000154135 0.00197916 0.00020445 -0.891815 0.000332736 1.5651 -0.0017929
22.589 -0.896632 -0.892058 -0.00457455 11.8872 -0.000154085 0.00197817 0.00020438 -0.892058 0.000332373 1.5651 -0.00179248
22.59 -0.896872 -0.8923 -0.00457168 11.8913 -0.000154034 0.00197719 0.000204311 -0.8923 0.000332009 1.5651 -0.00179205
22.591 -0.897111 -0.892542 -0.0045688 11.8953 -0.000153983 0.0019762 0.000204241 -0.892542 0.000331645 1.5651 -0.00179163
22.592 -0.89735 -0.892784 -0.00456592 11.8993 -0.000153932 0.00197521 0.000204171 -0.892784 0.000331281 1.5651 -0.0017912
22.593 -0.897589 -0.893026 -0.00456304 11.9033 -0.000153881 0.00197422 0.0002041 -0.893026 0.000330917 1.5651 -0.00179078
22.594 -0.897828 -0.893268 -0.00456015 11.9073 -0.00015383 0.00197323 0.00020403 -0.893268 0.000330553 1.5651 -0.00179035
22.595 -0.898067 -0.89351 -0.00455726 11.9113 -0.000153779 0.00197224 0.000203959 -0.89351 0.000330189 1.56511 -0.00178993
22.596 -0.898306 -0.893752 -0.00455437 11.9154 -0.000153727 0.00197124 0.000203888 -0.893752 0.000329824 1.56511 -0.0017895
22.597 -0.898545 -0.893993 -0.00455147 11.9194 -0.000153676 0.00197024 0.000203817 -0.893993 0.00032946 1.56511 -0.00178908
22.598 -0.898783 -0.894235 -0.00454856 11.9234 -0.000153624 0.00196924 0.000203746 -0.894235 0.000329095 1.56511 -0.00178865
22.599 -0.899022 -0.894476 -0.00454565 11.9274 -0.000153572 0.00196824 0.000203674 -0.894476 0.00032873 1.56511 -0.00178822
22.6 -0.89926 -0.894718 -0.00454274 11.9314 -0.00015352 0.00196724 0.000203602 -0.894718 0.000328365 1.56511 -0.0017878
22.601 -0.899499 -0.894959 -0.00453982 11.9354 -0.000153468 0.00196623 0.00020353 -0.894959 0.000327999 1.56511 -0.00178737
22.602 -0.899737 -0.8952 -0.0045369 11.9394 -0.000153416 0.00196522 0.000203458 -0.8952 0.000327634 1.56511 -0.00178694
22.603 -0.899975 -0.895441 -0.00453397 11.9434 -0.000153363 0.00196421 0.000203386 -0.895441 0.000327268 1.56511 -0.00178652
22.604 -0.900213 -0.895682 -0.00453104 11.9474 -0.000153311 0.0019632 0.000203314 -0.895682 0.000326903 1.56512 -0.00178609
22.605 -0.900451 -0.895923 -0.0045281 11.9513 -0.000153258 0.00196219 0.000203241 -0.895923 0.000326537 1.56512 -0.00178566
22.606 -0.900689 -0.896163 -0.00452516 11.9553 -0.000153205 0.00196117 0.000203168 -0.896163 0.000326171 1.56512 -0.00178523
22.607 -0.900926 -0.896404 -0.00452222 11.9593 -0.000153152 0.00196016 0.000203095 -0.896404 0.000325805 1.56512 -0.00178481
22.608 -0.901164 -0.896644 -0.00451927 11.9633 -0.000153099 0.00195914 0.000203022 -0.896644 0.000325438 1.56512 -0.00178438
22.609 -0.901401 -0.896885 -0.00451631 11.9673 -0.000153046 0.00195812 0.000202948 -0.896885 0.000325072 1.56512 -0.00178395
22.61 -0.901639 -0.897125 -0.00451336 11.9713 -0.000152992 0.0019571 0.000202875 -0.897125 0.000324705 1.56512 -0.00178352
22.611 -0.901876 -0.897365 -0.00451039 11.9753 -0.000152939 0.00195607 0.000202801 -0.897365 0.000324339 1.56512 -0.00178309
22.612 -0.902113 -0.897605 -0.00450743 11.9792 -0.000152885 0.00195505 0.000202727 -0.897605 0.000323972 1.56513 -0.00178266
22.613 -0.90235 -0.897845 -0.00450446 11.9832 -0.000152831 0.00195402 0.000202652 -0.897845 0.000323605 1.56513 -0.00178223
22.614 -0.902587 -0.898085 -0.00450148 11.9872 -0.000152777 0.00195299 0.000202578 -0.898085 0.000323238 1.56513 -0.0017818
22.615 -0.902824 -0.898325 -0.0044985 11.9911 -0.000152723 0.00195196 0.000202503 -0.898325 0.000322871 1.56513 -0.00178137
22.616 -0.90306 -0.898565 -0.00449552 11.9951 -0.000152669 0.00195092 0.000202429 -0.898565 0.000322503 1.56513 -0.00178094
22.617 -0.903297 -0.898804 -0.00449253 11.9991 -0.000152614 0.00194989 0.000202354 -0.898804 0.000322136 1.56513 -0.00178051
22.618 -0.903533 -0.899044 -0.00448954 12.003 -0.00015256 0.00194885 0.000202278 -0.899044 0.000321768 1.56513 -0.00178008
22.619 -0.90377 -0.899283 -0.00448654 12.007 -0.000152505 0.00194781 0.000202203 -0.899283 0.000321401 1.56514 -0.00177965
22.62 -0.904006 -0.899523 -0.00448354 12.011 -0.00015245 0.00194677 0.000202128 -0.899523 0.000321033 1.56514 -0.00177922
22.621 -0.904242 -0.899762 -0.00448053 12.0149 -0.000152395 0.00194573 0.000202052 -0.899762 0.000320665 1.56514 -0.00177879
22.622 -0.904478 -0.900001 -0.00447752 12.0189 -0.00015234 0.00194469 0.000201976 -0.900001 0.000320297 1.56514 -0.00177836
22.623 -0.904714 -0.90024 -0.00447451 12.0228 -0.000152285 0.00194364 0.0002019 -0.90024 0.000319929 1.56514 -0.00177793
22.624 -0.90495 -0.900479 -0.00447149 12.0268 -0.000152229 0.00194259 0.000201823 -0.900479 0.00031956 1.56514 -0.00177749
22.625 -0.905186 -0.900717 -0.00446846 12.0307 -0.000152174 0.00194154 0.000201747 -0.900717 0.000319192 1.56514 -0.00177706
22.626 -0.905421 -0.900956 -0.00446544 12.0347 -0.000152118 0.00194049 0.00020167 -0.900956 0.000318823 1.56514 -0.00177663
22.627 -0.905657 -0.901194 -0.00446241 12.0386 -0.000152062 0.00193944 0.000201593 -0.901194 0.000318455 1.56515 -0.0017762
22.628 -0.905892 -0.901433 -0.00445937 12.0426 -0.000152006 0.00193838 0.000201516 -0.901433 0.000318086 1.56515 -0.00177576
22.629 -0.906128 -0.901671 -0.00445633 12.0465 -0.00015195 0.00193732 0.000201439 -0.901671 0.000317717 1.56515 -0.00177533
22.63 -0.906363 -0.901909 -0.00445328 12.0505 -0.000151894 0.00193627 0.000201361 -0.901909 0.000317348 1.56515 -0.0017749
22.631 -0.906598 -0.902148 -0.00445023 12.0544 -0.000151837 0.00193521 0.000201284 -0.902148 0.000316979 1.56515 -0.00177446
22.632 -0.906833 -0.902386 -0.00444718 12.0583 -0.000151781 0.00193414 0.000201206 -0.902386 0.00031661 1.56515 -0.00177403
22.633 -0.907068 -0.902623 -0.00444412 12.0623 -0.000151724 0.00193308 0.000201128 -0.902623 0.00031624 1.56515 -0.0017736
22.634 -0.907302 -0.902861 -0.00444106 12.0662 -0.000151667 0.00193201 0.000201049 -0.902861 0.000315871 1.56516 -0.00177316
22.635 -0.907537 -0.903099 -0.004438 12.0701 -0.00015161 0.00193094 0.000200971 -0.903099 0.000315501 1.56516 -0.00177273
22.636 -0.907771 -0.903336 -0.00443492 12.0741 -0.000151553 0.00192988 0.000200892 -0.903336 0.000315132 1.56516 -0.00177229
22.637 -0.908006 -0.903574 -0.00443185 12.078 -0.000151496 0.0019288 0.000200813 -0.903574 0.000314762 1.56516 -0.00177186
22.638 -0.90824 -0.903811 -0.00442877 12.0819 -0.000151439 0.00192773 0.000200734 -0.903811 0.000314392 1.56516 -0.00177142
22.639 -0.908474 -0.904049 -0.00442569 12.0858 -0.000151381 0.00192666 0.000200655 -0.904049 0.000314022 1.56516 -0.00177099
22.64 -0.908708 -0.904286 -0.0044226 12.0897 -0.000151324 0.00192558 0.000200576 -0.904286 0.000313652 1.56516 -0.00177055
22.641 -0.908942 -0.904523 -0.00441951 12.0937 -0.000151266 0.0019245 0.000200496 -0.904523 0.000313282 1.56517 -0.00177012
22.642 -0.909176 -0.90476 -0.00441641 12.0976 -0.000151208 0.00192342 0.000200416 -0.90476 0.000312912 1.56517 -0.00176968
22.643 -0.90941 -0.904996 -0.00441331 12.1015 -0.00015115 0.00192234 0.000200336 -0.904996 0.000312542 1.56517 -0.00176925
22.644 -0.909643 -0.905233 -0.0044102 12.1054 -0.000151092 0.00192125 0.000200256 -0.905233 0.000312171 1.56517 -0.00176881
22.645 -0.909877 -0.90547 -0.0044071 12.1093 -0.000151033 0.00192017 0.000200176 -0.90547 0.000311801 1.56517 -0.00176838
22.646 -0.91011 -0.905706 -0.00440398 12.1132 -0.000150975 0.00191908 0.000200095 -0.905706 0.00031143 1.56517 -0.00176794
22.647 -0.910343 -0.905943 -0.00440086 12.1171 -0.000150916 0.00191799 0.000200014 -0.905943 0.00031106 1.56517 -0.0017675
22.648 -0.910577 -0.906179 -0.00439774 12.121 -0.000150857 0.0019169 0.000199934 -0.906179 0.000310689 1.56518 -0.00176707
22.649 -0.91081 -0.906415 -0.00439462 12.1249 -0.000150798 0.00191581 0.000199852 -0.906415 0.000310318 1.56518 -0.00176663
22.65 -0.911042 -0.906651 -0.00439148 12.1288 -0.000150739 0.00191471 0.000199771 -0.906651 0.000309947 1.56518 -0.00176619
22.651 -0.911275 -0.906887 -0.00438835 12.1327 -0.00015068 0.00191361 0.00019969 -0.906887 0.000309576 1.56518 -0.00176575
22.652 -0.911508 -0.907123 -0.00438521 12.1366 -0.000150621 0.00191252 0.000199608 -0.907123 0.000309205 1.56518 -0.00176532
22.653 -0.91174 -0.907358 -0.00438207 12.1405 -0.000150561 0.00191142 0.000199526 -0.907358 0.000308834 1.56518 -0.00176488
22.654 -0.911973 -0.907594 -0.00437892 12.1444 -0.000150502 0.00191031 0.000199444 -0.907594 0.000308463 1.56519 -0.00176444
22.655 -0.912205 -0.907829 -0.00437577 12.1483 -0.000150442 0.00190921 0.000199362 -0.907829 0.000308091 1.56519 -0.001764
22.656 -0.912437 -0.908065 -0.00437261 12.1521 -0.000150382 0.0019081 0.000199279 -0.908065 0.00030772 1.56519 -0.00176356
22.657 -0.912669 -0.9083 -0.00436945 12.156 -0.000150322 0.001907 0.000199197 -0.9083 0.000307348 1.56519 -0.00176313
22.658 -0.912901 -0.908535 -0.00436629 12.1599 -0.000150262 0.00190589 0.000199114 -0.908535 0.000306977 1.56519 -0.00176269
22.659 -0.913133 -0.90877 -0.00436312 12.1638 -0.000150202 0.00190478 0.000199031 -0.90877 0.000306605 1.56519 -0.00176225
22.66 -0.913365 -0.909005 -0.00435994 12.1676 -0.000150141 0.00190366 0.000198947 -0.909005 0.000306233 1.56519 -0.00176181
22.661 -0.913597 -0.90924 -0.00435677 12.1715 -0.000150081 0.00190255 0.000198864 -0.90924 0.000305862 1.5652 -0.00176137
22.662 -0.913828 -0.909475 -0.00435359 12.1754 -0.00015002 0.00190143 0.00019878 -0.909475 0.00030549 1.5652 -0.00176093
22.663 -0.91406 -0.909709 -0.0043504 12.1793 -0.000149959 0.00190032 0.000198697 -0.909709 0.000305118 1.5652 -0.00176049
22.664 -0.914291 -0.909944 -0.00434721 12.1831 -0.000149898 0.0018992 0.000198613 -0.909944 0.000304746 1.5652 -0.00176005
22.665 -0.914522 -0.910178 -0.00434402 12.187 -0.000149837 0.00189807 0.000198528 -0.910178 0.000304374 1.5652 -0.00175961
22.666 -0.914753 -0.910412 -0.00434082 12.1909 -0.000149776 0.00189695 0.000198444 -0.910412 0.000304002 1.5652 -0.00175917
22.667 -0.914984 -0.910646 -0.00433761 12.1947 -0.000149714 0.00189583 0.00019836 -0.910646 0.00030363 1.56521 -0.00175873
22.668 -0.915215 -0.91088 -0.00433441 12.1986 -0.000149653 0.0018947 0.000198275 -0.91088 0.000303257 1.56521 -0.00175829
22.669 -0.915445 -0.911114 -0.0043312 12.2024 -0.000149591 0.00189357 0.00019819 -0.911114 0.000302885 1.56521 -0.00175785
22.67 -0.915676 -0.911348 -0.00432798 12.2063 -0.000149529 0.00189244 0.000198105 -0.911348 0.000302513 1.56521 -0.00175741
22.671 -0.915906 -0.911581 -0.00432476 12.2101 -0.000149467 0.00189131 0.000198019 -0.911581 0.00030214 1.56521 -0.00175697
22.672 -0.916137 -0.911815 -0.00432154 12.214 -0.000149405 0.00189017 0.000197934 -0.911815 0.000301768 1.56521 -0.00175653
22.673 -0.916367 -0.912048 -0.00431831 12.2178 -0.000149343 0.00188904 0.000197848 -0.912048 0.000301395 1.56522 -0.00175608
22.674 -0.916597 -0.912282 -0.00431508 12.2217 -0.000149281 0.0018879 0.000197762 -0.912282 0.000301023 1.56522 -0.00175564
22.675 -0.916827 -0.912515 -0.00431184 12.2255 -0.000149218 0.00188676 0.000197676 -0.912515 0.00030065 1.56522 -0.0017552
22.676 -0.917057 -0.912748 -0.0043086 12.2293 -0.000149156 0.00188562 0.00019759 -0.912748 0.000300277 1.56522 -0.00175476
22.677 -0.917286 -0.912981 -0.00430536 12.2332 -0.000149093 0.00188448 0.000197504 -0.912981 0.000299905 1.56522 -0.00175432
22.678 -0.917516 -0.913214 -0.00430211 12.237 -0.00014903 0.00188333 0.000197417 -0.913214 0.000299532 1.56522 -0.00175388
22.679 -0.917745 -0.913446 -0.00429886 12.2409 -0.000148967 0.00188219 0.00019733 -0.913446 0.000299159 1.56523 -0.00175343
22.68 -0.917975 -0.913679 -0.0042956 12.2447 -0.000148904 0.00188104 0.000197243 -0.913679 0.000298786 1.56523 -0.00175299
22.681 -0.918204 -0.913911 -0.00429234 12.2485 -0.000148841 0.00187989 0.000197156 -0.913911 0.000298413 1.56523 -0.00175255
22.682 -0.918433 -0.914144 -0.00428907 12.2523 -0.000148777 0.00187874 0.000197069 -0.914144 0.00029804 1.56523 -0.0017521
22.683 -0.918662 -0.914376 -0.0042858 12.2562 -0.000148714 0.00187759 0.000196981 -0.914376 0.000297667 1.56523 -0.00175166
22.684 -0.918891 -0.914608 -0.00428253 12.26 -0.00014865 0.00187643 0.000196893 -0.914608 0.000297294 1.56523 -0.00175122
22.685 -0.919119 -0.91484 -0.00427925 12.2638 -0.000148586 0.00187527 0.000196805 -0.91484 0.000296921 1.56524 -0.00175077
22.686 -0.919348 -0.915072 -0.00427597 12.2676 -0.000148522 0.00187412 0.000196717 -0.915072 0.000296548 1.56524 -0.00175033
22.687 -0.919576 -0.915304 -0.00427268 12.2714 -0.000148458 0.00187296 0.000196629 -0.915304 0.000296175 1.56524 -0.00174989
22.688 -0.919805 -0.915535 -0.00426939 12.2752 -0.000148394 0.00187179 0.00019654 -0.915535 0.000295802 1.56524 -0.00174944
22.689 -0.920033 -0.915767 -0.0042661 12.2791 -0.000148329 0.00187063 0.000196452 -0.915767 0.000295429 1.56524 -0.001749
22.69 -0.920261 -0.915998 -0.0042628 12.2829 -0.000148265 0.00186947 0.000196363 -0.915998 0.000295055 1.56524 -0.00174855
22.691 -0.920489 -0.916229 -0.0042595 12.2867 -0.0001482 0.0018683 0.000196274 -0.916229 0.000294682 1.56525 -0.00174811
22.692 -0.920717 -0.916461 -0.00425619 12.2905 -0.000148135 0.00186713 0.000196185 -0.916461 0.000294309 1.56525 -0.00174767
22.693 -0.920945 -0.916692 -0.00425288 12.2943 -0.00014807 0.00186596 0.000196095 -0.916692 0.000293935 1.56525 -0.00174722
22.694 -0.921172 -0.916923 -0.00424956 12.2981 -0.000148005 0.00186479 0.000196005 -0.916923 0.000293562 1.56525 -0.00174678
22.695 -0.9214 -0.917153 -0.00424624 12.3019 -0.00014794 0.00186361 0.000195916 -0.917153 0.000293188 1.56525 -0.00174633
22.696 -0.921627 -0.917384 -0.00424292 12.3057 -0.000147875 0.00186244 0.000195826 -0.917384 0.000292815 1.56525 -0.00174589
22.697 -0.921854 -0.917614 -0.00423959 12.3095 -0.000147809 0.00186126 0.000195735 -0.917614 0.000292442 1.56526 -0.00174544
22.698 -0.922081 -0.917845 -0.00423626 12.3133 -0.000147744 0.00186008 0.000195645 -0.917845 0.000292068 1.56526 -0.00174499
22.699 -0.922308 -0.918075 -0.00423293 12.317 -0.000147678 0.0018589 0.000195554 -0.918075 0.000291695 1.56526 -0.00174455
22.7 -0.922535 -0.918305 -0.00422959 12.3208 -0.000147612 0.00185772 0.000195464 -0.918305 0.000291321 1.56526 -0.0017441
22.701 -0.922762 -0.918535 -0.00422624 12.3246 -0.000147546 0.00185653 0.000195373 -0.918535 0.000290947 1.56526 -0.00174366
22.702 -0.922988 -0.918765 -0.00422289 12.3284 -0.00014748 0.00185535 0.000195282 -0.918765 0.000290574 1.56527 -0.00174321
22.703 -0.923215 -0.918995 -0.00421954 12.3322 -0.000147414 0.00185416 0.00019519 -0.918995 0.0002902 1.56527 -0.00174276
22.704 -0.923441 -0.919225 -0.00421618 12.3359 -0.000147347 0.00185297 0.000195099 -0.919225 0.000289827 1.56527 -0.00174232
22.705 -0.923667 -0.919454 -0.00421282 12.3397 -0.000147281 0.00185178 0.000195007 -0.919454 0.000289453 1.56527 -0.00174187
22.706 -0.923893 -0.919684 -0.00420946 12.3435 -0.000147214 0.00185059 0.000194915 -0.919684 0.000289079 1.56527 -0.00174142
22.707 -0.924119 -0.919913 -0.00420609 12.3473 -0.000147147 0.00184939 0.000194823 -0.919913 0.000288706 1.56527 -0.00174098
22.708 -0.924345 -0.920142 -0.00420272 12.351 -0.00014708 0.0018482 0.000194731 -0.920142 0.000288332 1.56528 -0.00174053
22.709 -0.924571 -0.920371 -0.00419934 12.3548 -0.000147013 0.001847 0.000194638 -0.920371 0.000287958 1.56528 -0.00174008
22.71 -0.924796 -0.9206 -0.00419596 12.3585 -0.000146946 0.0018458 0.000194546 -0.9206 0.000287585 1.56528 -0.00173964
22.711 -0.925022 -0.920829 -0.00419258 12.3623 -0.000146879 0.0018446 0.000194453 -0.920829 0.000287211 1.56528 -0.00173919
22.712 -0.925247 -0.921058 -0.00418919 12.3661 -0.000146811 0.00184339 0.00019436 -0.921058 0.000286837 1.56528 -0.00173874
22.713 -0.925472 -0.921286 -0.00418579 12.3698 -0.000146744 0.00184219 0.000194267 -0.921286 0.000286464 1.56529 -0.00173829
22.714 -0.925697 -0.921515 -0.0041824 12.3736 -0.000146676 0.00184098 0.000194174 -0.921515 0.00028609 1.56529 -0.00173785
22.715 -0.925922 -0.921743 -0.004179 12.3773 -0.000146608 0.00183977 0.00019408 -0.921743 0.000285716 1.56529 -0.0017374
22.716 -0.926147 -0.921971 -0.00417559 12.3811 -0.00014654 0.00183856 0.000193986 -0.921971 0.000285342 1.56529 -0.00173695
22.717 -0.926371 -0.922199 -0.00417218 12.3848 -0.000146472 0.00183735 0.000193892 -0.922199 0.000284969 1.56529 -0.0017365
22.718 -0.926596 -0.922427 -0.00416877 12.3886 -0.000146404 0.00183614 0.000193798 -0.922427 0.000284595 1.5653 -0.00173605
22.719 -0.92682 -0.922655 -0.00416535 12.3923 -0.000146335 0.00183492 0.000193704 -0.922655 0.000284221 1.5653 -0.0017356
22.72 -0.927044 -0.922882 -0.00416193 12.396 -0.000146267 0.00183371 0.000193609 -0.922882 0.000283848 1.5653 -0.00173515
22.721 -0.927268 -0.92311 -0.0041585 12.3998 -0.000146198 0.00183249 0.000193515 -0.92311 0.000283474 1.5653 -0.00173471
22.722 -0.927492 -0.923337 -0.00415507 12.4035 -0.000146129 0.00183127 0.00019342 -0.923337 0.0002831 1.5653 -0.00173426
22.723 -0.927716 -0.923565 -0.00415164 12.4072 -0.00014606 0.00183005 0.000193325 -0.923565 0.000282726 1.56531 -0.00173381
22.724 -0.92794 -0.923792 -0.0041482 12.411 -0.000145991 0.00182882 0.00019323 -0.923792 0.000282353 1.56531 -0.00173336
22.725 -0.928164 -0.924019 -0.00414476 12.4147 -0.000145922 0.0018276 0.000193134 -0.924019 0.000281979 1.56531 -0.00173291
22.726 -0.928387 -0.924246 -0.00414132 12.4184 -0.000145853 0.00182637 0.000193039 -0.924246 0.000281605 1.56531 -0.00173246
22.727 -0.92861 -0.924472 -0.00413787 12.4221 -0.000145783 0.00182514 0.000192943 -0.924472 0.000281232 1.56531 -0.00173201
22.728 -0.928833 -0.924699 -0.00413441 12.4259 -0.000145714 0.00182391 0.000192847 -0.924699 0.000280858 1.56532 -0.00173156
22.729 -0.929056 -0.924925 -0.00413095 12.4296 -0.000145644 0.00182268 0.000192751 -0.924925 0.000280485 1.56532 -0.00173111
22.73 -0.929279 -0.925152 -0.00412749 12.4333 -0.000145574 0.00182145 0.000192654 -0.925152 0.000280111 1.56532 -0.00173066
22.731 -0.929502 -0.925378 -0.00412403 12.437 -0.000145504 0.00182021 0.000192558 -0.925378 0.000279737 1.56532 -0.00173021
22.732 -0.929725 -0.925604 -0.00412056 12.4407 -0.000145434 0.00181898 0.000192461 -0.925604 0.000279364 1.56532 -0.00172976
22.733 -0.929947 -0.92583 -0.00411708 12.4444 -0.000145364 0.00181774 0.000192364 -0.92583 0.00027899 1.56533 -0.00172931
22.734 -0.93017 -0.926056 -0.0041136 12.4481 -0.000145294 0.0018165 0.000192267 -0.926056 0.000278617 1.56533 -0.00172886
22.735 -0.930392 -0.926282 -0.00411012 12.4518 -0.000145223 0.00181525 0.00019217 -0.926282 0.000278243 1.56533 -0.00172841
22.736 -0.930614 -0.926507 -0.00410664 12.4555 -0.000145152 0.00181401 0.000192073 -0.926507 0.00027787 1.56533 -0.00172796
22.737 -0.930836 -0.926733 -0.00410315 12.4592 -0.000145082 0.00181277 0.000191975 -0.926733 0.000277496 1.56533 -0.00172751
22.738 -0.931058 -0.926958 -0.00409965 12.4629 -0.000145011 0.00181152 0.000191877 -0.926958 0.000277123 1.56534 -0.00172705
22.739 -0.931279 -0.927183 -0.00409615 12.4666 -0.00014494 0.00181027 0.000191779 -0.927183 0.000276749 1.56534 -0.0017266
22.74 -0.931501 -0.927408 -0.00409265 12.4703 -0.000144869 0.00180902 0.000191681 -0.927408 0.000276376 1.56534 -0.00172615
22.741 -0.931722 -0.927633 -0.00408915 12.474 -0.000144797 0.00180777 0.000191583 -0.927633 0.000276003 1.56534 -0.0017257
22.742 -0.931944 -0.927858 -0.00408564 12.4777 -0.000144726 0.00180651 0.000191484 -0.927858 0.000275629 1.56534 -0.00172525
22.743 -0.932165 -0.928083 -0.00408212 12.4814 -0.000144654 0.00180526 0.000191385 -0.928083 0.000275256 1.56535 -0.0017248
22.744 -0.932386 -0.928307 -0.00407861 12.4851 -0.000144583 0.001804 0.000191287 -0.928307 0.000274883 1.56535 -0.00172435
22.745 -0.932607 -0.928531 -0.00407508 12.4887 -0.000144511 0.00180274 0.000191188 -0.928531 0.000274509 1.56535 -0.00172389
22.746 -0.932827 -0.928756 -0.00407156 12.4924 -0.000144439 0.00180148 0.000191088 -0.928756 0.000274136 1.56535 -0.00172344
22.747 -0.933048 -0.92898 -0.00406803 12.4961 -0.000144367 0.00180022 0.000190989 -0.92898 0.000273763 1.56535 -0.00172299
22.748 -0.933268 -0.929204 -0.00406449 12.4998 -0.000144295 0.00179896 0.000190889 -0.929204 0.00027339 1.56536 -0.00172254
22.749 -0.933489 -0.929428 -0.00406096 12.5034 -0.000144222 0.00179769 0.000190789 -0.929428 0.000273017 1.56536 -0.00172209
22.75 -0.933709 -0.929651 -0.00405742 12.5071 -0.00014415 0.00179643 0.000190689 -0.929651 0.000272644 1.56536 -0.00172163
22.751 -0.933929 -0.929875 -0.00405387 12.5108 -0.000144077 0.00179516 0.000190589 -0.929875 0.000272271 1.56536 -0.00172118
22.752 -0.934149 -0.930098 -0.00405032 12.5144 -0.000144005 0.00179389 0.000190489 -0.930098 0.000271898 1.56536 -0.00172073
22.753 -0.934368 -0.930322 -0.00404677 12.5181 -0.000143932 0.00179262 0.000190388 -0.930322 0.000271525 1.56537 -0.00172027
22.754 -0.934588 -0.930545 -0.00404321 12.5217 -0.000143859 0.00179134 0.000190288 -0.930545 0.000271152 1.56537 -0.00171982
22.755 -0.934808 -0.930768 -0.00403965 12.5254 -0.000143786 0.00179007 0.000190187 -0.930768 0.000270779 1.56537 -0.00171937
22.756 -0.935027 -0.930991 -0.00403608 12.5291 -0.000143713 0.00178879 0.000190086 -0.930991 0.000270406 1.56537 -0.00171892
22.757 -0.935246 -0.931214 -0.00403251 12.5327 -0.000143639 0.00178751 0.000189984 -0.931214 0.000270033 1.56538 -0.00171846
22.758 -0.935465 -0.931436 -0.00402894 12.5364 -0.000143566 0.00178623 0.000189883 -0.931436 0.000269661 1.56538 -0.00171801
22.759 -0.935684 -0.931659 -0.00402536 12.54 -0.000143492 0.00178495 0.000189781 -0.931659 0.000269288 1.56538 -0.00171756
22.76 -0.935903 -0.931881 -0.00402178 12.5436 -0.000143418 0.00178367 0.000189679 -0.931881 0.000268916 1.56538 -0.0017171
22.761 -0.936121 -0.932103 -0.0040182 12.5473 -0.000143344 0.00178238 0.000189577 -0.932103 0.000268543 1.56538 -0.00171665
22.762 -0.93634 -0.932325 -0.00401461 12.5509 -0.00014327 0.0017811 0.000189475 -0.932325 0.000268171 1.56539 -0.00171619
22.763 -0.936558 -0.932547 -0.00401102 12.5546 -0.000143196 0.00177981 0.000189373 -0.932547 0.000267798 1.56539 -0.00171574
22.764 -0.936776 -0.932769 -0.00400742 12.5582 -0.000143122 0.00177852 0.00018927 -0.932769 0.000267426 1.56539 -0.00171529
22.765 -0.936994 -0.932991 -0.00400382 12.5618 -0.000143048 0.00177723 0.000189167 -0.932991 0.000267053 1.56539 -0.00171483
22.766 -0.937212 -0.933212 -0.00400021 12.5654 -0.000142973 0.00177593 0.000189065 -0.933212 0.000266681 1.5654 -0.00171438
22.767 -0.93743 -0.933434 -0.0039966 12.5691 -0.000142899 0.00177464 0.000188961 -0.933434 0.000266309 1.5654 -0.00171392
22.768 -0.937648 -0.933655 -0.00399299 12.5727 -0.000142824 0.00177334 0.000188858 -0.933655 0.000265937 1.5654 -0.00171347
22.769 -0.937865 -0.933876 -0.00398938 12.5763 -0.000142749 0.00177204 0.000188755 -0.933876 0.000265565 1.5654 -0.00171302
22.77 -0.938083 -0.934097 -0.00398576 12.5799 -0.000142674 0.00177074 0.000188651 -0.934097 0.000265193 1.5654 -0.00171256
22.771 -0.9383 -0.934318 -0.00398213 12.5835 -0.000142599 0.00176944 0.000188547 -0.934318 0.000264821 1.56541 -0.00171211
22.772 -0.938517 -0.934538 -0.0039785 12.5872 -0.000142524 0.00176814 0.000188443 -0.934538 0.000264449 1.56541 -0.00171165
22.773 -0.938734 -0.934759 -0.00397487 12.5908 -0.000142448 0.00176684 0.000188339 -0.934759 0.000264077 1.56541 -0.0017112
22.774 -0.93895 -0.934979 -0.00397124 12.5944 -0.000142373 0.00176553 0.000188235 -0.934979 0.000263705 1.56541 -0.00171074
22.775 -0.939167 -0.935199 -0.0039676 12.598 -0.000142297 0.00176422 0.00018813 -0.935199 0.000263333 1.56542 -0.00171029
22.776 -0.939384 -0.93542 -0.00396395 12.6016 -0.000142221 0.00176291 0.000188025 -0.93542 0.000262962 1.56542 -0.00170983
22.777 -0.9396 -0.93564 -0.0039603 12.6052 -0.000142145 0.0017616 0.000187921 -0.93564 0.00026259 1.56542 -0.00170938
22.778 -0.939816 -0.935859 -0.00395665 12.6088 -0.000142069 0.00176029 0.000187815 -0.935859 0.000262219 1.56542 -0.00170892
22.779 -0.940032 -0.936079 -0.003953 12.6124 -0.000141993 0.00175897 0.00018771 -0.936079 0.000261847 1.56542 -0.00170847
22.78 -0.940248 -0.936299 -0.00394934 12.616 -0.000141917 0.00175766 0.000187605 -0.936299 0.000261476 1.56543 -0.00170801
22.781 -0.940464 -0.936518 -0.00394568 12.6196 -0.00014184 0.00175634 0.000187499 -0.936518 0.000261105 1.56543 -0.00170756
22.782 -0.940679 -0.936737 -0.00394201 12.6232 -0.000141764 0.00175502 0.000187393 -0.936737 0.000260734 1.56543 -0.0017071
22.783 -0.940895 -0.936956 -0.00393834 12.6267 -0.000141687 0.0017537 0.000187287 -0.936956 0.000260363 1.56543 -0.00170664
22.784 -0.94111 -0.937175 -0.00393466 12.6303 -0.00014161 0.00175238 0.000187181 -0.937175 0.000259992 1.56544 -0.00170619
22.785 -0.941325 -0.937394 -0.00393099 12.6339 -0.000141533 0.00175105 0.000187075 -0.937394 0.000259621 1.56544 -0.00170573
22.786 -0.94154 -0.937613 -0.0039273 12.6375 -0.000141456 0.00174973 0.000186968 -0.937613 0.00025925 1.56544 -0.00170528
22.787 -0.941755 -0.937832 -0.00392362 12.6411 -0.000141379 0.0017484 0.000186862 -0.937832 0.000258879 1.56544 -0.00170482
22.788 -0.94197 -0.93805 -0.00391993 12.6446 -0.000141302 0.00174707 0.000186755 -0.93805 0.000258508 1.56545 -0.00170437
22.789 -0.942184 -0.938268 -0.00391623 12.6482 -0.000141225 0.00174574 0.000186648 -0.938268 0.000258138 1.56545 -0.00170391
22.79 -0.942399 -0.938486 -0.00391254 12.6518 -0.000141147 0.00174441 0.00018654 -0.938486 0.000257767 1.56545 -0.00170345
22.791 -0.942613 -0.938704 -0.00390883 12.6553 -0.000141069 0.00174308 0.000186433 -0.938704 0.000257397 1.56545 -0.001703
22.792 -0.942827 -0.938922 -0.00390513 12.6589 -0.000140991 0.00174174 0.000186325 -0.938922 0.000257026 1.56545 -0.00170254
22.793 -0.943041 -0.93914 -0.00390142 12.6625 -0.000140914 0.00174041 0.000186217 -0.93914 0.000256656 1.56546 -0.00170208
22.794 -0.943255 -0.939357 -0.00389771 12.666 -0.000140836 0.00173907 0.00018611 -0.939357 0.000256286 1.56546 -0.00170163
22.795 -0.943469 -0.939575 -0.00389399 12.6696 -0.000140757 0.00173773 0.000186001 -0.939575 0.000255916 1.56546 -0.00170117
22.796 -0.943682 -0.939792 -0.00389027 12.6731 -0.000140679 0.00173639 0.000185893 -0.939792 0.000255546 1.56546 -0.00170071
22.797 -0.943896 -0.940009 -0.00388655 12.6767 -0.000140601 0.00173504 0.000185785 -0.940009 0.000255176 1.56547 -0.00170026
22.798 -0.944109 -0.940226 -0.00388282 12.6802 -0.000140522 0.0017337 0.000185676 -0.940226 0.000254806 1.56547 -0.0016998
22.799 -0.944322 -0.940443 -0.00387908 12.6838 -0.000140443 0.00173235 0.000185567 -0.940443 0.000254436 1.56547 -0.00169934
22.8 -0.944535 -0.940659 -0.00387535 12.6873 -0.000140365 0.00173101 0.000185458 -0.940659 0.000254067 1.56547 -0.00169889
22.801 -0.944748 -0.940876 -0.00387161 12.6909 -0.000140286 0.00172966 0.000185349 -0.940876 0.000253697 1.56548 -0.00169843
22.802 -0.94496 -0.941092 -0.00386787 12.6944 -0.000140207 0.0017283 0.000185239 -0.941092 0.000253328 1.56548 -0.00169797
22.803 -0.945173 -0.941309 -0.00386412 12.6979 -0.000140128 0.00172695 0.00018513 -0.941309 0.000252959 1.56548 -0.00169752
22.804 -0.945385 -0.941525 -0.00386037 12.7015 -0.000140048 0.0017256 0.00018502 -0.941525 0.000252589 1.56548 -0.00169706
22.805 -0.945597 -0.941741 -0.00385661 12.705 -0.000139969 0.00172424 0.00018491 -0.941741 0.00025222 1.56549 -0.0016966
22.806 -0.945809 -0.941956 -0.00385285 12.7085 -0.000139889 0.00172289 0.0001848 -0.941956 0.000251851 1.56549 -0.00169614
22.807 -0.946021 -0.942172 -0.00384909 12.712 -0.00013981 0.00172153 0.00018469 -0.942172 0.000251482 1.56549 -0.00169569
22.808 -0.946233 -0.942387 -0.00384532 12.7156 -0.00013973 0.00172017 0.000184579 -0.942387 0.000251114 1.56549 -0.00169523
22.809 -0.946444 -0.942603 -0.00384155 12.7191 -0.00013965 0.0017188 0.000184469 -0.942603 0.000250745 1.5655 -0.00169477
22.81 -0.946656 -0.942818 -0.00383778 12.7226 -0.00013957 0.00171744 0.000184358 -0.942818 0.000250376 1.5655 -0.00169431
22.811 -0.946867 -0.943033 -0.003834 12.7261 -0.00013949 0.00171608 0.000184247 -0.943033 0.000250008 1.5655 -0.00169386
22.812 -0.947078 -0.943248 -0.00383022 12.7296 -0.000139409 0.00171471 0.000184136 -0.943248 0.00024964 1.5655 -0.0016934
22.813 -0.947289 -0.943463 -0.00382644 12.7331 -0.000139329 0.00171334 0.000184024 -0.943463 0.000249271 1.56551 -0.00169294
22.814 -0.9475 -0.943677 -0.00382265 12.7366 -0.000139248 0.00171197 0.000183913 -0.943677 0.000248903 1.56551 -0.00169248
22.815 -0.947711 -0.943892 -0.00381885 12.7401 -0.000139168 0.0017106 0.000183801 -0.943892 0.000248535 1.56551 -0.00169203
22.816 -0.947921 -0.944106 -0.00381506 12.7436 -0.000139087 0.00170923 0.000183689 -0.944106 0.000248167 1.56551 -0.00169157
22.817 -0.948131 -0.94432 -0.00381126 12.7471 -0.000139006 0.00170785 0.000183577 -0.94432 0.0002478 1.56552 -0.00169111
22.818 -0.948341 -0.944534 -0.00380745 12.7506 -0.000138925 0.00170648 0.000183465 -0.944534 0.000247432 1.56552 -0.00169065
22.819 -0.948552 -0.944748 -0.00380364 12.7541 -0.000138844 0.0017051 0.000183352 -0.944748 0.000247064 1.56552 -0.00169019
22.82 -0.948761 -0.944962 -0.00379983 12.7576 -0.000138763 0.00170372 0.00018324 -0.944962 0.000246697 1.56552 -0.00168974
22.821 -0.948971 -0.945175 -0.00379602 12.7611 -0.000138681 0.00170234 0.000183127 -0.945175 0.00024633 1.56553 -0.00168928
22.822 -0.949181 -0.945388 -0.0037922 12.7646 -0.0001386 0.00170096 0.000183014 -0.945388 0.000245962 1.56553 -0.00168882
22.823 -0.94939 -0.945602 -0.00378838 12.7681 -0.000138518 0.00169957 0.000182901 -0.945602 0.000245595 1.56553 -0.00168836
22.824 -0.949599 -0.945815 -0.00378455 12.7716 -0.000138436 0.00169819 0.000182788 -0.945815 0.000245228 1.56553 -0.0016879
22.825 -0.949808 -0.946028 -0.00378072 12.775 -0.000138355 0.0016968 0.000182674 -0.946028 0.000244862 1.56554 -0.00168745
22.826 -0.950017 -0.94624 -0.00377688 12.7785 -0.000138273 0.00169541 0.00018256 -0.94624 0.000244495 1.56554 -0.00168699
22.827 -0.950226 -0.946453 -0.00377305 12.782 -0.00013819 0.00169402 0.000182447 -0.946453 0.000244128 1.56554 -0.00168653
22.828 -0.950435 -0.946666 -0.00376921 12.7855 -0.000138108 0.00169263 0.000182333 -0.946666 0.000243762 1.56554 -0.00168607
22.829 -0.950643 -0.946878 -0.00376536 12.7889 -0.000138026 0.00169124 0.000182218 -0.946878 0.000243396 1.56555 -0.00168561
22.83 -0.950851 -0.94709 -0.00376151 12.7924 -0.000137943 0.00168984 0.000182104 -0.94709 0.000243029 1.56555 -0.00168515
22.831 -0.95106 -0.947302 -0.00375766 12.7959 -0.000137861 0.00168844 0.00018199 -0.947302 0.000242663 1.56555 -0.0016847
22.832 -0.951268 -0.947514 -0.0037538 12.7993 -0.000137778 0.00168705 0.000181875 -0.947514 0.000242297 1.56555 -0.00168424
22.833 -0.951475 -0.947725 -0.00374994 12.8028 -0.000137695 0.00168565 0.00018176 -0.947725 0.000241932 1.56556 -0.00168378
22.834 -0.951683 -0.947937 -0.00374608 12.8062 -0.000137612 0.00168425 0.000181645 -0.947937 0.000241566 1.56556 -0.00168332
22.835 -0.951891 -0.948148 -0.00374221 12.8097 -0.000137529 0.00168284 0.00018153 -0.948148 0.000241201 1.56556 -0.00168286
22.836 -0.952098 -0.94836 -0.00373834 12.8131 -0.000137446 0.00168144 0.000181414 -0.94836 0.000240835 1.56556 -0.0016824
22.837 -0.952305 -0.948571 -0.00373446 12.8166 -0.000137363 0.00168003 0.000181299 -0.948571 0.00024047 1.56557 -0.00168194
22.838 -0.952512 -0.948782 -0.00373059 12.82 -0.000137279 0.00167863 0.000181183 -0.948782 0.000240105 1.56557 -0.00168148
22.839 -0.952719 -0.948992 -0.0037267 12.8235 -0.000137196 0.00167722 0.000181067 -0.948992 0.00023974 1.56557 -0.00168103
22.84 -0.952926 -0.949203 -0.00372282 12.8269 -0.000137112 0.00167581 0.000180951 -0.949203 0.000239375 1.56558 -0.00168057
22.841 -0.953132 -0.949413 -0.00371893 12.8303 -0.000137028 0.0016744 0.000180835 -0.949413 0.00023901 1.56558 -0.00168011
22.842 -0.953339 -0.949624 -0.00371503 12.8338 -0.000136944 0.00167298 0.000180718 -0.949624 0.000238646 1.56558 -0.00167965
22.843 -0.953545 -0.949834 -0.00371114 12.8372 -0.00013686 0.00167157 0.000180601 -0.949834 0.000238282 1.56558 -0.00167919
22.844 -0.953751 -0.950044 -0.00370723 12.8406 -0.000136776 0.00167015 0.000180485 -0.950044 0.000237917 1.56559 -0.00167873
22.845 -0.953957 -0.950254 -0.00370333 12.8441 -0.000136692 0.00166873 0.000180368 -0.950254 0.000237553 1.56559 -0.00167827
22.846 -0.954163 -0.950463 -0.00369942 12.8475 -0.000136607 0.00166731 0.00018025 -0.950463 0.000237189 1.56559 -0.00167781
22.847 -0.954368 -0.950673 -0.00369551 12.8509 -0.000136523 0.00166589 0.000180133 -0.950673 0.000236826 1.56559 -0.00167735
22.848 -0.954574 -0.950882 -0.00369159 12.8543 -0.000136438 0.00166447 0.000180016 -0.950882 0.000236462 1.5656 -0.0016769
22.849 -0.954779 -0.951091 -0.00368767 12.8577 -0.000136353 0.00166305 0.000179898 -0.951091 0.000236098 1.5656 -0.00167644
22.85 -0.954984 -0.9513 -0.00368375 12.8612 -0.000136268 0.00166162 0.00017978 -0.9513 0.000235735 1.5656 -0.00167598
22.851 -0.955189 -0.951509 -0.00367983 12.8646 -0.000136183 0.0016602 0.000179662 -0.951509 0.000235372 1.56561 -0.00167552
22.852 -0.955394 -0.951718 -0.00367589 12.868 -0.000136098 0.00165877 0.000179544 -0.951718 0.000235009 1.56561 -0.00167506
22.853 -0.955598 -0.951926 -0.00367196 12.8714 -0.000136013 0.00165734 0.000179425 -0.951926 0.000234646 1.56561 -0.0016746
22.854 -0.955803 -0.952135 -0.00366802 12.8748 -0.000135928 0.00165591 0.000179307 -0.952135 0.000234283 1.56561 -0.00167414
22.855 -0.956007 -0.952343 -0.00366408 12.8782 -0.000135842 0.00165447 0.000179188 -0.952343 0.000233921 1.56562 -0.00167368
22.856 -0.956211 -0.952551 -0.00366014 12.8816 -0.000135756 0.00165304 0.000179069 -0.952551 0.000233558 1.56562 -0.00167322
22.857 -0.956415 -0.952759 -0.00365619 12.885 -0.000135671 0.0016516 0.00017895 -0.952759 0.000233196 1.56562 -0.00167276
22.858 -0.956619 -0.952967 -0.00365224 12.8884 -0.000135585 0.00165016 0.000178831 -0.952967 0.000232834 1.56562 -0.0016723
22.859 -0.956823 -0.953174 -0.00364828 12.8917 -0.000135499 0.00164873 0.000178711 -0.953174 0.000232472 1.56563 -0.00167185
22.86 -0.957026 -0.953382 -0.00364432 12.8951 -0.000135413 0.00164728 0.000178592 -0.953382 0.00023211 1.56563 -0.00167139
22.861 -0.957229 -0.953589 -0.00364036 12.8985 -0.000135327 0.00164584 0.000178472 -0.953589 0.000231749 1.56563 -0.00167093
22.862 -0.957433 -0.953796 -0.00363639 12.9019 -0.00013524 0.0016444 0.000178352 -0.953796 0.000231387 1.56564 -0.00167047
22.863 -0.957636 -0.954003 -0.00363242 12.9053 -0.000135154 0.00164295 0.000178232 -0.954003 0.000231026 1.56564 -0.00167001
22.864 -0.957838 -0.95421 -0.00362845 12.9086 -0.000135067 0.00164151 0.000178112 -0.95421 0.000230665 1.56564 -0.00166955
22.865 -0.958041 -0.954417 -0.00362447 12.912 -0.000134981 0.00164006 0.000177991 -0.954417 0.000230304 1.56564 -0.00166909
22.866 -0.958244 -0.954623 -0.00362049 12.9154 -0.000134894 0.00163861 0.000177871 -0.954623 0.000229943 1.56565 -0.00166863
22.867 -0.958446 -0.954829 -0.0036165 12.9188 -0.000134807 0.00163716 0.00017775 -0.954829 0.000229582 1.56565 -0.00166817
22.868 -0.958648 -0.955035 -0.00361251 12.9221 -0.00013472 0.00163571 0.000177629 -0.955035 0.000229222 1.56565 -0.00166771
22.869 -0.95885 -0.955241 -0.00360852 12.9255 -0.000134633 0.00163425 0.000177508 -0.955241 0.000228862 1.56566 -0.00166725
22.87 -0.959052 -0.955447 -0.00360452 12.9288 -0.000134545 0.0016328 0.000177386 -0.955447 0.000228502 1.56566 -0.00166679
22.871 -0.959253 -0.955653 -0.00360053 12.9322 -0.000134458 0.00163134 0.000177265 -0.955653 0.000228142 1.56566 -0.00166633
22.872 -0.959455 -0.955858 -0.00359652 12.9355 -0.000134371 0.00162988 0.000177143 -0.955858 0.000227782 1.56566 -0.00166588
22.873 -0.959656 -0.956064 -0.00359252 12.9389 -0.000134283 0.00162842 0.000177021 -0.956064 0.000227422 1.56567 -0.00166542
22.874 -0.959857 -0.956269 -0.00358851 12.9422 -0.000134195 0.00162696 0.000176899 -0.956269 0.000227063 1.56567 -0.00166496
22.875 -0.960058 -0.956474 -0.00358449 12.9456 -0.000134107 0.0016255 0.000176777 -0.956474 0.000226704 1.56567 -0.0016645
22.876 -0.960259 -0.956679 -0.00358047 12.9489 -0.000134019 0.00162403 0.000176655 -0.956679 0.000226345 1.56568 -0.00166404
22.877 -0.96046 -0.956883 -0.00357645 12.9523 -0.000133931 0.00162257 0.000176532 -0.956883 0.000225986 1.56568 -0.00166358
22.878 -0.96066 -0.957088 -0.00357243 12.9556 -0.000133843 0.0016211 0.000176409 -0.957088 0.000225627 1.56568 -0.00166312
22.879 -0.960861 -0.957292 -0.0035684 12.9589 -0.000133755 0.00161963 0.000176286 -0.957292 0.000225269 1.56568 -0.00166266
22.88 -0.961061 -0.957496 -0.00356437 12.9623 -0.000133666 0.00161816 0.000176163 -0.957496 0.000224911 1.56569 -0.0016622
22.881 -0.961261 -0.9577 -0.00356033 12.9656 -0.000133578 0.00161669 0.00017604 -0.9577 0.000224552 1.56569 -0.00166174
22.882 -0.96146 -0.957904 -0.00355629 12.9689 -0.000133489 0.00161521 0.000175917 -0.957904 0.000224194 1.56569 -0.00166128
22.883 -0.96166 -0.958108 -0.00355225 12.9723 -0.0001334 0.00161374 0.000175793 -0.958108 0.000223837 1.5657 -0.00166082
22.884 -0.961859 -0.958311 -0.0035482 12.9756 -0.000133311 0.00161226 0.000175669 -0.958311 0.000223479 1.5657 -0.00166036
22.885 -0.962059 -0.958515 -0.00354415 12.9789 -0.000133222 0.00161078 0.000175546 -0.958515 0.000223122 1.5657 -0.00165991
22.886 -0.962258 -0.958718 -0.0035401 12.9822 -0.000133133 0.0016093 0.000175421 -0.958718 0.000222765 1.5657 -0.00165945
22.887 -0.962457 -0.958921 -0.00353604 12.9855 -0.000133044 0.00160782 0.000175297 -0.958921 0.000222408 1.56571 -0.00165899
22.888 -0.962656 -0.959124 -0.00353198 12.9888 -0.000132955 0.00160634 0.000175173 -0.959124 0.000222051 1.56571 -0.00165853
22.889 -0.962854 -0.959326 -0.00352792 12.9921 -0.000132865 0.00160486 0.000175048 -0.959326 0.000221694 1.56571 -0.00165807
22.89 -0.963053 -0.959529 -0.00352385 12.9954 -0.000132776 0.00160337 0.000174923 -0.959529 0.000221338 1.56572 -0.00165761
22.891 -0.963251 -0.959731 -0.00351978 12.9987 -0.000132686 0.00160189 0.000174799 -0.959731 0.000220981 1.56572 -0.00165715
22.892 -0.963449 -0.959933 -0.00351571 13.002 -0.000132596 0.0016004 0.000174673 -0.959933 0.000220625 1.56572 -0.00165669
22.893 -0.963647 -0.960135 -0.00351163 13.0053 -0.000132506 0.00159891 0.000174548 -0.960135 0.00022027 1.56573 -0.00165623
22.894 -0.963845 -0.960337 -0.00350755 13.0086 -0.000132416 0.00159742 0.000174423 -0.960337 0.000219914 1.56573 -0.00165577
22.895 -0.964042 -0.960539 -0.00350346 13.0119 -0.000132326 0.00159592 0.000174297 -0.960539 0.000219558 1.56573 -0.00165531
22.896 -0.96424 -0.96074 -0.00349937 13.0152 -0.000132236 0.00159443 0.000174171 -0.96074 0.000219203 1.56573 -0.00165486
22.897 -0.964437 -0.960942 -0.00349528 13.0185 -0.000132145 0.00159293 0.000174045 -0.960942 0.000218848 1.56574 -0.0016544
22.898 -0.964634 -0.961143 -0.00349118 13.0218 -0.000132055 0.00159144 0.000173919 -0.961143 0.000218493 1.56574 -0.00165394
22.899 -0.964831 -0.961344 -0.00348708 13.0251 -0.000131964 0.00158994 0.000173793 -0.961344 0.000218139 1.56574 -0.00165348
22.9 -0.965027 -0.961544 -0.00348298 13.0283 -0.000131873 0.00158844 0.000173666 -0.961544 0.000217784 1.56575 -0.00165302
22.901 -0.965224 -0.961745 -0.00347887 13.0316 -0.000131782 0.00158694 0.00017354 -0.961745 0.00021743 1.56575 -0.00165256
22.902 -0.96542 -0.961946 -0.00347476 13.0349 -0.000131691 0.00158543 0.000173413 -0.961946 0.000217076 1.56575 -0.0016521
22.903 -0.965616 -0.962146 -0.00347065 13.0381 -0.0001316 0.00158393 0.000173286 -0.962146 0.000216722 1.56576 -0.00165164
22.904 -0.965812 -0.962346 -0.00346653 13.0414 -0.000131509 0.00158242 0.000173159 -0.962346 0.000216368 1.56576 -0.00165119
22.905 -0.966008 -0.962546 -0.00346241 13.0447 -0.000131418 0.00158092 0.000173032 -0.962546 0.000216015 1.56576 -0.00165073
22.906 -0.966204 -0.962746 -0.00345829 13.0479 -0.000131326 0.00157941 0.000172904 -0.962746 0.000215662 1.56576 -0.00165027
22.907 -0.966399 -0.962945 -0.00345416 13.0512 -0.000131235 0.0015779 0.000172776 -0.962945 0.000215309 1.56577 -0.00164981
22.908 -0.966595 -0.963145 -0.00345003 13.0544 -0.000131143 0.00157639 0.000172649 -0.963145 0.000214956 1.56577 -0.00164935
22.909 -0.96679 -0.963344 -0.00344589 13.0577 -0.000131051 0.00157487 0.000172521 -0.963344 0.000214603 1.56577 -0.00164889
22.91 -0.966985 -0.963543 -0.00344176 13.0609 -0.00013096 0.00157336 0.000172392 -0.963543 0.000214251 1.56578 -0.00164843
22.911 -0.96718 -0.963742 -0.00343761 13.0642 -0.000130868 0.00157184 0.000172264 -0.963742 0.000213899 1.56578 -0.00164798
22.912 -0.967374 -0.963941 -0.00343347 13.0674 -0.000130775 0.00157033 0.000172136 -0.963941 0.000213547 1.56578 -0.00164752
22.913 -0.967569 -0.964139 -0.00342932 13.0707 -0.000130683 0.00156881 0.000172007 -0.964139 0.000213195 1.56579 -0.00164706
22.914 -0.967763 -0.964338 -0.00342517 13.0739 -0.000130591 0.00156729 0.000171878 -0.964338 0.000212844 1.56579 -0.0016466
22.915 -0.967957 -0.964536 -0.00342101 13.0771 -0.000130498 0.00156577 0.000171749 -0.964536 0.000212492 1.56579 -0.00164614
22.916 -0.968151 -0.964734 -0.00341685 13.0804 -0.000130406 0.00156424 0.00017162 -0.964734 0.000212141 1.5658 -0.00164568
22.917 -0.968345 -0.964932 -0.00341269 13.0836 -0.000130313 0.00156272 0.00017149 -0.964932 0.00021179 1.5658 -0.00164522
22.918 -0.968538 -0.96513 -0.00340852 13.0868 -0.00013022 0.00156119 0.000171361 -0.96513 0.00021144 1.5658 -0.00164477
22.919 -0.968731 -0.965327 -0.00340435 13.0901 -0.000130127 0.00155967 0.000171231 -0.965327 0.000211089 1.56581 -0.00164431
22.92 -0.968925 -0.965524 -0.00340018 13.0933 -0.000130034 0.00155814 0.000171101 -0.965524 0.000210739 1.56581 -0.00164385
22.921 -0.969118 -0.965722 -0.003396 13.0965 -0.000129941 0.00155661 0.000170971 -0.965722 0.000210389 1.56581 -0.00164339
22.922 -0.96931 -0.965919 -0.00339182 13.0997 -0.000129848 0.00155507 0.000170841 -0.965919 0.000210039 1.56581 -0.00164293
22.923 -0.969503 -0.966115 -0.00338764 13.1029 -0.000129755 0.00155354 0.000170711 -0.966115 0.00020969 1.56582 -0.00164248
22.924 -0.969696 -0.966312 -0.00338345 13.1061 -0.000129661 0.00155201 0.00017058 -0.966312 0.00020934 1.56582 -0.00164202
22.925 -0.969888 -0.966509 -0.00337926 13.1093 -0.000129568 0.00155047 0.00017045 -0.966509 0.000208991 1.56582 -0.00164156
22.926 -0.97008 -0.966705 -0.00337507 13.1125 -0.000129474 0.00154893 0.000170319 -0.966705 0.000208642 1.56583 -0.0016411
22.927 -0.970272 -0.966901 -0.00337087 13.1157 -0.00012938 0.00154739 0.000170188 -0.966901 0.000208294 1.56583 -0.00164065
22.928 -0.970464 -0.967097 -0.00336667 13.1189 -0.000129286 0.00154585 0.000170057 -0.967097 0.000207945 1.56583 -0.00164019
22.929 -0.970655 -0.967293 -0.00336246 13.1221 -0.000129192 0.00154431 0.000169925 -0.967293 0.000207597 1.56584 -0.00163973
22.93 -0.970846 -0.967488 -0.00335825 13.1253 -0.000129098 0.00154277 0.000169794 -0.967488 0.000207249 1.56584 -0.00163927
22.931 -0.971038 -0.967684 -0.00335404 13.1285 -0.000129004 0.00154123 0.000169662 -0.967684 0.000206902 1.56584 -0.00163881
22.932 -0.971229 -0.967879 -0.00334983 13.1317 -0.000128909 0.00153968 0.00016953 -0.967879 0.000206554 1.56585 -0.00163836
22.933 -0.97142 -0.968074 -0.00334561 13.1349 -0.000128815 0.00153813 0.000169398 -0.968074 0.000206207 1.56585 -0.0016379
22.934 -0.97161 -0.968269 -0.00334139 13.1381 -0.00012872 0.00153658 0.000169266 -0.968269 0.00020586 1.56585 -0.00163744
22.935 -0.971801 -0.968464 -0.00333716 13.1412 -0.000128626 0.00153503 0.000169134 -0.968464 0.000205513 1.56586 -0.00163699
22.936 -0.971991 -0.968658 -0.00333293 13.1444 -0.000128531 0.00153348 0.000169001 -0.968658 0.000205167 1.56586 -0.00163653
22.937 -0.972181 -0.968852 -0.0033287 13.1476 -0.000128436 0.00153193 0.000168868 -0.968852 0.00020482 1.56586 -0.00163607
22.938 -0.972371 -0.969047 -0.00332447 13.1508 -0.000128341 0.00153037 0.000168735 -0.969047 0.000204474 1.56587 -0.00163561
22.939 -0.972561 -0.969241 -0.00332023 13.1539 -0.000128246 0.00152882 0.000168602 -0.969241 0.000204128 1.56587 -0.00163516
22.94 -0.97275 -0.969434 -0.00331599 13.1571 -0.000128151 0.00152726 0.000168469 -0.969434 0.000203783 1.56587 -0.0016347
22.941 -0.97294 -0.969628 -0.00331174 13.1603 -0.000128055 0.0015257 0.000168336 -0.969628 0.000203437 1.56588 -0.00163424
22.942 -0.973129 -0.969821 -0.00330749 13.1634 -0.00012796 0.00152414 0.000168202 -0.969821 0.000203092 1.56588 -0.00163379
22.943 -0.973318 -0.970015 -0.00330324 13.1666 -0.000127864 0.00152258 0.000168069 -0.970015 0.000202747 1.56588 -0.00163333
22.944 -0.973507 -0.970208 -0.00329898 13.1697 -0.000127768 0.00152102 0.000167935 -0.970208 0.000202403 1.56589 -0.00163287
22.945 -0.973695 -0.970401 -0.00329472 13.1729 -0.000127673 0.00151945 0.000167801 -0.970401 0.000202058 1.56589 -0.00163242
22.946 -0.973884 -0.970593 -0.00329046 13.176 -0.000127577 0.00151789 0.000167667 -0.970593 0.000201714 1.56589 -0.00163196
22.947 -0.974072 -0.970786 -0.00328619 13.1792 -0.000127481 0.00151632 0.000167532 -0.970786 0.00020137 1.5659 -0.0016315
22.948 -0.97426 -0.970978 -0.00328192 13.1823 -0.000127385 0.00151475 0.000167398 -0.970978 0.000201027 1.5659 -0.00163105
22.949 -0.974448 -0.97117 -0.00327765 13.1854 -0.000127288 0.00151318 0.000167263 -0.97117 0.000200683 1.5659 -0.00163059
22.95 -0.974636 -0.971362 -0.00327337 13.1886 -0.000127192 0.00151161 0.000167128 -0.971362 0.00020034 1.56591 -0.00163013
22.951 -0.974823 -0.971554 -0.00326909 13.1917 -0.000127096 0.00151004 0.000166993 -0.971554 0.000199997 1.56591 -0.00162968
22.952 -0.975011 -0.971746 -0.00326481 13.1948 -0.000126999 0.00150846 0.000166858 -0.971746 0.000199655 1.56591 -0.00162922
22.953 -0.975198 -0.971937 -0.00326052 13.198 -0.000126902 0.00150689 0.000166723 -0.971937 0.000199312 1.56592 -0.00162877
22.954 -0.975385 -0.972129 -0.00325623 13.2011 -0.000126805 0.00150531 0.000166587 -0.972129 0.00019897 1.56592 -0.00162831
22.955 -0.975572 -0.97232 -0.00325194 13.2042 -0.000126709 0.00150373 0.000166451 -0.97232 0.000198628 1.56592 -0.00162785
22.956 -0.975758 -0.972511 -0.00324764 13.2073 -0.000126612 0.00150215 0.000166316 -0.972511 0.000198286 1.56593 -0.0016274
22.957 -0.975945 -0.972701 -0.00324334 13.2104 -0.000126514 0.00150057 0.00016618 -0.972701 0.000197945 1.56593 -0.00162694
22.958 -0.976131 -0.972892 -0.00323904 13.2135 -0.000126417 0.00149899 0.000166043 -0.972892 0.000197604 1.56593 -0.00162649
22.959 -0.976317 -0.973082 -0.00323473 13.2167 -0.00012632 0.00149741 0.000165907 -0.973082 0.000197263 1.56594 -0.00162603
22.96 -0.976503 -0.973272 -0.00323042 13.2198 -0.000126222 0.00149582 0.000165771 -0.973272 0.000196922 1.56594 -0.00162558
22.961 -0.976688 -0.973462 -0.0032261 13.2229 -0.000126125 0.00149423 0.000165634 -0.973462 0.000196582 1.56594 -0.00162512
22.962 -0.976874 -0.973652 -0.00322179 13.226 -0.000126027 0.00149265 0.000165497 -0.973652 0.000196242 1.56595 -0.00162467
22.963 -0.977059 -0.973842 -0.00321747 13.2291 -0.000125929 0.00149106 0.00016536 -0.973842 0.000195902 1.56595 -0.00162421
22.964 -0.977244 -0.974031 -0.00321314 13.2322 -0.000125832 0.00148947 0.000165223 -0.974031 0.000195562 1.56595 -0.00162376
22.965 -0.977429 -0.97422 -0.00320881 13.2352 -0.000125734 0.00148787 0.000165086 -0.97422 0.000195223 1.56596 -0.0016233
22.966 -0.977614 -0.974409 -0.00320448 13.2383 -0.000125635 0.00148628 0.000164948 -0.974409 0.000194884 1.56596 -0.00162285
22.967 -0.977798 -0.974598 -0.00320015 13.2414 -0.000125537 0.00148468 0.00016481 -0.974598 0.000194545 1.56596 -0.00162239
22.968 -0.977983 -0.974787 -0.00319581 13.2445 -0.000125439 0.00148309 0.000164673 -0.974787 0.000194207 1.56597 -0.00162194
22.969 -0.978167 -0.974975 -0.00319147 13.2476 -0.000125341 0.00148149 0.000164535 -0.974975 0.000193868 1.56597 -0.00162148
22.97 -0.978351 -0.975164 -0.00318713 13.2507 -0.000125242 0.00147989 0.000164397 -0.975164 0.00019353 1.56597 -0.00162103
22.971 -0.978535 -0.975352 -0.00318278 13.2537 -0.000125143 0.00147829 0.000164258 -0.975352 0.000193193 1.56598 -0.00162057
22.972 -0.978718 -0.97554 -0.00317843 13.2568 -0.000125045 0.00147669 0.00016412 -0.97554 0.000192855 1.56598 -0.00162012
22.973 -0.978902 -0.975727 -0.00317407 13.2599 -0.000124946 0.00147509 0.000163981 -0.975727 0.000192518 1.56598 -0.00161966
22.974 -0.979085 -0.975915 -0.00316972 13.2629 -0.000124847 0.00147348 0.000163842 -0.975915 0.000192181 1.56599 -0.00161921
22.975 -0.979268 -0.976102 -0.00316535 13.266 -0.000124748 0.00147188 0.000163703 -0.976102 0.000191844 1.56599 -0.00161876
22.976 -0.979451 -0.97629 -0.00316099 13.2691 -0.000124649 0.00147027 0.000163564 -0.97629 0.000191508 1.56599 -0.0016183
22.977 -0.979633 -0.976477 -0.00315662 13.2721 -0.000124549 0.00146866 0.000163425 -0.976477 0.000191172 1.566 -0.00161785
22.978 -0.979816 -0.976663 -0.00315225 13.2752 -0.00012445 0.00146705 0.000163286 -0.976663 0.000190836 1.566 -0.0016174
22.979 -0.979998 -0.97685 -0.00314788 13.2782 -0.00012435 0.00146544 0.000163146 -0.97685 0.0001905 1.566 -0.00161694
22.98 -0.98018 -0.977036 -0.0031435 13.2813 -0.000124251 0.00146382 0.000163006 -0.977036 0.000190165 1.56601 -0.00161649
22.981 -0.980362 -0.977223 -0.00313912 13.2843 -0.000124151 0.00146221 0.000162866 -0.977223 0.00018983 1.56601 -0.00161604
22.982 -0.980543 -0.977409 -0.00313473 13.2874 -0.000124051 0.0014606 0.000162726 -0.977409 0.000189495 1.56602 -0.00161558
22.983 -0.980725 -0.977595 -0.00313034 13.2904 -0.000123951 0.00145898 0.000162586 -0.977595 0.000189161 1.56602 -0.00161513
22.984 -0.980906 -0.97778 -0.00312595 13.2934 -0.000123851 0.00145736 0.000162445 -0.97778 0.000188827 1.56602 -0.00161468
22.985 -0.981087 -0.977966 -0.00312156 13.2965 -0.000123751 0.00145574 0.000162305 -0.977966 0.000188493 1.56603 -0.00161422
22.986 -0.981268 -0.978151 -0.00311716 13.2995 -0.000123651 0.00145412 0.000162164 -0.978151 0.000188159 1.56603 -0.00161377
22.987 -0.981449 -0.978336 -0.00311276 13.3025 -0.000123551 0.0014525 0.000162023 -0.978336 0.000187826 1.56603 -0.00161332
22.988 -0.981629 -0.978521 -0.00310836 13.3055 -0.00012345 0.00145087 0.000161882 -0.978521 0.000187492 1.56604 -0.00161286
22.989 -0.98181 -0.978706 -0.00310395 13.3086 -0.00012335 0.00144925 0.000161741 -0.978706 0.00018716 1.56604 -0.00161241
22.99 -0.98199 -0.97889 -0.00309954 13.3116 -0.000123249 0.00144762 0.000161599 -0.97889 0.000186827 1.56604 -0.00161196
22.991 -0.98217 -0.979075 -0.00309512 13.3146 -0.000123148 0.00144599 0.000161458 -0.979075 0.000186495 1.56605 -0.00161151
22.992 -0.982349 -0.979259 -0.0030907 13.3176 -0.000123047 0.00144436 0.000161316 -0.979259 0.000186163 1.56605 -0.00161106
22.993 -0.982529 -0.979443 -0.00308628 13.3206 -0.000122946 0.00144273 0.000161174 -0.979443 0.000185831 1.56605 -0.0016106
22.994 -0.982708 -0.979626 -0.00308186 13.3236 -0.000122845 0.0014411 0.000161032 -0.979626 0.0001855 1.56606 -0.00161015
22.995 -0.982887 -0.97981 -0.00307743 13.3266 -0.000122744 0.00143947 0.00016089 -0.97981 0.000185169 1.56606 -0.0016097
22.996 -0.983066 -0.979993 -0.003073 13.3296 -0.000122643 0.00143783 0.000160748 -0.979993 0.000184838 1.56606 -0.00160925
22.997 -0.983245 -0.980176 -0.00306857 13.3326 -0.000122541 0.0014362 0.000160605 -0.980176 0.000184507 1.56607 -0.0016088
22.998 -0.983424 -0.980359 -0.00306413 13.3356 -0.00012244 0.00143456 0.000160462 -0.980359 0.000184177 1.56607 -0.00160835
22.999 -0.983602 -0.980542 -0.00305969 13.3386 -0.000122338 0.00143292 0.00016032 -0.980542 0.000183847 1.56608 -0.00160789
23 -0.98378 -0.980725 -0.00305524 13.3416 -0.000122237 0.00143128 0.000160177 -0.980725 0.000183517 1.56608 -0.00160744
23.001 -0.983958 -0.980907 -0.0030508 13.3446 -0.000122135 0.00142964 0.000160033 -0.980907 0.000183188 1.56608 -0.00160699
23.002 -0.984136 -0.981089 -0.00304635 13.3476 -0.000122033 0.001428 0.00015989 -0.981089 0.000182859 1.56609 -0.00160654
23.003 -0.984313 -0.981271 -0.00304189 13.3506 -0.000121931 0.00142635 0.000159747 -0.981271 0.00018253 1.56609 -0.00160609
23.004 -0.984491 -0.981453 -0.00303743 13.3535 -0.000121829 0.00142471 0.000159603 -0.981453 0.000182201 1.56609 -0.00160564
23.005 -0.984668 -0.981635 -0.00303297 13.3565 -0.000121726 0.00142306 0.000159459 -0.981635 0.000181873 1.5661 -0.00160519
23.006 -0.984845 -0.981816 -0.00302851 13.3595 -0.000121624 0.00142141 0.000159315 -0.981816 0.000181545 1.5661 -0.00160474
23.007 -0.985022 -0.981998 -0.00302404 13.3624 -0.000121522 0.00141977 0.000159171 -0.981998 0.000181218 1.5661 -0.00160429
23.008 -0.985198 -0.982179 -0.00301957 13.3654 -0.000121419 0.00141811 0.000159027 -0.982179 0.00018089 1.56611 -0.00160384
23.009 -0.985375 -0.982359 -0.0030151 13.3684 -0.000121316 0.00141646 0.000158882 -0.982359 0.000180563 1.56611 -0.00160339
23.01 -0.985551 -0.98254 -0.00301062 13.3713 -0.000121214 0.00141481 0.000158738 -0.98254 0.000180236 1.56612 -0.00160294
23.011 -0.985727 -0.982721 -0.00300614 13.3743 -0.000121111 0.00141315 0.000158593 -0.982721 0.00017991 1.56612 -0.00160249
23.012 -0.985902 -0.982901 -0.00300166 13.3772 -0.000121008 0.0014115 0.000158448 -0.982901 0.000179584 1.56612 -0.00160204
23.013 -0.986078 -0.983081 -0.00299717 13.3802 -0.000120905 0.00140984 0.000158303 -0.983081 0.000179258 1.56613 -0.00160159
23.014 -0.986253 -0.983261 -0.00299268 13.3831 -0.000120802 0.00140818 0.000158158 -0.983261 0.000178932 1.56613 -0.00160114
23.015 -0.986429 -0.98344 -0.00298819 13.3861 -0.000120698 0.00140652 0.000158012 -0.98344 0.000178607 1.56613 -0.00160069
23.016 -0.986603 -0.98362 -0.00298369 13.389 -0.000120595 0.00140486 0.000157867 -0.98362 0.000178282 1.56614 -0.00160024
23.017 -0.986778 -0.983799 -0.00297919 13.392 -0.000120491 0.0014032 0.000157721 -0.983799 0.000177958 1.56614 -0.0015998
23.018 -0.986953 -0.983978 -0.00297469 13.3949 -0.000120388 0.00140153 0.000157575 -0.983978 0.000177633 1.56615 -0.00159935
23.019 -0.987127 -0.984157 -0.00297018 13.3978 -0.000120284 0.00139987 0.000157429 -0.984157 0.000177309 1.56615 -0.0015989
23.02 -0.987301 -0.984336 -0.00296567 13.4007 -0.00012018 0.0013982 0.000157283 -0.984336 0.000176985 1.56615 -0.00159845
23.021 -0.987475 -0.984514 -0.00296116 13.4037 -0.000120077 0.00139653 0.000157136 -0.984514 0.000176662 1.56616 -0.001598
23.022 -0.987649 -0.984692 -0.00295665 13.4066 -0.000119973 0.00139487 0.00015699 -0.984692 0.000176339 1.56616 -0.00159755
23.023 -0.987823 -0.98487 -0.00295213 13.4095 -0.000119868 0.0013932 0.000156843 -0.98487 0.000176016 1.56616 -0.00159711
23.024 -0.987996 -0.985048 -0.0029476 13.4124 -0.000119764 0.00139152 0.000156696 -0.985048 0.000175693 1.56617 -0.00159666
23.025 -0.988169 -0.985226 -0.00294308 13.4153 -0.00011966 0.00138985 0.000156549 -0.985226 0.000175371 1.56617 -0.00159621
23.026 -0.988342 -0.985404 -0.00293855 13.4183 -0.000119556 0.00138818 0.000156402 -0.985404 0.000175049 1.56618 -0.00159576
23.027 -0.988515 -0.985581 -0.00293402 13.4212 -0.000119451 0.0013865 0.000156255 -0.985581 0.000174728 1.56618 -0.00159532
23.028 -0.988687 -0.985758 -0.00292948 13.4241 -0.000119346 0.00138482 0.000156107 -0.985758 0.000174406 1.56618 -0.00159487
23.029 -0.98886 -0.985935 -0.00292494 13.427 -0.000119242 0.00138314 0.00015596 -0.985935 0.000174085 1.56619 -0.00159442
23.03 -0.989032 -0.986111 -0.0029204 13.4299 -0.000119137 0.00138146 0.000155812 -0.986111 0.000173765 1.56619 -0.00159398
23.031 -0.989204 -0.986288 -0.00291586 13.4328 -0.000119032 0.00137978 0.000155664 -0.986288 0.000173444 1.56619 -0.00159353
23.032 -0.989375 -0.986464 -0.00291131 13.4357 -0.000118927 0.0013781 0.000155516 -0.986464 0.000173124 1.5662 -0.00159308
23.033 -0.989547 -0.98664 -0.00290676 13.4385 -0.000118822 0.00137642 0.000155367 -0.98664 0.000172805 1.5662 -0.00159264
23.034 -0.989718 -0.986816 -0.0029022 13.4414 -0.000118717 0.00137473 0.000155219 -0.986816 0.000172485 1.56621 -0.00159219
23.035 -0.989889 -0.986992 -0.00289764 13.4443 -0.000118611 0.00137304 0.00015507 -0.986992 0.000172166 1.56621 -0.00159174
23.036 -0.99006 -0.987167 -0.00289308 13.4472 -0.000118506 0.00137136 0.000154922 -0.987167 0.000171847 1.56621 -0.0015913
23.037 -0.990231 -0.987342 -0.00288852 13.4501 -0.0001184 0.00136967 0.000154773 -0.987342 0.000171529 1.56622 -0.00159085
23.038 -0.990401 -0.987518 -0.00288395 13.4529 -0.000118295 0.00136798 0.000154624 -0.987518 0.000171211 1.56622 -0.00159041
23.039 -0.990572 -0.987692 -0.00287938 13.4558 -0.000118189 0.00136629 0.000154474 -0.987692 0.000170893 1.56623 -0.00158996
23.04 -0.990742 -0.987867 -0.0028748 13.4587 -0.000118083 0.00136459 0.000154325 -0.987867 0.000170575 1.56623 -0.00158952
23.041 -0.990912 -0.988041 -0.00287023 13.4615 -0.000117977 0.0013629 0.000154175 -0.988041 0.000170258 1.56623 -0.00158907
23.042 -0.991081 -0.988216 -0.00286565 13.4644 -0.000117871 0.0013612 0.000154026 -0.988216 0.000169941 1.56624 -0.00158863
23.043 -0.991251 -0.98839 -0.00286106 13.4673 -0.000117765 0.00135951 0.000153876 -0.98839 0.000169625 1.56624 -0.00158818
23.044 -0.99142 -0.988564 -0.00285648 13.4701 -0.000117659 0.00135781 0.000153726 -0.988564 0.000169308 1.56624 -0.00158774
23.045 -0.991589 -0.988737 -0.00285189 13.473 -0.000117552 0.00135611 0.000153576 -0.988737 0.000168992 1.56625 -0.00158729
23.046 -0.991758 -0.988911 -0.00284729 13.4758 -0.000117446 0.00135441 0.000153425 -0.988911 0.000168677 1.56625 -0.00158685
23.047 -0.991927 -0.989084 -0.0028427 13.4787 -0.000117339 0.00135271 0.000153275 -0.989084 0.000168362 1.56626 -0.0015864
23.048 -0.992095 -0.989257 -0.0028381 13.4815 -0.000117233 0.001351 0.000153124 -0.989257 0.000168047 1.56626 -0.00158596
23.049 -0.992263 -0.98943 -0.00283349 13.4843 -0.000117126 0.0013493 0.000152973 -0.98943 0.000167732 1.56626 -0.00158552
23.05 -0.992431 -0.989602 -0.00282889 13.4872 -0.000117019 0.00134759 0.000152823 -0.989602 0.000167418 1.56627 -0.00158507
23.051 -0.992599 -0.989775 -0.00282428 13.49 -0.000116912 0.00134589 0.000152671 -0.989775 0.000167104 1.56627 -0.00158463
23.052 -0.992767 -0.989947 -0.00281967 13.4928 -0.000116805 0.00134418 0.00015252 -0.989947 0.00016679 1.56628 -0.00158419
23.053 -0.992934 -0.990119 -0.00281505 13.4957 -0.000116698 0.00134247 0.000152369 -0.990119 0.000166477 1.56628 -0.00158374
23.054 -0.993101 -0.990291 -0.00281043 13.4985 -0.000116591 0.00134076 0.000152217 -0.990291 0.000166164 1.56628 -0.0015833
23.055 -0.993268 -0.990462 -0.00280581 13.5013 -0.000116484 0.00133904 0.000152065 -0.990462 0.000165851 1.56629 -0.00158286
23.056 -0.993435 -0.990634 -0.00280119 13.5041 -0.000116376 0.00133733 0.000151914 -0.990634 0.000165539 1.56629 -0.00158242
23.057 -0.993601 -0.990805 -0.00279656 13.507 -0.000116269 0.00133561 0.000151761 -0.990805 0.000165227 1.5663 -0.00158198
23.058 -0.993768 -0.990976 -0.00279193 13.5098 -0.000116161 0.0013339 0.000151609 -0.990976 0.000164915 1.5663 -0.00158153
23.059 -0.993934 -0.991147 -0.00278729 13.5126 -0.000116053 0.00133218 0.000151457 -0.991147 0.000164604 1.5663 -0.00158109
23.06 -0.9941 -0.991317 -0.00278265 13.5154 -0.000115945 0.00133046 0.000151304 -0.991317 0.000164293 1.56631 -0.00158065
23.061 -0.994265 -0.991487 -0.00277801 13.5182 -0.000115837 0.00132874 0.000151152 -0.991487 0.000163982 1.56631 -0.00158021
23.062 -0.994431 -0.991658 -0.00277337 13.521 -0.000115729 0.00132702 0.000150999 -0.991658 0.000163671 1.56632 -0.00157977
23.063 -0.994596 -0.991827 -0.00276872 13.5238 -0.000115621 0.0013253 0.000150846 -0.991827 0.000163361 1.56632 -0.00157933
23.064 -0.994761 -0.991997 -0.00276407 13.5266 -0.000115513 0.00132357 0.000150693 -0.991997 0.000163052 1.56632 -0.00157889
23.065 -0.994926 -0.992167 -0.00275942 13.5294 -0.000115405 0.00132185 0.000150539 -0.992167 0.000162742 1.56633 -0.00157844
23.066 -0.995091 -0.992336 -0.00275476 13.5322 -0.000115296 0.00132012 0.000150386 -0.992336 0.000162433 1.56633 -0.001578
23.067 -0.995255 -0.992505 -0.0027501 13.5349 -0.000115188 0.00131839 0.000150232 -0.992505 0.000162125 1.56634 -0.00157756
23.068 -0.995419 -0.992674 -0.00274544 13.5377 -0.000115079 0.00131666 0.000150079 -0.992674 0.000161816 1.56634 -0.00157712
23.069 -0.995583 -0.992843 -0.00274077 13.5405 -0.00011497 0.00131493 0.000149925 -0.992843 0.000161508 1.56634 -0.00157668
23.07 -0.995747 -0.993011 -0.0027361 13.5433 -0.000114862 0.0013132 0.000149771 -0.993011 0.000161201 1.56635 -0.00157624
23.071 -0.995911 -0.993179 -0.00273143 13.546 -0.000114753 0.00131147 0.000149616 -0.993179 0.000160893 1.56635 -0.00157581
23.072 -0.996074 -0.993347 -0.00272675 13.5488 -0.000114644 0.00130974 0.000149462 -0.993347 0.000160586 1.56636 -0.00157537
23.073 -0.996237 -0.993515 -0.00272208 13.5516 -0.000114534 0.001308 0.000149308 -0.993515 0.00016028 1.56636 -0.00157493
23.074 -0.9964 -0.993683 -0.00271739 13.5543 -0.000114425 0.00130626 0.000149153 -0.993683 0.000159973 1.56636 -0.00157449
23.075 -0.996563 -0.99385 -0.00271271 13.5571 -0.000114316 0.00130453 0.000148998 -0.99385 0.000159667 1.56637 -0.00157405
23.076 -0.996725 -0.994017 -0.00270802 13.5599 -0.000114207 0.00130279 0.000148843 -0.994017 0.000159362 1.56637 -0.00157361
23.077 -0.996888 -0.994184 -0.00270333 13.5626 -0.000114097 0.00130105 0.000148688 -0.994184 0.000159056 1.56638 -0.00157317
23.078 -0.99705 -0.994351 -0.00269863 13.5654 -0.000113987 0.0012993 0.000148533 -0.994351 0.000158751 1.56638 -0.00157274
23.079 -0.997211 -0.994518 -0.00269394 13.5681 -0.000113878 0.00129756 0.000148377 -0.994518 0.000158447 1.56638 -0.0015723
23.08 -0.997373 -0.994684 -0.00268924 13.5708 -0.000113768 0.00129582 0.000148221 -0.994684 0.000158142 1.56639 -0.00157186
23.081 -0.997535 -0.99485 -0.00268453 13.5736 -0.000113658 0.00129407 0.000148066 -0.99485 0.000157839 1.56639 -0.00157142
23.082 -0.997696 -0.995016 -0.00267983 13.5763 -0.000113548 0.00129232 0.00014791 -0.995016 0.000157535 1.5664 -0.00157099
23.083 -0.997857 -0.995182 -0.00267512 13.5791 -0.000113438 0.00129057 0.000147754 -0.995182 0.000157232 1.5664 -0.00157055
23.084 -0.998018 -0.995347 -0.0026704 13.5818 -0.000113328 0.00128883 0.000147597 -0.995347 0.000156929 1.56641 -0.00157011
23.085 -0.998178 -0.995512 -0.00266569 13.5845 -0.000113217 0.00128707 0.000147441 -0.995512 0.000156626 1.56641 -0.00156968
23.086 -0.998338 -0.995677 -0.00266097 13.5872 -0.000113107 0.00128532 0.000147285 -0.995677 0.000156324 1.56641 -0.00156924
23.087 -0.998499 -0.995842 -0.00265624 13.59 -0.000112997 0.00128357 0.000147128 -0.995842 0.000156022 1.56642 -0.0015688
23.088 -0.998658 -0.996007 -0.00265152 13.5927 -0.000112886 0.00128181 0.000146971 -0.996007 0.000155721 1.56642 -0.00156837
23.089 -0.998818 -0.996171 -0.00264679 13.5954 -0.000112775 0.00128006 0.000146814 -0.996171 0.000155419 1.56643 -0.00156793
23.09 -0.998978 -0.996336 -0.00264206 13.5981 -0.000112665 0.0012783 0.000146657 -0.996336 0.000155119 1.56643 -0.0015675
23.091 -0.999137 -0.996499 -0.00263732 13.6008 -0.000112554 0.00127654 0.000146499 -0.996499 0.000154818 1.56643 -0.00156706
23.092 -0.999296 -0.996663 -0.00263258 13.6035 -0.000112443 0.00127478 0.000146342 -0.996663 0.000154518 1.56644 -0.00156663
23.093 -0.999455 -0.996827 -0.00262784 13.6062 -0.000112332 0.00127302 0.000146184 -0.996827 0.000154218 1.56644 -0.00156619
23.094 -0.999613 -0.99699 -0.0026231 13.6089 -0.000112221 0.00127126 0.000146027 -0.99699 0.000153919 1.56645 -0.00156576
23.095 -0.999772 -0.997153 -0.00261835 13.6116 -0.000112109 0.0012695 0.000145869 -0.997153 0.00015362 1.56645 -0.00156532
23.096 -0.99993 -0.997316 -0.0026136 13.6143 -0.000111998 0.00126773 0.000145711 -0.997316 0.000153321 1.56646 -0.00156489
23.097 -1.00009 -0.997479 -0.00260885 13.617 -0.000111886 0.00126597 0.000145552 -0.997479 0.000153023 1.56646 -0.00156445
23.098 -1.00025 -0.997641 -0.00260409 13.6197 -0.000111775 0.0012642 0.000145394 -0.997641 0.000152725 1.56646 -0.00156402
23.099 -1.0004 -0.997804 -0.00259933 13.6224 -0.000111663 0.00126243 0.000145236 -0.997804 0.000152427 1.56647 -0.00156359
23.1 -1.00056 -0.997966 -0.00259457 13.6251 -0.000111552 0.00126066 0.000145077 -0.997966 0.00015213 1.56647 -0.00156315
23.101 -1.00072 -0.998127 -0.0025898 13.6277 -0.00011144 0.00125889 0.000144918 -0.998127 0.000151833 1.56648 -0.00156272
23.102 -1.00087 -0.998289 -0.00258503 13.6304 -0.000111328 0.00125712 0.000144759 -0.998289 0.000151536 1.56648 -0.00156229
23.103 -1.00103 -0.99845 -0.00258026 13.6331 -0.000111216 0.00125535 0.0001446 -0.99845 0.00015124 1.56648 -0.00156186
23.104 -1.00119 -0.998612 -0.00257548 13.6357 -0.000111104 0.00125357 0.000144441 -0.998612 0.000150944 1.56649 -0.00156142
23.105 -1.00134 -0.998773 -0.00257071 13.6384 -0.000110991 0.0012518 0.000144281 -0.998773 0.000150649 1.56649 -0.00156099
23.106 -1.0015 -0.998933 -0.00256593 13.6411 -0.000110879 0.00125002 0.000144122 -0.998933 0.000150353 1.5665 -0.00156056
23.107 -1.00165 -0.999094 -0.00256114 13.6437 -0.000110767 0.00124824 0.000143962 -0.999094 0.000150059 1.5665 -0.00156013
23.108 -1.00181 -0.999254 -0.00255635 13.6464 -0.000110654 0.00124646 0.000143802 -0.999254 0.000149764 1.56651 -0.0015597
23.109 -1.00197 -0.999414 -0.00255156 13.649 -0.000110542 0.00124468 0.000143642 -0.999414 0.00014947 1.56651 -0.00155927
23.11 -1.00212 -0.999574 -0.00254677 13.6517 -0.000110429 0.0012429 0.000143482 -0.999574 0.000149176 1.56651 -0.00155884
23.111 -1.00228 -0.999734 -0.00254197 13.6543 -0.000110316 0.00124111 0.000143321 -0.999734 0.000148883 1.56652 -0.00155841
23.112 -1.00243 -0.999893 -0.00253717 13.657 -0.000110203 0.00123933 0.000143161 -0.999893 0.00014859 1.56652 -0.00155798
23.113 -1.00258 -1.00005 -0.00253237 13.6596 -0.00011009 0.00123754 0.000143 -1.00005 0.000148297 1.56653 -0.00155755
23.114 -1.00274 -1.00021 -0.00252756 13.6622 -0.000109977 0.00123576 0.000142839 -1.00021 0.000148005 1.56653 -0.00155712
23.115 -1.00289 -1.00037 -0.00252275 13.6649 -0.000109864 0.00123397 0.000142678 -1.00037 0.000147713 1.56654 -0.00155669
23.116 -1.00305 -1.00053 -0.00251794 13.6675 -0.000109751 0.00123218 0.000142517 -1.00053 0.000147422 1.56654 -0.00155626
23.117 -1.0032 -1.00069 -0.00251313 13.6701 -0.000109638 0.00123039 0.000142356 -1.00069 0.00014713 1.56654 -0.00155583
23.118 -1.00335 -1.00084 -0.00250831 13.6728 -0.000109524 0.0012286 0.000142195 -1.00084 0.00014684 1.56655 -0.0015554
23.119 -1.00351 -1.001 -0.00250349 13.6754 -0.000109411 0.0012268 0.000142033 -1.001 0.000146549 1.56655 -0.00155497
23.12 -1.00366 -1.00116 -0.00249866 13.678 -0.000109297 0.00122501 0.000141871 -1.00116 0.000146259 1.56656 -0.00155454
23.121 -1.00381 -1.00132 -0.00249383 13.6806 -0.000109183 0.00122321 0.000141709 -1.00132 0.000145969 1.56656 -0.00155411
23.122 -1.00396 -1.00147 -0.002489 13.6832 -0.000109069 0.00122142 0.000141547 -1.00147 0.00014568 1.56657 -0.00155369
23.123 -1.00412 -1.00163 -0.00248417 13.6858 -0.000108956 0.00121962 0.000141385 -1.00163 0.000145391 1.56657 -0.00155326
23.124 -1.00427 -1.00179 -0.00247933 13.6884 -0.000108842 0.00121782 0.000141223 -1.00179 0.000145102 1.56658 -0.00155283
23.125 -1.00442 -1.00195 -0.00247449 13.691 -0.000108727 0.00121602 0.00014106 -1.00195 0.000144814 1.56658 -0.0015524
23.126 -1.00457 -1.0021 -0.00246965 13.6936 -0.000108613 0.00121422 0.000140898 -1.0021 0.000144526 1.56658 -0.00155198
23.127 -1.00472 -1.00226 -0.0024648 13.6962 -0.000108499 0.00121241 0.000140735 -1.00226 0.000144239 1.56659 -0.00155155
23.128 -1.00487 -1.00241 -0.00245996 13.6988 -0.000108385 0.00121061 0.000140572 -1.00241 0.000143951 1.56659 -0.00155113
23.129 -1.00502 -1.00257 -0.0024551 13.7014 -0.00010827 0.0012088 0.000140409 -1.00257 0.000143665 1.5666 -0.0015507
23.13 -1.00517 -1.00272 -0.00245025 13.704 -0.000108156 0.001207 0.000140246 -1.00272 0.000143378 1.5666 -0.00155027
23.131 -1.00533 -1.00288 -0.00244539 13.7066 -0.000108041 0.00120519 0.000140082 -1.00288 0.000143092 1.56661 -0.00154985
23.132 -1.00548 -1.00303 -0.00244053 13.7091 -0.000107926 0.00120338 0.000139919 -1.00303 0.000142806 1.56661 -0.00154942
23.133 -1.00563 -1.00319 -0.00243567 13.7117 -0.000107811 0.00120157 0.000139755 -1.00319 0.000142521 1.56661 -0.001549
23.134 -1.00577 -1.00334 -0.0024308 13.7143 -0.000107696 0.00119976 0.000139591 -1.00334 0.000142236 1.56662 -0.00154857
23.135 -1.00592 -1.0035 -0.00242593 13.7168 -0.000107581 0.00119794 0.000139427 -1.0035 0.000141952 1.56662 -0.00154815
23.136 -1.00607 -1.00365 -0.00242106 13.7194 -0.000107466 0.00119613 0.000139263 -1.00365 0.000141667 1.56663 -0.00154773
23.137 -1.00622 -1.00381 -0.00241618 13.722 -0.000107351 0.00119431 0.000139099 -1.00381 0.000141384 1.56663 -0.0015473
23.138 -1.00637 -1.00396 -0.0024113 13.7245 -0.000107236 0.0011925 0.000138935 -1.00396 0.0001411 1.56664 -0.00154688
23.139 -1.00652 -1.00411 -0.00240642 13.7271 -0.00010712 0.00119068 0.00013877 -1.00411 0.000140817 1.56664 -0.00154645
23.14 -1.00667 -1.00427 -0.00240153 13.7296 -0.000107005 0.00118886 0.000138605 -1.00427 0.000140534 1.56665 -0.00154603
23.141 -1.00682 -1.00442 -0.00239664 13.7322 -0.000106889 0.00118704 0.00013844 -1.00442 0.000140252 1.56665 -0.00154561
23.142 -1.00696 -1.00457 -0.00239175 13.7347 -0.000106774 0.00118522 0.000138275 -1.00457 0.00013997 1.56665 -0.00154519
23.143 -1.00711 -1.00472 -0.00238686 13.7373 -0.000106658 0.0011834 0.00013811 -1.00472 0.000139688 1.56666 -0.00154476
23.144 -1.00726 -1.00488 -0.00238196 13.7398 -0.000106542 0.00118157 0.000137945 -1.00488 0.000139407 1.56666 -0.00154434
23.145 -1.00741 -1.00503 -0.00237706 13.7423 -0.000106426 0.00117975 0.000137779 -1.00503 0.000139126 1.56667 -0.00154392
23.146 -1.00755 -1.00518 -0.00237216 13.7449 -0.00010631 0.00117792 0.000137614 -1.00518 0.000138846 1.56667 -0.0015435
23.147 -1.0077 -1.00533 -0.00236725 13.7474 -0.000106194 0.00117609 0.000137448 -1.00533 0.000138566 1.56668 -0.00154308
23.148 -1.00785 -1.00548 -0.00236234 13.7499 -0.000106078 0.00117426 0.000137282 -1.00548 0.000138286 1.56668 -0.00154266
23.149 -1.00799 -1.00563 -0.00235743 13.7525 -0.000105961 0.00117243 0.000137116 -1.00563 0.000138007 1.56669 -0.00154224
23.15 -1.00814 -1.00579 -0.00235251 13.755 -0.000105845 0.0011706 0.00013695 -1.00579 0.000137728 1.56669 -0.00154182
23.151 -1.00828 -1.00594 -0.00234759 13.7575 -0.000105728 0.00116877 0.000136783 -1.00594 0.000137449 1.5667 -0.0015414
23.152 -1.00843 -1.00609 -0.00234267 13.76 -0.000105612 0.00116694 0.000136617 -1.00609 0.000137171 1.5667 -0.00154098
23.153 -1.00857 -1.00624 -0.00233775 13.7625 -0.000105495 0.0011651 0.00013645 -1.00624 0.000136893 1.5667 -0.00154056
23.154 -1.00872 -1.00639 -0.00233282 13.765 -0.000105378 0.00116327 0.000136283 -1.00639 0.000136616 1.56671 -0.00154014
23.155 -1.00886 -1.00654 -0.00232789 13.7675 -0.000105262 0.00116143 0.000136116 -1.00654 0.000136339 1.56671 -0.00153972
23.156 -1.00901 -1.00669 -0.00232295 13.77 -0.000105145 0.00115959 0.000135949 -1.00669 0.000136062 1.56672 -0.0015393
23.157 -1.00915 -1.00684 -0.00231802 13.7725 -0.000105028 0.00115775 0.000135782 -1.00684 0.000135786 1.56672 -0.00153888
23.158 -1.0093 -1.00698 -0.00231308 13.775 -0.00010491 0.00115591 0.000135615 -1.00698 0.00013551 1.56673 -0.00153847
23.159 -1.00944 -1.00713 -0.00230814 13.7775 -0.000104793 0.00115407 0.000135447 -1.00713 0.000135234 1.56673 -0.00153805
23.16 -1.00958 -1.00728 -0.00230319 13.78 -0.000104676 0.00115223 0.000135279 -1.00728 0.000134959 1.56674 -0.00153763
23.161 -1.00973 -1.00743 -0.00229824 13.7825 -0.000104558 0.00115038 0.000135112 -1.00743 0.000134684 1.56674 -0.00153721
23.162 -1.00987 -1.00758 -0.00229329 13.7849 -0.000104441 0.00114853 0.000134944 -1.00758 0.00013441 1.56675 -0.0015368
23.163 -1.01001 -1.00773 -0.00228833 13.7874 -0.000104323 0.00114669 0.000134775 -1.00773 0.000134136 1.56675 -0.00153638
23.164 -1.01016 -1.00787 -0.00228338 13.7899 -0.000104206 0.00114484 0.000134607 -1.00787 0.000133862 1.56675 -0.00153597
23.165 -1.0103 -1.00802 -0.00227842 13.7924 -0.000104088 0.00114299 0.000134439 -1.00802 0.000133589 1.56676 -0.00153555
23.166 -1.01044 -1.00817 -0.00227345 13.7948 -0.00010397 0.00114114 0.00013427 -1.00817 0.000133316 1.56676 -0.00153513
23.167 -1.01058 -1.00832 -0.00226849 13.7973 -0.000103852 0.00113929 0.000134101 -1.00832 0.000133044 1.56677 -0.00153472
23.168 -1.01073 -1.00846 -0.00226352 13.7998 -0.000103734 0.00113744 0.000133933 -1.00846 0.000132772 1.56677 -0.0015343
23.169 -1.01087 -1.00861 -0.00225854 13.8022 -0.000103616 0.00113558 0.000133764 -1.00861 0.0001325 1.56678 -0.00153389
23.17 -1.01101 -1.00875 -0.00225357 13.8047 -0.000103498 0.00113373 0.000133594 -1.00875 0.000132229 1.56678 -0.00153348
23.171 -1.01115 -1.0089 -0.00224859 13.8071 -0.000103379 0.00113187 0.000133425 -1.0089 0.000131958 1.56679 -0.00153306
23.172 -1.01129 -1.00905 -0.00224361 13.8096 -0.000103261 0.00113001 0.000133256 -1.00905 0.000131687 1.56679 -0.00153265
23.173 -1.01143 -1.00919 -0.00223862 13.812 -0.000103143 0.00112815 0.000133086 -1.00919 0.000131417 1.5668 -0.00153223
23.174 -1.01157 -1.00934 -0.00223364 13.8144 -0.000103024 0.00112629 0.000132916 -1.00934 0.000131147 1.5668 -0.00153182
23.175 -1.01171 -1.00948 -0.00222864 13.8169 -0.000102905 0.00112443 0.000132746 -1.00948 0.000130878 1.56681 -0.00153141
23.176 -1.01185 -1.00963 -0.00222365 13.8193 -0.000102787 0.00112257 0.000132576 -1.00963 0.000130609 1.56681 -0.001531
23.177 -1.01199 -1.00977 -0.00221865 13.8217 -0.000102668 0.00112071 0.000132406 -1.00977 0.00013034 1.56681 -0.00153058
23.178 -1.01213 -1.00992 -0.00221366 13.8242 -0.000102549 0.00111884 0.000132236 -1.00992 0.000130072 1.56682 -0.00153017
23.179 -1.01227 -1.01006 -0.00220865 13.8266 -0.00010243 0.00111697 0.000132065 -1.01006 0.000129804 1.56682 -0.00152976
23.18 -1.01241 -1.0102 -0.00220365 13.829 -0.000102311 0.00111511 0.000131895 -1.0102 0.000129537 1.56683 -0.00152935
23.181 -1.01255 -1.01035 -0.00219864 13.8314 -0.000102191 0.00111324 0.000131724 -1.01035 0.00012927 1.56683 -0.00152894
23.182 -1.01268 -1.01049 -0.00219363 13.8338 -0.000102072 0.00111137 0.000131553 -1.01049 0.000129003 1.56684 -0.00152853
23.183 -1.01282 -1.01063 -0.00218861 13.8363 -0.000101953 0.0011095 0.000131382 -1.01063 0.000128737 1.56684 -0.00152812
23.184 -1.01296 -1.01078 -0.0021836 13.8387 -0.000101833 0.00110763 0.00013121 -1.01078 0.000128471 1.56685 -0.00152771
23.185 -1.0131 -1.01092 -0.00217858 13.8411 -0.000101714 0.00110575 0.000131039 -1.01092 0.000128206 1.56685 -0.0015273
23.186 -1.01324 -1.01106 -0.00217355 13.8435 -0.000101594 0.00110388 0.000130868 -1.01106 0.000127941 1.56686 -0.00152689
23.187 -1.01337 -1.0112 -0.00216853 13.8459 -0.000101474 0.001102 0.000130696 -1.0112 0.000127676 1.56686 -0.00152648
23.188 -1.01351 -1.01135 -0.0021635 13.8483 -0.000101355 0.00110013 0.000130524 -1.01135 0.000127412 1.56687 -0.00152607
23.189 -1.01365 -1.01149 -0.00215846 13.8506 -0.000101235 0.00109825 0.000130352 -1.01149 0.000127148 1.56687 -0.00152566
23.19 -1.01378 -1.01163 -0.00215343 13.853 -0.000101115 0.00109637 0.00013018 -1.01163 0.000126884 1.56688 -0.00152526
23.191 -1.01392 -1.01177 -0.00214839 13.8554 -0.000100995 0.00109449 0.000130008 -1.01177 0.000126621 1.56688 -0.00152485
23.192 -1.01406 -1.01191 -0.00214335 13.8578 -0.000100874 0.00109261 0.000129835 -1.01191 0.000126358 1.56689 -0.00152444
23.193 -1.01419 -1.01205 -0.00213831 13.8602 -0.000100754 0.00109072 0.000129663 -1.01205 0.000126096 1.56689 -0.00152403
23.194 -1.01433 -1.01219 -0.00213326 13.8625 -0.000100634 0.00108884 0.00012949 -1.01219 0.000125834 1.5669 -0.00152363
23.195 -1.01446 -1.01233 -0.00212821 13.8649 -0.000100513 0.00108695 0.000129317 -1.01233 0.000125573 1.5669 -0.00152322
23.196 -1.0146 -1.01247 -0.00212316 13.8673 -0.000100393 0.00108507 0.000129144 -1.01247 0.000125311 1.5669 -0.00152282
23.197 -1.01473 -1.01261 -0.0021181 13.8696 -0.000100272 0.00108318 0.000128971 -1.01261 0.000125051 1.56691 -0.00152241
23.198 -1.01487 -1.01275 -0.00211304 13.872 -0.000100152 0.00108129 0.000128798 -1.01275 0.00012479 1.56691 -0.00152201
23.199 -1.015 -1.01289 -0.00210798 13.8744 -0.000100031 0.0010794 0.000128625 -1.01289 0.00012453 1.56692 -0.0015216
23.2 -1.01514 -1.01303 -0.00210291 13.8767 -9.99099e-05 0.00107751 0.000128451 -1.01303 0.000124271 1.56692 -0.0015212
23.201 -1.01527 -1.01317 -0.00209785 13.8791 -9.97889e-05 0.00107562 0.000128277 -1.01317 0.000124012 1.56693 -0.00152079
23.202 -1.0154 -1.01331 -0.00209278 13.8814 -9.96679e-05 0.00107373 0.000128103 -1.01331 0.000123753 1.56693 -0.00152039
23.203 -1.01554 -1.01345 -0.0020877 13.8838 -9.95468e-05 0.00107183 0.000127929 -1.01345 0.000123494 1.56694 -0.00151998
23.204 -1.01567 -1.01359 -0.00208263 13.8861 -9.94255e-05 0.00106994 0.000127755 -1.01359 0.000123236 1.56694 -0.00151958
23.205 -1.0158 -1.01372 -0.00207755 13.8884 -9.93042e-05 0.00106804 0.000127581 -1.01372 0.000122979 1.56695 -0.00151918
23.206 -1.01593 -1.01386 -0.00207246 13.8908 -9.91828e-05 0.00106614 0.000127407 -1.01386 0.000122722 1.56695 -0.00151878
23.207 -1.01607 -1.014 -0.00206738 13.8931 -9.90613e-05 0.00106424 0.000127232 -1.014 0.000122465 1.56696 -0.00151837
23.208 -1.0162 -1.01414 -0.00206229 13.8954 -9.89398e-05 0.00106234 0.000127057 -1.01414 0.000122208 1.56696 -0.00151797
23.209 -1.01633 -1.01427 -0.0020572 13.8977 -9.88181e-05 0.00106044 0.000126882 -1.01427 0.000121952 1.56697 -0.00151757
23.21 -1.01646 -1.01441 -0.0020521 13.9001 -9.86964e-05 0.00105854 0.000126707 -1.01441 0.000121697 1.56697 -0.00151717
23.211 -1.01659 -1.01455 -0.00204701 13.9024 -9.85746e-05 0.00105663 0.000126532 -1.01455 0.000121442 1.56698 -0.00151677
23.212 -1.01672 -1.01468 -0.00204191 13.9047 -9.84526e-05 0.00105473 0.000126357 -1.01468 0.000121187 1.56698 -0.00151637
23.213 -1.01686 -1.01482 -0.0020368 13.907 -9.83306e-05 0.00105282 0.000126182 -1.01482 0.000120932 1.56699 -0.00151597
23.214 -1.01699 -1.01495 -0.0020317 13.9093 -9.82085e-05 0.00105091 0.000126006 -1.01495 0.000120678 1.56699 -0.00151557
23.215 -1.01712 -1.01509 -0.00202659 13.9116 -9.80864e-05 0.001049 0.00012583 -1.01509 0.000120425 1.567 -0.00151517
23.216 -1.01725 -1.01523 -0.00202148 13.9139 -9.79641e-05 0.00104709 0.000125654 -1.01523 0.000120172 1.567 -0.00151477
23.217 -1.01738 -1.01536 -0.00201636 13.9162 -9.78418e-05 0.00104518 0.000125478 -1.01536 0.000119919 1.56701 -0.00151437
23.218 -1.01751 -1.0155 -0.00201124 13.9185 -9.77193e-05 0.00104327 0.000125302 -1.0155 0.000119666 1.56701 -0.00151397
23.219 -1.01764 -1.01563 -0.00200612 13.9208 -9.75968e-05 0.00104136 0.000125126 -1.01563 0.000119414 1.56702 -0.00151358
23.22 -1.01777 -1.01576 -0.002001 13.9231 -9.74742e-05 0.00103944 0.000124949 -1.01576 0.000119163 1.56702 -0.00151318
23.221 -1.01789 -1.0159 -0.00199587 13.9253 -9.73515e-05 0.00103753 0.000124773 -1.0159 0.000118912 1.56703 -0.00151278
23.222 -1.01802 -1.01603 -0.00199074 13.9276 -9.72287e-05 0.00103561 0.000124596 -1.01603 0.000118661 1.56703 -0.00151238
23.223 -1.01815 -1.01617 -0.00198561 13.9299 -9.71059e-05 0.00103369 0.000124419 -1.01617 0.00011841 1.56704 -0.00151199
23.224 -1.01828 -1.0163 -0.00198048 13.9322 -9.69829e-05 0.00103177 0.000124242 -1.0163 0.00011816 1.56704 -0.00151159
23.225 -1.01841 -1.01643 -0.00197534 13.9344 -9.68599e-05 0.00102985 0.000124065 -1.01643 0.000117911 1.56705 -0.0015112
23.226 -1.01853 -1.01656 -0.0019702 13.9367 -9.67368e-05 0.00102793 0.000123888 -1.01656 0.000117662 1.56705 -0.0015108
23.227 -1.01866 -1.0167 -0.00196505 13.939 -9.66136e-05 0.00102601 0.00012371 -1.0167 0.000117413 1.56706 -0.00151041
23.228 -1.01879 -1.01683 -0.00195991 13.9412 -9.64903e-05 0.00102408 0.000123533 -1.01683 0.000117164 1.56706 -0.00151001
23.229 -1.01892 -1.01696 -0.00195476 13.9435 -9.63669e-05 0.00102216 0.000123355 -1.01696 0.000116916 1.56707 -0.00150962
23.23 -1.01904 -1.01709 -0.0019496 13.9457 -9.62435e-05 0.00102023 0.000123177 -1.01709 0.000116669 1.56707 -0.00150922
23.231 -1.01917 -1.01722 -0.00194445 13.948 -9.61199e-05 0.00101831 0.000122999 -1.01722 0.000116422 1.56708 -0.00150883
23.232 -1.0193 -1.01736 -0.00193929 13.9502 -9.59963e-05 0.00101638 0.000122821 -1.01736 0.000116175 1.56708 -0.00150844
23.233 -1.01942 -1.01749 -0.00193413 13.9525 -9.58726e-05 0.00101445 0.000122642 -1.01749 0.000115929 1.56709 -0.00150804
23.234 -1.01955 -1.01762 -0.00192896 13.9547 -9.57488e-05 0.00101252 0.000122464 -1.01762 0.000115683 1.56709 -0.00150765
23.235 -1.01967 -1.01775 -0.00192379 13.9569 -9.56249e-05 0.00101058 0.000122285 -1.01775 0.000115437 1.5671 -0.00150726
23.236 -1.0198 -1.01788 -0.00191862 13.9592 -9.55009e-05 0.00100865 0.000122107 -1.01788 0.000115192 1.5671 -0.00150687
23.237 -1.01992 -1.01801 -0.00191345 13.9614 -9.53769e-05 0.00100672 0.000121928 -1.01801 0.000114947 1.56711 -0.00150648
23.238 -1.02005 -1.01814 -0.00190827 13.9636 -9.52527e-05 0.00100478 0.000121749 -1.01814 0.000114703 1.56711 -0.00150609
23.239 -1.02017 -1.01827 -0.00190309 13.9658 -9.51285e-05 0.00100284 0.00012157 -1.01827 0.000114459 1.56712 -0.0015057
23.24 -1.0203 -1.0184 -0.00189791 13.9681 -9.50042e-05 0.00100091 0.00012139 -1.0184 0.000114215 1.56712 -0.00150531
23.241 -1.02042 -1.01853 -0.00189273 13.9703 -9.48798e-05 0.000998968 0.000121211 -1.01853 0.000113972 1.56713 -0.00150492
23.242 -1.02054 -1.01866 -0.00188754 13.9725 -9.47553e-05 0.000997028 0.000121031 -1.01866 0.000113729 1.56713 -0.00150453
23.243 -1.02067 -1.01878 -0.00188235 13.9747 -9.46308e-05 0.000995086 0.000120851 -1.01878 0.000113487 1.56714 -0.00150414
23.244 -1.02079 -1.01891 -0.00187715 13.9769 -9.45061e-05 0.000993144 0.000120672 -1.01891 0.000113245 1.56714 -0.00150375
23.245 -1.02091 -1.01904 -0.00187196 13.9791 -9.43814e-05 0.0009912 0.000120492 -1.01904 0.000113004 1.56715 -0.00150336
23.246 -1.02104 -1.01917 -0.00186676 13.9813 -9.42566e-05 0.000989255 0.000120311 -1.01917 0.000112762 1.56715 -0.00150297
23.247 -1.02116 -1.0193 -0.00186156 13.9835 -9.41317e-05 0.000987309 0.000120131 -1.0193 0.000112522 1.56716 -0.00150259
23.248 -1.02128 -1.01942 -0.00185635 13.9857 -9.40067e-05 0.000985362 0.000119951 -1.01942 0.000112281 1.56716 -0.0015022
23.249 -1.0214 -1.01955 -0.00185114 13.9878 -9.38817e-05 0.000983414 0.00011977 -1.01955 0.000112042 1.56717 -0.00150181
23.25 -1.02152 -1.01968 -0.00184593 13.99 -9.37565e-05 0.000981464 0.000119589 -1.01968 0.000111802 1.56717 -0.00150143
23.251 -1.02164 -1.0198 -0.00184072 13.9922 -9.36313e-05 0.000979514 0.000119408 -1.0198 0.000111563 1.56718 -0.00150104
23.252 -1.02177 -1.01993 -0.0018355 13.9944 -9.3506e-05 0.000977562 0.000119227 -1.01993 0.000111324 1.56718 -0.00150065
23.253 -1.02189 -1.02006 -0.00183028 13.9966 -9.33806e-05 0.000975609 0.000119046 -1.02006 0.000111086 1.56719 -0.00150027
23.254 -1.02201 -1.02018 -0.00182506 13.9987 -9.32551e-05 0.000973655 0.000118865 -1.02018 0.000110848 1.56719 -0.00149989
23.255 -1.02213 -1.02031 -0.00181983 14.0009 -9.31295e-05 0.0009717 0.000118684 -1.02031 0.000110611 1.5672 -0.0014995
23.256 -1.02225 -1.02043 -0.0018146 14.0031 -9.30039e-05 0.000969743 0.000118502 -1.02043 0.000110374 1.5672 -0.00149912
23.257 -1.02237 -1.02056 -0.00180937 14.0052 -9.28781e-05 0.000967786 0.00011832 -1.02056 0.000110137 1.56721 -0.00149873
23.258 -1.02249 -1.02068 -0.00180414 14.0074 -9.27523e-05 0.000965827 0.000118138 -1.02068 0.000109901 1.56721 -0.00149835
23.259 -1.02261 -1.02081 -0.0017989 14.0095 -9.26264e-05 0.000963867 0.000117956 -1.02081 0.000109665 1.56722 -0.00149797
23.26 -1.02272 -1.02093 -0.00179366 14.0117 -9.25004e-05 0.000961906 0.000117774 -1.02093 0.00010943 1.56722 -0.00149759
23.261 -1.02284 -1.02106 -0.00178842 14.0138 -9.23744e-05 0.000959944 0.000117592 -1.02106 0.000109195 1.56723 -0.0014972
23.262 -1.02296 -1.02118 -0.00178317 14.0159 -9.22482e-05 0.00095798 0.000117409 -1.02118 0.00010896 1.56723 -0.00149682
23.263 -1.02308 -1.0213 -0.00177792 14.0181 -9.2122e-05 0.000956016 0.000117227 -1.0213 0.000108726 1.56724 -0.00149644
23.264 -1.0232 -1.02143 -0.00177267 14.0202 -9.19957e-05 0.00095405 0.000117044 -1.02143 0.000108492 1.56724 -0.00149606
23.265 -1.02332 -1.02155 -0.00176741 14.0223 -9.18693e-05 0.000952084 0.000116861 -1.02155 0.000108259 1.56725 -0.00149568
23.266 -1.02343 -1.02167 -0.00176216 14.0245 -9.17428e-05 0.000950116 0.000116678 -1.02167 0.000108026 1.56725 -0.0014953
23.267 -1.02355 -1.02179 -0.0017569 14.0266 -9.16163e-05 0.000948147 0.000116495 -1.02179 0.000107793 1.56726 -0.00149492
23.268 -1.02367 -1.02192 -0.00175163 14.0287 -9.14896e-05 0.000946176 0.000116312 -1.02192 0.000107561 1.56726 -0.00149454
23.269 -1.02378 -1.02204 -0.00174637 14.0308 -9.13629e-05 0.000944205 0.000116128 -1.02204 0.000107329 1.56727 -0.00149417
23.27 -1.0239 -1.02216 -0.0017411 14.0329 -9.12361e-05 0.000942232 0.000115945 -1.02216 0.000107098 1.56728 -0.00149379
23.271 -1.02402 -1.02228 -0.00173582 14.0351 -9.11092e-05 0.000940259 0.000115761 -1.02228 0.000106867 1.56728 -0.00149341
23.272 -1.02413 -1.0224 -0.00173055 14.0372 -9.09822e-05 0.000938284 0.000115577 -1.0224 0.000106637 1.56729 -0.00149303
23.273 -1.02425 -1.02252 -0.00172527 14.0393 -9.08552e-05 0.000936308 0.000115393 -1.02252 0.000106407 1.56729 -0.00149266
23.274 -1.02436 -1.02264 -0.00171999 14.0414 -9.0728e-05 0.000934331 0.000115209 -1.02264 0.000106177 1.5673 -0.00149228
23.275 -1.02448 -1.02276 -0.00171471 14.0435 -9.06008e-05 0.000932353 0.000115025 -1.02276 0.000105948 1.5673 -0.0014919
23.276 -1.02459 -1.02288 -0.00170942 14.0455 -9.04735e-05 0.000930373 0.000114841 -1.02288 0.000105719 1.56731 -0.00149153
23.277 -1.02471 -1.023 -0.00170413 14.0476 -9.03461e-05 0.000928393 0.000114656 -1.023 0.00010549 1.56731 -0.00149115
23.278 -1.02482 -1.02312 -0.00169884 14.0497 -9.02187e-05 0.000926411 0.000114471 -1.02312 0.000105262 1.56732 -0.00149078
23.279 -1.02494 -1.02324 -0.00169354 14.0518 -9.00911e-05 0.000924428 0.000114286 -1.02324 0.000105035 1.56732 -0.0014904
23.28 -1.02505 -1.02336 -0.00168824 14.0539 -8.99635e-05 0.000922444 0.000114101 -1.02336 0.000104807 1.56733 -0.00149003
23.281 -1.02516 -1.02348 -0.00168294 14.056 -8.98358e-05 0.000920459 0.000113916 -1.02348 0.000104581 1.56733 -0.00148966
23.282 -1.02528 -1.0236 -0.00167764 14.058 -8.9708e-05 0.000918473 0.000113731 -1.0236 0.000104354 1.56734 -0.00148928
23.283 -1.02539 -1.02372 -0.00167233 14.0601 -8.95801e-05 0.000916485 0.000113546 -1.02372 0.000104128 1.56734 -0.00148891
23.284 -1.0255 -1.02384 -0.00166702 14.0622 -8.94522e-05 0.000914497 0.00011336 -1.02384 0.000103903 1.56735 -0.00148854
23.285 -1.02562 -1.02395 -0.00166171 14.0642 -8.93242e-05 0.000912507 0.000113175 -1.02395 0.000103677 1.56735 -0.00148817
23.286 -1.02573 -1.02407 -0.00165639 14.0663 -8.9196e-05 0.000910516 0.000112989 -1.02407 0.000103453 1.56736 -0.0014878
23.287 -1.02584 -1.02419 -0.00165108 14.0683 -8.90678e-05 0.000908524 0.000112803 -1.02419 0.000103228 1.56736 -0.00148743
23.288 -1.02595 -1.02431 -0.00164575 14.0704 -8.89396e-05 0.000906531 0.000112617 -1.02431 0.000103004 1.56737 -0.00148706
23.289 -1.02606 -1.02442 -0.00164043 14.0724 -8.88112e-05 0.000904537 0.00011243 -1.02442 0.000102781 1.56738 -0.00148669
23.29 -1.02617 -1.02454 -0.0016351 14.0745 -8.86828e-05 0.000902541 0.000112244 -1.02454 0.000102558 1.56738 -0.00148632
23.291 -1.02629 -1.02466 -0.00162977 14.0765 -8.85542e-05 0.000900545 0.000112058 -1.02466 0.000102335 1.56739 -0.00148595
23.292 -1.0264 -1.02477 -0.00162444 14.0785 -8.84256e-05 0.000898547 0.000111871 -1.02477 0.000102113 1.56739 -0.00148558
23.293 -1.02651 -1.02489 -0.00161911 14.0806 -8.8297e-05 0.000896548 0.000111684 -1.02489 0.000101891 1.5674 -0.00148521
23.294 -1.02662 -1.025 -0.00161377 14.0826 -8.81682e-05 0.000894548 0.000111497 -1.025 0.000101669 1.5674 -0.00148484
23.295 -1.02673 -1.02512 -0.00160843 14.0846 -8.80394e-05 0.000892547 0.00011131 -1.02512 0.000101448 1.56741 -0.00148448
23.296 -1.02684 -1.02523 -0.00160308 14.0866 -8.79104e-05 0.000890544 0.000111123 -1.02523 0.000101228 1.56741 -0.00148411
23.297 -1.02695 -1.02535 -0.00159773 14.0887 -8.77814e-05 0.000888541 0.000110936 -1.02535 0.000101007 1.56742 -0.00148374
23.298 -1.02705 -1.02546 -0.00159238 14.0907 -8.76523e-05 0.000886536 0.000110748 -1.02546 0.000100787 1.56742 -0.00148338
23.299 -1.02716 -1.02558 -0.00158703 14.0927 -8.75232e-05 0.000884531 0.00011056 -1.02558 0.000100568 1.56743 -0.00148301
23.3 -1.02727 -1.02569 -0.00158167 14.0947 -8.73939e-05 0.000882524 0.000110373 -1.02569 0.000100349 1.56743 -0.00148265
23.301 -1.02738 -1.0258 -0.00157632 14.0967 -8.72646e-05 0.000880516 0.000110185 -1.0258 0.00010013 1.56744 -0.00148228
23.302 -1.02749 -1.02592 -0.00157095 14.0987 -8.71352e-05 0.000878507 0.000109997 -1.02592 9.99123e-05 1.56745 -0.00148192
23.303 -1.0276 -1.02603 -0.00156559 14.1007 -8.70057e-05 0.000876497 0.000109809 -1.02603 9.96945e-05 1.56745 -0.00148155
23.304 -1.0277 -1.02614 -0.00156022 14.1027 -8.68761e-05 0.000874485 0.00010962 -1.02614 9.94771e-05 1.56746 -0.00148119
23.305 -1.02781 -1.02626 -0.00155485 14.1047 -8.67465e-05 0.000872473 0.000109432 -1.02626 9.92601e-05 1.56746 -0.00148083
23.306 -1.02792 -1.02637 -0.00154948 14.1067 -8.66168e-05 0.000870459 0.000109243 -1.02637 9.90436e-05 1.56747 -0.00148046
23.307 -1.02802 -1.02648 -0.0015441 14.1086 -8.6487e-05 0.000868444 0.000109054 -1.02648 9.88275e-05 1.56747 -0.0014801
23.308 -1.02813 -1.02659 -0.00153872 14.1106 -8.63571e-05 0.000866428 0.000108866 -1.02659 9.86117e-05 1.56748 -0.00147974
23.309 -1.02824 -1.0267 -0.00153334 14.1126 -8.62271e-05 0.000864411 0.000108677 -1.0267 9.83964e-05 1.56748 -0.00147938
23.31 -1.02834 -1.02682 -0.00152796 14.1146 -8.60971e-05 0.000862393 0.000108487 -1.02682 9.81815e-05 1.56749 -0.00147902
23.311 -1.02845 -1.02693 -0.00152257 14.1165 -8.59669e-05 0.000860373 0.000108298 -1.02693 9.7967e-05 1.56749 -0.00147866
23.312 -1.02855 -1.02704 -0.00151718 14.1185 -8.58367e-05 0.000858353 0.000108109 -1.02704 9.7753e-05 1.5675 -0.0014783
23.313 -1.02866 -1.02715 -0.00151179 14.1205 -8.57064e-05 0.000856331 0.000107919 -1.02715 9.75393e-05 1.5675 -0.00147794
23.314 -1.02876 -1.02726 -0.00150639 14.1224 -8.55761e-05 0.000854309 0.000107729 -1.02726 9.7326e-05 1.56751 -0.00147758
23.315 -1.02887 -1.02737 -0.00150099 14.1244 -8.54456e-05 0.000852285 0.00010754 -1.02737 9.71132e-05 1.56752 -0.00147723
23.316 -1.02897 -1.02748 -0.00149559 14.1263 -8.53151e-05 0.00085026 0.00010735 -1.02748 9.69007e-05 1.56752 -0.00147687
23.317 -1.02908 -1.02759 -0.00149018 14.1283 -8.51845e-05 0.000848233 0.000107159 -1.02759 9.66887e-05 1.56753 -0.00147651
23.318 -1.02918 -1.0277 -0.00148478 14.1302 -8.50538e-05 0.000846206 0.000106969 -1.0277 9.64771e-05 1.56753 -0.00147615
23.319 -1.02928 -1.0278 -0.00147937 14.1321 -8.4923e-05 0.000844178 0.000106779 -1.0278 9.62659e-05 1.56754 -0.0014758
23.32 -1.02939 -1.02791 -0.00147395 14.1341 -8.47922e-05 0.000842148 0.000106588 -1.02791 9.60551e-05 1.56754 -0.00147544
23.321 -1.02949 -1.02802 -0.00146854 14.136 -8.46613e-05 0.000840117 0.000106398 -1.02802 9.58447e-05 1.56755 -0.00147509
23.322 -1.02959 -1.02813 -0.00146312 14.1379 -8.45303e-05 0.000838085 0.000106207 -1.02813 9.56348e-05 1.56755 -0.00147473
23.323 -1.02969 -1.02824 -0.00145769 14.1399 -8.43992e-05 0.000836052 0.000106016 -1.02824 9.54252e-05 1.56756 -0.00147438
23.324 -1.0298 -1.02834 -0.00145227 14.1418 -8.42681e-05 0.000834018 0.000105825 -1.02834 9.5216e-05 1.56757 -0.00147402
23.325 -1.0299 -1.02845 -0.00144684 14.1437 -8.41368e-05 0.000831983 0.000105633 -1.02845 9.50073e-05 1.56757 -0.00147367
23.326 -1.03 -1.02856 -0.00144141 14.1456 -8.40055e-05 0.000829947 0.000105442 -1.02856 9.4799e-05 1.56758 -0.00147332
23.327 -1.0301 -1.02867 -0.00143598 14.1475 -8.38741e-05 0.000827909 0.000105251 -1.02867 9.45911e-05 1.56758 -0.00147296
23.328 -1.0302 -1.02877 -0.00143054 14.1494 -8.37426e-05 0.00082587 0.000105059 -1.02877 9.43835e-05 1.56759 -0.00147261
23.329 -1.0303 -1.02888 -0.0014251 14.1513 -8.36111e-05 0.000823831 0.000104867 -1.02888 9.41764e-05 1.56759 -0.00147226
23.33 -1.0304 -1.02898 -0.00141966 14.1532 -8.34795e-05 0.00082179 0.000104675 -1.02898 9.39698e-05 1.5676 -0.00147191
23.331 -1.0305 -1.02909 -0.00141422 14.1551 -8.33477e-05 0.000819748 0.000104483 -1.02909 9.37635e-05 1.5676 -0.00147156
23.332 -1.0306 -1.02919 -0.00140877 14.157 -8.3216e-05 0.000817704 0.000104291 -1.02919 9.35576e-05 1.56761 -0.00147121
23.333 -1.0307 -1.0293 -0.00140332 14.1589 -8.30841e-05 0.00081566 0.000104099 -1.0293 9.33522e-05 1.56762 -0.00147086
23.334 -1.0308 -1.0294 -0.00139786 14.1608 -8.29521e-05 0.000813615 0.000103906 -1.0294 9.31471e-05 1.56762 -0.00147051
23.335 -1.0309 -1.02951 -0.00139241 14.1627 -8.28201e-05 0.000811568 0.000103714 -1.02951 9.29425e-05 1.56763 -0.00147016
23.336 -1.031 -1.02961 -0.00138695 14.1645 -8.2688e-05 0.00080952 0.000103521 -1.02961 9.27382e-05 1.56763 -0.00146981
23.337 -1.0311 -1.02972 -0.00138148 14.1664 -8.25558e-05 0.000807472 0.000103328 -1.02972 9.25344e-05 1.56764 -0.00146947
23.338 -1.0312 -1.02982 -0.00137602 14.1683 -8.24236e-05 0.000805422 0.000103135 -1.02982 9.2331e-05 1.56764 -0.00146912
23.339 -1.03129 -1.02992 -0.00137055 14.1702 -8.22913e-05 0.00080337 0.000102942 -1.02992 9.2128e-05 1.56765 -0.00146877
23.34 -1.03139 -1.03003 -0.00136508 14.172 -8.21588e-05 0.000801318 0.000102748 -1.03003 9.19254e-05 1.56765 -0.00146843
23.341 -1.03149 -1.03013 -0.00135961 14.1739 -8.20264e-05 0.000799265 0.000102555 -1.03013 9.17233e-05 1.56766 -0.00146808
23.342 -1.03159 -1.03023 -0.00135413 14.1757 -8.18938e-05 0.00079721 0.000102361 -1.03023 9.15215e-05 1.56767 -0.00146774
23.343 -1.03168 -1.03034 -0.00134865 14.1776 -8.17611e-05 0.000795155 0.000102168 -1.03034 9.13201e-05 1.56767 -0.00146739
23.344 -1.03178 -1.03044 -0.00134317 14.1794 -8.16284e-05 0.000793098 0.000101974 -1.03044 9.11192e-05 1.56768 -0.00146705
23.345 -1.03188 -1.03054 -0.00133768 14.1813 -8.14956e-05 0.00079104 0.00010178 -1.03054 9.09186e-05 1.56768 -0.0014667
23.346 -1.03197 -1.03064 -0.0013322 14.1831 -8.13627e-05 0.000788981 0.000101586 -1.03064 9.07185e-05 1.56769 -0.00146636
23.347 -1.03207 -1.03074 -0.0013267 14.185 -8.12298e-05 0.000786921 0.000101392 -1.03074 9.05188e-05 1.56769 -0.00146602
23.348 -1.03216 -1.03084 -0.00132121 14.1868 -8.10967e-05 0.000784859 0.000101197 -1.03084 9.03195e-05 1.5677 -0.00146568
23.349 -1.03226 -1.03094 -0.00131571 14.1886 -8.09636e-05 0.000782797 0.000101003 -1.03094 9.01206e-05 1.56771 -0.00146534
23.35 -1.03235 -1.03104 -0.00131021 14.1904 -8.08304e-05 0.000780733 0.000100808 -1.03104 8.99221e-05 1.56771 -0.00146499
23.351 -1.03245 -1.03114 -0.00130471 14.1923 -8.06972e-05 0.000778669 0.000100613 -1.03114 8.9724e-05 1.56772 -0.00146465
23.352 -1.03254 -1.03124 -0.00129921 14.1941 -8.05638e-05 0.000776603 0.000100418 -1.03124 8.95263e-05 1.56772 -0.00146431
23.353 -1.03264 -1.03134 -0.0012937 14.1959 -8.04304e-05 0.000774536 0.000100223 -1.03134 8.9329e-05 1.56773 -0.00146397
23.354 -1.03273 -1.03144 -0.00128819 14.1977 -8.02969e-05 0.000772468 0.000100028 -1.03144 8.91322e-05 1.56773 -0.00146363
23.355 -1.03282 -1.03154 -0.00128267 14.1995 -8.01633e-05 0.000770399 9.98326e-05 -1.03154 8.89357e-05 1.56774 -0.0014633
23.356 -1.03292 -1.03164 -0.00127716 14.2013 -8.00297e-05 0.000768328 9.96371e-05 -1.03164 8.87396e-05 1.56775 -0.00146296
23.357 -1.03301 -1.03174 -0.00127164 14.2031 -7.98959e-05 0.000766257 9.94415e-05 -1.03174 8.8544e-05 1.56775 -0.00146262
23.358 -1.0331 -1.03184 -0.00126611 14.2049 -7.97621e-05 0.000764184 9.92457e-05 -1.03184 8.83488e-05 1.56776 -0.00146228
23.359 -1.0332 -1.03194 -0.00126059 14.2067 -7.96283e-05 0.000762111 9.90498e-05 -1.03194 8.81539e-05 1.56776 -0.00146195
23.36 -1.03329 -1.03203 -0.00125506 14.2085 -7.94943e-05 0.000760036 9.88538e-05 -1.03203 8.79595e-05 1.56777 -0.00146161
23.361 -1.03338 -1.03213 -0.00124953 14.2103 -7.93603e-05 0.00075796 9.86576e-05 -1.03213 8.77655e-05 1.56777 -0.00146128
23.362 -1.03347 -1.03223 -0.00124399 14.2121 -7.92261e-05 0.000755883 9.84613e-05 -1.03223 8.75719e-05 1.56778 -0.00146094
23.363 -1.03356 -1.03232 -0.00123846 14.2139 -7.90919e-05 0.000753804 9.82649e-05 -1.03232 8.73787e-05 1.56779 -0.00146061
23.364 -1.03365 -1.03242 -0.00123292 14.2156 -7.89577e-05 0.000751725 9.80683e-05 -1.03242 8.71859e-05 1.56779 -0.00146027
23.365 -1.03374 -1.03252 -0.00122738 14.2174 -7.88233e-05 0.000749645 9.78716e-05 -1.03252 8.69935e-05 1.5678 -0.00145994
23.366 -1.03383 -1.03261 -0.00122183 14.2192 -7.86889e-05 0.000747563 9.76747e-05 -1.03261 8.68015e-05 1.5678 -0.00145961
23.367 -1.03392 -1.03271 -0.00121628 14.2209 -7.85544e-05 0.00074548 9.74777e-05 -1.03271 8.661e-05 1.56781 -0.00145927
23.368 -1.03401 -1.0328 -0.00121073 14.2227 -7.84198e-05 0.000743396 9.72806e-05 -1.0328 8.64188e-05 1.56781 -0.00145894
23.369 -1.0341 -1.0329 -0.00120518 14.2244 -7.82852e-05 0.000741311 9.70833e-05 -1.0329 8.6228e-05 1.56782 -0.00145861
23.37 -1.03419 -1.03299 -0.00119962 14.2262 -7.81505e-05 0.000739225 9.68859e-05 -1.03299 8.60377e-05 1.56783 -0.00145828
23.371 -1.03428 -1.03309 -0.00119406 14.2279 -7.80157e-05 0.000737138 9.66884e-05 -1.03309 8.58477e-05 1.56783 -0.00145795
23.372 -1.03437 -1.03318 -0.0011885 14.2297 -7.78808e-05 0.000735049 9.64907e-05 -1.03318 8.56582e-05 1.56784 -0.00145762
23.373 -1.03446 -1.03328 -0.00118293 14.2314 -7.77458e-05 0.00073296 9.62929e-05 -1.03328 8.54691e-05 1.56784 -0.00145729
23.374 -1.03455 -1.03337 -0.00117736 14.2332 -7.76108e-05 0.000730869 9.60949e-05 -1.03337 8.52803e-05 1.56785 -0.00145696
23.375 -1.03464 -1.03346 -0.00117179 14.2349 -7.74757e-05 0.000728777 9.58969e-05 -1.03346 8.5092e-05 1.56786 -0.00145664
23.376 -1.03472 -1.03356 -0.00116622 14.2366 -7.73405e-05 0.000726685 9.56987e-05 -1.03356 8.49041e-05 1.56786 -0.00145631
23.377 -1.03481 -1.03365 -0.00116064 14.2384 -7.72052e-05 0.00072459 9.55003e-05 -1.03365 8.47165e-05 1.56787 -0.00145598
23.378 -1.0349 -1.03374 -0.00115506 14.2401 -7.70699e-05 0.000722495 9.53018e-05 -1.03374 8.45294e-05 1.56787 -0.00145565
23.379 -1.03498 -1.03383 -0.00114948 14.2418 -7.69345e-05 0.000720399 9.51032e-05 -1.03383 8.43427e-05 1.56788 -0.00145533
23.38 -1.03507 -1.03393 -0.00114389 14.2435 -7.6799e-05 0.000718302 9.49044e-05 -1.03393 8.41564e-05 1.56788 -0.001455
23.381 -1.03516 -1.03402 -0.0011383 14.2452 -7.66634e-05 0.000716203 9.47055e-05 -1.03402 8.39705e-05 1.56789 -0.00145468
23.382 -1.03524 -1.03411 -0.00113271 14.2469 -7.65278e-05 0.000714103 9.45065e-05 -1.03411 8.3785e-05 1.5679 -0.00145435
23.383 -1.03533 -1.0342 -0.00112712 14.2486 -7.63921e-05 0.000712003 9.43073e-05 -1.0342 8.35999e-05 1.5679 -0.00145403
23.384 -1.03541 -1.03429 -0.00112152 14.2503 -7.62563e-05 0.000709901 9.4108e-05 -1.03429 8.34152e-05 1.56791 -0.00145371
23.385 -1.0355 -1.03438 -0.00111592 14.252 -7.61204e-05 0.000707797 9.39086e-05 -1.03438 8.32309e-05 1.56791 -0.00145339
23.386 -1.03558 -1.03447 -0.00111032 14.2537 -7.59845e-05 0.000705693 9.3709e-05 -1.03447 8.3047e-05 1.56792 -0.00145306
23.387 -1.03567 -1.03456 -0.00110471 14.2554 -7.58484e-05 0.000703588 9.35093e-05 -1.03456 8.28635e-05 1.56793 -0.00145274
23.388 -1.03575 -1.03465 -0.0010991 14.2571 -7.57124e-05 0.000701482 9.33094e-05 -1.03465 8.26804e-05 1.56793 -0.00145242
23.389 -1.03584 -1.03474 -0.00109349 14.2588 -7.55762e-05 0.000699374 9.31095e-05 -1.03474 8.24977e-05 1.56794 -0.0014521
23.39 -1.03592 -1.03483 -0.00108788 14.2605 -7.54399e-05 0.000697265 9.29093e-05 -1.03483 8.23154e-05 1.56794 -0.00145178
23.391 -1.036 -1.03492 -0.00108226 14.2621 -7.53036e-05 0.000695155 9.27091e-05 -1.03492 8.21336e-05 1.56795 -0.00145146
23.392 -1.03609 -1.03501 -0.00107664 14.2638 -7.51672e-05 0.000693044 9.25087e-05 -1.03501 8.19521e-05 1.56796 -0.00145114
23.393 -1.03617 -1.0351 -0.00107101 14.2655 -7.50308e-05 0.000690932 9.23082e-05 -1.0351 8.1771e-05 1.56796 -0.00145082
23.394 -1.03625 -1.03519 -0.00106539 14.2671 -7.48942e-05 0.000688819 9.21075e-05 -1.03519 8.15903e-05 1.56797 -0.00145051
23.395 -1.03633 -1.03527 -0.00105976 14.2688 -7.47576e-05 0.000686705 9.19067e-05 -1.03527 8.141e-05 1.56797 -0.00145019
23.396 -1.03641 -1.03536 -0.00105413 14.2705 -7.46209e-05 0.000684589 9.17058e-05 -1.03536 8.12302e-05 1.56798 -0.00144987
23.397 -1.0365 -1.03545 -0.00104849 14.2721 -7.44841e-05 0.000682473 9.15047e-05 -1.03545 8.10507e-05 1.56798 -0.00144956
23.398 -1.03658 -1.03553 -0.00104286 14.2738 -7.43473e-05 0.000680355 9.13035e-05 -1.03553 8.08716e-05 1.56799 -0.00144924
23.399 -1.03666 -1.03562 -0.00103722 14.2754 -7.42103e-05 0.000678236 9.11022e-05 -1.03562 8.06929e-05 1.568 -0.00144893
23.4 -1.03674 -1.03571 -0.00103157 14.277 -7.40734e-05 0.000676116 9.09007e-05 -1.03571 8.05146e-05 1.568 -0.00144861
23.401 -1.03682 -1.03579 -0.00102593 14.2787 -7.39363e-05 0.000673995 9.06991e-05 -1.03579 8.03367e-05 1.56801 -0.0014483
23.402 -1.0369 -1.03588 -0.00102028 14.2803 -7.37991e-05 0.000671873 9.04974e-05 -1.03588 8.01593e-05 1.56801 -0.00144799
23.403 -1.03698 -1.03596 -0.00101462 14.2819 -7.36619e-05 0.000669749 9.02955e-05 -1.03596 7.99822e-05 1.56802 -0.00144767
23.404 -1.03706 -1.03605 -0.00100897 14.2836 -7.35246e-05 0.000667625 9.00935e-05 -1.03605 7.98055e-05 1.56803 -0.00144736
23.405 -1.03714 -1.03613 -0.00100331 14.2852 -7.33872e-05 0.000665499 8.98913e-05 -1.03613 7.96292e-05 1.56803 -0.00144705
23.406 -1.03722 -1.03622 -0.000997651 14.2868 -7.32498e-05 0.000663372 8.9689e-05 -1.03622 7.94533e-05 1.56804 -0.00144674
23.407 -1.0373 -1.0363 -0.000991988 14.2884 -7.31123e-05 0.000661244 8.94866e-05 -1.0363 7.92778e-05 1.56804 -0.00144643
23.408 -1.03737 -1.03639 -0.000986321 14.29 -7.29747e-05 0.000659115 8.9284e-05 -1.03639 7.91027e-05 1.56805 -0.00144612
23.409 -1.03745 -1.03647 -0.000980652 14.2916 -7.2837e-05 0.000656985 8.90814e-05 -1.03647 7.8928e-05 1.56806 -0.00144581
23.41 -1.03753 -1.03656 -0.00097498 14.2932 -7.26993e-05 0.000654854 8.88785e-05 -1.03656 7.87537e-05 1.56806 -0.0014455
23.411 -1.03761 -1.03664 -0.000969305 14.2948 -7.25615e-05 0.000652721 8.86756e-05 -1.03664 7.85798e-05 1.56807 -0.00144519
23.412 -1.03768 -1.03672 -0.000963627 14.2964 -7.24236e-05 0.000650588 8.84725e-05 -1.03672 7.84063e-05 1.56807 -0.00144489
23.413 -1.03776 -1.0368 -0.000957946 14.298 -7.22856e-05 0.000648453 8.82693e-05 -1.0368 7.82331e-05 1.56808 -0.00144458
23.414 -1.03784 -1.03689 -0.000952263 14.2996 -7.21476e-05 0.000646317 8.80659e-05 -1.03689 7.80604e-05 1.56809 -0.00144427
23.415 -1.03791 -1.03697 -0.000946576 14.3012 -7.20094e-05 0.00064418 8.78624e-05 -1.03697 7.78881e-05 1.56809 -0.00144397
23.416 -1.03799 -1.03705 -0.000940887 14.3028 -7.18712e-05 0.000642042 8.76588e-05 -1.03705 7.77162e-05 1.5681 -0.00144366
23.417 -1.03807 -1.03713 -0.000935194 14.3044 -7.1733e-05 0.000639903 8.7455e-05 -1.03713 7.75446e-05 1.56811 -0.00144336
23.418 -1.03814 -1.03721 -0.000929499 14.3059 -7.15946e-05 0.000637763 8.72511e-05 -1.03721 7.73735e-05 1.56811 -0.00144305
23.419 -1.03822 -1.03729 -0.000923801 14.3075 -7.14562e-05 0.000635621 8.7047e-05 -1.03729 7.72027e-05 1.56812 -0.00144275
23.42 -1.03829 -1.03737 -0.0009181 14.3091 -7.13177e-05 0.000633479 8.68429e-05 -1.03737 7.70323e-05 1.56812 -0.00144245
23.421 -1.03837 -1.03745 -0.000912396 14.3106 -7.11792e-05 0.000631335 8.66386e-05 -1.03745 7.68624e-05 1.56813 -0.00144215
23.422 -1.03844 -1.03753 -0.000906689 14.3122 -7.10406e-05 0.00062919 8.64341e-05 -1.03753 7.66928e-05 1.56814 -0.00144184
23.423 -1.03851 -1.03761 -0.000900979 14.3137 -7.09018e-05 0.000627044 8.62295e-05 -1.03761 7.65236e-05 1.56814 -0.00144154
23.424 -1.03859 -1.03769 -0.000895267 14.3153 -7.07631e-05 0.000624897 8.60248e-05 -1.03769 7.63548e-05 1.56815 -0.00144124
23.425 -1.03866 -1.03777 -0.000889551 14.3168 -7.06242e-05 0.000622749 8.582e-05 -1.03777 7.61864e-05 1.56815 -0.00144094
23.426 -1.03873 -1.03785 -0.000883833 14.3184 -7.04853e-05 0.000620599 8.5615e-05 -1.03785 7.60184e-05 1.56816 -0.00144064
23.427 -1.03881 -1.03793 -0.000878111 14.3199 -7.03463e-05 0.000618449 8.54099e-05 -1.03793 7.58508e-05 1.56817 -0.00144034
23.428 -1.03888 -1.03801 -0.000872387 14.3215 -7.02072e-05 0.000616297 8.52046e-05 -1.03801 7.56836e-05 1.56817 -0.00144005
23.429 -1.03895 -1.03809 -0.00086666 14.323 -7.0068e-05 0.000614144 8.49992e-05 -1.03809 7.55168e-05 1.56818 -0.00143975
23.43 -1.03902 -1.03816 -0.00086093 14.3245 -6.99288e-05 0.000611991 8.47937e-05 -1.03816 7.53503e-05 1.56818 -0.00143945
23.431 -1.0391 -1.03824 -0.000855197 14.326 -6.97895e-05 0.000609835 8.45881e-05 -1.03824 7.51843e-05 1.56819 -0.00143916
23.432 -1.03917 -1.03832 -0.000849462 14.3276 -6.96501e-05 0.000607679 8.43823e-05 -1.03832 7.50186e-05 1.5682 -0.00143886
23.433 -1.03924 -1.03839 -0.000843723 14.3291 -6.95107e-05 0.000605522 8.41763e-05 -1.03839 7.48533e-05 1.5682 -0.00143857
23.434 -1.03931 -1.03847 -0.000837981 14.3306 -6.93712e-05 0.000603364 8.39703e-05 -1.03847 7.46884e-05 1.56821 -0.00143827
23.435 -1.03938 -1.03855 -0.000832237 14.3321 -6.92316e-05 0.000601204 8.37641e-05 -1.03855 7.45239e-05 1.56822 -0.00143798
23.436 -1.03945 -1.03862 -0.000826489 14.3336 -6.90919e-05 0.000599043 8.35578e-05 -1.03862 7.43598e-05 1.56822 -0.00143768
23.437 -1.03952 -1.0387 -0.000820739 14.3351 -6.89522e-05 0.000596881 8.33513e-05 -1.0387 7.41961e-05 1.56823 -0.00143739
23.438 -1.03959 -1.03877 -0.000814986 14.3366 -6.88124e-05 0.000594718 8.31447e-05 -1.03877 7.40328e-05 1.56823 -0.0014371
23.439 -1.03966 -1.03885 -0.00080923 14.3381 -6.86725e-05 0.000592554 8.2938e-05 -1.03885 7.38698e-05 1.56824 -0.00143681
23.44 -1.03973 -1.03892 -0.000803471 14.3396 -6.85325e-05 0.000590389 8.27311e-05 -1.03892 7.37072e-05 1.56825 -0.00143652
23.441 -1.03979 -1.039 -0.000797709 14.3411 -6.83925e-05 0.000588223 8.25241e-05 -1.039 7.35451e-05 1.56825 -0.00143623
23.442 -1.03986 -1.03907 -0.000791944 14.3425 -6.82524e-05 0.000586055 8.2317e-05 -1.03907 7.33833e-05 1.56826 -0.00143594
23.443 -1.03993 -1.03914 -0.000786177 14.344 -6.81122e-05 0.000583887 8.21097e-05 -1.03914 7.32219e-05 1.56826 -0.00143565
23.444 -1.04 -1.03922 -0.000780406 14.3455 -6.7972e-05 0.000581717 8.19023e-05 -1.03922 7.30608e-05 1.56827 -0.00143536
23.445 -1.04007 -1.03929 -0.000774632 14.347 -6.78316e-05 0.000579546 8.16948e-05 -1.03929 7.29002e-05 1.56828 -0.00143507
23.446 -1.04013 -1.03936 -0.000768856 14.3484 -6.76912e-05 0.000577374 8.14871e-05 -1.03936 7.274e-05 1.56828 -0.00143479
23.447 -1.0402 -1.03944 -0.000763077 14.3499 -6.75508e-05 0.000575201 8.12793e-05 -1.03944 7.25801e-05 1.56829 -0.0014345
23.448 -1.04027 -1.03951 -0.000757294 14.3513 -6.74102e-05 0.000573026 8.10713e-05 -1.03951 7.24206e-05 1.5683 -0.00143421
23.449 -1.04033 -1.03958 -0.000751509 14.3528 -6.72696e-05 0.000570851 8.08633e-05 -1.03958 7.22615e-05 1.5683 -0.00143393
23.45 -1.0404 -1.03965 -0.000745721 14.3542 -6.71289e-05 0.000568674 8.06551e-05 -1.03965 7.21028e-05 1.56831 -0.00143364
23.451 -1.04046 -1.03972 -0.00073993 14.3557 -6.69882e-05 0.000566496 8.04467e-05 -1.03972 7.19444e-05 1.56831 -0.00143336
23.452 -1.04053 -1.0398 -0.000734136 14.3571 -6.68473e-05 0.000564318 8.02382e-05 -1.0398 7.17865e-05 1.56832 -0.00143308
23.453 -1.04059 -1.03987 -0.00072834 14.3586 -6.67064e-05 0.000562138 8.00296e-05 -1.03987 7.16289e-05 1.56833 -0.00143279
23.454 -1.04066 -1.03994 -0.00072254 14.36 -6.65654e-05 0.000559956 7.98209e-05 -1.03994 7.14717e-05 1.56833 -0.00143251
23.455 -1.04072 -1.04001 -0.000716737 14.3614 -6.64244e-05 0.000557774 7.9612e-05 -1.04001 7.13149e-05 1.56834 -0.00143223
23.456 -1.04079 -1.04008 -0.000710932 14.3629 -6.62832e-05 0.000555591 7.9403e-05 -1.04008 7.11585e-05 1.56835 -0.00143195
23.457 -1.04085 -1.04015 -0.000705123 14.3643 -6.6142e-05 0.000553406 7.91938e-05 -1.04015 7.10024e-05 1.56835 -0.00143167
23.458 -1.04091 -1.04022 -0.000699312 14.3657 -6.60008e-05 0.00055122 7.89846e-05 -1.04022 7.08467e-05 1.56836 -0.00143139
23.459 -1.04098 -1.04028 -0.000693497 14.3671 -6.58594e-05 0.000549034 7.87751e-05 -1.04028 7.06914e-05 1.56837 -0.00143111
23.46 -1.04104 -1.04035 -0.00068768 14.3685 -6.5718e-05 0.000546846 7.85656e-05 -1.04035 7.05365e-05 1.56837 -0.00143083
23.461 -1.0411 -1.04042 -0.00068186 14.3699 -6.55765e-05 0.000544656 7.83559e-05 -1.04042 7.0382e-05 1.56838 -0.00143056
23.462 -1.04117 -1.04049 -0.000676037 14.3713 -6.5435e-05 0.000542466 7.81461e-05 -1.04049 7.02278e-05 1.56838 -0.00143028
23.463 -1.04123 -1.04056 -0.000670211 14.3727 -6.52933e-05 0.000540275 7.79361e-05 -1.04056 7.0074e-05 1.56839 -0.00143
23.464 -1.04129 -1.04062 -0.000664382 14.3741 -6.51516e-05 0.000538082 7.7726e-05 -1.04062 6.99206e-05 1.5684 -0.00142973
23.465 -1.04135 -1.04069 -0.00065855 14.3755 -6.50098e-05 0.000535889 7.75158e-05 -1.04069 6.97676e-05 1.5684 -0.00142945
23.466 -1.04141 -1.04076 -0.000652715 14.3769 -6.4868e-05 0.000533694 7.73055e-05 -1.04076 6.96149e-05 1.56841 -0.00142918
23.467 -1.04147 -1.04083 -0.000646878 14.3783 -6.47261e-05 0.000531498 7.7095e-05 -1.04083 6.94627e-05 1.56842 -0.0014289
23.468 -1.04153 -1.04089 -0.000641037 14.3797 -6.45841e-05 0.000529301 7.68844e-05 -1.04089 6.93108e-05 1.56842 -0.00142863
23.469 -1.04159 -1.04096 -0.000635194 14.3811 -6.4442e-05 0.000527102 7.66736e-05 -1.04096 6.91592e-05 1.56843 -0.00142836
23.47 -1.04165 -1.04102 -0.000629347 14.3824 -6.42999e-05 0.000524903 7.64627e-05 -1.04102 6.90081e-05 1.56844 -0.00142808
23.471 -1.04171 -1.04109 -0.000623498 14.3838 -6.41577e-05 0.000522703 7.62517e-05 -1.04109 6.88573e-05 1.56844 -0.00142781
23.472 -1.04177 -1.04115 -0.000617645 14.3852 -6.40154e-05 0.000520501 7.60405e-05 -1.04115 6.87069e-05 1.56845 -0.00142754
23.473 -1.04183 -1.04122 -0.00061179 14.3865 -6.3873e-05 0.000518298 7.58292e-05 -1.04122 6.85568e-05 1.56845 -0.00142727
23.474 -1.04189 -1.04128 -0.000605932 14.3879 -6.37306e-05 0.000516094 7.56178e-05 -1.04128 6.84072e-05 1.56846 -0.001427
23.475 -1.04195 -1.04135 -0.000600071 14.3892 -6.35881e-05 0.000513889 7.54062e-05 -1.04135 6.82579e-05 1.56847 -0.00142674
23.476 -1.042 -1.04141 -0.000594207 14.3906 -6.34455e-05 0.000511683 7.51945e-05 -1.04141 6.8109e-05 1.56847 -0.00142647
23.477 -1.04206 -1.04147 -0.00058834 14.3919 -6.33029e-05 0.000509475 7.49827e-05 -1.04147 6.79604e-05 1.56848 -0.0014262
23.478 -1.04212 -1.04154 -0.00058247 14.3933 -6.31601e-05 0.000507267 7.47708e-05 -1.04154 6.78122e-05 1.56849 -0.00142593
23.479 -1.04218 -1.0416 -0.000576597 14.3946 -6.30174e-05 0.000505057 7.45587e-05 -1.0416 6.76644e-05 1.56849 -0.00142567
23.48 -1.04223 -1.04166 -0.000570721 14.3959 -6.28745e-05 0.000502846 7.43464e-05 -1.04166 6.7517e-05 1.5685 -0.0014254
23.481 -1.04229 -1.04173 -0.000564842 14.3973 -6.27316e-05 0.000500634 7.41341e-05 -1.04173 6.73699e-05 1.56851 -0.00142514
23.482 -1.04235 -1.04179 -0.00055896 14.3986 -6.25886e-05 0.000498421 7.39216e-05 -1.04179 6.72232e-05 1.56851 -0.00142487
23.483 -1.0424 -1.04185 -0.000553076 14.3999 -6.24455e-05 0.000496207 7.37089e-05 -1.04185 6.70768e-05 1.56852 -0.00142461
23.484 -1.04246 -1.04191 -0.000547188 14.4012 -6.23023e-05 0.000493992 7.34962e-05 -1.04191 6.69309e-05 1.56852 -0.00142435
23.485 -1.04251 -1.04197 -0.000541297 14.4025 -6.21591e-05 0.000491775 7.32833e-05 -1.04197 6.67853e-05 1.56853 -0.00142408
23.486 -1.04257 -1.04203 -0.000535404 14.4038 -6.20158e-05 0.000489557 7.30702e-05 -1.04203 6.664e-05 1.56854 -0.00142382
23.487 -1.04262 -1.04209 -0.000529507 14.4051 -6.18725e-05 0.000487338 7.28571e-05 -1.04209 6.64951e-05 1.56854 -0.00142356
23.488 -1.04268 -1.04215 -0.000523608 14.4064 -6.1729e-05 0.000485118 7.26438e-05 -1.04215 6.63506e-05 1.56855 -0.0014233
23.489 -1.04273 -1.04221 -0.000517706 14.4077 -6.15855e-05 0.000482897 7.24303e-05 -1.04221 6.62065e-05 1.56856 -0.00142304
23.49 -1.04278 -1.04227 -0.0005118 14.409 -6.14419e-05 0.000480675 7.22168e-05 -1.04227 6.60627e-05 1.56856 -0.00142278
23.491 -1.04284 -1.04233 -0.000505892 14.4103 -6.12983e-05 0.000478452 7.20031e-05 -1.04233 6.59193e-05 1.56857 -0.00142253
23.492 -1.04289 -1.04239 -0.000499981 14.4116 -6.11546e-05 0.000476227 7.17892e-05 -1.04239 6.57762e-05 1.56858 -0.00142227
23.493 -1.04294 -1.04245 -0.000494067 14.4129 -6.10108e-05 0.000474001 7.15753e-05 -1.04245 6.56336e-05 1.56858 -0.00142201
23.494 -1.043 -1.04251 -0.00048815 14.4142 -6.08669e-05 0.000471774 7.13611e-05 -1.04251 6.54912e-05 1.56859 -0.00142176
23.495 -1.04305 -1.04257 -0.00048223 14.4154 -6.0723e-05 0.000469546 7.11469e-05 -1.04257 6.53493e-05 1.5686 -0.0014215
23.496 -1.0431 -1.04262 -0.000476307 14.4167 -6.0579e-05 0.000467317 7.09325e-05 -1.04262 6.52077e-05 1.5686 -0.00142125
23.497 -1.04315 -1.04268 -0.000470381 14.418 -6.04349e-05 0.000465087 7.0718e-05 -1.04268 6.50664e-05 1.56861 -0.00142099
23.498 -1.0432 -1.04274 -0.000464452 14.4192 -6.02907e-05 0.000462855 7.05034e-05 -1.04274 6.49255e-05 1.56862 -0.00142074
23.499 -1.04325 -1.04279 -0.00045852 14.4205 -6.01465e-05 0.000460623 7.02886e-05 -1.04279 6.4785e-05 1.56862 -0.00142049
23.5 -1.0433 -1.04285 -0.000452585 14.4217 -6.00022e-05 0.000458389 7.00737e-05 -1.04285 6.46448e-05 1.56863 -0.00142023
23.501 -1.04335 -1.04291 -0.000446647 14.423 -5.98579e-05 0.000456154 6.98587e-05 -1.04291 6.4505e-05 1.56864 -0.00141998
23.502 -1.0434 -1.04296 -0.000440706 14.4242 -5.97134e-05 0.000453918 6.96435e-05 -1.04296 6.43656e-05 1.56864 -0.00141973
23.503 -1.04345 -1.04302 -0.000434762 14.4255 -5.95689e-05 0.00045168 6.94282e-05 -1.04302 6.42265e-05 1.56865 -0.00141948
23.504 -1.0435 -1.04307 -0.000428816 14.4267 -5.94243e-05 0.000449442 6.92127e-05 -1.04307 6.40877e-05 1.56866 -0.00141923
23.505 -1.04355 -1.04313 -0.000422866 14.428 -5.92797e-05 0.000447202 6.89972e-05 -1.04313 6.39494e-05 1.56866 -0.00141898
23.506 -1.0436 -1.04318 -0.000416913 14.4292 -5.9135e-05 0.000444962 6.87815e-05 -1.04318 6.38113e-05 1.56867 -0.00141874
23.507 -1.04365 -1.04324 -0.000410957 14.4304 -5.89902e-05 0.00044272 6.85656e-05 -1.04324 6.36737e-05 1.56868 -0.00141849
23.508 -1.0437 -1.04329 -0.000404999 14.4316 -5.88453e-05 0.000440477 6.83496e-05 -1.04329 6.35363e-05 1.56868 -0.00141824
23.509 -1.04374 -1.04334 -0.000399037 14.4328 -5.87004e-05 0.000438232 6.81335e-05 -1.04334 6.33994e-05 1.56869 -0.001418
23.51 -1.04379 -1.0434 -0.000393073 14.4341 -5.85554e-05 0.000435987 6.79173e-05 -1.0434 6.32628e-05 1.56869 -0.00141775
23.511 -1.04384 -1.04345 -0.000387105 14.4353 -5.84103e-05 0.000433741 6.77009e-05 -1.04345 6.31265e-05 1.5687 -0.00141751
23.512 -1.04388 -1.0435 -0.000381134 14.4365 -5.82652e-05 0.000431493 6.74844e-05 -1.0435 6.29906e-05 1.56871 -0.00141726
23.513 -1.04393 -1.04356 -0.000375161 14.4377 -5.812e-05 0.000429244 6.72677e-05 -1.04356 6.28551e-05 1.56871 -0.00141702
23.514 -1.04398 -1.04361 -0.000369184 14.4389 -5.79747e-05 0.000426994 6.7051e-05 -1.04361 6.27199e-05 1.56872 -0.00141678
23.515 -1.04402 -1.04366 -0.000363205 14.4401 -5.78293e-05 0.000424743 6.6834e-05 -1.04366 6.2585e-05 1.56873 -0.00141654
23.516 -1.04407 -1.04371 -0.000357222 14.4413 -5.76839e-05 0.000422491 6.6617e-05 -1.04371 6.24505e-05 1.56873 -0.00141629
23.517 -1.04411 -1.04376 -0.000351237 14.4424 -5.75384e-05 0.000420237 6.63998e-05 -1.04376 6.23163e-05 1.56874 -0.00141605
23.518 -1.04416 -1.04381 -0.000345249 14.4436 -5.73928e-05 0.000417983 6.61825e-05 -1.04381 6.21825e-05 1.56875 -0.00141582
23.519 -1.0442 -1.04386 -0.000339257 14.4448 -5.72472e-05 0.000415727 6.5965e-05 -1.04386 6.20491e-05 1.56875 -0.00141558
23.52 -1.04425 -1.04391 -0.000333263 14.446 -5.71014e-05 0.00041347 6.57475e-05 -1.04391 6.1916e-05 1.56876 -0.00141534
23.521 -1.04429 -1.04396 -0.000327265 14.4471 -5.69557e-05 0.000411212 6.55297e-05 -1.04396 6.17832e-05 1.56877 -0.0014151
23.522 -1.04433 -1.04401 -0.000321265 14.4483 -5.68098e-05 0.000408952 6.53119e-05 -1.04401 6.16508e-05 1.56877 -0.00141486
23.523 -1.04438 -1.04406 -0.000315261 14.4495 -5.66639e-05 0.000406692 6.50939e-05 -1.04406 6.15187e-05 1.56878 -0.00141463
23.524 -1.04442 -1.04411 -0.000309255 14.4506 -5.65179e-05 0.00040443 6.48758e-05 -1.04411 6.1387e-05 1.56879 -0.00141439
23.525 -1.04446 -1.04416 -0.000303246 14.4518 -5.63718e-05 0.000402167 6.46575e-05 -1.04416 6.12556e-05 1.56879 -0.00141416
23.526 -1.04451 -1.04421 -0.000297233 14.4529 -5.62257e-05 0.000399904 6.44392e-05 -1.04421 6.11246e-05 1.5688 -0.00141392
23.527 -1.04455 -1.04426 -0.000291218 14.4541 -5.60795e-05 0.000397638 6.42206e-05 -1.04426 6.09939e-05 1.56881 -0.00141369
23.528 -1.04459 -1.0443 -0.000285199 14.4552 -5.59332e-05 0.000395372 6.4002e-05 -1.0443 6.08635e-05 1.56882 -0.00141346
23.529 -1.04463 -1.04435 -0.000279178 14.4563 -5.57868e-05 0.000393105 6.37832e-05 -1.04435 6.07335e-05 1.56882 -0.00141323
23.53 -1.04467 -1.0444 -0.000273154 14.4575 -5.56404e-05 0.000390836 6.35643e-05 -1.0444 6.06038e-05 1.56883 -0.001413
23.531 -1.04471 -1.04444 -0.000267126 14.4586 -5.54939e-05 0.000388566 6.33452e-05 -1.04444 6.04745e-05 1.56884 -0.00141277
23.532 -1.04475 -1.04449 -0.000261096 14.4597 -5.53474e-05 0.000386295 6.3126e-05 -1.04449 6.03455e-05 1.56884 -0.00141254
23.533 -1.04479 -1.04454 -0.000255062 14.4609 -5.52007e-05 0.000384023 6.29067e-05 -1.04454 6.02168e-05 1.56885 -0.00141231
23.534 -1.04483 -1.04458 -0.000249026 14.462 -5.5054e-05 0.00038175 6.26872e-05 -1.04458 6.00885e-05 1.56886 -0.00141208
23.535 -1.04487 -1.04463 -0.000242986 14.4631 -5.49073e-05 0.000379475 6.24676e-05 -1.04463 5.99606e-05 1.56886 -0.00141185
23.536 -1.04491 -1.04467 -0.000236944 14.4642 -5.47604e-05 0.0003772 6.22479e-05 -1.04467 5.98329e-05 1.56887 -0.00141162
23.537 -1.04495 -1.04472 -0.000230898 14.4653 -5.46135e-05 0.000374923 6.20281e-05 -1.04472 5.97056e-05 1.56888 -0.0014114
23.538 -1.04499 -1.04476 -0.00022485 14.4664 -5.44665e-05 0.000372645 6.18081e-05 -1.04476 5.95786e-05 1.56888 -0.00141117
23.539 -1.04503 -1.04481 -0.000218798 14.4675 -5.43195e-05 0.000370366 6.15879e-05 -1.04481 5.9452e-05 1.56889 -0.00141095
23.54 -1.04506 -1.04485 -0.000212744 14.4686 -5.41723e-05 0.000368086 6.13677e-05 -1.04485 5.93257e-05 1.5689 -0.00141072
23.541 -1.0451 -1.04489 -0.000206686 14.4697 -5.40251e-05 0.000365804 6.11473e-05 -1.04489 5.91997e-05 1.5689 -0.0014105
23.542 -1.04514 -1.04494 -0.000200626 14.4708 -5.38779e-05 0.000363521 6.09267e-05 -1.04494 5.90741e-05 1.56891 -0.00141028
23.543 -1.04518 -1.04498 -0.000194562 14.4718 -5.37305e-05 0.000361238 6.07061e-05 -1.04498 5.89488e-05 1.56892 -0.00141006
23.544 -1.04521 -1.04502 -0.000188495 14.4729 -5.35831e-05 0.000358953 6.04853e-05 -1.04502 5.88239e-05 1.56892 -0.00140984
23.545 -1.04525 -1.04507 -0.000182426 14.474 -5.34356e-05 0.000356666 6.02644e-05 -1.04507 5.86992e-05 1.56893 -0.00140962
23.546 -1.04528 -1.04511 -0.000176353 14.475 -5.32881e-05 0.000354379 6.00433e-05 -1.04511 5.85749e-05 1.56894 -0.0014094
23.547 -1.04532 -1.04515 -0.000170277 14.4761 -5.31405e-05 0.00035209 5.98221e-05 -1.04515 5.84509e-05 1.56894 -0.00140918
23.548 -1.04535 -1.04519 -0.000164198 14.4772 -5.29928e-05 0.000349801 5.96007e-05 -1.04519 5.83273e-05 1.56895 -0.00140896
23.549 -1.04539 -1.04523 -0.000158117 14.4782 -5.2845e-05 0.00034751 5.93793e-05 -1.04523 5.8204e-05 1.56896 -0.00140874
23.55 -1.04542 -1.04527 -0.000152032 14.4793 -5.26972e-05 0.000345218 5.91577e-05 -1.04527 5.8081e-05 1.56896 -0.00140853
23.551 -1.04546 -1.04531 -0.000145944 14.4803 -5.25493e-05 0.000342924 5.89359e-05 -1.04531 5.79583e-05 1.56897 -0.00140831
23.552 -1.04549 -1.04535 -0.000139853 14.4814 -5.24013e-05 0.00034063 5.87141e-05 -1.04535 5.7836e-05 1.56898 -0.0014081
23.553 -1.04553 -1.04539 -0.000133759 14.4824 -5.22533e-05 0.000338334 5.84921e-05 -1.04539 5.7714e-05 1.56898 -0.00140788
23.554 -1.04556 -1.04543 -0.000127662 14.4834 -5.21052e-05 0.000336038 5.82699e-05 -1.04543 5.75923e-05 1.56899 -0.00140767
23.555 -1.04559 -1.04547 -0.000121562 14.4845 -5.1957e-05 0.00033374 5.80477e-05 -1.04547 5.74709e-05 1.569 -0.00140746
23.556 -1.04562 -1.04551 -0.000115459 14.4855 -5.18088e-05 0.00033144 5.78252e-05 -1.04551 5.73499e-05 1.56901 -0.00140724
23.557 -1.04566 -1.04555 -0.000109353 14.4865 -5.16604e-05 0.00032914 5.76027e-05 -1.04555 5.72292e-05 1.56901 -0.00140703
23.558 -1.04569 -1.04558 -0.000103243 14.4875 -5.1512e-05 0.000326839 5.738e-05 -1.04558 5.71088e-05 1.56902 -0.00140682
23.559 -1.04572 -1.04562 -9.7131e-05 14.4885 -5.13636e-05 0.000324536 5.71572e-05 -1.04562 5.69887e-05 1.56903 -0.00140661
23.56 -1.04575 -1.04566 -9.10157e-05 14.4896 -5.1215e-05 0.000322232 5.69343e-05 -1.04566 5.68689e-05 1.56903 -0.0014064
23.561 -1.04578 -1.0457 -8.48973e-05 14.4906 -5.10664e-05 0.000319927 5.67112e-05 -1.0457 5.67495e-05 1.56904 -0.00140619
23.562 -1.04581 -1.04573 -7.87759e-05 14.4916 -5.09178e-05 0.000317621 5.6488e-05 -1.04573 5.66304e-05 1.56905 -0.00140599
23.563 -1.04584 -1.04577 -7.26514e-05 14.4926 -5.0769e-05 0.000315313 5.62646e-05 -1.04577 5.65116e-05 1.56905 -0.00140578
23.564 -1.04587 -1.04581 -6.65238e-05 14.4936 -5.06202e-05 0.000313004 5.60412e-05 -1.04581 5.63931e-05 1.56906 -0.00140557
23.565 -1.0459 -1.04584 -6.03932e-05 14.4945 -5.04713e-05 0.000310695 5.58175e-05 -1.04584 5.6275e-05 1.56907 -0.00140537
23.566 -1.04593 -1.04588 -5.42595e-05 14.4955 -5.03224e-05 0.000308384 5.55938e-05 -1.04588 5.61571e-05 1.56907 -0.00140516
23.567 -1.04596 -1.04591 -4.81228e-05 14.4965 -5.01734e-05 0.000306071 5.53699e-05 -1.04591 5.60396e-05 1.56908 -0.00140496
23.568 -1.04599 -1.04595 -4.19829e-05 14.4975 -5.00243e-05 0.000303758 5.51459e-05 -1.04595 5.59224e-05 1.56909 -0.00140476
23.569 -1.04602 -1.04598 -3.584e-05 14.4985 -4.98751e-05 0.000301443 5.49217e-05 -1.04598 5.58055e-05 1.5691 -0.00140456
23.57 -1.04605 -1.04602 -2.96941e-05 14.4994 -4.97259e-05 0.000299127 5.46974e-05 -1.04602 5.56889e-05 1.5691 -0.00140435
23.571 -1.04607 -1.04605 -2.3545e-05 14.5004 -4.95766e-05 0.00029681 5.4473e-05 -1.04605 5.55726e-05 1.56911 -0.00140415
23.572 -1.0461 -1.04608 -1.73929e-05 14.5013 -4.94272e-05 0.000294492 5.42485e-05 -1.04608 5.54567e-05 1.56912 -0.00140395
23.573 -1.04613 -1.04612 -1.12377e-05 14.5023 -4.92778e-05 0.000292173 5.40238e-05 -1.04612 5.5341e-05 1.56912 -0.00140375
23.574 -1.04615 -1.04615 -5.0794e-06 14.5033 -4.91283e-05 0.000289852 5.37989e-05 -1.04615 5.52257e-05 1.56913 -0.00140356
23.575 -1.04618 -1.04618 1.08197e-06 14.5042 -4.89787e-05 0.000287531 5.3574e-05 -1.04618 5.51106e-05 1.56914 -0.00140336
23.576 -1.04621 -1.04621 7.24642e-06 14.5051 -4.8829e-05 0.000285208 5.33489e-05 -1.04621 5.49959e-05 1.56914 -0.00140316
23.577 -1.04623 -1.04625 1.3414e-05 14.5061 -4.86793e-05 0.000282883 5.31237e-05 -1.04625 5.48815e-05 1.56915 -0.00140297
23.578 -1.04626 -1.04628 1.95846e-05 14.507 -4.85295e-05 0.000280558 5.28983e-05 -1.04628 5.47674e-05 1.56916 -0.00140277
23.579 -1.04628 -1.04631 2.57583e-05 14.5079 -4.83797e-05 0.000278231 5.26728e-05 -1.04631 5.46536e-05 1.56917 -0.00140258
23.58 -1.04631 -1.04634 3.19351e-05 14.5089 -4.82297e-05 0.000275904 5.24472e-05 -1.04634 5.45401e-05 1.56917 -0.00140238
23.581 -1.04633 -1.04637 3.8115e-05 14.5098 -4.80797e-05 0.000273575 5.22214e-05 -1.04637 5.44269e-05 1.56918 -0.00140219
23.582 -1.04636 -1.0464 4.4298e-05 14.5107 -4.79297e-05 0.000271245 5.19955e-05 -1.0464 5.4314e-05 1.56919 -0.001402
23.583 -1.04638 -1.04643 5.04841e-05 14.5116 -4.77795e-05 0.000268913 5.17694e-05 -1.04643 5.42014e-05 1.56919 -0.00140181
23.584 -1.0464 -1.04646 5.66733e-05 14.5125 -4.76293e-05 0.000266581 5.15433e-05 -1.04646 5.40891e-05 1.5692 -0.00140161
23.585 -1.04643 -1.04649 6.28656e-05 14.5134 -4.7479e-05 0.000264247 5.1317e-05 -1.04649 5.39771e-05 1.56921 -0.00140142
23.586 -1.04645 -1.04652 6.9061e-05 14.5143 -4.73287e-05 0.000261912 5.10905e-05 -1.04652 5.38654e-05 1.56921 -0.00140124
23.587 -1.04647 -1.04655 7.52596e-05 14.5152 -4.71783e-05 0.000259576 5.08639e-05 -1.04655 5.37541e-05 1.56922 -0.00140105
23.588 -1.04649 -1.04657 8.14612e-05 14.5161 -4.70278e-05 0.000257238 5.06372e-05 -1.04657 5.3643e-05 1.56923 -0.00140086
23.589 -1.04651 -1.0466 8.76659e-05 14.517 -4.68772e-05 0.0002549 5.04104e-05 -1.0466 5.35322e-05 1.56924 -0.00140067
23.59 -1.04654 -1.04663 9.38738e-05 14.5179 -4.67266e-05 0.00025256 5.01834e-05 -1.04663 5.34217e-05 1.56924 -0.00140049
23.591 -1.04656 -1.04666 0.000100085 14.5188 -4.65759e-05 0.000250219 4.99563e-05 -1.04666 5.33115e-05 1.56925 -0.0014003
23.592 -1.04658 -1.04668 0.000106299 14.5197 -4.64251e-05 0.000247877 4.9729e-05 -1.04668 5.32016e-05 1.56926 -0.00140012
23.593 -1.0466 -1.04671 0.000112516 14.5205 -4.62743e-05 0.000245533 4.95017e-05 -1.04671 5.3092e-05 1.56926 -0.00139993
23.594 -1.04662 -1.04674 0.000118736 14.5214 -4.61234e-05 0.000243189 4.92741e-05 -1.04674 5.29827e-05 1.56927 -0.00139975
23.595 -1.04664 -1.04676 0.00012496 14.5223 -4.59724e-05 0.000240843 4.90465e-05 -1.04676 5.28737e-05 1.56928 -0.00139957
23.596 -1.04666 -1.04679 0.000131186 14.5231 -4.58213e-05 0.000238496 4.88187e-05 -1.04679 5.2765e-05 1.56929 -0.00139939
23.597 -1.04668 -1.04681 0.000137416 14.524 -4.56702e-05 0.000236147 4.85908e-05 -1.04681 5.26565e-05 1.56929 -0.00139921
23.598 -1.04669 -1.04684 0.000143649 14.5248 -4.5519e-05 0.000233798 4.83627e-05 -1.04684 5.25484e-05 1.5693 -0.00139903
23.599 -1.04671 -1.04686 0.000149885 14.5257 -4.53678e-05 0.000231447 4.81345e-05 -1.04686 5.24405e-05 1.56931 -0.00139885
23.6 -1.04673 -1.04689 0.000156124 14.5265 -4.52164e-05 0.000229095 4.79062e-05 -1.04689 5.2333e-05 1.56931 -0.00139867
23.601 -1.04675 -1.04691 0.000162366 14.5274 -4.5065e-05 0.000226742 4.76777e-05 -1.04691 5.22257e-05 1.56932 -0.00139849
23.602 -1.04677 -1.04693 0.000168612 14.5282 -4.49136e-05 0.000224388 4.74491e-05 -1.04693 5.21187e-05 1.56933 -0.00139832
23.603 -1.04678 -1.04696 0.00017486 14.529 -4.4762e-05 0.000222032 4.72204e-05 -1.04696 5.2012e-05 1.56934 -0.00139814
23.604 -1.0468 -1.04698 0.000181112 14.5298 -4.46104e-05 0.000219676 4.69915e-05 -1.04698 5.19056e-05 1.56934 -0.00139797
23.605 -1.04682 -1.047 0.000187366 14.5307 -4.44588e-05 0.000217318 4.67625e-05 -1.047 5.17995e-05 1.56935 -0.00139779
23.606 -1.04683 -1.04703 0.000193624 14.5315 -4.4307e-05 0.000214958 4.65333e-05 -1.04703 5.16936e-05 1.56936 -0.00139762
23.607 -1.04685 -1.04705 0.000199885 14.5323 -4.41552e-05 0.000212598 4.63041e-05 -1.04705 5.15881e-05 1.56936 -0.00139745
23.608 -1.04686 -1.04707 0.00020615 14.5331 -4.40033e-05 0.000210236 4.60746e-05 -1.04707 5.14828e-05 1.56937 -0.00139728
23.609 -1.04688 -1.04709 0.000212417 14.5339 -4.38514e-05 0.000207873 4.58451e-05 -1.04709 5.13778e-05 1.56938 -0.00139711
23.61 -1.04689 -1.04711 0.000218688 14.5347 -4.36993e-05 0.000205509 4.56154e-05 -1.04711 5.12731e-05 1.56939 -0.00139694
23.611 -1.04691 -1.04713 0.000224961 14.5355 -4.35472e-05 0.000203144 4.53856e-05 -1.04713 5.11686e-05 1.56939 -0.00139677
23.612 -1.04692 -1.04715 0.000231238 14.5363 -4.33951e-05 0.000200777 4.51556e-05 -1.04715 5.10645e-05 1.5694 -0.0013966
23.613 -1.04693 -1.04717 0.000237518 14.5371 -4.32429e-05 0.000198409 4.49255e-05 -1.04717 5.09606e-05 1.56941 -0.00139643
23.614 -1.04695 -1.04719 0.000243802 14.5379 -4.30905e-05 0.00019604 4.46953e-05 -1.04719 5.0857e-05 1.56941 -0.00139626
23.615 -1.04696 -1.04721 0.000250088 14.5386 -4.29382e-05 0.00019367 4.44649e-05 -1.04721 5.07536e-05 1.56942 -0.0013961
23.616 -1.04697 -1.04723 0.000256377 14.5394 -4.27857e-05 0.000191299 4.42344e-05 -1.04723 5.06506e-05 1.56943 -0.00139593
23.617 -1.04699 -1.04725 0.00026267 14.5402 -4.26332e-05 0.000188926 4.40038e-05 -1.04725 5.05478e-05 1.56944 -0.00139577
23.618 -1.047 -1.04727 0.000268966 14.5409 -4.24806e-05 0.000186552 4.3773e-05 -1.04727 5.04453e-05 1.56944 -0.00139561
23.619 -1.04701 -1.04728 0.000275265 14.5417 -4.2328e-05 0.000184177 4.35421e-05 -1.04728 5.03431e-05 1.56945 -0.00139544
23.62 -1.04702 -1.0473 0.000281567 14.5425 -4.21753e-05 0.000181801 4.33111e-05 -1.0473 5.02411e-05 1.56946 -0.00139528
23.621 -1.04703 -1.04732 0.000287873 14.5432 -4.20225e-05 0.000179423 4.30799e-05 -1.04732 5.01394e-05 1.56947 -0.00139512
23.622 -1.04704 -1.04734 0.000294181 14.544 -4.18696e-05 0.000177044 4.28486e-05 -1.04734 5.0038e-05 1.56947 -0.00139496
23.623 -1.04705 -1.04735 0.000300493 14.5447 -4.17167e-05 0.000174664 4.26171e-05 -1.04735 4.99368e-05 1.56948 -0.0013948
23.624 -1.04706 -1.04737 0.000306808 14.5454 -4.15637e-05 0.000172283 4.23856e-05 -1.04737 4.98359e-05 1.56949 -0.00139464
23.625 -1.04707 -1.04738 0.000313126 14.5462 -4.14106e-05 0.0001699 4.21538e-05 -1.04738 4.97353e-05 1.56949 -0.00139449
23.626 -1.04708 -1.0474 0.000319448 14.5469 -4.12575e-05 0.000167516 4.1922e-05 -1.0474 4.9635e-05 1.5695 -0.00139433
23.627 -1.04709 -1.04741 0.000325772 14.5476 -4.11043e-05 0.000165131 4.169e-05 -1.04741 4.95349e-05 1.56951 -0.00139417
23.628 -1.0471 -1.04743 0.0003321 14.5483 -4.0951e-05 0.000162745 4.14579e-05 -1.04743 4.9435e-05 1.56952 -0.00139402
23.629 -1.04711 -1.04744 0.000338431 14.5491 -4.07976e-05 0.000160357 4.12256e-05 -1.04744 4.93355e-05 1.56952 -0.00139386
23.63 -1.04711 -1.04746 0.000344765 14.5498 -4.06442e-05 0.000157969 4.09932e-05 -1.04746 4.92362e-05 1.56953 -0.00139371
23.631 -1.04712 -1.04747 0.000351103 14.5505 -4.04907e-05 0.000155579 4.07606e-05 -1.04747 4.91371e-05 1.56954 -0.00139356
23.632 -1.04713 -1.04749 0.000357443 14.5512 -4.03372e-05 0.000153187 4.0528e-05 -1.04749 4.90384e-05 1.56955 -0.00139341
23.633 -1.04713 -1.0475 0.000363787 14.5519 -4.01836e-05 0.000150795 4.02952e-05 -1.0475 4.89398e-05 1.56955 -0.00139325
23.634 -1.04714 -1.04751 0.000370134 14.5526 -4.00299e-05 0.000148401 4.00622e-05 -1.04751 4.88416e-05 1.56956 -0.0013931
23.635 -1.04715 -1.04752 0.000376484 14.5533 -3.98761e-05 0.000146006 3.98291e-05 -1.04752 4.87436e-05 1.56957 -0.00139296
23.636 -1.04715 -1.04754 0.000382838 14.554 -3.97223e-05 0.00014361 3.95959e-05 -1.04754 4.86458e-05 1.56958 -0.00139281
23.637 -1.04716 -1.04755 0.000389194 14.5546 -3.95684e-05 0.000141212 3.93625e-05 -1.04755 4.85483e-05 1.56958 -0.00139266
23.638 -1.04716 -1.04756 0.000395554 14.5553 -3.94144e-05 0.000138814 3.91291e-05 -1.04756 4.84511e-05 1.56959 -0.00139251
23.639 -1.04717 -1.04757 0.000401917 14.556 -3.92603e-05 0.000136414 3.88954e-05 -1.04757 4.83541e-05 1.5696 -0.00139237
23.64 -1.04717 -1.04758 0.000408284 14.5567 -3.91062e-05 0.000134012 3.86617e-05 -1.04758 4.82574e-05 1.5696 -0.00139222
23.641 -1.04718 -1.04759 0.000414653 14.5573 -3.8952e-05 0.00013161 3.84278e-05 -1.04759 4.81609e-05 1.56961 -0.00139208
23.642 -1.04718 -1.0476 0.000421026 14.558 -3.87978e-05 0.000129206 3.81937e-05 -1.0476 4.80646e-05 1.56962 -0.00139193
23.643 -1.04718 -1.04761 0.000427402 14.5587 -3.86435e-05 0.000126801 3.79595e-05 -1.04761 4.79687e-05 1.56963 -0.00139179
23.644 -1.04719 -1.04762 0.000433781 14.5593 -3.84891e-05 0.000124395 3.77252e-05 -1.04762 4.78729e-05 1.56963 -0.00139165
23.645 -1.04719 -1.04763 0.000440164 14.56 -3.83346e-05 0.000121987 3.74908e-05 -1.04763 4.77774e-05 1.56964 -0.00139151
23.646 -1.04719 -1.04764 0.00044655 14.5606 -3.81801e-05 0.000119578 3.72562e-05 -1.04764 4.76822e-05 1.56965 -0.00139137
23.647 -1.04719 -1.04765 0.000452939 14.5612 -3.80255e-05 0.000117168 3.70215e-05 -1.04765 4.75872e-05 1.56966 -0.00139123
23.648 -1.04719 -1.04765 0.000459331 14.5619 -3.78708e-05 0.000114757 3.67866e-05 -1.04765 4.74925e-05 1.56966 -0.00139109
23.649 -1.0472 -1.04766 0.000465726 14.5625 -3.7716e-05 0.000112345 3.65516e-05 -1.04766 4.73979e-05 1.56967 -0.00139095
23.65 -1.0472 -1.04767 0.000472125 14.5631 -3.75612e-05 0.000109931 3.63165e-05 -1.04767 4.73037e-05 1.56968 -0.00139082
23.651 -1.0472 -1.04768 0.000478527 14.5637 -3.74064e-05 0.000107516 3.60812e-05 -1.04768 4.72097e-05 1.56969 -0.00139068
23.652 -1.0472 -1.04768 0.000484932 14.5644 -3.72514e-05 0.000105099 3.58458e-05 -1.04768 4.71159e-05 1.56969 -0.00139055
23.653 -1.0472 -1.04769 0.000491167 14.5532 -3.70964e-05 0.000102682 3.56102e-05 -1.04769 4.70223e-05 1.5697 -0.00139041
23.654 -1.0472 -1.04769 0.000497064 14.5424 -3.69413e-05 0.000100265 3.53746e-05 -1.04769 4.6929e-05 1.56971 -0.00139028
23.655 -1.0472 -1.0477 0.000502634 14.5318 -3.67861e-05 9.78506e-05 3.5139e-05 -1.0477 4.68358e-05 1.56972 -0.00139015
23.656 -1.0472 -1.04771 0.000507886 14.5216 -3.66308e-05 9.54408e-05 3.49034e-05 -1.04771 4.67428e-05 1.56972 -0.00139002
23.657 -1.0472 -1.04771 0.000512827 14.5116 -3.64754e-05 9.30372e-05 3.46679e-05 -1.04771 4.66498e-05 1.56973 -0.00138989
23.658 -1.0472 -1.04772 0.000517467 14.5019 -3.63199e-05 9.06414e-05 3.44325e-05 -1.04772 4.6557e-05 1.56974 -0.00138976
23.659 -1.0472 -1.04772 0.000521814 14.4925 -3.61642e-05 8.8255e-05 3.41973e-05 -1.04772 4.64641e-05 1.56975 -0.00138963
23.66 -1.0472 -1.04772 0.000525875 14.4833 -3.60084e-05 8.58795e-05 3.39624e-05 -1.04772 4.63713e-05 1.56975 -0.0013895
23.661 -1.0472 -1.04773 0.000529659 14.4744 -3.58525e-05 8.35162e-05 3.37278e-05 -1.04773 4.62784e-05 1.56976 -0.00138937
23.662 -1.0472 -1.04773 0.000533173 14.4658 -3.56965e-05 8.11666e-05 3.34935e-05 -1.04773 4.61855e-05 1.56977 -0.00138925
23.663 -1.0472 -1.04773 0.000536425 14.4574 -3.55403e-05 7.88318e-05 3.32596e-05 -1.04773 4.60925e-05 1.56978 -0.00138912
23.664 -1.0472 -1.04774 0.000539422 14.4492 -3.5384e-05 7.6513e-05 3.30261e-05 -1.04774 4.59995e-05 1.56978 -0.001389
23.665 -1.0472 -1.04774 0.000542172 14.4413 -3.52275e-05 7.42114e-05 3.27931e-05 -1.04774 4.59063e-05 1.56979 -0.00138887
23.666 -1.0472 -1.04774 0.000544681 14.4336 -3.50709e-05 7.1928e-05 3.25605e-05 -1.04774 4.58129e-05 1.5698 -0.00138875
23.667 -1.0472 -1.04774 0.000546957 14.4261 -3.49141e-05 6.96638e-05 3.23286e-05 -1.04774 4.57194e-05 1.56981 -0.00138862
23.668 -1.0472 -1.04775 0.000549005 14.4188 -3.47572e-05 6.74198e-05 3.20972e-05 -1.04775 4.56258e-05 1.56981 -0.0013885
23.669 -1.0472 -1.04775 0.000550834 14.4117 -3.46002e-05 6.51969e-05 3.18664e-05 -1.04775 4.55319e-05 1.56982 -0.00138838
23.67 -1.0472 -1.04775 0.000552448 14.4049 -3.4443e-05 6.29958e-05 3.16362e-05 -1.04775 4.54378e-05 1.56983 -0.00138826
23.671 -1.0472 -1.04775 0.000553855 14.3982 -3.42857e-05 6.08173e-05 3.14067e-05 -1.04775 4.53434e-05 1.56984 -0.00138814
23.672 -1.0472 -1.04775 0.000555061 14.3917 -3.41283e-05 5.86622e-05 3.11779e-05 -1.04775 4.52489e-05 1.56984 -0.00138802
23.673 -1.0472 -1.04775 0.000556071 14.3855 -3.39707e-05 5.65311e-05 3.09499e-05 -1.04775 4.5154e-05 1.56985 -0.0013879
23.674 -1.0472 -1.04775 0.000556892 14.3794 -3.3813e-05 5.44247e-05 3.07226e-05 -1.04775 4.50589e-05 1.56986 -0.00138778
23.675 -1.0472 -1.04776 0.000557529 14.3734 -3.36551e-05 5.23435e-05 3.04961e-05 -1.04776 4.49634e-05 1.56986 -0.00138767
23.676 -1.0472 -1.04776 0.000557988 14.3677 -3.34972e-05 5.0288e-05 3.02704e-05 -1.04776 4.48677e-05 1.56987 -0.00138755
23.677 -1.0472 -1.04776 0.000558274 14.3621 -3.33391e-05 4.82588e-05 3.00455e-05 -1.04776 4.47716e-05 1.56988 -0.00138743
23.678 -1.0472 -1.04776 0.000558393 14.3567 -3.31809e-05 4.62563e-05 2.98216e-05 -1.04776 4.46752e-05 1.56989 -0.00138732
23.679 -1.0472 -1.04776 0.00055835 14.3514 -3.30227e-05 4.42808e-05 2.95984e-05 -1.04776 4.45785e-05 1.56989 -0.0013872
23.68 -1.0472 -1.04776 0.000558149 14.3463 -3.28643e-05 4.23329e-05 2.93762e-05 -1.04776 4.44814e-05 1.5699 -0.00138709
23.681 -1.0472 -1.04776 0.000557797 14.3414 -3.27059e-05 4.04127e-05 2.91549e-05 -1.04776 4.4384e-05 1.56991 -0.00138697
23.682 -1.0472 -1.04775 0.000557298 14.3366 -3.25473e-05 3.85207e-05 2.89346e-05 -1.04775 4.42861e-05 1.56991 -0.00138686
23.683 -1.0472 -1.04775 0.000556657 14.332 -3.23887e-05 3.6657e-05 2.87152e-05 -1.04775 4.4188e-05 1.56992 -0.00138675
23.684 -1.0472 -1.04775 0.000555878 14.3274 -3.22301e-05 3.4822e-05 2.84967e-05 -1.04775 4.40894e-05 1.56993 -0.00138664
23.685 -1.0472 -1.04775 0.000554966 14.3231 -3.20713e-05 3.30157e-05 2.82793e-05 -1.04775 4.39904e-05 1.56994 -0.00138652
23.686 -1.0472 -1.04775 0.000553926 14.3188 -3.19126e-05 3.12385e-05 2.80629e-05 -1.04775 4.38911e-05 1.56994 -0.00138641
23.687 -1.0472 -1.04775 0.000552761 14.3147 -3.17537e-05 2.94903e-05 2.78475e-05 -1.04775 4.37913e-05 1.56995 -0.0013863
23.688 -1.0472 -1.04775 0.000551476 14.3107 -3.15949e-05 2.77715e-05 2.76331e-05 -1.04775 4.36912e-05 1.56996 -0.00138619
23.689 -1.0472 -1.04775 0.000550075 14.3069 -3.1436e-05 2.6082e-05 2.74198e-05 -1.04775 4.35906e-05 1.56996 -0.00138608
23.69 -1.0472 -1.04775 0.000548562 14.3031 -3.12771e-05 2.44218e-05 2.72075e-05 -1.04775 4.34896e-05 1.56997 -0.00138598
23.691 -1.0472 -1.04774 0.000546942 14.2995 -3.11182e-05 2.27912e-05 2.69963e-05 -1.04774 4.33882e-05 1.56998 -0.00138587
23.692 -1.0472 -1.04774 0.000545217 14.296 -3.09593e-05 2.119e-05 2.67862e-05 -1.04774 4.32864e-05 1.56998 -0.00138576
23.693 -1.0472 -1.04774 0.000543392 14.2926 -3.08004e-05 1.96183e-05 2.65772e-05 -1.04774 4.31842e-05 1.56999 -0.00138565
23.694 -1.0472 -1.04774 0.00054147 14.2893 -3.06415e-05 1.80761e-05 2.63693e-05 -1.04774 4.30815e-05 1.57 -0.00138555
23.695 -1.0472 -1.04774 0.000539456 14.2861 -3.04827e-05 1.65633e-05 2.61625e-05 -1.04774 4.29784e-05 1.57001 -0.00138544
23.696 -1.0472 -1.04773 0.000537351 14.283 -3.03239e-05 1.50798e-05 2.59568e-05 -1.04773 4.28749e-05 1.57001 -0.00138533
23.697 -1.0472 -1.04773 0.000535161 14.28 -3.01651e-05 1.36257e-05 2.57522e-05 -1.04773 4.2771e-05 1.57002 -0.00138523
23.698 -1.0472 -1.04773 0.000532888 14.2772 -3.00065e-05 1.22007e-05 2.55488e-05 -1.04773 4.26666e-05 1.57003 -0.00138512
23.699 -1.0472 -1.04773 0.000530535 14.2744 -2.98478e-05 1.08048e-05 2.53465e-05 -1.04773 4.25618e-05 1.57003 -0.00138502
23.7 -1.0472 -1.04773 0.000528105 14.2716 -2.96893e-05 9.43787e-06 2.51453e-05 -1.04773 4.24566e-05 1.57004 -0.00138492
23.701 -1.0472 -1.04772 0.000525602 14.269 -2.95308e-05 8.09974e-06 2.49453e-05 -1.04772 4.2351e-05 1.57005 -0.00138481
23.702 -1.0472 -1.04772 0.000523029 14.2665 -2.93725e-05 6.79028e-06 2.47465e-05 -1.04772 4.22449e-05 1.57005 -0.00138471
23.703 -1.0472 -1.04772 0.000520388 14.2641 -2.92142e-05 5.5093e-06 2.45488e-05 -1.04772 4.21385e-05 1.57006 -0.00138461
23.704 -1.0472 -1.04772 0.000517683 14.2617 -2.90561e-05 4.25664e-06 2.43522e-05 -1.04772 4.20316e-05 1.57006 -0.00138451
23.705 -1.0472 -1.04771 0.000514916 14.2594 -2.8898e-05 3.03211e-06 2.41569e-05 -1.04771 4.19243e-05 1.57007 -0.0013844
23.706 -1.0472 -1.04771 0.00051209 14.2572 -2.87402e-05 1.83548e-06 2.39627e-05 -1.04771 4.18165e-05 1.57008 -0.0013843
23.707 -1.0472 -1.04771 0.000509208 14.2551 -2.85824e-05 6.66568e-07 2.37697e-05 -1.04771 4.17084e-05 1.57008 -0.0013842
23.708 -1.0472 -1.0477 0.000506271 14.253 -2.84249e-05 -4.74867e-07 2.35778e-05 -1.0477 4.15998e-05 1.57009 -0.0013841
23.709 -1.0472 -1.0477 0.000503284 14.251 -2.82675e-05 -1.58905e-06 2.33872e-05 -1.0477 4.14909e-05 1.5701 -0.001384
23.71 -1.0472 -1.0477 0.000500247 14.2491 -2.81102e-05 -2.67623e-06 2.31977e-05 -1.0477 4.13815e-05 1.5701 -0.0013839
23.711 -1.0472 -1.04769 0.000497164 14.2472 -2.79532e-05 -3.73666e-06 2.30094e-05 -1.04769 4.12718e-05 1.57011 -0.0013838
23.712 -1.0472 -1.04769 0.000494037 14.2454 -2.77963e-05 -4.77058e-06 2.28222e-05 -1.04769 4.11616e-05 1.57012 -0.00138371
23.713 -1.0472 -1.04769 0.000490867 14.2437 -2.76397e-05 -5.77827e-06 2.26363e-05 -1.04769 4.10511e-05 1.57012 -0.00138361
23.714 -1.0472 -1.04769 0.000487659 14.2421 -2.74832e-05 -6.75999e-06 2.24515e-05 -1.04769 4.09402e-05 1.57013 -0.00138351
23.715 -1.0472 -1.04768 0.000484412 14.2405 -2.7327e-05 -7.71602e-06 2.22679e-05 -1.04768 4.08289e-05 1.57013 -0.00138341
23.716 -1.0472 -1.04768 0.00048113 14.2389 -2.7171e-05 -8.64666e-06 2.20854e-05 -1.04768 4.07172e-05 1.57014 -0.00138332
23.717 -1.0472 -1.04768 0.000477815 14.2374 -2.70153e-05 -9.55217e-06 2.19042e-05 -1.04768 4.06051e-05 1.57015 -0.00138322
23.718 -1.0472 -1.04767 0.000474468 14.236 -2.68598e-05 -1.04329e-05 2.17241e-05 -1.04767 4.04927e-05 1.57015 -0.00138312
23.719 -1.0472 -1.04767 0.000471091 14.2346 -2.67046e-05 -1.1289e-05 2.15452e-05 -1.04767 4.03799e-05 1.57016 -0.00138303
23.72 -1.0472 -1.04767 0.000467687 14.2333 -2.65496e-05 -1.2121e-05 2.13675e-05 -1.04767 4.02668e-05 1.57016 -0.00138293
23.721 -1.0472 -1.04766 0.000464258 14.232 -2.63949e-05 -1.2929e-05 2.11909e-05 -1.04766 4.01533e-05 1.57017 -0.00138284
23.722 -1.0472 -1.04766 0.000460804 14.2308 -2.62405e-05 -1.37135e-05 2.10155e-05 -1.04766 4.00395e-05 1.57018 -0.00138274
23.723 -1.0472 -1.04765 0.000457327 14.2296 -2.60864e-05 -1.44746e-05 2.08413e-05 -1.04765 3.99253e-05 1.57018 -0.00138265
23.724 -1.0472 -1.04765 0.00045383 14.2285 -2.59326e-05 -1.52127e-05 2.06682e-05 -1.04765 3.98108e-05 1.57019 -0.00138255
23.725 -1.0472 -1.04765 0.000450314 14.2274 -2.57792e-05 -1.59282e-05 2.04963e-05 -1.04765 3.96959e-05 1.57019 -0.00138246
23.726 -1.0472 -1.04764 0.000446781 14.2263 -2.5626e-05 -1.66214e-05 2.03256e-05 -1.04764 3.95808e-05 1.5702 -0.00138237
23.727 -1.0472 -1.04764 0.000443232 14.2253 -2.54732e-05 -1.72925e-05 2.0156e-05 -1.04764 3.94653e-05 1.57021 -0.00138227
23.728 -1.0472 -1.04764 0.000439668 14.2243 -2.53207e-05 -1.7942e-05 1.99875e-05 -1.04764 3.93495e-05 1.57021 -0.00138218
23.729 -1.0472 -1.04763 0.000436091 14.2234 -2.51685e-05 -1.857e-05 1.98202e-05 -1.04763 3.92334e-05 1.57022 -0.00138209
23.73 -1.0472 -1.04763 0.000432503 14.2225 -2.50167e-05 -1.9177e-05 1.96541e-05 -1.04763 3.91171e-05 1.57022 -0.00138199
23.731 -1.0472 -1.04763 0.000428904 14.2217 -2.48653e-05 -1.97633e-05 1.9489e-05 -1.04763 3.90004e-05 1.57023 -0.0013819
23.732 -1.0472 -1.04762 0.000425297 14.2209 -2.47143e-05 -2.03292e-05 1.93252e-05 -1.04762 3.88834e-05 1.57023 -0.00138181
23.733 -1.0472 -1.04762 0.000421682 14.2201 -2.45636e-05 -2.0875e-05 1.91624e-05 -1.04762 3.87662e-05 1.57024 -0.00138172
23.734 -1.0472 -1.04762 0.000418061 14.2194 -2.44133e-05 -2.14011e-05 1.90008e-05 -1.04762 3.86487e-05 1.57024 -0.00138163
23.735 -1.0472 -1.04761 0.000414435 14.2187 -2.42634e-05 -2.19077e-05 1.88402e-05 -1.04761 3.8531e-05 1.57025 -0.00138154
23.736 -1.0472 -1.04761 0.000410805 14.218 -2.41139e-05 -2.23953e-05 1.86808e-05 -1.04761 3.84129e-05 1.57025 -0.00138145
23.737 -1.0472 -1.0476 0.000407172 14.2173 -2.39648e-05 -2.28641e-05 1.85226e-05 -1.0476 3.82947e-05 1.57026 -0.00138136
23.738 -1.0472 -1.0476 0.000403537 14.2167 -2.38161e-05 -2.33144e-05 1.83654e-05 -1.0476 3.81762e-05 1.57027 -0.00138127
23.739 -1.0472 -1.0476 0.000399902 14.2161 -2.36679e-05 -2.37466e-05 1.82093e-05 -1.0476 3.80574e-05 1.57027 -0.00138118
23.74 -1.0472 -1.04759 0.000396268 14.2156 -2.352e-05 -2.4161e-05 1.80543e-05 -1.04759 3.79385e-05 1.57028 -0.00138109
23.741 -1.0472 -1.04759 0.000392635 14.2151 -2.33726e-05 -2.4558e-05 1.79004e-05 -1.04759 3.78193e-05 1.57028 -0.001381
23.742 -1.0472 -1.04759 0.000389004 14.2146 -2.32257e-05 -2.49378e-05 1.77476e-05 -1.04759 3.76999e-05 1.57029 -0.00138091
23.743 -1.0472 -1.04758 0.000385377 14.2141 -2.30792e-05 -2.53007e-05 1.75959e-05 -1.04758 3.75803e-05 1.57029 -0.00138082
23.744 -1.0472 -1.04758 0.000381754 14.2136 -2.29331e-05 -2.56472e-05 1.74452e-05 -1.04758 3.74605e-05 1.5703 -0.00138074
23.745 -1.0472 -1.04758 0.000378136 14.2132 -2.27875e-05 -2.59774e-05 1.72956e-05 -1.04758 3.73405e-05 1.5703 -0.00138065
23.746 -1.0472 -1.04757 0.000374524 14.2128 -2.26424e-05 -2.62917e-05 1.71471e-05 -1.04757 3.72203e-05 1.57031 -0.00138056
23.747 -1.0472 -1.04757 0.00037092 14.2124 -2.24978e-05 -2.65904e-05 1.69996e-05 -1.04757 3.70999e-05 1.57031 -0.00138047
23.748 -1.0472 -1.04756 0.000367323 14.2121 -2.23536e-05 -2.68739e-05 1.68532e-05 -1.04756 3.69794e-05 1.57032 -0.00138039
23.749 -1.0472 -1.04756 0.000363734 14.2117 -2.22099e-05 -2.71424e-05 1.67078e-05 -1.04756 3.68587e-05 1.57032 -0.0013803
23.75 -1.0472 -1.04756 0.000360155 14.2114 -2.20667e-05 -2.73962e-05 1.65635e-05 -1.04756 3.67379e-05 1.57033 -0.00138021
23.751 -1.0472 -1.04755 0.000356585 14.2111 -2.1924e-05 -2.76357e-05 1.64202e-05 -1.04755 3.66169e-05 1.57033 -0.00138013
23.752 -1.0472 -1.04755 0.000353027 14.2109 -2.17818e-05 -2.78611e-05 1.62779e-05 -1.04755 3.64957e-05 1.57034 -0.00138004
23.753 -1.0472 -1.04755 0.000349479 14.2106 -2.16401e-05 -2.80728e-05 1.61367e-05 -1.04755 3.63745e-05 1.57034 -0.00137995
23.754 -1.0472 -1.04754 0.000345944 14.2104 -2.1499e-05 -2.82709e-05 1.59964e-05 -1.04754 3.62531e-05 1.57035 -0.00137987
23.755 -1.0472 -1.04754 0.000342421 14.2101 -2.13583e-05 -2.84559e-05 1.58572e-05 -1.04754 3.61316e-05 1.57035 -0.00137978
23.756 -1.0472 -1.04754 0.000338911 14.2099 -2.12181e-05 -2.8628e-05 1.5719e-05 -1.04754 3.60099e-05 1.57035 -0.0013797
23.757 -1.0472 -1.04753 0.000335415 14.2097 -2.10785e-05 -2.87875e-05 1.55818e-05 -1.04753 3.58882e-05 1.57036 -0.00137961
23.758 -1.0472 -1.04753 0.000331933 14.2096 -2.09394e-05 -2.89346e-05 1.54455e-05 -1.04753 3.57664e-05 1.57036 -0.00137953
23.759 -1.0472 -1.04753 0.000328467 14.2094 -2.08009e-05 -2.90698e-05 1.53103e-05 -1.04753 3.56445e-05 1.57037 -0.00137944
23.76 -1.0472 -1.04752 0.000325015 14.2093 -2.06629e-05 -2.91931e-05 1.5176e-05 -1.04752 3.55225e-05 1.57037 -0.00137936
23.761 -1.0472 -1.04752 0.00032158 14.2092 -2.05254e-05 -2.93049e-05 1.50427e-05 -1.04752 3.54004e-05 1.57038 -0.00137928
23.762 -1.0472 -1.04752 0.000318161 14.209 -2.03885e-05 -2.94056e-05 1.49104e-05 -1.04752 3.52782e-05 1.57038 -0.00137919
23.763 -1.0472 -1.04751 0.000314758 14.2089 -2.02521e-05 -2.94952e-05 1.4779e-05 -1.04751 3.5156e-05 1.57039 -0.00137911
23.764 -1.0472 -1.04751 0.000311373 14.2089 -2.01163e-05 -2.95742e-05 1.46486e-05 -1.04751 3.50338e-05 1.57039 -0.00137903
23.765 -1.0472 -1.04751 0.000308006 14.2088 -1.9981e-05 -2.96427e-05 1.45191e-05 -1.04751 3.49114e-05 1.57039 -0.00137894
23.766 -1.0472 -1.0475 0.000304657 14.2087 -1.98463e-05 -2.97011e-05 1.43906e-05 -1.0475 3.47891e-05 1.5704 -0.00137886
23.767 -1.0472 -1.0475 0.000301326 14.2087 -1.97121e-05 -2.97495e-05 1.4263e-05 -1.0475 3.46667e-05 1.5704 -0.00137878
23.768 -1.0472 -1.0475 0.000298014 14.2086 -1.95786e-05 -2.97882e-05 1.41363e-05 -1.0475 3.45443e-05 1.57041 -0.00137869
23.769 -1.0472 -1.04749 0.000294721 14.2086 -1.94456e-05 -2.98176e-05 1.40106e-05 -1.04749 3.44218e-05 1.57041 -0.00137861
23.77 -1.0472 -1.04749 0.000291447 14.2086 -1.93131e-05 -2.98377e-05 1.38857e-05 -1.04749 3.42994e-05 1.57042 -0.00137853
23.771 -1.0472 -1.04749 0.000288194 14.2086 -1.91813e-05 -2.98489e-05 1.37618e-05 -1.04749 3.41769e-05 1.57042 -0.00137845
23.772 -1.0472 -1.04748 0.00028496 14.2086 -1.905e-05 -2.98515e-05 1.36388e-05 -1.04748 3.40545e-05 1.57042 -0.00137837
23.773 -1.0472 -1.04748 0.000281747 14.2086 -1.89194e-05 -2.98455e-05 1.35167e-05 -1.04748 3.3932e-05 1.57043 -0.00137828
23.774 -1.0472 -1.04748 0.000278555 14.2086 -1.87893e-05 -2.98313e-05 1.33954e-05 -1.04748 3.38096e-05 1.57043 -0.0013782
23.775 -1.0472 -1.04747 0.000275384 14.2087 -1.86598e-05 -2.98091e-05 1.32751e-05 -1.04747 3.36871e-05 1.57044 -0.00137812
23.776 -1.0472 -1.04747 0.000272234 14.2087 -1.85308e-05 -2.97791e-05 1.31556e-05 -1.04747 3.35648e-05 1.57044 -0.00137804
23.777 -1.0472 -1.04747 0.000269105 14.2087 -1.84025e-05 -2.97416e-05 1.3037e-05 -1.04747 3.34424e-05 1.57044 -0.00137796
23.778 -1.0472 -1.04746 0.000265998 14.2088 -1.82748e-05 -2.96967e-05 1.29193e-05 -1.04746 3.33201e-05 1.57045 -0.00137788
23.779 -1.0472 -1.04746 0.000262913 14.2089 -1.81477e-05 -2.96446e-05 1.28024e-05 -1.04746 3.31978e-05 1.57045 -0.0013778
23.78 -1.0472 -1.04746 0.00025985 14.2089 -1.80211e-05 -2.95857e-05 1.26864e-05 -1.04746 3.30756e-05 1.57046 -0.00137772
23.781 -1.0472 -1.04745 0.000256809 14.209 -1.78952e-05 -2.952e-05 1.25712e-05 -1.04745 3.29534e-05 1.57046 -0.00137764
23.782 -1.0472 -1.04745 0.00025379 14.2091 -1.77699e-05 -2.94478e-05 1.24569e-05 -1.04745 3.28313e-05 1.57046 -0.00137756
23.783 -1.0472 -1.04745 0.000250794 14.2092 -1.76452e-05 -2.93693e-05 1.23434e-05 -1.04745 3.27092e-05 1.57047 -0.00137748
23.784 -1.0472 -1.04745 0.000247821 14.2093 -1.7521e-05 -2.92847e-05 1.22307e-05 -1.04745 3.25873e-05 1.57047 -0.0013774
23.785 -1.0472 -1.04744 0.000244871 14.2094 -1.73975e-05 -2.91942e-05 1.21188e-05 -1.04744 3.24654e-05 1.57047 -0.00137732
23.786 -1.0472 -1.04744 0.000241943 14.2095 -1.72746e-05 -2.90979e-05 1.20078e-05 -1.04744 3.23436e-05 1.57048 -0.00137724
23.787 -1.0472 -1.04744 0.000239039 14.2096 -1.71524e-05 -2.89961e-05 1.18976e-05 -1.04744 3.22219e-05 1.57048 -0.00137716
23.788 -1.0472 -1.04743 0.000236158 14.2097 -1.70307e-05 -2.8889e-05 1.17882e-05 -1.04743 3.21003e-05 1.57048 -0.00137708
23.789 -1.0472 -1.04743 0.0002333 14.2098 -1.69096e-05 -2.87766e-05 1.16795e-05 -1.04743 3.19788e-05 1.57049 -0.001377
23.79 -1.0472 -1.04743 0.000230466 14.2099 -1.67892e-05 -2.86593e-05 1.15717e-05 -1.04743 3.18575e-05 1.57049 -0.00137693
23.791 -1.0472 -1.04743 0.000227655 14.2101 -1.66694e-05 -2.85372e-05 1.14647e-05 -1.04743 3.17362e-05 1.5705 -0.00137685
23.792 -1.0472 -1.04742 0.000224867 14.2102 -1.65501e-05 -2.84103e-05 1.13584e-05 -1.04742 3.16151e-05 1.5705 -0.00137677
23.793 -1.0472 -1.04742 0.000222104 14.2103 -1.64315e-05 -2.82791e-05 1.12529e-05 -1.04742 3.1494e-05 1.5705 -0.00137669
23.794 -1.0472 -1.04742 0.000219363 14.2105 -1.63136e-05 -2.81434e-05 1.11482e-05 -1.04742 3.13732e-05 1.57051 -0.00137661
23.795 -1.0472 -1.04741 0.000216647 14.2106 -1.61962e-05 -2.80037e-05 1.10442e-05 -1.04741 3.12524e-05 1.57051 -0.00137654
23.796 -1.0472 -1.04741 0.000213954 14.2108 -1.60795e-05 -2.78599e-05 1.0941e-05 -1.04741 3.11318e-05 1.57051 -0.00137646
23.797 -1.0472 -1.04741 0.000211285 14.2109 -1.59633e-05 -2.77123e-05 1.08386e-05 -1.04741 3.10114e-05 1.57052 -0.00137638
23.798 -1.0472 -1.04741 0.00020864 14.2111 -1.58478e-05 -2.7561e-05 1.07369e-05 -1.04741 3.08911e-05 1.57052 -0.0013763
23.799 -1.0472 -1.0474 0.000206018 14.2112 -1.5733e-05 -2.74061e-05 1.06359e-05 -1.0474 3.0771e-05 1.57052 -0.00137623
23.8 -1.0472 -1.0474 0.000203421 14.2114 -1.56187e-05 -2.72479e-05 1.05357e-05 -1.0474 3.0651e-05 1.57053 -0.00137615
23.801 -1.0472 -1.0474 0.000200847 14.2115 -1.55051e-05 -2.70864e-05 1.04362e-05 -1.0474 3.05313e-05 1.57053 -0.00137607
23.802 -1.0472 -1.0474 0.000198297 14.2117 -1.5392e-05 -2.69218e-05 1.03374e-05 -1.0474 3.04117e-05 1.57053 -0.001376
23.803 -1.0472 -1.04739 0.00019577 14.2119 -1.52796e-05 -2.67542e-05 1.02394e-05 -1.04739 3.02922e-05 1.57053 -0.00137592
23.804 -1.0472 -1.04739 0.000193268 14.212 -1.51679e-05 -2.65838e-05 1.0142e-05 -1.04739 3.0173e-05 1.57054 -0.00137584
23.805 -1.0472 -1.04739 0.000190789 14.2122 -1.50567e-05 -2.64107e-05 1.00454e-05 -1.04739 3.00539e-05 1.57054 -0.00137577
23.806 -1.0472 -1.04739 0.000188334 14.2124 -1.49462e-05 -2.6235e-05 9.94947e-06 -1.04739 2.99351e-05 1.57054 -0.00137569
23.807 -1.0472 -1.04738 0.000185902 14.2125 -1.48363e-05 -2.60569e-05 9.85423e-06 -1.04738 2.98164e-05 1.57055 -0.00137561
23.808 -1.0472 -1.04738 0.000183494 14.2127 -1.4727e-05 -2.58765e-05 9.75968e-06 -1.04738 2.9698e-05 1.57055 -0.00137554
23.809 -1.0472 -1.04738 0.00018111 14.2129 -1.46183e-05 -2.56938e-05 9.66582e-06 -1.04738 2.95797e-05 1.57055 -0.00137546
23.81 -1.0472 -1.04738 0.000178749 14.2131 -1.45102e-05 -2.55091e-05 9.57264e-06 -1.04738 2.94617e-05 1.57056 -0.00137539
23.811 -1.0472 -1.04737 0.000176412 14.2133 -1.44028e-05 -2.53224e-05 9.48013e-06 -1.04737 2.93439e-05 1.57056 -0.00137531
23.812 -1.0472 -1.04737 0.000174098 14.2134 -1.42959e-05 -2.51338e-05 9.3883e-06 -1.04737 2.92263e-05 1.57056 -0.00137524
23.813 -1.0472 -1.04737 0.000171807 14.2136 -1.41897e-05 -2.49435e-05 9.29713e-06 -1.04737 2.9109e-05 1.57056 -0.00137516
23.814 -1.0472 -1.04737 0.00016954 14.2138 -1.40841e-05 -2.47516e-05 9.20661e-06 -1.04737 2.89918e-05 1.57057 -0.00137508
23.815 -1.0472 -1.04736 0.000167296 14.214 -1.39792e-05 -2.45582e-05 9.11676e-06 -1.04736 2.8875e-05 1.57057 -0.00137501
23.816 -1.0472 -1.04736 0.000165075 14.2142 -1.38748e-05 -2.43633e-05 9.02755e-06 -1.04736 2.87583e-05 1.57057 -0.00137493
23.817 -1.0472 -1.04736 0.000162877 14.2144 -1.3771e-05 -2.41671e-05 8.93899e-06 -1.04736 2.86419e-05 1.57058 -0.00137486
23.818 -1.0472 -1.04736 0.000160702 14.2145 -1.36679e-05 -2.39697e-05 8.85107e-06 -1.04736 2.85258e-05 1.57058 -0.00137479
23.819 -1.0472 -1.04736 0.000158549 14.2147 -1.35654e-05 -2.37711e-05 8.76378e-06 -1.04736 2.84099e-05 1.57058 -0.00137471
23.82 -1.0472 -1.04735 0.00015642 14.2149 -1.34635e-05 -2.35715e-05 8.67712e-06 -1.04735 2.82942e-05 1.57058 -0.00137464
23.821 -1.0472 -1.04735 0.000154313 14.2151 -1.33622e-05 -2.3371e-05 8.59109e-06 -1.04735 2.81788e-05 1.57059 -0.00137456
23.822 -1.0472 -1.04735 0.000152229 14.2153 -1.32615e-05 -2.31696e-05 8.50567e-06 -1.04735 2.80637e-05 1.57059 -0.00137449
23.823 -1.0472 -1.04735 0.000150167 14.2155 -1.31614e-05 -2.29675e-05 8.42088e-06 -1.04735 2.79489e-05 1.57059 -0.00137441
23.824 -1.0472 -1.04735 0.000148127 14.2157 -1.30619e-05 -2.27647e-05 8.33669e-06 -1.04735 2.78343e-05 1.57059 -0.00137434
23.825 -1.0472 -1.04734 0.00014611 14.2158 -1.2963e-05 -2.25613e-05 8.25311e-06 -1.04734 2.772e-05 1.5706 -0.00137427
23.826 -1.0472 -1.04734 0.000144115 14.216 -1.28647e-05 -2.23573e-05 8.17013e-06 -1.04734 2.7606e-05 1.5706 -0.00137419
23.827 -1.0472 -1.04734 0.000142141 14.2162 -1.2767e-05 -2.2153e-05 8.08775e-06 -1.04734 2.74922e-05 1.5706 -0.00137412
23.828 -1.0472 -1.04734 0.00014019 14.2164 -1.267e-05 -2.19483e-05 8.00596e-06 -1.04734 2.73788e-05 1.5706 -0.00137405
23.829 -1.0472 -1.04734 0.00013826 14.2166 -1.25735e-05 -2.17432e-05 7.92476e-06 -1.04734 2.72656e-05 1.57061 -0.00137397
23.83 -1.0472 -1.04733 0.000136352 14.2168 -1.24776e-05 -2.1538e-05 7.84414e-06 -1.04733 2.71528e-05 1.57061 -0.0013739
23.831 -1.0472 -1.04733 0.000134466 14.217 -1.23823e-05 -2.13326e-05 7.7641e-06 -1.04733 2.70402e-05 1.57061 -0.00137383
23.832 -1.0472 -1.04733 0.000132601 14.2171 -1.22876e-05 -2.11272e-05 7.68464e-06 -1.04733 2.69279e-05 1.57061 -0.00137375
23.833 -1.0472 -1.04733 0.000130757 14.2173 -1.21935e-05 -2.09217e-05 7.60574e-06 -1.04733 2.68159e-05 1.57062 -0.00137368
23.834 -1.0472 -1.04733 0.000128935 14.2175 -1.21e-05 -2.07163e-05 7.52741e-06 -1.04733 2.67043e-05 1.57062 -0.00137361
23.835 -1.0472 -1.04732 0.000127133 14.2177 -1.20071e-05 -2.05111e-05 7.44964e-06 -1.04732 2.65929e-05 1.57062 -0.00137353
23.836 -1.0472 -1.04732 0.000125352 14.2179 -1.19148e-05 -2.0306e-05 7.37243e-06 -1.04732 2.64819e-05 1.57062 -0.00137346
23.837 -1.0472 -1.04732 0.000123592 14.2181 -1.1823e-05 -2.01011e-05 7.29577e-06 -1.04732 2.63711e-05 1.57063 -0.00137339
23.838 -1.0472 -1.04732 0.000121852 14.2183 -1.17319e-05 -1.98965e-05 7.21966e-06 -1.04732 2.62607e-05 1.57063 -0.00137332
23.839 -1.0472 -1.04732 0.000120133 14.2184 -1.16413e-05 -1.96923e-05 7.1441e-06 -1.04732 2.61506e-05 1.57063 -0.00137324
23.84 -1.0472 -1.04732 0.000118434 14.2186 -1.15513e-05 -1.94885e-05 7.06907e-06 -1.04732 2.60409e-05 1.57063 -0.00137317
23.841 -1.0472 -1.04731 0.000116756 14.2188 -1.14618e-05 -1.92852e-05 6.99459e-06 -1.04731 2.59314e-05 1.57063 -0.0013731
23.842 -1.0472 -1.04731 0.000115097 14.219 -1.1373e-05 -1.90823e-05 6.92063e-06 -1.04731 2.58223e-05 1.57064 -0.00137303
23.843 -1.0472 -1.04731 0.000113458 14.2192 -1.12847e-05 -1.88801e-05 6.8472e-06 -1.04731 2.57135e-05 1.57064 -0.00137295
23.844 -1.0472 -1.04731 0.000111839 14.2193 -1.1197e-05 -1.86784e-05 6.77429e-06 -1.04731 2.56051e-05 1.57064 -0.00137288
23.845 -1.0472 -1.04731 0.00011024 14.2195 -1.11099e-05 -1.84774e-05 6.70191e-06 -1.04731 2.5497e-05 1.57064 -0.00137281
23.846 -1.0472 -1.04731 0.00010866 14.2197 -1.10233e-05 -1.82771e-05 6.63004e-06 -1.04731 2.53892e-05 1.57065 -0.00137274
23.847 -1.0472 -1.0473 0.000107099 14.2199 -1.09373e-05 -1.80775e-05 6.55869e-06 -1.0473 2.52818e-05 1.57065 -0.00137267
23.848 -1.0472 -1.0473 0.000105557 14.22 -1.08519e-05 -1.78787e-05 6.48784e-06 -1.0473 2.51747e-05 1.57065 -0.0013726
23.849 -1.0472 -1.0473 0.000104035 14.2202 -1.0767e-05 -1.76808e-05 6.41749e-06 -1.0473 2.50679e-05 1.57065 -0.00137252
23.85 -1.0472 -1.0473 0.000102531 14.2204 -1.06827e-05 -1.74837e-05 6.34765e-06 -1.0473 2.49615e-05 1.57065 -0.00137245
23.851 -1.0472 -1.0473 0.000101046 14.2205 -1.05989e-05 -1.72875e-05 6.27831e-06 -1.0473 2.48555e-05 1.57066 -0.00137238
23.852 -1.0472 -1.0473 9.95789e-05 14.2207 -1.05157e-05 -1.70922e-05 6.20945e-06 -1.0473 2.47498e-05 1.57066 -0.00137231
23.853 -1.0472 -1.0473 9.81306e-05 14.2209 -1.04331e-05 -1.68979e-05 6.14109e-06 -1.0473 2.46445e-05 1.57066 -0.00137224
23.854 -1.0472 -1.04729 9.67005e-05 14.2211 -1.0351e-05 -1.67046e-05 6.07321e-06 -1.04729 2.45395e-05 1.57066 -0.00137217
23.855 -1.0472 -1.04729 9.52885e-05 14.2212 -1.02694e-05 -1.65124e-05 6.00582e-06 -1.04729 2.44349e-05 1.57066 -0.0013721
23.856 -1.0472 -1.04729 9.38944e-05 14.2214 -1.01884e-05 -1.63212e-05 5.9389e-06 -1.04729 2.43306e-05 1.57066 -0.00137203
23.857 -1.0472 -1.04729 9.25181e-05 14.2216 -1.01079e-05 -1.61311e-05 5.87246e-06 -1.04729 2.42267e-05 1.57067 -0.00137196
23.858 -1.0472 -1.04729 9.11594e-05 14.2217 -1.0028e-05 -1.59421e-05 5.80649e-06 -1.04729 2.41232e-05 1.57067 -0.00137189
23.859 -1.0472 -1.04729 8.98181e-05 14.2219 -9.94864e-06 -1.57543e-05 5.74099e-06 -1.04729 2.402e-05 1.57067 -0.00137182
23.86 -1.0472 -1.04729 8.84941e-05 14.222 -9.86979e-06 -1.55677e-05 5.67596e-06 -1.04729 2.39173e-05 1.57067 -0.00137174
23.861 -1.0472 -1.04728 8.71872e-05 14.2222 -9.79148e-06 -1.53822e-05 5.61138e-06 -1.04728 2.38148e-05 1.57067 -0.00137167
23.862 -1.0472 -1.04728 8.58973e-05 14.2224 -9.7137e-06 -1.5198e-05 5.54726e-06 -1.04728 2.37128e-05 1.57068 -0.0013716
23.863 -1.0472 -1.04728 8.46243e-05 14.2225 -9.63645e-06 -1.50151e-05 5.4836e-06 -1.04728 2.36111e-05 1.57068 -0.00137153
23.864 -1.0472 -1.04728 8.33679e-05 14.2227 -9.55972e-06 -1.48334e-05 5.42039e-06 -1.04728 2.35098e-05 1.57068 -0.00137146
23.865 -1.0472 -1.04728 8.2128e-05 14.2228 -9.48352e-06 -1.4653e-05 5.35762e-06 -1.04728 2.34089e-05 1.57068 -0.00137139
23.866 -1.0472 -1.04728 8.09045e-05 14.223 -9.40784e-06 -1.44739e-05 5.2953e-06 -1.04728 2.33083e-05 1.57068 -0.00137132
23.867 -1.0472 -1.04728 7.96972e-05 14.2231 -9.33268e-06 -1.42962e-05 5.23342e-06 -1.04728 2.32082e-05 1.57068 -0.00137125
23.868 -1.0472 -1.04728 7.8506e-05 14.2233 -9.25804e-06 -1.41198e-05 5.17198e-06 -1.04728 2.31084e-05 1.57069 -0.00137118
23.869 -1.0472 -1.04727 7.73306e-05 14.2234 -9.18391e-06 -1.39448e-05 5.11097e-06 -1.04727 2.3009e-05 1.57069 -0.00137111
23.87 -1.0472 -1.04727 7.6171e-05 14.2236 -9.1103e-06 -1.37711e-05 5.0504e-06 -1.04727 2.29099e-05 1.57069 -0.00137104
23.871 -1.0472 -1.04727 7.5027e-05 14.2237 -9.03719e-06 -1.35989e-05 4.99025e-06 -1.04727 2.28113e-05 1.57069 -0.00137097
23.872 -1.0472 -1.04727 7.38985e-05 14.2239 -8.96459e-06 -1.34281e-05 4.93053e-06 -1.04727 2.27131e-05 1.57069 -0.00137091
23.873 -1.0472 -1.04727 7.27852e-05 14.224 -8.8925e-06 -1.32587e-05 4.87123e-06 -1.04727 2.26152e-05 1.57069 -0.00137084
23.874 -1.0472 -1.04727 7.16871e-05 14.2242 -8.82091e-06 -1.30907e-05 4.81235e-06 -1.04727 2.25177e-05 1.5707 -0.00137077
23.875 -1.0472 -1.04727 7.06039e-05 14.2243 -8.74981e-06 -1.29242e-05 4.75388e-06 -1.04727 2.24206e-05 1.5707 -0.0013707
23.876 -1.0472 -1.04727 6.95356e-05 14.2245 -8.67922e-06 -1.27591e-05 4.69583e-06 -1.04727 2.23239e-05 1.5707 -0.00137063
23.877 -1.0472 -1.04727 6.8482e-05 14.2246 -8.60912e-06 -1.25956e-05 4.63819e-06 -1.04727 2.22276e-05 1.5707 -0.00137056
23.878 -1.0472 -1.04726 6.74429e-05 14.2247 -8.53951e-06 -1.24335e-05 4.58095e-06 -1.04726 2.21317e-05 1.5707 -0.00137049
23.879 -1.0472 -1.04726 6.64181e-05 14.2249 -8.47039e-06 -1.22729e-05 4.52412e-06 -1.04726 2.20362e-05 1.5707 -0.00137042
23.88 -1.0472 -1.04726 6.54076e-05 14.225 -8.40176e-06 -1.21137e-05 4.46769e-06 -1.04726 2.19411e-05 1.5707 -0.00137035
23.881 -1.0472 -1.04726 6.44112e-05 14.2251 -8.33361e-06 -1.19561e-05 4.41166e-06 -1.04726 2.18464e-05 1.57071 -0.00137028
23.882 -1.0472 -1.04726 6.34287e-05 14.2253 -8.26594e-06 -1.18e-05 4.35602e-06 -1.04726 2.1752e-05 1.57071 -0.00137021
23.883 -1.0472 -1.04726 6.24601e-05 14.2254 -8.19875e-06 -1.16455e-05 4.30077e-06 -1.04726 2.16581e-05 1.57071 -0.00137015
23.884 -1.0472 -1.04726 6.1505e-05 14.2255 -8.13204e-06 -1.14924e-05 4.24592e-06 -1.04726 2.15646e-05 1.57071 -0.00137008
23.885 -1.0472 -1.04726 6.05634e-05 14.2257 -8.0658e-06 -1.13409e-05 4.19145e-06 -1.04726 2.14715e-05 1.57071 -0.00137001
23.886 -1.0472 -1.04726 5.96352e-05 14.2258 -8.00004e-06 -1.11909e-05 4.13737e-06 -1.04726 2.13787e-05 1.57071 -0.00136994
23.887 -1.0472 -1.04726 5.87202e-05 14.2259 -7.93474e-06 -1.10424e-05 4.08366e-06 -1.04726 2.12864e-05 1.57071 -0.00136987
23.888 -1.0472 -1.04726 5.78183e-05 14.2261 -7.86991e-06 -1.08955e-05 4.03034e-06 -1.04726 2.11945e-05 1.57072 -0.0013698
23.889 -1.0472 -1.04725 5.69292e-05 14.2262 -7.80554e-06 -1.07501e-05 3.97739e-06 -1.04725 2.11029e-05 1.57072 -0.00136973
23.89 -1.0472 -1.04725 5.6053e-05 14.2263 -7.74164e-06 -1.06063e-05 3.92482e-06 -1.04725 2.10118e-05 1.57072 -0.00136967
23.891 -1.0472 -1.04725 5.51894e-05 14.2264 -7.67819e-06 -1.0464e-05 3.87261e-06 -1.04725 2.09211e-05 1.57072 -0.0013696
23.892 -1.0472 -1.04725 5.43382e-05 14.2265 -7.6152e-06 -1.03232e-05 3.82077e-06 -1.04725 2.08307e-05 1.57072 -0.00136953
23.893 -1.0472 -1.04725 5.34994e-05 14.2267 -7.55266e-06 -1.0184e-05 3.7693e-06 -1.04725 2.07408e-05 1.57072 -0.00136946
23.894 -1.0472 -1.04725 5.26729e-05 14.2268 -7.49057e-06 -1.00463e-05 3.71819e-06 -1.04725 2.06513e-05 1.57072 -0.00136939
23.895 -1.0472 -1.04725 5.18584e-05 14.2269 -7.42893e-06 -9.9102e-06 3.66745e-06 -1.04725 2.05622e-05 1.57072 -0.00136933
23.896 -1.0472 -1.04725 5.10558e-05 14.227 -7.36774e-06 -9.77562e-06 3.61706e-06 -1.04725 2.04735e-05 1.57073 -0.00136926
23.897 -1.0472 -1.04725 5.0265e-05 14.2271 -7.30699e-06 -9.64257e-06 3.56702e-06 -1.04725 2.03852e-05 1.57073 -0.00136919
23.898 -1.0472 -1.04725 4.94859e-05 14.2272 -7.24668e-06 -9.51106e-06 3.51734e-06 -1.04725 2.02973e-05 1.57073 -0.00136912
23.899 -1.0472 -1.04725 4.87183e-05 14.2274 -7.1868e-06 -9.38109e-06 3.468e-06 -1.04725 2.02098e-05 1.57073 -0.00136905
23.9 -1.0472 -1.04725 4.79621e-05 14.2275 -7.12737e-06 -9.25265e-06 3.41902e-06 -1.04725 2.01227e-05 1.57073 -0.00136899
23.901 -1.0472 -1.04724 4.72172e-05 14.2276 -7.06836e-06 -9.12574e-06 3.37038e-06 -1.04724 2.0036e-05 1.57073 -0.00136892
23.902 -1.0472 -1.04724 4.64834e-05 14.2277 -7.00979e-06 -9.00035e-06 3.32208e-06 -1.04724 1.99498e-05 1.57073 -0.00136885
23.903 -1.0472 -1.04724 4.57606e-05 14.2278 -6.95164e-06 -8.87648e-06 3.27412e-06 -1.04724 1.98639e-05 1.57073 -0.00136878
23.904 -1.0472 -1.04724 4.50486e-05 14.2279 -6.89392e-06 -8.75413e-06 3.2265e-06 -1.04724 1.97784e-05 1.57073 -0.00136872
23.905 -1.0472 -1.04724 4.43474e-05 14.228 -6.83662e-06 -8.63329e-06 3.17922e-06 -1.04724 1.96934e-05 1.57074 -0.00136865
23.906 -1.0472 -1.04724 4.36568e-05 14.2281 -6.77974e-06 -8.51396e-06 3.13227e-06 -1.04724 1.96087e-05 1.57074 -0.00136858
23.907 -1.0472 -1.04724 4.29767e-05 14.2282 -6.72328e-06 -8.39613e-06 3.08565e-06 -1.04724 1.95245e-05 1.57074 -0.00136851
23.908 -1.0472 -1.04724 4.23069e-05 14.2283 -6.66723e-06 -8.27979e-06 3.03936e-06 -1.04724 1.94406e-05 1.57074 -0.00136845
23.909 -1.0472 -1.04724 4.16473e-05 14.2284 -6.61159e-06 -8.16494e-06 2.9934e-06 -1.04724 1.93572e-05 1.57074 -0.00136838
23.91 -1.0472 -1.04724 4.09979e-05 14.2285 -6.55637e-06 -8.05158e-06 2.94776e-06 -1.04724 1.92742e-05 1.57074 -0.00136831
23.911 -1.0472 -1.04724 4.03584e-05 14.2286 -6.50155e-06 -7.93969e-06 2.90244e-06 -1.04724 1.91916e-05 1.57074 -0.00136825
23.912 -1.0472 -1.04724 3.97288e-05 14.2287 -6.44714e-06 -7.82927e-06 2.85744e-06 -1.04724 1.91094e-05 1.57074 -0.00136818
23.913 -1.0472 -1.04724 3.91089e-05 14.2288 -6.39313e-06 -7.72031e-06 2.81276e-06 -1.04724 1.90276e-05 1.57074 -0.00136811
23.914 -1.0472 -1.04724 3.84986e-05 14.2289 -6.33951e-06 -7.6128e-06 2.76839e-06 -1.04724 1.89462e-05 1.57075 -0.00136804
23.915 -1.0472 -1.04724 3.78978e-05 14.229 -6.2863e-06 -7.50674e-06 2.72434e-06 -1.04724 1.88652e-05 1.57075 -0.00136798
23.916 -1.0472 -1.04723 3.73064e-05 14.2291 -6.23348e-06 -7.40212e-06 2.6806e-06 -1.04723 1.87846e-05 1.57075 -0.00136791
23.917 -1.0472 -1.04723 3.67242e-05 14.2292 -6.18105e-06 -7.29893e-06 2.63717e-06 -1.04723 1.87044e-05 1.57075 -0.00136784
23.918 -1.0472 -1.04723 3.61512e-05 14.2293 -6.12902e-06 -7.19717e-06 2.59404e-06 -1.04723 1.86246e-05 1.57075 -0.00136778
23.919 -1.0472 -1.04723 3.55872e-05 14.2294 -6.07737e-06 -7.09681e-06 2.55122e-06 -1.04723 1.85453e-05 1.57075 -0.00136771
23.92 -1.0472 -1.04723 3.50321e-05 14.2295 -6.0261e-06 -6.99786e-06 2.5087e-06 -1.04723 1.84663e-05 1.57075 -0.00136764
23.921 -1.0472 -1.04723 3.44857e-05 14.2295 -5.97522e-06 -6.90031e-06 2.46648e-06 -1.04723 1.83878e-05 1.57075 -0.00136758
23.922 -1.0472 -1.04723 3.39481e-05 14.2296 -5.92471e-06 -6.80414e-06 2.42456e-06 -1.04723 1.83096e-05 1.57075 -0.00136751
23.923 -1.0472 -1.04723 3.3419e-05 14.2297 -5.87459e-06 -6.70935e-06 2.38294e-06 -1.04723 1.82318e-05 1.57075 -0.00136744
23.924 -1.0472 -1.04723 3.28984e-05 14.2298 -5.82484e-06 -6.61593e-06 2.34161e-06 -1.04723 1.81545e-05 1.57075 -0.00136738
23.925 -1.0472 -1.04723 3.23861e-05 14.2299 -5.77546e-06 -6.52386e-06 2.30057e-06 -1.04723 1.80775e-05 1.57076 -0.00136731
23.926 -1.0472 -1.04723 3.18821e-05 14.23 -5.72645e-06 -6.43315e-06 2.25983e-06 -1.04723 1.8001e-05 1.57076 -0.00136725
23.927 -1.0472 -1.04723 3.13862e-05 14.2301 -5.67781e-06 -6.34377e-06 2.21937e-06 -1.04723 1.79249e-05 1.57076 -0.00136718
23.928 -1.0472 -1.04723 3.08983e-05 14.2301 -5.62954e-06 -6.25572e-06 2.17919e-06 -1.04723 1.78491e-05 1.57076 -0.00136711
23.929 -1.0472 -1.04723 3.04183e-05 14.2302 -5.58162e-06 -6.16899e-06 2.13931e-06 -1.04723 1.77738e-05 1.57076 -0.00136705
23.93 -1.0472 -1.04723 2.99461e-05 14.2303 -5.53407e-06 -6.08357e-06 2.0997e-06 -1.04723 1.76988e-05 1.57076 -0.00136698
23.931 -1.0472 -1.04723 2.94816e-05 14.2304 -5.48688e-06 -5.99944e-06 2.06038e-06 -1.04723 1.76243e-05 1.57076 -0.00136692
23.932 -1.0472 -1.04723 2.90247e-05 14.2304 -5.44004e-06 -5.9166e-06 2.02133e-06 -1.04723 1.75502e-05 1.57076 -0.00136685
23.933 -1.0472 -1.04723 2.85754e-05 14.2305 -5.39356e-06 -5.83504e-06 1.98256e-06 -1.04723 1.74764e-05 1.57076 -0.00136678
23.934 -1.0472 -1.04723 2.81334e-05 14.2306 -5.34743e-06 -5.75474e-06 1.94407e-06 -1.04723 1.74031e-05 1.57076 -0.00136672
23.935 -1.0472 -1.04723 2.76987e-05 14.2307 -5.30164e-06 -5.6757e-06 1.90585e-06 -1.04723 1.73301e-05 1.57076 -0.00136665
23.936 -1.0472 -1.04722 2.72712e-05 14.2307 -5.25621e-06 -5.5979e-06 1.8679e-06 -1.04722 1.72576e-05 1.57076 -0.00136659
23.937 -1.0472 -1.04722 2.68509e-05 14.2308 -5.21111e-06 -5.52134e-06 1.83022e-06 -1.04722 1.71854e-05 1.57077 -0.00136652
23.938 -1.0472 -1.04722 2.64375e-05 14.2309 -5.16636e-06 -5.446e-06 1.7928e-06 -1.04722 1.71137e-05 1.57077 -0.00136645
23.939 -1.0472 -1.04722 2.6031e-05 14.231 -5.12195e-06 -5.37186e-06 1.75566e-06 -1.04722 1.70423e-05 1.57077 -0.00136639
23.94 -1.0472 -1.04722 2.56314e-05 14.231 -5.07788e-06 -5.29893e-06 1.71877e-06 -1.04722 1.69713e-05 1.57077 -0.00136632
23.941 -1.0472 -1.04722 2.52384e-05 14.2311 -5.03414e-06 -5.22719e-06 1.68215e-06 -1.04722 1.69008e-05 1.57077 -0.00136626
23.942 -1.0472 -1.04722 2.48521e-05 14.2312 -4.99073e-06 -5.15662e-06 1.64579e-06 -1.04722 1.68306e-05 1.57077 -0.00136619
23.943 -1.0472 -1.04722 2.44723e-05 14.2312 -4.94766e-06 -5.08722e-06 1.60969e-06 -1.04722 1.67608e-05 1.57077 -0.00136613
23.944 -1.0472 -1.04722 2.4099e-05 14.2313 -4.90491e-06 -5.01897e-06 1.57385e-06 -1.04722 1.66914e-05 1.57077 -0.00136606
23.945 -1.0472 -1.04722 2.3732e-05 14.2314 -4.86249e-06 -4.95187e-06 1.53826e-06 -1.04722 1.66224e-05 1.57077 -0.001366
23.946 -1.0472 -1.04722 2.33712e-05 14.2314 -4.82039e-06 -4.88589e-06 1.50292e-06 -1.04722 1.65537e-05 1.57077 -0.00136593
23.947 -1.0472 -1.04722 2.30167e-05 14.2315 -4.77861e-06 -4.82104e-06 1.46784e-06 -1.04722 1.64855e-05 1.57077 -0.00136586
23.948 -1.0472 -1.04722 2.26682e-05 14.2316 -4.73716e-06 -4.7573e-06 1.433e-06 -1.04722 1.64177e-05 1.57077 -0.0013658
23.949 -1.0472 -1.04722 2.23257e-05 14.2316 -4.69602e-06 -4.69465e-06 1.39842e-06 -1.04722 1.63502e-05 1.57077 -0.00136573
23.95 -1.0472 -1.04722 2.19891e-05 14.2317 -4.65519e-06 -4.63309e-06 1.36408e-06 -1.04722 1.62831e-05 1.57077 -0.00136567
23.951 -1.0472 -1.04722 2.16584e-05 14.2317 -4.61468e-06 -4.57261e-06 1.32998e-06 -1.04722 1.62165e-05 1.57078 -0.0013656
23.952 -1.0472 -1.04722 2.13334e-05 14.2318 -4.57448e-06 -4.51319e-06 1.29613e-06 -1.04722 1.61502e-05 1.57078 -0.00136554
23.953 -1.0472 -1.04722 2.10141e-05 14.2319 -4.53459e-06 -4.45481e-06 1.26253e-06 -1.04722 1.60842e-05 1.57078 -0.00136547
23.954 -1.0472 -1.04722 2.07003e-05 14.2319 -4.495e-06 -4.39748e-06 1.22916e-06 -1.04722 1.60187e-05 1.57078 -0.00136541
23.955 -1.0472 -1.04722 2.0392e-05 14.232 -4.45572e-06 -4.34118e-06 1.19603e-06 -1.04722 1.59536e-05 1.57078 -0.00136534
23.956 -1.0472 -1.04722 2.00892e-05 14.232 -4.41674e-06 -4.28589e-06 1.16314e-06 -1.04722 1.58888e-05 1.57078 -0.00136528
23.957 -1.0472 -1.04722 1.97917e-05 14.2321 -4.37806e-06 -4.23161e-06 1.13048e-06 -1.04722 1.58244e-05 1.57078 -0.00136521
23.958 -1.0472 -1.04722 1.94994e-05 14.2321 -4.33968e-06 -4.17832e-06 1.09806e-06 -1.04722 1.57604e-05 1.57078 -0.00136515
23.959 -1.0472 -1.04722 1.92123e-05 14.2322 -4.3016e-06 -4.12602e-06 1.06587e-06 -1.04722 1.56967e-05 1.57078 -0.00136508
23.96 -1.0472 -1.04722 1.89304e-05 14.2322 -4.2638e-06 -4.07469e-06 1.03391e-06 -1.04722 1.56335e-05 1.57078 -0.00136502
23.961 -1.0472 -1.04722 1.86534e-05 14.2323 -4.2263e-06 -4.02431e-06 1.00218e-06 -1.04722 1.55706e-05 1.57078 -0.00136495
23.962 -1.0472 -1.04722 1.83815e-05 14.2324 -4.18909e-06 -3.97488e-06 9.70682e-07 -1.04722 1.55081e-05 1.57078 -0.00136489
23.963 -1.0472 -1.04722 1.81143e-05 14.2324 -4.15217e-06 -3.92639e-06 9.39407e-07 -1.04722 1.5446e-05 1.57078 -0.00136482
23.964 -1.0472 -1.04722 1.78521e-05 14.2325 -4.11553e-06 -3.87883e-06 9.08357e-07 -1.04722 1.53842e-05 1.57078 -0.00136476
23.965 -1.0472 -1.04722 1.75945e-05 14.2325 -4.07918e-06 -3.83218e-06 8.7753e-07 -1.04722 1.53228e-05 1.57078 -0.00136469
23.966 -1.0472 -1.04721 1.73416e-05 14.2326 -4.04311e-06 -3.78643e-06 8.46924e-07 -1.04721 1.52618e-05 1.57078 -0.00136463
23.967 -1.0472 -1.04721 1.70933e-05 14.2326 -4.00732e-06 -3.74158e-06 8.1654e-07 -1.04721 1.52011e-05 1.57078 -0.00136457
23.968 -1.0472 -1.04721 1.68495e-05 14.2327 -3.9718e-06 -3.6976e-06 7.86374e-07 -1.04721 1.51409e-05 1.57079 -0.0013645
23.969 -1.0472 -1.04721 1.66102e-05 14.2327 -3.93656e-06 -3.6545e-06 7.56426e-07 -1.04721 1.50809e-05 1.57079 -0.00136444
23.97 -1.0472 -1.04721 1.63752e-05 14.2327 -3.9016e-06 -3.61225e-06 7.26693e-07 -1.04721 1.50214e-05 1.57079 -0.00136437
23.971 -1.0472 -1.04721 1.61446e-05 14.2328 -3.8669e-06 -3.57085e-06 6.97176e-07 -1.04721 1.49622e-05 1.57079 -0.00136431
23.972 -1.0472 -1.04721 1.59182e-05 14.2328 -3.83248e-06 -3.53029e-06 6.67871e-07 -1.04721 1.49034e-05 1.57079 -0.00136424
23.973 -1.0472 -1.04721 1.5696e-05 14.2329 -3.79832e-06 -3.49055e-06 6.38779e-07 -1.04721 1.48449e-05 1.57079 -0.00136418
23.974 -1.0472 -1.04721 1.54779e-05 14.2329 -3.76443e-06 -3.45163e-06 6.09896e-07 -1.04721 1.47868e-05 1.57079 -0.00136411
23.975 -1.0472 -1.04721 1.52639e-05 14.233 -3.73081e-06 -3.41351e-06 5.81223e-07 -1.04721 1.47291e-05 1.57079 -0.00136405
23.976 -1.0472 -1.04721 1.50539e-05 14.233 -3.69744e-06 -3.37619e-06 5.52758e-07 -1.04721 1.46717e-05 1.57079 -0.00136399
23.977 -1.0472 -1.04721 1.48478e-05 14.2331 -3.66434e-06 -3.33964e-06 5.24498e-07 -1.04721 1.46147e-05 1.57079 -0.00136392
23.978 -1.0472 -1.04721 1.46456e-05 14.2331 -3.6315e-06 -3.30387e-06 4.96444e-07 -1.04721 1.4558e-05 1.57079 -0.00136386
23.979 -1.0472 -1.04721 1.44472e-05 14.2331 -3.59891e-06 -3.26886e-06 4.68593e-07 -1.04721 1.45017e-05 1.57079 -0.00136379
23.98 -1.0472 -1.04721 1.42525e-05 14.2332 -3.56657e-06 -3.2346e-06 4.40944e-07 -1.04721 1.44458e-05 1.57079 -0.00136373
23.981 -1.0472 -1.04721 1.40616e-05 14.2332 -3.53449e-06 -3.20108e-06 4.13496e-07 -1.04721 1.43902e-05 1.57079 -0.00136366
23.982 -1.0472 -1.04721 1.38742e-05 14.2333 -3.50266e-06 -3.16829e-06 3.86248e-07 -1.04721 1.4335e-05 1.57079 -0.0013636
23.983 -1.0472 -1.04721 1.36904e-05 14.2333 -3.47108e-06 -3.13622e-06 3.59198e-07 -1.04721 1.42801e-05 1.57079 -0.00136354
23.984 -1.0472 -1.04721 1.35102e-05 14.2333 -3.43975e-06 -3.10486e-06 3.32345e-07 -1.04721 1.42255e-05 1.57079 -0.00136347
23.985 -1.0472 -1.04721 1.33334e-05 14.2334 -3.40866e-06 -3.0742e-06 3.05687e-07 -1.04721 1.41713e-05 1.57079 -0.00136341
23.986 -1.0472 -1.04721 1.316e-05 14.2334 -3.37782e-06 -3.04423e-06 2.79224e-07 -1.04721 1.41175e-05 1.57079 -0.00136334
23.987 -1.0472 -1.04721 1.29899e-05 14.2335 -3.34721e-06 -3.01494e-06 2.52954e-07 -1.04721 1.4064e-05 1.57079 -0.00136328
23.988 -1.0472 -1.04721 1.28232e-05 14.2335 -3.31685e-06 -2.98631e-06 2.26875e-07 -1.04721 1.40108e-05 1.57079 -0.00136322
23.989 -1.0472 -1.04721 1.26597e-05 14.2335 -3.28673e-06 -2.95835e-06 2.00987e-07 -1.04721 1.3958e-05 1.57079 -0.00136315
23.99 -1.0472 -1.04721 1.24993e-05 14.2336 -3.25684e-06 -2.93103e-06 1.75288e-07 -1.04721 1.39055e-05 1.57079 -0.00136309
23.991 -1.0472 -1.04721 1.23421e-05 14.2336 -3.22719e-06 -2.90436e-06 1.49778e-07 -1.04721 1.38534e-05 1.5708 -0.00136302
23.992 -1.0472 -1.04721 1.2188e-05 14.2336 -3.19777e-06 -2.87831e-06 1.24454e-07 -1.04721 1.38016e-05 1.5708 -0.00136296
23.993 -1.0472 -1.04721 1.20369e-05 14.2337 -3.16859e-06 -2.85289e-06 9.93153e-08 -1.04721 1.37502e-05 1.5708 -0.0013629
23.994 -1.0472 -1.04721 1.18888e-05 14.2337 -3.13963e-06 -2.82807e-06 7.43612e-08 -1.04721 1.36991e-05 1.5708 -0.00136283
23.995 -1.0472 -1.04721 1.17437e-05 14.2337 -3.1109e-06 -2.80386e-06 4.95901e-08 -1.04721 1.36483e-05 1.5708 -0.00136277
23.996 -1.0472 -1.04721 1.16014e-05 14.2338 -3.0824e-06 -2.78024e-06 2.50009e-08 -1.04721 1.35978e-05 1.5708 -0.00136271
23.997 -1.0472 -1.04721 1.14619e-05 14.2338 -3.05412e-06 -2.75721e-06 5.92392e-10 -1.04721 1.35477e-05 1.5708 -0.00136264
23.998 -1.0472 -1.04721 1.13253e-05 14.2338 -3.02607e-06 -2.73475e-06 -2.36366e-08 -1.04721 1.3498e-05 1.5708 -0.00136258
23.999 -1.0472 -1.04721 1.11913e-05 14.2339 -2.99824e-06 -2.71285e-06 -4.76874e-08 -1.04721 1.34485e-05 1.5708 -0.00136252
24 -1.0472 -1.04721 1.10601e-05 14.2339 -2.97063e-06 -2.69151e-06 -7.1561e-08 -1.04721 1.33994e-05 1.5708 -0.00136245
24.001 -1.0472 -1.04721 1.09315e-05 14.2339 -2.94323e-06 -2.67071e-06 -9.52586e-08 -1.04721 1.33506e-05 1.5708 -0.00136239
24.002 -1.0472 -1.04721 1.08056e-05 14.234 -2.91606e-06 -2.65046e-06 -1.18781e-07 -1.04721 1.33021e-05 1.5708 -0.00136232
24.003 -1.0472 -1.04721 1.06821e-05 14.234 -2.8891e-06 -2.63073e-06 -1.42131e-07 -1.04721 1.3254e-05 1.5708 -0.00136226
24.004 -1.0472 -1.04721 1.05612e-05 14.234 -2.86235e-06 -2.61152e-06 -1.65307e-07 -1.04721 1.32062e-05 1.5708 -0.0013622
24.005 -1.0472 -1.04721 1.04428e-05 14.234 -2.83581e-06 -2.59283e-06 -1.88313e-07 -1.04721 1.31587e-05 1.5708 -0.00136213
24.006 -1.0472 -1.04721 1.03268e-05 14.2341 -2.80949e-06 -2.57464e-06 -2.11148e-07 -1.04721 1.31115e-05 1.5708 -0.00136207
24.007 -1.0472 -1.04721 1.02132e-05 14.2341 -2.78337e-06 -2.55695e-06 -2.33814e-07 -1.04721 1.30647e-05 1.5708 -0.00136201
24.008 -1.0472 -1.04721 1.01019e-05 14.2341 -2.75746e-06 -2.53974e-06 -2.56312e-07 -1.04721 1.30182e-05 1.5708 -0.00136194
24.009 -1.0472 -1.04721 9.99298e-06 14.2342 -2.73176e-06 -2.52301e-06 -2.78643e-07 -1.04721 1.2972e-05 1.5708 -0.00136188
24.01 -1.0472 -1.04721 9.88629e-06 14.2342 -2.70626e-06 -2.50675e-06 -3.00809e-07 -1.04721 1.29261e-05 1.5708 -0.00136182
24.011 -1.0472 -1.04721 9.78182e-06 14.2342 -2.68096e-06 -2.49095e-06 -3.2281e-07 -1.04721 1.28805e-05 1.5708 -0.00136175
24.012 -1.0472 -1.04721 9.67953e-06 14.2342 -2.65587e-06 -2.47561e-06 -3.44647e-07 -1.04721 1.28352e-05 1.5708 -0.00136169
24.013 -1.0472 -1.04721 9.5794e-06 14.2343 -2.63097e-06 -2.46071e-06 -3.66322e-07 -1.04721 1.27903e-05 1.5708 -0.00136163
24.014 -1.0472 -1.04721 9.48137e-06 14.2343 -2.60628e-06 -2.44626e-06 -3.87835e-07 -1.04721 1.27456e-05 1.5708 -0.00136156
24.015 -1.0472 -1.04721 9.38542e-06 14.2343 -2.58177e-06 -2.43223e-06 -4.09188e-07 -1.04721 1.27013e-05 1.5708 -0.0013615
24.016 -1.0472 -1.04721 9.2915e-06 14.2343 -2.55747e-06 -2.41863e-06 -4.30382e-07 -1.04721 1.26573e-05 1.5708 -0.00136144
24.017 -1.0472 -1.04721 9.19958e-06 14.2344 -2.53336e-06 -2.40544e-06 -4.51417e-07 -1.04721 1.26135e-05 1.5708 -0.00136137
24.018 -1.0472 -1.04721 9.10962e-06 14.2344 -2.50944e-06 -2.39266e-06 -4.72296e-07 -1.04721 1.25701e-05 1.5708 -0.00136131
24.019 -1.0472 -1.04721 9.02159e-06 14.2344 -2.48571e-06 -2.38028e-06 -4.93018e-07 -1.04721 1.2527e-05 1.5708 -0.00136125
24.02 -1.0472 -1.04721 8.93545e-06 14.2344 -2.46218e-06 -2.3683e-06 -5.13585e-07 -1.04721 1.24842e-05 1.5708 -0.00136118
24.021 -1.0472 -1.04721 8.85117e-06 14.2344 -2.43883e-06 -2.3567e-06 -5.33998e-07 -1.04721 1.24417e-05 1.5708 -0.00136112
24.022 -1.0472 -1.04721 8.76872e-06 14.2345 -2.41566e-06 -2.34548e-06 -5.54258e-07 -1.04721 1.23995e-05 1.5708 -0.00136106
24.023 -1.0472 -1.04721 8.68805e-06 14.2345 -2.39268e-06 -2.33463e-06 -5.74366e-07 -1.04721 1.23576e-05 1.57081 -0.001361
24.024 -1.0472 -1.04721 8.60915e-06 14.2345 -2.36989e-06 -2.32415e-06 -5.94323e-07 -1.04721 1.2316e-05 1.57081 -0.00136093
24.025 -1.0472 -1.04721 8.53197e-06 14.2345 -2.34728e-06 -2.31402e-06 -6.14129e-07 -1.04721 1.22747e-05 1.57081 -0.00136087
24.026 -1.0472 -1.04721 8.45648e-06 14.2346 -2.32485e-06 -2.30425e-06 -6.33787e-07 -1.04721 1.22337e-05 1.57081 -0.00136081
24.027 -1.0472 -1.04721 8.38266e-06 14.2346 -2.3026e-06 -2.29482e-06 -6.53297e-07 -1.04721 1.21929e-05 1.57081 -0.00136074
24.028 -1.0472 -1.04721 8.31047e-06 14.2346 -2.28053e-06 -2.28573e-06 -6.7266e-07 -1.04721 1.21525e-05 1.57081 -0.00136068
24.029 -1.0472 -1.04721 8.23988e-06 14.2346 -2.25863e-06 -2.27697e-06 -6.91877e-07 -1.04721 1.21123e-05 1.57081 -0.00136062
24.03 -1.0472 -1.04721 8.17086e-06 14.2346 -2.23692e-06 -2.26854e-06 -7.10948e-07 -1.04721 1.20725e-05 1.57081 -0.00136055
24.031 -1.0472 -1.04721 8.10338e-06 14.2347 -2.21537e-06 -2.26042e-06 -7.29876e-07 -1.04721 1.20329e-05 1.57081 -0.00136049
24.032 -1.0472 -1.04721 8.03742e-06 14.2347 -2.194e-06 -2.25262e-06 -7.4866e-07 -1.04721 1.19936e-05 1.57081 -0.00136043
24.033 -1.0472 -1.04721 7.97294e-06 14.2347 -2.1728e-06 -2.24512e-06 -7.67302e-07 -1.04721 1.19546e-05 1.57081 -0.00136037
24.034 -1.0472 -1.04721 7.90991e-06 14.2347 -2.15177e-06 -2.23792e-06 -7.85803e-07 -1.04721 1.19159e-05 1.57081 -0.0013603
24.035 -1.0472 -1.04721 7.84831e-06 14.2347 -2.13092e-06 -2.23101e-06 -8.04164e-07 -1.04721 1.18775e-05 1.57081 -0.00136024
24.036 -1.0472 -1.04721 7.78812e-06 14.2348 -2.11022e-06 -2.2244e-06 -8.22385e-07 -1.04721 1.18393e-05 1.57081 -0.00136018
24.037 -1.0472 -1.04721 7.72929e-06 14.2348 -2.0897e-06 -2.21806e-06 -8.40468e-07 -1.04721 1.18015e-05 1.57081 -0.00136012
24.038 -1.0472 -1.04721 7.67182e-06 14.2348 -2.06934e-06 -2.212e-06 -8.58413e-07 -1.04721 1.17639e-05 1.57081 -0.00136005
24.039 -1.0472 -1.04721 7.61566e-06 14.2348 -2.04915e-06 -2.20621e-06 -8.76222e-07 -1.04721 1.17266e-05 1.57081 -0.00135999
24.04 -1.0472 -1.04721 7.5608e-06 14.2348 -2.02912e-06 -2.20068e-06 -8.93895e-07 -1.04721 1.16895e-05 1.57081 -0.00135993
24.041 -1.0472 -1.04721 7.50721e-06 14.2348 -2.00925e-06 -2.19542e-06 -9.11433e-07 -1.04721 1.16527e-05 1.57081 -0.00135986
24.042 -1.0472 -1.04721 7.45487e-06 14.2349 -1.98954e-06 -2.1904e-06 -9.28838e-07 -1.04721 1.16163e-05 1.57081 -0.0013598
24.043 -1.0472 -1.0472 7.40374e-06 14.2349 -1.96999e-06 -2.18563e-06 -9.46109e-07 -1.0472 1.158e-05 1.57081 -0.00135974
24.044 -1.0472 -1.0472 7.35382e-06 14.2349 -1.9506e-06 -2.18111e-06 -9.63248e-07 -1.0472 1.15441e-05 1.57081 -0.00135968
24.045 -1.0472 -1.0472 7.30506e-06 14.2349 -1.93137e-06 -2.17682e-06 -9.80256e-07 -1.0472 1.15084e-05 1.57081 -0.00135961
24.046 -1.0472 -1.0472 7.25745e-06 14.2349 -1.91229e-06 -2.17277e-06 -9.97134e-07 -1.0472 1.1473e-05 1.57081 -0.00135955
24.047 -1.0472 -1.0472 7.21097e-06 14.2349 -1.89336e-06 -2.16894e-06 -1.01388e-06 -1.0472 1.14378e-05 1.57081 -0.00135949
24.048 -1.0472 -1.0472 7.1656e-06 14.235 -1.87459e-06 -2.16533e-06 -1.0305e-06 -1.0472 1.14029e-05 1.57081 -0.00135943
24.049 -1.0472 -1.0472 7.1213e-06 14.235 -1.85598e-06 -2.16193e-06 -1.04699e-06 -1.0472 1.13683e-05 1.57081 -0.00135936
24.05 -1.0472 -1.0472 7.07807e-06 14.235 -1.83751e-06 -2.15875e-06 -1.06336e-06 -1.0472 1.13339e-05 1.57081 -0.0013593
24.051 -1.0472 -1.0472 7.03587e-06 14.235 -1.81919e-06 -2.15578e-06 -1.0796e-06 -1.0472 1.12998e-05 1.57081 -0.00135924
24.052 -1.0472 -1.0472 6.99469e-06 14.235 -1.80102e-06 -2.15301e-06 -1.09571e-06 -1.0472 1.1266e-05 1.57081 -0.00135918
24.053 -1.0472 -1.0472 6.9545e-06 14.235 -1.783e-06 -2.15043e-06 -1.1117e-06 -1.0472 1.12324e-05 1.57081 -0.00135911
24.054 -1.0472 -1.0472 6.91529e-06 14.235 -1.76513e-06 -2.14805e-06 -1.12757e-06 -1.0472 1.1199e-05 1.57081 -0.00135905
24.055 -1.0472 -1.0472 6.87704e-06 14.2351 -1.7474e-06 -2.14585e-06 -1.14331e-06 -1.0472 1.1166e-05 1.57081 -0.00135899
24.056 -1.0472 -1.0472 6.83972e-06 14.2351 -1.72982e-06 -2.14384e-06 -1.15894e-06 -1.0472 1.11331e-05 1.57081 -0.00135893
24.057 -1.0472 -1.0472 6.80332e-06 14.2351 -1.71238e-06 -2.14201e-06 -1.17444e-06 -1.0472 1.11006e-05 1.57081 -0.00135886
24.058 -1.0472 -1.0472 6.76781e-06 14.2351 -1.69508e-06 -2.14035e-06 -1.18982e-06 -1.0472 1.10682e-05 1.57081 -0.0013588
24.059 -1.0472 -1.0472 6.73318e-06 14.2351 -1.67793e-06 -2.13886e-06 -1.20508e-06 -1.0472 1.10362e-05 1.57081 -0.00135874
24.06 -1.0472 -1.0472 6.69941e-06 14.2351 -1.66091e-06 -2.13753e-06 -1.22022e-06 -1.0472 1.10043e-05 1.57081 -0.00135868
24.061 -1.0472 -1.0472 6.66648e-06 14.2351 -1.64403e-06 -2.13637e-06 -1.23525e-06 -1.0472 1.09728e-05 1.57081 -0.00135861
24.062 -1.0472 -1.0472 6.63438e-06 14.2351 -1.62729e-06 -2.13536e-06 -1.25016e-06 -1.0472 1.09414e-05 1.57081 -0.00135855
24.063 -1.0472 -1.0472 6.60308e-06 14.2352 -1.61069e-06 -2.13451e-06 -1.26495e-06 -1.0472 1.09103e-05 1.57081 -0.00135849
24.064 -1.0472 -1.0472 6.57256e-06 14.2352 -1.59422e-06 -2.13381e-06 -1.27963e-06 -1.0472 1.08795e-05 1.57081 -0.00135843
24.065 -1.0472 -1.0472 6.54282e-06 14.2352 -1.57789e-06 -2.13325e-06 -1.29419e-06 -1.0472 1.08489e-05 1.57081 -0.00135836
24.066 -1.0472 -1.0472 6.51383e-06 14.2352 -1.56169e-06 -2.13283e-06 -1.30864e-06 -1.0472 1.08185e-05 1.57081 -0.0013583
24.067 -1.0472 -1.0472 6.48559e-06 14.2352 -1.54563e-06 -2.13255e-06 -1.32297e-06 -1.0472 1.07884e-05 1.57081 -0.00135824
24.068 -1.0472 -1.0472 6.45806e-06 14.2352 -1.52969e-06 -2.13241e-06 -1.3372e-06 -1.0472 1.07585e-05 1.57081 -0.00135818
24.069 -1.0472 -1.0472 6.43124e-06 14.2352 -1.51389e-06 -2.1324e-06 -1.35131e-06 -1.0472 1.07288e-05 1.57081 -0.00135812
24.07 -1.0472 -1.0472 6.4051e-06 14.2352 -1.49822e-06 -2.13251e-06 -1.36531e-06 -1.0472 1.06994e-05 1.57081 -0.00135805
24.071 -1.0472 -1.0472 6.37965e-06 14.2352 -1.48267e-06 -2.13274e-06 -1.3792e-06 -1.0472 1.06702e-05 1.57081 -0.00135799
24.072 -1.0472 -1.0472 6.35485e-06 14.2353 -1.46725e-06 -2.1331e-06 -1.39299e-06 -1.0472 1.06413e-05 1.57081 -0.00135793
24.073 -1.0472 -1.0472 6.33069e-06 14.2353 -1.45196e-06 -2.13357e-06 -1.40666e-06 -1.0472 1.06125e-05 1.57081 -0.00135787
24.074 -1.0472 -1.0472 6.30717e-06 14.2353 -1.4368e-06 -2.13415e-06 -1.42023e-06 -1.0472 1.0584e-05 1.57081 -0.00135781
24.075 -1.0472 -1.0472 6.28427e-06 14.2353 -1.42176e-06 -2.13484e-06 -1.43368e-06 -1.0472 1.05558e-05 1.57081 -0.00135774
24.076 -1.0472 -1.0472 6.26196e-06 14.2353 -1.40685e-06 -2.13564e-06 -1.44704e-06 -1.0472 1.05277e-05 1.57081 -0.00135768
24.077 -1.0472 -1.0472 6.24024e-06 14.2353 -1.39205e-06 -2.13654e-06 -1.46029e-06 -1.0472 1.04999e-05 1.57081 -0.00135762
24.078 -1.0472 -1.0472 6.2191e-06 14.2353 -1.37738e-06 -2.13754e-06 -1.47343e-06 -1.0472 1.04723e-05 1.57081 -0.00135756
24.079 -1.0472 -1.0472 6.19852e-06 14.2353 -1.36283e-06 -2.13864e-06 -1.48647e-06 -1.0472 1.04449e-05 1.57081 -0.00135749
24.08 -1.0472 -1.0472 6.17848e-06 14.2353 -1.34841e-06 -2.13983e-06 -1.4994e-06 -1.0472 1.04178e-05 1.57081 -0.00135743
24.081 -1.0472 -1.0472 6.15899e-06 14.2353 -1.3341e-06 -2.14111e-06 -1.51224e-06 -1.0472 1.03909e-05 1.57081 -0.00135737
24.082 -1.0472 -1.0472 6.14001e-06 14.2353 -1.3199e-06 -2.14248e-06 -1.52497e-06 -1.0472 1.03641e-05 1.57081 -0.00135731
24.083 -1.0472 -1.0472 6.12154e-06 14.2354 -1.30583e-06 -2.14393e-06 -1.5376e-06 -1.0472 1.03377e-05 1.57081 -0.00135725
24.084 -1.0472 -1.0472 6.10358e-06 14.2354 -1.29187e-06 -2.14546e-06 -1.55013e-06 -1.0472 1.03114e-05 1.57081 -0.00135718
24.085 -1.0472 -1.0472 6.08609e-06 14.2354 -1.27803e-06 -2.14708e-06 -1.56256e-06 -1.0472 1.02853e-05 1.57081 -0.00135712
24.086 -1.0472 -1.0472 6.06909e-06 14.2354 -1.26431e-06 -2.14877e-06 -1.57489e-06 -1.0472 1.02595e-05 1.57081 -0.00135706
24.087 -1.0472 -1.0472 6.05254e-06 14.2354 -1.25069e-06 -2.15053e-06 -1.58712e-06 -1.0472 1.02338e-05 1.57081 -0.001357
24.088 -1.0472 -1.0472 6.03645e-06 14.2354 -1.23719e-06 -2.15236e-06 -1.59925e-06 -1.0472 1.02084e-05 1.57081 -0.00135694
24.089 -1.0472 -1.0472 6.0208e-06 14.2354 -1.22381e-06 -2.15427e-06 -1.61129e-06 -1.0472 1.01832e-05 1.57081 -0.00135687
24.09 -1.0472 -1.0472 6.00557e-06 14.2354 -1.21053e-06 -2.15623e-06 -1.62323e-06 -1.0472 1.01582e-05 1.57081 -0.00135681
24.091 -1.0472 -1.0472 5.99077e-06 14.2354 -1.19736e-06 -2.15826e-06 -1.63508e-06 -1.0472 1.01334e-05 1.57081 -0.00135675
24.092 -1.0472 -1.0472 5.97637e-06 14.2354 -1.18431e-06 -2.16036e-06 -1.64683e-06 -1.0472 1.01088e-05 1.57081 -0.00135669
24.093 -1.0472 -1.0472 5.96237e-06 14.2354 -1.17136e-06 -2.16251e-06 -1.65848e-06 -1.0472 1.00844e-05 1.57081 -0.00135663
24.094 -1.0472 -1.0472 5.94876e-06 14.2354 -1.15852e-06 -2.16471e-06 -1.67004e-06 -1.0472 1.00602e-05 1.57081 -0.00135656
24.095 -1.0472 -1.0472 5.93553e-06 14.2354 -1.14579e-06 -2.16697e-06 -1.68151e-06 -1.0472 1.00362e-05 1.57081 -0.0013565
24.096 -1.0472 -1.0472 5.92267e-06 14.2355 -1.13316e-06 -2.16928e-06 -1.69289e-06 -1.0472 1.00125e-05 1.57081 -0.00135644
24.097 -1.0472 -1.0472 5.91016e-06 14.2355 -1.12064e-06 -2.17164e-06 -1.70417e-06 -1.0472 9.98888e-06 1.57082 -0.00135638
24.098 -1.0472 -1.0472 5.89801e-06 14.2355 -1.10823e-06 -2.17405e-06 -1.71537e-06 -1.0472 9.9655e-06 1.57082 -0.00135632
24.099 -1.0472 -1.0472 5.88619e-06 14.2355 -1.09591e-06 -2.1765e-06 -1.72647e-06 -1.0472 9.94231e-06 1.57082 -0.00135626
24.1 -1.0472 -1.0472 5.87471e-06 14.2355 -1.0837e-06 -2.179e-06 -1.73748e-06 -1.0472 9.91933e-06 1.57082 -0.00135619
24.101 -1.0472 -1.0472 5.86355e-06 14.2355 -1.0716e-06 -2.18153e-06 -1.74841e-06 -1.0472 9.89653e-06 1.57082 -0.00135613
24.102 -1.0472 -1.0472 5.8527e-06 14.2355 -1.05959e-06 -2.1841e-06 -1.75924e-06 -1.0472 9.87393e-06 1.57082 -0.00135607
24.103 -1.0472 -1.0472 5.84216e-06 14.2355 -1.04769e-06 -2.18672e-06 -1.76999e-06 -1.0472 9.85152e-06 1.57082 -0.00135601
24.104 -1.0472 -1.0472 5.83192e-06 14.2355 -1.03588e-06 -2.18936e-06 -1.78065e-06 -1.0472 9.82931e-06 1.57082 -0.00135595
24.105 -1.0472 -1.0472 5.82196e-06 14.2355 -1.02418e-06 -2.19204e-06 -1.79122e-06 -1.0472 9.80728e-06 1.57082 -0.00135588
24.106 -1.0472 -1.0472 5.81229e-06 14.2355 -1.01257e-06 -2.19475e-06 -1.80171e-06 -1.0472 9.78544e-06 1.57082 -0.00135582
24.107 -1.0472 -1.0472 5.80289e-06 14.2355 -1.00106e-06 -2.19749e-06 -1.81211e-06 -1.0472 9.7638e-06 1.57082 -0.00135576
24.108 -1.0472 -1.0472 5.79375e-06 14.2355 -9.89648e-07 -2.20025e-06 -1.82243e-06 -1.0472 9.74233e-06 1.57082 -0.0013557
24.109 -1.0472 -1.0472 5.78488e-06 14.2355 -9.78332e-07 -2.20304e-06 -1.83266e-06 -1.0472 9.72106e-06 1.57082 -0.00135564
24.11 -1.0472 -1.0472 5.77625e-06 14.2355 -9.67111e-07 -2.20586e-06 -1.84281e-06 -1.0472 9.69996e-06 1.57082 -0.00135558
24.111 -1.0472 -1.0472 5.76787e-06 14.2355 -9.55984e-07 -2.2087e-06 -1.85287e-06 -1.0472 9.67905e-06 1.57082 -0.00135551
24.112 -1.0472 -1.0472 5.75972e-06 14.2356 -9.44952e-07 -2.21156e-06 -1.86285e-06 -1.0472 9.65832e-06 1.57082 -0.00135545
24.113 -1.0472 -1.0472 5.75181e-06 14.2356 -9.34012e-07 -2.21444e-06 -1.87275e-06 -1.0472 9.63777e-06 1.57082 -0.00135539
24.114 -1.0472 -1.0472 5.74411e-06 14.2356 -9.23166e-07 -2.21733e-06 -1.88257e-06 -1.0472 9.61741e-06 1.57082 -0.00135533
24.115 -1.0472 -1.0472 5.73663e-06 14.2356 -9.1241e-07 -2.22024e-06 -1.89231e-06 -1.0472 9.59722e-06 1.57082 -0.00135527
24.116 -1.0472 -1.0472 5.72937e-06 14.2356 -9.01746e-07 -2.22317e-06 -1.90197e-06 -1.0472 9.5772e-06 1.57082 -0.00135521
24.117 -1.0472 -1.0472 5.7223e-06 14.2356 -8.91173e-07 -2.22611e-06 -1.91155e-06 -1.0472 9.55737e-06 1.57082 -0.00135514
24.118 -1.0472 -1.0472 5.71543e-06 14.2356 -8.80689e-07 -2.22906e-06 -1.92105e-06 -1.0472 9.5377e-06 1.57082 -0.00135508
24.119 -1.0472 -1.0472 5.70876e-06 14.2356 -8.70294e-07 -2.23202e-06 -1.93047e-06 -1.0472 9.51822e-06 1.57082 -0.00135502
24.12 -1.0472 -1.0472 5.70227e-06 14.2356 -8.59987e-07 -2.23499e-06 -1.93981e-06 -1.0472 9.4989e-06 1.57082 -0.00135496
24.121 -1.0472 -1.0472 5.69595e-06 14.2356 -8.49768e-07 -2.23797e-06 -1.94908e-06 -1.0472 9.47975e-06 1.57082 -0.0013549
24.122 -1.0472 -1.0472 5.68981e-06 14.2356 -8.39636e-07 -2.24095e-06 -1.95826e-06 -1.0472 9.46078e-06 1.57082 -0.00135484
24.123 -1.0472 -1.0472 5.68384e-06 14.2356 -8.2959e-07 -2.24394e-06 -1.96738e-06 -1.0472 9.44198e-06 1.57082 -0.00135477
24.124 -1.0472 -1.0472 5.67803e-06 14.2356 -8.19629e-07 -2.24694e-06 -1.97641e-06 -1.0472 9.42334e-06 1.57082 -0.00135471
24.125 -1.0472 -1.0472 5.67238e-06 14.2356 -8.09754e-07 -2.24993e-06 -1.98537e-06 -1.0472 9.40487e-06 1.57082 -0.00135465
24.126 -1.0472 -1.0472 5.66688e-06 14.2356 -7.99963e-07 -2.25293e-06 -1.99426e-06 -1.0472 9.38656e-06 1.57082 -0.00135459
24.127 -1.0472 -1.0472 5.66153e-06 14.2356 -7.90255e-07 -2.25593e-06 -2.00307e-06 -1.0472 9.36842e-06 1.57082 -0.00135453
24.128 -1.0472 -1.0472 5.65632e-06 14.2356 -7.8063e-07 -2.25893e-06 -2.01181e-06 -1.0472 9.35045e-06 1.57082 -0.00135447
24.129 -1.0472 -1.0472 5.65124e-06 14.2356 -7.71088e-07 -2.26192e-06 -2.02048e-06 -1.0472 9.33263e-06 1.57082 -0.0013544
24.13 -1.0472 -1.0472 5.6463e-06 14.2356 -7.61627e-07 -2.26492e-06 -2.02907e-06 -1.0472 9.31498e-06 1.57082 -0.00135434
24.131 -1.0472 -1.0472 5.64148e-06 14.2356 -7.52248e-07 -2.26791e-06 -2.03759e-06 -1.0472 9.29749e-06 1.57082 -0.00135428
24.132 -1.0472 -1.0472 5.63679e-06 14.2356 -7.42949e-07 -2.27089e-06 -2.04604e-06 -1.0472 9.28016e-06 1.57082 -0.00135422
24.133 -1.0472 -1.0472 5.63222e-06 14.2356 -7.33729e-07 -2.27387e-06 -2.05442e-06 -1.0472 9.26298e-06 1.57082 -0.00135416
24.134 -1.0472 -1.0472 5.62776e-06 14.2357 -7.24589e-07 -2.27684e-06 -2.06273e-06 -1.0472 9.24596e-06 1.57082 -0.0013541
24.135 -1.0472 -1.0472 5.6234e-06 14.2357 -7.15527e-07 -2.27981e-06 -2.07096e-06 -1.0472 9.2291e-06 1.57082 -0.00135404
24.136 -1.0472 -1.0472 5.61916e-06 14.2357 -7.06544e-07 -2.28276e-06 -2.07913e-06 -1.0472 9.21239e-06 1.57082 -0.00135397
24.137 -1.0472 -1.0472 5.61501e-06 14.2357 -6.97637e-07 -2.28571e-06 -2.08723e-06 -1.0472 9.19584e-06 1.57082 -0.00135391
24.138 -1.0472 -1.0472 5.61097e-06 14.2357 -6.88808e-07 -2.28864e-06 -2.09526e-06 -1.0472 9.17944e-06 1.57082 -0.00135385
24.139 -1.0472 -1.0472 5.60701e-06 14.2357 -6.80054e-07 -2.29157e-06 -2.10322e-06 -1.0472 9.16319e-06 1.57082 -0.00135379
24.14 -1.0472 -1.0472 5.60315e-06 14.2357 -6.71376e-07 -2.29448e-06 -2.11112e-06 -1.0472 9.14709e-06 1.57082 -0.00135373
24.141 -1.0472 -1.0472 5.59937e-06 14.2357 -6.62773e-07 -2.29738e-06 -2.11895e-06 -1.0472 9.13114e-06 1.57082 -0.00135367
24.142 -1.0472 -1.0472 5.59568e-06 14.2357 -6.54245e-07 -2.30027e-06 -2.12671e-06 -1.0472 9.11534e-06 1.57082 -0.00135361
24.143 -1.0472 -1.0472 5.59206e-06 14.2357 -6.4579e-07 -2.30314e-06 -2.1344e-06 -1.0472 9.09969e-06 1.57082 -0.00135354
24.144 -1.0472 -1.0472 5.58852e-06 14.2357 -6.37408e-07 -2.306e-06 -2.14203e-06 -1.0472 9.08418e-06 1.57082 -0.00135348
24.145 -1.0472 -1.0472 5.58505e-06 14.2357 -6.29099e-07 -2.30884e-06 -2.1496e-06 -1.0472 9.06882e-06 1.57082 -0.00135342
24.146 -1.0472 -1.0472 5.58165e-06 14.2357 -6.20863e-07 -2.31166e-06 -2.1571e-06 -1.0472 9.05361e-06 1.57082 -0.00135336
24.147 -1.0472 -1.0472 5.57832e-06 14.2357 -6.12697e-07 -2.31447e-06 -2.16454e-06 -1.0472 9.03853e-06 1.57082 -0.0013533
24.148 -1.0472 -1.0472 5.57504e-06 14.2357 -6.04603e-07 -2.31726e-06 -2.17191e-06 -1.0472 9.0236e-06 1.57082 -0.00135324
24.149 -1.0472 -1.0472 5.57183e-06 14.2357 -5.96579e-07 -2.32004e-06 -2.17922e-06 -1.0472 9.00881e-06 1.57082 -0.00135318
24.15 -1.0472 -1.0472 5.56867e-06 14.2357 -5.88625e-07 -2.32279e-06 -2.18647e-06 -1.0472 8.99417e-06 1.57082 -0.00135311
24.151 -1.0472 -1.0472 5.56557e-06 14.2357 -5.8074e-07 -2.32552e-06 -2.19365e-06 -1.0472 8.97966e-06 1.57082 -0.00135305
24.152 -1.0472 -1.0472 5.56252e-06 14.2357 -5.72924e-07 -2.32824e-06 -2.20077e-06 -1.0472 8.96529e-06 1.57082 -0.00135299
24.153 -1.0472 -1.0472 5.55951e-06 14.2357 -5.65177e-07 -2.33093e-06 -2.20783e-06 -1.0472 8.95105e-06 1.57082 -0.00135293
24.154 -1.0472 -1.0472 5.55655e-06 14.2357 -5.57497e-07 -2.33361e-06 -2.21483e-06 -1.0472 8.93695e-06 1.57082 -0.00135287
24.155 -1.0472 -1.0472 5.55364e-06 14.2357 -5.49884e-07 -2.33626e-06 -2.22177e-06 -1.0472 8.92299e-06 1.57082 -0.00135281
24.156 -1.0472 -1.0472 5.55076e-06 14.2357 -5.42338e-07 -2.33889e-06 -2.22865e-06 -1.0472 8.90916e-06 1.57082 -0.00135275
24.157 -1.0472 -1.0472 5.54792e-06 14.2357 -5.34858e-07 -2.3415e-06 -2.23547e-06 -1.0472 8.89547e-06 1.57082 -0.00135268
24.158 -1.0472 -1.0472 5.54512e-06 14.2357 -5.27443e-07 -2.34409e-06 -2.24223e-06 -1.0472 8.88191e-06 1.57082 -0.00135262
24.159 -1.0472 -1.0472 5.54235e-06 14.2357 -5.20094e-07 -2.34665e-06 -2.24894e-06 -1.0472 8.86848e-06 1.57082 -0.00135256
24.16 -1.0472 -1.0472 5.53961e-06 14.2357 -5.12809e-07 -2.34919e-06 -2.25558e-06 -1.0472 8.85518e-06 1.57082 -0.0013525
24.161 -1.0472 -1.0472 5.5369e-06 14.2357 -5.05589e-07 -2.3517e-06 -2.26217e-06 -1.0472 8.84201e-06 1.57082 -0.00135244
24.162 -1.0472 -1.0472 5.53421e-06 14.2357 -4.98432e-07 -2.35419e-06 -2.2687e-06 -1.0472 8.82897e-06 1.57082 -0.00135238
24.163 -1.0472 -1.0472 5.53155e-06 14.2357 -4.91338e-07 -2.35666e-06 -2.27517e-06 -1.0472 8.81605e-06 1.57082 -0.00135232
24.164 -1.0472 -1.0472 5.52891e-06 14.2357 -4.84306e-07 -2.3591e-06 -2.28158e-06 -1.0472 8.80327e-06 1.57082 -0.00135225
24.165 -1.0472 -1.0472 5.5263e-06 14.2357 -4.77337e-07 -2.36152e-06 -2.28794e-06 -1.0472 8.79061e-06 1.57082 -0.00135219
24.166 -1.0472 -1.0472 5.5237e-06 14.2357 -4.70429e-07 -2.36391e-06 -2.29425e-06 -1.0472 8.77807e-06 1.57082 -0.00135213
24.167 -1.0472 -1.0472 5.52111e-06 14.2357 -4.63583e-07 -2.36627e-06 -2.3005e-06 -1.0472 8.76566e-06 1.57082 -0.00135207
24.168 -1.0472 -1.0472 5.51854e-06 14.2357 -4.56797e-07 -2.36861e-06 -2.30669e-06 -1.0472 8.75337e-06 1.57082 -0.00135201
24.169 -1.0472 -1.0472 5.51599e-06 14.2357 -4.50071e-07 -2.37092e-06 -2.31283e-06 -1.0472 8.7412e-06 1.57082 -0.00135195
24.17 -1.0472 -1.0472 5.51344e-06 14.2357 -4.43405e-07 -2.3732e-06 -2.31891e-06 -1.0472 8.72916e-06 1.57082 -0.00135189
24.171 -1.0472 -1.0472 5.51091e-06 14.2358 -4.36798e-07 -2.37546e-06 -2.32494e-06 -1.0472 8.71723e-06 1.57082 -0.00135183
24.172 -1.0472 -1.0472 5.50838e-06 14.2358 -4.3025e-07 -2.37769e-06 -2.33092e-06 -1.0472 8.70543e-06 1.57082 -0.00135176
24.173 -1.0472 -1.0472 5.50586e-06 14.2358 -4.2376e-07 -2.37989e-06 -2.33685e-06 -1.0472 8.69374e-06 1.57082 -0.0013517
24.174 -1.0472 -1.0472 5.50334e-06 14.2358 -4.17328e-07 -2.38207e-06 -2.34272e-06 -1.0472 8.68217e-06 1.57082 -0.00135164
24.175 -1.0472 -1.0472 5.50083e-06 14.2358 -4.10954e-07 -2.38422e-06 -2.34854e-06 -1.0472 8.67071e-06 1.57082 -0.00135158
24.176 -1.0472 -1.0472 5.49832e-06 14.2358 -4.04636e-07 -2.38634e-06 -2.35431e-06 -1.0472 8.65938e-06 1.57082 -0.00135152
24.177 -1.0472 -1.0472 5.49581e-06 14.2358 -3.98375e-07 -2.38843e-06 -2.36003e-06 -1.0472 8.64815e-06 1.57082 -0.00135146
24.178 -1.0472 -1.0472 5.4933e-06 14.2358 -3.92169e-07 -2.39049e-06 -2.36569e-06 -1.0472 8.63705e-06 1.57082 -0.0013514
24.179 -1.0472 -1.0472 5.49079e-06 14.2358 -3.8602e-07 -2.39252e-06 -2.37131e-06 -1.0472 8.62605e-06 1.57082 -0.00135134
24.18 -1.0472 -1.0472 5.48827e-06 14.2358 -3.79925e-07 -2.39453e-06 -2.37687e-06 -1.0472 8.61517e-06 1.57082 -0.00135127
24.181 -1.0472 -1.0472 5.48575e-06 14.2358 -3.73886e-07 -2.39651e-06 -2.38239e-06 -1.0472 8.6044e-06 1.57082 -0.00135121
24.182 -1.0472 -1.0472 5.48322e-06 14.2358 -3.679e-07 -2.39845e-06 -2.38786e-06 -1.0472 8.59374e-06 1.57082 -0.00135115
24.183 -1.0472 -1.0472 5.48069e-06 14.2358 -3.61968e-07 -2.40037e-06 -2.39328e-06 -1.0472 8.58319e-06 1.57082 -0.00135109
24.184 -1.0472 -1.0472 5.47815e-06 14.2358 -3.5609e-07 -2.40226e-06 -2.39864e-06 -1.0472 8.57274e-06 1.57082 -0.00135103
24.185 -1.0472 -1.0472 5.4756e-06 14.2358 -3.50265e-07 -2.40412e-06 -2.40397e-06 -1.0472 8.56241e-06 1.57082 -0.00135097
24.186 -1.0472 -1.0472 5.47304e-06 14.2358 -3.44492e-07 -2.40595e-06 -2.40924e-06 -1.0472 8.55218e-06 1.57082 -0.00135091
24.187 -1.0472 -1.0472 5.47047e-06 14.2358 -3.38772e-07 -2.40775e-06 -2.41446e-06 -1.0472 8.54206e-06 1.57082 -0.00135085
24.188 -1.0472 -1.0472 5.46789e-06 14.2358 -3.33103e-07 -2.40953e-06 -2.41964e-06 -1.0472 8.53205e-06 1.57082 -0.00135079
24.189 -1.0472 -1.0472 5.4653e-06 14.2358 -3.27486e-07 -2.41127e-06 -2.42477e-06 -1.0472 8.52214e-06 1.57082 -0.00135072
24.19 -1.0472 -1.0472 5.46269e-06 14.2358 -3.21919e-07 -2.41298e-06 -2.42986e-06 -1.0472 8.51233e-06 1.57082 -0.00135066
24.191 -1.0472 -1.0472 5.46007e-06 14.2358 -3.16403e-07 -2.41467e-06 -2.4349e-06 -1.0472 8.50263e-06 1.57082 -0.0013506
24.192 -1.0472 -1.0472 5.45743e-06 14.2358 -3.10937e-07 -2.41632e-06 -2.43989e-06 -1.0472 8.49303e-06 1.57082 -0.00135054
24.193 -1.0472 -1.0472 5.45478e-06 14.2358 -3.05521e-07 -2.41795e-06 -2.44484e-06 -1.0472 8.48353e-06 1.57082 -0.00135048
24.194 -1.0472 -1.0472 5.45211e-06 14.2358 -3.00154e-07 -2.41954e-06 -2.44974e-06 -1.0472 8.47413e-06 1.57082 -0.00135042
24.195 -1.0472 -1.0472 5.44943e-06 14.2358 -2.94836e-07 -2.42111e-06 -2.4546e-06 -1.0472 8.46483e-06 1.57082 -0.00135036
24.196 -1.0472 -1.0472 5.44672e-06 14.2358 -2.89567e-07 -2.42265e-06 -2.45941e-06 -1.0472 8.45563e-06 1.57082 -0.0013503
24.197 -1.0472 -1.0472 5.444e-06 14.2358 -2.84346e-07 -2.42415e-06 -2.46418e-06 -1.0472 8.44653e-06 1.57082 -0.00135023
24.198 -1.0472 -1.0472 5.44126e-06 14.2358 -2.79172e-07 -2.42563e-06 -2.46891e-06 -1.0472 8.43753e-06 1.57082 -0.00135017
24.199 -1.0472 -1.0472 5.4385e-06 14.2358 -2.74046e-07 -2.42708e-06 -2.47359e-06 -1.0472 8.42862e-06 1.57082 -0.00135011
24.2 -1.0472 -1.0472 5.43572e-06 14.2358 -2.68967e-07 -2.4285e-06 -2.47823e-06 -1.0472 8.41981e-06 1.57082 -0.00135005
24.201 -1.0472 -1.0472 5.43292e-06 14.2358 -2.63935e-07 -2.42988e-06 -2.48283e-06 -1.0472 8.4111e-06 1.57082 -0.00134999
24.202 -1.0472 -1.0472 5.4301e-06 14.2358 -2.58948e-07 -2.43124e-06 -2.48738e-06 -1.0472 8.40247e-06 1.57082 -0.00134993
24.203 -1.0472 -1.0472 5.42725e-06 14.2358 -2.54008e-07 -2.43258e-06 -2.49189e-06 -1.0472 8.39395e-06 1.57082 -0.00134987
24.204 -1.0472 -1.0472 5.42438e-06 14.2358 -2.49113e-07 -2.43388e-06 -2.49636e-06 -1.0472 8.38551e-06 1.57082 -0.00134981
24.205 -1.0472 -1.0472 5.4215e-06 14.2358 -2.44264e-07 -2.43515e-06 -2.50079e-06 -1.0472 8.37717e-06 1.57082 -0.00134975
24.206 -1.0472 -1.0472 5.41858e-06 14.2358 -2.39459e-07 -2.43639e-06 -2.50518e-06 -1.0472 8.36892e-06 1.57082 -0.00134968
24.207 -1.0472 -1.0472 5.41565e-06 14.2358 -2.34698e-07 -2.4376e-06 -2.50953e-06 -1.0472 8.36076e-06 1.57082 -0.00134962
24.208 -1.0472 -1.0472 5.41269e-06 14.2358 -2.29982e-07 -2.43879e-06 -2.51384e-06 -1.0472 8.35269e-06 1.57082 -0.00134956
24.209 -1.0472 -1.0472 5.40971e-06 14.2358 -2.25309e-07 -2.43995e-06 -2.5181e-06 -1.0472 8.34471e-06 1.57082 -0.0013495
24.21 -1.0472 -1.0472 5.4067e-06 14.2358 -2.2068e-07 -2.44107e-06 -2.52233e-06 -1.0472 8.33681e-06 1.57082 -0.00134944
24.211 -1.0472 -1.0472 5.40367e-06 14.2358 -2.16094e-07 -2.44217e-06 -2.52652e-06 -1.0472 8.32901e-06 1.57082 -0.00134938
24.212 -1.0472 -1.0472 5.40061e-06 14.2358 -2.1155e-07 -2.44324e-06 -2.53067e-06 -1.0472 8.32129e-06 1.57082 -0.00134932
24.213 -1.0472 -1.0472 5.39753e-06 14.2358 -2.07049e-07 -2.44428e-06 -2.53478e-06 -1.0472 8.31366e-06 1.57082 -0.00134926
24.214 -1.0472 -1.0472 5.39442e-06 14.2358 -2.0259e-07 -2.4453e-06 -2.53885e-06 -1.0472 8.30611e-06 1.57082 -0.0013492
24.215 -1.0472 -1.0472 5.39129e-06 14.2358 -1.98172e-07 -2.44628e-06 -2.54288e-06 -1.0472 8.29865e-06 1.57082 -0.00134914
24.216 -1.0472 -1.0472 5.38813e-06 14.2358 -1.93796e-07 -2.44724e-06 -2.54687e-06 -1.0472 8.29127e-06 1.57082 -0.00134907
24.217 -1.0472 -1.0472 5.38494e-06 14.2358 -1.8946e-07 -2.44817e-06 -2.55083e-06 -1.0472 8.28398e-06 1.57082 -0.00134901
24.218 -1.0472 -1.0472 5.38173e-06 14.2358 -1.85166e-07 -2.44907e-06 -2.55475e-06 -1.0472 8.27677e-06 1.57082 -0.00134895
24.219 -1.0472 -1.0472 5.3785e-06 14.2358 -1.80911e-07 -2.44994e-06 -2.55863e-06 -1.0472 8.26964e-06 1.57082 -0.00134889
24.22 -1.0472 -1.0472 5.37523e-06 14.2358 -1.76697e-07 -2.45079e-06 -2.56248e-06 -1.0472 8.26259e-06 1.57082 -0.00134883
24.221 -1.0472 -1.0472 5.37194e-06 14.2358 -1.72522e-07 -2.45161e-06 -2.56629e-06 -1.0472 8.25562e-06 1.57082 -0.00134877
24.222 -1.0472 -1.0472 5.36863e-06 14.2358 -1.68387e-07 -2.4524e-06 -2.57006e-06 -1.0472 8.24874e-06 1.57082 -0.00134871
24.223 -1.0472 -1.0472 5.36529e-06 14.2358 -1.6429e-07 -2.45317e-06 -2.5738e-06 -1.0472 8.24193e-06 1.57082 -0.00134865
24.224 -1.0472 -1.0472 5.36192e-06 14.2358 -1.60233e-07 -2.4539e-06 -2.5775e-06 -1.0472 8.2352e-06 1.57082 -0.00134859
24.225 -1.0472 -1.0472 5.35852e-06 14.2358 -1.56213e-07 -2.45461e-06 -2.58117e-06 -1.0472 8.22855e-06 1.57082 -0.00134852
24.226 -1.0472 -1.0472 5.3551e-06 14.2358 -1.52232e-07 -2.4553e-06 -2.5848e-06 -1.0472 8.22197e-06 1.57082 -0.00134846
24.227 -1.0472 -1.0472 5.35165e-06 14.2358 -1.48289e-07 -2.45596e-06 -2.58839e-06 -1.0472 8.21548e-06 1.57082 -0.0013484
24.228 -1.0472 -1.0472 5.34817e-06 14.2358 -1.44383e-07 -2.45659e-06 -2.59195e-06 -1.0472 8.20906e-06 1.57082 -0.00134834
24.229 -1.0472 -1.0472 5.34467e-06 14.2358 -1.40514e-07 -2.45719e-06 -2.59548e-06 -1.0472 8.20271e-06 1.57082 -0.00134828
24.23 -1.0472 -1.0472 5.34114e-06 14.2358 -1.36682e-07 -2.45777e-06 -2.59897e-06 -1.0472 8.19644e-06 1.57082 -0.00134822
24.231 -1.0472 -1.0472 5.33759e-06 14.2358 -1.32887e-07 -2.45833e-06 -2.60243e-06 -1.0472 8.19024e-06 1.57082 -0.00134816
24.232 -1.0472 -1.0472 5.334e-06 14.2358 -1.29128e-07 -2.45885e-06 -2.60586e-06 -1.0472 8.18412e-06 1.57082 -0.0013481
24.233 -1.0472 -1.0472 5.33039e-06 14.2358 -1.25405e-07 -2.45936e-06 -2.60925e-06 -1.0472 8.17807e-06 1.57082 -0.00134804
24.234 -1.0472 -1.0472 5.32676e-06 14.2358 -1.21717e-07 -2.45983e-06 -2.61261e-06 -1.0472 8.17209e-06 1.57081 -0.00134798
24.235 -1.0472 -1.0472 5.3231e-06 14.2358 -1.18065e-07 -2.46029e-06 -2.61594e-06 -1.0472 8.16618e-06 1.57081 -0.00134791
24.236 -1.0472 -1.0472 5.31941e-06 14.2358 -1.14448e-07 -2.46071e-06 -2.61924e-06 -1.0472 8.16034e-06 1.57081 -0.00134785
24.237 -1.0472 -1.0472 5.3157e-06 14.2358 -1.10866e-07 -2.46112e-06 -2.6225e-06 -1.0472 8.15458e-06 1.57081 -0.00134779
24.238 -1.0472 -1.0472 5.31195e-06 14.2358 -1.07318e-07 -2.4615e-06 -2.62573e-06 -1.0472 8.14888e-06 1.57081 -0.00134773
24.239 -1.0472 -1.0472 5.30819e-06 14.2358 -1.03805e-07 -2.46185e-06 -2.62893e-06 -1.0472 8.14325e-06 1.57081 -0.00134767
24.24 -1.0472 -1.0472 5.3044e-06 14.2358 -1.00325e-07 -2.46218e-06 -2.6321e-06 -1.0472 8.1377e-06 1.57081 -0.00134761
24.241 -1.0472 -1.0472 5.30058e-06 14.2358 -9.68793e-08 -2.46248e-06 -2.63523e-06 -1.0472 8.1322e-06 1.57081 -0.00134755
24.242 -1.0472 -1.0472 5.29674e-06 14.2358 -9.34668e-08 -2.46277e-06 -2.63834e-06 -1.0472 8.12678e-06 1.57081 -0.00134749
24.243 -1.0472 -1.0472 5.29287e-06 14.2358 -9.00875e-08 -2.46303e-06 -2.64141e-06 -1.0472 8.12142e-06 1.57081 -0.00134743
24.244 -1.0472 -1.0472 5.28897e-06 14.2358 -8.6741e-08 -2.46326e-06 -2.64446e-06 -1.0472 8.11613e-06 1.57081 -0.00134737
24.245 -1.0472 -1.0472 5.28505e-06 14.2358 -8.34271e-08 -2.46347e-06 -2.64747e-06 -1.0472 8.11091e-06 1.57081 -0.00134731
24.246 -1.0472 -1.0472 5.28111e-06 14.2358 -8.01454e-08 -2.46366e-06 -2.65046e-06 -1.0472 8.10575e-06 1.57081 -0.00134724
24.247 -1.0472 -1.0472 5.27714e-06 14.2358 -7.68959e-08 -2.46383e-06 -2.65341e-06 -1.0472 8.10065e-06 1.57081 -0.00134718
24.248 -1.0472 -1.0472 5.27315e-06 14.2358 -7.3678e-08 -2.46397e-06 -2.65634e-06 -1.0472 8.09562e-06 1.57081 -0.00134712
24.249 -1.0472 -1.0472 5.26913e-06 14.2358 -7.04918e-08 -2.46409e-06 -2.65924e-06 -1.0472 8.09065e-06 1.57081 -0.00134706
24.25 -1.0472 -1.0472 5.26509e-06 14.2358 -6.73367e-08 -2.46419e-06 -2.6621e-06 -1.0472 8.08574e-06 1.57081 -0.001347
24.251 -1.0472 -1.0472 5.26103e-06 14.2358 -6.42127e-08 -2.46427e-06 -2.66494e-06 -1.0472 8.08089e-06 1.57081 -0.00134694
24.252 -1.0472 -1.0472 5.25694e-06 14.2358 -6.11193e-08 -2.46433e-06 -2.66775e-06 -1.0472 8.07611e-06 1.57081 -0.00134688
24.253 -1.0472 -1.0472 5.25283e-06 14.2358 -5.80565e-08 -2.46436e-06 -2.67054e-06 -1.0472 8.07139e-06 1.57081 -0.00134682
24.254 -1.0472 -1.0472 5.24869e-06 14.2358 -5.50239e-08 -2.46437e-06 -2.67329e-06 -1.0472 8.06672e-06 1.57081 -0.00134676
24.255 -1.0472 -1.0472 5.24454e-06 14.2358 -5.20212e-08 -2.46437e-06 -2.67602e-06 -1.0472 8.06212e-06 1.57081 -0.0013467
24.256 -1.0472 -1.0472 5.24036e-06 14.2358 -4.90483e-08 -2.46434e-06 -2.67872e-06 -1.0472 8.05758e-06 1.57081 -0.00134663
24.257 -1.0472 -1.0472 5.23615e-06 14.2358 -4.61049e-08 -2.46429e-06 -2.68139e-06 -1.0472 8.05309e-06 1.57081 -0.00134657
24.258 -1.0472 -1.0472 5.23193e-06 14.2358 -4.31907e-08 -2.46422e-06 -2.68403e-06 -1.0472 8.04867e-06 1.57081 -0.00134651
24.259 -1.0472 -1.0472 5.22768e-06 14.2358 -4.03055e-08 -2.46413e-06 -2.68665e-06 -1.0472 8.0443e-06 1.57081 -0.00134645
24.26 -1.0472 -1.0472 5.22341e-06 14.2358 -3.7449e-08 -2.46402e-06 -2.68924e-06 -1.0472 8.03999e-06 1.57081 -0.00134639
24.261 -1.0472 -1.0472 5.21913e-06 14.2358 -3.4621e-08 -2.46389e-06 -2.69181e-06 -1.0472 8.03573e-06 1.57081 -0.00134633
24.262 -1.0472 -1.0472 5.21481e-06 14.2358 -3.18213e-08 -2.46374e-06 -2.69434e-06 -1.0472 8.03153e-06 1.57081 -0.00134627
24.263 -1.0472 -1.0472 5.21048e-06 14.2358 -2.90497e-08 -2.46357e-06 -2.69686e-06 -1.0472 8.02739e-06 1.57081 -0.00134621
24.264 -1.0472 -1.0472 5.20613e-06 14.2358 -2.63058e-08 -2.46338e-06 -2.69934e-06 -1.0472 8.0233e-06 1.57081 -0.00134615
24.265 -1.0472 -1.0472 5.20176e-06 14.2358 -2.35895e-08 -2.46317e-06 -2.7018e-06 -1.0472 8.01926e-06 1.57081 -0.00134609
24.266 -1.0472 -1.0472 5.19737e-06 14.2358 -2.09005e-08 -2.46294e-06 -2.70424e-06 -1.0472 8.01528e-06 1.57081 -0.00134603
24.267 -1.0472 -1.0472 5.19296e-06 14.2358 -1.82387e-08 -2.4627e-06 -2.70665e-06 -1.0472 8.01136e-06 1.57081 -0.00134596
24.268 -1.0472 -1.0472 5.18853e-06 14.2358 -1.56037e-08 -2.46244e-06 -2.70904e-06 -1.0472 8.00748e-06 1.57081 -0.0013459
24.269 -1.0472 -1.0472 5.18408e-06 14.2358 -1.29953e-08 -2.46216e-06 -2.7114e-06 -1.0472 8.00366e-06 1.57081 -0.00134584
24.27 -1.0472 -1.0472 5.17961e-06 14.2358 -1.04134e-08 -2.46186e-06 -2.71373e-06 -1.0472 7.99989e-06 1.57081 -0.00134578
24.271 -1.0472 -1.0472 5.17512e-06 14.2358 -7.85767e-09 -2.46154e-06 -2.71604e-06 -1.0472 7.99617e-06 1.57081 -0.00134572
24.272 -1.0472 -1.0472 5.17061e-06 14.2358 -5.32792e-09 -2.4612e-06 -2.71833e-06 -1.0472 7.99251e-06 1.57081 -0.00134566
24.273 -1.0472 -1.0472 5.16609e-06 14.2358 -2.82394e-09 -2.46085e-06 -2.7206e-06 -1.0472 7.98889e-06 1.57081 -0.0013456
24.274 -1.0472 -1.0472 5.16155e-06 14.2358 -3.45508e-10 -2.46048e-06 -2.72283e-06 -1.0472 7.98532e-06 1.57081 -0.00134554
24.275 -1.0472 -1.0472 5.15699e-06 14.2358 2.1076e-09 -2.4601e-06 -2.72505e-06 -1.0472 7.98181e-06 1.57081 -0.00134548
24.276 -1.0472 -1.0472 5.15242e-06 14.2358 4.5356e-09 -2.4597e-06 -2.72724e-06 -1.0472 7.97834e-06 1.57081 -0.00134542
24.277 -1.0472 -1.0472 5.14783e-06 14.2358 6.9387e-09 -2.45928e-06 -2.72941e-06 -1.0472 7.97492e-06 1.57081 -0.00134536
24.278 -1.0472 -1.0472 5.14322e-06 14.2358 9.3171e-09 -2.45884e-06 -2.73156e-06 -1.0472 7.97155e-06 1.57081 -0.0013453
24.279 -1.0472 -1.0472 5.13859e-06 14.2358 1.1671e-08 -2.45839e-06 -2.73369e-06 -1.0472 7.96822e-06 1.57081 -0.00134523
24.28 -1.0472 -1.0472 5.13395e-06 14.2358 1.40007e-08 -2.45792e-06 -2.73579e-06 -1.0472 7.96495e-06 1.57081 -0.00134517
24.281 -1.0472 -1.0472 5.1293e-06 14.2358 1.63063e-08 -2.45744e-06 -2.73787e-06 -1.0472 7.96172e-06 1.57081 -0.00134511
24.282 -1.0472 -1.0472 5.12463e-06 14.2358 1.8588e-08 -2.45694e-06 -2.73992e-06 -1.0472 7.95854e-06 1.57081 -0.00134505
24.283 -1.0472 -1.0472 5.11994e-06 14.2358 2.08461e-08 -2.45643e-06 -2.74196e-06 -1.0472 7.9554e-06 1.57081 -0.00134499
24.284 -1.0472 -1.0472 5.11525e-06 14.2358 2.30807e-08 -2.4559e-06 -2.74397e-06 -1.0472 7.95231e-06 1.57081 -0.00134493
24.285 -1.0472 -1.0472 5.11053e-06 14.2358 2.52921e-08 -2.45536e-06 -2.74596e-06 -1.0472 7.94926e-06 1.57081 -0.00134487
24.286 -1.0472 -1.0472 5.1058e-06 14.2358 2.74804e-08 -2.4548e-06 -2.74793e-06 -1.0472 7.94625e-06 1.57081 -0.00134481
24.287 -1.0472 -1.0472 5.10106e-06 14.2358 2.96459e-08 -2.45423e-06 -2.74988e-06 -1.0472 7.9433e-06 1.57081 -0.00134475
24.288 -1.0472 -1.0472 5.09631e-06 14.2358 3.17887e-08 -2.45364e-06 -2.75181e-06 -1.0472 7.94038e-06 1.57081 -0.00134469
24.289 -1.0472 -1.0472 5.09154e-06 14.2358 3.3909e-08 -2.45304e-06 -2.75372e-06 -1.0472 7.93751e-06 1.57081 -0.00134463
24.29 -1.0472 -1.0472 5.08677e-06 14.2358 3.60071e-08 -2.45243e-06 -2.7556e-06 -1.0472 7.93468e-06 1.57081 -0.00134457
24.291 -1.0472 -1.0472 5.08197e-06 14.2358 3.8083e-08 -2.4518e-06 -2.75747e-06 -1.0472 7.93189e-06 1.57081 -0.0013445
24.292 -1.0472 -1.0472 5.07717e-06 14.2358 4.01371e-08 -2.45116e-06 -2.75931e-06 -1.0472 7.92915e-06 1.57081 -0.00134444
24.293 -1.0472 -1.0472 5.07236e-06 14.2358 4.21695e-08 -2.45051e-06 -2.76114e-06 -1.0472 7.92644e-06 1.57081 -0.00134438
24.294 -1.0472 -1.0472 5.06753e-06 14.2358 4.41804e-08 -2.44984e-06 -2.76294e-06 -1.0472 7.92378e-06 1.57081 -0.00134432
24.295 -1.0472 -1.0472 5.06269e-06 14.2358 4.61699e-08 -2.44916e-06 -2.76473e-06 -1.0472 7.92116e-06 1.57081 -0.00134426
24.296 -1.0472 -1.0472 5.05785e-06 14.2358 4.81383e-08 -2.44847e-06 -2.76649e-06 -1.0472 7.91858e-06 1.57081 -0.0013442
24.297 -1.0472 -1.0472 5.05299e-06 14.2358 5.00857e-08 -2.44776e-06 -2.76824e-06 -1.0472 7.91604e-06 1.57081 -0.00134414
24.298 -1.0472 -1.0472 5.04812e-06 14.2358 5.20123e-08 -2.44704e-06 -2.76996e-06 -1.0472 7.91353e-06 1.57081 -0.00134408
24.299 -1.0472 -1.0472 5.04325e-06 14.2358 5.39184e-08 -2.44631e-06 -2.77167e-06 -1.0472 7.91107e-06 1.57081 -0.00134402
24.3 -1.0472 -1.0472 5.03836e-06 14.2358 5.5804e-08 -2.44557e-06 -2.77336e-06 -1.0472 7.90864e-06 1.57081 -0.00134396
24.301 -1.0472 -1.0472 5.03346e-06 14.2358 5.76693e-08 -2.44482e-06 -2.77503e-06 -1.0472 7.90626e-06 1.57081 -0.0013439
24.302 -1.0472 -1.0472 5.02856e-06 14.2358 5.95146e-08 -2.44405e-06 -2.77668e-06 -1.0472 7.90391e-06 1.57081 -0.00134384
24.303 -1.0472 -1.0472 5.02365e-06 14.2358 6.134e-08 -2.44328e-06 -2.77831e-06 -1.0472 7.9016e-06 1.57081 -0.00134377
24.304 -1.0472 -1.0472 5.01873e-06 14.2358 6.31457e-08 -2.44249e-06 -2.77992e-06 -1.0472 7.89932e-06 1.57081 -0.00134371
24.305 -1.0472 -1.0472 5.0138e-06 14.2358 6.49318e-08 -2.44169e-06 -2.78152e-06 -1.0472 7.89709e-06 1.57081 -0.00134365
24.306 -1.0472 -1.0472 5.00886e-06 14.2358 6.66985e-08 -2.44089e-06 -2.78309e-06 -1.0472 7.89488e-06 1.57081 -0.00134359
24.307 -1.0472 -1.0472 5.00392e-06 14.2358 6.84461e-08 -2.44007e-06 -2.78465e-06 -1.0472 7.89272e-06 1.57081 -0.00134353
24.308 -1.0472 -1.0472 4.99897e-06 14.2358 7.01746e-08 -2.43924e-06 -2.7862e-06 -1.0472 7.89059e-06 1.57081 -0.00134347
24.309 -1.0472 -1.0472 4.99401e-06 14.2358 7.18842e-08 -2.4384e-06 -2.78772e-06 -1.0472 7.88849e-06 1.57081 -0.00134341
24.31 -1.0472 -1.0472 4.98905e-06 14.2358 7.35751e-08 -2.43755e-06 -2.78923e-06 -1.0472 7.88643e-06 1.57081 -0.00134335
24.311 -1.0472 -1.0472 4.98408e-06 14.2358 7.52474e-08 -2.43669e-06 -2.79071e-06 -1.0472 7.88441e-06 1.57081 -0.00134329
24.312 -1.0472 -1.0472 4.97911e-06 14.2358 7.69014e-08 -2.43582e-06 -2.79219e-06 -1.0472 7.88242e-06 1.57081 -0.00134323
24.313 -1.0472 -1.0472 4.97413e-06 14.2358 7.85371e-08 -2.43494e-06 -2.79364e-06 -1.0472 7.88046e-06 1.57081 -0.00134317
24.314 -1.0472 -1.0472 4.96914e-06 14.2358 8.01548e-08 -2.43405e-06 -2.79508e-06 -1.0472 7.87853e-06 1.57081 -0.00134311
24.315 -1.0472 -1.0472 4.96416e-06 14.2358 8.17546e-08 -2.43316e-06 -2.7965e-06 -1.0472 7.87664e-06 1.57081 -0.00134305
24.316 -1.0472 -1.0472 4.95916e-06 14.2358 8.33366e-08 -2.43225e-06 -2.7979e-06 -1.0472 7.87478e-06 1.57081 -0.00134298
24.317 -1.0472 -1.0472 4.95416e-06 14.2358 8.49011e-08 -2.43133e-06 -2.79929e-06 -1.0472 7.87296e-06 1.57081 -0.00134292
24.318 -1.0472 -1.0472 4.94916e-06 14.2358 8.64481e-08 -2.43041e-06 -2.80066e-06 -1.0472 7.87116e-06 1.57081 -0.00134286
24.319 -1.0472 -1.0472 4.94416e-06 14.2358 8.79779e-08 -2.42948e-06 -2.80202e-06 -1.0472 7.8694e-06 1.57081 -0.0013428
24.32 -1.0472 -1.0472 4.93915e-06 14.2358 8.94905e-08 -2.42854e-06 -2.80336e-06 -1.0472 7.86767e-06 1.57081 -0.00134274
24.321 -1.0472 -1.0472 4.93414e-06 14.2358 9.09861e-08 -2.42759e-06 -2.80468e-06 -1.0472 7.86597e-06 1.57081 -0.00134268
24.322 -1.0472 -1.0472 4.92912e-06 14.2358 9.2465e-08 -2.42663e-06 -2.80599e-06 -1.0472 7.86429e-06 1.57081 -0.00134262
24.323 -1.0472 -1.0472 4.92411e-06 14.2358 9.39271e-08 -2.42567e-06 -2.80728e-06 -1.0472 7.86265e-06 1.57081 -0.00134256
24.324 -1.0472 -1.0472 4.91909e-06 14.2358 9.53728e-08 -2.4247e-06 -2.80856e-06 -1.0472 7.86104e-06 1.57081 -0.0013425
24.325 -1.0472 -1.0472 4.91407e-06 14.2358 9.6802e-08 -2.42372e-06 -2.80982e-06 -1.0472 7.85946e-06 1.57081 -0.00134244
24.326 -1.0472 -1.0472 4.90905e-06 14.2358 9.82151e-08 -2.42273e-06 -2.81107e-06 -1.0472 7.85791e-06 1.57081 -0.00134238
24.327 -1.0472 -1.0472 4.90402e-06 14.2358 9.9612e-08 -2.42174e-06 -2.8123e-06 -1.0472 7.85639e-06 1.57081 -0.00134232
24.328 -1.0472 -1.0472 4.899e-06 14.2358 1.00993e-07 -2.42074e-06 -2.81352e-06 -1.0472 7.85489e-06 1.57081 -0.00134226
24.329 -1.0472 -1.0472 4.89397e-06 14.2358 1.02358e-07 -2.41973e-06 -2.81472e-06 -1.0472 7.85343e-06 1.57081 -0.00134219
24.33 -1.0472 -1.0472 4.88895e-06 14.2358 1.03708e-07 -2.41871e-06 -2.8159e-06 -1.0472 7.85199e-06 1.57081 -0.00134213
24.331 -1.0472 -1.0472 4.88392e-06 14.2358 1.05042e-07 -2.41769e-06 -2.81708e-06 -1.0472 7.85058e-06 1.57081 -0.00134207
24.332 -1.0472 -1.0472 4.8789e-06 14.2358 1.0636e-07 -2.41667e-06 -2.81824e-06 -1.0472 7.8492e-06 1.57081 -0.00134201
24.333 -1.0472 -1.0472 4.87387e-06 14.2358 1.07664e-07 -2.41563e-06 -2.81938e-06 -1.0472 7.84784e-06 1.57081 -0.00134195
24.334 -1.0472 -1.0472 4.86884e-06 14.2358 1.08952e-07 -2.41459e-06 -2.82051e-06 -1.0472 7.84651e-06 1.57081 -0.00134189
24.335 -1.0472 -1.0472 4.86382e-06 14.2358 1.10226e-07 -2.41355e-06 -2.82162e-06 -1.0472 7.84521e-06 1.57081 -0.00134183
24.336 -1.0472 -1.0472 4.8588e-06 14.2358 1.11484e-07 -2.4125e-06 -2.82273e-06 -1.0472 7.84393e-06 1.57081 -0.00134177
24.337 -1.0472 -1.0472 4.85378e-06 14.2358 1.12728e-07 -2.41144e-06 -2.82381e-06 -1.0472 7.84268e-06 1.57081 -0.00134171
24.338 -1.0472 -1.0472 4.84875e-06 14.2358 1.13957e-07 -2.41038e-06 -2.82489e-06 -1.0472 7.84146e-06 1.57081 -0.00134165
24.339 -1.0472 -1.0472 4.84374e-06 14.2358 1.15172e-07 -2.40931e-06 -2.82595e-06 -1.0472 7.84026e-06 1.57081 -0.00134159
24.34 -1.0472 -1.0472 4.83872e-06 14.2358 1.16373e-07 -2.40823e-06 -2.827e-06 -1.0472 7.83908e-06 1.57081 -0.00134153
24.341 -1.0472 -1.0472 4.83371e-06 14.2358 1.17559e-07 -2.40716e-06 -2.82803e-06 -1.0472 7.83793e-06 1.57081 -0.00134147
24.342 -1.0472 -1.0472 4.82869e-06 14.2358 1.18732e-07 -2.40607e-06 -2.82905e-06 -1.0472 7.83681e-06 1.57081 -0.0013414
24.343 -1.0472 -1.0472 4.82368e-06 14.2358 1.1989e-07 -2.40498e-06 -2.83006e-06 -1.0472 7.83571e-06 1.57081 -0.00134134
24.344 -1.0472 -1.0472 4.81868e-06 14.2358 1.21035e-07 -2.40389e-06 -2.83106e-06 -1.0472 7.83463e-06 1.57081 -0.00134128
24.345 -1.0472 -1.0472 4.81368e-06 14.2358 1.22166e-07 -2.40279e-06 -2.83204e-06 -1.0472 7.83357e-06 1.57081 -0.00134122
24.346 -1.0472 -1.0472 4.80868e-06 14.2358 1.23283e-07 -2.40169e-06 -2.83301e-06 -1.0472 7.83254e-06 1.57081 -0.00134116
24.347 -1.0472 -1.0472 4.80368e-06 14.2358 1.24387e-07 -2.40058e-06 -2.83396e-06 -1.0472 7.83153e-06 1.57081 -0.0013411
24.348 -1.0472 -1.0472 4.79869e-06 14.2358 1.25478e-07 -2.39947e-06 -2.83491e-06 -1.0472 7.83055e-06 1.57081 -0.00134104
24.349 -1.0472 -1.0472 4.7937e-06 14.2358 1.26556e-07 -2.39836e-06 -2.83584e-06 -1.0472 7.82959e-06 1.57081 -0.00134098
24.35 -1.0472 -1.0472 4.78872e-06 14.2358 1.2762e-07 -2.39724e-06 -2.83676e-06 -1.0472 7.82864e-06 1.57081 -0.00134092
24.351 -1.0472 -1.0472 4.78374e-06 14.2358 1.28672e-07 -2.39612e-06 -2.83767e-06 -1.0472 7.82773e-06 1.57081 -0.00134086
24.352 -1.0472 -1.0472 4.77877e-06 14.2358 1.29711e-07 -2.39499e-06 -2.83856e-06 -1.0472 7.82683e-06 1.57081 -0.0013408
24.353 -1.0472 -1.0472 4.7738e-06 14.2358 1.30737e-07 -2.39386e-06 -2.83945e-06 -1.0472 7.82595e-06 1.57081 -0.00134074
24.354 -1.0472 -1.0472 4.76883e-06 14.2358 1.31751e-07 -2.39273e-06 -2.84032e-06 -1.0472 7.8251e-06 1.57081 -0.00134068
24.355 -1.0472 -1.0472 4.76388e-06 14.2358 1.32752e-07 -2.39159e-06 -2.84118e-06 -1.0472 7.82426e-06 1.57081 -0.00134062
24.356 -1.0472 -1.0472 4.75892e-06 14.2358 1.33741e-07 -2.39045e-06 -2.84203e-06 -1.0472 7.82345e-06 1.57081 -0.00134055
24.357 -1.0472 -1.0472 4.75398e-06 14.2358 1.34717e-07 -2.38931e-06 -2.84287e-06 -1.0472 7.82266e-06 1.57081 -0.00134049
24.358 -1.0472 -1.0472 4.74903e-06 14.2358 1.35682e-07 -2.38817e-06 -2.84369e-06 -1.0472 7.82188e-06 1.57081 -0.00134043
24.359 -1.0472 -1.0472 4.7441e-06 14.2358 1.36634e-07 -2.38702e-06 -2.84451e-06 -1.0472 7.82113e-06 1.57081 -0.00134037
24.36 -1.0472 -1.0472 4.73917e-06 14.2358 1.37575e-07 -2.38587e-06 -2.84531e-06 -1.0472 7.8204e-06 1.57081 -0.00134031
24.361 -1.0472 -1.0472 4.73425e-06 14.2358 1.38504e-07 -2.38471e-06 -2.8461e-06 -1.0472 7.81968e-06 1.57081 -0.00134025
24.362 -1.0472 -1.0472 4.72934e-06 14.2358 1.39421e-07 -2.38356e-06 -2.84689e-06 -1.0472 7.81899e-06 1.57081 -0.00134019
24.363 -1.0472 -1.0472 4.72443e-06 14.2358 1.40327e-07 -2.3824e-06 -2.84766e-06 -1.0472 7.81831e-06 1.57081 -0.00134013
24.364 -1.0472 -1.0472 4.71953e-06 14.2358 1.41221e-07 -2.38124e-06 -2.84842e-06 -1.0472 7.81765e-06 1.57081 -0.00134007
24.365 -1.0472 -1.0472 4.71463e-06 14.2358 1.42104e-07 -2.38007e-06 -2.84917e-06 -1.0472 7.81701e-06 1.57081 -0.00134001
24.366 -1.0472 -1.0472 4.70975e-06 14.2358 1.42975e-07 -2.37891e-06 -2.8499e-06 -1.0472 7.81639e-06 1.57081 -0.00133995
24.367 -1.0472 -1.0472 4.70487e-06 14.2358 1.43836e-07 -2.37774e-06 -2.85063e-06 -1.0472 7.81579e-06 1.57081 -0.00133989
24.368 -1.0472 -1.0472 4.7e-06 14.2358 1.44685e-07 -2.37657e-06 -2.85135e-06 -1.0472 7.81521e-06 1.57081 -0.00133983
24.369 -1.0472 -1.0472 4.69514e-06 14.2358 1.45524e-07 -2.3754e-06 -2.85206e-06 -1.0472 7.81464e-06 1.57081 -0.00133977
24.37 -1.0472 -1.0472 4.69029e-06 14.2358 1.46352e-07 -2.37423e-06 -2.85276e-06 -1.0472 7.81409e-06 1.57081 -0.00133971
24.371 -1.0472 -1.0472 4.68544e-06 14.2358 1.47169e-07 -2.37306e-06 -2.85344e-06 -1.0472 7.81355e-06 1.57081 -0.00133964
24.372 -1.0472 -1.0472 4.6806e-06 14.2358 1.47975e-07 -2.37188e-06 -2.85412e-06 -1.0472 7.81304e-06 1.57081 -0.00133958
24.373 -1.0472 -1.0472 4.67578e-06 14.2358 1.48771e-07 -2.3707e-06 -2.85479e-06 -1.0472 7.81254e-06 1.57081 -0.00133952
24.374 -1.0472 -1.0472 4.67096e-06 14.2358 1.49557e-07 -2.36953e-06 -2.85545e-06 -1.0472 7.81205e-06 1.57081 -0.00133946
24.375 -1.0472 -1.0472 4.66615e-06 14.2358 1.50332e-07 -2.36835e-06 -2.85609e-06 -1.0472 7.81159e-06 1.57081 -0.0013394
24.376 -1.0472 -1.0472 4.66135e-06 14.2358 1.51097e-07 -2.36717e-06 -2.85673e-06 -1.0472 7.81114e-06 1.57081 -0.00133934
24.377 -1.0472 -1.0472 4.65656e-06 14.2358 1.51852e-07 -2.36598e-06 -2.85736e-06 -1.0472 7.8107e-06 1.57081 -0.00133928
24.378 -1.0472 -1.0472 4.65177e-06 14.2358 1.52597e-07 -2.3648e-06 -2.85798e-06 -1.0472 7.81028e-06 1.57081 -0.00133922
24.379 -1.0472 -1.0472 4.647e-06 14.2358 1.53332e-07 -2.36362e-06 -2.85859e-06 -1.0472 7.80987e-06 1.57081 -0.00133916
24.38 -1.0472 -1.0472 4.64224e-06 14.2358 1.54057e-07 -2.36244e-06 -2.85919e-06 -1.0472 7.80949e-06 1.57081 -0.0013391
24.381 -1.0472 -1.0472 4.63749e-06 14.2358 1.54773e-07 -2.36125e-06 -2.85978e-06 -1.0472 7.80911e-06 1.57081 -0.00133904
24.382 -1.0472 -1.0472 4.63275e-06 14.2358 1.55479e-07 -2.36007e-06 -2.86037e-06 -1.0472 7.80875e-06 1.57081 -0.00133898
24.383 -1.0472 -1.0472 4.62802e-06 14.2358 1.56175e-07 -2.35888e-06 -2.86094e-06 -1.0472 7.8084e-06 1.57081 -0.00133892
24.384 -1.0472 -1.0472 4.62329e-06 14.2358 1.56862e-07 -2.35769e-06 -2.8615e-06 -1.0472 7.80807e-06 1.57081 -0.00133886
24.385 -1.0472 -1.0472 4.61858e-06 14.2358 1.57539e-07 -2.35651e-06 -2.86206e-06 -1.0472 7.80776e-06 1.57081 -0.0013388
24.386 -1.0472 -1.0472 4.61388e-06 14.2358 1.58208e-07 -2.35532e-06 -2.86261e-06 -1.0472 7.80745e-06 1.57081 -0.00133874
24.387 -1.0472 -1.0472 4.60919e-06 14.2358 1.58867e-07 -2.35414e-06 -2.86315e-06 -1.0472 7.80716e-06 1.57081 -0.00133867
24.388 -1.0472 -1.0472 4.60452e-06 14.2358 1.59517e-07 -2.35295e-06 -2.86368e-06 -1.0472 7.80689e-06 1.57081 -0.00133861
24.389 -1.0472 -1.0472 4.59985e-06 14.2358 1.60158e-07 -2.35176e-06 -2.8642e-06 -1.0472 7.80663e-06 1.57081 -0.00133855
24.39 -1.0472 -1.0472 4.59519e-06 14.2358 1.6079e-07 -2.35058e-06 -2.86471e-06 -1.0472 7.80638e-06 1.57081 -0.00133849
24.391 -1.0472 -1.0472 4.59055e-06 14.2358 1.61413e-07 -2.34939e-06 -2.86521e-06 -1.0472 7.80614e-06 1.57081 -0.00133843
24.392 -1.0472 -1.0472 4.58591e-06 14.2358 1.62028e-07 -2.3482e-06 -2.86571e-06 -1.0472 7.80592e-06 1.57081 -0.00133837
24.393 -1.0472 -1.0472 4.58129e-06 14.2358 1.62633e-07 -2.34702e-06 -2.8662e-06 -1.0472 7.80571e-06 1.57081 -0.00133831
24.394 -1.0472 -1.0472 4.57668e-06 14.2358 1.63231e-07 -2.34583e-06 -2.86668e-06 -1.0472 7.80551e-06 1.57081 -0.00133825
24.395 -1.0472 -1.0472 4.57208e-06 14.2358 1.6382e-07 -2.34465e-06 -2.86715e-06 -1.0472 7.80532e-06 1.57081 -0.00133819
24.396 -1.0472 -1.0472 4.5675e-06 14.2358 1.644e-07 -2.34346e-06 -2.86762e-06 -1.0472 7.80515e-06 1.57081 -0.00133813
24.397 -1.0472 -1.0472 4.56292e-06 14.2358 1.64972e-07 -2.34228e-06 -2.86807e-06 -1.0472 7.80499e-06 1.57081 -0.00133807
24.398 -1.0472 -1.0472 4.55836e-06 14.2358 1.65536e-07 -2.3411e-06 -2.86852e-06 -1.0472 7.80483e-06 1.57081 -0.00133801
24.399 -1.0472 -1.0472 4.55381e-06 14.2358 1.66092e-07 -2.33991e-06 -2.86896e-06 -1.0472 7.8047e-06 1.57081 -0.00133795
24.4 -1.0472 -1.0472 4.54928e-06 14.2358 1.66639e-07 -2.33873e-06 -2.86939e-06 -1.0472 7.80457e-06 1.57081 -0.00133789
24.401 -1.0472 -1.0472 4.54475e-06 14.2358 1.67179e-07 -2.33755e-06 -2.86982e-06 -1.0472 7.80445e-06 1.57081 -0.00133783
24.402 -1.0472 -1.0472 4.54024e-06 14.2358 1.67711e-07 -2.33637e-06 -2.87024e-06 -1.0472 7.80435e-06 1.57081 -0.00133777
24.403 -1.0472 -1.0472 4.53574e-06 14.2358 1.68235e-07 -2.33519e-06 -2.87065e-06 -1.0472 7.80425e-06 1.57081 -0.0013377
24.404 -1.0472 -1.0472 4.53125e-06 14.2358 1.68751e-07 -2.33402e-06 -2.87105e-06 -1.0472 7.80417e-06 1.57081 -0.00133764
24.405 -1.0472 -1.0472 4.52678e-06 14.2358 1.69259e-07 -2.33284e-06 -2.87145e-06 -1.0472 7.8041e-06 1.57081 -0.00133758
24.406 -1.0472 -1.0472 4.52231e-06 14.2358 1.6976e-07 -2.33167e-06 -2.87184e-06 -1.0472 7.80403e-06 1.57081 -0.00133752
24.407 -1.0472 -1.0472 4.51787e-06 14.2358 1.70254e-07 -2.33049e-06 -2.87222e-06 -1.0472 7.80398e-06 1.57081 -0.00133746
24.408 -1.0472 -1.0472 4.51343e-06 14.2358 1.7074e-07 -2.32932e-06 -2.87259e-06 -1.0472 7.80394e-06 1.57081 -0.0013374
24.409 -1.0472 -1.0472 4.50901e-06 14.2358 1.71218e-07 -2.32815e-06 -2.87296e-06 -1.0472 7.80391e-06 1.57081 -0.00133734
24.41 -1.0472 -1.0472 4.5046e-06 14.2358 1.71689e-07 -2.32698e-06 -2.87332e-06 -1.0472 7.80388e-06 1.57081 -0.00133728
24.411 -1.0472 -1.0472 4.50021e-06 14.2358 1.72154e-07 -2.32581e-06 -2.87368e-06 -1.0472 7.80387e-06 1.57081 -0.00133722
24.412 -1.0472 -1.0472 4.49582e-06 14.2358 1.7261e-07 -2.32464e-06 -2.87402e-06 -1.0472 7.80387e-06 1.57081 -0.00133716
24.413 -1.0472 -1.0472 4.49145e-06 14.2358 1.7306e-07 -2.32348e-06 -2.87436e-06 -1.0472 7.80387e-06 1.57081 -0.0013371
24.414 -1.0472 -1.0472 4.4871e-06 14.2358 1.73503e-07 -2.32231e-06 -2.8747e-06 -1.0472 7.80389e-06 1.57081 -0.00133704
24.415 -1.0472 -1.0472 4.48276e-06 14.2358 1.73939e-07 -2.32115e-06 -2.87503e-06 -1.0472 7.80391e-06 1.57081 -0.00133698
24.416 -1.0472 -1.0472 4.47843e-06 14.2358 1.74368e-07 -2.31999e-06 -2.87535e-06 -1.0472 7.80394e-06 1.57081 -0.00133692
24.417 -1.0472 -1.0472 4.47412e-06 14.2358 1.7479e-07 -2.31883e-06 -2.87566e-06 -1.0472 7.80399e-06 1.57081 -0.00133686
24.418 -1.0472 -1.0472 4.46982e-06 14.2358 1.75206e-07 -2.31768e-06 -2.87597e-06 -1.0472 7.80404e-06 1.57081 -0.0013368
24.419 -1.0472 -1.0472 4.46553e-06 14.2358 1.75614e-07 -2.31652e-06 -2.87627e-06 -1.0472 7.8041e-06 1.57081 -0.00133674
24.42 -1.0472 -1.0472 4.46126e-06 14.2358 1.76017e-07 -2.31537e-06 -2.87657e-06 -1.0472 7.80416e-06 1.57081 -0.00133667
24.421 -1.0472 -1.0472 4.457e-06 14.2358 1.76412e-07 -2.31422e-06 -2.87685e-06 -1.0472 7.80424e-06 1.57081 -0.00133661
24.422 -1.0472 -1.0472 4.45276e-06 14.2358 1.76802e-07 -2.31307e-06 -2.87714e-06 -1.0472 7.80432e-06 1.57081 -0.00133655
24.423 -1.0472 -1.0472 4.44853e-06 14.2358 1.77185e-07 -2.31193e-06 -2.87741e-06 -1.0472 7.80441e-06 1.57081 -0.00133649
24.424 -1.0472 -1.0472 4.44432e-06 14.2358 1.77561e-07 -2.31078e-06 -2.87769e-06 -1.0472 7.80451e-06 1.57081 -0.00133643
24.425 -1.0472 -1.0472 4.44011e-06 14.2358 1.77932e-07 -2.30964e-06 -2.87795e-06 -1.0472 7.80462e-06 1.57081 -0.00133637
24.426 -1.0472 -1.0472 4.43593e-06 14.2358 1.78296e-07 -2.3085e-06 -2.87821e-06 -1.0472 7.80473e-06 1.57081 -0.00133631
24.427 -1.0472 -1.0472 4.43176e-06 14.2358 1.78654e-07 -2.30736e-06 -2.87846e-06 -1.0472 7.80485e-06 1.57081 -0.00133625
24.428 -1.0472 -1.0472 4.4276e-06 14.2358 1.79006e-07 -2.30623e-06 -2.87871e-06 -1.0472 7.80498e-06 1.57081 -0.00133619
24.429 -1.0472 -1.0472 4.42346e-06 14.2358 1.79352e-07 -2.30509e-06 -2.87895e-06 -1.0472 7.80511e-06 1.57081 -0.00133613
24.43 -1.0472 -1.0472 4.41933e-06 14.2358 1.79692e-07 -2.30396e-06 -2.87919e-06 -1.0472 7.80526e-06 1.57081 -0.00133607
24.431 -1.0472 -1.0472 4.41521e-06 14.2358 1.80026e-07 -2.30284e-06 -2.87942e-06 -1.0472 7.80541e-06 1.57081 -0.00133601
24.432 -1.0472 -1.0472 4.41112e-06 14.2358 1.80354e-07 -2.30171e-06 -2.87964e-06 -1.0472 7.80556e-06 1.57081 -0.00133595
24.433 -1.0472 -1.0472 4.40703e-06 14.2358 1.80677e-07 -2.30059e-06 -2.87986e-06 -1.0472 7.80573e-06 1.57081 -0.00133589
24.434 -1.0472 -1.0472 4.40296e-06 14.2358 1.80994e-07 -2.29947e-06 -2.88008e-06 -1.0472 7.80589e-06 1.57081 -0.00133583
24.435 -1.0472 -1.0472 4.39891e-06 14.2358 1.81305e-07 -2.29835e-06 -2.88029e-06 -1.0472 7.80607e-06 1.57081 -0.00133577
24.436 -1.0472 -1.0472 4.39487e-06 14.2358 1.81611e-07 -2.29723e-06 -2.88049e-06 -1.0472 7.80625e-06 1.57081 -0.00133571
24.437 -1.0472 -1.0472 4.39084e-06 14.2358 1.81911e-07 -2.29612e-06 -2.88069e-06 -1.0472 7.80644e-06 1.57081 -0.00133565
24.438 -1.0472 -1.0472 4.38683e-06 14.2358 1.82206e-07 -2.29501e-06 -2.88088e-06 -1.0472 7.80663e-06 1.57081 -0.00133558
24.439 -1.0472 -1.0472 4.38284e-06 14.2358 1.82495e-07 -2.2939e-06 -2.88107e-06 -1.0472 7.80683e-06 1.57081 -0.00133552
24.44 -1.0472 -1.0472 4.37886e-06 14.2358 1.82779e-07 -2.2928e-06 -2.88125e-06 -1.0472 7.80704e-06 1.57081 -0.00133546
24.441 -1.0472 -1.0472 4.37489e-06 14.2358 1.83058e-07 -2.2917e-06 -2.88143e-06 -1.0472 7.80725e-06 1.57081 -0.0013354
24.442 -1.0472 -1.0472 4.37094e-06 14.2358 1.83331e-07 -2.2906e-06 -2.8816e-06 -1.0472 7.80747e-06 1.57081 -0.00133534
24.443 -1.0472 -1.0472 4.36701e-06 14.2358 1.836e-07 -2.2895e-06 -2.88177e-06 -1.0472 7.80769e-06 1.57081 -0.00133528
24.444 -1.0472 -1.0472 4.36309e-06 14.2358 1.83863e-07 -2.28841e-06 -2.88193e-06 -1.0472 7.80792e-06 1.57081 -0.00133522
24.445 -1.0472 -1.0472 4.35919e-06 14.2358 1.84121e-07 -2.28732e-06 -2.88209e-06 -1.0472 7.80815e-06 1.57081 -0.00133516
24.446 -1.0472 -1.0472 4.3553e-06 14.2358 1.84374e-07 -2.28623e-06 -2.88224e-06 -1.0472 7.80839e-06 1.57081 -0.0013351
24.447 -1.0472 -1.0472 4.35142e-06 14.2358 1.84623e-07 -2.28515e-06 -2.88239e-06 -1.0472 7.80863e-06 1.57081 -0.00133504
24.448 -1.0472 -1.0472 4.34756e-06 14.2358 1.84866e-07 -2.28407e-06 -2.88254e-06 -1.0472 7.80888e-06 1.57081 -0.00133498
24.449 -1.0472 -1.0472 4.34372e-06 14.2358 1.85105e-07 -2.28299e-06 -2.88268e-06 -1.0472 7.80913e-06 1.57081 -0.00133492
24.45 -1.0472 -1.0472 4.33989e-06 14.2358 1.85338e-07 -2.28191e-06 -2.88281e-06 -1.0472 7.80939e-06 1.57081 -0.00133486
24.451 -1.0472 -1.0472 4.33608e-06 14.2358 1.85567e-07 -2.28084e-06 -2.88294e-06 -1.0472 7.80965e-06 1.57081 -0.0013348
24.452 -1.0472 -1.0472 4.33228e-06 14.2358 1.85792e-07 -2.27977e-06 -2.88307e-06 -1.0472 7.80991e-06 1.57081 -0.00133474
24.453 -1.0472 -1.0472 4.3285e-06 14.2358 1.86011e-07 -2.2787e-06 -2.88319e-06 -1.0472 7.81018e-06 1.57081 -0.00133468
24.454 -1.0472 -1.0472 4.32473e-06 14.2358 1.86227e-07 -2.27764e-06 -2.8833e-06 -1.0472 7.81046e-06 1.57081 -0.00133462
24.455 -1.0472 -1.0472 4.32098e-06 14.2358 1.86437e-07 -2.27658e-06 -2.88342e-06 -1.0472 7.81074e-06 1.57081 -0.00133456
24.456 -1.0472 -1.0472 4.31724e-06 14.2358 1.86643e-07 -2.27552e-06 -2.88352e-06 -1.0472 7.81102e-06 1.57081 -0.0013345
24.457 -1.0472 -1.0472 4.31352e-06 14.2358 1.86845e-07 -2.27447e-06 -2.88363e-06 -1.0472 7.81131e-06 1.57081 -0.00133443
24.458 -1.0472 -1.0472 4.30982e-06 14.2358 1.87042e-07 -2.27342e-06 -2.88373e-06 -1.0472 7.8116e-06 1.57081 -0.00133437
24.459 -1.0472 -1.0472 4.30613e-06 14.2358 1.87235e-07 -2.27237e-06 -2.88382e-06 -1.0472 7.81189e-06 1.57081 -0.00133431
24.46 -1.0472 -1.0472 4.30245e-06 14.2358 1.87424e-07 -2.27133e-06 -2.88392e-06 -1.0472 7.81219e-06 1.57081 -0.00133425
24.461 -1.0472 -1.0472 4.29879e-06 14.2358 1.87609e-07 -2.27029e-06 -2.884e-06 -1.0472 7.8125e-06 1.57081 -0.00133419
24.462 -1.0472 -1.0472 4.29515e-06 14.2358 1.87789e-07 -2.26925e-06 -2.88409e-06 -1.0472 7.8128e-06 1.57081 -0.00133413
24.463 -1.0472 -1.0472 4.29152e-06 14.2358 1.87965e-07 -2.26822e-06 -2.88417e-06 -1.0472 7.81311e-06 1.57081 -0.00133407
24.464 -1.0472 -1.0472 4.28791e-06 14.2358 1.88137e-07 -2.26719e-06 -2.88424e-06 -1.0472 7.81342e-06 1.57081 -0.00133401
24.465 -1.0472 -1.0472 4.28431e-06 14.2358 1.88305e-07 -2.26616e-06 -2.88431e-06 -1.0472 7.81374e-06 1.57081 -0.00133395
24.466 -1.0472 -1.0472 4.28073e-06 14.2358 1.88469e-07 -2.26514e-06 -2.88438e-06 -1.0472 7.81406e-06 1.57081 -0.00133389
24.467 -1.0472 -1.0472 4.27716e-06 14.2358 1.88629e-07 -2.26412e-06 -2.88444e-06 -1.0472 7.81438e-06 1.57081 -0.00133383
24.468 -1.0472 -1.0472 4.27361e-06 14.2358 1.88786e-07 -2.2631e-06 -2.8845e-06 -1.0472 7.81471e-06 1.57081 -0.00133377
24.469 -1.0472 -1.0472 4.27007e-06 14.2358 1.88938e-07 -2.26209e-06 -2.88456e-06 -1.0472 7.81503e-06 1.57081 -0.00133371
24.47 -1.0472 -1.0472 4.26655e-06 14.2358 1.89086e-07 -2.26108e-06 -2.88461e-06 -1.0472 7.81536e-06 1.57081 -0.00133365
24.471 -1.0472 -1.0472 4.26305e-06 14.2358 1.89231e-07 -2.26007e-06 -2.88466e-06 -1.0472 7.8157e-06 1.57081 -0.00133359
24.472 -1.0472 -1.0472 4.25956e-06 14.2358 1.89372e-07 -2.25907e-06 -2.88471e-06 -1.0472 7.81603e-06 1.57081 -0.00133353
24.473 -1.0472 -1.0472 4.25608e-06 14.2358 1.89509e-07 -2.25807e-06 -2.88475e-06 -1.0472 7.81637e-06 1.57081 -0.00133347
24.474 -1.0472 -1.0472 4.25262e-06 14.2358 1.89643e-07 -2.25707e-06 -2.88479e-06 -1.0472 7.81672e-06 1.57081 -0.00133341
24.475 -1.0472 -1.0472 4.24918e-06 14.2358 1.89773e-07 -2.25608e-06 -2.88482e-06 -1.0472 7.81706e-06 1.57081 -0.00133335
24.476 -1.0472 -1.0472 4.24575e-06 14.2358 1.899e-07 -2.25509e-06 -2.88485e-06 -1.0472 7.81741e-06 1.57081 -0.00133329
24.477 -1.0472 -1.0472 4.24234e-06 14.2358 1.90023e-07 -2.25411e-06 -2.88488e-06 -1.0472 7.81775e-06 1.57081 -0.00133323
24.478 -1.0472 -1.0472 4.23894e-06 14.2358 1.90142e-07 -2.25313e-06 -2.88491e-06 -1.0472 7.81811e-06 1.57081 -0.00133316
24.479 -1.0472 -1.0472 4.23556e-06 14.2358 1.90258e-07 -2.25215e-06 -2.88493e-06 -1.0472 7.81846e-06 1.57081 -0.0013331
24.48 -1.0472 -1.0472 4.23219e-06 14.2358 1.90371e-07 -2.25117e-06 -2.88495e-06 -1.0472 7.81881e-06 1.57081 -0.00133304
24.481 -1.0472 -1.0472 4.22884e-06 14.2358 1.9048e-07 -2.2502e-06 -2.88496e-06 -1.0472 7.81917e-06 1.57081 -0.00133298
24.482 -1.0472 -1.0472 4.22551e-06 14.2358 1.90586e-07 -2.24923e-06 -2.88497e-06 -1.0472 7.81953e-06 1.57081 -0.00133292
24.483 -1.0472 -1.0472 4.22218e-06 14.2358 1.90689e-07 -2.24827e-06 -2.88498e-06 -1.0472 7.81989e-06 1.57081 -0.00133286
24.484 -1.0472 -1.0472 4.21888e-06 14.2358 1.90788e-07 -2.24731e-06 -2.88498e-06 -1.0472 7.82025e-06 1.57081 -0.0013328
24.485 -1.0472 -1.0472 4.21559e-06 14.2358 1.90884e-07 -2.24635e-06 -2.88499e-06 -1.0472 7.82062e-06 1.57081 -0.00133274
24.486 -1.0472 -1.0472 4.21231e-06 14.2358 1.90977e-07 -2.2454e-06 -2.88499e-06 -1.0472 7.82099e-06 1.57081 -0.00133268
24.487 -1.0472 -1.0472 4.20906e-06 14.2358 1.91067e-07 -2.24445e-06 -2.88498e-06 -1.0472 7.82135e-06 1.57081 -0.00133262
24.488 -1.0472 -1.0472 4.20581e-06 14.2358 1.91154e-07 -2.2435e-06 -2.88497e-06 -1.0472 7.82172e-06 1.57081 -0.00133256
24.489 -1.0472 -1.0472 4.20258e-06 14.2358 1.91238e-07 -2.24256e-06 -2.88496e-06 -1.0472 7.82209e-06 1.57081 -0.0013325
24.49 -1.0472 -1.0472 4.19937e-06 14.2358 1.91319e-07 -2.24162e-06 -2.88495e-06 -1.0472 7.82247e-06 1.57081 -0.00133244
24.491 -1.0472 -1.0472 4.19617e-06 14.2358 1.91397e-07 -2.24069e-06 -2.88494e-06 -1.0472 7.82284e-06 1.57081 -0.00133238
24.492 -1.0472 -1.0472 4.19299e-06 14.2358 1.91472e-07 -2.23976e-06 -2.88492e-06 -1.0472 7.82321e-06 1.57081 -0.00133232
24.493 -1.0472 -1.0472 4.18982e-06 14.2358 1.91544e-07 -2.23883e-06 -2.8849e-06 -1.0472 7.82359e-06 1.57081 -0.00133226
24.494 -1.0472 -1.0472 4.18666e-06 14.2358 1.91613e-07 -2.23791e-06 -2.88487e-06 -1.0472 7.82397e-06 1.57081 -0.0013322
24.495 -1.0472 -1.0472 4.18353e-06 14.2358 1.91679e-07 -2.23698e-06 -2.88484e-06 -1.0472 7.82435e-06 1.57081 -0.00133214
24.496 -1.0472 -1.0472 4.1804e-06 14.2358 1.91742e-07 -2.23607e-06 -2.88481e-06 -1.0472 7.82473e-06 1.57081 -0.00133208
24.497 -1.0472 -1.0472 4.17729e-06 14.2358 1.91803e-07 -2.23516e-06 -2.88478e-06 -1.0472 7.82511e-06 1.57081 -0.00133202
24.498 -1.0472 -1.0472 4.1742e-06 14.2358 1.91861e-07 -2.23425e-06 -2.88475e-06 -1.0472 7.82549e-06 1.57081 -0.00133196
24.499 -1.0472 -1.0472 4.17112e-06 14.2358 1.91916e-07 -2.23334e-06 -2.88471e-06 -1.0472 7.82587e-06 1.57081 -0.0013319
24.5 -1.0472 -1.0472 4.16806e-06 14.2358 1.91969e-07 -2.23244e-06 -2.88467e-06 -1.0472 7.82625e-06 1.57081 -0.00133184
24.501 -1.0472 -1.0472 4.16501e-06 14.2358 1.92019e-07 -2.23154e-06 -2.88462e-06 -1.0472 7.82664e-06 1.57081 -0.00133177
24.502 -1.0472 -1.0472 4.16198e-06 14.2358 1.92066e-07 -2.23065e-06 -2.88458e-06 -1.0472 7.82702e-06 1.57081 -0.00133171
24.503 -1.0472 -1.0472 4.15896e-06 14.2358 1.92111e-07 -2.22976e-06 -2.88453e-06 -1.0472 7.82741e-06 1.57081 -0.00133165
24.504 -1.0472 -1.0472 4.15596e-06 14.2358 1.92154e-07 -2.22887e-06 -2.88448e-06 -1.0472 7.82779e-06 1.57081 -0.00133159
24.505 -1.0472 -1.0472 4.15297e-06 14.2358 1.92193e-07 -2.22798e-06 -2.88443e-06 -1.0472 7.82818e-06 1.57081 -0.00133153
24.506 -1.0472 -1.0472 4.14999e-06 14.2358 1.92231e-07 -2.2271e-06 -2.88437e-06 -1.0472 7.82856e-06 1.57081 -0.00133147
24.507 -1.0472 -1.0472 4.14703e-06 14.2358 1.92266e-07 -2.22623e-06 -2.88431e-06 -1.0472 7.82895e-06 1.57081 -0.00133141
24.508 -1.0472 -1.0472 4.14409e-06 14.2358 1.92298e-07 -2.22536e-06 -2.88425e-06 -1.0472 7.82934e-06 1.57081 -0.00133135
24.509 -1.0472 -1.0472 4.14116e-06 14.2358 1.92328e-07 -2.22449e-06 -2.88419e-06 -1.0472 7.82973e-06 1.57081 -0.00133129
24.51 -1.0472 -1.0472 4.13824e-06 14.2358 1.92356e-07 -2.22362e-06 -2.88412e-06 -1.0472 7.83011e-06 1.57081 -0.00133123
24.511 -1.0472 -1.0472 4.13534e-06 14.2358 1.92381e-07 -2.22276e-06 -2.88406e-06 -1.0472 7.8305e-06 1.57081 -0.00133117
24.512 -1.0472 -1.0472 4.13246e-06 14.2358 1.92405e-07 -2.2219e-06 -2.88399e-06 -1.0472 7.83089e-06 1.57081 -0.00133111
24.513 -1.0472 -1.0472 4.12959e-06 14.2358 1.92426e-07 -2.22105e-06 -2.88392e-06 -1.0472 7.83128e-06 1.57081 -0.00133105
24.514 -1.0472 -1.0472 4.12673e-06 14.2358 1.92444e-07 -2.2202e-06 -2.88384e-06 -1.0472 7.83167e-06 1.57081 -0.00133099
24.515 -1.0472 -1.0472 4.12389e-06 14.2358 1.92461e-07 -2.21935e-06 -2.88377e-06 -1.0472 7.83206e-06 1.57081 -0.00133093
24.516 -1.0472 -1.0472 4.12106e-06 14.2358 1.92475e-07 -2.21851e-06 -2.88369e-06 -1.0472 7.83245e-06 1.57081 -0.00133087
24.517 -1.0472 -1.0472 4.11824e-06 14.2358 1.92487e-07 -2.21767e-06 -2.88361e-06 -1.0472 7.83283e-06 1.57081 -0.00133081
24.518 -1.0472 -1.0472 4.11544e-06 14.2358 1.92497e-07 -2.21684e-06 -2.88352e-06 -1.0472 7.83322e-06 1.57081 -0.00133075
24.519 -1.0472 -1.0472 4.11266e-06 14.2358 1.92505e-07 -2.216e-06 -2.88344e-06 -1.0472 7.83361e-06 1.57081 -0.00133069
24.52 -1.0472 -1.0472 4.10989e-06 14.2358 1.92511e-07 -2.21518e-06 -2.88335e-06 -1.0472 7.834e-06 1.57081 -0.00133063
24.521 -1.0472 -1.0472 4.10713e-06 14.2358 1.92515e-07 -2.21435e-06 -2.88326e-06 -1.0472 7.83439e-06 1.57081 -0.00133057
24.522 -1.0472 -1.0472 4.10439e-06 14.2358 1.92517e-07 -2.21353e-06 -2.88317e-06 -1.0472 7.83477e-06 1.57081 -0.00133051
24.523 -1.0472 -1.0472 4.10166e-06 14.2358 1.92517e-07 -2.21271e-06 -2.88308e-06 -1.0472 7.83516e-06 1.57081 -0.00133045
24.524 -1.0472 -1.0472 4.09895e-06 14.2358 1.92515e-07 -2.2119e-06 -2.88299e-06 -1.0472 7.83555e-06 1.57081 -0.00133039
24.525 -1.0472 -1.0472 4.09625e-06 14.2358 1.92511e-07 -2.21109e-06 -2.88289e-06 -1.0472 7.83594e-06 1.57081 -0.00133033
24.526 -1.0472 -1.0472 4.09356e-06 14.2358 1.92505e-07 -2.21029e-06 -2.88279e-06 -1.0472 7.83632e-06 1.57081 -0.00133027
24.527 -1.0472 -1.0472 4.09089e-06 14.2358 1.92498e-07 -2.20948e-06 -2.88269e-06 -1.0472 7.83671e-06 1.57081 -0.0013302
24.528 -1.0472 -1.0472 4.08823e-06 14.2358 1.92488e-07 -2.20868e-06 -2.88259e-06 -1.0472 7.83709e-06 1.57081 -0.00133014
24.529 -1.0472 -1.0472 4.08559e-06 14.2358 1.92477e-07 -2.20789e-06 -2.88249e-06 -1.0472 7.83748e-06 1.57081 -0.00133008
24.53 -1.0472 -1.0472 4.08296e-06 14.2358 1.92464e-07 -2.2071e-06 -2.88238e-06 -1.0472 7.83786e-06 1.57081 -0.00133002
24.531 -1.0472 -1.0472 4.08035e-06 14.2358 1.92449e-07 -2.20631e-06 -2.88227e-06 -1.0472 7.83824e-06 1.57081 -0.00132996
24.532 -1.0472 -1.0472 4.07774e-06 14.2358 1.92432e-07 -2.20553e-06 -2.88216e-06 -1.0472 7.83863e-06 1.57081 -0.0013299
24.533 -1.0472 -1.0472 4.07516e-06 14.2358 1.92414e-07 -2.20475e-06 -2.88205e-06 -1.0472 7.83901e-06 1.57081 -0.00132984
24.534 -1.0472 -1.0472 4.07258e-06 14.2358 1.92394e-07 -2.20397e-06 -2.88194e-06 -1.0472 7.83939e-06 1.57081 -0.00132978
24.535 -1.0472 -1.0472 4.07002e-06 14.2358 1.92372e-07 -2.2032e-06 -2.88183e-06 -1.0472 7.83977e-06 1.57081 -0.00132972
24.536 -1.0472 -1.0472 4.06747e-06 14.2358 1.92349e-07 -2.20243e-06 -2.88171e-06 -1.0472 7.84015e-06 1.57081 -0.00132966
24.537 -1.0472 -1.0472 4.06494e-06 14.2358 1.92324e-07 -2.20166e-06 -2.88159e-06 -1.0472 7.84053e-06 1.57081 -0.0013296
24.538 -1.0472 -1.0472 4.06242e-06 14.2358 1.92297e-07 -2.2009e-06 -2.88147e-06 -1.0472 7.84091e-06 1.57081 -0.00132954
24.539 -1.0472 -1.0472 4.05991e-06 14.2358 1.92269e-07 -2.20014e-06 -2.88135e-06 -1.0472 7.84128e-06 1.57081 -0.00132948
24.54 -1.0472 -1.0472 4.05742e-06 14.2358 1.92239e-07 -2.19938e-06 -2.88123e-06 -1.0472 7.84166e-06 1.57081 -0.00132942
24.541 -1.0472 -1.0472 4.05494e-06 14.2358 1.92208e-07 -2.19863e-06 -2.88111e-06 -1.0472 7.84203e-06 1.57081 -0.00132936
24.542 -1.0472 -1.0472 4.05247e-06 14.2358 1.92175e-07 -2.19788e-06 -2.88098e-06 -1.0472 7.84241e-06 1.57081 -0.0013293
24.543 -1.0472 -1.0472 4.05002e-06 14.2358 1.92141e-07 -2.19714e-06 -2.88085e-06 -1.0472 7.84278e-06 1.57081 -0.00132924
24.544 -1.0472 -1.0472 4.04758e-06 14.2358 1.92105e-07 -2.1964e-06 -2.88072e-06 -1.0472 7.84315e-06 1.57081 -0.00132918
24.545 -1.0472 -1.0472 4.04516e-06 14.2358 1.92068e-07 -2.19566e-06 -2.88059e-06 -1.0472 7.84352e-06 1.57081 -0.00132912
24.546 -1.0472 -1.0472 4.04274e-06 14.2358 1.9203e-07 -2.19493e-06 -2.88046e-06 -1.0472 7.84389e-06 1.57081 -0.00132906
24.547 -1.0472 -1.0472 4.04034e-06 14.2358 1.9199e-07 -2.19419e-06 -2.88033e-06 -1.0472 7.84426e-06 1.57081 -0.001329
24.548 -1.0472 -1.0472 4.03796e-06 14.2358 1.91948e-07 -2.19347e-06 -2.8802e-06 -1.0472 7.84463e-06 1.57081 -0.00132894
24.549 -1.0472 -1.0472 4.03558e-06 14.2358 1.91906e-07 -2.19274e-06 -2.88006e-06 -1.0472 7.84499e-06 1.57081 -0.00132888
24.55 -1.0472 -1.0472 4.03322e-06 14.2358 1.91862e-07 -2.19202e-06 -2.87992e-06 -1.0472 7.84536e-06 1.57081 -0.00132882
24.551 -1.0472 -1.0472 4.03088e-06 14.2358 1.91816e-07 -2.19131e-06 -2.87979e-06 -1.0472 7.84572e-06 1.57081 -0.00132876
24.552 -1.0472 -1.0472 4.02854e-06 14.2358 1.9177e-07 -2.19059e-06 -2.87965e-06 -1.0472 7.84609e-06 1.57081 -0.0013287
24.553 -1.0472 -1.0472 4.02622e-06 14.2358 1.91722e-07 -2.18988e-06 -2.8795e-06 -1.0472 7.84645e-06 1.57081 -0.00132864
24.554 -1.0472 -1.0472 4.02391e-06 14.2358 1.91673e-07 -2.18918e-06 -2.87936e-06 -1.0472 7.84681e-06 1.57081 -0.00132858
24.555 -1.0472 -1.0472 4.02161e-06 14.2358 1.91622e-07 -2.18848e-06 -2.87922e-06 -1.0472 7.84716e-06 1.57081 -0.00132852
24.556 -1.0472 -1.0472 4.01933e-06 14.2358 1.91571e-07 -2.18778e-06 -2.87907e-06 -1.0472 7.84752e-06 1.57081 -0.00132846
24.557 -1.0472 -1.0472 4.01706e-06 14.2358 1.91518e-07 -2.18708e-06 -2.87893e-06 -1.0472 7.84788e-06 1.57081 -0.0013284
24.558 -1.0472 -1.0472 4.0148e-06 14.2358 1.91464e-07 -2.18639e-06 -2.87878e-06 -1.0472 7.84823e-06 1.57081 -0.00132833
24.559 -1.0472 -1.0472 4.01256e-06 14.2358 1.91409e-07 -2.1857e-06 -2.87863e-06 -1.0472 7.84858e-06 1.57081 -0.00132827
24.56 -1.0472 -1.0472 4.01032e-06 14.2358 1.91352e-07 -2.18501e-06 -2.87848e-06 -1.0472 7.84893e-06 1.57081 -0.00132821
24.561 -1.0472 -1.0472 4.0081e-06 14.2358 1.91295e-07 -2.18433e-06 -2.87833e-06 -1.0472 7.84928e-06 1.57081 -0.00132815
24.562 -1.0472 -1.0472 4.00589e-06 14.2358 1.91236e-07 -2.18365e-06 -2.87818e-06 -1.0472 7.84963e-06 1.57081 -0.00132809
24.563 -1.0472 -1.0472 4.0037e-06 14.2358 1.91177e-07 -2.18298e-06 -2.87803e-06 -1.0472 7.84998e-06 1.57081 -0.00132803
24.564 -1.0472 -1.0472 4.00152e-06 14.2358 1.91116e-07 -2.18231e-06 -2.87787e-06 -1.0472 7.85032e-06 1.57081 -0.00132797
24.565 -1.0472 -1.0472 3.99934e-06 14.2358 1.91054e-07 -2.18164e-06 -2.87772e-06 -1.0472 7.85067e-06 1.57081 -0.00132791
24.566 -1.0472 -1.0472 3.99719e-06 14.2358 1.90992e-07 -2.18097e-06 -2.87756e-06 -1.0472 7.85101e-06 1.57081 -0.00132785
24.567 -1.0472 -1.0472 3.99504e-06 14.2358 1.90928e-07 -2.18031e-06 -2.8774e-06 -1.0472 7.85135e-06 1.57081 -0.00132779
24.568 -1.0472 -1.0472 3.99291e-06 14.2358 1.90863e-07 -2.17965e-06 -2.87725e-06 -1.0472 7.85169e-06 1.57081 -0.00132773
24.569 -1.0472 -1.0472 3.99078e-06 14.2358 1.90797e-07 -2.179e-06 -2.87709e-06 -1.0472 7.85202e-06 1.57081 -0.00132767
24.57 -1.0472 -1.0472 3.98867e-06 14.2358 1.90731e-07 -2.17834e-06 -2.87693e-06 -1.0472 7.85236e-06 1.57081 -0.00132761
24.571 -1.0472 -1.0472 3.98657e-06 14.2358 1.90663e-07 -2.17769e-06 -2.87676e-06 -1.0472 7.85269e-06 1.57081 -0.00132755
24.572 -1.0472 -1.0472 3.98449e-06 14.2358 1.90594e-07 -2.17705e-06 -2.8766e-06 -1.0472 7.85302e-06 1.57081 -0.00132749
24.573 -1.0472 -1.0472 3.98241e-06 14.2358 1.90525e-07 -2.17641e-06 -2.87644e-06 -1.0472 7.85335e-06 1.57081 -0.00132743
24.574 -1.0472 -1.0472 3.98035e-06 14.2358 1.90454e-07 -2.17577e-06 -2.87627e-06 -1.0472 7.85368e-06 1.57081 -0.00132737
24.575 -1.0472 -1.0472 3.9783e-06 14.2358 1.90383e-07 -2.17513e-06 -2.87611e-06 -1.0472 7.85401e-06 1.57081 -0.00132731
24.576 -1.0472 -1.0472 3.97626e-06 14.2358 1.90311e-07 -2.1745e-06 -2.87594e-06 -1.0472 7.85433e-06 1.57081 -0.00132725
24.577 -1.0472 -1.0472 3.97424e-06 14.2358 1.90238e-07 -2.17387e-06 -2.87577e-06 -1.0472 7.85465e-06 1.57081 -0.00132719
24.578 -1.0472 -1.0472 3.97222e-06 14.2358 1.90164e-07 -2.17324e-06 -2.87561e-06 -1.0472 7.85497e-06 1.57081 -0.00132713
24.579 -1.0472 -1.0472 3.97022e-06 14.2358 1.90089e-07 -2.17262e-06 -2.87544e-06 -1.0472 7.85529e-06 1.57081 -0.00132707
24.58 -1.0472 -1.0472 3.96822e-06 14.2358 1.90014e-07 -2.172e-06 -2.87527e-06 -1.0472 7.85561e-06 1.57081 -0.00132701
24.581 -1.0472 -1.0472 3.96624e-06 14.2358 1.89937e-07 -2.17138e-06 -2.8751e-06 -1.0472 7.85592e-06 1.57081 -0.00132695
24.582 -1.0472 -1.0472 3.96427e-06 14.2358 1.8986e-07 -2.17077e-06 -2.87492e-06 -1.0472 7.85624e-06 1.57081 -0.00132689
24.583 -1.0472 -1.0472 3.96232e-06 14.2358 1.89783e-07 -2.17016e-06 -2.87475e-06 -1.0472 7.85655e-06 1.57081 -0.00132683
24.584 -1.0472 -1.0472 3.96037e-06 14.2358 1.89704e-07 -2.16955e-06 -2.87458e-06 -1.0472 7.85686e-06 1.57081 -0.00132677
24.585 -1.0472 -1.0472 3.95843e-06 14.2358 1.89625e-07 -2.16895e-06 -2.8744e-06 -1.0472 7.85716e-06 1.57081 -0.00132671
24.586 -1.0472 -1.0472 3.95651e-06 14.2358 1.89545e-07 -2.16835e-06 -2.87423e-06 -1.0472 7.85747e-06 1.57081 -0.00132665
24.587 -1.0472 -1.0472 3.9546e-06 14.2358 1.89464e-07 -2.16775e-06 -2.87405e-06 -1.0472 7.85777e-06 1.57081 -0.00132659
24.588 -1.0472 -1.0472 3.9527e-06 14.2358 1.89382e-07 -2.16716e-06 -2.87388e-06 -1.0472 7.85807e-06 1.57081 -0.00132653
24.589 -1.0472 -1.0472 3.9508e-06 14.2358 1.893e-07 -2.16657e-06 -2.8737e-06 -1.0472 7.85837e-06 1.57081 -0.00132647
24.59 -1.0472 -1.0472 3.94893e-06 14.2358 1.89218e-07 -2.16598e-06 -2.87352e-06 -1.0472 7.85867e-06 1.57081 -0.00132641
24.591 -1.0472 -1.0472 3.94706e-06 14.2358 1.89134e-07 -2.16539e-06 -2.87334e-06 -1.0472 7.85897e-06 1.57081 -0.00132635
24.592 -1.0472 -1.0472 3.9452e-06 14.2358 1.8905e-07 -2.16481e-06 -2.87317e-06 -1.0472 7.85926e-06 1.57081 -0.00132629
24.593 -1.0472 -1.0472 3.94335e-06 14.2358 1.88965e-07 -2.16423e-06 -2.87299e-06 -1.0472 7.85955e-06 1.57081 -0.00132623
24.594 -1.0472 -1.0472 3.94152e-06 14.2358 1.8888e-07 -2.16365e-06 -2.8728e-06 -1.0472 7.85984e-06 1.57081 -0.00132617
24.595 -1.0472 -1.0472 3.93969e-06 14.2358 1.88794e-07 -2.16308e-06 -2.87262e-06 -1.0472 7.86013e-06 1.57081 -0.00132611
24.596 -1.0472 -1.0472 3.93788e-06 14.2358 1.88708e-07 -2.16251e-06 -2.87244e-06 -1.0472 7.86041e-06 1.57081 -0.00132605
24.597 -1.0472 -1.0472 3.93607e-06 14.2358 1.8862e-07 -2.16194e-06 -2.87226e-06 -1.0472 7.86069e-06 1.57081 -0.00132599
24.598 -1.0472 -1.0472 3.93428e-06 14.2358 1.88533e-07 -2.16138e-06 -2.87208e-06 -1.0472 7.86098e-06 1.57081 -0.00132593
24.599 -1.0472 -1.0472 3.9325e-06 14.2358 1.88445e-07 -2.16082e-06 -2.87189e-06 -1.0472 7.86125e-06 1.57081 -0.00132587
24.6 -1.0472 -1.0472 3.93073e-06 14.2358 1.88356e-07 -2.16026e-06 -2.87171e-06 -1.0472 7.86153e-06 1.57081 -0.0013258
24.601 -1.0472 -1.0472 3.92897e-06 14.2358 1.88267e-07 -2.1597e-06 -2.87152e-06 -1.0472 7.86181e-06 1.57081 -0.00132574
24.602 -1.0472 -1.0472 3.92722e-06 14.2358 1.88177e-07 -2.15915e-06 -2.87134e-06 -1.0472 7.86208e-06 1.57081 -0.00132568
24.603 -1.0472 -1.0472 3.92547e-06 14.2358 1.88087e-07 -2.1586e-06 -2.87115e-06 -1.0472 7.86235e-06 1.57081 -0.00132562
24.604 -1.0472 -1.0472 3.92374e-06 14.2358 1.87996e-07 -2.15806e-06 -2.87096e-06 -1.0472 7.86262e-06 1.57081 -0.00132556
24.605 -1.0472 -1.0472 3.92203e-06 14.2358 1.87905e-07 -2.15751e-06 -2.87078e-06 -1.0472 7.86288e-06 1.57081 -0.0013255
24.606 -1.0472 -1.0472 3.92032e-06 14.2358 1.87813e-07 -2.15697e-06 -2.87059e-06 -1.0472 7.86314e-06 1.57081 -0.00132544
24.607 -1.0472 -1.0472 3.91862e-06 14.2358 1.87721e-07 -2.15643e-06 -2.8704e-06 -1.0472 7.86341e-06 1.57081 -0.00132538
24.608 -1.0472 -1.0472 3.91693e-06 14.2358 1.87628e-07 -2.1559e-06 -2.87021e-06 -1.0472 7.86367e-06 1.57081 -0.00132532
24.609 -1.0472 -1.0472 3.91525e-06 14.2358 1.87535e-07 -2.15537e-06 -2.87002e-06 -1.0472 7.86392e-06 1.57081 -0.00132526
24.61 -1.0472 -1.0472 3.91358e-06 14.2358 1.87441e-07 -2.15484e-06 -2.86983e-06 -1.0472 7.86418e-06 1.57081 -0.0013252
24.611 -1.0472 -1.0472 3.91192e-06 14.2358 1.87348e-07 -2.15431e-06 -2.86964e-06 -1.0472 7.86443e-06 1.57081 -0.00132514
24.612 -1.0472 -1.0472 3.91027e-06 14.2358 1.87253e-07 -2.15379e-06 -2.86945e-06 -1.0472 7.86468e-06 1.57081 -0.00132508
24.613 -1.0472 -1.0472 3.90863e-06 14.2358 1.87159e-07 -2.15327e-06 -2.86926e-06 -1.0472 7.86493e-06 1.57081 -0.00132502
24.614 -1.0472 -1.0472 3.907e-06 14.2358 1.87063e-07 -2.15275e-06 -2.86907e-06 -1.0472 7.86517e-06 1.57081 -0.00132496
24.615 -1.0472 -1.0472 3.90538e-06 14.2358 1.86968e-07 -2.15223e-06 -2.86887e-06 -1.0472 7.86542e-06 1.57081 -0.0013249
24.616 -1.0472 -1.0472 3.90377e-06 14.2358 1.86872e-07 -2.15172e-06 -2.86868e-06 -1.0472 7.86566e-06 1.57081 -0.00132484
24.617 -1.0472 -1.0472 3.90217e-06 14.2358 1.86776e-07 -2.15121e-06 -2.86849e-06 -1.0472 7.8659e-06 1.57081 -0.00132478
24.618 -1.0472 -1.0472 3.90058e-06 14.2358 1.86679e-07 -2.1507e-06 -2.86829e-06 -1.0472 7.86613e-06 1.57081 -0.00132472
24.619 -1.0472 -1.0472 3.899e-06 14.2358 1.86583e-07 -2.1502e-06 -2.8681e-06 -1.0472 7.86637e-06 1.57081 -0.00132466
24.62 -1.0472 -1.0472 3.89743e-06 14.2358 1.86485e-07 -2.14969e-06 -2.8679e-06 -1.0472 7.8666e-06 1.57081 -0.0013246
24.621 -1.0472 -1.0472 3.89587e-06 14.2358 1.86388e-07 -2.1492e-06 -2.86771e-06 -1.0472 7.86683e-06 1.57081 -0.00132454
24.622 -1.0472 -1.0472 3.89432e-06 14.2358 1.8629e-07 -2.1487e-06 -2.86751e-06 -1.0472 7.86706e-06 1.57081 -0.00132448
24.623 -1.0472 -1.0472 3.89277e-06 14.2358 1.86192e-07 -2.14821e-06 -2.86732e-06 -1.0472 7.86729e-06 1.57081 -0.00132442
24.624 -1.0472 -1.0472 3.89124e-06 14.2358 1.86094e-07 -2.14771e-06 -2.86712e-06 -1.0472 7.86751e-06 1.57081 -0.00132436
24.625 -1.0472 -1.0472 3.88972e-06 14.2358 1.85995e-07 -2.14723e-06 -2.86693e-06 -1.0472 7.86773e-06 1.57081 -0.0013243
24.626 -1.0472 -1.0472 3.8882e-06 14.2358 1.85896e-07 -2.14674e-06 -2.86673e-06 -1.0472 7.86795e-06 1.57081 -0.00132424
24.627 -1.0472 -1.0472 3.8867e-06 14.2358 1.85797e-07 -2.14626e-06 -2.86653e-06 -1.0472 7.86816e-06 1.57081 -0.00132418
24.628 -1.0472 -1.0472 3.8852e-06 14.2358 1.85697e-07 -2.14578e-06 -2.86633e-06 -1.0472 7.86838e-06 1.57081 -0.00132412
24.629 -1.0472 -1.0472 3.88371e-06 14.2358 1.85598e-07 -2.1453e-06 -2.86614e-06 -1.0472 7.86859e-06 1.57081 -0.00132406
24.63 -1.0472 -1.0472 3.88223e-06 14.2358 1.85498e-07 -2.14482e-06 -2.86594e-06 -1.0472 7.8688e-06 1.57081 -0.001324
24.631 -1.0472 -1.0472 3.88076e-06 14.2358 1.85398e-07 -2.14435e-06 -2.86574e-06 -1.0472 7.86901e-06 1.57081 -0.00132394
24.632 -1.0472 -1.0472 3.8793e-06 14.2358 1.85297e-07 -2.14388e-06 -2.86554e-06 -1.0472 7.86921e-06 1.57081 -0.00132388
24.633 -1.0472 -1.0472 3.87785e-06 14.2358 1.85197e-07 -2.14341e-06 -2.86534e-06 -1.0472 7.86941e-06 1.57081 -0.00132382
24.634 -1.0472 -1.0472 3.87641e-06 14.2358 1.85096e-07 -2.14294e-06 -2.86514e-06 -1.0472 7.86961e-06 1.57081 -0.00132376
24.635 -1.0472 -1.0472 3.87498e-06 14.2358 1.84995e-07 -2.14248e-06 -2.86494e-06 -1.0472 7.86981e-06 1.57081 -0.0013237
24.636 -1.0472 -1.0472 3.87355e-06 14.2358 1.84894e-07 -2.14202e-06 -2.86474e-06 -1.0472 7.87001e-06 1.57081 -0.00132364
24.637 -1.0472 -1.0472 3.87213e-06 14.2358 1.84792e-07 -2.14156e-06 -2.86454e-06 -1.0472 7.8702e-06 1.57081 -0.00132358
24.638 -1.0472 -1.0472 3.87073e-06 14.2358 1.84691e-07 -2.14111e-06 -2.86434e-06 -1.0472 7.87039e-06 1.57081 -0.00132352
24.639 -1.0472 -1.0472 3.86933e-06 14.2358 1.84589e-07 -2.14066e-06 -2.86414e-06 -1.0472 7.87058e-06 1.57081 -0.00132346
24.64 -1.0472 -1.0472 3.86794e-06 14.2358 1.84487e-07 -2.1402e-06 -2.86394e-06 -1.0472 7.87077e-06 1.57081 -0.0013234
24.641 -1.0472 -1.0472 3.86656e-06 14.2358 1.84385e-07 -2.13976e-06 -2.86374e-06 -1.0472 7.87095e-06 1.57081 -0.00132334
24.642 -1.0472 -1.0472 3.86518e-06 14.2358 1.84283e-07 -2.13931e-06 -2.86354e-06 -1.0472 7.87113e-06 1.57081 -0.00132328
24.643 -1.0472 -1.0472 3.86382e-06 14.2358 1.84181e-07 -2.13887e-06 -2.86334e-06 -1.0472 7.87131e-06 1.57081 -0.00132322
24.644 -1.0472 -1.0472 3.86246e-06 14.2358 1.84078e-07 -2.13843e-06 -2.86314e-06 -1.0472 7.87149e-06 1.57081 -0.00132316
24.645 -1.0472 -1.0472 3.86111e-06 14.2358 1.83976e-07 -2.13799e-06 -2.86293e-06 -1.0472 7.87166e-06 1.57081 -0.0013231
24.646 -1.0472 -1.0472 3.85977e-06 14.2358 1.83873e-07 -2.13755e-06 -2.86273e-06 -1.0472 7.87183e-06 1.57081 -0.00132304
24.647 -1.0472 -1.0472 3.85844e-06 14.2358 1.83771e-07 -2.13712e-06 -2.86253e-06 -1.0472 7.872e-06 1.57081 -0.00132298
24.648 -1.0472 -1.0472 3.85712e-06 14.2358 1.83668e-07 -2.13669e-06 -2.86233e-06 -1.0472 7.87217e-06 1.57081 -0.00132292
24.649 -1.0472 -1.0472 3.8558e-06 14.2358 1.83565e-07 -2.13626e-06 -2.86212e-06 -1.0472 7.87234e-06 1.57081 -0.00132286
24.65 -1.0472 -1.0472 3.8545e-06 14.2358 1.83462e-07 -2.13583e-06 -2.86192e-06 -1.0472 7.8725e-06 1.57081 -0.0013228
24.651 -1.0472 -1.0472 3.8532e-06 14.2358 1.83359e-07 -2.13541e-06 -2.86172e-06 -1.0472 7.87266e-06 1.57081 -0.00132274
24.652 -1.0472 -1.0472 3.85191e-06 14.2358 1.83256e-07 -2.13498e-06 -2.86151e-06 -1.0472 7.87282e-06 1.57081 -0.00132268
24.653 -1.0472 -1.0472 3.85062e-06 14.2358 1.83152e-07 -2.13457e-06 -2.86131e-06 -1.0472 7.87297e-06 1.57081 -0.00132262
24.654 -1.0472 -1.0472 3.84935e-06 14.2358 1.83049e-07 -2.13415e-06 -2.86111e-06 -1.0472 7.87313e-06 1.57081 -0.00132256
24.655 -1.0472 -1.0472 3.84808e-06 14.2358 1.82946e-07 -2.13373e-06 -2.8609e-06 -1.0472 7.87328e-06 1.57081 -0.0013225
24.656 -1.0472 -1.0472 3.84682e-06 14.2358 1.82842e-07 -2.13332e-06 -2.8607e-06 -1.0472 7.87343e-06 1.57081 -0.00132244
24.657 -1.0472 -1.0472 3.84557e-06 14.2358 1.82739e-07 -2.13291e-06 -2.8605e-06 -1.0472 7.87357e-06 1.57081 -0.00132238
24.658 -1.0472 -1.0472 3.84433e-06 14.2358 1.82635e-07 -2.1325e-06 -2.86029e-06 -1.0472 7.87372e-06 1.57081 -0.00132232
24.659 -1.0472 -1.0472 3.84309e-06 14.2358 1.82532e-07 -2.13209e-06 -2.86009e-06 -1.0472 7.87386e-06 1.57081 -0.00132226
24.66 -1.0472 -1.0472 3.84186e-06 14.2358 1.82428e-07 -2.13169e-06 -2.85988e-06 -1.0472 7.874e-06 1.57081 -0.0013222
24.661 -1.0472 -1.0472 3.84064e-06 14.2358 1.82325e-07 -2.13129e-06 -2.85968e-06 -1.0472 7.87414e-06 1.57081 -0.00132214
24.662 -1.0472 -1.0472 3.83943e-06 14.2358 1.82221e-07 -2.13089e-06 -2.85947e-06 -1.0472 7.87427e-06 1.57081 -0.00132208
24.663 -1.0472 -1.0472 3.83822e-06 14.2358 1.82118e-07 -2.13049e-06 -2.85927e-06 -1.0472 7.8744e-06 1.57081 -0.00132202
24.664 -1.0472 -1.0472 3.83703e-06 14.2358 1.82014e-07 -2.13009e-06 -2.85906e-06 -1.0472 7.87453e-06 1.57081 -0.00132196
24.665 -1.0472 -1.0472 3.83583e-06 14.2358 1.81911e-07 -2.1297e-06 -2.85886e-06 -1.0472 7.87466e-06 1.57081 -0.0013219
24.666 -1.0472 -1.0472 3.83465e-06 14.2358 1.81807e-07 -2.12931e-06 -2.85866e-06 -1.0472 7.87479e-06 1.57081 -0.00132184
24.667 -1.0472 -1.0472 3.83348e-06 14.2358 1.81703e-07 -2.12892e-06 -2.85845e-06 -1.0472 7.87491e-06 1.57081 -0.00132178
24.668 -1.0472 -1.0472 3.83231e-06 14.2358 1.816e-07 -2.12853e-06 -2.85825e-06 -1.0472 7.87503e-06 1.57081 -0.00132172
24.669 -1.0472 -1.0472 3.83115e-06 14.2358 1.81496e-07 -2.12815e-06 -2.85804e-06 -1.0472 7.87515e-06 1.57081 -0.00132166
24.67 -1.0472 -1.0472 3.82999e-06 14.2358 1.81393e-07 -2.12777e-06 -2.85783e-06 -1.0472 7.87527e-06 1.57081 -0.0013216
24.671 -1.0472 -1.0472 3.82885e-06 14.2358 1.81289e-07 -2.12739e-06 -2.85763e-06 -1.0472 7.87538e-06 1.57081 -0.00132154
24.672 -1.0472 -1.0472 3.82771e-06 14.2358 1.81186e-07 -2.12701e-06 -2.85742e-06 -1.0472 7.87549e-06 1.57081 -0.00132148
24.673 -1.0472 -1.0472 3.82657e-06 14.2358 1.81083e-07 -2.12663e-06 -2.85722e-06 -1.0472 7.8756e-06 1.57081 -0.00132142
24.674 -1.0472 -1.0472 3.82545e-06 14.2358 1.80979e-07 -2.12626e-06 -2.85701e-06 -1.0472 7.87571e-06 1.57081 -0.00132136
24.675 -1.0472 -1.0472 3.82433e-06 14.2358 1.80876e-07 -2.12588e-06 -2.85681e-06 -1.0472 7.87582e-06 1.57081 -0.0013213
24.676 -1.0472 -1.0472 3.82322e-06 14.2358 1.80773e-07 -2.12551e-06 -2.8566e-06 -1.0472 7.87592e-06 1.57081 -0.00132124
24.677 -1.0472 -1.0472 3.82211e-06 14.2358 1.8067e-07 -2.12514e-06 -2.8564e-06 -1.0472 7.87602e-06 1.57081 -0.00132118
24.678 -1.0472 -1.0472 3.82102e-06 14.2358 1.80567e-07 -2.12478e-06 -2.85619e-06 -1.0472 7.87612e-06 1.57081 -0.00132112
24.679 -1.0472 -1.0472 3.81993e-06 14.2358 1.80464e-07 -2.12441e-06 -2.85599e-06 -1.0472 7.87621e-06 1.57081 -0.00132106
24.68 -1.0472 -1.0472 3.81884e-06 14.2358 1.80361e-07 -2.12405e-06 -2.85578e-06 -1.0472 7.87631e-06 1.57081 -0.001321
24.681 -1.0472 -1.0472 3.81776e-06 14.2358 1.80258e-07 -2.12369e-06 -2.85558e-06 -1.0472 7.8764e-06 1.57081 -0.00132094
24.682 -1.0472 -1.0472 3.81669e-06 14.2358 1.80155e-07 -2.12333e-06 -2.85537e-06 -1.0472 7.87649e-06 1.57081 -0.00132088
24.683 -1.0472 -1.0472 3.81563e-06 14.2358 1.80052e-07 -2.12297e-06 -2.85516e-06 -1.0472 7.87657e-06 1.57081 -0.00132082
24.684 -1.0472 -1.0472 3.81457e-06 14.2358 1.7995e-07 -2.12262e-06 -2.85496e-06 -1.0472 7.87666e-06 1.57081 -0.00132076
24.685 -1.0472 -1.0472 3.81352e-06 14.2358 1.79847e-07 -2.12227e-06 -2.85475e-06 -1.0472 7.87674e-06 1.57081 -0.0013207
24.686 -1.0472 -1.0472 3.81248e-06 14.2358 1.79745e-07 -2.12192e-06 -2.85455e-06 -1.0472 7.87682e-06 1.57081 -0.00132064
24.687 -1.0472 -1.0472 3.81144e-06 14.2358 1.79642e-07 -2.12157e-06 -2.85434e-06 -1.0472 7.8769e-06 1.57081 -0.00132058
24.688 -1.0472 -1.0472 3.81041e-06 14.2358 1.7954e-07 -2.12122e-06 -2.85414e-06 -1.0472 7.87697e-06 1.57081 -0.00132052
24.689 -1.0472 -1.0472 3.80939e-06 14.2358 1.79438e-07 -2.12087e-06 -2.85393e-06 -1.0472 7.87705e-06 1.57081 -0.00132046
24.69 -1.0472 -1.0472 3.80837e-06 14.2358 1.79336e-07 -2.12053e-06 -2.85373e-06 -1.0472 7.87712e-06 1.57081 -0.0013204
24.691 -1.0472 -1.0472 3.80736e-06 14.2358 1.79234e-07 -2.12019e-06 -2.85352e-06 -1.0472 7.87719e-06 1.57081 -0.00132034
24.692 -1.0472 -1.0472 3.80635e-06 14.2358 1.79133e-07 -2.11985e-06 -2.85332e-06 -1.0472 7.87725e-06 1.57081 -0.00132028
24.693 -1.0472 -1.0472 3.80535e-06 14.2358 1.79031e-07 -2.11951e-06 -2.85311e-06 -1.0472 7.87732e-06 1.57081 -0.00132022
24.694 -1.0472 -1.0472 3.80436e-06 14.2358 1.78929e-07 -2.11918e-06 -2.8529e-06 -1.0472 7.87738e-06 1.57081 -0.00132016
24.695 -1.0472 -1.0472 3.80337e-06 14.2358 1.78828e-07 -2.11884e-06 -2.8527e-06 -1.0472 7.87744e-06 1.57081 -0.0013201
24.696 -1.0472 -1.0472 3.80239e-06 14.2358 1.78727e-07 -2.11851e-06 -2.85249e-06 -1.0472 7.8775e-06 1.57081 -0.00132004
24.697 -1.0472 -1.0472 3.80142e-06 14.2358 1.78626e-07 -2.11818e-06 -2.85229e-06 -1.0472 7.87755e-06 1.57081 -0.00131998
24.698 -1.0472 -1.0472 3.80045e-06 14.2358 1.78525e-07 -2.11785e-06 -2.85208e-06 -1.0472 7.87761e-06 1.57081 -0.00131992
24.699 -1.0472 -1.0472 3.79949e-06 14.2358 1.78424e-07 -2.11752e-06 -2.85188e-06 -1.0472 7.87766e-06 1.57081 -0.00131986
24.7 -1.0472 -1.0472 3.79853e-06 14.2358 1.78323e-07 -2.1172e-06 -2.85167e-06 -1.0472 7.87771e-06 1.57081 -0.0013198
24.701 -1.0472 -1.0472 3.79758e-06 14.2358 1.78223e-07 -2.11687e-06 -2.85147e-06 -1.0472 7.87776e-06 1.57081 -0.00131974
24.702 -1.0472 -1.0472 3.79664e-06 14.2358 1.78123e-07 -2.11655e-06 -2.85126e-06 -1.0472 7.8778e-06 1.57081 -0.00131968
24.703 -1.0472 -1.0472 3.7957e-06 14.2358 1.78022e-07 -2.11623e-06 -2.85106e-06 -1.0472 7.87784e-06 1.57081 -0.00131962
24.704 -1.0472 -1.0472 3.79477e-06 14.2358 1.77922e-07 -2.11591e-06 -2.85086e-06 -1.0472 7.87788e-06 1.57081 -0.00131956
24.705 -1.0472 -1.0472 3.79384e-06 14.2358 1.77822e-07 -2.11559e-06 -2.85065e-06 -1.0472 7.87792e-06 1.57081 -0.0013195
24.706 -1.0472 -1.0472 3.79292e-06 14.2358 1.77723e-07 -2.11528e-06 -2.85045e-06 -1.0472 7.87796e-06 1.57081 -0.00131944
24.707 -1.0472 -1.0472 3.79201e-06 14.2358 1.77623e-07 -2.11496e-06 -2.85024e-06 -1.0472 7.87799e-06 1.57081 -0.00131938
24.708 -1.0472 -1.0472 3.7911e-06 14.2358 1.77524e-07 -2.11465e-06 -2.85004e-06 -1.0472 7.87802e-06 1.57081 -0.00131932
24.709 -1.0472 -1.0472 3.7902e-06 14.2358 1.77425e-07 -2.11434e-06 -2.84983e-06 -1.0472 7.87805e-06 1.57081 -0.00131926
24.71 -1.0472 -1.0472 3.7893e-06 14.2358 1.77326e-07 -2.11403e-06 -2.84963e-06 -1.0472 7.87808e-06 1.57081 -0.0013192
24.711 -1.0472 -1.0472 3.78841e-06 14.2358 1.77227e-07 -2.11373e-06 -2.84942e-06 -1.0472 7.87811e-06 1.57081 -0.00131914
24.712 -1.0472 -1.0472 3.78752e-06 14.2358 1.77128e-07 -2.11342e-06 -2.84922e-06 -1.0472 7.87813e-06 1.57081 -0.00131908
24.713 -1.0472 -1.0472 3.78664e-06 14.2358 1.7703e-07 -2.11312e-06 -2.84902e-06 -1.0472 7.87815e-06 1.57081 -0.00131902
24.714 -1.0472 -1.0472 3.78576e-06 14.2358 1.76932e-07 -2.11281e-06 -2.84881e-06 -1.0472 7.87817e-06 1.57081 -0.00131896
24.715 -1.0472 -1.0472 3.78489e-06 14.2358 1.76833e-07 -2.11251e-06 -2.84861e-06 -1.0472 7.87819e-06 1.57081 -0.0013189
24.716 -1.0472 -1.0472 3.78403e-06 14.2358 1.76736e-07 -2.11221e-06 -2.84841e-06 -1.0472 7.8782e-06 1.57081 -0.00131884
24.717 -1.0472 -1.0472 3.78317e-06 14.2358 1.76638e-07 -2.11192e-06 -2.8482e-06 -1.0472 7.87822e-06 1.57081 -0.00131878
24.718 -1.0472 -1.0472 3.78232e-06 14.2358 1.7654e-07 -2.11162e-06 -2.848e-06 -1.0472 7.87823e-06 1.57081 -0.00131872
24.719 -1.0472 -1.0472 3.78147e-06 14.2358 1.76443e-07 -2.11133e-06 -2.8478e-06 -1.0472 7.87824e-06 1.57081 -0.00131866
24.72 -1.0472 -1.0472 3.78063e-06 14.2358 1.76346e-07 -2.11103e-06 -2.84759e-06 -1.0472 7.87824e-06 1.57081 -0.0013186
24.721 -1.0472 -1.0472 3.77979e-06 14.2358 1.76249e-07 -2.11074e-06 -2.84739e-06 -1.0472 7.87825e-06 1.57081 -0.00131854
24.722 -1.0472 -1.0472 3.77896e-06 14.2358 1.76152e-07 -2.11045e-06 -2.84719e-06 -1.0472 7.87825e-06 1.57081 -0.00131848
24.723 -1.0472 -1.0472 3.77813e-06 14.2358 1.76056e-07 -2.11016e-06 -2.84699e-06 -1.0472 7.87825e-06 1.57081 -0.00131842
24.724 -1.0472 -1.0472 3.77731e-06 14.2358 1.7596e-07 -2.10988e-06 -2.84678e-06 -1.0472 7.87825e-06 1.57081 -0.00131836
24.725 -1.0472 -1.0472 3.77649e-06 14.2358 1.75864e-07 -2.10959e-06 -2.84658e-06 -1.0472 7.87825e-06 1.57081 -0.0013183
24.726 -1.0472 -1.0472 3.77568e-06 14.2358 1.75768e-07 -2.10931e-06 -2.84638e-06 -1.0472 7.87824e-06 1.57081 -0.00131824
24.727 -1.0472 -1.0472 3.77487e-06 14.2358 1.75672e-07 -2.10903e-06 -2.84618e-06 -1.0472 7.87823e-06 1.57081 -0.00131818
24.728 -1.0472 -1.0472 3.77407e-06 14.2358 1.75577e-07 -2.10875e-06 -2.84597e-06 -1.0472 7.87822e-06 1.57081 -0.00131812
24.729 -1.0472 -1.0472 3.77327e-06 14.2358 1.75482e-07 -2.10847e-06 -2.84577e-06 -1.0472 7.87821e-06 1.57081 -0.00131806
24.73 -1.0472 -1.0472 3.77248e-06 14.2358 1.75387e-07 -2.10819e-06 -2.84557e-06 -1.0472 7.8782e-06 1.57081 -0.001318
24.731 -1.0472 -1.0472 3.77169e-06 14.2358 1.75292e-07 -2.10791e-06 -2.84537e-06 -1.0472 7.87818e-06 1.57081 -0.00131794
24.732 -1.0472 -1.0472 3.77091e-06 14.2358 1.75197e-07 -2.10764e-06 -2.84517e-06 -1.0472 7.87817e-06 1.57081 -0.00131788
24.733 -1.0472 -1.0472 3.77013e-06 14.2358 1.75103e-07 -2.10736e-06 -2.84497e-06 -1.0472 7.87815e-06 1.57081 -0.00131782
24.734 -1.0472 -1.0472 3.76936e-06 14.2358 1.75009e-07 -2.10709e-06 -2.84476e-06 -1.0472 7.87813e-06 1.57081 -0.00131776
24.735 -1.0472 -1.0472 3.76859e-06 14.2358 1.74915e-07 -2.10682e-06 -2.84456e-06 -1.0472 7.8781e-06 1.57081 -0.0013177
24.736 -1.0472 -1.0472 3.76783e-06 14.2358 1.74822e-07 -2.10655e-06 -2.84436e-06 -1.0472 7.87808e-06 1.57081 -0.00131764
24.737 -1.0472 -1.0472 3.76707e-06 14.2358 1.74728e-07 -2.10628e-06 -2.84416e-06 -1.0472 7.87805e-06 1.57081 -0.00131758
24.738 -1.0472 -1.0472 3.76632e-06 14.2358 1.74635e-07 -2.10602e-06 -2.84396e-06 -1.0472 7.87802e-06 1.57081 -0.00131752
24.739 -1.0472 -1.0472 3.76557e-06 14.2358 1.74542e-07 -2.10575e-06 -2.84376e-06 -1.0472 7.87799e-06 1.57081 -0.00131746
24.74 -1.0472 -1.0472 3.76482e-06 14.2358 1.7445e-07 -2.10549e-06 -2.84356e-06 -1.0472 7.87796e-06 1.57081 -0.0013174
24.741 -1.0472 -1.0472 3.76409e-06 14.2358 1.74357e-07 -2.10522e-06 -2.84336e-06 -1.0472 7.87792e-06 1.57081 -0.00131734
24.742 -1.0472 -1.0472 3.76335e-06 14.2358 1.74265e-07 -2.10496e-06 -2.84316e-06 -1.0472 7.87788e-06 1.57081 -0.00131728
24.743 -1.0472 -1.0472 3.76262e-06 14.2358 1.74173e-07 -2.1047e-06 -2.84296e-06 -1.0472 7.87785e-06 1.57081 -0.00131722
24.744 -1.0472 -1.0472 3.76189e-06 14.2358 1.74081e-07 -2.10444e-06 -2.84276e-06 -1.0472 7.87781e-06 1.57081 -0.00131716
24.745 -1.0472 -1.0472 3.76117e-06 14.2358 1.7399e-07 -2.10419e-06 -2.84256e-06 -1.0472 7.87776e-06 1.57081 -0.0013171
24.746 -1.0472 -1.0472 3.76046e-06 14.2358 1.73899e-07 -2.10393e-06 -2.84236e-06 -1.0472 7.87772e-06 1.57081 -0.00131704
24.747 -1.0472 -1.0472 3.75974e-06 14.2358 1.73808e-07 -2.10368e-06 -2.84216e-06 -1.0472 7.87767e-06 1.57081 -0.00131698
24.748 -1.0472 -1.0472 3.75904e-06 14.2358 1.73717e-07 -2.10342e-06 -2.84197e-06 -1.0472 7.87762e-06 1.57081 -0.00131692
24.749 -1.0472 -1.0472 3.75833e-06 14.2358 1.73627e-07 -2.10317e-06 -2.84177e-06 -1.0472 7.87757e-06 1.57081 -0.00131686
24.75 -1.0472 -1.0472 3.75763e-06 14.2358 1.73536e-07 -2.10292e-06 -2.84157e-06 -1.0472 7.87752e-06 1.57081 -0.0013168
24.751 -1.0472 -1.0472 3.75694e-06 14.2358 1.73446e-07 -2.10267e-06 -2.84137e-06 -1.0472 7.87747e-06 1.57081 -0.00131674
24.752 -1.0472 -1.0472 3.75625e-06 14.2358 1.73357e-07 -2.10242e-06 -2.84117e-06 -1.0472 7.87741e-06 1.57081 -0.00131668
24.753 -1.0472 -1.0472 3.75556e-06 14.2358 1.73267e-07 -2.10217e-06 -2.84097e-06 -1.0472 7.87735e-06 1.57081 -0.00131662
24.754 -1.0472 -1.0472 3.75488e-06 14.2358 1.73178e-07 -2.10193e-06 -2.84078e-06 -1.0472 7.8773e-06 1.57081 -0.00131656
24.755 -1.0472 -1.0472 3.7542e-06 14.2358 1.73089e-07 -2.10168e-06 -2.84058e-06 -1.0472 7.87723e-06 1.57081 -0.0013165
24.756 -1.0472 -1.0472 3.75353e-06 14.2358 1.73e-07 -2.10144e-06 -2.84038e-06 -1.0472 7.87717e-06 1.57081 -0.00131644
24.757 -1.0472 -1.0472 3.75286e-06 14.2358 1.72912e-07 -2.1012e-06 -2.84018e-06 -1.0472 7.87711e-06 1.57081 -0.00131639
24.758 -1.0472 -1.0472 3.75219e-06 14.2358 1.72824e-07 -2.10096e-06 -2.83999e-06 -1.0472 7.87704e-06 1.57081 -0.00131633
24.759 -1.0472 -1.0472 3.75153e-06 14.2358 1.72736e-07 -2.10072e-06 -2.83979e-06 -1.0472 7.87697e-06 1.57081 -0.00131627
24.76 -1.0472 -1.0472 3.75087e-06 14.2358 1.72648e-07 -2.10048e-06 -2.83959e-06 -1.0472 7.8769e-06 1.57081 -0.00131621
24.761 -1.0472 -1.0472 3.75022e-06 14.2358 1.72561e-07 -2.10024e-06 -2.8394e-06 -1.0472 7.87683e-06 1.57081 -0.00131615
24.762 -1.0472 -1.0472 3.74957e-06 14.2358 1.72474e-07 -2.1e-06 -2.8392e-06 -1.0472 7.87676e-06 1.57081 -0.00131609
24.763 -1.0472 -1.0472 3.74892e-06 14.2358 1.72387e-07 -2.09977e-06 -2.83901e-06 -1.0472 7.87668e-06 1.57081 -0.00131603
24.764 -1.0472 -1.0472 3.74828e-06 14.2358 1.723e-07 -2.09953e-06 -2.83881e-06 -1.0472 7.8766e-06 1.57081 -0.00131597
24.765 -1.0472 -1.0472 3.74764e-06 14.2358 1.72214e-07 -2.0993e-06 -2.83861e-06 -1.0472 7.87652e-06 1.57081 -0.00131591
24.766 -1.0472 -1.0472 3.74701e-06 14.2358 1.72128e-07 -2.09907e-06 -2.83842e-06 -1.0472 7.87644e-06 1.57081 -0.00131585
24.767 -1.0472 -1.0472 3.74638e-06 14.2358 1.72042e-07 -2.09884e-06 -2.83822e-06 -1.0472 7.87636e-06 1.57081 -0.00131579
24.768 -1.0472 -1.0472 3.74575e-06 14.2358 1.71957e-07 -2.09861e-06 -2.83803e-06 -1.0472 7.87628e-06 1.57081 -0.00131573
24.769 -1.0472 -1.0472 3.74513e-06 14.2358 1.71871e-07 -2.09838e-06 -2.83783e-06 -1.0472 7.87619e-06 1.57081 -0.00131567
24.77 -1.0472 -1.0472 3.74451e-06 14.2358 1.71786e-07 -2.09815e-06 -2.83764e-06 -1.0472 7.8761e-06 1.57081 -0.00131561
24.771 -1.0472 -1.0472 3.7439e-06 14.2358 1.71702e-07 -2.09793e-06 -2.83744e-06 -1.0472 7.87601e-06 1.57081 -0.00131555
24.772 -1.0472 -1.0472 3.74328e-06 14.2358 1.71617e-07 -2.0977e-06 -2.83725e-06 -1.0472 7.87592e-06 1.57081 -0.00131549
24.773 -1.0472 -1.0472 3.74268e-06 14.2358 1.71533e-07 -2.09748e-06 -2.83706e-06 -1.0472 7.87583e-06 1.57081 -0.00131543
24.774 -1.0472 -1.0472 3.74207e-06 14.2358 1.71449e-07 -2.09725e-06 -2.83686e-06 -1.0472 7.87574e-06 1.57081 -0.00131537
24.775 -1.0472 -1.0472 3.74147e-06 14.2358 1.71366e-07 -2.09703e-06 -2.83667e-06 -1.0472 7.87564e-06 1.57081 -0.00131531
24.776 -1.0472 -1.0472 3.74088e-06 14.2358 1.71282e-07 -2.09681e-06 -2.83647e-06 -1.0472 7.87554e-06 1.57081 -0.00131525
24.777 -1.0472 -1.0472 3.74028e-06 14.2358 1.71199e-07 -2.09659e-06 -2.83628e-06 -1.0472 7.87544e-06 1.57081 -0.00131519
24.778 -1.0472 -1.0472 3.73969e-06 14.2358 1.71116e-07 -2.09637e-06 -2.83609e-06 -1.0472 7.87534e-06 1.57081 -0.00131513
24.779 -1.0472 -1.0472 3.73911e-06 14.2358 1.71034e-07 -2.09615e-06 -2.8359e-06 -1.0472 7.87524e-06 1.57081 -0.00131507
24.78 -1.0472 -1.0472 3.73853e-06 14.2358 1.70951e-07 -2.09594e-06 -2.8357e-06 -1.0472 7.87514e-06 1.57081 -0.00131501
24.781 -1.0472 -1.0472 3.73795e-06 14.2358 1.70869e-07 -2.09572e-06 -2.83551e-06 -1.0472 7.87503e-06 1.57081 -0.00131495
24.782 -1.0472 -1.0472 3.73737e-06 14.2358 1.70788e-07 -2.09551e-06 -2.83532e-06 -1.0472 7.87492e-06 1.57081 -0.00131489
24.783 -1.0472 -1.0472 3.7368e-06 14.2358 1.70706e-07 -2.09529e-06 -2.83513e-06 -1.0472 7.87481e-06 1.57081 -0.00131483
24.784 -1.0472 -1.0472 3.73623e-06 14.2358 1.70625e-07 -2.09508e-06 -2.83493e-06 -1.0472 7.8747e-06 1.57081 -0.00131477
24.785 -1.0472 -1.0472 3.73567e-06 14.2358 1.70544e-07 -2.09487e-06 -2.83474e-06 -1.0472 7.87459e-06 1.57081 -0.00131471
24.786 -1.0472 -1.0472 3.7351e-06 14.2358 1.70463e-07 -2.09466e-06 -2.83455e-06 -1.0472 7.87448e-06 1.57081 -0.00131465
24.787 -1.0472 -1.0472 3.73454e-06 14.2358 1.70383e-07 -2.09445e-06 -2.83436e-06 -1.0472 7.87436e-06 1.57081 -0.00131459
24.788 -1.0472 -1.0472 3.73399e-06 14.2358 1.70303e-07 -2.09424e-06 -2.83417e-06 -1.0472 7.87424e-06 1.57081 -0.00131453
24.789 -1.0472 -1.0472 3.73344e-06 14.2358 1.70223e-07 -2.09403e-06 -2.83398e-06 -1.0472 7.87413e-06 1.57081 -0.00131447
24.79 -1.0472 -1.0472 3.73289e-06 14.2358 1.70144e-07 -2.09382e-06 -2.83379e-06 -1.0472 7.874e-06 1.57081 -0.00131441
24.791 -1.0472 -1.0472 3.73234e-06 14.2358 1.70064e-07 -2.09362e-06 -2.8336e-06 -1.0472 7.87388e-06 1.57081 -0.00131435
24.792 -1.0472 -1.0472 3.7318e-06 14.2358 1.69985e-07 -2.09341e-06 -2.83341e-06 -1.0472 7.87376e-06 1.57081 -0.00131429
24.793 -1.0472 -1.0472 3.73126e-06 14.2358 1.69907e-07 -2.09321e-06 -2.83322e-06 -1.0472 7.87363e-06 1.57081 -0.00131423
24.794 -1.0472 -1.0472 3.73073e-06 14.2358 1.69828e-07 -2.09301e-06 -2.83303e-06 -1.0472 7.87351e-06 1.57081 -0.00131417
24.795 -1.0472 -1.0472 3.73019e-06 14.2358 1.6975e-07 -2.0928e-06 -2.83284e-06 -1.0472 7.87338e-06 1.57081 -0.00131411
24.796 -1.0472 -1.0472 3.72966e-06 14.2358 1.69672e-07 -2.0926e-06 -2.83265e-06 -1.0472 7.87325e-06 1.57081 -0.00131405
24.797 -1.0472 -1.0472 3.72914e-06 14.2358 1.69595e-07 -2.0924e-06 -2.83246e-06 -1.0472 7.87312e-06 1.57081 -0.001314
24.798 -1.0472 -1.0472 3.72862e-06 14.2358 1.69517e-07 -2.0922e-06 -2.83227e-06 -1.0472 7.87299e-06 1.57081 -0.00131394
24.799 -1.0472 -1.0472 3.72809e-06 14.2358 1.6944e-07 -2.092e-06 -2.83208e-06 -1.0472 7.87285e-06 1.57081 -0.00131388
24.8 -1.0472 -1.0472 3.72758e-06 14.2358 1.69363e-07 -2.09181e-06 -2.83189e-06 -1.0472 7.87272e-06 1.57081 -0.00131382
24.801 -1.0472 -1.0472 3.72706e-06 14.2358 1.69287e-07 -2.09161e-06 -2.83171e-06 -1.0472 7.87258e-06 1.57081 -0.00131376
24.802 -1.0472 -1.0472 3.72655e-06 14.2358 1.69211e-07 -2.09141e-06 -2.83152e-06 -1.0472 7.87244e-06 1.57081 -0.0013137
24.803 -1.0472 -1.0472 3.72604e-06 14.2358 1.69135e-07 -2.09122e-06 -2.83133e-06 -1.0472 7.8723e-06 1.57081 -0.00131364
24.804 -1.0472 -1.0472 3.72554e-06 14.2358 1.69059e-07 -2.09103e-06 -2.83114e-06 -1.0472 7.87216e-06 1.57081 -0.00131358
24.805 -1.0472 -1.0472 3.72504e-06 14.2358 1.68984e-07 -2.09083e-06 -2.83096e-06 -1.0472 7.87202e-06 1.57081 -0.00131352
24.806 -1.0472 -1.0472 3.72454e-06 14.2358 1.68909e-07 -2.09064e-06 -2.83077e-06 -1.0472 7.87187e-06 1.57081 -0.00131346
24.807 -1.0472 -1.0472 3.72404e-06 14.2358 1.68834e-07 -2.09045e-06 -2.83058e-06 -1.0472 7.87173e-06 1.57081 -0.0013134
24.808 -1.0472 -1.0472 3.72355e-06 14.2358 1.68759e-07 -2.09026e-06 -2.8304e-06 -1.0472 7.87158e-06 1.57081 -0.00131334
24.809 -1.0472 -1.0472 3.72306e-06 14.2358 1.68685e-07 -2.09007e-06 -2.83021e-06 -1.0472 7.87143e-06 1.57081 -0.00131328
24.81 -1.0472 -1.0472 3.72257e-06 14.2358 1.68611e-07 -2.08988e-06 -2.83002e-06 -1.0472 7.87128e-06 1.57081 -0.00131322
24.811 -1.0472 -1.0472 3.72208e-06 14.2358 1.68537e-07 -2.08969e-06 -2.82984e-06 -1.0472 7.87113e-06 1.57081 -0.00131316
24.812 -1.0472 -1.0472 3.7216e-06 14.2358 1.68464e-07 -2.0895e-06 -2.82965e-06 -1.0472 7.87098e-06 1.57081 -0.0013131
24.813 -1.0472 -1.0472 3.72112e-06 14.2358 1.68391e-07 -2.08932e-06 -2.82947e-06 -1.0472 7.87082e-06 1.57081 -0.00131304
24.814 -1.0472 -1.0472 3.72064e-06 14.2358 1.68318e-07 -2.08913e-06 -2.82928e-06 -1.0472 7.87067e-06 1.57081 -0.00131298
24.815 -1.0472 -1.0472 3.72017e-06 14.2358 1.68245e-07 -2.08894e-06 -2.82909e-06 -1.0472 7.87051e-06 1.57081 -0.00131292
24.816 -1.0472 -1.0472 3.7197e-06 14.2358 1.68173e-07 -2.08876e-06 -2.82891e-06 -1.0472 7.87035e-06 1.57081 -0.00131286
24.817 -1.0472 -1.0472 3.71923e-06 14.2358 1.68101e-07 -2.08858e-06 -2.82873e-06 -1.0472 7.87019e-06 1.57081 -0.0013128
24.818 -1.0472 -1.0472 3.71876e-06 14.2358 1.68029e-07 -2.08839e-06 -2.82854e-06 -1.0472 7.87003e-06 1.57081 -0.00131274
24.819 -1.0472 -1.0472 3.7183e-06 14.2358 1.67957e-07 -2.08821e-06 -2.82836e-06 -1.0472 7.86987e-06 1.57081 -0.00131268
24.82 -1.0472 -1.0472 3.71784e-06 14.2358 1.67886e-07 -2.08803e-06 -2.82817e-06 -1.0472 7.86971e-06 1.57081 -0.00131262
24.821 -1.0472 -1.0472 3.71738e-06 14.2358 1.67815e-07 -2.08785e-06 -2.82799e-06 -1.0472 7.86954e-06 1.57081 -0.00131256
24.822 -1.0472 -1.0472 3.71692e-06 14.2358 1.67744e-07 -2.08767e-06 -2.82781e-06 -1.0472 7.86937e-06 1.57081 -0.0013125
24.823 -1.0472 -1.0472 3.71647e-06 14.2358 1.67674e-07 -2.08749e-06 -2.82762e-06 -1.0472 7.86921e-06 1.57081 -0.00131244
24.824 -1.0472 -1.0472 3.71602e-06 14.2358 1.67604e-07 -2.08731e-06 -2.82744e-06 -1.0472 7.86904e-06 1.57081 -0.00131238
24.825 -1.0472 -1.0472 3.71557e-06 14.2358 1.67534e-07 -2.08714e-06 -2.82726e-06 -1.0472 7.86887e-06 1.57081 -0.00131232
24.826 -1.0472 -1.0472 3.71513e-06 14.2358 1.67464e-07 -2.08696e-06 -2.82707e-06 -1.0472 7.8687e-06 1.57081 -0.00131226
24.827 -1.0472 -1.0472 3.71468e-06 14.2358 1.67395e-07 -2.08678e-06 -2.82689e-06 -1.0472 7.86852e-06 1.57081 -0.00131221
24.828 -1.0472 -1.0472 3.71424e-06 14.2358 1.67326e-07 -2.08661e-06 -2.82671e-06 -1.0472 7.86835e-06 1.57081 -0.00131215
24.829 -1.0472 -1.0472 3.7138e-06 14.2358 1.67257e-07 -2.08643e-06 -2.82653e-06 -1.0472 7.86817e-06 1.57081 -0.00131209
24.83 -1.0472 -1.0472 3.71337e-06 14.2358 1.67189e-07 -2.08626e-06 -2.82635e-06 -1.0472 7.868e-06 1.57081 -0.00131203
24.831 -1.0472 -1.0472 3.71293e-06 14.2358 1.6712e-07 -2.08609e-06 -2.82616e-06 -1.0472 7.86782e-06 1.57081 -0.00131197
24.832 -1.0472 -1.0472 3.7125e-06 14.2358 1.67052e-07 -2.08592e-06 -2.82598e-06 -1.0472 7.86764e-06 1.57081 -0.00131191
24.833 -1.0472 -1.0472 3.71208e-06 14.2358 1.66985e-07 -2.08574e-06 -2.8258e-06 -1.0472 7.86746e-06 1.57081 -0.00131185
24.834 -1.0472 -1.0472 3.71165e-06 14.2358 1.66917e-07 -2.08557e-06 -2.82562e-06 -1.0472 7.86728e-06 1.57081 -0.00131179
24.835 -1.0472 -1.0472 3.71122e-06 14.2358 1.6685e-07 -2.0854e-06 -2.82544e-06 -1.0472 7.86709e-06 1.57081 -0.00131173
24.836 -1.0472 -1.0472 3.7108e-06 14.2358 1.66783e-07 -2.08523e-06 -2.82526e-06 -1.0472 7.86691e-06 1.57081 -0.00131167
24.837 -1.0472 -1.0472 3.71038e-06 14.2358 1.66716e-07 -2.08506e-06 -2.82508e-06 -1.0472 7.86672e-06 1.57081 -0.00131161
24.838 -1.0472 -1.0472 3.70997e-06 14.2358 1.6665e-07 -2.0849e-06 -2.8249e-06 -1.0472 7.86653e-06 1.57081 -0.00131155
24.839 -1.0472 -1.0472 3.70955e-06 14.2358 1.66584e-07 -2.08473e-06 -2.82472e-06 -1.0472 7.86635e-06 1.57081 -0.00131149
24.84 -1.0472 -1.0472 3.70914e-06 14.2358 1.66518e-07 -2.08456e-06 -2.82454e-06 -1.0472 7.86616e-06 1.57081 -0.00131143
24.841 -1.0472 -1.0472 3.70873e-06 14.2358 1.66453e-07 -2.0844e-06 -2.82436e-06 -1.0472 7.86597e-06 1.57081 -0.00131137
24.842 -1.0472 -1.0472 3.70832e-06 14.2358 1.66387e-07 -2.08423e-06 -2.82418e-06 -1.0472 7.86578e-06 1.57081 -0.00131131
24.843 -1.0472 -1.0472 3.70792e-06 14.2358 1.66322e-07 -2.08406e-06 -2.824e-06 -1.0472 7.86558e-06 1.57081 -0.00131125
24.844 -1.0472 -1.0472 3.70751e-06 14.2358 1.66257e-07 -2.0839e-06 -2.82382e-06 -1.0472 7.86539e-06 1.57081 -0.00131119
24.845 -1.0472 -1.0472 3.70711e-06 14.2358 1.66193e-07 -2.08374e-06 -2.82364e-06 -1.0472 7.86519e-06 1.57081 -0.00131113
24.846 -1.0472 -1.0472 3.70671e-06 14.2358 1.66129e-07 -2.08357e-06 -2.82347e-06 -1.0472 7.865e-06 1.57081 -0.00131107
24.847 -1.0472 -1.0472 3.70631e-06 14.2358 1.66065e-07 -2.08341e-06 -2.82329e-06 -1.0472 7.8648e-06 1.57081 -0.00131101
24.848 -1.0472 -1.0472 3.70592e-06 14.2358 1.66001e-07 -2.08325e-06 -2.82311e-06 -1.0472 7.8646e-06 1.57081 -0.00131095
24.849 -1.0472 -1.0472 3.70552e-06 14.2358 1.65938e-07 -2.08309e-06 -2.82293e-06 -1.0472 7.8644e-06 1.57081 -0.00131089
24.85 -1.0472 -1.0472 3.70513e-06 14.2358 1.65874e-07 -2.08293e-06 -2.82276e-06 -1.0472 7.8642e-06 1.57081 -0.00131083
24.851 -1.0472 -1.0472 3.70474e-06 14.2358 1.65811e-07 -2.08277e-06 -2.82258e-06 -1.0472 7.864e-06 1.57081 -0.00131078
24.852 -1.0472 -1.0472 3.70436e-06 14.2358 1.65749e-07 -2.08261e-06 -2.8224e-06 -1.0472 7.86379e-06 1.57081 -0.00131072
24.853 -1.0472 -1.0472 3.70397e-06 14.2358 1.65686e-07 -2.08245e-06 -2.82222e-06 -1.0472 7.86359e-06 1.57081 -0.00131066
24.854 -1.0472 -1.0472 3.70359e-06 14.2358 1.65624e-07 -2.08229e-06 -2.82205e-06 -1.0472 7.86338e-06 1.57081 -0.0013106
24.855 -1.0472 -1.0472 3.70321e-06 14.2358 1.65562e-07 -2.08213e-06 -2.82187e-06 -1.0472 7.86318e-06 1.57081 -0.00131054
24.856 -1.0472 -1.0472 3.70283e-06 14.2358 1.65501e-07 -2.08198e-06 -2.8217e-06 -1.0472 7.86297e-06 1.57081 -0.00131048
24.857 -1.0472 -1.0472 3.70245e-06 14.2358 1.65439e-07 -2.08182e-06 -2.82152e-06 -1.0472 7.86276e-06 1.57081 -0.00131042
24.858 -1.0472 -1.0472 3.70208e-06 14.2358 1.65378e-07 -2.08166e-06 -2.82134e-06 -1.0472 7.86255e-06 1.57081 -0.00131036
24.859 -1.0472 -1.0472 3.70171e-06 14.2358 1.65317e-07 -2.08151e-06 -2.82117e-06 -1.0472 7.86234e-06 1.57081 -0.0013103
24.86 -1.0472 -1.0472 3.70133e-06 14.2358 1.65257e-07 -2.08135e-06 -2.82099e-06 -1.0472 7.86213e-06 1.57081 -0.00131024
24.861 -1.0472 -1.0472 3.70096e-06 14.2358 1.65196e-07 -2.0812e-06 -2.82082e-06 -1.0472 7.86191e-06 1.57081 -0.00131018
24.862 -1.0472 -1.0472 3.7006e-06 14.2358 1.65136e-07 -2.08105e-06 -2.82064e-06 -1.0472 7.8617e-06 1.57081 -0.00131012
24.863 -1.0472 -1.0472 3.70023e-06 14.2358 1.65077e-07 -2.08089e-06 -2.82047e-06 -1.0472 7.86148e-06 1.57081 -0.00131006
24.864 -1.0472 -1.0472 3.69987e-06 14.2358 1.65017e-07 -2.08074e-06 -2.82029e-06 -1.0472 7.86127e-06 1.57081 -0.00131
24.865 -1.0472 -1.0472 3.69951e-06 14.2358 1.64958e-07 -2.08059e-06 -2.82012e-06 -1.0472 7.86105e-06 1.57081 -0.00130994
24.866 -1.0472 -1.0472 3.69915e-06 14.2358 1.64899e-07 -2.08044e-06 -2.81995e-06 -1.0472 7.86083e-06 1.57081 -0.00130988
24.867 -1.0472 -1.0472 3.69879e-06 14.2358 1.6484e-07 -2.08029e-06 -2.81977e-06 -1.0472 7.86061e-06 1.57081 -0.00130982
24.868 -1.0472 -1.0472 3.69843e-06 14.2358 1.64781e-07 -2.08014e-06 -2.8196e-06 -1.0472 7.86039e-06 1.57081 -0.00130976
24.869 -1.0472 -1.0472 3.69808e-06 14.2358 1.64723e-07 -2.07999e-06 -2.81943e-06 -1.0472 7.86017e-06 1.57081 -0.0013097
24.87 -1.0472 -1.0472 3.69773e-06 14.2358 1.64665e-07 -2.07984e-06 -2.81925e-06 -1.0472 7.85995e-06 1.57081 -0.00130964
24.871 -1.0472 -1.0472 3.69737e-06 14.2358 1.64607e-07 -2.07969e-06 -2.81908e-06 -1.0472 7.85973e-06 1.57081 -0.00130958
24.872 -1.0472 -1.0472 3.69703e-06 14.2358 1.64549e-07 -2.07954e-06 -2.81891e-06 -1.0472 7.8595e-06 1.57081 -0.00130953
24.873 -1.0472 -1.0472 3.69668e-06 14.2358 1.64492e-07 -2.07939e-06 -2.81873e-06 -1.0472 7.85927e-06 1.57081 -0.00130947
24.874 -1.0472 -1.0472 3.69633e-06 14.2358 1.64435e-07 -2.07925e-06 -2.81856e-06 -1.0472 7.85905e-06 1.57081 -0.00130941
24.875 -1.0472 -1.0472 3.69599e-06 14.2358 1.64378e-07 -2.0791e-06 -2.81839e-06 -1.0472 7.85882e-06 1.57081 -0.00130935
24.876 -1.0472 -1.0472 3.69565e-06 14.2358 1.64322e-07 -2.07895e-06 -2.81822e-06 -1.0472 7.85859e-06 1.57081 -0.00130929
24.877 -1.0472 -1.0472 3.6953e-06 14.2358 1.64265e-07 -2.07881e-06 -2.81805e-06 -1.0472 7.85836e-06 1.57081 -0.00130923
24.878 -1.0472 -1.0472 3.69497e-06 14.2358 1.64209e-07 -2.07866e-06 -2.81788e-06 -1.0472 7.85813e-06 1.57081 -0.00130917
24.879 -1.0472 -1.0472 3.69463e-06 14.2358 1.64153e-07 -2.07852e-06 -2.8177e-06 -1.0472 7.8579e-06 1.57081 -0.00130911
24.88 -1.0472 -1.0472 3.69429e-06 14.2358 1.64098e-07 -2.07837e-06 -2.81753e-06 -1.0472 7.85767e-06 1.57081 -0.00130905
24.881 -1.0472 -1.0472 3.69396e-06 14.2358 1.64042e-07 -2.07823e-06 -2.81736e-06 -1.0472 7.85744e-06 1.57081 -0.00130899
24.882 -1.0472 -1.0472 3.69363e-06 14.2358 1.63987e-07 -2.07809e-06 -2.81719e-06 -1.0472 7.8572e-06 1.57081 -0.00130893
24.883 -1.0472 -1.0472 3.6933e-06 14.2358 1.63932e-07 -2.07794e-06 -2.81702e-06 -1.0472 7.85697e-06 1.57081 -0.00130887
24.884 -1.0472 -1.0472 3.69297e-06 14.2358 1.63878e-07 -2.0778e-06 -2.81685e-06 -1.0472 7.85673e-06 1.57081 -0.00130881
24.885 -1.0472 -1.0472 3.69264e-06 14.2358 1.63823e-07 -2.07766e-06 -2.81668e-06 -1.0472 7.85649e-06 1.57081 -0.00130875
24.886 -1.0472 -1.0472 3.69231e-06 14.2358 1.63769e-07 -2.07752e-06 -2.81651e-06 -1.0472 7.85625e-06 1.57081 -0.00130869
24.887 -1.0472 -1.0472 3.69199e-06 14.2358 1.63715e-07 -2.07738e-06 -2.81634e-06 -1.0472 7.85602e-06 1.57081 -0.00130863
24.888 -1.0472 -1.0472 3.69166e-06 14.2358 1.63662e-07 -2.07723e-06 -2.81617e-06 -1.0472 7.85578e-06 1.57081 -0.00130857
24.889 -1.0472 -1.0472 3.69134e-06 14.2358 1.63608e-07 -2.07709e-06 -2.816e-06 -1.0472 7.85553e-06 1.57081 -0.00130851
24.89 -1.0472 -1.0472 3.69102e-06 14.2358 1.63555e-07 -2.07696e-06 -2.81583e-06 -1.0472 7.85529e-06 1.57081 -0.00130845
24.891 -1.0472 -1.0472 3.6907e-06 14.2358 1.63502e-07 -2.07682e-06 -2.81567e-06 -1.0472 7.85505e-06 1.57081 -0.0013084
24.892 -1.0472 -1.0472 3.69039e-06 14.2358 1.63449e-07 -2.07668e-06 -2.8155e-06 -1.0472 7.85481e-06 1.57081 -0.00130834
24.893 -1.0472 -1.0472 3.69007e-06 14.2358 1.63397e-07 -2.07654e-06 -2.81533e-06 -1.0472 7.85456e-06 1.57081 -0.00130828
24.894 -1.0472 -1.0472 3.68976e-06 14.2358 1.63345e-07 -2.0764e-06 -2.81516e-06 -1.0472 7.85432e-06 1.57081 -0.00130822
24.895 -1.0472 -1.0472 3.68944e-06 14.2358 1.63293e-07 -2.07626e-06 -2.81499e-06 -1.0472 7.85407e-06 1.57081 -0.00130816
24.896 -1.0472 -1.0472 3.68913e-06 14.2358 1.63241e-07 -2.07613e-06 -2.81482e-06 -1.0472 7.85383e-06 1.57081 -0.0013081
24.897 -1.0472 -1.0472 3.68882e-06 14.2358 1.63189e-07 -2.07599e-06 -2.81466e-06 -1.0472 7.85358e-06 1.57081 -0.00130804
24.898 -1.0472 -1.0472 3.68851e-06 14.2358 1.63138e-07 -2.07585e-06 -2.81449e-06 -1.0472 7.85333e-06 1.57081 -0.00130798
24.899 -1.0472 -1.0472 3.68821e-06 14.2358 1.63087e-07 -2.07572e-06 -2.81432e-06 -1.0472 7.85308e-06 1.57081 -0.00130792
24.9 -1.0472 -1.0472 3.6879e-06 14.2358 1.63036e-07 -2.07558e-06 -2.81416e-06 -1.0472 7.85283e-06 1.57081 -0.00130786
24.901 -1.0472 -1.0472 3.6876e-06 14.2358 1.62985e-07 -2.07545e-06 -2.81399e-06 -1.0472 7.85258e-06 1.57081 -0.0013078
24.902 -1.0472 -1.0472 3.68729e-06 14.2358 1.62935e-07 -2.07531e-06 -2.81382e-06 -1.0472 7.85233e-06 1.57081 -0.00130774
24.903 -1.0472 -1.0472 3.68699e-06 14.2358 1.62885e-07 -2.07518e-06 -2.81366e-06 -1.0472 7.85207e-06 1.57081 -0.00130768
24.904 -1.0472 -1.0472 3.68669e-06 14.2358 1.62835e-07 -2.07504e-06 -2.81349e-06 -1.0472 7.85182e-06 1.57081 -0.00130762
24.905 -1.0472 -1.0472 3.68639e-06 14.2358 1.62785e-07 -2.07491e-06 -2.81332e-06 -1.0472 7.85156e-06 1.57081 -0.00130756
24.906 -1.0472 -1.0472 3.6861e-06 14.2358 1.62735e-07 -2.07478e-06 -2.81316e-06 -1.0472 7.85131e-06 1.57081 -0.0013075
24.907 -1.0472 -1.0472 3.6858e-06 14.2358 1.62686e-07 -2.07465e-06 -2.81299e-06 -1.0472 7.85105e-06 1.57081 -0.00130744
24.908 -1.0472 -1.0472 3.6855e-06 14.2358 1.62637e-07 -2.07451e-06 -2.81283e-06 -1.0472 7.8508e-06 1.57081 -0.00130738
24.909 -1.0472 -1.0472 3.68521e-06 14.2358 1.62588e-07 -2.07438e-06 -2.81266e-06 -1.0472 7.85054e-06 1.57081 -0.00130733
24.91 -1.0472 -1.0472 3.68492e-06 14.2358 1.62539e-07 -2.07425e-06 -2.8125e-06 -1.0472 7.85028e-06 1.57081 -0.00130727
24.911 -1.0472 -1.0472 3.68463e-06 14.2358 1.62491e-07 -2.07412e-06 -2.81233e-06 -1.0472 7.85002e-06 1.57081 -0.00130721
24.912 -1.0472 -1.0472 3.68434e-06 14.2358 1.62443e-07 -2.07399e-06 -2.81217e-06 -1.0472 7.84976e-06 1.57081 -0.00130715
24.913 -1.0472 -1.0472 3.68405e-06 14.2358 1.62395e-07 -2.07386e-06 -2.812e-06 -1.0472 7.8495e-06 1.57081 -0.00130709
24.914 -1.0472 -1.0472 3.68376e-06 14.2358 1.62347e-07 -2.07373e-06 -2.81184e-06 -1.0472 7.84924e-06 1.57081 -0.00130703
24.915 -1.0472 -1.0472 3.68348e-06 14.2358 1.623e-07 -2.0736e-06 -2.81167e-06 -1.0472 7.84898e-06 1.57081 -0.00130697
24.916 -1.0472 -1.0472 3.68319e-06 14.2358 1.62252e-07 -2.07347e-06 -2.81151e-06 -1.0472 7.84871e-06 1.57081 -0.00130691
24.917 -1.0472 -1.0472 3.68291e-06 14.2358 1.62205e-07 -2.07334e-06 -2.81135e-06 -1.0472 7.84845e-06 1.57081 -0.00130685
24.918 -1.0472 -1.0472 3.68262e-06 14.2358 1.62158e-07 -2.07321e-06 -2.81118e-06 -1.0472 7.84819e-06 1.57081 -0.00130679
24.919 -1.0472 -1.0472 3.68234e-06 14.2358 1.62112e-07 -2.07308e-06 -2.81102e-06 -1.0472 7.84792e-06 1.57081 -0.00130673
24.92 -1.0472 -1.0472 3.68206e-06 14.2358 1.62065e-07 -2.07296e-06 -2.81086e-06 -1.0472 7.84765e-06 1.57081 -0.00130667
24.921 -1.0472 -1.0472 3.68178e-06 14.2358 1.62019e-07 -2.07283e-06 -2.81069e-06 -1.0472 7.84739e-06 1.57081 -0.00130661
24.922 -1.0472 -1.0472 3.68151e-06 14.2358 1.61973e-07 -2.0727e-06 -2.81053e-06 -1.0472 7.84712e-06 1.57081 -0.00130655
24.923 -1.0472 -1.0472 3.68123e-06 14.2358 1.61927e-07 -2.07257e-06 -2.81037e-06 -1.0472 7.84685e-06 1.57081 -0.00130649
24.924 -1.0472 -1.0472 3.68095e-06 14.2358 1.61881e-07 -2.07245e-06 -2.8102e-06 -1.0472 7.84658e-06 1.57081 -0.00130643
24.925 -1.0472 -1.0472 3.68068e-06 14.2358 1.61836e-07 -2.07232e-06 -2.81004e-06 -1.0472 7.84631e-06 1.57081 -0.00130638
24.926 -1.0472 -1.0472 3.68041e-06 14.2358 1.61791e-07 -2.0722e-06 -2.80988e-06 -1.0472 7.84604e-06 1.57081 -0.00130632
24.927 -1.0472 -1.0472 3.68013e-06 14.2358 1.61746e-07 -2.07207e-06 -2.80972e-06 -1.0472 7.84577e-06 1.57081 -0.00130626
24.928 -1.0472 -1.0472 3.67986e-06 14.2358 1.61701e-07 -2.07194e-06 -2.80956e-06 -1.0472 7.8455e-06 1.57081 -0.0013062
24.929 -1.0472 -1.0472 3.67959e-06 14.2358 1.61657e-07 -2.07182e-06 -2.8094e-06 -1.0472 7.84523e-06 1.57081 -0.00130614
24.93 -1.0472 -1.0472 3.67932e-06 14.2358 1.61612e-07 -2.0717e-06 -2.80923e-06 -1.0472 7.84495e-06 1.57081 -0.00130608
24.931 -1.0472 -1.0472 3.67905e-06 14.2358 1.61568e-07 -2.07157e-06 -2.80907e-06 -1.0472 7.84468e-06 1.57081 -0.00130602
24.932 -1.0472 -1.0472 3.67879e-06 14.2358 1.61524e-07 -2.07145e-06 -2.80891e-06 -1.0472 7.84441e-06 1.57081 -0.00130596
24.933 -1.0472 -1.0472 3.67852e-06 14.2358 1.6148e-07 -2.07132e-06 -2.80875e-06 -1.0472 7.84413e-06 1.57081 -0.0013059
24.934 -1.0472 -1.0472 3.67826e-06 14.2358 1.61437e-07 -2.0712e-06 -2.80859e-06 -1.0472 7.84385e-06 1.57081 -0.00130584
24.935 -1.0472 -1.0472 3.67799e-06 14.2358 1.61393e-07 -2.07108e-06 -2.80843e-06 -1.0472 7.84358e-06 1.57081 -0.00130578
24.936 -1.0472 -1.0472 3.67773e-06 14.2358 1.6135e-07 -2.07095e-06 -2.80827e-06 -1.0472 7.8433e-06 1.57081 -0.00130572
24.937 -1.0472 -1.0472 3.67747e-06 14.2358 1.61307e-07 -2.07083e-06 -2.80811e-06 -1.0472 7.84302e-06 1.57081 -0.00130566
24.938 -1.0472 -1.0472 3.67721e-06 14.2358 1.61265e-07 -2.07071e-06 -2.80795e-06 -1.0472 7.84274e-06 1.57081 -0.0013056
24.939 -1.0472 -1.0472 3.67695e-06 14.2358 1.61222e-07 -2.07059e-06 -2.80779e-06 -1.0472 7.84247e-06 1.57081 -0.00130554
24.94 -1.0472 -1.0472 3.67669e-06 14.2358 1.6118e-07 -2.07047e-06 -2.80763e-06 -1.0472 7.84219e-06 1.57081 -0.00130549
24.941 -1.0472 -1.0472 3.67643e-06 14.2358 1.61137e-07 -2.07035e-06 -2.80747e-06 -1.0472 7.8419e-06 1.57081 -0.00130543
24.942 -1.0472 -1.0472 3.67618e-06 14.2358 1.61095e-07 -2.07022e-06 -2.80731e-06 -1.0472 7.84162e-06 1.57081 -0.00130537
24.943 -1.0472 -1.0472 3.67592e-06 14.2358 1.61054e-07 -2.0701e-06 -2.80715e-06 -1.0472 7.84134e-06 1.57081 -0.00130531
24.944 -1.0472 -1.0472 3.67566e-06 14.2358 1.61012e-07 -2.06998e-06 -2.80699e-06 -1.0472 7.84106e-06 1.57081 -0.00130525
24.945 -1.0472 -1.0472 3.67541e-06 14.2358 1.60971e-07 -2.06986e-06 -2.80684e-06 -1.0472 7.84078e-06 1.57081 -0.00130519
24.946 -1.0472 -1.0472 3.67516e-06 14.2358 1.6093e-07 -2.06974e-06 -2.80668e-06 -1.0472 7.84049e-06 1.57081 -0.00130513
24.947 -1.0472 -1.0472 3.67491e-06 14.2358 1.60889e-07 -2.06962e-06 -2.80652e-06 -1.0472 7.84021e-06 1.57081 -0.00130507
24.948 -1.0472 -1.0472 3.67465e-06 14.2358 1.60848e-07 -2.0695e-06 -2.80636e-06 -1.0472 7.83992e-06 1.57081 -0.00130501
24.949 -1.0472 -1.0472 3.6744e-06 14.2358 1.60807e-07 -2.06939e-06 -2.8062e-06 -1.0472 7.83964e-06 1.57081 -0.00130495
24.95 -1.0472 -1.0472 3.67415e-06 14.2358 1.60767e-07 -2.06927e-06 -2.80604e-06 -1.0472 7.83935e-06 1.57081 -0.00130489
24.951 -1.0472 -1.0472 3.67391e-06 14.2358 1.60726e-07 -2.06915e-06 -2.80589e-06 -1.0472 7.83907e-06 1.57081 -0.00130483
24.952 -1.0472 -1.0472 3.67366e-06 14.2358 1.60686e-07 -2.06903e-06 -2.80573e-06 -1.0472 7.83878e-06 1.57081 -0.00130477
24.953 -1.0472 -1.0472 3.67341e-06 14.2358 1.60647e-07 -2.06891e-06 -2.80557e-06 -1.0472 7.83849e-06 1.57081 -0.00130471
24.954 -1.0472 -1.0472 3.67317e-06 14.2358 1.60607e-07 -2.06879e-06 -2.80541e-06 -1.0472 7.8382e-06 1.57081 -0.00130465
24.955 -1.0472 -1.0472 3.67292e-06 14.2358 1.60567e-07 -2.06868e-06 -2.80526e-06 -1.0472 7.83791e-06 1.57081 -0.0013046
24.956 -1.0472 -1.0472 3.67268e-06 14.2358 1.60528e-07 -2.06856e-06 -2.8051e-06 -1.0472 7.83762e-06 1.57081 -0.00130454
24.957 -1.0472 -1.0472 3.67243e-06 14.2358 1.60489e-07 -2.06844e-06 -2.80494e-06 -1.0472 7.83733e-06 1.57081 -0.00130448
24.958 -1.0472 -1.0472 3.67219e-06 14.2358 1.6045e-07 -2.06833e-06 -2.80479e-06 -1.0472 7.83704e-06 1.57081 -0.00130442
24.959 -1.0472 -1.0472 3.67195e-06 14.2358 1.60411e-07 -2.06821e-06 -2.80463e-06 -1.0472 7.83675e-06 1.57081 -0.00130436
24.96 -1.0472 -1.0472 3.67171e-06 14.2358 1.60373e-07 -2.06809e-06 -2.80447e-06 -1.0472 7.83646e-06 1.57081 -0.0013043
24.961 -1.0472 -1.0472 3.67147e-06 14.2358 1.60334e-07 -2.06798e-06 -2.80432e-06 -1.0472 7.83617e-06 1.57081 -0.00130424
24.962 -1.0472 -1.0472 3.67123e-06 14.2358 1.60296e-07 -2.06786e-06 -2.80416e-06 -1.0472 7.83588e-06 1.57081 -0.00130418
24.963 -1.0472 -1.0472 3.67099e-06 14.2358 1.60258e-07 -2.06775e-06 -2.80401e-06 -1.0472 7.83558e-06 1.57081 -0.00130412
24.964 -1.0472 -1.0472 3.67076e-06 14.2358 1.6022e-07 -2.06763e-06 -2.80385e-06 -1.0472 7.83529e-06 1.57081 -0.00130406
24.965 -1.0472 -1.0472 3.67052e-06 14.2358 1.60183e-07 -2.06752e-06 -2.8037e-06 -1.0472 7.83499e-06 1.57081 -0.001304
24.966 -1.0472 -1.0472 3.67028e-06 14.2358 1.60145e-07 -2.0674e-06 -2.80354e-06 -1.0472 7.8347e-06 1.57081 -0.00130394
24.967 -1.0472 -1.0472 3.67005e-06 14.2358 1.60108e-07 -2.06729e-06 -2.80339e-06 -1.0472 7.8344e-06 1.57081 -0.00130388
24.968 -1.0472 -1.0472 3.66981e-06 14.2358 1.60071e-07 -2.06717e-06 -2.80323e-06 -1.0472 7.83411e-06 1.57081 -0.00130383
24.969 -1.0472 -1.0472 3.66958e-06 14.2358 1.60034e-07 -2.06706e-06 -2.80308e-06 -1.0472 7.83381e-06 1.57081 -0.00130377
24.97 -1.0472 -1.0472 3.66935e-06 14.2358 1.59997e-07 -2.06695e-06 -2.80292e-06 -1.0472 7.83351e-06 1.57081 -0.00130371
24.971 -1.0472 -1.0472 3.66912e-06 14.2358 1.5996e-07 -2.06683e-06 -2.80277e-06 -1.0472 7.83322e-06 1.57081 -0.00130365
24.972 -1.0472 -1.0472 3.66888e-06 14.2358 1.59924e-07 -2.06672e-06 -2.80261e-06 -1.0472 7.83292e-06 1.57081 -0.00130359
24.973 -1.0472 -1.0472 3.66865e-06 14.2358 1.59888e-07 -2.06661e-06 -2.80246e-06 -1.0472 7.83262e-06 1.57081 -0.00130353
24.974 -1.0472 -1.0472 3.66842e-06 14.2358 1.59851e-07 -2.06649e-06 -2.8023e-06 -1.0472 7.83232e-06 1.57081 -0.00130347
24.975 -1.0472 -1.0472 3.66819e-06 14.2358 1.59815e-07 -2.06638e-06 -2.80215e-06 -1.0472 7.83202e-06 1.57081 -0.00130341
24.976 -1.0472 -1.0472 3.66797e-06 14.2358 1.5978e-07 -2.06627e-06 -2.802e-06 -1.0472 7.83172e-06 1.57081 -0.00130335
24.977 -1.0472 -1.0472 3.66774e-06 14.2358 1.59744e-07 -2.06616e-06 -2.80184e-06 -1.0472 7.83142e-06 1.57081 -0.00130329
24.978 -1.0472 -1.0472 3.66751e-06 14.2358 1.59709e-07 -2.06604e-06 -2.80169e-06 -1.0472 7.83112e-06 1.57081 -0.00130323
24.979 -1.0472 -1.0472 3.66729e-06 14.2358 1.59673e-07 -2.06593e-06 -2.80154e-06 -1.0472 7.83082e-06 1.57081 -0.00130317
24.98 -1.0472 -1.0472 3.66706e-06 14.2358 1.59638e-07 -2.06582e-06 -2.80138e-06 -1.0472 7.83051e-06 1.57081 -0.00130311
24.981 -1.0472 -1.0472 3.66683e-06 14.2358 1.59603e-07 -2.06571e-06 -2.80123e-06 -1.0472 7.83021e-06 1.57081 -0.00130306
24.982 -1.0472 -1.0472 3.66661e-06 14.2358 1.59569e-07 -2.0656e-06 -2.80108e-06 -1.0472 7.82991e-06 1.57081 -0.001303
24.983 -1.0472 -1.0472 3.66639e-06 14.2358 1.59534e-07 -2.06549e-06 -2.80092e-06 -1.0472 7.82961e-06 1.57081 -0.00130294
24.984 -1.0472 -1.0472 3.66616e-06 14.2358 1.595e-07 -2.06538e-06 -2.80077e-06 -1.0472 7.8293e-06 1.57081 -0.00130288
24.985 -1.0472 -1.0472 3.66594e-06 14.2358 1.59465e-07 -2.06526e-06 -2.80062e-06 -1.0472 7.829e-06 1.57081 -0.00130282
24.986 -1.0472 -1.0472 3.66572e-06 14.2358 1.59431e-07 -2.06515e-06 -2.80047e-06 -1.0472 7.82869e-06 1.57081 -0.00130276
24.987 -1.0472 -1.0472 3.6655e-06 14.2358 1.59397e-07 -2.06504e-06 -2.80032e-06 -1.0472 7.82839e-06 1.57081 -0.0013027
24.988 -1.0472 -1.0472 3.66528e-06 14.2358 1.59363e-07 -2.06493e-06 -2.80016e-06 -1.0472 7.82808e-06 1.57081 -0.00130264
24.989 -1.0472 -1.0472 3.66506e-06 14.2358 1.5933e-07 -2.06482e-06 -2.80001e-06 -1.0472 7.82778e-06 1.57081 -0.00130258
24.99 -1.0472 -1.0472 3.66484e-06 14.2358 1.59296e-07 -2.06471e-06 -2.79986e-06 -1.0472 7.82747e-06 1.57081 -0.00130252
24.991 -1.0472 -1.0472 3.66462e-06 14.2358 1.59263e-07 -2.06461e-06 -2.79971e-06 -1.0472 7.82716e-06 1.57081 -0.00130246
24.992 -1.0472 -1.0472 3.6644e-06 14.2358 1.5923e-07 -2.0645e-06 -2.79956e-06 -1.0472 7.82685e-06 1.57081 -0.0013024
24.993 -1.0472 -1.0472 3.66419e-06 14.2358 1.59197e-07 -2.06439e-06 -2.79941e-06 -1.0472 7.82655e-06 1.57081 -0.00130234
24.994 -1.0472 -1.0472 3.66397e-06 14.2358 1.59164e-07 -2.06428e-06 -2.79925e-06 -1.0472 7.82624e-06 1.57081 -0.00130229
24.995 -1.0472 -1.0472 3.66375e-06 14.2358 1.59131e-07 -2.06417e-06 -2.7991e-06 -1.0472 7.82593e-06 1.57081 -0.00130223
24.996 -1.0472 -1.0472 3.66354e-06 14.2358 1.59099e-07 -2.06406e-06 -2.79895e-06 -1.0472 7.82562e-06 1.57081 -0.00130217
24.997 -1.0472 -1.0472 3.66332e-06 14.2358 1.59066e-07 -2.06395e-06 -2.7988e-06 -1.0472 7.82531e-06 1.57081 -0.00130211
24.998 -1.0472 -1.0472 3.66311e-06 14.2358 1.59034e-07 -2.06384e-06 -2.79865e-06 -1.0472 7.825e-06 1.57081 -0.00130205
24.999 -1.0472 -1.0472 3.6629e-06 14.2358 1.59002e-07 -2.06374e-06 -2.7985e-06 -1.0472 7.82469e-06 1.57081 -0.00130199
25 -1.0472 -1.0472 3.66268e-06 14.2358 1.5897e-07 -2.06363e-06 -2.79835e-06 -1.0472 7.82438e-06 1.57081 -0.00130193
25.001 -1.0472 -1.0472 3.66247e-06 14.2358 1.58938e-07 -2.06352e-06 -2.7982e-06 -1.0472 7.82407e-06 1.57081 -0.00130187
25.002 -1.0472 -1.0472 3.66226e-06 14.2358 1.58907e-07 -2.06341e-06 -2.79805e-06 -1.0472 7.82375e-06 1.57081 -0.00130181
25.003 -1.0472 -1.0472 3.66205e-06 14.2358 1.58875e-07 -2.0633e-06 -2.7979e-06 -1.0472 7.82344e-06 1.57081 -0.00130175
25.004 -1.0472 -1.0472 3.66184e-06 14.2358 1.58844e-07 -2.0632e-06 -2.79775e-06 -1.0472 7.82313e-06 1.57081 -0.00130169
25.005 -1.0472 -1.0472 3.66163e-06 14.2358 1.58813e-07 -2.06309e-06 -2.7976e-06 -1.0472 7.82282e-06 1.57081 -0.00130163
25.006 -1.0472 -1.0472 3.66142e-06 14.2358 1.58782e-07 -2.06298e-06 -2.79745e-06 -1.0472 7.8225e-06 1.57081 -0.00130158
25.007 -1.0472 -1.0472 3.66121e-06 14.2358 1.58751e-07 -2.06288e-06 -2.7973e-06 -1.0472 7.82219e-06 1.57081 -0.00130152
25.008 -1.0472 -1.0472 3.661e-06 14.2358 1.5872e-07 -2.06277e-06 -2.79715e-06 -1.0472 7.82188e-06 1.57081 -0.00130146
25.009 -1.0472 -1.0472 3.66079e-06 14.2358 1.58689e-07 -2.06266e-06 -2.79701e-06 -1.0472 7.82156e-06 1.57081 -0.0013014
25.01 -1.0472 -1.0472 3.66058e-06 14.2358 1.58659e-07 -2.06256e-06 -2.79686e-06 -1.0472 7.82125e-06 1.57081 -0.00130134
25.011 -1.0472 -1.0472 3.66038e-06 14.2358 1.58629e-07 -2.06245e-06 -2.79671e-06 -1.0472 7.82093e-06 1.57081 -0.00130128
25.012 -1.0472 -1.0472 3.66017e-06 14.2358 1.58598e-07 -2.06235e-06 -2.79656e-06 -1.0472 7.82062e-06 1.57081 -0.00130122
25.013 -1.0472 -1.0472 3.65996e-06 14.2358 1.58568e-07 -2.06224e-06 -2.79641e-06 -1.0472 7.8203e-06 1.57081 -0.00130116
25.014 -1.0472 -1.0472 3.65976e-06 14.2358 1.58539e-07 -2.06213e-06 -2.79626e-06 -1.0472 7.81998e-06 1.57081 -0.0013011
25.015 -1.0472 -1.0472 3.65955e-06 14.2358 1.58509e-07 -2.06203e-06 -2.79611e-06 -1.0472 7.81967e-06 1.57081 -0.00130104
25.016 -1.0472 -1.0472 3.65935e-06 14.2358 1.58479e-07 -2.06192e-06 -2.79597e-06 -1.0472 7.81935e-06 1.57081 -0.00130098
25.017 -1.0472 -1.0472 3.65915e-06 14.2358 1.5845e-07 -2.06182e-06 -2.79582e-06 -1.0472 7.81903e-06 1.57081 -0.00130093
25.018 -1.0472 -1.0472 3.65894e-06 14.2358 1.5842e-07 -2.06171e-06 -2.79567e-06 -1.0472 7.81871e-06 1.57081 -0.00130087
25.019 -1.0472 -1.0472 3.65874e-06 14.2358 1.58391e-07 -2.06161e-06 -2.79552e-06 -1.0472 7.8184e-06 1.57081 -0.00130081
25.02 -1.0472 -1.0472 3.65854e-06 14.2358 1.58362e-07 -2.0615e-06 -2.79537e-06 -1.0472 7.81808e-06 1.57081 -0.00130075
25.021 -1.0472 -1.0472 3.65833e-06 14.2358 1.58333e-07 -2.0614e-06 -2.79523e-06 -1.0472 7.81776e-06 1.57081 -0.00130069
25.022 -1.0472 -1.0472 3.65813e-06 14.2358 1.58304e-07 -2.06129e-06 -2.79508e-06 -1.0472 7.81744e-06 1.57081 -0.00130063
25.023 -1.0472 -1.0472 3.65793e-06 14.2358 1.58276e-07 -2.06119e-06 -2.79493e-06 -1.0472 7.81712e-06 1.57081 -0.00130057
25.024 -1.0472 -1.0472 3.65773e-06 14.2358 1.58247e-07 -2.06109e-06 -2.79479e-06 -1.0472 7.8168e-06 1.57081 -0.00130051
25.025 -1.0472 -1.0472 3.65753e-06 14.2358 1.58219e-07 -2.06098e-06 -2.79464e-06 -1.0472 7.81648e-06 1.57081 -0.00130045
25.026 -1.0472 -1.0472 3.65733e-06 14.2358 1.58191e-07 -2.06088e-06 -2.79449e-06 -1.0472 7.81616e-06 1.57081 -0.00130039
25.027 -1.0472 -1.0472 3.65713e-06 14.2358 1.58163e-07 -2.06077e-06 -2.79434e-06 -1.0472 7.81584e-06 1.57081 -0.00130033
25.028 -1.0472 -1.0472 3.65693e-06 14.2358 1.58135e-07 -2.06067e-06 -2.7942e-06 -1.0472 7.81552e-06 1.57081 -0.00130028
25.029 -1.0472 -1.0472 3.65673e-06 14.2358 1.58107e-07 -2.06057e-06 -2.79405e-06 -1.0472 7.8152e-06 1.57081 -0.00130022
25.03 -1.0472 -1.0472 3.65654e-06 14.2358 1.58079e-07 -2.06046e-06 -2.79391e-06 -1.0472 7.81487e-06 1.57081 -0.00130016
25.031 -1.0472 -1.0472 3.65634e-06 14.2358 1.58051e-07 -2.06036e-06 -2.79376e-06 -1.0472 7.81455e-06 1.57081 -0.0013001
25.032 -1.0472 -1.0472 3.65614e-06 14.2358 1.58024e-07 -2.06026e-06 -2.79361e-06 -1.0472 7.81423e-06 1.57081 -0.00130004
25.033 -1.0472 -1.0472 3.65594e-06 14.2358 1.57997e-07 -2.06015e-06 -2.79347e-06 -1.0472 7.81391e-06 1.57081 -0.00129998
25.034 -1.0472 -1.0472 3.65575e-06 14.2358 1.57969e-07 -2.06005e-06 -2.79332e-06 -1.0472 7.81358e-06 1.57081 -0.00129992
25.035 -1.0472 -1.0472 3.65555e-06 14.2358 1.57942e-07 -2.05995e-06 -2.79318e-06 -1.0472 7.81326e-06 1.57081 -0.00129986
25.036 -1.0472 -1.0472 3.65536e-06 14.2358 1.57915e-07 -2.05985e-06 -2.79303e-06 -1.0472 7.81294e-06 1.57081 -0.0012998
25.037 -1.0472 -1.0472 3.65516e-06 14.2358 1.57889e-07 -2.05974e-06 -2.79288e-06 -1.0472 7.81261e-06 1.57081 -0.00129974
25.038 -1.0472 -1.0472 3.65497e-06 14.2358 1.57862e-07 -2.05964e-06 -2.79274e-06 -1.0472 7.81229e-06 1.57081 -0.00129968
25.039 -1.0472 -1.0472 3.65477e-06 14.2358 1.57835e-07 -2.05954e-06 -2.79259e-06 -1.0472 7.81196e-06 1.57081 -0.00129963
25.04 -1.0472 -1.0472 3.65458e-06 14.2358 1.57809e-07 -2.05944e-06 -2.79245e-06 -1.0472 7.81164e-06 1.57081 -0.00129957
25.041 -1.0472 -1.0472 3.65438e-06 14.2358 1.57782e-07 -2.05933e-06 -2.7923e-06 -1.0472 7.81131e-06 1.57081 -0.00129951
25.042 -1.0472 -1.0472 3.65419e-06 14.2358 1.57756e-07 -2.05923e-06 -2.79216e-06 -1.0472 7.81099e-06 1.57081 -0.00129945
25.043 -1.0472 -1.0472 3.654e-06 14.2358 1.5773e-07 -2.05913e-06 -2.79201e-06 -1.0472 7.81066e-06 1.57081 -0.00129939
25.044 -1.0472 -1.0472 3.65381e-06 14.2358 1.57704e-07 -2.05903e-06 -2.79187e-06 -1.0472 7.81034e-06 1.57081 -0.00129933
25.045 -1.0472 -1.0472 3.65361e-06 14.2358 1.57678e-07 -2.05893e-06 -2.79172e-06 -1.0472 7.81001e-06 1.57081 -0.00129927
25.046 -1.0472 -1.0472 3.65342e-06 14.2358 1.57653e-07 -2.05883e-06 -2.79158e-06 -1.0472 7.80968e-06 1.57081 -0.00129921
25.047 -1.0472 -1.0472 3.65323e-06 14.2358 1.57627e-07 -2.05872e-06 -2.79144e-06 -1.0472 7.80936e-06 1.57081 -0.00129915
25.048 -1.0472 -1.0472 3.65304e-06 14.2358 1.57601e-07 -2.05862e-06 -2.79129e-06 -1.0472 7.80903e-06 1.57081 -0.00129909
25.049 -1.0472 -1.0472 3.65285e-06 14.2358 1.57576e-07 -2.05852e-06 -2.79115e-06 -1.0472 7.8087e-06 1.57081 -0.00129903
25.05 -1.0472 -1.0472 3.65266e-06 14.2358 1.57551e-07 -2.05842e-06 -2.791e-06 -1.0472 7.80837e-06 1.57081 -0.00129898
25.051 -1.0472 -1.0472 3.65247e-06 14.2358 1.57526e-07 -2.05832e-06 -2.79086e-06 -1.0472 7.80805e-06 1.57081 -0.00129892
25.052 -1.0472 -1.0472 3.65228e-06 14.2358 1.57501e-07 -2.05822e-06 -2.79071e-06 -1.0472 7.80772e-06 1.57081 -0.00129886
25.053 -1.0472 -1.0472 3.65209e-06 14.2358 1.57476e-07 -2.05812e-06 -2.79057e-06 -1.0472 7.80739e-06 1.57081 -0.0012988
25.054 -1.0472 -1.0472 3.6519e-06 14.2358 1.57451e-07 -2.05802e-06 -2.79043e-06 -1.0472 7.80706e-06 1.57081 -0.00129874
25.055 -1.0472 -1.0472 3.65171e-06 14.2358 1.57426e-07 -2.05792e-06 -2.79028e-06 -1.0472 7.80673e-06 1.57081 -0.00129868
25.056 -1.0472 -1.0472 3.65152e-06 14.2358 1.57402e-07 -2.05782e-06 -2.79014e-06 -1.0472 7.8064e-06 1.57081 -0.00129862
25.057 -1.0472 -1.0472 3.65134e-06 14.2358 1.57377e-07 -2.05772e-06 -2.79e-06 -1.0472 7.80607e-06 1.57081 -0.00129856
25.058 -1.0472 -1.0472 3.65115e-06 14.2358 1.57353e-07 -2.05762e-06 -2.78985e-06 -1.0472 7.80574e-06 1.57081 -0.0012985
25.059 -1.0472 -1.0472 3.65096e-06 14.2358 1.57329e-07 -2.05752e-06 -2.78971e-06 -1.0472 7.80541e-06 1.57081 -0.00129844
25.06 -1.0472 -1.0472 3.65078e-06 14.2358 1.57305e-07 -2.05742e-06 -2.78957e-06 -1.0472 7.80508e-06 1.57081 -0.00129839
25.061 -1.0472 -1.0472 3.65059e-06 14.2358 1.57281e-07 -2.05732e-06 -2.78943e-06 -1.0472 7.80475e-06 1.57081 -0.00129833
25.062 -1.0472 -1.0472 3.6504e-06 14.2358 1.57257e-07 -2.05722e-06 -2.78928e-06 -1.0472 7.80442e-06 1.57081 -0.00129827
25.063 -1.0472 -1.0472 3.65022e-06 14.2358 1.57233e-07 -2.05712e-06 -2.78914e-06 -1.0472 7.80409e-06 1.57081 -0.00129821
25.064 -1.0472 -1.0472 3.65003e-06 14.2358 1.57209e-07 -2.05702e-06 -2.789e-06 -1.0472 7.80376e-06 1.57081 -0.00129815
25.065 -1.0472 -1.0472 3.64985e-06 14.2358 1.57186e-07 -2.05692e-06 -2.78885e-06 -1.0472 7.80343e-06 1.57081 -0.00129809
25.066 -1.0472 -1.0472 3.64966e-06 14.2358 1.57162e-07 -2.05682e-06 -2.78871e-06 -1.0472 7.8031e-06 1.57081 -0.00129803
25.067 -1.0472 -1.0472 3.64948e-06 14.2358 1.57139e-07 -2.05672e-06 -2.78857e-06 -1.0472 7.80276e-06 1.57081 -0.00129797
25.068 -1.0472 -1.0472 3.64929e-06 14.2358 1.57116e-07 -2.05662e-06 -2.78843e-06 -1.0472 7.80243e-06 1.57081 -0.00129791
25.069 -1.0472 -1.0472 3.64911e-06 14.2358 1.57093e-07 -2.05652e-06 -2.78829e-06 -1.0472 7.8021e-06 1.57081 -0.00129785
25.07 -1.0472 -1.0472 3.64892e-06 14.2358 1.57069e-07 -2.05642e-06 -2.78814e-06 -1.0472 7.80177e-06 1.57081 -0.0012978
25.071 -1.0472 -1.0472 3.64874e-06 14.2358 1.57047e-07 -2.05632e-06 -2.788e-06 -1.0472 7.80143e-06 1.57081 -0.00129774
25.072 -1.0472 -1.0472 3.64856e-06 14.2358 1.57024e-07 -2.05622e-06 -2.78786e-06 -1.0472 7.8011e-06 1.57081 -0.00129768
25.073 -1.0472 -1.0472 3.64837e-06 14.2358 1.57001e-07 -2.05612e-06 -2.78772e-06 -1.0472 7.80077e-06 1.57081 -0.00129762
25.074 -1.0472 -1.0472 3.64819e-06 14.2358 1.56978e-07 -2.05602e-06 -2.78758e-06 -1.0472 7.80043e-06 1.57081 -0.00129756
25.075 -1.0472 -1.0472 3.64801e-06 14.2358 1.56956e-07 -2.05593e-06 -2.78744e-06 -1.0472 7.8001e-06 1.57081 -0.0012975
25.076 -1.0472 -1.0472 3.64783e-06 14.2358 1.56933e-07 -2.05583e-06 -2.78729e-06 -1.0472 7.79977e-06 1.57081 -0.00129744
25.077 -1.0472 -1.0472 3.64764e-06 14.2358 1.56911e-07 -2.05573e-06 -2.78715e-06 -1.0472 7.79943e-06 1.57081 -0.00129738
25.078 -1.0472 -1.0472 3.64746e-06 14.2358 1.56889e-07 -2.05563e-06 -2.78701e-06 -1.0472 7.7991e-06 1.57081 -0.00129732
25.079 -1.0472 -1.0472 3.64728e-06 14.2358 1.56867e-07 -2.05553e-06 -2.78687e-06 -1.0472 7.79876e-06 1.57081 -0.00129727
25.08 -1.0472 -1.0472 3.6471e-06 14.2358 1.56845e-07 -2.05543e-06 -2.78673e-06 -1.0472 7.79843e-06 1.57081 -0.00129721
25.081 -1.0472 -1.0472 3.64692e-06 14.2358 1.56823e-07 -2.05533e-06 -2.78659e-06 -1.0472 7.79809e-06 1.57081 -0.00129715
25.082 -1.0472 -1.0472 3.64674e-06 14.2358 1.56801e-07 -2.05524e-06 -2.78645e-06 -1.0472 7.79776e-06 1.57081 -0.00129709
25.083 -1.0472 -1.0472 3.64656e-06 14.2358 1.56779e-07 -2.05514e-06 -2.78631e-06 -1.0472 7.79742e-06 1.57081 -0.00129703
25.084 -1.0472 -1.0472 3.64638e-06 14.2358 1.56758e-07 -2.05504e-06 -2.78617e-06 -1.0472 7.79709e-06 1.57081 -0.00129697
25.085 -1.0472 -1.0472 3.6462e-06 14.2358 1.56736e-07 -2.05494e-06 -2.78603e-06 -1.0472 7.79675e-06 1.57081 -0.00129691
25.086 -1.0472 -1.0472 3.64602e-06 14.2358 1.56715e-07 -2.05484e-06 -2.78589e-06 -1.0472 7.79641e-06 1.57081 -0.00129685
25.087 -1.0472 -1.0472 3.64584e-06 14.2358 1.56693e-07 -2.05475e-06 -2.78575e-06 -1.0472 7.79608e-06 1.57081 -0.00129679
25.088 -1.0472 -1.0472 3.64566e-06 14.2358 1.56672e-07 -2.05465e-06 -2.78561e-06 -1.0472 7.79574e-06 1.57081 -0.00129673
25.089 -1.0472 -1.0472 3.64548e-06 14.2358 1.56651e-07 -2.05455e-06 -2.78547e-06 -1.0472 7.7954e-06 1.57081 -0.00129668
25.09 -1.0472 -1.0472 3.6453e-06 14.2358 1.5663e-07 -2.05445e-06 -2.78533e-06 -1.0472 7.79507e-06 1.57081 -0.00129662
25.091 -1.0472 -1.0472 3.64512e-06 14.2358 1.56609e-07 -2.05436e-06 -2.78519e-06 -1.0472 7.79473e-06 1.57081 -0.00129656
25.092 -1.0472 -1.0472 3.64494e-06 14.2358 1.56588e-07 -2.05426e-06 -2.78505e-06 -1.0472 7.79439e-06 1.57081 -0.0012965
25.093 -1.0472 -1.0472 3.64477e-06 14.2358 1.56567e-07 -2.05416e-06 -2.78491e-06 -1.0472 7.79406e-06 1.57081 -0.00129644
25.094 -1.0472 -1.0472 3.64459e-06 14.2358 1.56547e-07 -2.05406e-06 -2.78477e-06 -1.0472 7.79372e-06 1.57081 -0.00129638
25.095 -1.0472 -1.0472 3.64441e-06 14.2358 1.56526e-07 -2.05397e-06 -2.78463e-06 -1.0472 7.79338e-06 1.57081 -0.00129632
25.096 -1.0472 -1.0472 3.64423e-06 14.2358 1.56506e-07 -2.05387e-06 -2.78449e-06 -1.0472 7.79304e-06 1.57081 -0.00129626
25.097 -1.0472 -1.0472 3.64406e-06 14.2358 1.56485e-07 -2.05377e-06 -2.78435e-06 -1.0472 7.79271e-06 1.57081 -0.0012962
25.098 -1.0472 -1.0472 3.64388e-06 14.2358 1.56465e-07 -2.05368e-06 -2.78421e-06 -1.0472 7.79237e-06 1.57081 -0.00129615
25.099 -1.0472 -1.0472 3.6437e-06 14.2358 1.56445e-07 -2.05358e-06 -2.78407e-06 -1.0472 7.79203e-06 1.57081 -0.00129609
25.1 -1.0472 -1.0472 3.64353e-06 14.2358 1.56425e-07 -2.05348e-06 -2.78393e-06 -1.0472 7.79169e-06 1.57081 -0.00129603
25.101 -1.0472 -1.0472 3.64335e-06 14.2358 1.56404e-07 -2.05339e-06 -2.78379e-06 -1.0472 7.79135e-06 1.57081 -0.00129597
25.102 -1.0472 -1.0472 3.64317e-06 14.2358 1.56385e-07 -2.05329e-06 -2.78365e-06 -1.0472 7.79101e-06 1.57081 -0.00129591
25.103 -1.0472 -1.0472 3.643e-06 14.2358 1.56365e-07 -2.05319e-06 -2.78351e-06 -1.0472 7.79067e-06 1.57081 -0.00129585
25.104 -1.0472 -1.0472 3.64282e-06 14.2358 1.56345e-07 -2.0531e-06 -2.78337e-06 -1.0472 7.79033e-06 1.57081 -0.00129579
25.105 -1.0472 -1.0472 3.64265e-06 14.2358 1.56325e-07 -2.053e-06 -2.78323e-06 -1.0472 7.78999e-06 1.57081 -0.00129573
25.106 -1.0472 -1.0472 3.64247e-06 14.2358 1.56306e-07 -2.0529e-06 -2.7831e-06 -1.0472 7.78966e-06 1.57081 -0.00129567
25.107 -1.0472 -1.0472 3.6423e-06 14.2358 1.56286e-07 -2.05281e-06 -2.78296e-06 -1.0472 7.78932e-06 1.57081 -0.00129562
25.108 -1.0472 -1.0472 3.64212e-06 14.2358 1.56267e-07 -2.05271e-06 -2.78282e-06 -1.0472 7.78898e-06 1.57081 -0.00129556
25.109 -1.0472 -1.0472 3.64195e-06 14.2358 1.56247e-07 -2.05261e-06 -2.78268e-06 -1.0472 7.78864e-06 1.57081 -0.0012955
25.11 -1.0472 -1.0472 3.64177e-06 14.2358 1.56228e-07 -2.05252e-06 -2.78254e-06 -1.0472 7.7883e-06 1.57081 -0.00129544
25.111 -1.0472 -1.0472 3.6416e-06 14.2358 1.56209e-07 -2.05242e-06 -2.7824e-06 -1.0472 7.78796e-06 1.57081 -0.00129538
25.112 -1.0472 -1.0472 3.64142e-06 14.2358 1.5619e-07 -2.05232e-06 -2.78227e-06 -1.0472 7.78761e-06 1.57081 -0.00129532
25.113 -1.0472 -1.0472 3.64125e-06 14.2358 1.56171e-07 -2.05223e-06 -2.78213e-06 -1.0472 7.78727e-06 1.57081 -0.00129526
25.114 -1.0472 -1.0472 3.64108e-06 14.2358 1.56152e-07 -2.05213e-06 -2.78199e-06 -1.0472 7.78693e-06 1.57081 -0.0012952
25.115 -1.0472 -1.0472 3.6409e-06 14.2358 1.56133e-07 -2.05204e-06 -2.78185e-06 -1.0472 7.78659e-06 1.57081 -0.00129514
25.116 -1.0472 -1.0472 3.64073e-06 14.2358 1.56114e-07 -2.05194e-06 -2.78171e-06 -1.0472 7.78625e-06 1.57081 -0.00129509
25.117 -1.0472 -1.0472 3.64056e-06 14.2358 1.56095e-07 -2.05184e-06 -2.78158e-06 -1.0472 7.78591e-06 1.57081 -0.00129503
25.118 -1.0472 -1.0472 3.64038e-06 14.2358 1.56077e-07 -2.05175e-06 -2.78144e-06 -1.0472 7.78557e-06 1.57081 -0.00129497
25.119 -1.0472 -1.0472 3.64021e-06 14.2358 1.56058e-07 -2.05165e-06 -2.7813e-06 -1.0472 7.78523e-06 1.57081 -0.00129491
25.12 -1.0472 -1.0472 3.64004e-06 14.2358 1.5604e-07 -2.05156e-06 -2.78116e-06 -1.0472 7.78489e-06 1.57081 -0.00129485
25.121 -1.0472 -1.0472 3.63986e-06 14.2358 1.56021e-07 -2.05146e-06 -2.78103e-06 -1.0472 7.78454e-06 1.57081 -0.00129479
25.122 -1.0472 -1.0472 3.63969e-06 14.2358 1.56003e-07 -2.05137e-06 -2.78089e-06 -1.0472 7.7842e-06 1.57081 -0.00129473
25.123 -1.0472 -1.0472 3.63952e-06 14.2358 1.55985e-07 -2.05127e-06 -2.78075e-06 -1.0472 7.78386e-06 1.57081 -0.00129467
25.124 -1.0472 -1.0472 3.63935e-06 14.2358 1.55967e-07 -2.05117e-06 -2.78061e-06 -1.0472 7.78352e-06 1.57081 -0.00129462
25.125 -1.0472 -1.0472 3.63918e-06 14.2358 1.55948e-07 -2.05108e-06 -2.78048e-06 -1.0472 7.78318e-06 1.57081 -0.00129456
25.126 -1.0472 -1.0472 3.639e-06 14.2358 1.5593e-07 -2.05098e-06 -2.78034e-06 -1.0472 7.78283e-06 1.57081 -0.0012945
25.127 -1.0472 -1.0472 3.63883e-06 14.2358 1.55913e-07 -2.05089e-06 -2.7802e-06 -1.0472 7.78249e-06 1.57081 -0.00129444
25.128 -1.0472 -1.0472 3.63866e-06 14.2358 1.55895e-07 -2.05079e-06 -2.78007e-06 -1.0472 7.78215e-06 1.57081 -0.00129438
25.129 -1.0472 -1.0472 3.63849e-06 14.2358 1.55877e-07 -2.0507e-06 -2.77993e-06 -1.0472 7.7818e-06 1.57081 -0.00129432
25.13 -1.0472 -1.0472 3.63832e-06 14.2358 1.55859e-07 -2.0506e-06 -2.77979e-06 -1.0472 7.78146e-06 1.57081 -0.00129426
25.131 -1.0472 -1.0472 3.63815e-06 14.2358 1.55842e-07 -2.05051e-06 -2.77966e-06 -1.0472 7.78112e-06 1.57081 -0.0012942
25.132 -1.0472 -1.0472 3.63798e-06 14.2358 1.55824e-07 -2.05041e-06 -2.77952e-06 -1.0472 7.78078e-06 1.57081 -0.00129414
25.133 -1.0472 -1.0472 3.63781e-06 14.2358 1.55807e-07 -2.05032e-06 -2.77938e-06 -1.0472 7.78043e-06 1.57081 -0.00129409
25.134 -1.0472 -1.0472 3.63764e-06 14.2358 1.55789e-07 -2.05022e-06 -2.77925e-06 -1.0472 7.78009e-06 1.57081 -0.00129403
25.135 -1.0472 -1.0472 3.63747e-06 14.2358 1.55772e-07 -2.05013e-06 -2.77911e-06 -1.0472 7.77975e-06 1.57081 -0.00129397
25.136 -1.0472 -1.0472 3.63729e-06 14.2358 1.55755e-07 -2.05003e-06 -2.77897e-06 -1.0472 7.7794e-06 1.57081 -0.00129391
25.137 -1.0472 -1.0472 3.63712e-06 14.2358 1.55737e-07 -2.04994e-06 -2.77884e-06 -1.0472 7.77906e-06 1.57081 -0.00129385
25.138 -1.0472 -1.0472 3.63695e-06 14.2358 1.5572e-07 -2.04984e-06 -2.7787e-06 -1.0472 7.77871e-06 1.57081 -0.00129379
25.139 -1.0472 -1.0472 3.63678e-06 14.2358 1.55703e-07 -2.04975e-06 -2.77856e-06 -1.0472 7.77837e-06 1.57081 -0.00129373
25.14 -1.0472 -1.0472 3.63662e-06 14.2358 1.55686e-07 -2.04965e-06 -2.77843e-06 -1.0472 7.77803e-06 1.57081 -0.00129367
25.141 -1.0472 -1.0472 3.63645e-06 14.2358 1.55669e-07 -2.04956e-06 -2.77829e-06 -1.0472 7.77768e-06 1.57081 -0.00129362
25.142 -1.0472 -1.0472 3.63628e-06 14.2358 1.55652e-07 -2.04946e-06 -2.77816e-06 -1.0472 7.77734e-06 1.57081 -0.00129356
25.143 -1.0472 -1.0472 3.63611e-06 14.2358 1.55636e-07 -2.04937e-06 -2.77802e-06 -1.0472 7.77699e-06 1.57081 -0.0012935
25.144 -1.0472 -1.0472 3.63594e-06 14.2358 1.55619e-07 -2.04927e-06 -2.77788e-06 -1.0472 7.77665e-06 1.57081 -0.00129344
25.145 -1.0472 -1.0472 3.63577e-06 14.2358 1.55602e-07 -2.04918e-06 -2.77775e-06 -1.0472 7.7763e-06 1.57081 -0.00129338
25.146 -1.0472 -1.0472 3.6356e-06 14.2358 1.55586e-07 -2.04908e-06 -2.77761e-06 -1.0472 7.77596e-06 1.57081 -0.00129332
25.147 -1.0472 -1.0472 3.63543e-06 14.2358 1.55569e-07 -2.04899e-06 -2.77748e-06 -1.0472 7.77561e-06 1.57081 -0.00129326
25.148 -1.0472 -1.0472 3.63526e-06 14.2358 1.55553e-07 -2.0489e-06 -2.77734e-06 -1.0472 7.77527e-06 1.57081 -0.0012932
25.149 -1.0472 -1.0472 3.63509e-06 14.2358 1.55536e-07 -2.0488e-06 -2.77721e-06 -1.0472 7.77492e-06 1.57081 -0.00129315
25.15 -1.0472 -1.0472 3.63492e-06 14.2358 1.5552e-07 -2.04871e-06 -2.77707e-06 -1.0472 7.77458e-06 1.57081 -0.00129309
25.151 -1.0472 -1.0472 3.63476e-06 14.2358 1.55504e-07 -2.04861e-06 -2.77694e-06 -1.0472 7.77423e-06 1.57081 -0.00129303
25.152 -1.0472 -1.0472 3.63459e-06 14.2358 1.55488e-07 -2.04852e-06 -2.7768e-06 -1.0472 7.77389e-06 1.57081 -0.00129297
25.153 -1.0472 -1.0472 3.63442e-06 14.2358 1.55472e-07 -2.04842e-06 -2.77667e-06 -1.0472 7.77354e-06 1.57081 -0.00129291
25.154 -1.0472 -1.0472 3.63425e-06 14.2358 1.55456e-07 -2.04833e-06 -2.77653e-06 -1.0472 7.7732e-06 1.57081 -0.00129285
25.155 -1.0472 -1.0472 3.63408e-06 14.2358 1.5544e-07 -2.04824e-06 -2.7764e-06 -1.0472 7.77285e-06 1.57081 -0.00129279
25.156 -1.0472 -1.0472 3.63392e-06 14.2358 1.55424e-07 -2.04814e-06 -2.77626e-06 -1.0472 7.77251e-06 1.57081 -0.00129273
25.157 -1.0472 -1.0472 3.63375e-06 14.2358 1.55408e-07 -2.04805e-06 -2.77613e-06 -1.0472 7.77216e-06 1.57081 -0.00129268
25.158 -1.0472 -1.0472 3.63358e-06 14.2358 1.55392e-07 -2.04795e-06 -2.77599e-06 -1.0472 7.77181e-06 1.57081 -0.00129262
25.159 -1.0472 -1.0472 3.63341e-06 14.2358 1.55376e-07 -2.04786e-06 -2.77586e-06 -1.0472 7.77147e-06 1.57081 -0.00129256
25.16 -1.0472 -1.0472 3.63325e-06 14.2358 1.55361e-07 -2.04776e-06 -2.77572e-06 -1.0472 7.77112e-06 1.57081 -0.0012925
25.161 -1.0472 -1.0472 3.63308e-06 14.2358 1.55345e-07 -2.04767e-06 -2.77559e-06 -1.0472 7.77078e-06 1.57081 -0.00129244
25.162 -1.0472 -1.0472 3.63291e-06 14.2358 1.55329e-07 -2.04758e-06 -2.77545e-06 -1.0472 7.77043e-06 1.57081 -0.00129238
25.163 -1.0472 -1.0472 3.63274e-06 14.2358 1.55314e-07 -2.04748e-06 -2.77532e-06 -1.0472 7.77008e-06 1.57081 -0.00129232
25.164 -1.0472 -1.0472 3.63258e-06 14.2358 1.55299e-07 -2.04739e-06 -2.77518e-06 -1.0472 7.76974e-06 1.57081 -0.00129226
25.165 -1.0472 -1.0472 3.63241e-06 14.2358 1.55283e-07 -2.04729e-06 -2.77505e-06 -1.0472 7.76939e-06 1.57081 -0.00129221
25.166 -1.0472 -1.0472 3.63224e-06 14.2358 1.55268e-07 -2.0472e-06 -2.77491e-06 -1.0472 7.76904e-06 1.57081 -0.00129215
25.167 -1.0472 -1.0472 3.63208e-06 14.2358 1.55253e-07 -2.04711e-06 -2.77478e-06 -1.0472 7.7687e-06 1.57081 -0.00129209
25.168 -1.0472 -1.0472 3.63191e-06 14.2358 1.55237e-07 -2.04701e-06 -2.77465e-06 -1.0472 7.76835e-06 1.57081 -0.00129203
25.169 -1.0472 -1.0472 3.63174e-06 14.2358 1.55222e-07 -2.04692e-06 -2.77451e-06 -1.0472 7.768e-06 1.57081 -0.00129197
25.17 -1.0472 -1.0472 3.63158e-06 14.2358 1.55207e-07 -2.04683e-06 -2.77438e-06 -1.0472 7.76766e-06 1.57081 -0.00129191
25.171 -1.0472 -1.0472 3.63141e-06 14.2358 1.55192e-07 -2.04673e-06 -2.77424e-06 -1.0472 7.76731e-06 1.57081 -0.00129185
25.172 -1.0472 -1.0472 3.63125e-06 14.2358 1.55177e-07 -2.04664e-06 -2.77411e-06 -1.0472 7.76696e-06 1.57081 -0.00129179
25.173 -1.0472 -1.0472 3.63108e-06 14.2358 1.55162e-07 -2.04654e-06 -2.77398e-06 -1.0472 7.76661e-06 1.57081 -0.00129174
25.174 -1.0472 -1.0472 3.63091e-06 14.2358 1.55148e-07 -2.04645e-06 -2.77384e-06 -1.0472 7.76627e-06 1.57081 -0.00129168
25.175 -1.0472 -1.0472 3.63075e-06 14.2358 1.55133e-07 -2.04636e-06 -2.77371e-06 -1.0472 7.76592e-06 1.57081 -0.00129162
25.176 -1.0472 -1.0472 3.63058e-06 14.2358 1.55118e-07 -2.04626e-06 -2.77357e-06 -1.0472 7.76557e-06 1.57081 -0.00129156
25.177 -1.0472 -1.0472 3.63042e-06 14.2358 1.55103e-07 -2.04617e-06 -2.77344e-06 -1.0472 7.76522e-06 1.57081 -0.0012915
25.178 -1.0472 -1.0472 3.63025e-06 14.2358 1.55089e-07 -2.04608e-06 -2.77331e-06 -1.0472 7.76488e-06 1.57081 -0.00129144
25.179 -1.0472 -1.0472 3.63008e-06 14.2358 1.55074e-07 -2.04598e-06 -2.77317e-06 -1.0472 7.76453e-06 1.57081 -0.00129138
25.18 -1.0472 -1.0472 3.62992e-06 14.2358 1.5506e-07 -2.04589e-06 -2.77304e-06 -1.0472 7.76418e-06 1.57081 -0.00129132
25.181 -1.0472 -1.0472 3.62975e-06 14.2358 1.55045e-07 -2.0458e-06 -2.77291e-06 -1.0472 7.76383e-06 1.57081 -0.00129127
25.182 -1.0472 -1.0472 3.62959e-06 14.2358 1.55031e-07 -2.0457e-06 -2.77277e-06 -1.0472 7.76349e-06 1.57081 -0.00129121
25.183 -1.0472 -1.0472 3.62942e-06 14.2358 1.55016e-07 -2.04561e-06 -2.77264e-06 -1.0472 7.76314e-06 1.57081 -0.00129115
25.184 -1.0472 -1.0472 3.62926e-06 14.2358 1.55002e-07 -2.04552e-06 -2.77251e-06 -1.0472 7.76279e-06 1.57081 -0.00129109
25.185 -1.0472 -1.0472 3.62909e-06 14.2358 1.54988e-07 -2.04542e-06 -2.77237e-06 -1.0472 7.76244e-06 1.57081 -0.00129103
25.186 -1.0472 -1.0472 3.62893e-06 14.2358 1.54974e-07 -2.04533e-06 -2.77224e-06 -1.0472 7.76209e-06 1.57081 -0.00129097
25.187 -1.0472 -1.0472 3.62876e-06 14.2358 1.5496e-07 -2.04524e-06 -2.77211e-06 -1.0472 7.76175e-06 1.57081 -0.00129091
25.188 -1.0472 -1.0472 3.6286e-06 14.2358 1.54946e-07 -2.04514e-06 -2.77197e-06 -1.0472 7.7614e-06 1.57081 -0.00129086
25.189 -1.0472 -1.0472 3.62843e-06 14.2358 1.54932e-07 -2.04505e-06 -2.77184e-06 -1.0472 7.76105e-06 1.57081 -0.0012908
25.19 -1.0472 -1.0472 3.62827e-06 14.2358 1.54918e-07 -2.04496e-06 -2.77171e-06 -1.0472 7.7607e-06 1.57081 -0.00129074
25.191 -1.0472 -1.0472 3.6281e-06 14.2358 1.54904e-07 -2.04486e-06 -2.77157e-06 -1.0472 7.76035e-06 1.57081 -0.00129068
25.192 -1.0472 -1.0472 3.62794e-06 14.2358 1.5489e-07 -2.04477e-06 -2.77144e-06 -1.0472 7.76e-06 1.57081 -0.00129062
25.193 -1.0472 -1.0472 3.62777e-06 14.2358 1.54876e-07 -2.04468e-06 -2.77131e-06 -1.0472 7.75966e-06 1.57081 -0.00129056
25.194 -1.0472 -1.0472 3.62761e-06 14.2358 1.54862e-07 -2.04458e-06 -2.77118e-06 -1.0472 7.75931e-06 1.57081 -0.0012905
25.195 -1.0472 -1.0472 3.62744e-06 14.2358 1.54848e-07 -2.04449e-06 -2.77104e-06 -1.0472 7.75896e-06 1.57081 -0.00129045
25.196 -1.0472 -1.0472 3.62728e-06 14.2358 1.54835e-07 -2.0444e-06 -2.77091e-06 -1.0472 7.75861e-06 1.57081 -0.00129039
25.197 -1.0472 -1.0472 3.62712e-06 14.2358 1.54821e-07 -2.04431e-06 -2.77078e-06 -1.0472 7.75826e-06 1.57081 -0.00129033
25.198 -1.0472 -1.0472 3.62695e-06 14.2358 1.54808e-07 -2.04421e-06 -2.77064e-06 -1.0472 7.75791e-06 1.57081 -0.00129027
25.199 -1.0472 -1.0472 3.62679e-06 14.2358 1.54794e-07 -2.04412e-06 -2.77051e-06 -1.0472 7.75756e-06 1.57081 -0.00129021
25.2 -1.0472 -1.0472 3.62662e-06 14.2358 1.54781e-07 -2.04403e-06 -2.77038e-06 -1.0472 7.75721e-06 1.57081 -0.00129015
25.201 -1.0472 -1.0472 3.62646e-06 14.2358 1.54767e-07 -2.04393e-06 -2.77025e-06 -1.0472 7.75687e-06 1.57081 -0.00129009
25.202 -1.0472 -1.0472 3.6263e-06 14.2358 1.54754e-07 -2.04384e-06 -2.77012e-06 -1.0472 7.75652e-06 1.57081 -0.00129003
25.203 -1.0472 -1.0472 3.62613e-06 14.2358 1.5474e-07 -2.04375e-06 -2.76998e-06 -1.0472 7.75617e-06 1.57081 -0.00128998
25.204 -1.0472 -1.0472 3.62597e-06 14.2358 1.54727e-07 -2.04365e-06 -2.76985e-06 -1.0472 7.75582e-06 1.57081 -0.00128992
25.205 -1.0472 -1.0472 3.6258e-06 14.2358 1.54714e-07 -2.04356e-06 -2.76972e-06 -1.0472 7.75547e-06 1.57081 -0.00128986
25.206 -1.0472 -1.0472 3.62564e-06 14.2358 1.54701e-07 -2.04347e-06 -2.76959e-06 -1.0472 7.75512e-06 1.57081 -0.0012898
25.207 -1.0472 -1.0472 3.62548e-06 14.2358 1.54687e-07 -2.04338e-06 -2.76945e-06 -1.0472 7.75477e-06 1.57081 -0.00128974
25.208 -1.0472 -1.0472 3.62531e-06 14.2358 1.54674e-07 -2.04328e-06 -2.76932e-06 -1.0472 7.75442e-06 1.57081 -0.00128968
25.209 -1.0472 -1.0472 3.62515e-06 14.2358 1.54661e-07 -2.04319e-06 -2.76919e-06 -1.0472 7.75407e-06 1.57081 -0.00128962
25.21 -1.0472 -1.0472 3.62499e-06 14.2358 1.54648e-07 -2.0431e-06 -2.76906e-06 -1.0472 7.75372e-06 1.57081 -0.00128957
25.211 -1.0472 -1.0472 3.62482e-06 14.2358 1.54635e-07 -2.043e-06 -2.76893e-06 -1.0472 7.75337e-06 1.57081 -0.00128951
25.212 -1.0472 -1.0472 3.62466e-06 14.2358 1.54622e-07 -2.04291e-06 -2.76879e-06 -1.0472 7.75302e-06 1.57081 -0.00128945
25.213 -1.0472 -1.0472 3.6245e-06 14.2358 1.54609e-07 -2.04282e-06 -2.76866e-06 -1.0472 7.75267e-06 1.57081 -0.00128939
25.214 -1.0472 -1.0472 3.62433e-06 14.2358 1.54597e-07 -2.04273e-06 -2.76853e-06 -1.0472 7.75233e-06 1.57081 -0.00128933
25.215 -1.0472 -1.0472 3.62417e-06 14.2358 1.54584e-07 -2.04263e-06 -2.7684e-06 -1.0472 7.75198e-06 1.57081 -0.00128927
25.216 -1.0472 -1.0472 3.62401e-06 14.2358 1.54571e-07 -2.04254e-06 -2.76827e-06 -1.0472 7.75163e-06 1.57081 -0.00128921
25.217 -1.0472 -1.0472 3.62384e-06 14.2358 1.54558e-07 -2.04245e-06 -2.76814e-06 -1.0472 7.75128e-06 1.57081 -0.00128916
25.218 -1.0472 -1.0472 3.62368e-06 14.2358 1.54546e-07 -2.04236e-06 -2.768e-06 -1.0472 7.75093e-06 1.57081 -0.0012891
25.219 -1.0472 -1.0472 3.62352e-06 14.2358 1.54533e-07 -2.04226e-06 -2.76787e-06 -1.0472 7.75058e-06 1.57081 -0.00128904
25.22 -1.0472 -1.0472 3.62335e-06 14.2358 1.5452e-07 -2.04217e-06 -2.76774e-06 -1.0472 7.75023e-06 1.57081 -0.00128898
25.221 -1.0472 -1.0472 3.62319e-06 14.2358 1.54508e-07 -2.04208e-06 -2.76761e-06 -1.0472 7.74988e-06 1.57081 -0.00128892
25.222 -1.0472 -1.0472 3.62303e-06 14.2358 1.54495e-07 -2.04199e-06 -2.76748e-06 -1.0472 7.74953e-06 1.57081 -0.00128886
25.223 -1.0472 -1.0472 3.62287e-06 14.2358 1.54483e-07 -2.04189e-06 -2.76735e-06 -1.0472 7.74918e-06 1.57081 -0.0012888
25.224 -1.0472 -1.0472 3.6227e-06 14.2358 1.54471e-07 -2.0418e-06 -2.76721e-06 -1.0472 7.74883e-06 1.57081 -0.00128875
25.225 -1.0472 -1.0472 3.62254e-06 14.2358 1.54458e-07 -2.04171e-06 -2.76708e-06 -1.0472 7.74848e-06 1.57081 -0.00128869
25.226 -1.0472 -1.0472 3.62238e-06 14.2358 1.54446e-07 -2.04161e-06 -2.76695e-06 -1.0472 7.74813e-06 1.57081 -0.00128863
25.227 -1.0472 -1.0472 3.62221e-06 14.2358 1.54434e-07 -2.04152e-06 -2.76682e-06 -1.0472 7.74778e-06 1.57081 -0.00128857
25.228 -1.0472 -1.0472 3.62205e-06 14.2358 1.54421e-07 -2.04143e-06 -2.76669e-06 -1.0472 7.74743e-06 1.57081 -0.00128851
25.229 -1.0472 -1.0472 3.62189e-06 14.2358 1.54409e-07 -2.04134e-06 -2.76656e-06 -1.0472 7.74708e-06 1.57081 -0.00128845
25.23 -1.0472 -1.0472 3.62173e-06 14.2358 1.54397e-07 -2.04125e-06 -2.76643e-06 -1.0472 7.74673e-06 1.57081 -0.00128839
25.231 -1.0472 -1.0472 3.62156e-06 14.2358 1.54385e-07 -2.04115e-06 -2.7663e-06 -1.0472 7.74638e-06 1.57081 -0.00128834
25.232 -1.0472 -1.0472 3.6214e-06 14.2358 1.54373e-07 -2.04106e-06 -2.76617e-06 -1.0472 7.74603e-06 1.57081 -0.00128828
25.233 -1.0472 -1.0472 3.62124e-06 14.2358 1.54361e-07 -2.04097e-06 -2.76603e-06 -1.0472 7.74568e-06 1.57081 -0.00128822
25.234 -1.0472 -1.0472 3.62108e-06 14.2358 1.54349e-07 -2.04088e-06 -2.7659e-06 -1.0472 7.74533e-06 1.57081 -0.00128816
25.235 -1.0472 -1.0472 3.62091e-06 14.2358 1.54337e-07 -2.04078e-06 -2.76577e-06 -1.0472 7.74498e-06 1.57081 -0.0012881
25.236 -1.0472 -1.0472 3.62075e-06 14.2358 1.54325e-07 -2.04069e-06 -2.76564e-06 -1.0472 7.74463e-06 1.57081 -0.00128804
25.237 -1.0472 -1.0472 3.62059e-06 14.2358 1.54313e-07 -2.0406e-06 -2.76551e-06 -1.0472 7.74427e-06 1.57081 -0.00128798
25.238 -1.0472 -1.0472 3.62043e-06 14.2358 1.54301e-07 -2.04051e-06 -2.76538e-06 -1.0472 7.74392e-06 1.57081 -0.00128793
25.239 -1.0472 -1.0472 3.62027e-06 14.2358 1.54289e-07 -2.04041e-06 -2.76525e-06 -1.0472 7.74357e-06 1.57081 -0.00128787
25.24 -1.0472 -1.0472 3.6201e-06 14.2358 1.54277e-07 -2.04032e-06 -2.76512e-06 -1.0472 7.74322e-06 1.57081 -0.00128781
25.241 -1.0472 -1.0472 3.61994e-06 14.2358 1.54265e-07 -2.04023e-06 -2.76499e-06 -1.0472 7.74287e-06 1.57081 -0.00128775
25.242 -1.0472 -1.0472 3.61978e-06 14.2358 1.54254e-07 -2.04014e-06 -2.76486e-06 -1.0472 7.74252e-06 1.57081 -0.00128769
25.243 -1.0472 -1.0472 3.61962e-06 14.2358 1.54242e-07 -2.04004e-06 -2.76473e-06 -1.0472 7.74217e-06 1.57081 -0.00128763
25.244 -1.0472 -1.0472 3.61945e-06 14.2358 1.5423e-07 -2.03995e-06 -2.7646e-06 -1.0472 7.74182e-06 1.57081 -0.00128757
25.245 -1.0472 -1.0472 3.61929e-06 14.2358 1.54219e-07 -2.03986e-06 -2.76447e-06 -1.0472 7.74147e-06 1.57081 -0.00128752
25.246 -1.0472 -1.0472 3.61913e-06 14.2358 1.54207e-07 -2.03977e-06 -2.76434e-06 -1.0472 7.74112e-06 1.57081 -0.00128746
25.247 -1.0472 -1.0472 3.61897e-06 14.2358 1.54196e-07 -2.03968e-06 -2.76421e-06 -1.0472 7.74077e-06 1.57081 -0.0012874
25.248 -1.0472 -1.0472 3.61881e-06 14.2358 1.54184e-07 -2.03958e-06 -2.76408e-06 -1.0472 7.74042e-06 1.57081 -0.00128734
25.249 -1.0472 -1.0472 3.61864e-06 14.2358 1.54173e-07 -2.03949e-06 -2.76395e-06 -1.0472 7.74007e-06 1.57081 -0.00128728
25.25 -1.0472 -1.0472 3.61848e-06 14.2358 1.54161e-07 -2.0394e-06 -2.76382e-06 -1.0472 7.73972e-06 1.57081 -0.00128722
25.251 -1.0472 -1.0472 3.61832e-06 14.2358 1.5415e-07 -2.03931e-06 -2.76368e-06 -1.0472 7.73937e-06 1.57081 -0.00128717
25.252 -1.0472 -1.0472 3.61816e-06 14.2358 1.54138e-07 -2.03921e-06 -2.76355e-06 -1.0472 7.73902e-06 1.57081 -0.00128711
25.253 -1.0472 -1.0472 3.618e-06 14.2358 1.54127e-07 -2.03912e-06 -2.76342e-06 -1.0472 7.73867e-06 1.57081 -0.00128705
25.254 -1.0472 -1.0472 3.61784e-06 14.2358 1.54116e-07 -2.03903e-06 -2.76329e-06 -1.0472 7.73831e-06 1.57081 -0.00128699
25.255 -1.0472 -1.0472 3.61767e-06 14.2358 1.54105e-07 -2.03894e-06 -2.76316e-06 -1.0472 7.73796e-06 1.57081 -0.00128693
25.256 -1.0472 -1.0472 3.61751e-06 14.2358 1.54093e-07 -2.03885e-06 -2.76303e-06 -1.0472 7.73761e-06 1.57081 -0.00128687
25.257 -1.0472 -1.0472 3.61735e-06 14.2358 1.54082e-07 -2.03875e-06 -2.7629e-06 -1.0472 7.73726e-06 1.57081 -0.00128681
25.258 -1.0472 -1.0472 3.61719e-06 14.2358 1.54071e-07 -2.03866e-06 -2.76277e-06 -1.0472 7.73691e-06 1.57081 -0.00128676
25.259 -1.0472 -1.0472 3.61703e-06 14.2358 1.5406e-07 -2.03857e-06 -2.76264e-06 -1.0472 7.73656e-06 1.57081 -0.0012867
25.26 -1.0472 -1.0472 3.61687e-06 14.2358 1.54049e-07 -2.03848e-06 -2.76251e-06 -1.0472 7.73621e-06 1.57081 -0.00128664
25.261 -1.0472 -1.0472 3.6167e-06 14.2358 1.54038e-07 -2.03838e-06 -2.76238e-06 -1.0472 7.73586e-06 1.57081 -0.00128658
25.262 -1.0472 -1.0472 3.61654e-06 14.2358 1.54027e-07 -2.03829e-06 -2.76225e-06 -1.0472 7.73551e-06 1.57081 -0.00128652
25.263 -1.0472 -1.0472 3.61638e-06 14.2358 1.54016e-07 -2.0382e-06 -2.76213e-06 -1.0472 7.73516e-06 1.57081 -0.00128646
25.264 -1.0472 -1.0472 3.61622e-06 14.2358 1.54005e-07 -2.03811e-06 -2.762e-06 -1.0472 7.73481e-06 1.57081 -0.00128641
25.265 -1.0472 -1.0472 3.61606e-06 14.2358 1.53994e-07 -2.03802e-06 -2.76187e-06 -1.0472 7.73445e-06 1.57081 -0.00128635
25.266 -1.0472 -1.0472 3.6159e-06 14.2358 1.53983e-07 -2.03792e-06 -2.76174e-06 -1.0472 7.7341e-06 1.57081 -0.00128629
25.267 -1.0472 -1.0472 3.61574e-06 14.2358 1.53972e-07 -2.03783e-06 -2.76161e-06 -1.0472 7.73375e-06 1.57081 -0.00128623
25.268 -1.0472 -1.0472 3.61557e-06 14.2358 1.53961e-07 -2.03774e-06 -2.76148e-06 -1.0472 7.7334e-06 1.57081 -0.00128617
25.269 -1.0472 -1.0472 3.61541e-06 14.2358 1.5395e-07 -2.03765e-06 -2.76135e-06 -1.0472 7.73305e-06 1.57081 -0.00128611
25.27 -1.0472 -1.0472 3.61525e-06 14.2358 1.53939e-07 -2.03756e-06 -2.76122e-06 -1.0472 7.7327e-06 1.57081 -0.00128605
25.271 -1.0472 -1.0472 3.61509e-06 14.2358 1.53929e-07 -2.03746e-06 -2.76109e-06 -1.0472 7.73235e-06 1.57081 -0.001286
25.272 -1.0472 -1.0472 3.61493e-06 14.2358 1.53918e-07 -2.03737e-06 -2.76096e-06 -1.0472 7.732e-06 1.57081 -0.00128594
25.273 -1.0472 -1.0472 3.61477e-06 14.2358 1.53907e-07 -2.03728e-06 -2.76083e-06 -1.0472 7.73165e-06 1.57081 -0.00128588
25.274 -1.0472 -1.0472 3.61461e-06 14.2358 1.53896e-07 -2.03719e-06 -2.7607e-06 -1.0472 7.73129e-06 1.57081 -0.00128582
25.275 -1.0472 -1.0472 3.61445e-06 14.2358 1.53886e-07 -2.0371e-06 -2.76057e-06 -1.0472 7.73094e-06 1.57081 -0.00128576
25.276 -1.0472 -1.0472 3.61428e-06 14.2358 1.53875e-07 -2.037e-06 -2.76044e-06 -1.0472 7.73059e-06 1.57081 -0.0012857
25.277 -1.0472 -1.0472 3.61412e-06 14.2358 1.53865e-07 -2.03691e-06 -2.76031e-06 -1.0472 7.73024e-06 1.57081 -0.00128565
25.278 -1.0472 -1.0472 3.61396e-06 14.2358 1.53854e-07 -2.03682e-06 -2.76018e-06 -1.0472 7.72989e-06 1.57081 -0.00128559
25.279 -1.0472 -1.0472 3.6138e-06 14.2358 1.53843e-07 -2.03673e-06 -2.76005e-06 -1.0472 7.72954e-06 1.57081 -0.00128553
25.28 -1.0472 -1.0472 3.61364e-06 14.2358 1.53833e-07 -2.03664e-06 -2.75992e-06 -1.0472 7.72919e-06 1.57081 -0.00128547
25.281 -1.0472 -1.0472 3.61348e-06 14.2358 1.53822e-07 -2.03654e-06 -2.75979e-06 -1.0472 7.72884e-06 1.57081 -0.00128541
25.282 -1.0472 -1.0472 3.61332e-06 14.2358 1.53812e-07 -2.03645e-06 -2.75967e-06 -1.0472 7.72849e-06 1.57081 -0.00128535
25.283 -1.0472 -1.0472 3.61316e-06 14.2358 1.53802e-07 -2.03636e-06 -2.75954e-06 -1.0472 7.72813e-06 1.57081 -0.00128529
25.284 -1.0472 -1.0472 3.61299e-06 14.2358 1.53791e-07 -2.03627e-06 -2.75941e-06 -1.0472 7.72778e-06 1.57081 -0.00128524
25.285 -1.0472 -1.0472 3.61283e-06 14.2358 1.53781e-07 -2.03618e-06 -2.75928e-06 -1.0472 7.72743e-06 1.57081 -0.00128518
25.286 -1.0472 -1.0472 3.61267e-06 14.2358 1.5377e-07 -2.03609e-06 -2.75915e-06 -1.0472 7.72708e-06 1.57081 -0.00128512
25.287 -1.0472 -1.0472 3.61251e-06 14.2358 1.5376e-07 -2.03599e-06 -2.75902e-06 -1.0472 7.72673e-06 1.57081 -0.00128506
25.288 -1.0472 -1.0472 3.61235e-06 14.2358 1.5375e-07 -2.0359e-06 -2.75889e-06 -1.0472 7.72638e-06 1.57081 -0.001285
25.289 -1.0472 -1.0472 3.61219e-06 14.2358 1.5374e-07 -2.03581e-06 -2.75876e-06 -1.0472 7.72603e-06 1.57081 -0.00128494
25.29 -1.0472 -1.0472 3.61203e-06 14.2358 1.53729e-07 -2.03572e-06 -2.75863e-06 -1.0472 7.72568e-06 1.57081 -0.00128489
25.291 -1.0472 -1.0472 3.61187e-06 14.2358 1.53719e-07 -2.03563e-06 -2.7585e-06 -1.0472 7.72532e-06 1.57081 -0.00128483
25.292 -1.0472 -1.0472 3.61171e-06 14.2358 1.53709e-07 -2.03553e-06 -2.75838e-06 -1.0472 7.72497e-06 1.57081 -0.00128477
25.293 -1.0472 -1.0472 3.61155e-06 14.2358 1.53699e-07 -2.03544e-06 -2.75825e-06 -1.0472 7.72462e-06 1.57081 -0.00128471
25.294 -1.0472 -1.0472 3.61138e-06 14.2358 1.53689e-07 -2.03535e-06 -2.75812e-06 -1.0472 7.72427e-06 1.57081 -0.00128465
25.295 -1.0472 -1.0472 3.61122e-06 14.2358 1.53679e-07 -2.03526e-06 -2.75799e-06 -1.0472 7.72392e-06 1.57081 -0.00128459
25.296 -1.0472 -1.0472 3.61106e-06 14.2358 1.53668e-07 -2.03517e-06 -2.75786e-06 -1.0472 7.72357e-06 1.57081 -0.00128454
25.297 -1.0472 -1.0472 3.6109e-06 14.2358 1.53658e-07 -2.03507e-06 -2.75773e-06 -1.0472 7.72322e-06 1.57081 -0.00128448
25.298 -1.0472 -1.0472 3.61074e-06 14.2358 1.53648e-07 -2.03498e-06 -2.7576e-06 -1.0472 7.72287e-06 1.57081 -0.00128442
25.299 -1.0472 -1.0472 3.61058e-06 14.2358 1.53638e-07 -2.03489e-06 -2.75748e-06 -1.0472 7.72251e-06 1.57081 -0.00128436
25.3 -1.0472 -1.0472 3.61042e-06 14.2358 1.53628e-07 -2.0348e-06 -2.75735e-06 -1.0472 7.72216e-06 1.57081 -0.0012843
25.301 -1.0472 -1.0472 3.61026e-06 14.2358 1.53618e-07 -2.03471e-06 -2.75722e-06 -1.0472 7.72181e-06 1.57081 -0.00128424
25.302 -1.0472 -1.0472 3.6101e-06 14.2358 1.53608e-07 -2.03462e-06 -2.75709e-06 -1.0472 7.72146e-06 1.57081 -0.00128419
25.303 -1.0472 -1.0472 3.60994e-06 14.2358 1.53599e-07 -2.03452e-06 -2.75696e-06 -1.0472 7.72111e-06 1.57081 -0.00128413
25.304 -1.0472 -1.0472 3.60978e-06 14.2358 1.53589e-07 -2.03443e-06 -2.75683e-06 -1.0472 7.72076e-06 1.57081 -0.00128407
25.305 -1.0472 -1.0472 3.60962e-06 14.2358 1.53579e-07 -2.03434e-06 -2.7567e-06 -1.0472 7.72041e-06 1.57081 -0.00128401
25.306 -1.0472 -1.0472 3.60945e-06 14.2358 1.53569e-07 -2.03425e-06 -2.75658e-06 -1.0472 7.72006e-06 1.57081 -0.00128395
25.307 -1.0472 -1.0472 3.60929e-06 14.2358 1.53559e-07 -2.03416e-06 -2.75645e-06 -1.0472 7.7197e-06 1.57081 -0.00128389
25.308 -1.0472 -1.0472 3.60913e-06 14.2358 1.53549e-07 -2.03407e-06 -2.75632e-06 -1.0472 7.71935e-06 1.57081 -0.00128384
25.309 -1.0472 -1.0472 3.60897e-06 14.2358 1.5354e-07 -2.03397e-06 -2.75619e-06 -1.0472 7.719e-06 1.57081 -0.00128378
25.31 -1.0472 -1.0472 3.60881e-06 14.2358 1.5353e-07 -2.03388e-06 -2.75606e-06 -1.0472 7.71865e-06 1.57081 -0.00128372
25.311 -1.0472 -1.0472 3.60865e-06 14.2358 1.5352e-07 -2.03379e-06 -2.75593e-06 -1.0472 7.7183e-06 1.57081 -0.00128366
25.312 -1.0472 -1.0472 3.60849e-06 14.2358 1.5351e-07 -2.0337e-06 -2.75581e-06 -1.0472 7.71795e-06 1.57081 -0.0012836
25.313 -1.0472 -1.0472 3.60833e-06 14.2358 1.53501e-07 -2.03361e-06 -2.75568e-06 -1.0472 7.7176e-06 1.57081 -0.00128354
25.314 -1.0472 -1.0472 3.60817e-06 14.2358 1.53491e-07 -2.03351e-06 -2.75555e-06 -1.0472 7.71724e-06 1.57081 -0.00128349
25.315 -1.0472 -1.0472 3.60801e-06 14.2358 1.53481e-07 -2.03342e-06 -2.75542e-06 -1.0472 7.71689e-06 1.57081 -0.00128343
25.316 -1.0472 -1.0472 3.60785e-06 14.2358 1.53472e-07 -2.03333e-06 -2.75529e-06 -1.0472 7.71654e-06 1.57081 -0.00128337
25.317 -1.0472 -1.0472 3.60769e-06 14.2358 1.53462e-07 -2.03324e-06 -2.75516e-06 -1.0472 7.71619e-06 1.57081 -0.00128331
25.318 -1.0472 -1.0472 3.60753e-06 14.2358 1.53453e-07 -2.03315e-06 -2.75504e-06 -1.0472 7.71584e-06 1.57081 -0.00128325
25.319 -1.0472 -1.0472 3.60737e-06 14.2358 1.53443e-07 -2.03306e-06 -2.75491e-06 -1.0472 7.71549e-06 1.57081 -0.00128319
25.32 -1.0472 -1.0472 3.6072e-06 14.2358 1.53433e-07 -2.03296e-06 -2.75478e-06 -1.0472 7.71514e-06 1.57081 -0.00128314
